{"type": "FeatureCollection", "features": [{"type": "Feature", "id": 121951, "geometry": {"type": "LineString", "coordinates": [[-60.356597218923255, 45.91029603265577], [-60.35661483609727, 45.91028943785146], [-60.356625862328244, 45.910285057683645], [-60.35663904400519, 45.91027981832967], [-60.3566913690068, 45.9102578165103], [-60.35669258806138, 45.91025685464223], [-60.35679471475253, 45.91020760807492], [-60.356807660015775, 45.910201373143416], [-60.356837087590414, 45.91018990322432], [-60.356894215705914, 45.910162603015365], [-60.35692759970063, 45.910146832265134], [-60.356934194250364, 45.9101437266146], [-60.35694697429926, 45.910132825438794], [-60.35694786702708, 45.91013004685813], [-60.35694999434645, 45.910123264502246], [-60.35695146282525, 45.91011379366546], [-60.356965897923914, 45.910085964321354], [-60.35696807566667, 45.91008164934616], [-60.356968169838915, 45.910078852282844], [-60.35696846345877, 45.91007022732959], [-60.35696834593255, 45.91006727235326], [-60.35696810924042, 45.910061668389204], [-60.35696715623915, 45.91004345575347], [-60.35696642365353, 45.910036076158896], [-60.356966032386644, 45.91003209775858], [-60.3569657115794, 45.91001984927118], [-60.35696579334754, 45.9100121554958], [-60.35696584751074, 45.91000395703776], [-60.35696641003969, 45.910002700947295], [-60.356973317932734, 45.90998756850234], [-60.35698867220339, 45.90997676290471], [-60.3569921276625, 45.9099743226615], [-60.35699895730472, 45.90997061039521], [-60.35701502477861, 45.90996189148053], [-60.357032995578415, 45.9099418756304], [-60.35703847357261, 45.90993431574751], [-60.35704127437184, 45.9099304562293], [-60.35705342497154, 45.90991624618728], [-60.357067768790095, 45.90989956668507], [-60.357085769372894, 45.90987865143768], [-60.357092757008616, 45.909869983391836], [-60.357106350446294, 45.90986041513685], [-60.357132416414686, 45.90983990256317], [-60.35715136945315, 45.909824994868025], [-60.35716102228502, 45.909814507335994], [-60.357165517250095, 45.90980755475117], [-60.35717257766461, 45.909786494308726], [-60.35717538025387, 45.909777981424604], [-60.35717524565586, 45.90977212780168], [-60.357174712269924, 45.909768155113674], [-60.35717422406772, 45.909764588506505], [-60.357166946292075, 45.90974678754528], [-60.35715848110554, 45.909726024848275], [-60.357157080444146, 45.90972022293152], [-60.35715527368691, 45.90971292648743], [-60.357152608381256, 45.9097076893542], [-60.35714949164742, 45.90970164070382], [-60.35714633078244, 45.90969760720707], [-60.35712828623761, 45.90969745961827], [-60.35712673218936, 45.90969787369124], [-60.35710523781688, 45.90970194863121], [-60.35710223255072, 45.90970196908606], [-60.35709145136413, 45.90970200759384], [-60.35708029936941, 45.909692478688676], [-60.35706386816787, 45.90967193665462], [-60.3570583191733, 45.90966361751705], [-60.357050146006266, 45.909651367308804], [-60.35704120067513, 45.90964152943987], [-60.35703465775241, 45.90963974886717], [-60.357023507004364, 45.909636709548735], [-60.357012874782434, 45.909634969342015], [-60.3569992105478, 45.90963272692205], [-60.356989329763195, 45.90963145414394], [-60.35697625813813, 45.90962976548389], [-60.356957280083385, 45.9096221256133], [-60.35694827944682, 45.9096158957704], [-60.356943547899455, 45.90961262698396], [-60.35693830536317, 45.909608986339144], [-60.35692719594757, 45.90960127656221], [-60.35690369521379, 45.909577555616494], [-60.356904577500536, 45.90955898042238], [-60.35691290325204, 45.90954494288941], [-60.35691410870665, 45.90954290961108], [-60.35691674812051, 45.909537561231424], [-60.35692809914003, 45.909514394919164], [-60.35692846978094, 45.90950306251268], [-60.35692693346624, 45.909495502300686], [-60.35691856582313, 45.909488162008365], [-60.356907747065506, 45.90947867680197], [-60.35686165226718, 45.909433866108934], [-60.35684658810476, 45.909419836246855], [-60.35683614061375, 45.90940986458385], [-60.356832773488456, 45.909406645375235], [-60.356819087676, 45.90939345748322], [-60.35680793870265, 45.90937843814378], [-60.35679407502757, 45.90935786549059], [-60.35678917006292, 45.90934603293989], [-60.356785526776896, 45.90933722685282], [-60.356768646470755, 45.909307142551484], [-60.356766728513705, 45.90930300280133], [-60.356758706597816, 45.909285670630524], [-60.35674622947596, 45.90926603914435], [-60.35673020032798, 45.90923676660744], [-60.35671716020639, 45.90921297272557], [-60.35670994009575, 45.90919314789229], [-60.35670798323892, 45.90918276969856], [-60.35670674602596, 45.909176242495775], [-60.356706233086896, 45.909173197359046], [-60.356703528356775, 45.909157662407345], [-60.35669506223187, 45.90914072498465], [-60.35668516579534, 45.909121054218595], [-60.35667657940251, 45.90910556313649], [-60.356675308475246, 45.90910327452137], [-60.35666686816928, 45.90908823685915], [-60.35666383931727, 45.90908305430421], [-60.3566597130889, 45.90907600118715], [-60.35665732669029, 45.909073308718455], [-60.35665126986293, 45.909066453933406], [-60.356638332835885, 45.90905297732494], [-60.356625100797274, 45.90903919686024], [-60.356617837360744, 45.90901757086119], [-60.35660991747353, 45.90896986339985], [-60.35660754957355, 45.9089586386164], [-60.35660540431265, 45.9089484270742], [-60.356602118413484, 45.90892286979637], [-60.356598904803285, 45.908897962248034], [-60.356597591456165, 45.90887865217004], [-60.35659731955341, 45.90887460452457], [-60.35659717710411, 45.908855888599945], [-60.35659731342596, 45.90883428987708], [-60.35659745868736, 45.90882797469013], [-60.356597551257366, 45.908823854474484], [-60.35660047953769, 45.90879749596062], [-60.35661146337955, 45.90878613020507], [-60.356627693499384, 45.908778324187914], [-60.356647948626076, 45.90877807298719], [-60.356662866903555, 45.90877779725638], [-60.356669513133156, 45.908777672076134], [-60.356700634747355, 45.9087706967913], [-60.35673511900549, 45.908762962260205], [-60.356736371179935, 45.90876238819179], [-60.356809859207054, 45.90873374755305], [-60.35684948083177, 45.908718292216534], [-60.35686446222967, 45.90870962919078], [-60.35693809212753, 45.90866876869002], [-60.356963564618376, 45.908656397125355], [-60.35698903667098, 45.908644034545624], [-60.357018411797824, 45.90863066419939], [-60.35703009325333, 45.90862469701747], [-60.35706678939656, 45.90860595161664], [-60.357070090417665, 45.90860431786686], [-60.35708435048497, 45.90859726725939], [-60.35709766016258, 45.90859068069679], [-60.35710191199496, 45.9085885739084], [-60.3571357059409, 45.90856659304203], [-60.35714789532976, 45.90855427404982], [-60.35715754793108, 45.90854378651122], [-60.35718746977475, 45.9085381784483], [-60.35718894145853, 45.908538140501214], [-60.35721303104758, 45.90853750990036], [-60.357246552017834, 45.90853756560111], [-60.35727059620652, 45.90853734797346], [-60.35730550119583, 45.908537039651755], [-60.35731447254623, 45.90853682422929], [-60.3573244768219, 45.908536578705174], [-60.35736326623923, 45.90853619824428], [-60.35740909898864, 45.90853574674021], [-60.357441190402234, 45.90853603932577], [-60.35744708539124, 45.90853625674729], [-60.35746809157351, 45.90853702186788], [-60.357495480182514, 45.908546746442475], [-60.35750916880073, 45.90855444384233], [-60.35751535689716, 45.90856070756814], [-60.35752035118006, 45.908565773566934], [-60.357547825296976, 45.90859026139135], [-60.35756153591856, 45.908596681182836], [-60.35756422291015, 45.90859793146236], [-60.357582763518465, 45.90860663220425], [-60.35763851246668, 45.908632773356324], [-60.35765745364022, 45.90863982721067], [-60.35766144453334, 45.9086413146767], [-60.35769586125873, 45.90864667443146], [-60.35773683135076, 45.90865304988412], [-60.3577404809664, 45.90865303532092], [-60.35775050077632, 45.90865300613762], [-60.3577750642875, 45.9086456537982], [-60.35779627939477, 45.90863930407324], [-60.357813931562305, 45.90863440203991], [-60.357826187697356, 45.908631265318206], [-60.35782713195609, 45.90863038708762], [-60.35785006455444, 45.908609045783784], [-60.35785816698562, 45.9086056779418], [-60.35787558024334, 45.908598475171644], [-60.35789395274532, 45.90859659605372], [-60.357906417161644, 45.90859531830358], [-60.35792332794145, 45.908593810396724], [-60.35794254323498, 45.908592103783555], [-60.35795922263713, 45.90859383980067], [-60.35796470189814, 45.90859819693785]]}, "properties": {"OBJECTID": 121951, "FEAT_CODE": "WALK20", "FEAT_DESC": "Lake - Water to the right line", "RIVNAME_1": "Bonds Meadow Brook", "RIVNAME_2": " ", "ZVALUE": 8.9, "FID": null, "SHAPE_Length": 327.851048314337}}, {"type": "Feature", "id": 121952, "geometry": {"type": "LineString", "coordinates": [[-60.35833741997527, 45.90904256547642], [-60.358337547792864, 45.90904367552941], [-60.35833715987142, 45.909055106549644], [-60.35833027820668, 45.90907322794487], [-60.35831666641603, 45.90908482109761], [-60.35829918795235, 45.90909719787598], [-60.35827370892947, 45.90911514107104], [-60.35825744318087, 45.90912098432722], [-60.358238510787196, 45.90912324658581], [-60.35821300196106, 45.909128236952554], [-60.35819006906871, 45.90913328690577], [-60.35814123593081, 45.90914070792306], [-60.35812358444339, 45.909142333737975], [-60.35811700570455, 45.90914293760584], [-60.358090143454376, 45.90914411630544], [-60.35804165221101, 45.90914433556348], [-60.35800289671897, 45.909143177906834], [-60.35797604646453, 45.90914111657557], [-60.35795049198454, 45.90913620496715], [-60.35794460494484, 45.90912441274998], [-60.35794470579938, 45.90911006783679], [-60.35794470792019, 45.90910839374038], [-60.357944552140715, 45.90908967751028], [-60.35794052201133, 45.90904665053704], [-60.357939145540406, 45.90904006612107], [-60.35793598641305, 45.909025132738876], [-60.35793348384977, 45.90901701013764], [-60.357930218592685, 45.90900648468305], [-60.35792457016035, 45.90899428394916], [-60.35792027831543, 45.90898501285361], [-60.35790784749174, 45.908961683243895], [-60.357896615729416, 45.90894297177409], [-60.35788999003101, 45.908931801519124], [-60.357885512343934, 45.90892427227414], [-60.3578738988298, 45.90890518293737], [-60.357864133801904, 45.90889658627621], [-60.35785435162851, 45.90888807922533], [-60.35784594498789, 45.908885904547255], [-60.35783097473498, 45.908886188231065], [-60.357817288176015, 45.90888659162217], [-60.357806351639034, 45.90889425026559], [-60.35780060951565, 45.90890384725243], [-60.35779978927938, 45.90890455733749], [-60.35778837677145, 45.908914365154104], [-60.3577773982346, 45.90892073571106], [-60.357758543785046, 45.90893167644759], [-60.35774722578771, 45.90893216163636], [-60.357739550948175, 45.90893249709964], [-60.357729671201156, 45.908933105572935], [-60.35772068271054, 45.90893368066283], [-60.35771650430215, 45.90893424103856], [-60.357704317680586, 45.90893591222934], [-60.35769603917825, 45.90894733168649], [-60.3576845106728, 45.90896175420998], [-60.35768246865377, 45.90896429918576], [-60.35767739324298, 45.90897071631545], [-60.35766902691737, 45.908981269663386], [-60.357656715844854, 45.90898800540988], [-60.35765092092751, 45.908988123343796], [-60.357644325764085, 45.90898825876366], [-60.357637253127756, 45.90898813111298], [-60.35762809313412, 45.9089879731638], [-60.35761304955794, 45.9089870850207], [-60.35759673437705, 45.90898310718549], [-60.35758622165958, 45.90897993867279], [-60.35757766679316, 45.90897735550992], [-60.35756728664791, 45.90897546817422], [-60.3575560624238, 45.908973435294854], [-60.35754085148917, 45.90897281329306], [-60.35753585845561, 45.90897260774688], [-60.357529807942, 45.9089753929925], [-60.357520434906895, 45.90897972149529], [-60.35751215920326, 45.90898565052664], [-60.35750852678743, 45.90898747463781], [-60.35750238490376, 45.908990554793476], [-60.357500470674786, 45.90899095153609], [-60.35749143357248, 45.90899282159571], [-60.35748045413277, 45.90899432267997], [-60.3574750942766, 45.908995053724844], [-60.35745094528593, 45.90899584502076], [-60.35743304200079, 45.908996528820666], [-60.357418780597015, 45.90899708987646], [-60.35738535398679, 45.90899775647293], [-60.357367713561764, 45.908997249241445], [-60.35734868156688, 45.90899617875795], [-60.35733843989867, 45.90899517668267], [-60.35730544373819, 45.908991937876706], [-60.35728262036882, 45.908988979485855], [-60.357261008179705, 45.90898793928427], [-60.357235412407775, 45.90898715791885], [-60.357211181025356, 45.908986426125026], [-60.35718565370574, 45.90898637539598], [-60.35715870108536, 45.9089864716908], [-60.35711433524308, 45.90898806414052], [-60.357102387836875, 45.90898849869537], [-60.35707938947514, 45.90898949655811], [-60.35698109599541, 45.90903654590539], [-60.356946861578216, 45.90905150492082], [-60.356936362030496, 45.909057832478425], [-60.356927892854124, 45.90906294691903], [-60.356919558998925, 45.90907009866785], [-60.35691564703311, 45.90907346442444], [-60.35690428978542, 45.90908861989633], [-60.35689210679749, 45.909104872351854], [-60.35684935959933, 45.90912260456259], [-60.35684378821986, 45.9091375609187], [-60.35683940460233, 45.90915357085569], [-60.356837443538154, 45.909172598122396], [-60.356837029547236, 45.90918402853435], [-60.356837045544445, 45.909191292535866], [-60.3568370766926, 45.90919905193111], [-60.35683833457822, 45.9092160025167], [-60.356845948634835, 45.90924517927186], [-60.35685099856082, 45.90925640312237], [-60.35685321552256, 45.909261305857555], [-60.35685629377896, 45.90927332114443], [-60.356857751043144, 45.90927901636603], [-60.35686618454528, 45.90929229870362], [-60.35687774912162, 45.9093039973676], [-60.35688757323487, 45.90930890515977], [-60.356893153551596, 45.90931059145476], [-60.35690651205718, 45.90931465397017], [-60.356921988475555, 45.909317289375515], [-60.35692416222736, 45.909317672716575], [-60.35692772094195, 45.90931794410043], [-60.356937780140505, 45.909318716969615], [-60.35694054635964, 45.909319114023134], [-60.35695813975281, 45.90932169941264], [-60.356982409830934, 45.909323791273685], [-60.35700974817562, 45.90933729512854], [-60.357019615698306, 45.909344004070384], [-60.35702934111933, 45.90935071872328], [-60.35705564671181, 45.90936153443319], [-60.35706198202632, 45.90936415627341], [-60.35707829727611, 45.90936813418642], [-60.35709599086763, 45.909372954067514], [-60.357113762711116, 45.90938155608529], [-60.357123450792045, 45.90938824286358], [-60.35711784210873, 45.90940154222525], [-60.357117179471686, 45.90940246297077], [-60.357104314688186, 45.909420310809026], [-60.357099867251925, 45.909421648003885], [-60.35709021736663, 45.90942664512249], [-60.35708206290973, 45.90944712219198], [-60.35708157205598, 45.909456642659656], [-60.35708370548422, 45.909473892529554], [-60.3570880953106, 45.90947892655553], [-60.35709215916219, 45.90948349399715], [-60.35709393314112, 45.90948523620154], [-60.35710459978742, 45.9094957529597], [-60.35711175160063, 45.909508060533504], [-60.35712152863824, 45.90951667553789], [-60.357136635758096, 45.90952708804325], [-60.35716223800224, 45.90953371108756], [-60.35717997078016, 45.909540422026495], [-60.3571882341561, 45.90954615774732], [-60.3571923289134, 45.90954898874972], [-60.35719940052028, 45.909554840901215], [-60.35720610025333, 45.90956037841948], [-60.357211928206375, 45.909568253966775], [-60.35721989924271, 45.90957905936059], [-60.357225869497434, 45.90959099755288], [-60.357231097501646, 45.909601460440626], [-60.35723537903345, 45.90960931820003], [-60.35724082201478, 45.909619327022554], [-60.35724641422189, 45.90962863723728], [-60.357252054107036, 45.90963802956217], [-60.35726945504328, 45.90964466980193], [-60.357284771170384, 45.90964959664756], [-60.357293201354565, 45.909659422575785], [-60.357294981234446, 45.90966565630351], [-60.357299012845225, 45.90967986282848], [-60.357304965292236, 45.909704122674164], [-60.35731214041996, 45.90972327136839], [-60.35731804558496, 45.909739024380606], [-60.35732183940804, 45.90974846398841], [-60.35732519418324, 45.90975683134352], [-60.35733073404416, 45.9097661583441], [-60.357343580790186, 45.90978778749086], [-60.35734495806372, 45.909792724789], [-60.357366920134965, 45.90983527567352], [-60.35737899814252, 45.90984105465213], [-60.357383248558406, 45.90984305217699], [-60.35739264784686, 45.90984822011754], [-60.35740888298562, 45.90985714655859], [-60.35743327213755, 45.90987031203961], [-60.35745802912973, 45.90987817556647], [-60.357466388297766, 45.90987890904912], [-60.35748141923142, 45.90987979691857], [-60.35751270924107, 45.90988096201539], [-60.357523652422756, 45.90988131424989], [-60.35753604270257, 45.909881060913605], [-60.35754568494765, 45.90988111301898], [-60.3575562811561, 45.909881169196446], [-60.35756132493671, 45.90988139391742], [-60.35756864589043, 45.909881725335815], [-60.35757706285222, 45.90989155993742], [-60.35757860681355, 45.90990493482167], [-60.357578777669154, 45.909906495910334], [-60.35757880535104, 45.90990727061805], [-60.3575788531799, 45.909916038485626], [-60.35757513588435, 45.909920191837024], [-60.35757315167552, 45.9099223331131], [-60.357553053397716, 45.90993284899862], [-60.357546528429225, 45.909935848285656], [-60.35753011727116, 45.90994338922076], [-60.35749329648284, 45.90996935951113], [-60.35747977146384, 45.90998264671786], [-60.357470201628956, 45.90999681751662], [-60.35746416770428, 45.91001581354908], [-60.357460463983635, 45.91002103830377], [-60.35745323073947, 45.91003107780788], [-60.35744753226173, 45.91004246694111], [-60.35744723701748, 45.91004461129562], [-60.357445790327596, 45.91005498272105], [-60.35744723179167, 45.91006725713967], [-60.35745287722581, 45.910081149972825], [-60.35745568425326, 45.91008801951957], [-60.357457107228754, 45.91009199479013], [-60.35746433254855, 45.91011226073191], [-60.35747015382752, 45.91012543757078], [-60.35747048849093, 45.91012626438611], [-60.357471769149655, 45.910129435293676], [-60.35747635154752, 45.910135031808736], [-60.35747882527136, 45.91013805930941], [-60.357485950561156, 45.91014848508146], [-60.35749019381328, 45.91015579289713], [-60.357493102110304, 45.91016080162465], [-60.35749372774383, 45.91016609055955], [-60.357492755197946, 45.910173808726114], [-60.35749160304804, 45.91017607726414], [-60.357490380237024, 45.910177390084286], [-60.35746439765508, 45.91017876900845], [-60.357450644030166, 45.91017840573761], [-60.35744004598702, 45.91017811548765], [-60.357430459053454, 45.910177983646335], [-60.357421116838516, 45.91017785746722], [-60.357403449852335, 45.910177358628], [-60.357387469639136, 45.91017663779735], [-60.357374873641675, 45.910176877356236], [-60.357359928514924, 45.91017771060774], [-60.35735328304195, 45.910178087867784], [-60.357341362632056, 45.91017930614063], [-60.357331774271714, 45.91018029035482], [-60.35730355583014, 45.91018530782091], [-60.357273737750894, 45.91019712885434], [-60.35726960079452, 45.91019898628546], [-60.3572587044218, 45.91020389156599], [-60.35724527724567, 45.91020914331163], [-60.35724109944291, 45.9102107747769], [-60.35722934515561, 45.910216911308886], [-60.35722100099827, 45.91022129059987], [-60.3572138904727, 45.910224672350836], [-60.357204774371006, 45.91022901577419], [-60.35718119584796, 45.91023814593809], [-60.357122939582304, 45.91026069477116], [-60.35710069090137, 45.91026571533645], [-60.3570921799475, 45.910267633544564], [-60.35705875890951, 45.91027631087014], [-60.35705469865526, 45.91027763902259], [-60.357029287940314, 45.91028597968582], [-60.35701447180936, 45.91029278339526], [-60.35699158823506, 45.91030329772287], [-60.356976602999545, 45.91031203268142], [-60.35696766320459, 45.91031592112657], [-60.35696304198433, 45.91031792935238], [-60.35694552371109, 45.91032841483677], [-60.35692394809071, 45.91033989550466], [-60.356911632780005, 45.910346712078955], [-60.35691031495802, 45.91034758165554], [-60.35684865419855, 45.910397008888395], [-60.35684754984974, 45.910398270438854], [-60.35683240448645, 45.91041580443561], [-60.35681764045549, 45.91043372528951]]}, "properties": {"OBJECTID": 121952, "FEAT_CODE": "WALK20", "FEAT_DESC": "Lake - Water to the right line", "RIVNAME_1": "Bonds Meadow Brook", "RIVNAME_2": " ", "ZVALUE": 8.9, "FID": null, "SHAPE_Length": 373.2132741092872}}, {"type": "Feature", "id": 121953, "geometry": {"type": "LineString", "coordinates": [[-60.35796470189814, 45.90859819693785], [-60.3579763702268, 45.90860744067818], [-60.35797699158139, 45.90860793209537], [-60.35801599323085, 45.90864870790091], [-60.35803423581357, 45.90866776157494], [-60.358037497332795, 45.908688142797494], [-60.35805135925832, 45.908709030287945], [-60.35806700614867, 45.90873251529455], [-60.358067796587704, 45.908740580281126], [-60.35806863527869, 45.90874925843724], [-60.358069110758805, 45.90876259959644], [-60.35806928871331, 45.90876808518999], [-60.358055741971825, 45.908785098288014], [-60.3580383394985, 45.90880673859006], [-60.35803533857426, 45.90881617398828], [-60.35803393945888, 45.90883668140439], [-60.35803358535583, 45.90884169564858], [-60.35803301064966, 45.90885950390152], [-60.35803748743621, 45.90890290123747], [-60.3580464835611, 45.908974134540045], [-60.35805146280072, 45.90898196340727], [-60.3580550293832, 45.90898750039556], [-60.35810543319126, 45.90900945830246], [-60.35811304111819, 45.90901243355437], [-60.35812961076838, 45.90901892842094], [-60.358191840141544, 45.909017217789625], [-60.35819413222024, 45.909017009792265], [-60.35820673285325, 45.90901585217071], [-60.3582206240879, 45.909014940423205], [-60.35822703929131, 45.90901452178259], [-60.35823676135587, 45.90901343257696], [-60.35825698338564, 45.909011164149504], [-60.35826420985725, 45.90901022422744], [-60.358276302130214, 45.909008910825484], [-60.358307668002034, 45.90900819629649], [-60.358321317681906, 45.90901400253305], [-60.35833379764979, 45.909028152436406], [-60.35833556432348, 45.90903439484359], [-60.35833706542021, 45.909039713027404], [-60.35833741997527, 45.90904256547642]]}, "properties": {"OBJECTID": 121953, "FEAT_CODE": "WALK20", "FEAT_DESC": "Lake - Water to the right line", "RIVNAME_1": "Bonds Meadow Brook", "RIVNAME_2": " ", "ZVALUE": 8.9, "FID": null, "SHAPE_Length": 71.71444249132966}}, {"type": "Feature", "id": 122003, "geometry": {"type": "LineString", "coordinates": [[-60.357178657908264, 45.911262411991586], [-60.357162407612684, 45.911281216571055], [-60.3571455622554, 45.91130006138116], [-60.357144432133964, 45.91130132233789], [-60.35713086799903, 45.91131270943163], [-60.35711471928039, 45.91132421672288], [-60.357113715259594, 45.911324994555635], [-60.35708568457568, 45.91134640673266], [-60.3570752701699, 45.91135663360965], [-60.357072159539, 45.91135968488793], [-60.35706512584051, 45.911372033183724], [-60.35706257898566, 45.91137868882076], [-60.357062227155694, 45.91137958075596], [-60.35706209521184, 45.911380729802005], [-60.357060998564364, 45.91139377355291], [-60.35706152430367, 45.91140143638312], [-60.35706166934854, 45.91141467088576], [-60.357063085949875, 45.911430725058906], [-60.357066288889996, 45.91143441750103], [-60.35707155321381, 45.911440317838675], [-60.35707737546725, 45.91144370186972], [-60.35708786617106, 45.911449786170664], [-60.357110799290254, 45.91145832762128], [-60.35711200326683, 45.91145876952147], [-60.35713386121886, 45.91146687204834], [-60.35714758382981, 45.91148744138862], [-60.357160364341155, 45.911499069151795], [-60.357164022300836, 45.911502412090556], [-60.35720460041047, 45.911505952412654], [-60.35722615736667, 45.91150546121249], [-60.35723724326209, 45.91150525872839], [-60.357247838854725, 45.91150506289801], [-60.35730545591329, 45.91150278696722], [-60.3573271369734, 45.911502397628546], [-60.35734337033309, 45.911502683287], [-60.357351402381695, 45.911507594569834], [-60.35736692757832, 45.91151708963567], [-60.35737270513765, 45.91152847430999], [-60.35737313437904, 45.91152975335305], [-60.35737586324986, 45.91153799821087], [-60.35738301920927, 45.911550224852654], [-60.35738482675916, 45.91155696326119], [-60.3573843392284, 45.911557726046155], [-60.35737342037044, 45.91156798628032], [-60.357360314988654, 45.91158030209655], [-60.35734808155217, 45.911590819932], [-60.357343905137554, 45.911593234500764], [-60.35733309985776, 45.91159947401116], [-60.357323126729824, 45.91160773995169], [-60.35731820068798, 45.91161182031754], [-60.35729762615459, 45.911624476321336], [-60.35729164998499, 45.91162704725547], [-60.35728392273563, 45.911630378735055], [-60.35728078094581, 45.911630828072695], [-60.35727691188312, 45.9116313865905], [-60.35726148986367, 45.91163247881654], [-60.35726061016283, 45.911632539465266], [-60.3572587212534, 45.91163158667292], [-60.35725634936911, 45.91163075771507], [-60.35724236150863, 45.91162581660316], [-60.35722733719317, 45.91161907834982], [-60.357223349379744, 45.9116169788878], [-60.35721626732736, 45.91161324168118], [-60.35721448544333, 45.91161275040467], [-60.35721348526177, 45.91161344732011], [-60.35721287099148, 45.91161389214399], [-60.35720981935265, 45.91161597270702], [-60.3571988779109, 45.911623721184434], [-60.357197225094595, 45.91162594212915], [-60.35719537381142, 45.91162772644338], [-60.35719019854393, 45.911632710114596], [-60.35718091365145, 45.9116427741247], [-60.35717538185373, 45.91164874863057], [-60.35716501833565, 45.91166170392913], [-60.357161810477386, 45.911665716042954], [-60.3571580896605, 45.91168188533848], [-60.357157838366014, 45.911684732769686], [-60.35715688641697, 45.91169608772325], [-60.35715719096292, 45.91170840783709], [-60.357162017146365, 45.9117183753832], [-60.35716245348023, 45.91172221981317], [-60.35716443230761, 45.91172725204098], [-60.357165601766816, 45.91181095034679], [-60.35716589064661, 45.911815727445166], [-60.357166477374186, 45.911825092833084], [-60.35716805824047, 45.91183361715366], [-60.35716840734613, 45.91183549739504], [-60.35716908002952, 45.91183680907515], [-60.357180411409715, 45.911857773108785], [-60.35718752396835, 45.91186819860213], [-60.35719201637607, 45.91188410793694], [-60.357190235565966, 45.911919700806976], [-60.35717144787251, 45.91194604332079], [-60.35714686278362, 45.91197417782759], [-60.35714608547262, 45.911975068916725], [-60.357136717443424, 45.91200452767678], [-60.357137254091356, 45.912019562396154], [-60.35713901770488, 45.912061159806804], [-60.35714040736262, 45.91209434183548], [-60.3571419179463, 45.91210841800987], [-60.357144780294476, 45.91212661182191], [-60.357148454562754, 45.91214997286956], [-60.357148686974384, 45.91215050929425], [-60.35715566987698, 45.91216420807177], [-60.357160433277855, 45.91217196897358], [-60.35716548402982, 45.91218019556504], [-60.35718192926375, 45.91220235804109], [-60.3571934783021, 45.9122179266425], [-60.357195484334895, 45.912231888271116], [-60.357196226625796, 45.91224177930365], [-60.35719660018915, 45.91224694539495], [-60.35719783797093, 45.912258621047826], [-60.35719971182976, 45.91227617992873], [-60.357201275522954, 45.91228968128124], [-60.35720144637226, 45.912291242369804], [-60.357210447991555, 45.9123213512772], [-60.35721080122098, 45.91232423070012], [-60.357212195845314, 45.912336405025286], [-60.35721533139614, 45.912376810077305], [-60.35721787727993, 45.912409811843744], [-60.35721870162506, 45.91241987578962], [-60.35721933776195, 45.91242765818299], [-60.35722253170373, 45.91244457255489], [-60.35722729063107, 45.912474961306]]}, "properties": {"OBJECTID": 122003, "FEAT_CODE": "WALK20", "FEAT_DESC": "Lake - Water to the right line", "RIVNAME_1": "Bonds Meadow Brook", "RIVNAME_2": " ", "ZVALUE": 8.9, "FID": null, "SHAPE_Length": 171.31506141076483}}, {"type": "Feature", "id": 122004, "geometry": {"type": "LineString", "coordinates": [[-60.35706441264816, 45.912474819093134], [-60.357065686069355, 45.91247135626326], [-60.357066222367116, 45.91246983854304], [-60.35707510713295, 45.91244567006422], [-60.35708014117513, 45.91243198837851], [-60.35707997236728, 45.91241138169051], [-60.35707980093682, 45.91240413209654], [-60.35707950317563, 45.91239139810488], [-60.357078485085395, 45.912380798628], [-60.35707760048136, 45.91237173237279], [-60.35707171705255, 45.912349274277446], [-60.35707121088523, 45.91234092784212], [-60.357070208373365, 45.91232402818086], [-60.35703054413937, 45.91219808037609], [-60.35702733610543, 45.91218119267432], [-60.35702628821691, 45.91217665003091], [-60.357022737163625, 45.91216155454568], [-60.35701198108753, 45.912125221481894], [-60.3570036365522, 45.91209702692999], [-60.356995101632, 45.912078269787706], [-60.356993022637525, 45.9120710030458], [-60.35698924450006, 45.91205770245926], [-60.356984626571425, 45.9120324924073], [-60.356980989866656, 45.911997755239014], [-60.35697891929349, 45.911976195455104], [-60.3569776398443, 45.91196594095797], [-60.3569756454225, 45.91195010743167], [-60.35697485452305, 45.91193798307906], [-60.35697390858332, 45.91192396497452], [-60.35697308667482, 45.911897834692354], [-60.356973304989765, 45.91187993719614], [-60.356972601368895, 45.9118648896103], [-60.3569720527945, 45.91184494918927], [-60.35697203373086, 45.91184426468886], [-60.35697077151, 45.911827404018496], [-60.35696904464572, 45.91180675226683], [-60.356968124994964, 45.911796524098364], [-60.356967098613175, 45.911785285372375], [-60.356964621011194, 45.91177555219126], [-60.35696253022702, 45.91176744810315], [-60.356961782749984, 45.911760653216305], [-60.3569605421709, 45.91174958054741], [-60.356948298290675, 45.911700323924684], [-60.356937059255884, 45.911655158909696], [-60.3569359435254, 45.91164200094923], [-60.35693531482853, 45.91163460575908], [-60.356933283396806, 45.91161493704275], [-60.3569325703139, 45.9116066038184], [-60.356929628472486, 45.91157244077738], [-60.35692837327499, 45.91156466205469], [-60.35692763282139, 45.91156016252869], [-60.35692686800507, 45.91155780462425], [-60.356924487665616, 45.911550638915195], [-60.35690647037137, 45.91149045672499], [-60.356905012862875, 45.91147716484243], [-60.356904925487335, 45.91147628974449], [-60.356904823439585, 45.911464865393555], [-60.356914936082326, 45.91144443366478], [-60.3569201863562, 45.911433799252485], [-60.35692578675215, 45.91142230886877], [-60.356940629686314, 45.911408161155826], [-60.3569485022889, 45.911393897116604], [-60.35694895502703, 45.91139305252118], [-60.3569500402628, 45.91139083644488], [-60.35695594493867, 45.911378912064], [-60.35696188299137, 45.911366556417875], [-60.356964115231094, 45.911361909675925], [-60.35696795983809, 45.91135127873046], [-60.35696856864154, 45.91134959167381], [-60.35696892523872, 45.91134887086405], [-60.356972847379936, 45.91134095094754], [-60.356974227499265, 45.9113197680528], [-60.356974326287826, 45.911318231205954], [-60.356973151275604, 45.91130496386383], [-60.356971756242004, 45.911290899360715], [-60.3569703784784, 45.91127891443735], [-60.35697002263508, 45.911275818934016], [-60.35696828860185, 45.91126074749818], [-60.356962491043454, 45.91125304365879]]}, "properties": {"OBJECTID": 122004, "FEAT_CODE": "WALK20", "FEAT_DESC": "Lake - Water to the right line", "RIVNAME_1": "Bonds Meadow Brook", "RIVNAME_2": " ", "ZVALUE": 8.9, "FID": null, "SHAPE_Length": 138.3541714403616}}, {"type": "Feature", "id": 124977, "geometry": {"type": "LineString", "coordinates": [[-60.35681764045549, 45.91043372528951], [-60.356811190629735, 45.910445727054324], [-60.35680802321482, 45.910451603256526], [-60.35679986848785, 45.91047208029704], [-60.356799361313634, 45.91047325666084], [-60.35679287272759, 45.91048824578658], [-60.35679142149355, 45.91049300961179], [-60.3567872415685, 45.91050690007448], [-60.356784212749915, 45.9105296739491], [-60.356781137172646, 45.910531987967126], [-60.356768808494444, 45.91053881321725], [-60.35676044503559, 45.91053843961558], [-60.356745474338375, 45.91053872314718], [-60.356688701843, 45.910547669920184], [-60.356688026857185, 45.910554278870556], [-60.35668775320313, 45.91055705377739], [-60.35668479976153, 45.91057579704439], [-60.35668674150116, 45.91059952304401], [-60.35668644258079, 45.910602558388604], [-60.35668604765478, 45.91060625756868], [-60.356683159146975, 45.91061331932551], [-60.35668167369012, 45.91061690325485], [-60.35666111932776, 45.91064243972897], [-60.356655462663944, 45.91065022947766], [-60.35665447143646, 45.91065236672042], [-60.35665347144007, 45.910655502846815], [-60.35665145728556, 45.91066180177411], [-60.3566499311972, 45.91066949811915], [-60.356645951109705, 45.91068786658999], [-60.35664616732104, 45.91069064383514], [-60.35664642480192, 45.91069363805432], [-60.35664745982346, 45.91069845042782], [-60.356648307423804, 45.910702322381795], [-60.35665686987627, 45.91071560771692], [-60.3566598313791, 45.910718952552585], [-60.35666127605317, 45.910720570130614], [-60.35666973844138, 45.91072157608411], [-60.35669391942295, 45.910725556106826], [-60.356726098848796, 45.91072945124113], [-60.35673987756995, 45.91073526065213], [-60.356747025668234, 45.91075307663813], [-60.35675684459629, 45.91076895627137], [-60.356770613211616, 45.910785836404386], [-60.35679949833306, 45.9108186377782], [-60.356804017530436, 45.910829093278196], [-60.356808549609475, 45.91083954907616], [-60.35681111571314, 45.910846332054604], [-60.35681611087176, 45.91085952580716], [-60.356818458959296, 45.910864926619816], [-60.356820655835406, 45.91086998190283], [-60.356826466643454, 45.91087767705581], [-60.35684453495259, 45.91088547590495], [-60.35686356757881, 45.910886546486005], [-60.35687339031612, 45.910886602825634], [-60.35688380639144, 45.910886654896004], [-60.35689101624828, 45.910886884777675], [-60.35690544926933, 45.91088733584687], [-60.35691684392141, 45.910889588752546], [-60.35692038223692, 45.91089029170171], [-60.35693948951208, 45.91089793456732], [-60.35695971329433, 45.910906503349196], [-60.35697045446737, 45.91091029825973], [-60.356976059492595, 45.91091228214766], [-60.35699115061876, 45.910912451411974], [-60.35701536877332, 45.910910221688404], [-60.35703203704316, 45.91090949136827], [-60.35703446533278, 45.910909403556815], [-60.35704918720656, 45.910909474259554], [-60.357068168601124, 45.910911623714334], [-60.357075190784144, 45.91091499051306], [-60.357085944764464, 45.910920144826896], [-60.3571174008695, 45.91094741613722], [-60.357121819088604, 45.91094886850739], [-60.357132381599115, 45.91095235324122], [-60.35715659191804, 45.91095300355591], [-60.35717555128817, 45.91095290228809], [-60.35717872363629, 45.91095289469879], [-60.35718922127642, 45.91095285862109], [-60.35721346995923, 45.91095242971796], [-60.35724743506564, 45.910954295850885], [-60.357249394094566, 45.91095920160868], [-60.357251025890676, 45.91097045434408], [-60.357253095838246, 45.91097926900719], [-60.35725412437218, 45.91098367618969], [-60.357254796157804, 45.910991522414875], [-60.35725561018203, 45.91100153211895], [-60.35726016615765, 45.911019360090286], [-60.35727059173285, 45.911057764667916], [-60.3572722690776, 45.911069144467874], [-60.35727311421642, 45.911076598670334], [-60.35727334960567, 45.91107870129943], [-60.35727502134777, 45.91108666967414], [-60.3572532803748, 45.911127147089104], [-60.35725185531062, 45.911138419089056], [-60.35724759476612, 45.91114912142555], [-60.35723842531477, 45.9111719602188], [-60.3572298843023, 45.911191069230625], [-60.35722626321916, 45.91119916713814], [-60.357220620960184, 45.91121615604437], [-60.357215025024495, 45.91123298400829], [-60.35720595377831, 45.91124045173994], [-60.35719875059237, 45.91124632456119], [-60.357178657908264, 45.911262411991586]]}, "properties": {"OBJECTID": 124977, "FEAT_CODE": "WALK20", "FEAT_DESC": "Lake - Water to the right line", "RIVNAME_1": "Bonds Meadow Brook", "RIVNAME_2": " ", "ZVALUE": 8.9, "FID": null, "SHAPE_Length": 134.46166486870277}}, {"type": "Feature", "id": 125081, "geometry": {"type": "LineString", "coordinates": [[-60.356962491043454, 45.91125304365879], [-60.3569587649175, 45.91125167930723], [-60.35695143634301, 45.91124906147561], [-60.356940409966946, 45.91124502594223], [-60.35693805709919, 45.911244611453675], [-60.356933390004265, 45.91124378337078], [-60.35692491892194, 45.911242687228025], [-60.35691126594666, 45.911242371226], [-60.3568960929565, 45.91124310913523], [-60.356894981418584, 45.91124316441516], [-60.3568933624293, 45.91124331595924], [-60.35688008808354, 45.91124452984882], [-60.356873788313095, 45.91124577015662], [-60.35686899716238, 45.91124673935567], [-60.356860187971556, 45.91125846149332], [-60.3568511165432, 45.91127054659252], [-60.35684740326316, 45.91128275571031], [-60.35684682284734, 45.91128465944211], [-60.35683853661023, 45.91130165913834], [-60.356832798325854, 45.911311166154896], [-60.35681798247865, 45.91132718664312], [-60.35681696856322, 45.91132790123877], [-60.35680840265589, 45.9113339585123], [-60.356798709023046, 45.911337154436914], [-60.35676342427281, 45.91134704864665], [-60.356749771273726, 45.911346732624786], [-60.35674014103026, 45.91134587966089], [-60.35673546199605, 45.91134367417428], [-60.35673169068883, 45.91134190373444], [-60.35672193660261, 45.91133334323512], [-60.356712161399585, 45.91131925576748], [-60.35671134691694, 45.91131740075554], [-60.35670632773652, 45.9113060696046], [-60.35670571782348, 45.91129637964876], [-60.356705439795505, 45.9112919178273], [-60.35670528152715, 45.911278692018556], [-60.356705050095385, 45.91127514935518], [-60.35670476053559, 45.911270930287806], [-60.35670423117716, 45.91126578759026], [-60.35670387827157, 45.91126235912524], [-60.35670057154138, 45.91124510909613], [-60.35669738055424, 45.91123926573392], [-60.356695373250695, 45.91123863421973], [-60.35669305895887, 45.911237950595655], [-60.35668276263654, 45.91123456199065], [-60.356681572469554, 45.911234372427394], [-60.3566691950886, 45.91123244778112], [-60.356658079043285, 45.911230300308546], [-60.35664135185378, 45.911229283059], [-60.35663805068891, 45.911229287651544], [-60.356630274983324, 45.91122929667763], [-60.356616716646414, 45.911229702893394], [-60.3565978651239, 45.91123051762652], [-60.35656643343383, 45.911232319257564], [-60.3565559958726, 45.91123244667653], [-60.35654875771642, 45.911232540146734], [-60.35653655948371, 45.91123281582334], [-60.35652720086583, 45.911233031221165], [-60.35648534889268, 45.911231882378544], [-60.35647160030905, 45.91123032200303], [-60.356466367416246, 45.911229732825085], [-60.35644477514701, 45.911225812681934], [-60.356425822853815, 45.91122006348538], [-60.35642288726323, 45.91121915845507], [-60.35640675891482, 45.9112142216933], [-60.356393121795506, 45.91120841552062], [-60.356378041448735, 45.91119987570163], [-60.35635889802219, 45.91118485126592], [-60.3563565187786, 45.911183635085365], [-60.35633864374985, 45.911174481516014], [-60.3563175103851, 45.911163074322886], [-60.35631426633519, 45.91116133407701], [-60.35630730400173, 45.91115860767244], [-60.35628993488925, 45.91115183301281], [-60.35626578815164, 45.91114984287003], [-60.35624834976646, 45.911147783009], [-60.35624014278957, 45.91114682794135], [-60.35621593283295, 45.91114616843984], [-60.356208264453166, 45.911146089914084], [-60.35618642023496, 45.91114584520791], [-60.35617047889944, 45.91114538612989], [-60.35615420268078, 45.91114491929645], [-60.35612468536358, 45.91114279578328], [-60.35609249286944, 45.9111389001772], [-60.35607935665117, 45.91113774996647], [-60.35605897825404, 45.91113596403699], [-60.35603208874779, 45.91113498143466], [-60.35601187499549, 45.91113407238444], [-60.355992821373704, 45.911133442213476], [-60.35598217377807, 45.91113310567711], [-60.35597130722039, 45.91113276406999], [-60.355948298846194, 45.911131511278775], [-60.35593546375025, 45.911129179920614], [-60.35592669377553, 45.911127590740975], [-60.355917156421455, 45.91112532673578], [-60.35590246932849, 45.91112180939355], [-60.355891956679955, 45.91111836170347], [-60.3558821430404, 45.91111512821468], [-60.355863074925615, 45.9111093762426], [-60.35583866319844, 45.911101295346285], [-60.35578613089666, 45.91108394956367], [-60.35577919599678, 45.9110790185709], [-60.35577357170155, 45.91107527002503], [-60.35575386720734, 45.91106337376779], [-60.35573745199109, 45.91105579303995], [-60.35571852986625, 45.91104995441629], [-60.355704507740555, 45.9110441122435], [-60.35569817316011, 45.9110414723441], [-60.35568777885246, 45.911040961629745], [-60.35568453733847, 45.91104079656114], [-60.355681109583244, 45.91104102321413], [-60.355673542248695, 45.91104153204292], [-60.355654202155165, 45.91104964394005], [-60.35564116347157, 45.91105431044131], [-60.355637936427875, 45.91105546882115], [-60.355626912042624, 45.91105953390873], [-60.35562568922503, 45.91105921756745], [-60.35562500139016, 45.91105903962546], [-60.35561649027961, 45.91104033693246], [-60.35561215266198, 45.91103447598811], [-60.35561079597394, 45.91103263541482], [-60.35560097429381, 45.91102224609528], [-60.355583938172785, 45.91101036659568], [-60.355580642939294, 45.911008076095996], [-60.35556163544629, 45.91100050731955], [-60.355553241526316, 45.91099670362677], [-60.35553853489401, 45.9109900715151], [-60.3555305847599, 45.91098561203982], [-60.355496612811976, 45.91096652674439], [-60.35547231980989, 45.91095893456087], [-60.35544929785245, 45.91095227188528], [-60.355372373272445, 45.91093322692976], [-60.35531368526977, 45.91091870862709], [-60.3552973001916, 45.910911038525775], [-60.355284685065804, 45.9109051658811], [-60.3552810267653, 45.9109034610157], [-60.35526724773615, 45.910897660422066], [-60.35525047706348, 45.91088969335873], [-60.35523930972711, 45.91087831875971], [-60.35523704791226, 45.91087598917855], [-60.35522824372639, 45.91086698250962], [-60.355215855169334, 45.910856614714376], [-60.35520757893444, 45.910850878553816], [-60.35520350994857, 45.910848048077554], [-60.35518968113055, 45.91084221031822], [-60.35517727662468, 45.91083733262547], [-60.35516623204017, 45.91083151434377], [-60.35516414822504, 45.91083032298208], [-60.355151268763734, 45.91082295907156], [-60.355138470432344, 45.910815516031576], [-60.355134831800626, 45.91081339758111], [-60.35512973589569, 45.910810741334956], [-60.35511321585454, 45.91080211399836], [-60.355088880078576, 45.91079271158524], [-60.355065026709674, 45.91078645261184], [-60.35506328180295, 45.91078599816119], [-60.35504421389026, 45.91078024605631], [-60.35502911263444, 45.91077866317713], [-60.355015602521064, 45.9107772431609], [-60.35500739787814, 45.9107767831014], [-60.35499656998149, 45.91077617227331], [-60.35498699529513, 45.910775509464344], [-60.35497898855452, 45.91077495497806], [-60.35496014812824, 45.91077282644206], [-60.354939750753395, 45.91076981576652], [-60.35491675895683, 45.91076496283858], [-60.35490477603746, 45.91076179602878], [-60.35489512366708, 45.91075924124875], [-60.35486956875293, 45.91075432894165], [-60.3548536383337, 45.91075011660668], [-60.3548479205925, 45.910748607044724], [-60.354832893698294, 45.910747358890895], [-60.35481528652507, 45.910746140974], [-60.35479767935272, 45.91074492305441], [-60.354786563484375, 45.9107427754031], [-60.35478221081069, 45.91073424984694], [-60.35478017704053, 45.91072007151081], [-60.354778474050704, 45.910706800914895], [-60.3547776414592, 45.9107042434085], [-60.35477532930728, 45.91069727724998], [-60.35477391159293, 45.91069699238804], [-60.35476956487051, 45.91069620764069], [-60.354759827347564, 45.910694901985195], [-60.35474622160376, 45.91069386675536], [-60.35473118141973, 45.91069262728103], [-60.35472921761607, 45.91069243777804], [-60.35470961608322, 45.91069058859568], [-60.35469063487237, 45.91068843875228], [-60.35466775144396, 45.910682121157066], [-60.354655380390405, 45.91067871130953], [-60.35463631255921, 45.91067295913816], [-60.35461204941609, 45.91066528645542], [-60.35458904481386, 45.91066043316459], [-60.35457014486369, 45.910654675870425], [-60.35455739987506, 45.91065126635047], [-60.35454847486194, 45.91064887240348], [-60.354529518302726, 45.91064132263573], [-60.35451177691246, 45.91063452107843], [-60.354490128837924, 45.910628799115365], [-60.35447778847233, 45.91062420185636], [-60.354467196480954, 45.91062025715336], [-60.354448690427496, 45.910613266856544], [-60.35441462935884, 45.910600407712764], [-60.35439903408463, 45.910592944795745], [-60.35439668109791, 45.91059172018161], [-60.35438717787578, 45.910581419141366], [-60.354374724323065, 45.910569168585], [-60.354368917905056, 45.91055596492992], [-60.35436563472014, 45.91054094756956], [-60.35435855644231, 45.910526832371296], [-60.354354054327004, 45.910519824468196], [-60.35435003150351, 45.91051358373468], [-60.35434488615313, 45.91050817206867], [-60.35433494113263, 45.91049767177199], [-60.35432240570509, 45.910481719991786], [-60.35431131382224, 45.910468492888036], [-60.3543092666365, 45.91046571822178], [-60.35429748943064, 45.91044982000849], [-60.35428244097955, 45.91042462020362], [-60.35426992163191, 45.91040317831341], [-60.3542658920266, 45.91039518226732], [-60.35426002585766, 45.91038350735481], [-60.35425284232187, 45.910358318749864], [-60.35424694733674, 45.910335860232905], [-60.35424365833404, 45.91031527125003], [-60.354239366989056, 45.910301661651886], [-60.35423773019128, 45.910296493283816], [-60.35423062155397, 45.91028057721736], [-60.35422214272716, 45.910263648319386], [-60.35421781275119, 45.91025003782528], [-60.35421619744159, 45.91024495996253], [-60.35421577804926, 45.910232628175756], [-60.354215502016864, 45.91022433206058], [-60.35421566860923, 45.91019913373206], [-60.35421585903825, 45.91019187451339], [-60.3542162648978, 45.910175745515396], [-60.35421724025725, 45.91016065580122], [-60.35422000993252, 45.910146336722775], [-60.354220148453486, 45.9101455928673], [-60.35422749460775, 45.91013264893111], [-60.35423239275446, 45.91012400465521], [-60.35424983657133, 45.91010424705649], [-60.35425357160961, 45.91010162435719], [-60.35426344427676, 45.91009466146894], [-60.3542835896791, 45.91008045693375], [-60.35428956622266, 45.91007570797622], [-60.35430382526901, 45.91006435531955], [-60.35432014237334, 45.910054463465116], [-60.35432267851778, 45.9100529200836], [-60.35435073561807, 45.91003502849896], [-60.35435739591742, 45.910031627494696], [-60.354369632580045, 45.910025385423545], [-60.354372652711035, 45.91002451031081], [-60.35437394705288, 45.910024135262475], [-60.354375015913355, 45.91002334995509], [-60.35449835267643, 45.90997333671594], [-60.35451873512487, 45.90997014558678], [-60.354530515858244, 45.90996617013391], [-60.3545389158859, 45.909963331467374], [-60.3545634240285, 45.90993302654341], [-60.354564917237354, 45.90992901078321], [-60.35456790404997, 45.90992693778948], [-60.35457331791446, 45.90992317486884], [-60.35458867483929, 45.90992290056983], [-60.35459314431325, 45.909923814178846], [-60.354597613787355, 45.90992472778767], [-60.35460337979383, 45.909925491415656], [-60.35461602315138, 45.90993429004499], [-60.35462010449407, 45.90993712982975], [-60.3546338363464, 45.90994662873123], [-60.35464008546564, 45.90994997777242], [-60.35464628392109, 45.90995330763808], [-60.35466264246839, 45.909959087055704], [-60.354678965678495, 45.909960185245886], [-60.3546853639124, 45.90996012644255], [-60.35468735040052, 45.90996010945387], [-60.354703659006965, 45.90995310659865], [-60.35472117819943, 45.90994559173694], [-60.3547229485398, 45.90994062831149], [-60.35472310106701, 45.90993714854217], [-60.35472359041609, 45.9099246847942], [-60.35472391741658, 45.90991997595937], [-60.35472482778018, 45.90990679290064], [-60.35472856523229, 45.90990357619008], [-60.35473706131556, 45.90989627534624], [-60.35474478182231, 45.90989199880029], [-60.35474937720748, 45.909889450018824], [-60.35477891866266, 45.909889423261625], [-60.354781239712246, 45.90988996306879], [-60.354815108764896, 45.90989790323017], [-60.35484734375995, 45.90990360033948], [-60.354907711720216, 45.90990580872609], [-60.35493232557177, 45.909906639875594], [-60.354941182197685, 45.90990694402755], [-60.354978658894474, 45.909910872347176], [-60.35505176584676, 45.909919055214814], [-60.35508009818265, 45.90992222265417], [-60.35509078765532, 45.90992275826228], [-60.35512009032757, 45.90992422901668], [-60.355161611083034, 45.90992717084707], [-60.355208814643184, 45.90993506869698], [-60.355218101738906, 45.909936624905114], [-60.3552246771102, 45.909937722274115], [-60.35524494667669, 45.90994260210197], [-60.35525695629769, 45.90994683158725], [-60.355283004272515, 45.90995601259738], [-60.35530192683607, 45.90996183330336], [-60.35534005177291, 45.909984408134875], [-60.35535103565567, 45.90999204315273], [-60.35535301848138, 45.909992917145004], [-60.35535810736601, 45.90999517718462], [-60.35537243337178, 45.909996247023784], [-60.355391256219825, 45.90999765502263], [-60.355403957837886, 45.90999953331257], [-60.355404956484946, 45.90999968245079], [-60.355427845403234, 45.91000642306282], [-60.35544601120136, 45.910014602425655], [-60.35545082100776, 45.910016765990335], [-60.355457049737666, 45.910022715740325], [-60.35546463543395, 45.9100299570241], [-60.35547836013616, 45.91004503614245], [-60.35548034505359, 45.910062687637556], [-60.35547972090949, 45.910078262537084], [-60.35547950824237, 45.910083280048184], [-60.35547955030164, 45.91008510818082], [-60.35547977512584, 45.91009394315383], [-60.35548099175851, 45.9100973736239], [-60.35548750795788, 45.91011572410529], [-60.35549814981258, 45.91012947171944], [-60.35550269343, 45.91013533743945], [-60.35551234237377, 45.91014393161332], [-60.35551740539614, 45.910145650999944], [-60.35555713331276, 45.91015919009163], [-60.35557603685771, 45.910160257898895], [-60.355588804453056, 45.910165089952244], [-60.35559376962963, 45.91016696908373], [-60.35561328262212, 45.910187771709495], [-60.35563900689088, 45.91019996940427], [-60.35566101996272, 45.91020614964073], [-60.35566290922355, 45.910207093467186], [-60.35566739204501, 45.91022292163752], [-60.35565881712685, 45.91025304670576], [-60.35566045105841, 45.910256378827555], [-60.35566328588343, 45.910261844940386], [-60.355672420834125, 45.91026986014909], [-60.355673051647564, 45.910270423803986], [-60.35567392766905, 45.910271254159646], [-60.355680210106655, 45.910277160136935], [-60.35573493852949, 45.91034107286064], [-60.355768563838204, 45.91036066310511], [-60.355810141191, 45.91038385776641], [-60.355835323442584, 45.9104001382213], [-60.35585129863088, 45.91041046298626], [-60.35585954996527, 45.910416180522304], [-60.35586365674038, 45.91041902985191], [-60.35587255517811, 45.91042334024701], [-60.35588142871173, 45.910427632063225], [-60.35589356228646, 45.91043251240727], [-60.35590040688062, 45.91043527211446], [-60.355902213984386, 45.91043550297295], [-60.355923346673826, 45.91043823347631], [-60.35594752747266, 45.910442213653475], [-60.355956589417886, 45.91044254048191], [-60.35597442952217, 45.910443196566725], [-60.355999991673826, 45.91044252830998], [-60.35600958797906, 45.91044219244786], [-60.35602156103416, 45.910441767601775], [-60.356027601676686, 45.91044163743821], [-60.35604582664393, 45.9104412493313], [-60.356056512619986, 45.9104410467037], [-60.356067378915576, 45.91044084825], [-60.35607235316864, 45.91044280857769], [-60.35607978298977, 45.91044573483698], [-60.35609084994214, 45.91045705302546], [-60.35610728441231, 45.91047209579629], [-60.35611336382652, 45.91047250657268], [-60.35611962313334, 45.91047293051448], [-60.35612931289234, 45.91047198475286], [-60.35614162155859, 45.91047100961588], [-60.35615675508283, 45.91046946982405], [-60.35616327215863, 45.910468810636836], [-60.356191447471474, 45.910461992298096], [-60.356206848300914, 45.9104561833173], [-60.35621954459144, 45.9104513918142], [-60.35628139419127, 45.910417000596816], [-60.35630291032627, 45.91040921799418], [-60.356308524912556, 45.91040665674218], [-60.3563258425988, 45.91039876793752], [-60.35635522831248, 45.910390897486025], [-60.356386069257034, 45.910382250645235], [-60.356444778211525, 45.910360495735816], [-60.35646903398629, 45.91035149841211], [-60.356497203545274, 45.91033909938052], [-60.356515446994806, 45.9103301788862], [-60.356522680755326, 45.910326647018216], [-60.35654775358776, 45.910316192463576], [-60.35658674382973, 45.9102999395365], [-60.356597218923255, 45.91029603265577]]}, "properties": {"OBJECTID": 125081, "FEAT_CODE": "WALK20", "FEAT_DESC": "Lake - Water to the right line", "RIVNAME_1": "Bonds Meadow Brook", "RIVNAME_2": " ", "ZVALUE": 8.9, "FID": null, "SHAPE_Length": 532.6572019780996}}, {"type": "Feature", "id": 131999, "geometry": {"type": "LineString", "coordinates": [[-60.35722729063107, 45.912474961306], [-60.357229442634214, 45.912488836303844], [-60.357231415143744, 45.91249590255953], [-60.357232639894825, 45.912500251276754], [-60.357234573924686, 45.912514643275124], [-60.357237690118616, 45.91253808141112], [-60.35724126920382, 45.91254498682954], [-60.35724220306102, 45.91254677259373], [-60.357251935205255, 45.91255905886097], [-60.357279925245074, 45.91257272173686], [-60.35729705231694, 45.9125810747792], [-60.35731211820714, 45.912581513439676], [-60.357337659988644, 45.91258129444941], [-60.357380761225315, 45.91257788149032], [-60.35740898088419, 45.91257286403326], [-60.35743707173347, 45.91256784358851], [-60.35760572417588, 45.91255446470538], [-60.35762409522211, 45.91255345867187], [-60.35764838730152, 45.91255213060175], [-60.357733959986845, 45.912550690327116], [-60.35779884598678, 45.912549599422995], [-60.357853704642636, 45.9125486815143], [-60.357872647483156, 45.9125489397785], [-60.357891633741616, 45.91255099919967], [-60.35792709429221, 45.91257000120576], [-60.357928427048684, 45.912573434334924], [-60.35793295463584, 45.912585078083914], [-60.35793505038846, 45.91261263294866], [-60.35793581558563, 45.912622587511066], [-60.357938449735926, 45.91263255831183], [-60.35794171653911, 45.91264495595813], [-60.35795168948092, 45.91267389917502], [-60.35797736875082, 45.912689794614295], [-60.35798733352793, 45.91269474156595], [-60.35799639140203, 45.9126992354975], [-60.35801141610113, 45.91270597365683], [-60.35804259986155, 45.912721087352644], [-60.3580467088321, 45.91272308157923], [-60.35807518917722, 45.912735657507746], [-60.358152281041335, 45.91276971779741], [-60.35815341717881, 45.91277946492093], [-60.35815402873241, 45.912784780526756], [-60.358154413809046, 45.91278617555499], [-60.35815723865186, 45.91279620476662], [-60.35816112564631, 45.91280287425804], [-60.358164382054234, 45.91280843106628], [-60.358168258964824, 45.91280960984995], [-60.35818332219335, 45.91281417969045], [-60.358199480459746, 45.91281632665015], [-60.35820625883511, 45.91281723052544], [-60.3582237147141, 45.91282137867082], [-60.35823061307938, 45.91282301438345], [-60.358257544920654, 45.912834258331515], [-60.358296115117724, 45.91287196376764], [-60.35830331060256, 45.912886081426464], [-60.35831316479699, 45.91290395090745], [-60.35835934763001, 45.912957853807974], [-60.35839966854284, 45.9129912793338], [-60.358428219157474, 45.91302112028933], [-60.35843074962511, 45.91302377104786], [-60.35843796001079, 45.913031057452706], [-60.35845918490073, 45.91305251123264], [-60.358452050202594, 45.913118321889925], [-60.35847118931914, 45.91314432681666], [-60.35849173711028, 45.91317325357408], [-60.35854751732483, 45.91325370566865], [-60.35856257906003, 45.913275421903734], [-60.35857101728536, 45.913295958841765], [-60.35857628034241, 45.91331302904251], [-60.35858463585221, 45.91334019763852], [-60.35858509702204, 45.913341891450905], [-60.35858596392197, 45.91334508877697], [-60.358593442105196, 45.91342224539374], [-60.3586002464068, 45.913492410820226], [-60.35860095646116, 45.91349972687381], [-60.358601891717385, 45.91350936133595], [-60.3586023725886, 45.91352313464587], [-60.35860254958506, 45.913528098167674], [-60.35860277483594, 45.913550515311044], [-60.358602871500906, 45.91356912215169], [-60.35860301007658, 45.91359173530718], [-60.35860263236386, 45.91361055619457], [-60.35860251987894, 45.913612110727044], [-60.358601179276455, 45.91363301552394], [-60.35859677414137, 45.91365925890317], [-60.35859596700308, 45.91366403764741], [-60.35859068038416, 45.91367489631211], [-60.35858768048117, 45.91368104645904], [-60.3585754883251, 45.91369883800545], [-60.358564413647926, 45.91371617835753], [-60.358538823626596, 45.91375624294347], [-60.35852269788243, 45.91377323243487], [-60.358513134221134, 45.91378183197666], [-60.35848881706853, 45.91379834396078], [-60.35844251411927, 45.91382979270154], [-60.3584235749985, 45.91384302678204], [-60.3584073861895, 45.91385265216339], [-60.358357728551674, 45.91387463545903], [-60.35831976975529, 45.913889490724074], [-60.358316471789635, 45.9138907825504], [-60.3582593346088, 45.9139125027713], [-60.358143367287994, 45.9139516735968], [-60.3581059856917, 45.91395953053942], [-60.358084139170785, 45.913964470592084], [-60.35806728533869, 45.91396827503933], [-60.35801286221134, 45.913978185903204], [-60.35794318129599, 45.91399087600464], [-60.357931866609825, 45.913991541304966], [-60.35792029217245, 45.91399224559834], [-60.357898309196614, 45.91399598535514], [-60.35788546468654, 45.91399818139093], [-60.35786781178952, 45.91400034718129], [-60.357844063066366, 45.914003254005465], [-60.357817705441526, 45.9140057044276], [-60.357789016458845, 45.914008370925], [-60.35776743725445, 45.91400958178004], [-60.35774197188621, 45.91401062170611], [-60.357656611006746, 45.91402438895291], [-60.35760994543629, 45.91402951969677], [-60.35757571412124, 45.91403321899569], [-60.35756328412814, 45.91403456051239], [-60.35752318655942, 45.91403688194587], [-60.357453832310135, 45.91403834633902], [-60.35739939945775, 45.914039498930144], [-60.357363334699336, 45.91404460486259], [-60.35732326763557, 45.91404872708692], [-60.357279278285304, 45.91405751093728], [-60.357244450698516, 45.91406344653188], [-60.35720578404059, 45.91407039136417], [-60.35710581601289, 45.914085179266564], [-60.35705782726514, 45.914089388084726], [-60.356987791396676, 45.91409705595543], [-60.35697377881228, 45.914098594799654], [-60.35696808989319, 45.9140989131699], [-60.35686436818334, 45.9141270251389], [-60.356852647447596, 45.91413352243755], [-60.35685205157924, 45.91413385067521], [-60.356849562856524, 45.91413493617031], [-60.356817285883125, 45.91414906737204], [-60.356759358010876, 45.91417139859473], [-60.356728593207364, 45.914183827623134], [-60.35671990249066, 45.914187073757184], [-60.356695247949524, 45.91419628692087], [-60.356677856815246, 45.914203526023066], [-60.356656570930426, 45.91421240311796], [-60.356609549039, 45.91423805597477], [-60.3565840928207, 45.914255999311486], [-60.35657433918294, 45.914261804052494], [-60.356550770747575, 45.9142758397399], [-60.356482838638804, 45.91431630082224], [-60.35646970397097, 45.91432650067235], [-60.35645739995219, 45.91433604469163], [-60.35643333754328, 45.91435124802123], [-60.35637272593886, 45.91439205851872], [-60.356346040956005, 45.91441089143539], [-60.356255233013385, 45.91447115555164], [-60.35625494548928, 45.91447177894947], [-60.35613364883202, 45.914559545551164], [-60.35609891832981, 45.914574825848995], [-60.35607343000517, 45.91458719684786], [-60.35603613681107, 45.91461624298494], [-60.35602349567579, 45.914626094179134], [-60.355992779405625, 45.91464590476855], [-60.355956798265716, 45.91466199313875], [-60.355942180381156, 45.91466839626183], [-60.35592203200024, 45.914677209549176], [-60.355882997288006, 45.91468998691466], [-60.35586144033757, 45.914695878327954], [-60.355798545492455, 45.91470874224879], [-60.35578553188637, 45.91471042108856], [-60.355759750264845, 45.914713766448834], [-60.35571442657897, 45.91471506615668], [-60.35568837212987, 45.914715740953724], [-60.35565981193769, 45.914716501733714], [-60.35563715995283, 45.91471613021028], [-60.35562231553675, 45.91471590347587], [-60.355595740722585, 45.91471477504755], [-60.35559413188524, 45.91471471078971], [-60.355589669397936, 45.914714184416255], [-60.35556848535859, 45.91471168668599], [-60.355497680443015, 45.91469644686101], [-60.355479899248714, 45.914692623795084], [-60.3554756272941, 45.914691615787596], [-60.3554515898757, 45.91468593768908], [-60.35542065671095, 45.91467748066608], [-60.35530688331038, 45.914653874001075], [-60.35527467626529, 45.91465322711186], [-60.35524752684643, 45.914653336402566], [-60.35524515376226, 45.91465334444772], [-60.355142025006, 45.91465239607772], [-60.35510066865505, 45.914651618241066], [-60.35505660730968, 45.91465077773768], [-60.35499768436097, 45.91464952998791], [-60.35496849317397, 45.914648916862475], [-60.35491914632074, 45.914647773865894], [-60.35474743923608, 45.914643886541526], [-60.35472723307479, 45.91464414754254], [-60.35470936183806, 45.914644660644534], [-60.35469116729543, 45.914645193256796], [-60.35464174356422, 45.914645938522256], [-60.35455528426389, 45.914650497212385], [-60.354333408976224, 45.914662197505606], [-60.35431984135512, 45.91466332329628], [-60.354299563205245, 45.91466645380124], [-60.35428397483137, 45.91466885588459], [-60.354272673077816, 45.91467060121478], [-60.3542645275793, 45.91467241066869], [-60.35424191493396, 45.91467744924587], [-60.35421115250721, 45.9146843871772], [-60.35419803218754, 45.91468722446355], [-60.35418822124974, 45.91468934635564], [-60.35413043407094, 45.914692957889294], [-60.35401064340613, 45.91470044320519], [-60.3540075349841, 45.91470127125849], [-60.35398518783328, 45.91470723401563], [-60.353963293591185, 45.91471506142264], [-60.35395303511767, 45.91471873005886], [-60.353926970271154, 45.91472775693271], [-60.353922354506786, 45.914729369127016], [-60.35385951301541, 45.914749505842344], [-60.3538246974923, 45.91475733983637], [-60.35380729820163, 45.91476067197527], [-60.35378863620053, 45.91476425387526], [-60.353767859635376, 45.914768101798956], [-60.3537243671363, 45.91477617573016], [-60.353703266076295, 45.91478061017372], [-60.35368698442105, 45.91478403119908], [-60.353671035803714, 45.9147866858731], [-60.35364566381925, 45.91479090432291], [-60.35360961579441, 45.91479780961187], [-60.35358682016417, 45.91480072863634], [-60.353577440091044, 45.91480192438024], [-60.353477030577594, 45.9148115774306], [-60.35344357956786, 45.91481295337195], [-60.353406114099734, 45.91481712551364], [-60.35338235655785, 45.914819392149695], [-60.35337269304691, 45.91482031128446], [-60.35333663209185, 45.91482721618751], [-60.353335462540755, 45.91482740509992], [-60.35329920987496, 45.914833189451706], [-60.35326309241017, 45.914836402703635], [-60.3532607665664, 45.91483650181018], [-60.353236214472126, 45.91483757989937], [-60.353202793399454, 45.91484076561996], [-60.35317193991163, 45.91484392083459], [-60.35314906324232, 45.91484528975979], [-60.353146241982195, 45.914845773415266], [-60.35312488266096, 45.914849400696774], [-60.35310328211813, 45.914853490423454], [-60.35309883415237, 45.91485482744975], [-60.353085225051174, 45.914864412861604], [-60.35306907873456, 45.91487582962486], [-60.3530613696144, 45.91488120441416], [-60.353059342411804, 45.91488261555132], [-60.35305660328543, 45.91488381216967], [-60.3530457794383, 45.91488852071027], [-60.35303491555936, 45.91489027606744], [-60.35303213464999, 45.91489072465228], [-60.35302764769868, 45.914890170609176], [-60.35302435387568, 45.9148892031838], [-60.3530233237777, 45.91488890028277], [-60.3530186231698, 45.9148868741604], [-60.353016247317925, 45.91488585600659], [-60.35299844403932, 45.91487545247453], [-60.35298345309485, 45.914865024121], [-60.35297609534996, 45.91486165829504], [-60.35296793033508, 45.91485791372521], [-60.3529473075375, 45.914857714714586], [-60.35294099201701, 45.9148576493276], [-60.352912847357935, 45.914858347045666], [-60.3528807614102, 45.91486057353515], [-60.35284987324734, 45.91486201771145], [-60.35281241198807, 45.914866099747975], [-60.35279926765488, 45.91486727117325], [-60.35277639752826, 45.91486931523359], [-60.352750764509615, 45.914869261065384], [-60.3527358524943, 45.914868015300534], [-60.35272859191061, 45.91486775697872], [-60.352706243825644, 45.9148669598809], [-60.352696578399794, 45.91486683482398], [-60.35258959278593, 45.914860484277874], [-60.35257567170944, 45.91485900944339], [-60.35256136591638, 45.9148574896851], [-60.352543353219964, 45.914854740887314], [-60.352523855747116, 45.914851759646986], [-60.35239521480641, 45.914809461808694], [-60.35235155133728, 45.91479511031909], [-60.35233652804277, 45.914788074422795], [-60.35233516556851, 45.91478743978132], [-60.35231889145406, 45.9147798618377], [-60.3523036879491, 45.91477092259498], [-60.35230120427221, 45.91476946088819], [-60.35228738610217, 45.91476175986722], [-60.35220093128336, 45.914732617970124], [-60.35215260173032, 45.91471633105592], [-60.352145066084226, 45.91471426616378], [-60.35213502285061, 45.91471151307306], [-60.35212858075617, 45.91470923051516], [-60.3521186889683, 45.91470573387014], [-60.35210916863261, 45.91470256086444], [-60.35209839148729, 45.91469897168235], [-60.35206458743548, 45.91468609080392], [-60.35200955573199, 45.914665130031096], [-60.35198649418856, 45.91465656657967], [-60.35196616554314, 45.914648021491836], [-60.35191759297821, 45.91462546430206], [-60.35189062269183, 45.914612327804356], [-60.35188168104165, 45.91460837613052], [-60.35186094358013, 45.91459920949083], [-60.35175614847657, 45.91454143351688], [-60.3517500499284, 45.914536539678465], [-60.351739753423324, 45.91452827220394], [-60.35172069233224, 45.914516939224306], [-60.35170522132672, 45.91450685059905], [-60.35167329041838, 45.91448604735641], [-60.351663852922464, 45.91447950994398], [-60.35165168268311, 45.91447105499468], [-60.35162997191266, 45.91445606023926], [-60.35160816612722, 45.91443737295756], [-60.35159044370836, 45.914419590442726], [-60.35157137753741, 45.91440267683836], [-60.351553124072176, 45.91438521503028], [-60.351550915983445, 45.91438311164258], [-60.351550404091455, 45.914382487717816], [-60.35153590199839, 45.91436531992754], [-60.35152620764754, 45.914352259983936], [-60.35152475396609, 45.914350291102394], [-60.35151223142024, 45.91433433932065], [-60.35150907504374, 45.91433048578968], [-60.3514913950388, 45.91430883390865], [-60.35147891144021, 45.91429477318959], [-60.35146050701416, 45.91427235743772], [-60.351457946280256, 45.914269264784544], [-60.35145201065232, 45.91425959529592], [-60.351448133020135, 45.914253285824415], [-60.35143969385336, 45.914238238810796], [-60.35143572995111, 45.914232116354285], [-60.351431164810194, 45.9142250798752], [-60.351422712305, 45.91420408303716], [-60.35141617459778, 45.91418782901495], [-60.35141594266235, 45.91418728358892], [-60.351415744539345, 45.91418602788573], [-60.351415667092155, 45.9141849459962], [-60.351415718880844, 45.91418385810331], [-60.35142182258614, 45.9141721186432], [-60.35142371757039, 45.91417077647463], [-60.35142622732686, 45.91416898052424], [-60.351438544578606, 45.91416215558805], [-60.35144967516496, 45.914155879177756], [-60.35145219270552, 45.91415446143997], [-60.351458655677696, 45.91415061499127], [-60.35149771126422, 45.91412738972005], [-60.35150477620266, 45.914123629236194]]}, "properties": {"OBJECTID": 131999, "FEAT_CODE": "WALK20", "FEAT_DESC": "Lake - Water to the right line", "RIVNAME_1": "Bonds Meadow Brook", "RIVNAME_2": " ", "ZVALUE": 8.9, "FID": null, "SHAPE_Length": 851.7097747627076}}, {"type": "Feature", "id": 132000, "geometry": {"type": "LineString", "coordinates": [[-60.35150477620266, 45.914123629236194], [-60.35151014746209, 45.914120774552664], [-60.35152258365704, 45.914114159383864], [-60.35154746849089, 45.914100938331565], [-60.35155850293705, 45.914095055715116], [-60.35158094104349, 45.91408311902629], [-60.35159720033706, 45.91407447733193], [-60.35162663873697, 45.91405742852823], [-60.351635611555565, 45.914052596186686], [-60.35165998842237, 45.91403948033934], [-60.351699835255616, 45.91401967564268], [-60.35174028912558, 45.913999578983194], [-60.351771067760716, 45.91398715161949], [-60.35177590163781, 45.91398556257173], [-60.35178588366439, 45.91398228375432], [-60.35180052869234, 45.913977483930815], [-60.351832621863686, 45.9139696774312], [-60.351865279681114, 45.9139567805756], [-60.3519165987117, 45.913936521775135], [-60.35195385568219, 45.913923173495974], [-60.351976394418436, 45.91391318323067], [-60.351996535365416, 45.9139042624573], [-60.352006697390436, 45.91389909763116], [-60.35203380040825, 45.913885324856395], [-60.35206985909249, 45.913867349356124], [-60.35210840831957, 45.91385123174915], [-60.352212449949334, 45.91380017953721], [-60.35221660364327, 45.91379825067174], [-60.3522431722578, 45.91378595058454], [-60.35225722968404, 45.913780218998824], [-60.35228050602208, 45.913770713815914], [-60.352296808173556, 45.91376279307763], [-60.35232314181611, 45.91375001048258], [-60.352354455071364, 45.91373447208701], [-60.35236700149114, 45.91372824641504], [-60.352408332020765, 45.91371031202893], [-60.352456231705524, 45.91368765150813], [-60.352498781807405, 45.91366874627787], [-60.352510994720525, 45.91366329592571], [-60.352520256475124, 45.91365916327301], [-60.352542635719445, 45.913651707417394], [-60.352588901992156, 45.9136362726], [-60.35260656046615, 45.91363128151167], [-60.35263331185197, 45.91362164080012], [-60.35263748795068, 45.913620324491596], [-60.35266670946678, 45.9136110740654], [-60.352697461925885, 45.913598645844765], [-60.35272565972219, 45.91358624840151], [-60.35275108882516, 45.91357756709475], [-60.35278184124754, 45.9135651388505], [-60.35281919330625, 45.91355547381096], [-60.35284870858802, 45.9135422158011], [-60.3528558103414, 45.91353876211334], [-60.3528819724546, 45.91352605641998], [-60.352918031066345, 45.913508071648884], [-60.352943519128345, 45.91349571034782], [-60.35296233188746, 45.91348976487603], [-60.35297948779327, 45.91348395201049], [-60.35298791590651, 45.913481078106614], [-60.3530082660606, 45.91347452920836], [-60.35302654642243, 45.91346866139308], [-60.35306522103769, 45.91345802784264], [-60.35310174865387, 45.91344617441336], [-60.353109227108156, 45.91344374652911], [-60.35314394676181, 45.91343222021212], [-60.353168083884846, 45.91342629910754], [-60.35318763266947, 45.91342358393596], [-60.353197549603465, 45.91342221165116], [-60.35323505641378, 45.91341444022559], [-60.35327897358965, 45.91340744741625], [-60.35332172344542, 45.91340330778417], [-60.35337104186239, 45.91339635011475], [-60.353405805766535, 45.91339229538917], [-60.35342473935407, 45.913390042960366], [-60.35342957034296, 45.91338959687435], [-60.35344895912868, 45.91338780503], [-60.35345756542348, 45.913387419435566], [-60.353479726260595, 45.91338644789515], [-60.35352905217782, 45.91337390984905], [-60.35355408764671, 45.91337133076894], [-60.353559763143664, 45.91337075123543], [-60.35373563983372, 45.91335439521964], [-60.35376771164025, 45.91335027799943], [-60.353805163212954, 45.913346105417546], [-60.35384397136381, 45.91334106418047], [-60.353882711515276, 45.913339621665614], [-60.35391349149573, 45.913338264711506], [-60.35394174222646, 45.91333504898751], [-60.35396852905237, 45.9133327894218], [-60.353997981790926, 45.91332870145793], [-60.354022170682356, 45.913324671535534], [-60.354050308679305, 45.91331596269815], [-60.354056241083136, 45.9133140479767], [-60.35407453587927, 45.91330814432485], [-60.35410267343256, 45.91329944446503], [-60.35412819198759, 45.91328887476061], [-60.354141716348074, 45.91328349962358], [-60.3541523625612, 45.913279263904016], [-60.35418051339652, 45.91327055533195], [-60.35420458090865, 45.91326094207643], [-60.35422879475593, 45.91325313236178], [-60.35425688938668, 45.913242622313135], [-60.35428766163803, 45.91322461364019], [-60.35431709450757, 45.91320765402141], [-60.35434906872502, 45.913188773101275], [-60.35437976444765, 45.913172643793004], [-60.35440527275349, 45.91315659231539], [-60.35442675434796, 45.913141428629785], [-60.354452064791644, 45.9131216732381], [-60.354480130879104, 45.91309820135304], [-60.354509449254984, 45.913070087068256], [-60.35453742910204, 45.91304300385916], [-60.35456249610372, 45.91302158666007], [-60.35457465999293, 45.913011193524106], [-60.3545929065553, 45.912997079962174], [-60.354601434633814, 45.91299047293199], [-60.35462945370701, 45.91297069924058], [-60.35464564602576, 45.91295558400049], [-60.354664533359625, 45.91294046818271], [-60.35467608325133, 45.91292807164067], [-60.354684657134335, 45.91291887344119], [-60.354707394843544, 45.912893558920125], [-60.354719636047086, 45.91287747006703], [-60.354748828938355, 45.91284385333794], [-60.35475453140734, 45.91282697396059], [-60.354755041553524, 45.91282329545868], [-60.354755742056966, 45.912818325254186], [-60.35488396921229, 45.91265661722341], [-60.354889583443956, 45.9126470174248], [-60.35493231309877, 45.91259798983987], [-60.35495654887041, 45.91257018074872], [-60.354961701248186, 45.91256324348], [-60.354973893714245, 45.91254682044139], [-60.3549912130549, 45.91252670882168], [-60.35499410654929, 45.912523346544596], [-60.35500306338642, 45.912512600056175], [-60.3550128426246, 45.912500828525154], [-60.355045205815216, 45.91246507095776], [-60.35506134253519, 45.912446237048655], [-60.35507041703856, 45.91243572730045], [-60.35507156352981, 45.91243439473728], [-60.355077553534855, 45.91242746786312], [-60.35511946855486, 45.91238119357878], [-60.35512773523994, 45.91236977403897], [-60.35513462594538, 45.912362616001026], [-60.35513873726854, 45.91235831884289], [-60.35514653841038, 45.912348283639986], [-60.35514835145071, 45.91234594942585], [-60.355159349623854, 45.912334575145486], [-60.35516886074129, 45.91232410250393], [-60.35516946856572, 45.91232352253011], [-60.3551772097934, 45.912316375187395], [-60.35519079215329, 45.912304889740255], [-60.35520977182985, 45.91229162112966], [-60.35526233759052, 45.91226189387576], [-60.355277280291, 45.91225135800288], [-60.35529342580975, 45.91223993190528], [-60.355297321068356, 45.91223719587293], [-60.35530968596319, 45.91222853546261], [-60.35532759022428, 45.91221591698479], [-60.355336915395156, 45.91220935536153], [-60.35535052345023, 45.912199769654684], [-60.35536282648477, 45.91219295296559], [-60.35539264219548, 45.91217931422082], [-60.35540634637014, 45.91217340305106], [-60.35541993205471, 45.912167543140264], [-60.355437418110625, 45.91215883929979], [-60.35547030596351, 45.912146216761855], [-60.35547792399714, 45.912143287910986], [-60.35549196237136, 45.91213821254193], [-60.35549944091634, 45.91213550547886], [-60.35550691946062, 45.91213279841527], [-60.35552095782966, 45.91212772304254], [-60.355543805503316, 45.91211907134112], [-60.35555753925495, 45.912114978995426], [-60.3555610805576, 45.91211344986258], [-60.35557770652296, 45.91210629221885], [-60.35559118876284, 45.91209880975199], [-60.3556017552812, 45.91209298791432], [-60.35562209297324, 45.91208614123526], [-60.3556938261085, 45.91207988162473], [-60.35571141174461, 45.91207884871171], [-60.355722234102544, 45.912078496259845], [-60.35572910481975, 45.912078268322745], [-60.35576961747161, 45.912077766289286], [-60.35579386243234, 45.912077697632334], [-60.35581021186533, 45.91207798619648], [-60.35586174186314, 45.912079269368554], [-60.355864687680175, 45.912079688607896], [-60.35601056639684, 45.91212222865171], [-60.35602562805033, 45.91212899493172], [-60.356054590744655, 45.9121438867342], [-60.356056554368415, 45.91214489528096], [-60.356057564290786, 45.91214535070087], [-60.35608747897654, 45.91215893242096], [-60.35617897147696, 45.9121927334092], [-60.35620327887112, 45.91220220693589], [-60.35620539913598, 45.91220290407931], [-60.35628948499083, 45.91223057498782], [-60.356303376198625, 45.91223863724867], [-60.35630577056621, 45.9122400787997], [-60.35638175411611, 45.912261333527454], [-60.35641007230441, 45.912273510085306], [-60.356421218935026, 45.912278817562765], [-60.356435668468905, 45.91228571363046], [-60.35648649183927, 45.91229346072232], [-60.35649485983033, 45.91229374444076], [-60.35649771500848, 45.91229390054295], [-60.35650849170105, 45.9122945100426], [-60.35653010515171, 45.91229555041374], [-60.35654336139033, 45.91229825148415], [-60.3565601289875, 45.91230168189146], [-60.35656864567901, 45.91231484916053], [-60.356572534246055, 45.91233939428907], [-60.356583618380064, 45.9123471035117], [-60.35660251481311, 45.91235105123185], [-60.35660481584191, 45.91235174355135], [-60.35662162078965, 45.91235683095734], [-60.356628423633126, 45.91236156082376], [-60.3566325920002, 45.91236447455579], [-60.356639744048174, 45.912376782159356], [-60.356654028714274, 45.912393935270146], [-60.35666642042861, 45.912400720669424], [-60.35668695128646, 45.91240419316394], [-60.35670173727409, 45.91240672260749], [-60.356718082609724, 45.9124073709776], [-60.35676729148374, 45.91240866301834], [-60.35677307394419, 45.912408814863895], [-60.35679342502959, 45.91240928591897], [-60.356796229974435, 45.912409413848614], [-60.35680964974554, 45.91241003049262], [-60.35686481705225, 45.91241292753305], [-60.35688190383813, 45.91241344002784], [-60.35689031177313, 45.91241369763942], [-60.35689826376781, 45.91241405270681], [-60.35691064150762, 45.912414618218314], [-60.35696753887193, 45.91241665517395], [-60.356978577610924, 45.91241772073305], [-60.35700537513215, 45.912429339901976], [-60.35701435759757, 45.912433247115985], [-60.35701542609281, 45.91243436994059], [-60.3570159989297, 45.912436426375194], [-60.35701676261538, 45.91243935130158], [-60.35702583846536, 45.91246789580566], [-60.35702639208458, 45.91247035683044], [-60.35702777655993, 45.91247650040145], [-60.35703220224027, 45.912483227403264], [-60.35703973337634, 45.912484841829986], [-60.35704298181318, 45.9124848630077], [-60.35704540504684, 45.91248488308824], [-60.35704709060972, 45.91248468807891], [-60.35706441264816, 45.912474819093134]]}, "properties": {"OBJECTID": 132000, "FEAT_CODE": "WALK20", "FEAT_DESC": "Lake - Water to the right line", "RIVNAME_1": "Bonds Meadow Brook", "RIVNAME_2": " ", "ZVALUE": 8.9, "FID": null, "SHAPE_Length": 538.7569682470878}}, {"type": "Feature", "id": 156511, "geometry": {"type": "LineString", "coordinates": [[-60.34360210727773, 45.91540207677988], [-60.34359917927095, 45.91538426813624], [-60.34359530145729, 45.91536069490202], [-60.34358436232062, 45.91533971164454], [-60.34357097748606, 45.915314045093915], [-60.34344951317806, 45.915141014792866], [-60.3434289479234, 45.91507047432038], [-60.34341704829888, 45.915029639987644], [-60.34334262175086, 45.91487588539337], [-60.343272638114364, 45.914820828636564], [-60.34320429392012, 45.91476708808909], [-60.34308834706786, 45.914768575836604], [-60.342970116012935, 45.91477010032635], [-60.3427946313534, 45.91477241665517], [-60.34268500997122, 45.91475621163707], [-60.34264571231552, 45.91475040075023], [-60.3426366716974, 45.914529041239724], [-60.34262192417881, 45.91440610744924], [-60.34259575147148, 45.914340143736155], [-60.3425929216337, 45.914332976268845], [-60.34257554519866, 45.914320969899386], [-60.34241179421031, 45.91420779066875], [-60.34237745138274, 45.9140898912839], [-60.34235412786235, 45.91402475888641], [-60.3423067991864, 45.91389257004591], [-60.342176242683955, 45.91381931640197], [-60.34215434111424, 45.913807024631204], [-60.342124219375734, 45.913807277635954], [-60.34206894266265, 45.913807737211236], [-60.341857223762915, 45.913823600967255], [-60.34170970596424, 45.91384248899156], [-60.34139649163883, 45.91386670010584], [-60.341148764260545, 45.913829249668844], [-60.34107175695047, 45.91377283090879], [-60.34088646297962, 45.9137325042189], [-60.3406478132797, 45.913791122381845], [-60.34060270345371, 45.91383624586222], [-60.34055536394412, 45.91390966985537], [-60.340491332969556, 45.914033649512106], [-60.34048232429658, 45.91405108123501], [-60.34043430603216, 45.91412493940746], [-60.340406519658934, 45.91417398557135], [-60.340368256473305, 45.914241500341205], [-60.3402735350514, 45.91434820364191], [-60.34019153328081, 45.91440785902805], [-60.34012430698301, 45.91445676955285], [-60.339979616296034, 45.91454863650525], [-60.339773140252234, 45.91464086412283], [-60.33974656475211, 45.914638408870076], [-60.33970663753287, 45.91463471548832], [-60.33959444291034, 45.914613290104235], [-60.33938020986684, 45.914611269149475], [-60.33923248410714, 45.91461044641984], [-60.33919509619833, 45.914606505999], [-60.33903232775681, 45.914589383124], [-60.33887750150338, 45.91457498331659], [-60.3387131687665, 45.9145733138741], [-60.338640236201705, 45.91458863464341], [-60.33853002255862, 45.91461179923749]]}, "properties": {"OBJECTID": 156511, "FEAT_CODE": "WARV10", "FEAT_DESC": "Double Line River - Water to the left line", "RIVNAME_1": "Bonds Meadow Brook", "RIVNAME_2": " ", "ZVALUE": 8.4, "FID": null, "SHAPE_Length": 579.3208992413503}}, {"type": "Feature", "id": 160734, "geometry": {"type": "LineString", "coordinates": [[-60.3554459965069, 45.92065934148202], [-60.35542714799096, 45.920647275995364], [-60.35541035148532, 45.92063653613559], [-60.35531454768624, 45.92060986236053], [-60.35519390191239, 45.92061363881245], [-60.355095782344286, 45.92063512833597], [-60.35493153284983, 45.920693429337064], [-60.35465183224149, 45.920803546399085], [-60.3545815451718, 45.920831224686836], [-60.354563275507346, 45.92083980222765], [-60.354496212264614, 45.92087128146285], [-60.354430382831325, 45.92091016987194], [-60.354351401405864, 45.92095822235277], [-60.354294134291, 45.92099306068783], [-60.35414990880396, 45.92108367819579], [-60.35408644134942, 45.921119533867795], [-60.35408270415311, 45.92112164346489], [-60.353955389430986, 45.92119808030188], [-60.353930909941276, 45.921214110501445], [-60.35390664382765, 45.9212299926269], [-60.35386389417081, 45.921262466904054], [-60.35384109516027, 45.92127976912916], [-60.35376508337091, 45.92132772800142], [-60.353730474122365, 45.921349571939984], [-60.35365565109593, 45.921403984834406], [-60.35345340990812, 45.92155106894223], [-60.353412246205714, 45.92158706310148], [-60.353349524856796, 45.921641909271806], [-60.35321316787266, 45.92173784739207], [-60.35306192314301, 45.921837400607224], [-60.353016923742224, 45.92186536703933], [-60.352976602731445, 45.92189041763886], [-60.35292727028824, 45.92192515118287], [-60.35282326689411, 45.92199839178756], [-60.35278885282633, 45.92204402899147], [-60.352775083716246, 45.922058021026025], [-60.352750228887494, 45.922083277057446], [-60.35270419895651, 45.92213180423065], [-60.35262849654501, 45.92218351383378], [-60.352522818513506, 45.922249649738646], [-60.35243129746564, 45.922310983329055], [-60.35237987475947, 45.92236712600204], [-60.352373878645054, 45.922411810801954], [-60.35239506264136, 45.92248481212364], [-60.35240577668222, 45.92252172964748], [-60.35244804161408, 45.922555292307386], [-60.352509772732965, 45.92259119641071], [-60.35260128792511, 45.92262212048006], [-60.35270363375056, 45.92261977669695], [-60.35270870779889, 45.92261966030308], [-60.35276033076774, 45.922613503382394], [-60.352875522560545, 45.922599765236555], [-60.35299893644202, 45.92261081665175], [-60.35306087441674, 45.922623683288904], [-60.353096672786066, 45.92263053455867], [-60.35312399749437, 45.92263576729196], [-60.35316415737414, 45.922653952588846], [-60.35320657751741, 45.922673153340796], [-60.35324010638784, 45.922691922983155], [-60.353343686911096, 45.9227593091754], [-60.35335120682697, 45.92277040138825], [-60.35335236357282, 45.922772111340514], [-60.35341336237796, 45.9228863046442], [-60.35341553224722, 45.922926894381995], [-60.35341800286343, 45.92297308956588], [-60.35336662344493, 45.92310150983002], [-60.353359659789575, 45.92311802685827], [-60.35334176151262, 45.92316051869345], [-60.35332906413082, 45.923196434494265], [-60.353326709043394, 45.92320310348363], [-60.353289756566255, 45.92325058116175], [-60.353205679642116, 45.92330452725372], [-60.35315700069477, 45.92331086962255], [-60.35305469558816, 45.92332262955859], [-60.353052503017615, 45.92332317278788], [-60.35296713867899, 45.92334400204939], [-60.352855633865836, 45.92335096717153], [-60.35279756462539, 45.923350287135634], [-60.35277673512226, 45.923350029302625], [-60.35260116636221, 45.92331805688979], [-60.352502347114395, 45.92329993359368], [-60.352443089175786, 45.923290630087614], [-60.35231469710644, 45.92328117279868], [-60.35225062606554, 45.92328194646591], [-60.35220473785075, 45.92328249363546], [-60.35218066462684, 45.92328318657099], [-60.352156191176576, 45.92328388822304], [-60.35206607288263, 45.923294039682965], [-60.35203487391093, 45.92330435119163], [-60.35199202597681, 45.92331851492531], [-60.35190318358938, 45.92333816464803], [-60.351783227464516, 45.92336470742702], [-60.351737256221234, 45.92339354188972], [-60.3517292532641, 45.92339855874047], [-60.351711654584214, 45.9234114357481], [-60.35168073257049, 45.92343407563091], [-60.3516485335276, 45.92345753196149], [-60.35159556032989, 45.92349256752462], [-60.35156968914739, 45.923509077982686], [-60.35153620957902, 45.923530443408396], [-60.35151522602716, 45.92355508689062], [-60.35150697420463, 45.92356478735278], [-60.35148612179115, 45.92362649002242], [-60.35147244286075, 45.923675406958964], [-60.351470880380106, 45.923730698425494], [-60.351470562893596, 45.9237416989981], [-60.35147093655764, 45.92379289501652], [-60.35147099645464, 45.92380030403547], [-60.35146886241279, 45.92383184722719], [-60.35143916486072, 45.92387589225949], [-60.35139997038214, 45.923884010983805], [-60.351378985896105, 45.92388835769299], [-60.35129393155767, 45.923961955377585], [-60.35127191115271, 45.923981012292124], [-60.351225798948526, 45.92401468568938], [-60.35115352236672, 45.92405639291025], [-60.35107345936609, 45.924096398341106], [-60.35102153829363, 45.92412286231066], [-60.350989536864326, 45.924139176430536], [-60.350928368478584, 45.92417051128037], [-60.35091339037443, 45.9241781835072], [-60.35084881716039, 45.92421790905026], [-60.35075879484174, 45.92428557659206], [-60.35065921556362, 45.924339431188606], [-60.350632102829536, 45.92435410347553], [-60.35061573781613, 45.92436381366275], [-60.35056494401729, 45.92439394888676], [-60.350525000777914, 45.92441750425174], [-60.35048012471167, 45.924442268266894], [-60.35046287884632, 45.92445178698063], [-60.35038353142822, 45.92448757816969], [-60.350355217425026, 45.92450932412186], [-60.35033573953729, 45.92452427249358], [-60.35031445361332, 45.92454197814821], [-60.350279334729926, 45.92457119883722], [-60.35017702382762, 45.92462985004259], [-60.35008388877104, 45.92468323261475], [-60.3500262733901, 45.92470412753315], [-60.35002428293448, 45.92475916602214], [-60.35001195635065, 45.92476694466363], [-60.3499499523678, 45.924806045258435], [-60.34987459788657, 45.92483408008637], [-60.349819238097936, 45.92483578361071], [-60.34977423765413, 45.924837160475434], [-60.34974317709392, 45.92483317235444], [-60.34963463759517, 45.924819249369605], [-60.34959174900339, 45.92479173771817], [-60.34956416588651, 45.9247740500864], [-60.349506079631766, 45.9247317484467], [-60.349480086962146, 45.92470369282463], [-60.34946086058009, 45.92468791827415], [-60.34943378939639, 45.92466571510797], [-60.34941518831903, 45.924654140418895], [-60.34939308022317, 45.92464037814685], [-60.349353310312225, 45.92460318196305], [-60.349345599553786, 45.9245931291476], [-60.34933656380409, 45.924581380435264], [-60.3493340167023, 45.92455986349025], [-60.349328749711034, 45.92451531346071], [-60.3493375951251, 45.92448938055419], [-60.34934732618454, 45.924460830979775], [-60.349369474209006, 45.92443045443683], [-60.349387910695505, 45.924405158180335], [-60.349402097191124, 45.92438541575553], [-60.34942727991153, 45.924350357234914], [-60.34944384738607, 45.92433261423397], [-60.34944901119565, 45.9243270996093], [-60.34948234559761, 45.92430177109093], [-60.34951244228804, 45.9242788876302], [-60.34954816267633, 45.9242584298802], [-60.34960593316179, 45.924225342765546], [-60.34963566057273, 45.924207500130834], [-60.349648805141, 45.924199605502366], [-60.349687010488815, 45.9241475676917], [-60.34969826889466, 45.924092915311135], [-60.34973530910276, 45.92391889907226], [-60.34972605027057, 45.92384010751054], [-60.34972000435823, 45.92380242500352], [-60.34971839200595, 45.923792414735615], [-60.349713632781274, 45.92377861411856], [-60.34965888962254, 45.923747371070625], [-60.34962629119614, 45.92370611105668], [-60.34960068817715, 45.92366420332149], [-60.34955860535749, 45.92363793445731], [-60.3494537654731, 45.92361056900945], [-60.34936469742193, 45.92361192196159], [-60.34934492486475, 45.92362141786283], [-60.349342535634136, 45.923622568508186], [-60.3493330374381, 45.923634328061176], [-60.34929497805573, 45.923681409723045], [-60.34922736065781, 45.92373087452535], [-60.34917364256676, 45.92374686405502], [-60.34914152420542, 45.92375642436893], [-60.34911276037752, 45.9237600050285], [-60.349104949972464, 45.9237609758204], [-60.349004292119076, 45.92377034015615], [-60.34895840513235, 45.92377409932194], [-60.34891273843659, 45.92377783658105], [-60.34884624013762, 45.923791909123835], [-60.348844859112866, 45.923792201089924], [-60.34862776690045, 45.92381748451071], [-60.34860951202405, 45.923825170364395], [-60.34856787159364, 45.92384265512819], [-60.34852642007177, 45.923859964247626], [-60.348441940048254, 45.92388464498261], [-60.34832935428827, 45.92392236320131], [-60.348217842285464, 45.92395378770528], [-60.34814884945482, 45.92396769390634], [-60.34812654206785, 45.923972189312536], [-60.348043765396724, 45.92401415477515], [-60.34800423667635, 45.924043065340705], [-60.34796862795072, 45.92406333618544], [-60.34793583100298, 45.92408198017497], [-60.34790576704029, 45.92409091279425], [-60.347837021276646, 45.9241207288976], [-60.34780670441854, 45.92415281458741], [-60.34779722456788, 45.92416282828977], [-60.34776018018286, 45.92420671073747], [-60.34773809518913, 45.924234667227935], [-60.34773602293459, 45.92423728332554], [-60.347682369084545, 45.92429139188695], [-60.34765292027919, 45.92431663011266], [-60.347574487631206, 45.92436836295085], [-60.34754369707661, 45.9243863063659], [-60.34753706385536, 45.92439017563726], [-60.347459708001296, 45.924435551864505], [-60.34739009953254, 45.92447532950796], [-60.347364063703964, 45.92448876592667], [-60.34723025275264, 45.92457719537829], [-60.347132478292785, 45.92464179973502], [-60.34707608368124, 45.92468980482626], [-60.347039853477085, 45.924720654843114], [-60.34702675727929, 45.9247337437362], [-60.34699866858095, 45.924761821628366], [-60.346991859336065, 45.9247677569545], [-60.346971752797984, 45.92478531837117], [-60.34691922251539, 45.92483477227629], [-60.34689864204689, 45.92487010818092], [-60.346885240616785, 45.92489310880915], [-60.3468688997277, 45.924910136641486], [-60.3468378715943, 45.92494251157262], [-60.34678587097455, 45.925021410222385], [-60.346776494456165, 45.925063855995404], [-60.34677721387891, 45.92510257599867], [-60.346791675441494, 45.92528093811779], [-60.34680584759795, 45.92531207700506], [-60.346827619756624, 45.92535990886695], [-60.34685916617325, 45.925423467127075], [-60.34693180691973, 45.925498601008954], [-60.347170405489734, 45.92568262913893], [-60.34719404371887, 45.92569919061983], [-60.347221825452486, 45.92571865658734], [-60.34733349283907, 45.925815749573545], [-60.34739754400474, 45.925871430992736], [-60.34741713324761, 45.925889869542594], [-60.34744273388031, 45.925913965189544], [-60.34756745318717, 45.92600784181311], [-60.34764829579001, 45.92606870150654], [-60.347762876474604, 45.926168291936214], [-60.34784471319832, 45.926239417445366], [-60.34787998693438, 45.92627218036001], [-60.3478991800455, 45.92629000657468], [-60.347914641035636, 45.92630522589845], [-60.34796053186585, 45.926350386386524], [-60.348059419651186, 45.926432339605476], [-60.348146381461554, 45.92650987544489], [-60.3481663526264, 45.92652951083332], [-60.34820232653003, 45.926564909127336], [-60.34826830490364, 45.926633766913845], [-60.34827905988053, 45.92664597866468], [-60.34830611334145, 45.92667667840635], [-60.348349987276386, 45.92683854078856], [-60.34832618761275, 45.926877825531776], [-60.34830965415534, 45.92690510996343], [-60.34827062331848, 45.926980071071384], [-60.34825747176879, 45.92700215957874], [-60.34820472333462, 45.927090789313205], [-60.34812109492242, 45.92719460627868], [-60.34808980884861, 45.92721533756616], [-60.34803971689829, 45.92724852121442], [-60.34797798815337, 45.92728013848764], [-60.34792086037991, 45.92730939637048], [-60.347861414292986, 45.92731559443677], [-60.34781080810918, 45.92732088168197], [-60.347711966511504, 45.927333941373185], [-60.347637007725524, 45.92734384737471], [-60.34754424085986, 45.927352313612836], [-60.34746806352784, 45.92735423452678], [-60.34744711497959, 45.92735481902904], [-60.34739054629635, 45.927356394289056], [-60.34723230302919, 45.92736930684941], [-60.347152708754166, 45.927375801571785], [-60.346964285599995, 45.927360560340155], [-60.346886090601906, 45.92735421629516], [-60.34684721055566, 45.92734973069306], [-60.346710354839544, 45.92733393195482], [-60.346653949299295, 45.9273342505333], [-60.34664146063921, 45.92733432039114], [-60.346637404421834, 45.92733472118701], [-60.34662812644086, 45.92733562170741], [-60.346619369619205, 45.92734073769211], [-60.34657757639704, 45.92736513976112], [-60.34656060482426, 45.92737752649877], [-60.346530023892065, 45.92739400738204], [-60.34649378544509, 45.927389304015776], [-60.34646079030196, 45.92738501803013], [-60.34640083992832, 45.92734150140986], [-60.3463195292297, 45.92731557992518], [-60.34619058640351, 45.927268569782115], [-60.34615492939853, 45.927250873718684], [-60.34611789897943, 45.92723249767166], [-60.34609411895403, 45.9272113332869], [-60.346077811802466, 45.92719682311492], [-60.346063671646476, 45.92714176986361], [-60.34606156915279, 45.927085826267316], [-60.34606294967036, 45.92703257383699], [-60.346071266865025, 45.92699153463555], [-60.346079299806505, 45.926951856943184], [-60.34610703653938, 45.92691118803804], [-60.34611551807711, 45.926896974924695], [-60.34614236515648, 45.926851973970244], [-60.346144660688765, 45.92680684348813], [-60.34615326542909, 45.92677329059578], [-60.34615813027983, 45.92675432203402], [-60.346159419399406, 45.926742714005826], [-60.346159483792874, 45.92674217545651], [-60.346163303454475, 45.9267161890124], [-60.34618302803618, 45.926710976912716], [-60.346206681554726, 45.92669370508354], [-60.34620309054424, 45.92667706022913], [-60.34617740281487, 45.92663154946713], [-60.34616540659103, 45.926615627359844], [-60.34613978901489, 45.926581621194345], [-60.345961105239766, 45.926480440330494], [-60.34587757915326, 45.92643313522892], [-60.345747051687006, 45.92632479254684], [-60.34567446203143, 45.926267516620506], [-60.345660304351945, 45.92625635062697], [-60.34562264580191, 45.926243315269716], [-60.345549929966715, 45.926218142054026], [-60.3454208065994, 45.926199299222574], [-60.34533775828316, 45.92619901581741], [-60.34528952848064, 45.92619884871843], [-60.34526158204498, 45.92619932414437], [-60.34521078845799, 45.9262001775032], [-60.34519262917004, 45.92620016037766], [-60.34516615143812, 45.926200129878325], [-60.34506913573268, 45.92620093468392], [-60.34505445199403, 45.92620133136681], [-60.34502069382406, 45.92620223866528], [-60.34498314748787, 45.926203606927395], [-60.344931557722575, 45.92620546773817], [-60.34476921430935, 45.92621597735503], [-60.34475662543194, 45.926216800740086], [-60.344667437295776, 45.926217877214135], [-60.3446457397854, 45.92621875881296], [-60.34462934125276, 45.926219412593106], [-60.344588669000004, 45.92622438935196], [-60.3445469467373, 45.92622947669152], [-60.34442013575045, 45.9262586425669], [-60.34440259577551, 45.92626267205957], [-60.3443304228924, 45.926269355394176], [-60.34429995041046, 45.926270869933866], [-60.34424355804194, 45.92627363583274], [-60.34416350852821, 45.926275104455556], [-60.34415138085622, 45.9262754524587], [-60.34414301216114, 45.926275680865125], [-60.343982057242854, 45.92628006513138], [-60.34393024209825, 45.92630932757339], [-60.34392586815972, 45.92631179105865], [-60.34388333099966, 45.92629505035116], [-60.34385971764997, 45.92629067579736], [-60.343806099020064, 45.92628073391135], [-60.34379126966361, 45.92627796777646], [-60.34376293749628, 45.926262484509365], [-60.34373308337204, 45.92624619176807], [-60.343664620436215, 45.92622947798322], [-60.34356422367549, 45.92618735922465], [-60.34346936566682, 45.92614917654745], [-60.34345716631543, 45.926144275363775], [-60.34337323486257, 45.92612198111655], [-60.343371657499375, 45.92612125136248], [-60.34332086754355, 45.92609772989439], [-60.3433041216808, 45.926085405302295], [-60.34326767667276, 45.9260585902258], [-60.343217718265194, 45.926029813609105], [-60.34320841688225, 45.92602445777555], [-60.34315614524533, 45.92597660869886], [-60.34315762225817, 45.9259578404654], [-60.34315977872181, 45.92593024928892], [-60.343194959601206, 45.925913327277975], [-60.34322618008556, 45.92589831128763], [-60.34325474707604, 45.92586999343142], [-60.34324974839081, 45.92585664601455], [-60.34324855884149, 45.92585346807238], [-60.34321823182651, 45.92583898234763], [-60.3431829997046, 45.92582215030635], [-60.343175065266145, 45.92581976952227], [-60.34315896792638, 45.925814930631056], [-60.34307547943668, 45.92579120634622], [-60.342995909250405, 45.92577104746233], [-60.34289554197664, 45.92574561621453], [-60.34283033949273, 45.925723307308196], [-60.34280603562177, 45.92570990670243], [-60.3427684997907, 45.925689195603255], [-60.34265527728674, 45.925640207038136], [-60.34256591913274, 45.92559654410894], [-60.342540388907494, 45.925582088820775], [-60.34252962713798, 45.92557598788626], [-60.34248503887816, 45.92554793896565], [-60.342419171063625, 45.9255093319556], [-60.34237417873596, 45.925484612871664], [-60.34228044651159, 45.92535732981996], [-60.3422704117493, 45.92531874401645], [-60.342198271166126, 45.92525811002753], [-60.342178058753014, 45.92520012471045], [-60.34217571822385, 45.92516813552002], [-60.34217360693035, 45.9251397159679], [-60.342154936464496, 45.925074025874636], [-60.34211965785322, 45.9249245931364], [-60.34210317317316, 45.92486606451115], [-60.342102455645374, 45.92486353659708], [-60.342101975572554, 45.924861977291705], [-60.34207322623366, 45.92476780819352], [-60.34200431439218, 45.92470062466115], [-60.34199226211557, 45.92468887715923], [-60.341977299450896, 45.92468054521065], [-60.34189566598475, 45.92463505437557], [-60.341830520924944, 45.924616436542614], [-60.341827140411915, 45.92461592581685], [-60.34176520386045, 45.92460654541194], [-60.341709264426406, 45.92458367741556], [-60.34168020654886, 45.92457180404099], [-60.34164153634532, 45.924554882484415], [-60.341465103131526, 45.92453349370999], [-60.34134497644897, 45.92454509827389], [-60.34129808005744, 45.92455052300228], [-60.34122126381543, 45.92455940945892], [-60.341133094874074, 45.92459047944781], [-60.34102476715792, 45.92464178175105], [-60.340975544880074, 45.92466482969588], [-60.34095392138595, 45.924674965103186], [-60.340931916561615, 45.92468471359489], [-60.340889487252745, 45.92470352730317], [-60.34085331968292, 45.924719507551586], [-60.34083783769403, 45.92472635665438], [-60.34073384552944, 45.92480242173844], [-60.34068807040609, 45.92483617973747], [-60.34049280456088, 45.924980163017906], [-60.34039700511398, 45.92502675206724], [-60.340325765890825, 45.92506140199091], [-60.340278674382404, 45.92507521047026], [-60.340258020092584, 45.92508125496885], [-60.34013624051455, 45.92513305318813], [-60.34007102022207, 45.92515106571751], [-60.33993082372569, 45.92516994197161], [-60.33984472841811, 45.925184587864976], [-60.339763520602965, 45.925191966920906], [-60.33972880797096, 45.925192616397815], [-60.33969910434712, 45.92519316653517], [-60.33955626828695, 45.925194150320095], [-60.339508506230544, 45.925194738735634], [-60.33946968815365, 45.92519520247911], [-60.3393610951809, 45.92519780287615], [-60.339303683085404, 45.925199255463426], [-60.3392628259768, 45.92520028368045], [-60.33921578463188, 45.92520494811139], [-60.33910896410047, 45.925221720769635], [-60.339091264498634, 45.925223963574815], [-60.33905678645182, 45.92522833562982], [-60.338977568042864, 45.92524157497749], [-60.338905058427244, 45.925253692495524], [-60.33885017546041, 45.92525269257662], [-60.33877942981379, 45.92525139497543], [-60.33869017495653, 45.925248504880805], [-60.33862176503361, 45.9252474506313], [-60.33859350695612, 45.925247170096085], [-60.33853510813271, 45.9252466011301], [-60.338477284249706, 45.92524695461152], [-60.33842505942663, 45.925247276547566], [-60.338409926714824, 45.92524789593034], [-60.33838707905942, 45.925248830538344], [-60.338320073342814, 45.92525320029534], [-60.33825047338389, 45.925257338530315], [-60.33824989659991, 45.92525780212692], [-60.33819602461074, 45.9253008932103], [-60.338180301993425, 45.925308717427164], [-60.338116049505516, 45.9253202348431], [-60.33811096310724, 45.9253211423676], [-60.33804859834883, 45.925333369804875], [-60.3380467706249, 45.925333561219894], [-60.33795058577296, 45.925343686127675], [-60.337876119559425, 45.925369996593645], [-60.337861911379996, 45.92537501182882], [-60.337843085334235, 45.925376535121714], [-60.33779625340535, 45.925380321774185], [-60.33759962333547, 45.92539283910904], [-60.337467033839786, 45.925393150091416], [-60.33746289315563, 45.9253931615586], [-60.33746142532748, 45.925393109333946], [-60.337381381040196, 45.92539018094248], [-60.337311253949714, 45.92537892400377], [-60.33726903540346, 45.92536447444686], [-60.33724581379668, 45.925356516350156], [-60.337192329880075, 45.92533329836061], [-60.33711290348647, 45.92529484016089], [-60.33710522679132, 45.9252911238498], [-60.33703699650192, 45.9252561489486], [-60.33702878233777, 45.92524722665654], [-60.337024368674555, 45.92524243433341], [-60.337016143985906, 45.92520248615178], [-60.33701338125096, 45.92518907358914], [-60.33700998934423, 45.92514678089504], [-60.33701766514277, 45.925117653393215], [-60.337025752522585, 45.92508693335208], [-60.33703756169229, 45.925072222456386], [-60.33704370572091, 45.925064580066795], [-60.337092217190765, 45.925010626609826], [-60.33711413762662, 45.92499457635354], [-60.33715938856565, 45.92496023151442], [-60.33717971867942, 45.924944801218075], [-60.33721705281359, 45.92491444810767], [-60.337224822502534, 45.924908139725254], [-60.337276655070085, 45.924875865470334], [-60.337299940918484, 45.92486065708475], [-60.33736377916818, 45.92482087706162], [-60.33742091764327, 45.92478526116001], [-60.337468067040405, 45.924768097923035], [-60.33750178823179, 45.92475582402995], [-60.33759689041293, 45.924725188513136], [-60.33768725882007, 45.924747637090704], [-60.337796176326734, 45.924754406652184], [-60.33786029997649, 45.92475392135355], [-60.33791636086406, 45.924766947231426], [-60.33795800760872, 45.924776630815884], [-60.337977171151046, 45.924782063963804], [-60.338004325448786, 45.92478977155734], [-60.33805651548431, 45.92478504762853], [-60.33813437005633, 45.92475313654125], [-60.338154800494664, 45.92474476501109], [-60.338176100366894, 45.92473816889275], [-60.338243155552824, 45.924717391975456], [-60.33830797191918, 45.924674942993384], [-60.33831653369909, 45.924669328056275], [-60.33832389752778, 45.924661795035625], [-60.33836128526702, 45.924623567128684], [-60.338434992342734, 45.92449801419279], [-60.338446036662404, 45.924463969677554], [-60.33841872892687, 45.92441176781891], [-60.338408700976835, 45.92432512672717], [-60.33839116095133, 45.92431811135301], [-60.33834788289713, 45.92430074825186], [-60.33832420619148, 45.924271582957935], [-60.33832069892429, 45.92425863011279], [-60.33832123759354, 45.9242384809484], [-60.33832252196233, 45.92418846661569], [-60.338319053144794, 45.924131590919465], [-60.33829931722699, 45.924072364898905], [-60.33827761428421, 45.924043461617494], [-60.33826450794222, 45.924026000665265], [-60.33824509240026, 45.923994846496655], [-60.338221030280394, 45.92395622138982], [-60.33820053939017, 45.92391708546904], [-60.33818817616745, 45.92389353030745], [-60.33816371636857, 45.92384704724838], [-60.338144447391755, 45.92380232331944], [-60.33814349792637, 45.9237933274218], [-60.33813920880776, 45.923752786992], [-60.33813300804552, 45.923701527090685], [-60.33813132766872, 45.92367492665393], [-60.33813503069789, 45.9236161479442], [-60.338141094180656, 45.923594282402554], [-60.338144709068395, 45.923581270545796], [-60.338162837780374, 45.92355469081094], [-60.33818269730534, 45.92352563120181], [-60.338220655574275, 45.9234681909926], [-60.3383127277343, 45.92335825048301], [-60.33835253438051, 45.92331069115147], [-60.33836613432657, 45.92326366409036], [-60.33837718228119, 45.92322953865409], [-60.338391184276716, 45.92315254839937], [-60.33839306194609, 45.92314538254697], [-60.33840081103453, 45.92311577961288], [-60.33841577154321, 45.92306134061969], [-60.33842126697572, 45.923041369985114], [-60.338466695340806, 45.92280624859473], [-60.33846667330691, 45.92280293579803], [-60.33846634812947, 45.92275124580064], [-60.3384662095124, 45.92274066666569], [-60.33846604554007, 45.92272549654731], [-60.33846917951013, 45.922691267657044], [-60.33847142284769, 45.92266675684157], [-60.33848647594591, 45.9226359830175], [-60.33850258731239, 45.922603037668026], [-60.33852267887742, 45.92256615273497], [-60.338524403134876, 45.92255976637138], [-60.33854084926306, 45.922499070444104], [-60.33857721800124, 45.92243170121766], [-60.3386095902804, 45.92236160161401], [-60.33861290907443, 45.922348843862174], [-60.33862033748064, 45.922320277525905], [-60.338625568813804, 45.92227859986804], [-60.33862930560424, 45.92224875039391], [-60.33863399337435, 45.92223595253957], [-60.33864041725716, 45.92221840673586], [-60.3386909552307, 45.922048965924034], [-60.33871123114927, 45.921980996590676], [-60.33872014980292, 45.921959287560306], [-60.33873735786357, 45.921917429967905], [-60.33876280370327, 45.92187159699103], [-60.338782393122976, 45.9218363024442], [-60.33878523309015, 45.92182815992403], [-60.338794630052135, 45.92180130459235], [-60.33879451706256, 45.921770780345916], [-60.33879442504479, 45.92174628710444], [-60.338789015414314, 45.921692768466606], [-60.33878787240002, 45.921681346854015], [-60.338786355432504, 45.92164835968064], [-60.338785623760984, 45.921626992801286], [-60.33878404605789, 45.92158071907437], [-60.33878076762121, 45.92152201165153], [-60.338779809733964, 45.921504833859316], [-60.33877909971797, 45.92149164018427], [-60.338776323978266, 45.92143994707536], [-60.33877442825184, 45.92141245054525], [-60.338768390319046, 45.92135508293334], [-60.3387676917916, 45.92134838808249], [-60.338767247949605, 45.92134634356482], [-60.338751406992834, 45.92127364420543], [-60.33874718432187, 45.92125111587677], [-60.3387392763789, 45.92120884398009], [-60.33871879604493, 45.92114766549335], [-60.338692795788106, 45.92107004896352], [-60.33868053298403, 45.921031194873954], [-60.338677229564304, 45.92102072199665], [-60.338638023294266, 45.92093421095004], [-60.33861025068974, 45.92088124221086], [-60.3385751639537, 45.92081429581837], [-60.33851530146772, 45.92070695256802], [-60.33845016767527, 45.920620836257946], [-60.338411251373145, 45.92055442160975], [-60.338409260092945, 45.920551026911035], [-60.33837775171866, 45.9204874671396], [-60.33835031833204, 45.92043011386257], [-60.33829864857954, 45.920377695144346], [-60.33827369350682, 45.920352370357364], [-60.338207106017606, 45.920304464302646], [-60.3381351068701, 45.920270473269774], [-60.33808941581175, 45.920252396753256], [-60.338056661743074, 45.920244252612775], [-60.33804263212003, 45.92022804821216], [-60.33802024382002, 45.92020218015001], [-60.338005139759154, 45.92017797601397], [-60.337984517792066, 45.92016828750511], [-60.337933386063774, 45.92014425159683], [-60.33788643069426, 45.92009870216867], [-60.33787098136194, 45.920049377808674], [-60.33786465388548, 45.92002125589928], [-60.33784610843177, 45.91993880851908], [-60.33783905826467, 45.91990665541534], [-60.33783423653566, 45.91988479714126], [-60.337831038995084, 45.919847864432306], [-60.33782693215235, 45.91980055963567], [-60.337836201225684, 45.91975185651683], [-60.33783726883185, 45.91974625592187], [-60.33786644778562, 45.919719690807575], [-60.3378998334691, 45.919689299415126], [-60.33791513916359, 45.91967371584792], [-60.33793845734594, 45.91964996634411], [-60.33814146910892, 45.91954704941798], [-60.33816307345209, 45.91952758029026], [-60.33818488047315, 45.9195079178657], [-60.3382295935463, 45.91947527019293], [-60.33823218598653, 45.91947337745204], [-60.33832177248124, 45.919404188454074], [-60.33835529703532, 45.91937169398335], [-60.33838425110181, 45.91934362036495], [-60.338415344791166, 45.919315839628915], [-60.33844069956421, 45.91929318157895], [-60.338516273324764, 45.91923599689053], [-60.338590702462696, 45.919180360610916], [-60.33863037111726, 45.91915070948382], [-60.338701797779855, 45.919083698185126], [-60.33872764438464, 45.919066659015236], [-60.338818775197225, 45.91900559731038], [-60.33884702371862, 45.918994419586404], [-60.338857657973264, 45.91899021201847], [-60.33887624490218, 45.918987440880855], [-60.3389339276636, 45.9189788482093], [-60.33900568056015, 45.9189616186028], [-60.33902487900105, 45.91895226412306], [-60.339089655708186, 45.9189207316883], [-60.339171875389425, 45.918868012794135], [-60.33920412003086, 45.918846352184275], [-60.339266745126025, 45.91881072816767], [-60.33927252497497, 45.918807442543006], [-60.33930622057027, 45.918790226090536], [-60.33935510355202, 45.91876932213372], [-60.33945434354953, 45.91872689144309], [-60.339465683185885, 45.91871656172449], [-60.339495601991764, 45.918689329369755], [-60.33953901676816, 45.91863903641889], [-60.33955127935597, 45.91862531690064], [-60.339577424290475, 45.918596097439455], [-60.33958712535862, 45.91858524349287], [-60.3395966366198, 45.91857458314055], [-60.339637991919425, 45.91853660923607], [-60.33967612311572, 45.91850160246868], [-60.33973116807662, 45.91845026627019], [-60.339734429042124, 45.91844733597824], [-60.33975299945044, 45.918430613112335], [-60.339791166877326, 45.91837677752958], [-60.33980103020352, 45.91835848370376], [-60.339806167135265, 45.91834895453897], [-60.33983134104913, 45.91829715645722], [-60.33987652199138, 45.918270594557995], [-60.3398836213105, 45.91826641255887], [-60.339909796834384, 45.91825839055775], [-60.33991469048132, 45.918252600043175], [-60.33995065592189, 45.91821001808581], [-60.33994700691129, 45.91818951032798], [-60.33994155733534, 45.91812790809324], [-60.33993366880373, 45.9180744307491], [-60.33988399786968, 45.91800233859343], [-60.33982524089098, 45.91796465173768], [-60.339817183361966, 45.91795947760787], [-60.33977304668549, 45.91789274377356], [-60.33974376846276, 45.91786829967365], [-60.3397274742283, 45.91786062045799], [-60.339680470481646, 45.917838472642515], [-60.33963824043189, 45.917840009049485], [-60.33962763461351, 45.91784039202341], [-60.33962552099406, 45.91784333104039], [-60.33961354524606, 45.91785995549997], [-60.33959322240491, 45.91788743844824], [-60.33957893808774, 45.91790676335852], [-60.33956531554576, 45.917911441421595], [-60.33955022447173, 45.91791662531658], [-60.33954273783098, 45.91791488476213], [-60.339534779733974, 45.91791302521414], [-60.33934695026269, 45.917903608660986], [-60.33924567453834, 45.91791799041633], [-60.33923547082882, 45.9179212899734], [-60.339218154620504, 45.9179268900188], [-60.33917573043155, 45.91794003273128], [-60.339147626542626, 45.917948738694314], [-60.339130201813504, 45.91795256304498], [-60.33909274593798, 45.9179607810594], [-60.33903675285264, 45.91797747787835], [-60.33891030864534, 45.91800659217931], [-60.33886453642986, 45.91801396826693], [-60.33880729851211, 45.91802972688612], [-60.338693389488164, 45.918044002761505], [-60.338641042220054, 45.918054303793404], [-60.33860390417598, 45.91806504027086], [-60.338552393358434, 45.91807996015233], [-60.338521685942105, 45.91808863228529], [-60.33850676999982, 45.91809284804022], [-60.338364204945016, 45.9181451500433], [-60.338187847310984, 45.91819270384926], [-60.3381636734935, 45.918199584012065], [-60.338137891144015, 45.91820693071867], [-60.33811543432954, 45.918210268585646], [-60.3380587564136, 45.918211620640925], [-60.33803500095683, 45.91821218298363], [-60.33802170926607, 45.91821236818713], [-60.33800596577264, 45.91821258624302], [-60.337907661953366, 45.91821227481713], [-60.337809332375826, 45.91821196270598], [-60.33778857966261, 45.91820771657903], [-60.33773231050735, 45.91819621589346], [-60.33763504500729, 45.918161545477105], [-60.337576458641564, 45.91812786678438], [-60.33754603513588, 45.91810042516195], [-60.33750763574997, 45.91807365264509], [-60.33748900389265, 45.91806066215408], [-60.33740595603289, 45.91802317275979], [-60.33736715016173, 45.918004356403955], [-60.337315469509655, 45.91798671596155], [-60.33730686666206, 45.917983779132825], [-60.33728920693291, 45.917975536683336], [-60.337162836521664, 45.91791876536611], [-60.3371499829493, 45.91790252526738], [-60.33711211606637, 45.9178546672145], [-60.33710289762426, 45.91783118524539], [-60.337099817658796, 45.91782332775283], [-60.33709815148137, 45.91779751967771], [-60.337095531126934, 45.917756892076255], [-60.33711372901853, 45.917672799142515], [-60.33714946322868, 45.91762430816148], [-60.33717072961383, 45.91760111401591], [-60.33718565583886, 45.91758482863431], [-60.33721757734238, 45.91753731981856], [-60.337250649168645, 45.917485175414214], [-60.3373139750562, 45.9174497218177], [-60.3373377070525, 45.9174364409815], [-60.33736001975217, 45.917416709493565], [-60.33738670822666, 45.917393119686956], [-60.337424689186, 45.91733000973875], [-60.33743562217149, 45.91727914024155], [-60.33746253061745, 45.91720326103347], [-60.33747439779844, 45.91716978481227], [-60.33747341091214, 45.91712546898009], [-60.337471163922174, 45.917096704112126], [-60.337468063143184, 45.91705721741367], [-60.33746257709123, 45.917001824732395], [-60.33740491060076, 45.91692955405849], [-60.33738966640924, 45.91692150295582], [-60.337378724342486, 45.91691571234805], [-60.337266929178064, 45.91689987448182], [-60.33716942949721, 45.91687041864873], [-60.33709774722084, 45.916862779601296], [-60.33707859167559, 45.91686073977512], [-60.33698998546583, 45.91682303044506], [-60.33689484637511, 45.916812423048164], [-60.33682978729852, 45.91680516330911], [-60.336720698628106, 45.91678047725594], [-60.33624408852811, 45.91670212483216], [-60.336224815336536, 45.91669392558627], [-60.33620176299342, 45.91668412605101], [-60.336106831039814, 45.91662799689433], [-60.336068337277965, 45.91659703632173], [-60.336021918229115, 45.91655896025317], [-60.33599448429081, 45.91653859955623], [-60.33597548160387, 45.91652448406656], [-60.33590454397474, 45.916468185432635], [-60.33580878089572, 45.916399804578184], [-60.33568115511223, 45.916328961097335], [-60.335663466342496, 45.91624863948354], [-60.33566028749678, 45.916234236077145], [-60.33565073988658, 45.91612663403025], [-60.335602838018644, 45.91600940634777], [-60.335576071139876, 45.91594604639079], [-60.335501958123466, 45.91588068163316], [-60.335443433730624, 45.915829091724895], [-60.33541214180666, 45.91580125122525], [-60.33537974915142, 45.91577243094981], [-60.335378915837914, 45.915771790451494], [-60.33532663778708, 45.9157316782152], [-60.33526356082271, 45.91569141297041], [-60.33520906213767, 45.91568528080665], [-60.33511900695994, 45.9156835393163], [-60.33503838347292, 45.9156921887433], [-60.33498211593775, 45.91571463766888], [-60.33491790325659, 45.91575515472238], [-60.334843438364146, 45.91580213804678], [-60.334814303439614, 45.91582053072133], [-60.33482989503157, 45.915898571334644], [-60.3348368332676, 45.91595858844432], [-60.33484111890685, 45.916041405622764], [-60.334842975250474, 45.91608341057775], [-60.33484463643941, 45.91612114460872], [-60.33484507451227, 45.91620675223691], [-60.334833077656, 45.91626578737523], [-60.33480659870357, 45.916320524171944], [-60.33476917071068, 45.91651766775388], [-60.33474552011208, 45.91660757358115], [-60.3346741502066, 45.916659642460274], [-60.33459888557166, 45.916712790489434], [-60.33456378294556, 45.91671522944021], [-60.33454169652545, 45.91671676609263], [-60.334520521433035, 45.916717045902104], [-60.33445342117131, 45.916717945871696], [-60.33438261465606, 45.9167181472348], [-60.334357348512675, 45.91671822350816], [-60.33427309213504, 45.916719226939115], [-60.33418195303716, 45.91671127587413], [-60.334144801055096, 45.91670804136844], [-60.33405534018907, 45.91668579114076], [-60.33400375472807, 45.916654371222016], [-60.33399419481254, 45.916648540550284], [-60.333965069003476, 45.9166411639917], [-60.33392093420344, 45.91662998971659], [-60.333906061620766, 45.916629534478965], [-60.33379034847939, 45.91662605880593], [-60.33367675850376, 45.916623217639724], [-60.33355112983947, 45.91661245359623], [-60.33349780256515, 45.91660446680628], [-60.33346857199086, 45.9166000849336], [-60.33343649917754, 45.91659204537359], [-60.33336598195611, 45.91657437731467], [-60.333282904942344, 45.916562887471095], [-60.33327515451309, 45.91656181540263], [-60.33325251074801, 45.91655883840074], [-60.33313034747109, 45.91654277235376], [-60.33309649072147, 45.91653697723408], [-60.33302969692845, 45.91652557045794], [-60.33297062118158, 45.91649519924293], [-60.33294825682954, 45.91648370496897], [-60.33288736375601, 45.91645735061741], [-60.33283755633416, 45.91640984230109], [-60.332802778643334, 45.91635816661637], [-60.33280087561564, 45.91631689860107], [-60.33283642911329, 45.91628541620962], [-60.332872348126834, 45.916227480053955], [-60.33285773995943, 45.91619326893321], [-60.3328386094931, 45.91614848428027], [-60.33281166441571, 45.9161112307694], [-60.33278382350597, 45.91607275922453], [-60.332703935749095, 45.91602300912926], [-60.3326186559172, 45.915969802739845], [-60.332505562710764, 45.915956630112966], [-60.33238128452652, 45.91596560803029], [-60.3322782294487, 45.91597302943441], [-60.33222761703448, 45.915973791223216]]}, "properties": {"OBJECTID": 160734, "FEAT_CODE": "WARV10", "FEAT_DESC": "Double Line River - Water to the left line", "RIVNAME_1": "Gaspereaux River", "RIVNAME_2": " ", "ZVALUE": 9999, "FID": null, "SHAPE_Length": 4661.632991644839}}, {"type": "Feature", "id": 160735, "geometry": {"type": "LineString", "coordinates": [[-60.391244722292164, 45.91345976216851], [-60.39123115823273, 45.91346798503665], [-60.391209082232166, 45.913484762199836], [-60.39110319448325, 45.91356524027914], [-60.391072241688455, 45.91358982530546], [-60.39102491782218, 45.91363684425745], [-60.3910242417269, 45.91363751286972], [-60.39102195500986, 45.91364255506228], [-60.39101561506971, 45.91365648742145], [-60.39099777518174, 45.913679445842305], [-60.39097746574687, 45.913705570115006], [-60.39092543432655, 45.913754254625225], [-60.390917463642126, 45.91376171417146], [-60.39091423388659, 45.913764592633136], [-60.39089886087829, 45.91377839061205], [-60.39084458371489, 45.91381254153912], [-60.3908281875217, 45.913822859835825], [-60.390827264762024, 45.91382328879119], [-60.390719828181375, 45.913886998695915], [-60.390655292883686, 45.91395373194869], [-60.39065477767871, 45.913954269223474], [-60.39064281820632, 45.91396731709404], [-60.39061817499662, 45.91398548460656], [-60.390613566969826, 45.91398888061347], [-60.390591076361574, 45.91399826755246], [-60.39057316121961, 45.91400082844506], [-60.39053664009327, 45.914001434051514], [-60.390449907954476, 45.91403581525952], [-60.39031318069394, 45.91410568703401], [-60.39024481723637, 45.914130857029846], [-60.390242636365635, 45.91413171626811], [-60.390232730802175, 45.91413561224805], [-60.39014734031455, 45.91415815187305], [-60.39013331775134, 45.9141607476522], [-60.39013135371371, 45.914161107800766], [-60.39012112271529, 45.91416149503461], [-60.39005227115372, 45.91416407983253], [-60.38999853154187, 45.91416366168936], [-60.38995696779567, 45.91416317977754], [-60.38992686090474, 45.91416284269612], [-60.38991037364139, 45.91416272688855], [-60.38990495932718, 45.91416269314716], [-60.38984954072209, 45.91416205654342], [-60.389659497539164, 45.914169683700194], [-60.38964144678684, 45.91416936110078], [-60.38962149805688, 45.91416881509836], [-60.389515321135185, 45.91416440784308], [-60.38950067034078, 45.914163352872976], [-60.38944080661613, 45.91416126434212], [-60.38943270202161, 45.914160854051545], [-60.3894222830342, 45.91416030084531], [-60.38939745127695, 45.914159391155245], [-60.389352384657506, 45.914157712850695], [-60.38934623268796, 45.91415663613176], [-60.3893363970972, 45.91415491715393], [-60.389232892486454, 45.91413175912045], [-60.38921421277645, 45.91412890185902], [-60.38916079925497, 45.91411933699429], [-60.38908748865101, 45.91410620293115], [-60.389028234155624, 45.91409305716683], [-60.38898437090125, 45.914083323539614], [-60.38897831331128, 45.9140816099041], [-60.38896640169929, 45.914078241291165], [-60.38888291148055, 45.91406934772955], [-60.38883387172094, 45.91406413107995], [-60.3888268723261, 45.91406215288094], [-60.38881581279383, 45.91405903775535], [-60.38871190750823, 45.914033709902014], [-60.3886746193531, 45.91402730377555], [-60.388641142778056, 45.91402156084565], [-60.38845562838049, 45.91399644574953], [-60.38843829593853, 45.91399181001644], [-60.38828297199761, 45.91396305568473], [-60.3882650863692, 45.913959766389944], [-60.388251441821296, 45.91395733015242], [-60.388243731485154, 45.91395593870953], [-60.388126958118434, 45.91394103593811], [-60.388109627489214, 45.91393910942796], [-60.388092992003806, 45.91393665876824], [-60.388022129944524, 45.9139307086312], [-60.387991380789025, 45.91392812415768], [-60.387824616639435, 45.9139123386625], [-60.38780549219401, 45.91391099212709], [-60.387804065768705, 45.91391088749238], [-60.38779959876397, 45.91391045228392], [-60.387710281492545, 45.91390181160563], [-60.38754210464126, 45.91387602052871], [-60.38749706464419, 45.91386911265254], [-60.387473792091285, 45.91386768016566], [-60.387435490723576, 45.91386802803342], [-60.3873864562477, 45.91386847236572], [-60.3873593510784, 45.91386902234972], [-60.38728186189629, 45.9138715698746], [-60.38715839016487, 45.91390869932056], [-60.38715092130215, 45.91391397389806], [-60.387145039756504, 45.91391812369387], [-60.38714083782544, 45.91392275295696], [-60.38713567066762, 45.91392844022764], [-60.3871106224635, 45.91397278095578], [-60.38710737179634, 45.91397445272829], [-60.38710125330291, 45.9139776070157], [-60.38703550453826, 45.913977002707355], [-60.38702262765649, 45.91397716710861], [-60.38701036991246, 45.91397732767357], [-60.38697661973152, 45.91397823856366], [-60.38692565849437, 45.913979619694395], [-60.386875967009274, 45.91398334305524], [-60.38686047991912, 45.91398554488934], [-60.386851431687376, 45.913986831969304], [-60.38677331292705, 45.91400799633519], [-60.38672117701704, 45.91403081732916], [-60.38665548042284, 45.9140595745055], [-60.386649931408186, 45.91406185972552], [-60.38664615766408, 45.91406341150531], [-60.38663369148978, 45.91406883271008], [-60.386544270084826, 45.91410770379744], [-60.38647150430711, 45.91413871129257], [-60.38642598104677, 45.91415801117484], [-60.386410431164386, 45.91416511693006], [-60.386403447462996, 45.914168296382236], [-60.38616457289397, 45.914326013042725], [-60.386158917815294, 45.91433000595731], [-60.38614283314533, 45.91434135679916], [-60.38608022834352, 45.9143808683245], [-60.38605444426718, 45.914397208584504], [-60.3860024420803, 45.914433911496396], [-60.38582951540258, 45.91455173345302], [-60.385826588799695, 45.91455391665041], [-60.38580639821144, 45.914568944775354], [-60.385781381518775, 45.91458843480786], [-60.38571402870789, 45.91464143760145], [-60.38564493135746, 45.914704121247134], [-60.385561890731935, 45.91474794405046], [-60.38554477653411, 45.9147619894698], [-60.38553010262905, 45.91477404758081], [-60.38551428486039, 45.91478382930966], [-60.38547643200137, 45.91480727376051], [-60.38542205527233, 45.91485552403299], [-60.385342005275334, 45.91492652546199], [-60.385336601049154, 45.914935330489556], [-60.385334071782935, 45.91493948493923], [-60.38531709299648, 45.914983298966156], [-60.385311458243955, 45.91499783220386], [-60.385301748494186, 45.915014837358086], [-60.385281514673174, 45.91505026014107], [-60.38527806558534, 45.91505258437431], [-60.385221867353714, 45.91509046896289], [-60.385217696864885, 45.91509442381703], [-60.38520058735257, 45.91509903648628], [-60.385188819413834, 45.91510221432758], [-60.3851823882117, 45.91510323717037], [-60.385175437107065, 45.915104347116824], [-60.385138266632765, 45.91511024658053], [-60.385124361099116, 45.91511829888947], [-60.38512026850162, 45.915123065592745], [-60.38511566327318, 45.91514038563037], [-60.38511337522949, 45.915149009979665], [-60.38510725870795, 45.91518010259004], [-60.38510574645735, 45.91519032883845], [-60.38509443724459, 45.91522160857182], [-60.38509019705134, 45.91523335649046], [-60.385087620801094, 45.915240156084565], [-60.385083555057804, 45.91525093591456], [-60.38507922718075, 45.91526427496094], [-60.385078140406094, 45.915267643365354], [-60.385065503063586, 45.915300566826595], [-60.38506139945156, 45.915313523974504], [-60.38505611536668, 45.915327453176516], [-60.385046720155806, 45.9153432504072], [-60.38503972743547, 45.91535128098316], [-60.385034193316685, 45.91535763481269], [-60.38501276322464, 45.915374605581476], [-60.38499889324439, 45.91538436883499], [-60.38498753922168, 45.915391633481676], [-60.384985585221465, 45.91539287584682], [-60.38496625597565, 45.91541206389923], [-60.38496399319432, 45.91541493733293], [-60.38496145588005, 45.91541816451072], [-60.38492174783295, 45.91547008972779], [-60.38491840847775, 45.91549449534681], [-60.384903984035766, 45.9155555592698], [-60.38489456815091, 45.91559538806436], [-60.38487320481714, 45.915647697349755], [-60.384859316874525, 45.91568170824315], [-60.384858543436934, 45.915692401444936], [-60.384859538934165, 45.91573157758158], [-60.38486118540499, 45.91574620553041], [-60.38486255173105, 45.91575828884735], [-60.38486331599557, 45.91576397683271], [-60.38488605369035, 45.91580698114914], [-60.38489020481371, 45.915817157069085], [-60.38489181279611, 45.915854277054024], [-60.38489076668654, 45.915859797571066], [-60.38488977274529, 45.915865031258186], [-60.38488238300506, 45.915877391102285], [-60.384873678431205, 45.915891935025], [-60.38487227146791, 45.91589607916165], [-60.38487157052195, 45.91589809728342], [-60.38484051375129, 45.91594455910071], [-60.384841215465435, 45.915951577767224], [-60.384844171194885, 45.91596002516871], [-60.384847708030186, 45.91596982699191], [-60.38485417218485, 45.91598511431313], [-60.384856414042915, 45.9159903680956], [-60.38486066055482, 45.91599604581708], [-60.384862157651696, 45.91599986042306], [-60.38486228792035, 45.91600065547375], [-60.38486264535585, 45.916003201875455], [-60.384855619144645, 45.916018252271115], [-60.38485254732918, 45.916021053170795], [-60.38485089062703, 45.91602255436322], [-60.38484938703303, 45.91602381604111], [-60.38484419266508, 45.91602815246866], [-60.38483100043041, 45.91603556401991], [-60.38481861679018, 45.91604250804538], [-60.38480526202971, 45.91604734165226], [-60.38474647502686, 45.9160640059148], [-60.384724479201694, 45.91607023475768], [-60.384712431716856, 45.91607139897664], [-60.38469795277526, 45.91607271452789], [-60.384645607355594, 45.91607743822997], [-60.38463890893892, 45.91607728482263], [-60.38463145030816, 45.91607684398135], [-60.384566114193234, 45.91604546507918], [-60.38455948161995, 45.916040893798375], [-60.38455800766796, 45.916039878957136], [-60.38454914073014, 45.91603373537288], [-60.38451476368864, 45.91602079699956], [-60.384496922341214, 45.91601408783792], [-60.384475606592204, 45.91601215951201], [-60.38439550444729, 45.91601563531776], [-60.38437885342637, 45.916015973999706], [-60.384367243319936, 45.916016338131], [-60.38436232276666, 45.91601649545138], [-60.38434301872321, 45.91601813247784], [-60.384330334974756, 45.916019390092245], [-60.3843217836911, 45.91602024731655], [-60.384289643699404, 45.91602171633864], [-60.3842640171461, 45.91602288450605], [-60.38424673875498, 45.91602257874485], [-60.38423782645789, 45.91602124050718], [-60.38420923273543, 45.91601694923778], [-60.38418267962953, 45.916016431021475], [-60.38410394370941, 45.91602101800939], [-60.38409260724709, 45.9160221444455], [-60.384078161455975, 45.91602357768741], [-60.3840220720841, 45.916029763472665], [-60.38397742898492, 45.91603468131006], [-60.38396544463511, 45.91603587389872], [-60.38395164672055, 45.91603724095925], [-60.38388883731699, 45.91604016747094], [-60.383863648723555, 45.916041345581476], [-60.38385647347283, 45.916041460228236], [-60.383838483608336, 45.916041750158286], [-60.38376828472272, 45.91604249114519], [-60.38375087348511, 45.916042542296104], [-60.383691196297406, 45.91603946493938], [-60.383689685576336, 45.9160392323113], [-60.38367903493125, 45.916037566179156], [-60.383565601582994, 45.91602533648921], [-60.38355433084817, 45.91602533928179], [-60.383550126812466, 45.9160253419691], [-60.38351322901102, 45.916031733192334], [-60.38347122139272, 45.91603901541206], [-60.383469081960385, 45.91604337676886], [-60.38346268686431, 45.91606062872601], [-60.38345059047094, 45.91609326737535], [-60.38344118216024, 45.91609891130693], [-60.38341455884468, 45.91610701403848], [-60.38341123576029, 45.91610802699014], [-60.38340874073804, 45.91610815883823], [-60.38339727292588, 45.91610878715345], [-60.38338717859398, 45.91610927592352], [-60.383365303973136, 45.916109359757364], [-60.3833366323103, 45.91610946785868], [-60.38324912030712, 45.916102962236955], [-60.38321415663474, 45.91609784069698], [-60.38314209408002, 45.91609186902456], [-60.383102988928336, 45.91608953279327], [-60.38298875912641, 45.916086285046156], [-60.382954489959815, 45.91608558971833], [-60.382920607241175, 45.91608490323649], [-60.38288623521774, 45.91608447555401], [-60.38285956605311, 45.916082586253204], [-60.382819813500355, 45.916079758047175], [-60.382774815316466, 45.91607824072798], [-60.38272845042251, 45.916076719069956], [-60.38271379925454, 45.91607621226707], [-60.382697133836636, 45.91607384114246], [-60.38265219538301, 45.916069957941886], [-60.3826474431688, 45.91606955199818], [-60.38262609614277, 45.916065822456126], [-60.38260351980147, 45.91606026458073], [-60.38250793845336, 45.91603341172109], [-60.38248340044643, 45.916029257982636], [-60.382462893095095, 45.91602522362847], [-60.38245742421479, 45.91602415319474], [-60.38235280309497, 45.91601950491419], [-60.38234051745401, 45.91601970034144], [-60.38232958691226, 45.916019872824776], [-60.38229040780038, 45.91602212501102], [-60.382275227854336, 45.916021894055326], [-60.38226785665593, 45.91602178809203], [-60.38223912625363, 45.916017664209996], [-60.38220597711141, 45.916012898982174], [-60.38218477972947, 45.916008182703315], [-60.38216212659317, 45.91600261397921], [-60.38214300205273, 45.915995776024815], [-60.382134720299355, 45.915992822938264], [-60.38211998165198, 45.91598814669807], [-60.38210504756895, 45.915982142862845], [-60.38207582410084, 45.9159704109882], [-60.38206345058697, 45.91596589696946], [-60.38205919093639, 45.91596434119397], [-60.382042453454254, 45.91595829600815], [-60.382016495161125, 45.91595171540496], [-60.381969433562425, 45.915939790579785], [-60.381949022194604, 45.91593782851022], [-60.38194491449668, 45.91593742831239], [-60.38192429157549, 45.91593749556197], [-60.3818942270738, 45.915940622628895], [-60.38186324290438, 45.91594383661247], [-60.3818503259925, 45.91594511560781], [-60.38183747348764, 45.91594639607836], [-60.38180635640868, 45.915948049866415], [-60.38175474850773, 45.91595079998114], [-60.38172297498764, 45.91595133160151], [-60.38163695817355, 45.91595169960687], [-60.38161948474748, 45.91596978654584], [-60.38161160832204, 45.915977949662704], [-60.3816115111335, 45.91598083668087], [-60.38161126767026, 45.91598765368083], [-60.38160979477466, 45.91599428947855], [-60.381577752259794, 45.91601505761826], [-60.38155853339846, 45.916015156995286], [-60.38154024858394, 45.91600801416621], [-60.38151573439799, 45.91599842430167], [-60.38150423207877, 45.91599321013677], [-60.3814112419438, 45.91597460647122], [-60.381382228915385, 45.91597457124193], [-60.38128820162642, 45.91597745552934], [-60.381261796376755, 45.91597955024624], [-60.381245959543904, 45.91599190516548], [-60.38122458068523, 45.916008579372395], [-60.38121192258902, 45.916014769649294], [-60.381196619545776, 45.91602098927792], [-60.38115026395936, 45.91603981792842], [-60.381135682017934, 45.916040032571765], [-60.38112821035342, 45.91603302064168], [-60.38111740500337, 45.91602286299798], [-60.38111049184994, 45.91601631391341], [-60.38110375125757, 45.91601157794018], [-60.38108921386687, 45.91600344988712], [-60.381082768596826, 45.915999836780585], [-60.381077734149834, 45.91599857822669], [-60.38106607157371, 45.915995673539776], [-60.38105697093057, 45.915995050795466], [-60.381044206674545, 45.91599418201688], [-60.381030750092755, 45.915994323446846], [-60.3810171260513, 45.91599446103475], [-60.380995879462795, 45.915999284220575], [-60.380991284460045, 45.91600019592547], [-60.380973997076424, 45.91600364278253], [-60.38094752045771, 45.916007526942764], [-60.38092426116636, 45.9160082626101], [-60.38090871324688, 45.91600927413996], [-60.38090578974935, 45.91600946811245], [-60.38089645059346, 45.91600980296728], [-60.38080153139224, 45.916013278449896], [-60.38078632836544, 45.91601381183193], [-60.3807829312143, 45.91601393193225], [-60.380761587215225, 45.91601507152603], [-60.38072181097755, 45.9160163103925], [-60.38071036379098, 45.9160175959667], [-60.38070314306971, 45.916018402431305], [-60.38066924128863, 45.91602113513519], [-60.38066847263071, 45.916021027496896], [-60.380627909101605, 45.91599516496076], [-60.3806234523953, 45.91599231750182], [-60.38062153897682, 45.91599214760244], [-60.38061736137591, 45.91599186276339], [-60.3805508458556, 45.915985035603214], [-60.38045160528626, 45.91597484751335], [-60.380433387272355, 45.915974231595975], [-60.380414185184556, 45.91597370111112], [-60.38039607978338, 45.915970693566614], [-60.38034114909065, 45.91596157581269], [-60.380321208367306, 45.91595509686165], [-60.38031120241356, 45.91595288715632], [-60.380235711168424, 45.91593621408555], [-60.38020784949383, 45.91593062449386], [-60.38013880361226, 45.915920300750706], [-60.38011555400298, 45.91591617606019], [-60.380065085096184, 45.91590322719822], [-60.38005088772986, 45.9158999312253], [-60.38004314488366, 45.915898133447996], [-60.380005041463725, 45.91589013965112], [-60.37998070243917, 45.91588779009267], [-60.37995983716331, 45.915887527398986], [-60.379954810846215, 45.91588746608423], [-60.37994890689491, 45.91588742063659], [-60.37993031910065, 45.91588726419481], [-60.37992123705659, 45.915886794799604], [-60.379911666363434, 45.91588629619081], [-60.37986648740804, 45.91587328859539], [-60.37984060741341, 45.91586450410459], [-60.37980574184812, 45.915850464008045], [-60.379799350613865, 45.91584789615775], [-60.37979534425606, 45.91584616609388], [-60.37977799168057, 45.91583867533997], [-60.37972662522174, 45.91581220458069], [-60.37971958261434, 45.91580895572315], [-60.379714483100024, 45.915806615523735], [-60.37970501249658, 45.91580289691895], [-60.379626030298695, 45.91576644065961], [-60.37960143382657, 45.915764904182645], [-60.37957958805672, 45.91576355682996], [-60.379567111333714, 45.91576233445302], [-60.37954709945929, 45.9157603811203], [-60.37949079000775, 45.91575918799773], [-60.37945661324342, 45.915761463992574], [-60.37944773888115, 45.91576206141612], [-60.37944028476007, 45.915761800354076], [-60.379327916367515, 45.91577353293017], [-60.379315614762845, 45.91577352064749], [-60.379311295243404, 45.91577351152753], [-60.37929554558455, 45.91577059387253], [-60.379242634187314, 45.915760774865525], [-60.37922523051152, 45.9157524547838], [-60.37921772799303, 45.91574774621666], [-60.37921182855745, 45.915744046522256], [-60.37918235126956, 45.915723757349134], [-60.37917967589027, 45.915722516848646], [-60.37916228486891, 45.9157144760715], [-60.379139739365925, 45.915708000138764], [-60.379084931401394, 45.915700666747696], [-60.37905299777265, 45.915696387538766], [-60.379003303054496, 45.915697398165634], [-60.378985705856856, 45.915697840354674], [-60.378978785741, 45.9156980145549], [-60.37897201977865, 45.915698201293566], [-60.378929047891646, 45.91569939319102], [-60.37889798265396, 45.91569940023462], [-60.37886424231648, 45.91569925586134], [-60.37882853924714, 45.91569834636593], [-60.37879685112042, 45.91569788904637], [-60.37877286217687, 45.91569687037845], [-60.37876439382619, 45.915696513985914], [-60.378744655001285, 45.91569642993897], [-60.378692954327036, 45.91569622428639], [-60.37864005439611, 45.915694649967215], [-60.37861687035288, 45.91569132754425], [-60.37852980623306, 45.915692857266336], [-60.37844378720091, 45.91569437491033], [-60.37843519207724, 45.91569451962616], [-60.37841863471399, 45.91569478758173], [-60.37840578948871, 45.915695365772706], [-60.37839214307327, 45.91569597957406], [-60.3783630113441, 45.91569874009074], [-60.37833320638913, 45.91570155715064], [-60.37830803052834, 45.91570574958412], [-60.3783042223776, 45.915706382219646], [-60.37824580259276, 45.91572479771397], [-60.37823823637659, 45.91572718922677], [-60.37820516759181, 45.9157366008915], [-60.378166718096374, 45.91574909328584], [-60.37814978487907, 45.91575460002166], [-60.3780495406858, 45.91579117279613], [-60.37800164656293, 45.91581116194638], [-60.37798230956404, 45.915819241690414], [-60.377981652948975, 45.9158197666604], [-60.377764729663134, 45.91591847465952], [-60.377744202493936, 45.91592745411329], [-60.377741880520425, 45.915928291871026], [-60.37772831486815, 45.91593320981516], [-60.37767050727497, 45.91598048653711], [-60.377672172876785, 45.91599439496962], [-60.377672467786596, 45.91602124203479], [-60.3776724876867, 45.91602355568937], [-60.37767031229487, 45.91602812312998], [-60.37766389849256, 45.91604163001509], [-60.37760666587003, 45.9160933932895], [-60.37760382369831, 45.9160959652479], [-60.377545890476114, 45.91613495831375], [-60.37746870423083, 45.916188450483524], [-60.37745234745632, 45.916199505826505], [-60.37740436686277, 45.91623198580682], [-60.377369217372404, 45.91626801872244], [-60.377342022213725, 45.91629589059431], [-60.37731883209801, 45.916303908737106], [-60.377305385310535, 45.91630821730847], [-60.37729498908955, 45.9163115518498], [-60.37725721645065, 45.91632526558533], [-60.37725374755167, 45.91632745410954], [-60.37723222811685, 45.91634106407918], [-60.37718609820264, 45.916381057109874], [-60.377183620897725, 45.916384915546914], [-60.37717538250693, 45.91639773244263], [-60.37715330545966, 45.91642781899839], [-60.37713184917613, 45.91645704673289], [-60.37710503820308, 45.916475944604755], [-60.377096767188455, 45.91648179415054], [-60.377045134204145, 45.916509950728255], [-60.377035097545786, 45.916520701137], [-60.376991371233316, 45.91655894014151], [-60.37697736817048, 45.91657148960168], [-60.3769508754915, 45.91660277980545], [-60.37694828130929, 45.91660583448433], [-60.37694546768785, 45.91661026124029], [-60.37693768143152, 45.91662251245467], [-60.376919176561444, 45.916646848517935], [-60.37686567144709, 45.916717166614326], [-60.37685303608238, 45.91672860437775], [-60.376851797131565, 45.91672971901623], [-60.376840499138524, 45.916742330595696], [-60.376826538388485, 45.91675398093224], [-60.37680995564129, 45.916761070653905], [-60.376767659004024, 45.91678539122175], [-60.37674918573496, 45.91679756794512], [-60.376729147087715, 45.91681996958231], [-60.37672335033857, 45.91682339172616], [-60.3767119135379, 45.91683019460871], [-60.37666558810717, 45.91685271244492], [-60.376645789394324, 45.91685935923414], [-60.37659500631445, 45.91687659019747], [-60.37659285683391, 45.91687732388517], [-60.376590645912806, 45.91687799315601], [-60.37656772531563, 45.91688493724527], [-60.37655084176762, 45.91688746563032], [-60.37652799846639, 45.916890856183905], [-60.37651682555207, 45.916890968537686], [-60.376511355241995, 45.91689102288206], [-60.37649206648756, 45.916889589669466], [-60.37646821859168, 45.916889671851685], [-60.37637174335154, 45.91690887724728], [-60.37634201974007, 45.91691323478754], [-60.37629235361785, 45.91692154451451], [-60.37628249983413, 45.91692321728325], [-60.37627181398971, 45.91692503294803], [-60.37622284050194, 45.916935608750336], [-60.37606443397111, 45.916966703082224], [-60.37606055881329, 45.91696820717774], [-60.376047094704376, 45.91697342428029], [-60.37602631564866, 45.91697870732183], [-60.37601655292203, 45.91698118322825], [-60.376007982254784, 45.91698381253537], [-60.37599797254862, 45.91698687681588], [-60.37596969798419, 45.916995506916855], [-60.37592888851444, 45.91700797133111], [-60.37592444724478, 45.91700917438907], [-60.37591818997365, 45.91701087576397], [-60.37590999286747, 45.91701132646097], [-60.375905493497406, 45.91701157410173], [-60.37584089872823, 45.917014590169074], [-60.37582407162548, 45.917015373594616], [-60.375812653408865, 45.917013851103526], [-60.37576312639098, 45.91700335219123], [-60.37574643216235, 45.91699639799812], [-60.37574013456102, 45.91699376006621], [-60.375733053563856, 45.916990780103745], [-60.37571966478916, 45.9169853779924], [-60.37571696933947, 45.91698428996269], [-60.37568361201941, 45.91697218242962], [-60.37566564252374, 45.91696519891827], [-60.375631503514334, 45.91694533274541], [-60.375615479943235, 45.91693236343067], [-60.37559868756321, 45.91691901641467], [-60.37557796847819, 45.916901978847356], [-60.375570606944535, 45.91689428502576], [-60.375559901927694, 45.91688311207453], [-60.375533622858526, 45.916852175545635], [-60.375518470420495, 45.91682347489255], [-60.375510978487476, 45.916810071582944], [-60.3755017911026, 45.91678367720182], [-60.37549560064804, 45.91677029480113], [-60.37549242548341, 45.916766801536724], [-60.37548674971268, 45.916760550572036], [-60.37547544812688, 45.916752730189515], [-60.37546940428856, 45.916748540941626], [-60.375443802394905, 45.916722660384856], [-60.375440239285055, 45.91671508985556], [-60.375436184351045, 45.91670646393348], [-60.37543231535448, 45.916676402453724], [-60.375429606734215, 45.91666219999452], [-60.375428697535526, 45.91665741769196], [-60.37542917722211, 45.91660351411193], [-60.375429900974794, 45.916585439200595], [-60.37542968327387, 45.91656545249054], [-60.37542903079773, 45.91654948813249], [-60.3754288994099, 45.91654653286066], [-60.375428860821856, 45.916539970413325], [-60.375428647504975, 45.9164972028579], [-60.375427717859125, 45.91647863990812], [-60.37541651911243, 45.9164481399452], [-60.37540943915418, 45.91643939949405], [-60.37540639139953, 45.916435666134554], [-60.37539166527388, 45.91643100731382], [-60.375388694542565, 45.91642755474791], [-60.37538628582306, 45.916424763154126], [-60.37538620502462, 45.91642018890648], [-60.37538604990137, 45.91641035650152], [-60.37538619856336, 45.9163853377804], [-60.37538620029582, 45.91637573399965], [-60.375386205153916, 45.916366337308425], [-60.375391494689254, 45.916344145972175], [-60.3754008474491, 45.916330130711714], [-60.37540538589238, 45.91632331342749], [-60.37540892897177, 45.91631490713284], [-60.37541743048225, 45.91629460777139], [-60.37542397230712, 45.91627949281695], [-60.375427271526156, 45.91627188198552], [-60.37543787021115, 45.91625250389603], [-60.37545393949138, 45.916194521224156], [-60.375456574673336, 45.9161895053536], [-60.37545869903984, 45.916185476828524], [-60.37548076914571, 45.916141340238234], [-60.37548916340136, 45.9161301471846], [-60.37549399230981, 45.91612373260611], [-60.37549466734682, 45.91612309106383], [-60.37553039620081, 45.916089835274754], [-60.37554293893062, 45.91607544327539], [-60.37557211275337, 45.91604200082326], [-60.37566177621292, 45.91597772572413], [-60.37566930928649, 45.91597275940043], [-60.37568429729267, 45.91596284295738], [-60.37573648683737, 45.91592507796059], [-60.37574967984273, 45.91591630836111], [-60.375759651206884, 45.91590967891638], [-60.37581034369837, 45.91587385065201], [-60.375832184527, 45.9158567110325], [-60.37589021932822, 45.91579917958314], [-60.375891809678876, 45.91579690292964], [-60.375902793648976, 45.91578110695495], [-60.37590219870925, 45.91576173262845], [-60.375902128364096, 45.915759669835765], [-60.37590192008675, 45.915756703796596], [-60.37590141415697, 45.915749932592945], [-60.37589605389955, 45.915742734816135], [-60.375877654854676, 45.91571807295498], [-60.37585902300485, 45.91570053435077], [-60.375854340275346, 45.91569619638414], [-60.37584357859312, 45.915686228258465], [-60.37584125586702, 45.915675598979554], [-60.375844363252995, 45.91566904581823], [-60.37585054250603, 45.915656145696815], [-60.3758539453661, 45.915650436396554], [-60.37586006476617, 45.91564017212478], [-60.37586189848165, 45.915634102739084], [-60.375863592091804, 45.91562854317776], [-60.37586415012698, 45.91561370473056], [-60.37586428673506, 45.91558319525971], [-60.37585504751641, 45.915547510916795], [-60.375850760785156, 45.91553095000321], [-60.37584438690702, 45.915512982012196], [-60.37584053591756, 45.91550358672329], [-60.37583133239336, 45.9154810893264], [-60.37582736306058, 45.91543401409396], [-60.37582657799662, 45.915420584906215], [-60.375826218168946, 45.915418371448915], [-60.37582557823973, 45.91541444140875], [-60.37577850519663, 45.915310390879206], [-60.375767740320896, 45.915295571257154], [-60.37575548758966, 45.9152762080572], [-60.37572988504719, 45.91524761831182], [-60.37571970132513, 45.915238248505375], [-60.37571383081208, 45.915232848148435], [-60.37567237621365, 45.91524206637038], [-60.37565776114504, 45.91524326063574], [-60.37564239424622, 45.91524371755981], [-60.37562718669612, 45.915243530088354], [-60.37561764945612, 45.915243418920866], [-60.37560557921901, 45.915242331462466], [-60.37559997327632, 45.91523925037781], [-60.37557943505068, 45.915227959453844], [-60.375577857541806, 45.91521766232197], [-60.37560303077323, 45.91518700816534], [-60.37560346869565, 45.91517225696579], [-60.37559017982882, 45.91512838783999], [-60.375553394147865, 45.91509549070229], [-60.37555009014906, 45.91509254352472], [-60.37554219413677, 45.91508607052131], [-60.37553594856167, 45.91508096756162], [-60.37551629021601, 45.915049112084766], [-60.375503279375735, 45.91503051450099], [-60.37550143069599, 45.91502787979228], [-60.37548618481777, 45.91501265113322], [-60.37546326767203, 45.914989739524216], [-60.375440652326795, 45.914974098468726], [-60.37538917393728, 45.91494650708059], [-60.37537010664323, 45.914936294014375], [-60.37536637566557, 45.9149344711151], [-60.37535203029604, 45.91492748983912], [-60.37530595953677, 45.91490745733619], [-60.375281968214736, 45.914896384017524], [-60.375260578032666, 45.91489276911297], [-60.37523811304373, 45.91488897648738], [-60.37519057409854, 45.91488858587734], [-60.37515895446271, 45.91488832713744], [-60.37511990591152, 45.914885089390644], [-60.37503735156803, 45.91488535198751], [-60.37497268852551, 45.914892326330495], [-60.374959472807504, 45.91489420072848], [-60.37493504034531, 45.91489767144295], [-60.37483857482305, 45.91493613741608], [-60.3748368770876, 45.914936863454], [-60.37481539932846, 45.91494603654827], [-60.37480342897891, 45.914951305845356], [-60.374784453520185, 45.914959645381174], [-60.37475490793661, 45.914970361144576], [-60.37474680514374, 45.91497455824654], [-60.37469479531089, 45.915001688015344], [-60.37467741824581, 45.91501058632398], [-60.37466570977242, 45.915016590689426], [-60.37461081163411, 45.915030323877325], [-60.374603087093185, 45.9150322434693], [-60.3745648128014, 45.91503992326645], [-60.37454581935622, 45.91504618317096], [-60.37452066905162, 45.91505447970781], [-60.37448368480584, 45.91506488036746], [-60.37440714363329, 45.91506915108949], [-60.37436689903044, 45.9150693958863], [-60.3741901038149, 45.91508009210907], [-60.374160949947154, 45.91508059184989], [-60.37412789321669, 45.91508127186298], [-60.374041930228195, 45.91508298549145], [-60.374028437769354, 45.91508689659297], [-60.37401082745977, 45.91509199111128], [-60.373940945026284, 45.9151027151796], [-60.37390137002352, 45.915110355842415], [-60.37382488305474, 45.91512740851502], [-60.37382116421939, 45.91512806105644], [-60.37375348584536, 45.91513989778753], [-60.37373949361471, 45.915141556169395], [-60.37359706861642, 45.91518110630653], [-60.37356766900261, 45.9151892689007], [-60.37355241967191, 45.91519269850154], [-60.37353584550702, 45.91519414446261], [-60.3735344213537, 45.915194264720945], [-60.37352701352719, 45.915195210440295], [-60.37345630729616, 45.91520425912299], [-60.37342797558226, 45.91520864791769], [-60.37337700319504, 45.91522880734847], [-60.3733744926562, 45.91523036074192], [-60.373355893914045, 45.91524191297942], [-60.37334538296614, 45.91524986191789], [-60.37331950687817, 45.91526942846287], [-60.37331891605353, 45.915270197940174], [-60.373318009857876, 45.915271365198215], [-60.373244861103416, 45.915356999132264], [-60.37323578136039, 45.915365224001945], [-60.373226930784625, 45.91537323812372], [-60.37320847261457, 45.91539000501678], [-60.37313781013238, 45.91543608367935], [-60.37311867168913, 45.91544868555422], [-60.37307770468114, 45.91547214426813], [-60.37301696499481, 45.915518631129174], [-60.37300228104275, 45.91553247855328], [-60.37291815633362, 45.91561185626924], [-60.372897878296364, 45.91562619604173], [-60.37289707781936, 45.9156267626768], [-60.372848266583674, 45.91566668327568], [-60.37284713006078, 45.91568119337378], [-60.37284595093603, 45.9156963325457], [-60.372846132309924, 45.91571433825921], [-60.372851393299136, 45.9157293645665], [-60.37285796242577, 45.91574809328204], [-60.37286137776556, 45.915755507481045], [-60.372862862979346, 45.91575873692237], [-60.372872450710744, 45.915774438815966], [-60.372877037148086, 45.91578381512146], [-60.37288127111046, 45.915792463256395], [-60.37291019863396, 45.91582161617336], [-60.37297334865881, 45.91588521923543], [-60.37298349520956, 45.91589400338156], [-60.372983543204185, 45.915894625538776], [-60.37298419177885, 45.91590383024512], [-60.37295808392145, 45.91593239214538], [-60.37294145985065, 45.91593488996229], [-60.37288855221414, 45.915935661999136], [-60.37282351156492, 45.915936946951746], [-60.37280954619307, 45.91594349325575], [-60.37275744291885, 45.91596791975923], [-60.372703863055555, 45.91599330235211], [-60.37267353829769, 45.916007662963274], [-60.3726491259433, 45.91601943236102], [-60.372625257506556, 45.916020503351234], [-60.372601453051644, 45.9160215848093], [-60.37255724583028, 45.91602407799822], [-60.37253473475475, 45.916025351214294], [-60.372506834282945, 45.91602605938669], [-60.37250588020761, 45.91602605543643], [-60.372438769502246, 45.91602584341695], [-60.37219962360698, 45.916024481001905], [-60.37218222518305, 45.91602426065838], [-60.372175071742724, 45.916024186055935], [-60.37216044282648, 45.91602402943921], [-60.372115734340994, 45.916028671107014], [-60.37211346748815, 45.91602997805875], [-60.37207250487001, 45.91605359852574], [-60.37199508609896, 45.91606576811272], [-60.37193436066317, 45.91607643165819], [-60.37182211633623, 45.91609094993529], [-60.371819082255456, 45.91609157316687], [-60.37180754484913, 45.916093944864585], [-60.37179238137807, 45.91609718719], [-60.37177756910226, 45.91610036558994], [-60.37176824355556, 45.916109691779994], [-60.37176819090261, 45.91612418180818], [-60.37177251777983, 45.91612594653332], [-60.37177427644525, 45.91612666206655], [-60.37177619138708, 45.91612734519336], [-60.37178238026768, 45.91612954880572], [-60.37179779706426, 45.9161337739503], [-60.37179991456551, 45.91613508279168], [-60.371810063964624, 45.91614134689203], [-60.37181428239646, 45.91614513429304], [-60.37182513958266, 45.9161500645659], [-60.37182539414908, 45.91616078134102], [-60.37182549842673, 45.91616649022918], [-60.371825575256274, 45.91617059634853], [-60.371825621894864, 45.91617943617812], [-60.37182565595809, 45.916185539484175], [-60.371823517008735, 45.91619260086586], [-60.371804762183444, 45.91620580539926], [-60.37178776674311, 45.916217799314346], [-60.371771836403276, 45.91622444428036], [-60.37175135353284, 45.916229733360396], [-60.3717108884074, 45.91624527345481], [-60.37164736984097, 45.91626892367898], [-60.371639971880604, 45.916271021601496], [-60.37163207762706, 45.91627325211311], [-60.3716174378422, 45.91627714552316], [-60.37160994080929, 45.91627779203949], [-60.371601276658645, 45.91627830368324], [-60.37159622470698, 45.9162785114332], [-60.371587837863736, 45.91627888544624], [-60.37155859576243, 45.916278509417104], [-60.37152417318225, 45.91627805914506], [-60.37151547210885, 45.91627689578921], [-60.37150623256238, 45.91627566603394], [-60.37148374339366, 45.916271287063346], [-60.37147478611677, 45.91626954175798], [-60.37145943755243, 45.916264418063385], [-60.37144333990392, 45.91625795401124], [-60.37142805223021, 45.91625181462695], [-60.37141660196451, 45.91624579057243], [-60.371413672798454, 45.916244193017924], [-60.37140453311624, 45.91623921223194], [-60.37138559186806, 45.91622797531452], [-60.37137946248054, 45.916223693872176], [-60.371373302123374, 45.916217611562594], [-60.371364905463025, 45.91620454718343], [-60.37136455669057, 45.916203468063564], [-60.37136524380697, 45.91620284482525], [-60.371379191030414, 45.916194777150125], [-60.371385967608816, 45.91619000071339], [-60.371394724257875, 45.91618480181387], [-60.37140539613168, 45.916180007029354], [-60.371423976668844, 45.91617431419281], [-60.3714332850525, 45.91617163020424], [-60.37143953499531, 45.91616981189646], [-60.37144300311813, 45.91616737150932], [-60.371443190018034, 45.91616423454255], [-60.37144421641145, 45.91614687768054], [-60.371439391877544, 45.916142545269246], [-60.37143194092803, 45.91613921449415], [-60.37142179308399, 45.91613592065006], [-60.37141673381175, 45.916134373073355], [-60.37140781040629, 45.91613163845758], [-60.37139767499543, 45.91612999203848], [-60.37138514604805, 45.91612796649567], [-60.37137778937149, 45.916125096926315], [-60.37137312971403, 45.91612327952227], [-60.371368419942605, 45.91612170398529], [-60.371360435187796, 45.91611902697513], [-60.371341746558805, 45.91611390738812], [-60.37130773050299, 45.91610458264794], [-60.37130610305665, 45.91610436517039], [-60.37123512599772, 45.916097825909354], [-60.37123152602389, 45.916095960886814], [-60.371181429333774, 45.916070262567814], [-60.37117463330427, 45.91606371557559], [-60.371125537006, 45.916012208049814], [-60.37109342122903, 45.91597849889981], [-60.37108265639051, 45.91596916030542], [-60.371066488235655, 45.915956277027135], [-60.37102022465512, 45.91591577960424], [-60.37101696813246, 45.915912923396085], [-60.371010445334925, 45.91590659870257], [-60.37100081578572, 45.91589725023338], [-60.370995651756225, 45.91589137085554], [-60.37095980861927, 45.91585058225804], [-60.37094345275872, 45.91582284336897], [-60.370937346742, 45.91581534016461], [-60.37093516504134, 45.91581266171195], [-60.37091310761486, 45.91577732091562], [-60.370912639433094, 45.915768399373846], [-60.37091253816411, 45.91574188977229], [-60.37091251991978, 45.915735453801105], [-60.370915980954116, 45.91572743278872], [-60.37093471082578, 45.9157174861051], [-60.37094735551996, 45.91571078361465], [-60.370954477609445, 45.91571179365258], [-60.370982953088884, 45.91571583350334], [-60.370992344943524, 45.9157187499518], [-60.37100509896629, 45.915722013825224], [-60.371017983866956, 45.915721689402666], [-60.37104047458303, 45.91572111807747], [-60.371050567412624, 45.91571766011117], [-60.37106436513294, 45.91568737512987], [-60.37106271254011, 45.91567895736764], [-60.3710349063294, 45.915637012696344], [-60.37103542009138, 45.91563405426943], [-60.37103979218592, 45.91563022158401], [-60.37104592693327, 45.915624836340484], [-60.37105729167924, 45.91562420689449], [-60.371074608022305, 45.91562370545855], [-60.37107785200966, 45.9156230060721], [-60.371083726914556, 45.91562175519934], [-60.371085895535764, 45.91561379443687], [-60.371084596364696, 45.91560035338], [-60.37108355617849, 45.91558961851646], [-60.37107144520101, 45.91557574854548], [-60.371023253948614, 45.91556158800419], [-60.37101118239954, 45.915557799798016], [-60.370975380071435, 45.915523519700244], [-60.370963301638106, 45.91551196366504], [-60.370951866926895, 45.91550315868275], [-60.37087456826087, 45.91544430518895], [-60.3708705221903, 45.91544151180574], [-60.370867700246166, 45.91543955667464], [-60.37086426027032, 45.9154381273609], [-60.37085758217078, 45.91543536338804], [-60.370793979250294, 45.915416878586434], [-60.37077661750377, 45.9154131575726], [-60.37077148087172, 45.91541215723294], [-60.37076192301089, 45.915410299035], [-60.37071562011397, 45.915407756832025], [-60.37068565179145, 45.915406112750496], [-60.37067625696173, 45.91540571642403], [-60.370669026319504, 45.91540563994946], [-60.3706295938642, 45.915416253014165], [-60.37057281772385, 45.91542494559051], [-60.3704956617179, 45.915436751178554], [-60.37045359707227, 45.91545940060996], [-60.37044485052178, 45.91546411362857], [-60.37028679046582, 45.91553455028971], [-60.36991102340611, 45.915823642043016], [-60.369807230250004, 45.91589397774242], [-60.3696497335411, 45.91597945778161], [-60.36960847756606, 45.91599589699376], [-60.369381759031796, 45.91608625374968], [-60.36901329982307, 45.91623617894854], [-60.368969555007155, 45.916253973709864], [-60.36846987527345, 45.91650681289648], [-60.36829295766103, 45.916580493554825], [-60.36815991544105, 45.91663144109127], [-60.36806254511555, 45.91666051968055], [-60.3678761759731, 45.916716169334194], [-60.36768545720134, 45.91676289766651], [-60.36757092815782, 45.91677686405491], [-60.36750541457435, 45.91678484964863], [-60.3673036643145, 45.91679162964412], [-60.36716170500987, 45.916837501024524], [-60.36706446759582, 45.91691007354838], [-60.366784196707606, 45.91711925168932], [-60.36657298136065, 45.91730416239902], [-60.366564519154714, 45.91731157290699], [-60.3663209944809, 45.917530616055295], [-60.36628059202479, 45.91757773936952], [-60.36608158083986, 45.91780986963838], [-60.365984336562185, 45.91795197201999], [-60.36593901877706, 45.91801818947758], [-60.365799124638826, 45.91826546299794], [-60.36566212127851, 45.918538536222954], [-60.36565424106553, 45.918627057012245], [-60.3656508449195, 45.91866527693792], [-60.365648684508216, 45.918669232442404], [-60.36563629096082, 45.91869184449576], [-60.36561759963301, 45.918718091588445], [-60.36560272216661, 45.91873896319336], [-60.36559138466645, 45.91875779227854], [-60.365595487974716, 45.91877489838978], [-60.36564360569335, 45.91897554643475], [-60.365680224042165, 45.919038865491395], [-60.36571160255179, 45.919078850683114], [-60.36572703577574, 45.91909853134346], [-60.36577059292953, 45.91917028213816], [-60.365795491103974, 45.91922729128572], [-60.36587429394487, 45.9193633104643], [-60.36590772322719, 45.91941718608423], [-60.365912484239736, 45.91944627837362], [-60.36591671576926, 45.91947211817334], [-60.36591852643176, 45.91953301412592], [-60.36591871399271, 45.91953912997317], [-60.365918210379405, 45.91954459082323], [-60.36591334935777, 45.919597952256126], [-60.36587842284741, 45.91964078234923], [-60.36586500511145, 45.919657241277754], [-60.365858368903716, 45.9196609405312], [-60.365719710682164, 45.91973822692608], [-60.36566732202227, 45.919754920945444], [-60.36557270921851, 45.91977055986665], [-60.36548447620448, 45.91977375381774], [-60.365376436475316, 45.91977037022257], [-60.36536154535847, 45.91976647136759], [-60.365305341789586, 45.91975179954133], [-60.365250052038675, 45.919740434050894], [-60.36522987656843, 45.91973292996119], [-60.36517729574438, 45.91971338223341], [-60.365134387361984, 45.91969628084336], [-60.3651373791913, 45.91964972589944], [-60.36511516307472, 45.919634119018774], [-60.36510080977853, 45.919624040010916], [-60.36501897909453, 45.919603430282365], [-60.36499120223954, 45.919600944198294], [-60.364929484256585, 45.919595424736144], [-60.364849417769214, 45.91959501731319], [-60.36479508230955, 45.91959672473508], [-60.364778498571845, 45.919597251125516], [-60.3647565847924, 45.919599220649516], [-60.36471153991539, 45.9196032666047], [-60.364657732036136, 45.91962024243678], [-60.3646506623543, 45.91962247349242], [-60.364549162072095, 45.91966099458522], [-60.36439254740812, 45.919743787471525], [-60.36435070348606, 45.91975321761342], [-60.364262831418536, 45.91977301636498], [-60.36423130934982, 45.91977417897242], [-60.36417632302557, 45.91977437694982], [-60.364130056155865, 45.91977454214176], [-60.363984792763254, 45.9197731692777], [-60.36393832985703, 45.91977502201103], [-60.363871852751046, 45.91977767282556], [-60.363832087845594, 45.919788131853075], [-60.36380578685665, 45.919795049348735], [-60.36371115371098, 45.91982688763801], [-60.36367585421755, 45.91985169791186], [-60.36365807158866, 45.91986418548425], [-60.36357909698273, 45.91990331574569], [-60.36347372967568, 45.919930342632824], [-60.36339528173435, 45.91995046630506], [-60.3633569503242, 45.91996904095284], [-60.363335355890165, 45.91997950530068], [-60.363311657557084, 45.919994088422854], [-60.36329166501981, 45.92000639890277], [-60.36328288910336, 45.92000952655792], [-60.36326015501492, 45.92001764237983], [-60.3631905440213, 45.92001729518853], [-60.36312411726028, 45.91999820087628], [-60.36310607340255, 45.919991438690154], [-60.36304810204068, 45.91996972233466], [-60.36302261692439, 45.91995534467224], [-60.363006527349896, 45.91994626039578], [-60.36297313660389, 45.919921277279265], [-60.36296443387975, 45.919915243818856], [-60.36292495422974, 45.91988785188942], [-60.36288778125113, 45.9198637624905], [-60.36286478816619, 45.91983871342522], [-60.36285123743772, 45.91982395426695], [-60.36281652508071, 45.91978903973956], [-60.3627950468524, 45.91976604181488], [-60.36278266251867, 45.91975279471108], [-60.36272934920311, 45.91973212184319], [-60.36272306738335, 45.919731877761706], [-60.36270643595597, 45.91973123264975], [-60.36256150978696, 45.91973580626722], [-60.36243958136402, 45.91973731056603], [-60.36238915729337, 45.919738117097246], [-60.36237517987869, 45.91973834330595], [-60.36227654346169, 45.91974335566132], [-60.362189175140365, 45.91975006833451], [-60.36209018136766, 45.919765063126526], [-60.36208280501836, 45.91976614384167], [-60.3620020159624, 45.919777976774576], [-60.36195463898728, 45.91979311972001], [-60.361945053587945, 45.91979618356876], [-60.36191172411036, 45.91981397320423], [-60.36189054197932, 45.91982525687284], [-60.361837235314965, 45.919852035789276], [-60.3617531471893, 45.919894268930825], [-60.361705786786594, 45.91992754870268], [-60.36167215323907, 45.91997295459913], [-60.36164517621972, 45.92007160980324], [-60.36164317016313, 45.92010846660298], [-60.361642509129034, 45.92013137628551], [-60.36164179471808, 45.92015649892357], [-60.361644218024196, 45.92018697750452], [-60.36165170418024, 45.920219202193984], [-60.36166133089514, 45.92024218754518], [-60.36167446148304, 45.92026879114818], [-60.36168439257181, 45.920288894283004], [-60.36169352780126, 45.920304568654096], [-60.36169667628111, 45.92030996984805], [-60.36171291119169, 45.92033039863339], [-60.361728805451236, 45.92035039651027], [-60.361744860452376, 45.92037597857408], [-60.36178614694529, 45.92042454645393], [-60.36180351042812, 45.92044375019199], [-60.36181690386996, 45.920458559844626], [-60.361869069891526, 45.92051457964632], [-60.36189589019336, 45.92053860122916], [-60.36190506898235, 45.920546832954685], [-60.36192946048, 45.92058726082353], [-60.361932829262614, 45.92061956139118], [-60.36193254638672, 45.92063014875896], [-60.361932171522774, 45.92064430730612], [-60.36192572020142, 45.920654977195305], [-60.36190936141811, 45.92068202462445], [-60.36187224384194, 45.920722570683], [-60.36186584965916, 45.92072822846166], [-60.36185242809904, 45.92074011443985], [-60.361830524696174, 45.92075164245598], [-60.36176909835833, 45.920784003249366], [-60.3615556885212, 45.92083262731617], [-60.36153696190602, 45.9208326446868], [-60.36151853158691, 45.9208326689002], [-60.361450186550336, 45.92083279993592], [-60.3614028535015, 45.92083041017289], [-60.361378009942605, 45.920829152084494], [-60.36135579091193, 45.92082911573224], [-60.36132384829373, 45.92082907071757], [-60.36130864721146, 45.920830618636394], [-60.3612936531003, 45.92083215333407], [-60.36126409540062, 45.92084001207867], [-60.361202080409925, 45.92085649961405], [-60.361160073560534, 45.920864169671425], [-60.361093108852835, 45.920883864053245], [-60.36105557971224, 45.920903167526816], [-60.361035340989716, 45.920913581760786], [-60.36102519227538, 45.92091764060035], [-60.3609631574307, 45.92094242625388], [-60.3608543604612, 45.92099328650046], [-60.36081324830594, 45.92101172402226], [-60.36079005642811, 45.92102213296805], [-60.36065124044692, 45.92106555767177], [-60.36045165611783, 45.92112799136056], [-60.36042770391794, 45.921135124381095], [-60.360410972925166, 45.92114010211276], [-60.360373139085894, 45.921148696407364], [-60.3603573901547, 45.921152274710124], [-60.36032652996686, 45.921163658407714], [-60.36025933600094, 45.92118844143457], [-60.36022732865775, 45.921197908427075], [-60.36019666868324, 45.92120697451994], [-60.36013016152335, 45.92122271857602], [-60.36007141707855, 45.921234951732714], [-60.35997209012237, 45.92125200716157], [-60.35987785008104, 45.92127818087513], [-60.35982822331441, 45.92128036382452], [-60.359710620322865, 45.92128277528086], [-60.35964910669967, 45.92128270315286], [-60.35958392614391, 45.92128353629066], [-60.3594792573135, 45.92127184534001], [-60.3593770674376, 45.921247871564184], [-60.35917950084715, 45.92124304195231], [-60.35913876328834, 45.92123727547116], [-60.358975916203775, 45.92121421178646], [-60.35893870340231, 45.921214881291945], [-60.3588905964309, 45.92121574886701], [-60.3588318232053, 45.92121798986883], [-60.35879758745666, 45.92122304855022], [-60.35876805358849, 45.92122740590116], [-60.35870830839942, 45.921241424364254], [-60.35864681179275, 45.921254574215546], [-60.358604336660086, 45.92126367262338], [-60.35843541677633, 45.92129054796788], [-60.35834756465801, 45.9213288392009], [-60.35834440247351, 45.92133052120127], [-60.358301138697, 45.92135350743752], [-60.358275952504144, 45.92136570589459], [-60.35821084876274, 45.92139723263915], [-60.35811516431628, 45.921437502686366], [-60.358005810145634, 45.92147286600784], [-60.35796603324211, 45.92149031630883], [-60.357935857808144, 45.92150356035944], [-60.35792546492656, 45.92150786529568], [-60.357865728887425, 45.9215325404369], [-60.357834780453864, 45.92154576657609], [-60.357829554610255, 45.921547994865946], [-60.35781907303246, 45.921551451668286], [-60.35775538360855, 45.921572470978234], [-60.35768918768725, 45.921600371847745], [-60.35749030471483, 45.921678063883334], [-60.357480791063445, 45.92168177707229], [-60.35745853948763, 45.92169517735246], [-60.35742395348029, 45.92171601486106], [-60.35731770359194, 45.92175360954143], [-60.35722806883644, 45.921778357509226], [-60.35713725274135, 45.92178426646493], [-60.357099910204006, 45.921782772184486], [-60.357024951556404, 45.92176735619757], [-60.356981373177895, 45.92174537582317], [-60.35696766385078, 45.92173234944543], [-60.356956323744825, 45.92172157408786], [-60.356953233312375, 45.92167967599849], [-60.35695287269586, 45.92167478023585], [-60.35695089491757, 45.92166293445574], [-60.35694272796733, 45.921614150294566], [-60.35692985111686, 45.921598532957105], [-60.35689394046814, 45.92155496616298], [-60.35684363744358, 45.92151437851949], [-60.3568388774824, 45.92150951594211], [-60.35680379070482, 45.92147358283676], [-60.356777590657885, 45.921446316135906], [-60.35676117343657, 45.921429212713], [-60.356723899409836, 45.921388287534505], [-60.35668314309738, 45.92134465351492], [-60.35667580509929, 45.921336779004974], [-60.35666841763001, 45.92133211662329], [-60.35662444372291, 45.92130435746339], [-60.35659065873356, 45.92128635695024], [-60.356572508121936, 45.92127669301288], [-60.3565170878405, 45.92123795793658], [-60.35647049840673, 45.92121150628779], [-60.356409831414574, 45.92117706907977], [-60.35636168282615, 45.92115954605686], [-60.356334033593356, 45.921149482173554], [-60.356324762348926, 45.92114483916514], [-60.356312354311115, 45.921138629410855], [-60.35622792285733, 45.92110004164119], [-60.356201014325855, 45.92108958983897], [-60.35619587294278, 45.921087598649535], [-60.35615045869077, 45.92108553915384], [-60.356024342040236, 45.92107985602902], [-60.35598748942716, 45.92107403435661], [-60.355920657214014, 45.92106349519287], [-60.35579482712714, 45.92102736885209], [-60.35569881173534, 45.9209934628866], [-60.35564519844785, 45.9209682793785], [-60.355623402241676, 45.92095202331607], [-60.355622814682, 45.920947563331005], [-60.355619221434644, 45.92092060383159], [-60.35561069794576, 45.920863611612454], [-60.35560354121437, 45.92085111483547], [-60.3555389073792, 45.92073818861281], [-60.355474407154816, 45.920677523905894], [-60.35546261737566, 45.92066997826067], [-60.3554459965069, 45.92065934148202]]}, "properties": {"OBJECTID": 160735, "FEAT_CODE": "WARV10", "FEAT_DESC": "Double Line River - Water to the left line", "RIVNAME_1": "Gaspereaux River", "RIVNAME_2": " ", "ZVALUE": 9999, "FID": null, "SHAPE_Length": 4047.044643941902}}, {"type": "Feature", "id": 169595, "geometry": {"type": "LineString", "coordinates": [[-60.34360210727773, 45.91540207677988], [-60.343518619165174, 45.91534436583602], [-60.343447689356246, 45.91529533570336], [-60.34334680946189, 45.91518272933207], [-60.34331224501376, 45.91513720034784], [-60.34324150358888, 45.91504399864916], [-60.34315437232334, 45.91494108177521], [-60.34312688493525, 45.91490857049798], [-60.343028272501925, 45.91483761818956], [-60.342978666158764, 45.914856220696905], [-60.342846154569465, 45.91490591798058], [-60.34270892332372, 45.91493644163661], [-60.342701090023, 45.91493818552365], [-60.34263722151478, 45.91493599723405], [-60.34257067551007, 45.91493371059756], [-60.342507487827156, 45.91477985696071], [-60.3425076981357, 45.91474548788166], [-60.34250834796627, 45.91464036490906], [-60.342509959674025, 45.91447973851452], [-60.342499700748455, 45.914462344288395], [-60.34246808935154, 45.914408738059485], [-60.342444070754844, 45.91435734269826], [-60.34242023853703, 45.91430636570485], [-60.3423101949081, 45.91425340031584], [-60.3422395883532, 45.914169579931254], [-60.342217086609935, 45.91414285495641], [-60.342202513724075, 45.91409321851548], [-60.34216606851948, 45.91396913160141], [-60.342132576609174, 45.913921431022175], [-60.342114272369955, 45.913895379772114], [-60.341953130158394, 45.91395922492368], [-60.34182952490768, 45.91396018209817], [-60.34175317101775, 45.91396078094867], [-60.34160965189265, 45.91396074327803], [-60.341455829980184, 45.913960699590305], [-60.341299407175725, 45.91395652678824], [-60.341137601161286, 45.91395221042964], [-60.34093979034229, 45.91391448164075], [-60.340822672993355, 45.91386657054863], [-60.34070976121714, 45.91397618091507], [-60.34068525976151, 45.91402449357422], [-60.34062035329709, 45.91415249426328], [-60.34049752850483, 45.91431569822264], [-60.3404789222415, 45.91433563366029], [-60.34037928599356, 45.91444237559736], [-60.34026549723065, 45.91453252340955], [-60.34008127417925, 45.914655593507035], [-60.33998913285269, 45.914714778546305], [-60.33986866879012, 45.914792133374704], [-60.33970051273886, 45.91481134810838], [-60.33958121663461, 45.91476152183039], [-60.33953160662757, 45.91474080735098], [-60.33941044273076, 45.91474244883822], [-60.33936553846169, 45.91474305876078], [-60.339152911488696, 45.91477323458426], [-60.33914274541549, 45.91477468085009], [-60.338979087231785, 45.91476428775277], [-60.33894283243304, 45.91475310102399], [-60.33880613977502, 45.91471086123568], [-60.33866605990716, 45.91467662504327], [-60.33862037748151, 45.914658458912655], [-60.33854426810041, 45.91461915185765], [-60.33853002255862, 45.91461179923749]]}, "properties": {"OBJECTID": 169595, "FEAT_CODE": "WARV20", "FEAT_DESC": "Double Line River - Water to the right line", "RIVNAME_1": "Bonds Meadow Brook", "RIVNAME_2": " ", "ZVALUE": 8.4, "FID": null, "SHAPE_Length": 584.2113713241455}}, {"type": "Feature", "id": 169877, "geometry": {"type": "LineString", "coordinates": [[-60.362079077380145, 45.92052978184477], [-60.36209161901713, 45.9205905657068], [-60.36209175706808, 45.920591189948645], [-60.36208601106934, 45.920666123612655], [-60.36204251838626, 45.920723893942956], [-60.36194601990439, 45.92082247336569], [-60.361906058700356, 45.92085145976528], [-60.361872174734756, 45.92087603215683], [-60.36180658535946, 45.9209129591943], [-60.361747439565896, 45.92094182635902], [-60.36166711861661, 45.920970942340574], [-60.36157238157123, 45.920983694829204], [-60.36150407202394, 45.920985248838534], [-60.361431415689715, 45.920984641197116], [-60.36143008794271, 45.92098462852048], [-60.361382346639616, 45.920984317494096], [-60.36134319188386, 45.9209840608383], [-60.361322327253475, 45.92098564891031], [-60.36125801145789, 45.9209905533308], [-60.36120399656216, 45.9210066766779], [-60.36100791269074, 45.921056780169074], [-60.36091678229291, 45.921082666571216], [-60.360802239864995, 45.921121152947876], [-60.360681298778346, 45.92115886127022], [-60.360679234760426, 45.921159416617975], [-60.36061050293323, 45.92117774676198], [-60.36044067177604, 45.92122602583734], [-60.36042960471291, 45.92123095447294], [-60.36038403120544, 45.92125126888774], [-60.36034603469634, 45.9212660069367], [-60.36032620883531, 45.92127369435497], [-60.36027774060853, 45.92128706522998], [-60.360238307100055, 45.92129430839075], [-60.36009924288598, 45.921319842161665], [-60.35988063536739, 45.92135807306543], [-60.35980845939624, 45.92135983369703], [-60.3596959347725, 45.92136610686724], [-60.3596531592992, 45.92136849315043], [-60.3594594847727, 45.9213810984896], [-60.35934791893871, 45.9213842882219], [-60.35922074415773, 45.92138701788388], [-60.35917980780314, 45.92138625124671], [-60.35914022368968, 45.921385524866885], [-60.35908159851977, 45.92137893966956], [-60.35885172210387, 45.92137173314943], [-60.358627301494145, 45.921372393018096], [-60.358574419830134, 45.92137522019751], [-60.358543219190764, 45.92138072703825], [-60.35843512861106, 45.9213998106098], [-60.358402548445206, 45.92141562738214], [-60.358382046989576, 45.92142558502959], [-60.358324347733145, 45.92146223354178], [-60.358276685689674, 45.9214993482367], [-60.358245201467646, 45.92152385805471], [-60.35820246143704, 45.921555092070534], [-60.35808303222445, 45.92162010493662], [-60.35800983346927, 45.92165126427396], [-60.35791092752817, 45.92168223383303], [-60.35779814384157, 45.921717562612564], [-60.35772569704142, 45.92174999027225], [-60.357699857236476, 45.92176155242574], [-60.35765999915599, 45.921771746123774], [-60.357613691627876, 45.92178359072832], [-60.35737503879702, 45.92183648329195], [-60.35726268075736, 45.92185062458729], [-60.35718491394027, 45.92186092191412], [-60.357132506861724, 45.92186786375809], [-60.357113725701915, 45.9218673930992], [-60.3570890838024, 45.92186676879788], [-60.35703240434939, 45.92185939950808], [-60.357003219288934, 45.9218555917792], [-60.356988345608876, 45.921852412296865], [-60.356971685452706, 45.92184883143481], [-60.356959255265714, 45.921842540232326], [-60.356927608391125, 45.921826488468504], [-60.35690520866029, 45.92179116406286], [-60.35690421331524, 45.921789583892895], [-60.35690330929896, 45.92178743878845], [-60.35688151400857, 45.92173532393657], [-60.35687273374374, 45.9217230596871], [-60.35685236817902, 45.92169459593234], [-60.356849897286516, 45.92169448473751], [-60.35679894812074, 45.9216921893828], [-60.356753892474515, 45.92166927465149], [-60.356724196773776, 45.92164500528949], [-60.356611487337574, 45.92155283875389], [-60.35655998792286, 45.92151843382048], [-60.35650508299741, 45.921495444010155], [-60.35642403877174, 45.921461552191616], [-60.356355375823796, 45.921408658297715], [-60.356332393983436, 45.92139210490196], [-60.356287413875094, 45.92135974092796], [-60.356255681535146, 45.92133789950408], [-60.35620435623628, 45.921302553358814], [-60.356139764312886, 45.921250572652454], [-60.356105690048174, 45.921228622961884], [-60.35606482106524, 45.92120229458669], [-60.356033771446576, 45.921190783786514], [-60.356010706158386, 45.921182230075395], [-60.35594626396216, 45.92116237646399], [-60.35587640569691, 45.921137086958936], [-60.35581297537258, 45.92112714854453], [-60.35576183442483, 45.92111913279744], [-60.35566523075674, 45.921124726552584], [-60.3555660499923, 45.92112756031818], [-60.35548465395741, 45.92108400185824], [-60.35544376693999, 45.92103012149166], [-60.355343964816, 45.920880836697975], [-60.35531026104809, 45.92078410796628], [-60.355297902108916, 45.92076167985394], [-60.355270013987415, 45.92071107971993], [-60.35525879517647, 45.92070074803806], [-60.35525568177481, 45.92069787669406], [-60.35520329654185, 45.92069027291584], [-60.35511561632345, 45.92071434443154], [-60.35499880137961, 45.920762583189834], [-60.35470431977333, 45.92088303293477], [-60.35461770816771, 45.92092774058049], [-60.35448315540469, 45.921007520635825], [-60.354362117141235, 45.92109599334391], [-60.354327765272075, 45.92112111070548], [-60.35422907761119, 45.92120820191988], [-60.354148100905874, 45.92126483976727], [-60.35411034812634, 45.92129122838149], [-60.35401970237207, 45.92133152173382], [-60.353892904095396, 45.921394379306705], [-60.35366591743714, 45.92156824373032], [-60.35365606347787, 45.92157666511663], [-60.3535759908922, 45.9216451775189], [-60.35347360465494, 45.92173677275561], [-60.35340121484536, 45.921791529896076], [-60.353346398783856, 45.92180057435478], [-60.35329931671464, 45.92180834891243], [-60.35319736671568, 45.92184306016099], [-60.35312639294995, 45.92186723833787], [-60.35301139975727, 45.921947569015636], [-60.352996327551374, 45.921999514109565], [-60.35299151662035, 45.92201605401431], [-60.352938366815216, 45.92206243607863], [-60.35288228502043, 45.922097256173984], [-60.35285941354893, 45.922111460258215], [-60.35271167818842, 45.92222693570494], [-60.35267402481419, 45.92226258793558], [-60.35263375061937, 45.92230073561419], [-60.352552697646225, 45.922380583534164], [-60.35254057080109, 45.922459239117885], [-60.352543498956365, 45.92246925284946], [-60.35254844652821, 45.9224861539803], [-60.35255493485249, 45.92251078648596], [-60.35255751299488, 45.9225205670835], [-60.352635637258516, 45.922553196852], [-60.35265859488461, 45.922552090925734], [-60.352718130431555, 45.92254904270491], [-60.352734150671786, 45.922537344053794], [-60.35276223577693, 45.92251684330816], [-60.35285920009524, 45.922498038243404], [-60.35292399644571, 45.92250260050116], [-60.35296299775773, 45.92252182110431], [-60.35297515789347, 45.92252781845802], [-60.352989195190126, 45.922537189605556], [-60.35302978290729, 45.922564268623645], [-60.35311664730521, 45.92257070140195], [-60.35316801669896, 45.922531928642684], [-60.35324534599161, 45.922549562291955], [-60.35329073331242, 45.9226118374452], [-60.35331326293274, 45.922642764195274], [-60.35337903846218, 45.92271863495631], [-60.353454078058796, 45.92272964483788], [-60.35345735656811, 45.92273121494554], [-60.35348844228003, 45.922746039562654], [-60.35349124236799, 45.922747364562], [-60.353492176015855, 45.92274780023454]]}, "properties": {"OBJECTID": 169877, "FEAT_CODE": "WARV20", "FEAT_DESC": "Double Line River - Water to the right line", "RIVNAME_1": "Gaspereaux River", "RIVNAME_2": " ", "ZVALUE": 9999, "FID": null, "SHAPE_Length": 1046.7523837110227}}, {"type": "Feature", "id": 169878, "geometry": {"type": "LineString", "coordinates": [[-60.396052143759505, 45.91239378416042], [-60.39604749165765, 45.91239730539279], [-60.3960346174077, 45.91240706569123], [-60.396015859554595, 45.912416628822726], [-60.395948966388616, 45.91244354590963], [-60.395942906874104, 45.91244572993294], [-60.39592757522917, 45.91245123982468], [-60.395909865673836, 45.91245658748086], [-60.395904829962305, 45.9124581107898], [-60.39588505397439, 45.91246215121278], [-60.39584220820814, 45.91247090400105], [-60.395785391890044, 45.91248886999851], [-60.39576269566259, 45.91249496798744], [-60.395739046503074, 45.912501314263515], [-60.39570837835071, 45.91250637536996], [-60.39565024466649, 45.91252521133437], [-60.39561179630314, 45.91253946478302], [-60.39559037420417, 45.91255084824464], [-60.39555990880167, 45.91257058518902], [-60.395550296103885, 45.912575676411535], [-60.39550794863839, 45.91259802259956], [-60.39548858682586, 45.912606986819874], [-60.395477383454136, 45.91261217676923], [-60.3954480904939, 45.91262366871678], [-60.39544222011166, 45.912625668010946], [-60.39541755657159, 45.91263412426726], [-60.39538296533462, 45.912645585364466], [-60.39534145482949, 45.912652253238484], [-60.39531332653507, 45.91265676911703], [-60.39529802658647, 45.91266049749476], [-60.39528529615955, 45.91266360041975], [-60.395134701888665, 45.91272938136119], [-60.39511062885538, 45.91274450258906], [-60.39503565770701, 45.91278915540982], [-60.39502695610212, 45.91279433937725], [-60.395004240222164, 45.91281407293216], [-60.39484244805048, 45.9129116227848], [-60.394826153706994, 45.912921439936575], [-60.39481578065531, 45.912926243728215], [-60.39479558817593, 45.912935593915456], [-60.39468564818166, 45.91300581200528], [-60.39466028216199, 45.91301081377763], [-60.394614955504316, 45.9130182854007], [-60.39456137784795, 45.913027098889124], [-60.39454540049695, 45.91303482605383], [-60.39452813049259, 45.91304317177921], [-60.39440629404811, 45.913092335400975], [-60.39436134060474, 45.913105602933136], [-60.39425501154449, 45.91313999893078], [-60.394248844555186, 45.913141721372504], [-60.394220517281965, 45.91314965273358], [-60.39412806373774, 45.913169711973595], [-60.39412594013318, 45.91317017655902], [-60.39409002569212, 45.91317160721574], [-60.39408892996533, 45.913171600213595], [-60.39403921536947, 45.91317143783478], [-60.394016441523476, 45.91317064811687], [-60.394015423082706, 45.91317064287768], [-60.39398833568944, 45.91317054678694], [-60.39397671918628, 45.9131721628566], [-60.39394939750171, 45.91317596774371], [-60.393922685615095, 45.91318740119077], [-60.39378321112239, 45.91321392973355], [-60.39376455512621, 45.91321772532632], [-60.39375377552325, 45.9132199185208], [-60.39370020668119, 45.91323073897749], [-60.39360720681058, 45.913249516218436], [-60.39357000273033, 45.913259206985494], [-60.39354075377098, 45.913266991130655], [-60.39350535704609, 45.913276912143985], [-60.393386309910106, 45.91331026998527], [-60.393383177960686, 45.91331051352403], [-60.39337525030409, 45.913311007629005], [-60.39324780944744, 45.91332673024438], [-60.39322572035469, 45.91333114044212], [-60.39320407426839, 45.91333545273889], [-60.393138784983606, 45.91333909279805], [-60.39303872323072, 45.91333987784651], [-60.39298890552346, 45.913340261703084], [-60.39294511222815, 45.91334169214882], [-60.39288383247333, 45.91334507256677], [-60.39286793025452, 45.91334596062746], [-60.39282803924047, 45.91334721909489], [-60.39272297208041, 45.91335768242775], [-60.39269879728954, 45.91335844459682], [-60.392676469540646, 45.91335914092257], [-60.39264409399093, 45.913359895858235], [-60.392592845092366, 45.913361101938015], [-60.392579744910606, 45.91336108185265], [-60.39256214588092, 45.9133610310514], [-60.3925476363711, 45.9133608167698], [-60.39254062614503, 45.91336071971199], [-60.39251604072612, 45.91336033836962], [-60.39246576212212, 45.91335955037484], [-60.39239775272576, 45.91336069769251], [-60.392381275065496, 45.91336148253801], [-60.39237100052156, 45.91336197698839], [-60.392336447455186, 45.913366822468305], [-60.3922633822528, 45.91337707104573], [-60.3922490826182, 45.91337870667636], [-60.392235249228115, 45.91338029894754], [-60.39189218210466, 45.91344771074328], [-60.39189022971915, 45.913448098190564], [-60.391816044108126, 45.91346271326829], [-60.391804930613525, 45.91346569972128], [-60.39179070928264, 45.91346951526897], [-60.39176995399386, 45.91347435168204], [-60.39174391865702, 45.913480417611424], [-60.39171941118338, 45.913485249322896], [-60.39171853930224, 45.91348541842524], [-60.3916970577394, 45.91348951817541], [-60.391671634374255, 45.913498208288864], [-60.39163847394269, 45.913506901691875], [-60.391605241021715, 45.91351274018576], [-60.39158633620791, 45.91351606169916], [-60.39157723582861, 45.91351791501123], [-60.39155301953139, 45.91352286134703], [-60.39151714983181, 45.91353158283871], [-60.39149293526931, 45.913539517456684], [-60.391487944968915, 45.91354116761871], [-60.39147488842224, 45.91354544177002], [-60.39144419234192, 45.913555478517665], [-60.39141225087183, 45.91356870008348], [-60.39139199324019, 45.91357364680411], [-60.39138430976232, 45.91357553246693], [-60.391345788147575, 45.91358608348851], [-60.39132308680638, 45.91359474569663], [-60.3913176320769, 45.913598050384266], [-60.39121452841575, 45.91366040161031], [-60.39120665113569, 45.91366807032823], [-60.39119439507598, 45.91368002238847], [-60.3911527346908, 45.913729735992014], [-60.39113668527889, 45.91374476065661], [-60.39110964121909, 45.913771235141915], [-60.39109094033017, 45.91378808038663], [-60.391070931494724, 45.91380779399484], [-60.39106903327985, 45.913809775801695], [-60.391049637286045, 45.91383016946382], [-60.39104056527759, 45.91384159119835], [-60.39102962928621, 45.913855364551914], [-60.390985706308356, 45.913906574534415], [-60.39097365312208, 45.91392437270443], [-60.39096021145487, 45.91394675654525], [-60.39093630552938, 45.913972852646445], [-60.39082920921399, 45.91405900034214], [-60.39078528256282, 45.91409433280708], [-60.39077835799142, 45.91409708184094], [-60.39076729404887, 45.91410148244565], [-60.39074594562719, 45.91411098551984], [-60.390716806167184, 45.914122740781764], [-60.39071532107767, 45.914123336902996], [-60.39064064258047, 45.914159433789486], [-60.39062824457402, 45.91416533402862], [-60.39061665129299, 45.91417084761959], [-60.390536625561104, 45.91421070158625], [-60.39052936084, 45.914214378912355], [-60.390508741773154, 45.91422482568733], [-60.39046372531836, 45.914241321519604], [-60.390372812842216, 45.91427464406111], [-60.39033436197577, 45.91428889567346], [-60.39029730131458, 45.914298525645314], [-60.39025644075459, 45.91430916686041], [-60.39022842387715, 45.914317878389745], [-60.390128147235416, 45.914319907082835], [-60.390115738736284, 45.91431503310681], [-60.390114573908534, 45.91431457444887], [-60.390103459051566, 45.91431016207339], [-60.39006962281201, 45.914292287308676], [-60.390066662296434, 45.91428969943244], [-60.390059812712494, 45.91428370138966], [-60.39000981511355, 45.91428047952737], [-60.389984380081295, 45.91428115831414], [-60.38989246407119, 45.91429435882127], [-60.38986579379952, 45.9142966294872], [-60.38979825646696, 45.914300882310194], [-60.38976194007501, 45.91430316649131], [-60.38972755284704, 45.91430445966838], [-60.38972330269528, 45.91430462354279], [-60.38958358651894, 45.91430899053677], [-60.38955684203322, 45.914309819311086], [-60.389479749109334, 45.91430940713438], [-60.38945883910703, 45.91430901014383], [-60.38943850791592, 45.91430864438263], [-60.38931999837843, 45.91427877987189], [-60.389304973024146, 45.91427498908101], [-60.38927433685991, 45.91427383865917], [-60.38918818017344, 45.91426213012721], [-60.389149278753166, 45.91425684837275], [-60.38912813045802, 45.91425383565066], [-60.38910931304117, 45.914251164239936], [-60.389026788304854, 45.91423982664739], [-60.38899607620153, 45.91423507410709], [-60.38856157091764, 45.914176174610226], [-60.38831719758389, 45.914156400876806], [-60.388192628288536, 45.91414631530837], [-60.38798165122614, 45.91411916795994], [-60.387865866085164, 45.91410490857847], [-60.38778243959952, 45.91409603367045], [-60.387740906281515, 45.91409160931007], [-60.38768906249036, 45.91408322276071], [-60.38764676199424, 45.91407728668885], [-60.38758953772732, 45.91406924505171], [-60.3875470115598, 45.91406564398027], [-60.38754432700165, 45.914065420552795], [-60.387543231683004, 45.914065404496355], [-60.38744344239046, 45.91406365265355], [-60.387396070020294, 45.9140627488966], [-60.38739264385429, 45.914062940536006], [-60.38715595689692, 45.91407858717368], [-60.387057439202984, 45.914094514595924], [-60.38702712699088, 45.91410047258945], [-60.38701763867834, 45.914102343663814], [-60.38699244829774, 45.91410879687427], [-60.386902661645536, 45.914131836532455], [-60.3868470867724, 45.91414523609392], [-60.386745291636736, 45.91417657857356], [-60.386744478647074, 45.91417686599556], [-60.38670684503129, 45.91419072105258], [-60.38662837645966, 45.91421850188011], [-60.38655997919351, 45.91424270581323], [-60.38651760373717, 45.91426334687861], [-60.386481235949894, 45.914280174081966], [-60.38643417823129, 45.91430194106356], [-60.38639052617216, 45.91432532510178], [-60.38635263810484, 45.91434514172824], [-60.386279202261754, 45.91438354139734], [-60.38627003863522, 45.91438893014079], [-60.386248701178424, 45.91440147488487], [-60.38617020591228, 45.91445863329619], [-60.38614749048615, 45.91447827509043], [-60.38609119907033, 45.91453683274215], [-60.38604268914898, 45.91458730577698], [-60.386018710160634, 45.914611608023264], [-60.38588287172542, 45.91469534701881], [-60.38588138170979, 45.914696320996676], [-60.385877816314995, 45.91469865158648], [-60.385861888818056, 45.91470857486399], [-60.38585510033438, 45.914712811841234], [-60.38582461240122, 45.91473430081967], [-60.38581107573959, 45.914743837782645], [-60.38579107801858, 45.91476354171863], [-60.38573874098505, 45.91480324310056], [-60.38572300260983, 45.9148151778595], [-60.38570958498137, 45.914826571693716], [-60.38567593479258, 45.91485388374302], [-60.385674834165386, 45.91485480362707], [-60.38553138953007, 45.91497442515234], [-60.38550465548665, 45.915007403960956], [-60.385482658905595, 45.91503451471577], [-60.38547428775679, 45.91504334183058], [-60.38546134489683, 45.915056978695645], [-60.38540876667038, 45.915124027738194], [-60.385399781357435, 45.91513549601263], [-60.38539661223163, 45.915140094852894], [-60.38538757070462, 45.915153307988355], [-60.385348497020495, 45.91520299768711], [-60.38533374844925, 45.91522267771348], [-60.38532028803087, 45.91524128913789], [-60.38529116484523, 45.91527955064902], [-60.385286862958495, 45.91528520364224], [-60.385283545550095, 45.915290762166364], [-60.385277343013776, 45.91530118705208], [-60.38522223128191, 45.91537878090338], [-60.38520480116931, 45.91539844451738], [-60.385106719056594, 45.9154604641614], [-60.385103734754274, 45.91547731727068], [-60.385090969806804, 45.91551871653531], [-60.38508486704598, 45.915538540496684], [-60.38508467061098, 45.91554793280035], [-60.38508433209582, 45.91556364038967], [-60.38508407345804, 45.91558505629483], [-60.38508368891112, 45.91561601013069], [-60.38508378748919, 45.91563284382372], [-60.38508161821804, 45.91566006647767], [-60.38508076590476, 45.915668597690576], [-60.38508012672053, 45.91567506360718], [-60.38507839223984, 45.91568727393553], [-60.38504564605691, 45.9157529497671], [-60.38504138320669, 45.915764904182005], [-60.38503866668224, 45.91577249262999], [-60.38500697085583, 45.91581335038302], [-60.385003889415586, 45.91582102048167], [-60.38500268363651, 45.915827743446364], [-60.385006409096604, 45.91587303961041], [-60.385008759469045, 45.915901499853334], [-60.38500882004142, 45.91590268034091], [-60.385011955757626, 45.91591690135148], [-60.385018988549994, 45.91594999620169], [-60.38506714816434, 45.9159377508475], [-60.38507197730201, 45.91593652031212], [-60.3850917142997, 45.915954478746], [-60.38490932895307, 45.91607969735491], [-60.3848625617171, 45.916103468507835], [-60.3847615644425, 45.91614516936748], [-60.38470424561841, 45.916149527179066], [-60.384689534921854, 45.91614699409414], [-60.38468672041514, 45.91614651560206], [-60.384577393992586, 45.916137711258415], [-60.384517595657904, 45.916145162457504], [-60.3844535039146, 45.91615314534417], [-60.38441616180053, 45.916154450250254], [-60.38434793382474, 45.916156055805686], [-60.384297934381706, 45.916157232775014], [-60.38427497427741, 45.91615791297324], [-60.3842620348014, 45.91615830064892], [-60.38403738517183, 45.91617772684145], [-60.38396423242332, 45.91617848129093], [-60.38394801363341, 45.91617867679853], [-60.383936104058016, 45.91617882700806], [-60.38387693312183, 45.916175401315435], [-60.38385938081377, 45.91617049882917], [-60.383851390761464, 45.916167921581504], [-60.38384437906227, 45.91616565477097], [-60.38384156664923, 45.916165680348975], [-60.38383871559145, 45.91616570504159], [-60.38381650831075, 45.916170668757786], [-60.3838080887172, 45.916172564048765], [-60.38377220330183, 45.916181282745306], [-60.3837535017197, 45.91618189838598], [-60.3837414776753, 45.916182288973424], [-60.383724770653096, 45.9161824462616], [-60.383708192023946, 45.91618261548963], [-60.383695758334476, 45.91618239363578], [-60.383680102557626, 45.91618213396419], [-60.38367190121636, 45.91618185605968], [-60.38366516753018, 45.91618162978099], [-60.38365683297763, 45.916180619761306], [-60.38359116373798, 45.9161864958455], [-60.38358741637507, 45.91618803012686], [-60.38357236251345, 45.916194165775195], [-60.383558456179955, 45.916207708342476], [-60.38355800808327, 45.91622272035667], [-60.38355606877484, 45.9162283104045], [-60.38355142621508, 45.91624175019105], [-60.38354698262205, 45.91624300749705], [-60.3835429681844, 45.916243365558046], [-60.38353206268028, 45.91624437580168], [-60.3834309548156, 45.91625303113313], [-60.38339635413139, 45.91625718875669], [-60.383359822958674, 45.91626016803926], [-60.383345479948275, 45.91626133352048], [-60.383317450757986, 45.916262311411224], [-60.3832668050611, 45.91625940477375], [-60.38322356690646, 45.916256928876116], [-60.38321101913097, 45.916253923118106], [-60.38320737263263, 45.916253038491796], [-60.38317849722377, 45.91624459115564], [-60.38309225284691, 45.91621935686198], [-60.38305633214438, 45.91621977581715], [-60.38299624489683, 45.916220478023284], [-60.38296967379693, 45.91621951807471], [-60.38296662466746, 45.91621936719181], [-60.382866804372284, 45.91621463138564], [-60.38283759297706, 45.916213601896274], [-60.38273390431201, 45.91620447495207], [-60.38271375736719, 45.916203194137424], [-60.38263739667947, 45.91619785269976], [-60.38260676872393, 45.91619130021598], [-60.38256938334652, 45.916180092458845], [-60.382482043285314, 45.91616170917618], [-60.38246441001735, 45.91615688562626], [-60.382448097714025, 45.916151120268886], [-60.38238397453205, 45.91614715725354], [-60.382380978627204, 45.91614697157189], [-60.382350306102246, 45.916144108312274], [-60.38231571392637, 45.91614205527332], [-60.38224510648267, 45.91613530631967], [-60.38222225156052, 45.91613046204435], [-60.382215112069886, 45.91612954231931], [-60.38219942373324, 45.91612750854677], [-60.38209490173975, 45.91609910027514], [-60.38206793235799, 45.91609153342315], [-60.38204257205134, 45.9160848495247], [-60.38196042095187, 45.91606280447527], [-60.38192976702083, 45.916058177378176], [-60.38192317280074, 45.91605718012792], [-60.381916560198945, 45.91605629946584], [-60.38189368470274, 45.91605326380722], [-60.381729481334766, 45.91604598884125], [-60.38167945796444, 45.91604657906404], [-60.38167774175853, 45.91604660272021], [-60.381675451148546, 45.91604677522022], [-60.3816601424756, 45.91604790934796], [-60.38154648932197, 45.91607104562785], [-60.38151194700248, 45.91607889433297], [-60.38146142106853, 45.91608796966166], [-60.381360433984845, 45.9161061127367], [-60.381356112690945, 45.91610668870347], [-60.38135342716747, 45.91610703215668], [-60.38131558281619, 45.91611791034882], [-60.38124755481147, 45.91613745716574], [-60.381241397800835, 45.91613785602033], [-60.38122749088434, 45.91613879721568], [-60.381202109463764, 45.916143795642995], [-60.38118187222536, 45.916146625838], [-60.38108475009744, 45.916160185903], [-60.38105667260158, 45.916165203475146], [-60.38096160040331, 45.916179593514116], [-60.380927817346176, 45.916187198433285], [-60.38092315114666, 45.916188252514836], [-60.38088850829193, 45.91618864608958], [-60.380849478935154, 45.91618908306048], [-60.38082427861681, 45.91618831606505], [-60.3807267787899, 45.91618770895448], [-60.38068551548157, 45.916187662593664], [-60.38064582499361, 45.916187625291506], [-60.38061623092323, 45.91618760354243], [-60.3805858302134, 45.91618718525105], [-60.38056405548885, 45.91618706382136], [-60.38054576090074, 45.91618697721092], [-60.3804567366688, 45.91618520516592], [-60.38042075281208, 45.916182309559616], [-60.380390071743925, 45.91617935556904], [-60.38015230528474, 45.91612403686551], [-60.38007525405585, 45.916106256809535], [-60.38005830005518, 45.91610234854786], [-60.37996849989064, 45.916056814585595], [-60.37995349918969, 45.916046479570376], [-60.379925372497716, 45.916033647211634], [-60.37989948011515, 45.916021838192094], [-60.37986476065823, 45.91600880055161], [-60.379794762231136, 45.91598064222429], [-60.379778496741686, 45.91597306840411], [-60.37976222303321, 45.91596539538458], [-60.37971632499594, 45.915947393805595], [-60.37969497775987, 45.91593901931309], [-60.379688760864845, 45.91593713051457], [-60.379676034189664, 45.91593327418991], [-60.37965847812123, 45.91592846097773], [-60.37963396054967, 45.915923605034706], [-60.379606619889934, 45.91591818026425], [-60.379583797664374, 45.91590963689393], [-60.3795823782302, 45.915909109280754], [-60.37956084154936, 45.91590119845592], [-60.37951186835379, 45.91588962478491], [-60.3795047524853, 45.915887931365994], [-60.37947533606938, 45.91588222491147], [-60.379466647887114, 45.915879964364386], [-60.379449856872846, 45.91587560971368], [-60.37939100462458, 45.915865978475246], [-60.379361569592014, 45.915863952878546], [-60.37933351340621, 45.915862768986], [-60.37923574731864, 45.91586043534271], [-60.37921166321543, 45.915859792615656], [-60.3791978069954, 45.91585938461163], [-60.379183590094684, 45.915858968328315], [-60.37908752004289, 45.91585594441949], [-60.379076959785394, 45.91585564804861], [-60.37905559494667, 45.91585504069566], [-60.37903421578207, 45.91585418998915], [-60.37902879692266, 45.91585397561193], [-60.37897440245438, 45.915850179959726], [-60.378820974098154, 45.91583948479628], [-60.37879609359525, 45.91584096588463], [-60.37877506701509, 45.91584221140088], [-60.378757493338554, 45.91584324814542], [-60.378682555592654, 45.91585178890334], [-60.37866375376472, 45.9158526174267], [-60.37864296243357, 45.91585379631248], [-60.37864222564871, 45.91585383340446], [-60.378575266527314, 45.91585697676141], [-60.37856693959868, 45.91585690262448], [-60.37856290473712, 45.9158568730083], [-60.37849585337863, 45.91585677392449], [-60.37848294735027, 45.91585699969842], [-60.378469125043836, 45.91585724043974], [-60.37844243941842, 45.915857347898424], [-60.37833811747258, 45.91586278366317], [-60.378277077475296, 45.915873038328144], [-60.37825232873924, 45.915877195551374], [-60.37824396673505, 45.915880054836286], [-60.378226902298074, 45.915885882598644], [-60.37815160427183, 45.91590206539008], [-60.378135430411284, 45.91590322418477], [-60.378043028971334, 45.91592414466272], [-60.37803469567897, 45.91592694158614], [-60.378028210029136, 45.915929114874], [-60.37797748523807, 45.915954439483], [-60.377947388073736, 45.91596947277719], [-60.37794285938365, 45.91597143897188], [-60.37793381488403, 45.91597537165648], [-60.37788407807294, 45.91599943179881], [-60.37787777283213, 45.9160024282905], [-60.377867826277516, 45.91600716832819], [-60.37785567096342, 45.91601390082307], [-60.3778325088926, 45.91602871529484], [-60.37779889607533, 45.9160502113832], [-60.37778473435861, 45.91605847293394], [-60.37778403172192, 45.916058879836015], [-60.377769184906946, 45.91606744968116], [-60.37774715721058, 45.91608227218185], [-60.37771379695267, 45.91610470112364], [-60.37770615394868, 45.91611008809389], [-60.377689775206456, 45.91612161100648], [-60.377668400452116, 45.916134891352414], [-60.37751978855535, 45.91623210724867], [-60.37747253398993, 45.916273532692884], [-60.37746595645963, 45.91627929514542], [-60.37744990266942, 45.91629431778421], [-60.37740548355742, 45.91636422374337], [-60.37739939223564, 45.9163744437377], [-60.377395961178394, 45.9163802064404], [-60.37736533330276, 45.9164070364009], [-60.377298441445674, 45.91646563428866], [-60.37729444487272, 45.91646998888127], [-60.37728891129844, 45.91647603632174], [-60.377249811082585, 45.916517360924786], [-60.377194465812025, 45.91657584590678], [-60.37718940221878, 45.91658231817193], [-60.377184859916625, 45.91658812735192], [-60.377098678434635, 45.91666554373146], [-60.37708249137609, 45.916680653264756], [-60.37708082893807, 45.916682271222726], [-60.37706897389384, 45.9166938439427], [-60.37701551380928, 45.91676102187488], [-60.37701211416859, 45.91676912548714], [-60.3770099913943, 45.91677421616792], [-60.377002963131076, 45.91678105733361], [-60.376996460989865, 45.91678740654035], [-60.3769853915757, 45.91679599104015], [-60.37696943552409, 45.91680838763128], [-60.37696560492579, 45.916812503003804], [-60.376959776014395, 45.91681879566594], [-60.37695975436618, 45.91682910104817], [-60.37695973721692, 45.91683903750227], [-60.37696277534845, 45.91684297761649], [-60.3769685452833, 45.91684914966338], [-60.37697837244086, 45.916859528252274], [-60.376979988927616, 45.91686353472041], [-60.37698881205301, 45.91686238726498], [-60.376995840222115, 45.91686101856506], [-60.37700388300672, 45.91685891710489], [-60.377006931066866, 45.91685799703121], [-60.3770456743754, 45.91684613282987], [-60.377049366941606, 45.91684521855772], [-60.37706185493544, 45.91684210309832], [-60.37707670112114, 45.91683902379982], [-60.37712799748076, 45.91682868099793], [-60.37715063129284, 45.91681632974849], [-60.37717208603707, 45.91680683166011], [-60.37721699518264, 45.916778790621784], [-60.377238523945145, 45.91677100436681], [-60.377254621048344, 45.91676327337546], [-60.37725642381768, 45.916762234687106], [-60.377313614421645, 45.91672916522233], [-60.377336337162696, 45.916714925817026], [-60.377351126373426, 45.916710045020686], [-60.37738627480694, 45.91670878205569], [-60.37739244087496, 45.916709013670925], [-60.37739849100826, 45.91670924262329], [-60.37740683457276, 45.9167103343142], [-60.377422402911186, 45.91673023251483], [-60.377423491215346, 45.91673969931385], [-60.37741823651031, 45.916769101157165], [-60.37740993382774, 45.916778631312305], [-60.377399720418055, 45.916788207593704], [-60.377386442996766, 45.91680068376069], [-60.377376838018556, 45.91680747477416], [-60.377367773071654, 45.91681265805084], [-60.37732183964833, 45.916838902473266], [-60.37729377875205, 45.916853127286366], [-60.37725550453248, 45.91686735154584], [-60.37721652154274, 45.916881838537854], [-60.37719936489736, 45.916888519101406], [-60.37717062382667, 45.916898569907666], [-60.37713690123126, 45.916910342448666], [-60.377131878198185, 45.91691157719563], [-60.377116821979364, 45.916915281731015], [-60.37710822410052, 45.91691684840516], [-60.37709926214277, 45.91691847872258], [-60.37704935691062, 45.916933776883845], [-60.37701290344587, 45.9169449376171], [-60.37701086716891, 45.91694682601114], [-60.37700466392621, 45.91695257903215], [-60.376946438554036, 45.91696519283026], [-60.37694510782797, 45.91696579231792], [-60.37689384815456, 45.91697316562681], [-60.376874968642994, 45.91697399207131], [-60.37679346891869, 45.91697671037573], [-60.376762780801755, 45.916976635493825], [-60.3767481170276, 45.916976118634494], [-60.37673341460873, 45.916975600885564], [-60.37659416426719, 45.916980862753114], [-60.37654780250211, 45.91699320883874], [-60.376544025520396, 45.91699372512159], [-60.37653171047782, 45.916995359370844], [-60.37647451187023, 45.917016277222665], [-60.37642844000907, 45.9170331393047], [-60.37641354913545, 45.91703989880629], [-60.37640306584464, 45.917043708306586], [-60.37639214897568, 45.917047687860105], [-60.37635412923945, 45.91705650820223], [-60.37630247154419, 45.917068489495], [-60.37627965700309, 45.91707345579406], [-60.37626078774532, 45.91707570449385], [-60.37617590784842, 45.917085833334895], [-60.37612813524306, 45.91708707588957], [-60.37606284758355, 45.91708755594737], [-60.376029484099526, 45.917087059364924], [-60.37595060967788, 45.917085787044584], [-60.37592524134184, 45.91708529413027], [-60.375826120007396, 45.917081576310544], [-60.37581953093245, 45.91708128988645], [-60.3758046158723, 45.91708063211993], [-60.37573036123829, 45.917063984486425], [-60.37570879357852, 45.917056459256415], [-60.37564114844334, 45.917027911424476], [-60.37563007752636, 45.91702258057067], [-60.375623495791395, 45.91701940505734], [-60.375600750236366, 45.917006506281176], [-60.37553545202556, 45.91696948859396], [-60.37551646526019, 45.916956460166325], [-60.375442767103344, 45.91690014074628], [-60.37543671626289, 45.91689500625517], [-60.375430502627765, 45.91688976901379], [-60.37540551207141, 45.916868969931855], [-60.37539202423124, 45.91685774200786], [-60.37538966791401, 45.91685575268709], [-60.375379746468546, 45.91684737896522], [-60.37536186009794, 45.91680583436526], [-60.37535865575958, 45.91678901928923], [-60.37532561207855, 45.91662840617673], [-60.375323569782964, 45.91660882756899], [-60.3753115094354, 45.91653399700853], [-60.37531099966588, 45.916530862025276], [-60.37531085194157, 45.916529346500845], [-60.37530934114418, 45.91651408247597], [-60.37530681404405, 45.91645803961075], [-60.3753068928092, 45.91645391006812], [-60.3753071768366, 45.91643941635738], [-60.375312847812026, 45.91636322017693], [-60.37531340725761, 45.91635573539451], [-60.3753142453652, 45.91634453069837], [-60.375317232680786, 45.91632767791234], [-60.375346298686516, 45.9161817234255], [-60.37534071678738, 45.91613576321616], [-60.37533793312973, 45.91611276527735], [-60.37533785113006, 45.91611204333115], [-60.37537580714459, 45.91608898264563], [-60.37537713574456, 45.9160884281312], [-60.37542462553707, 45.9160548936324], [-60.37549816132612, 45.91596100450044], [-60.375502573535705, 45.91595795563337], [-60.375541927409614, 45.91590908580874], [-60.37557556908241, 45.91586731231325], [-60.37565278993313, 45.915798079869525], [-60.375655804616635, 45.915795952961716], [-60.3756778092671, 45.9157769809793], [-60.37570930344082, 45.915749838348376], [-60.37571136961156, 45.915748409703504], [-60.37571370274052, 45.91574678917644], [-60.375738105661746, 45.91566822419386], [-60.37574455042979, 45.91564750851071], [-60.37574408691466, 45.91564639976516], [-60.37574400856862, 45.91564532687316], [-60.37573351218283, 45.91556712999668], [-60.375731992396965, 45.91556599697781], [-60.375673638536504, 45.915557302351644], [-60.37565998429732, 45.91555698856698], [-60.375653136587786, 45.91554879351323], [-60.37562323004955, 45.915513030230166], [-60.375619779302674, 45.91547136737022], [-60.375617991834204, 45.9154677079825], [-60.375595675532416, 45.91542193925301], [-60.37558452135874, 45.91540143118124], [-60.37558188915414, 45.915393810042275], [-60.37557873651029, 45.915384646811795], [-60.375550401369075, 45.91533744363961], [-60.375520882638305, 45.9152882690923], [-60.37547738543012, 45.91524729700815], [-60.37546865584447, 45.91523908569511], [-60.37546291240997, 45.91523509236598], [-60.37540746294115, 45.91517495294336], [-60.37539634752001, 45.91516182637482], [-60.375369454499236, 45.915132441822976], [-60.375287575171804, 45.915042946428954], [-60.375280956828426, 45.91503617874567], [-60.37527650378377, 45.91503162101461], [-60.37522729779721, 45.91499686316472], [-60.375161944476254, 45.914950681198235], [-60.37515017369056, 45.91494680133469], [-60.37514174315602, 45.914944006333236], [-60.37507290095187, 45.91494116384084], [-60.375057986405466, 45.91494187410464], [-60.37504871961197, 45.91494231815304], [-60.37485161028152, 45.91502608475306], [-60.37475886524434, 45.91507560812421], [-60.37475463251927, 45.91507786002036], [-60.374743794294666, 45.91508373138662], [-60.374675613236676, 45.9151187970987], [-60.37465550325626, 45.91512931571977], [-60.374580730937154, 45.91515621915826], [-60.37456330458729, 45.91515932882074], [-60.37444453872708, 45.91517820012949], [-60.374420545372, 45.91517864756978], [-60.37439110439752, 45.91517949179847], [-60.374203256700454, 45.9151975845785], [-60.374176473828165, 45.91519975897978], [-60.373989395884095, 45.91521246864478], [-60.37396669680782, 45.9152155469749], [-60.37374501367201, 45.91523988152812], [-60.37373370097278, 45.91524050343802], [-60.37371956997161, 45.9152412765505], [-60.373700450865215, 45.9152441851376], [-60.37369280056098, 45.915245350310464], [-60.37351103048676, 45.915290665043635], [-60.37349223689074, 45.91529842349715], [-60.37322532687483, 45.91545609832876], [-60.37315209131723, 45.91551133460264], [-60.37314658214324, 45.91551549224287], [-60.37311772453837, 45.915539481542716], [-60.373100334567916, 45.91555547192133], [-60.37308813415213, 45.915567792350195], [-60.373063371434995, 45.91559818537245], [-60.373055121828806, 45.91560603328978], [-60.373048505580755, 45.915612334644194], [-60.373025159881124, 45.91565095095579], [-60.373023824867204, 45.9156595609849], [-60.373024168796405, 45.915677129399796], [-60.373024328153434, 45.915685224758256], [-60.37302549883652, 45.91569839281337], [-60.373026840362954, 45.91571067372223], [-60.37303143912143, 45.9157501038773], [-60.373039989451506, 45.915765655881735], [-60.373041165366374, 45.91576778911247], [-60.37304195993436, 45.91576980556155], [-60.373047034385294, 45.915782775392906], [-60.373050607551434, 45.915808149753495], [-60.373060444481595, 45.915824037378954], [-60.373068275571555, 45.91583788969195], [-60.37306889403559, 45.915838993011995], [-60.37308158421985, 45.91585098593154], [-60.3731262963255, 45.915893237981216], [-60.3731333288263, 45.91589997031195], [-60.37314441808053, 45.91591309649834], [-60.37314548574316, 45.915926262182005], [-60.37314517883874, 45.91593440081928], [-60.37314487603366, 45.915942179520016], [-60.37306731894797, 45.91596793781573], [-60.37306105307889, 45.91596954882859], [-60.37305896445578, 45.9159700858328], [-60.37303762148449, 45.91597966672718], [-60.372986412620165, 45.91599361901198], [-60.372970142459586, 45.91599954526712], [-60.37296078392163, 45.91600220122497], [-60.372952759667626, 45.916004455839676], [-60.372860418332245, 45.91602897381193], [-60.37284029515586, 45.91603211117752], [-60.37274703655794, 45.91605174754008], [-60.37274467048145, 45.91605215214455], [-60.37272298510246, 45.91605587460198], [-60.37269360273534, 45.916063659335094], [-60.372661459187185, 45.916069292355296], [-60.37257189445239, 45.91608498121469], [-60.37255452929215, 45.91608924407682], [-60.37255178936903, 45.916089919099704], [-60.37252904033779, 45.91609677631797], [-60.37239866884868, 45.916145891082024], [-60.37239695193472, 45.91614620260688], [-60.37234963862554, 45.916154663762825], [-60.37224809732657, 45.91615034710093], [-60.37219978517445, 45.91616521176044], [-60.37212260631181, 45.91618895294404], [-60.37210114860275, 45.916193040553175], [-60.37209994128295, 45.91619321078728], [-60.372084910299414, 45.91619528610025], [-60.372034751345, 45.91621020719945], [-60.371972048757826, 45.91622887195397], [-60.37195575620034, 45.91623499556598], [-60.37194407168105, 45.916239389065176], [-60.371874658143305, 45.916266081024254], [-60.37179144105453, 45.916298071737565], [-60.37177005770493, 45.916305770304554], [-60.37175121103125, 45.91631163708765], [-60.37169371075449, 45.916322266723], [-60.37167329920152, 45.916326045301055], [-60.371667469249445, 45.91632716222723], [-60.37165181522209, 45.916330141221835], [-60.37164101399992, 45.91633139574967], [-60.37163301387032, 45.916332318712854], [-60.371569553338865, 45.91633535846613], [-60.37154538423321, 45.91633651231782], [-60.3715407350008, 45.916336657328515], [-60.371525251007206, 45.9163371290046], [-60.37150374740604, 45.91633645403777], [-60.371493371592116, 45.91633498210926], [-60.37147031361633, 45.91633172414069], [-60.37145393645283, 45.91632953802292], [-60.37144750350283, 45.91632867889039], [-60.371441998570035, 45.91632892121077], [-60.37143663575843, 45.91632915780144], [-60.371433538588334, 45.91633493701177], [-60.37143006474324, 45.916340500534055], [-60.371425293088734, 45.91634814936429], [-60.37140652832071, 45.91636319876112], [-60.37139416616483, 45.91636419231661], [-60.3713890533331, 45.91636459667298], [-60.37137677767454, 45.916365124177574], [-60.371361877615996, 45.91636388112486], [-60.37135965167929, 45.91636295681249], [-60.37134823336924, 45.91635816659226], [-60.37133670539678, 45.91634286994804], [-60.37132554688237, 45.91632794183789], [-60.371311851678044, 45.91631484549647], [-60.37127681998733, 45.91626724409584], [-60.371271086243105, 45.91626332278513], [-60.371264097777335, 45.91625839150733], [-60.3712441799605, 45.916239985474945], [-60.371240621338316, 45.91623669928296], [-60.37123479084668, 45.91622909442834], [-60.37123314092771, 45.91622689626301], [-60.3712290762898, 45.91622149224216], [-60.37122770125104, 45.91622029948988], [-60.37120703150936, 45.91620252419729], [-60.371198536616276, 45.91619126669929], [-60.37119011228898, 45.916183701140866], [-60.371183263395736, 45.91617963714493], [-60.371115254241914, 45.91613921522524], [-60.37109497000096, 45.91612883841896], [-60.37108193431264, 45.91611979857793], [-60.371078737780344, 45.91611758280737], [-60.37103119690246, 45.91609210527349], [-60.371014823859525, 45.91608082840924], [-60.37101063375904, 45.9160726222525], [-60.371009051678385, 45.91606953456935], [-60.37100877541212, 45.91606746703283], [-60.37100715518458, 45.91605508967638], [-60.37100841895191, 45.91605017734734], [-60.37100889079337, 45.91604837905502], [-60.37101018706105, 45.91603977715828], [-60.37101097601239, 45.91603672605846], [-60.37099742605889, 45.91600473140444], [-60.37098940831096, 45.91598583422021], [-60.37098632279764, 45.91598236089497], [-60.37098498797838, 45.91598086303945], [-60.37097813645978, 45.915975763881974], [-60.37095186224213, 45.91595624837878], [-60.37093816721544, 45.915943151995656], [-60.370913530299234, 45.91592118996512], [-60.37090116867547, 45.91591016745056], [-60.37089404877627, 45.91589983266142], [-60.370885612687125, 45.915884877176545], [-60.37088347644936, 45.91588123668713], [-60.37086603793073, 45.91585130367556], [-60.37085727282599, 45.915838671813255], [-60.37085625834828, 45.915837217334456], [-60.37085547730026, 45.915835462203695], [-60.37084914427182, 45.915821302198566], [-60.37084841313436, 45.91581630793935], [-60.3708474855541, 45.91581001304645], [-60.3708465881835, 45.91580144165403], [-60.37084692620411, 45.915785284051935], [-60.37084714230991, 45.91577607223802], [-60.37084790569232, 45.91576564891924], [-60.37084809669563, 45.91576379015714], [-60.370848597919924, 45.915758914278264], [-60.37085318940614, 45.915745527832435], [-60.37085607532803, 45.91573712454949], [-60.37086302600348, 45.91572675367229], [-60.370866584063755, 45.91572213718659], [-60.37087250472551, 45.915714460827765], [-60.370882099375336, 45.9157021706514], [-60.37088766731358, 45.915693226063205], [-60.370890332443196, 45.915688949049944], [-60.37089100054014, 45.91568463506047], [-60.37089165065704, 45.91568042866632], [-60.370891541942534, 45.91566908519204], [-60.37089064456642, 45.91566051379969], [-60.37087551993786, 45.91563046304573], [-60.37086388528169, 45.915607333224834], [-60.370862658550905, 45.915603002613416], [-60.370860680807375, 45.91559600848481], [-60.37085748921557, 45.91558468404127], [-60.370849913804115, 45.91556488795198], [-60.37084541298465, 45.91555943787153], [-60.37084283779125, 45.91555635432367], [-60.370839708112825, 45.915548631613426], [-60.37083520628194, 45.91553856411372], [-60.370830260001576, 45.915527532299436], [-60.370829959928784, 45.915526787327565], [-60.37082715184005, 45.91551990009193], [-60.37082619179701, 45.91551565662699], [-60.37082543528433, 45.915512290922784], [-60.370817751616286, 45.915497514769015], [-60.3708120900734, 45.915486610498526], [-60.37080629222763, 45.91547531605641], [-60.370804592381205, 45.91546762626467], [-60.37080147841754, 45.91546557440095], [-60.37076732453644, 45.91546217783309], [-60.37074969430631, 45.91546168191058], [-60.370743622972164, 45.9154616321325], [-60.37073744858773, 45.91546157998149], [-60.370693021356296, 45.915479377693806], [-60.37067811311276, 45.91548622605614], [-60.3706645960215, 45.91549392551747], [-60.37064976118657, 45.9155024947136], [-60.370511374851276, 45.9155462923449], [-60.37051049140681, 45.91554670403976], [-60.370509541856066, 45.915547150215545], [-60.37051274651431, 45.915550284268086], [-60.3703484216649, 45.91564685901265], [-60.37017413949298, 45.91577429287711], [-60.37015044391837, 45.915791622722544], [-60.37006925566478, 45.915855161602146], [-60.369894157142326, 45.915992198060394], [-60.369759824473995, 45.91605304559275], [-60.36961373687609, 45.916119220685836], [-60.36944962167686, 45.91618020091356], [-60.36935055824298, 45.916217027267685], [-60.36894317529872, 45.916432481266334], [-60.36868240770296, 45.91655205171337], [-60.36862974766347, 45.91657620248098], [-60.36841300062136, 45.91667894711684], [-60.368275545470354, 45.916721224361304], [-60.368233329480546, 45.91673422065889], [-60.36803978871303, 45.91677736524672], [-60.36773269346473, 45.91684085306383], [-60.36740905576565, 45.91687020581213], [-60.367284346812006, 45.916911254571325], [-60.36719221849545, 45.91698050669526], [-60.36701279291283, 45.91717386478951], [-60.366876389609104, 45.91732083455252], [-60.36655748637417, 45.917599075326606], [-60.3665466995593, 45.917610914609384], [-60.366296044393934, 45.91788602106868], [-60.3662417934976, 45.91796034033309], [-60.36615221198689, 45.91808305191152], [-60.36598528461579, 45.9183946877063], [-60.36588752935883, 45.91858540936159], [-60.36579616990231, 45.91870886270823], [-60.365756271789, 45.918743945435914], [-60.36575218110235, 45.91874754138863], [-60.36574285650828, 45.91879467033314], [-60.3657448245087, 45.918808666921024], [-60.36574700353494, 45.91882419850733], [-60.36577973862105, 45.918882648547694], [-60.36579004731307, 45.91890106789301], [-60.36579156936174, 45.91890596341726], [-60.36580583102008, 45.918951746272164], [-60.365849375416985, 45.91903438767312], [-60.36588917529439, 45.919090984469555], [-60.36591377517796, 45.919125970833406], [-60.36595865519968, 45.9192294347712], [-60.365983675333226, 45.91925227977634], [-60.36602502650125, 45.919290010692805], [-60.36607111880772, 45.919343638293604], [-60.3661054217392, 45.91939976619631], [-60.36610761229372, 45.91940334502111], [-60.36610614650792, 45.91948332803495], [-60.36608614876284, 45.9195072048703], [-60.3660583045149, 45.91954045953835], [-60.36602132275717, 45.91958366530733], [-60.365996203971434, 45.91961301348502], [-60.365950080958434, 45.9196635240237], [-60.36590217113361, 45.91971091506611], [-60.36588677376911, 45.91972614923392], [-60.36583767280517, 45.91978235152684], [-60.3657898774307, 45.91981806216613], [-60.36575867346489, 45.91984137442009], [-60.365688322702205, 45.91986972413489], [-60.36561051834206, 45.919879000250425], [-60.365524852437886, 45.91987972423761], [-60.36542835509574, 45.91987469880663], [-60.36535175541789, 45.91986943029656], [-60.365286035608264, 45.919859903367865], [-60.36522727191485, 45.91984319226832], [-60.36518475786597, 45.919831104422315], [-60.36515205359778, 45.91982455335284], [-60.3651263757959, 45.91981940650214], [-60.36500248400556, 45.91977496432798], [-60.36492889776094, 45.91975454476861], [-60.364880014700724, 45.919744055993704], [-60.364852016923805, 45.91973343708524], [-60.36483400167417, 45.9197266128272], [-60.36479551023586, 45.919716183793334], [-60.36475699304805, 45.91970575415226], [-60.3647357066388, 45.91970564097087], [-60.364701153367136, 45.919705455649606], [-60.36466270372342, 45.91971428917738], [-60.36465541982129, 45.91971668630428], [-60.3645944501212, 45.919736746108455], [-60.36455671944251, 45.919750546614594], [-60.364540511731185, 45.91975647310805], [-60.36441098575525, 45.91979747955865], [-60.36440564375823, 45.91979917442377], [-60.364321911666835, 45.919848906312176], [-60.36427132580086, 45.919866190346205], [-60.364201551898375, 45.91988098830294], [-60.364137796018085, 45.91989452100385], [-60.36409924881914, 45.91989452233736], [-60.3640600180099, 45.91989452588001], [-60.364041578456764, 45.91989203007274], [-60.364000701400194, 45.919886496126566], [-60.36397509571507, 45.919874114064356], [-60.363942605640716, 45.9198646783459], [-60.36389025780048, 45.91984947377252], [-60.36386757229518, 45.919849220123375], [-60.363837024370085, 45.91984887497868], [-60.36377744527279, 45.919862440891194], [-60.363741781760794, 45.91988404750957], [-60.3637389405945, 45.91988576407258], [-60.363662633921216, 45.919928466280744], [-60.36361419352934, 45.919955169352356], [-60.36359006626167, 45.91996846452084], [-60.363460800167154, 45.9200200157909], [-60.36345821079725, 45.920021045101194], [-60.363388280061905, 45.920062814238946], [-60.3633483825098, 45.92008014662131], [-60.36330662847132, 45.92009828219741], [-60.363283204613865, 45.920104896971196], [-60.36325919252463, 45.92011167817358], [-60.3632062997234, 45.92011803554285], [-60.36315932129573, 45.9201236833803], [-60.36313685492097, 45.92012288559896], [-60.36307241702203, 45.92012059660929], [-60.363055457098994, 45.920104570652775], [-60.36304415262011, 45.92009384172586], [-60.36299158609171, 45.92002476209853], [-60.36295375142082, 45.91998769633711], [-60.362927306416104, 45.91997887696331], [-60.362883659588476, 45.91996430489114], [-60.36277582812134, 45.91992932194747], [-60.36273078601355, 45.91988705823586], [-60.36270513328656, 45.91986207372713], [-60.362646574243065, 45.91982147798572], [-60.362576417690164, 45.919818498596236], [-60.36255765650587, 45.91981816430568], [-60.36252115268537, 45.919817501238086], [-60.36249141638113, 45.91981717447801], [-60.36242511194227, 45.919816453149444], [-60.36231608677481, 45.91981753527756], [-60.36227172153175, 45.91981839169411], [-60.362222773725804, 45.919819340259956], [-60.36216015357658, 45.919821152087756], [-60.36215704129091, 45.91982124221063], [-60.36214956002035, 45.91982317557942], [-60.36207922301815, 45.91984140652539], [-60.36204706843208, 45.91985291380186], [-60.362031732409974, 45.919858401036024], [-60.362010749941675, 45.91987091344353], [-60.361979973857295, 45.919889248124605], [-60.36195582920687, 45.91991704278315], [-60.36192132176351, 45.91995395884276], [-60.36187820985527, 45.91998956902133], [-60.36182401112761, 45.92003433785906], [-60.3617761368376, 45.920059145066304], [-60.361774285989156, 45.92006010139238], [-60.36177339058146, 45.920062393903514], [-60.3617587375695, 45.92009997561554], [-60.361756677093446, 45.92013825328105], [-60.36175558787299, 45.92015822782244], [-60.36176234046606, 45.9202002103908], [-60.361769533667584, 45.92024486736479], [-60.3617883950191, 45.9202904059521], [-60.36179570027384, 45.92029871141378], [-60.36180477922753, 45.92030904702084], [-60.36185211264707, 45.92034731368435], [-60.36186502098618, 45.920352229282486], [-60.36188682177241, 45.92036053657954], [-60.3619792955537, 45.92042838742113], [-60.3620503789713, 45.92049233278038], [-60.36207613111287, 45.92051549257497], [-60.362079077380145, 45.92052978184477]]}, "properties": {"OBJECTID": 169878, "FEAT_CODE": "WARV20", "FEAT_DESC": "Double Line River - Water to the right line", "RIVNAME_1": "Gaspereaux River", "RIVNAME_2": " ", "ZVALUE": 9999, "FID": null, "SHAPE_Length": 3837.0900337352336}}, {"type": "Feature", "id": 170009, "geometry": {"type": "LineString", "coordinates": [[-60.34590565145245, 45.92722325357451], [-60.34592158348778, 45.927192112187456], [-60.345971681455794, 45.92713126126399], [-60.34597014626602, 45.92711370110055], [-60.34596734185176, 45.92708165621476], [-60.3459655411134, 45.92704020185599], [-60.34596428543568, 45.92701083918795], [-60.3459641245032, 45.92699313094785], [-60.345963810824365, 45.92695835371192], [-60.345962620322155, 45.92689597776091], [-60.34596201043162, 45.92686389386907], [-60.3459643872703, 45.9268084144029], [-60.34594636831376, 45.926626810267926], [-60.34587813775795, 45.92654574775924], [-60.34582803228291, 45.92651488069541], [-60.3457735162841, 45.92648130087615], [-60.34569651562738, 45.92642726172546], [-60.34567005856338, 45.92640869025125], [-60.34563951440703, 45.92638954673104], [-60.345578639170036, 45.92635139062933], [-60.34551705215809, 45.92633058042245], [-60.34548166370793, 45.92631862387391], [-60.34533615634942, 45.926292019471646], [-60.34522784045774, 45.926296612066636], [-60.34517033349867, 45.926308677303524], [-60.34510460601569, 45.92632245955916], [-60.3448030867225, 45.92637287417602], [-60.3446129777509, 45.92639734622731], [-60.34446050141921, 45.926419452806186], [-60.344394597875514, 45.92642449081725], [-60.34433762469921, 45.92642456102875], [-60.34424963181724, 45.92642463888528], [-60.34420136096639, 45.926417224757], [-60.34413017156776, 45.92640628033976], [-60.34398710435598, 45.92637099122477], [-60.34390618236858, 45.92635102655784], [-60.34381209134403, 45.926332690689385], [-60.343610363767404, 45.926293381432856], [-60.34353709097952, 45.926269355075654], [-60.343441895685935, 45.926249571092725], [-60.343385881713765, 45.92623793514691], [-60.34332118510134, 45.926236610072564], [-60.343264710743576, 45.92623461217583], [-60.34316499854069, 45.92623108626652], [-60.34315354086491, 45.926225509246976], [-60.343159596458904, 45.92617974623636], [-60.34316619932243, 45.92616923394957], [-60.343170345704756, 45.92616262484764], [-60.34316290908132, 45.92614307318584], [-60.34314660194921, 45.926100237186304], [-60.34305411681043, 45.92600105718393], [-60.342923891595944, 45.92595158328738], [-60.34273031063997, 45.92587840312762], [-60.34265729738743, 45.925824400694275], [-60.34258785832815, 45.925783325478456], [-60.34242137480808, 45.92568480815287], [-60.342319615063026, 45.92561160393375], [-60.34225333562871, 45.92556568762809], [-60.34218537093783, 45.92551158636812], [-60.34215665673822, 45.925488731181694], [-60.34214347265539, 45.9254779924433], [-60.342096462882516, 45.925439626138065], [-60.342064242837274, 45.92539864279528], [-60.34205981035216, 45.92539018691816], [-60.34201838072065, 45.9253111679902], [-60.3420007632016, 45.92526743724678], [-60.34199289937308, 45.925247929566616], [-60.341976895822285, 45.92518581181804], [-60.341970000780016, 45.92512255596153], [-60.341948209662014, 45.92501718982768], [-60.34184503040525, 45.92479858976188], [-60.341829314787596, 45.92473854886679], [-60.341818830762115, 45.924729610087105], [-60.341771690049114, 45.9246894134393], [-60.3417070459049, 45.924664362647405], [-60.34166963981239, 45.9246498647309], [-60.341555117873995, 45.92463864803235], [-60.3414597312302, 45.92464020774896], [-60.34143451359514, 45.92464620922905], [-60.341335287334296, 45.924669812337484], [-60.341225307990634, 45.924690644786665], [-60.34120113654624, 45.9247038981886], [-60.34115365509603, 45.92472992099119], [-60.34107700914506, 45.92478595733034], [-60.34106464650603, 45.92479500327505], [-60.34103549383513, 45.924810201834724], [-60.341002333533346, 45.924827485256905], [-60.340993178948395, 45.92483282556975], [-60.34097767021864, 45.92484185225425], [-60.34075914327789, 45.9249668427892], [-60.34070610251087, 45.92499718232594], [-60.340672194633214, 45.925017148473], [-60.34062727211257, 45.925043590677355], [-60.340600979678044, 45.92505911675642], [-60.34057404991908, 45.925075024021005], [-60.34055835892663, 45.925084892475816], [-60.34050090082457, 45.925121024546186], [-60.34042794611282, 45.92514461764382], [-60.34038950742276, 45.92515737658181], [-60.34026950080184, 45.92519718221051], [-60.340164961004554, 45.92521211881686], [-60.34008824295974, 45.92522000771319], [-60.339922312126745, 45.925237069434246], [-60.33987460163895, 45.92524952221415], [-60.33985519311755, 45.92525459657409], [-60.339695585117205, 45.925285612427786], [-60.3396091462772, 45.92529664983406], [-60.33951848659154, 45.92529939814273], [-60.33945263157073, 45.92530074411368], [-60.33938652273453, 45.925302273149136], [-60.339349865935716, 45.92530312023507], [-60.339310338732844, 45.92530977793117], [-60.33923153166283, 45.92532304504062], [-60.339058661128725, 45.92535925045394], [-60.33894153561664, 45.925362533705695], [-60.33882708381108, 45.925365735131734], [-60.3388122217924, 45.92535422784319], [-60.33879413917797, 45.92534021529361], [-60.33873686952321, 45.9253365314776], [-60.338695776011505, 45.92533387266899], [-60.33856879391585, 45.92533802392641], [-60.33845440128919, 45.92535669867494], [-60.338441024821954, 45.92535888912457], [-60.33831972420485, 45.925408446376885], [-60.33824781069065, 45.92543909194738], [-60.338240582874555, 45.9254421637527], [-60.33821061163563, 45.92544210421344], [-60.33812296709554, 45.92544194243923], [-60.33796330000358, 45.92544452107163], [-60.33793388355296, 45.92544499643683], [-60.33792175688637, 45.9254455958222], [-60.337836794206034, 45.92544976270935], [-60.33773706435077, 45.92545310822515], [-60.33766611372403, 45.92545527945077], [-60.337636948018535, 45.92545617462044], [-60.33760803357921, 45.925456670606245], [-60.33750116653174, 45.925458499402524], [-60.3374683502174, 45.92545859835397], [-60.33744298989239, 45.92545867312069], [-60.337301651886236, 45.9254453237875], [-60.33724564542842, 45.92544003953777], [-60.33719359574651, 45.92541703500715], [-60.33719057691826, 45.925415704507195], [-60.33711401118509, 45.925382416448], [-60.337059283257005, 45.925358782354586], [-60.33703072509302, 45.925346451408714], [-60.336974000308835, 45.92530849549288], [-60.33695601766438, 45.92529213578224], [-60.33693012514812, 45.925268580012144], [-60.33691598131219, 45.925248547496146], [-60.3368935694804, 45.925203210025394], [-60.33687272175611, 45.92516103229207], [-60.336864312127716, 45.92512441006971], [-60.33686011955466, 45.92510611274485], [-60.33686938398849, 45.925087175166176], [-60.3368828639639, 45.925059659156254], [-60.3369557067415, 45.924976750658786], [-60.337066740515965, 45.92486821643539], [-60.33707640182509, 45.92485876590207], [-60.33708106918149, 45.924853141250836], [-60.33712320377747, 45.92480226135254], [-60.33716398372945, 45.92474492330276], [-60.33719208373342, 45.92470539911326], [-60.33723743761661, 45.924620139301005], [-60.33725113710452, 45.92459692173079], [-60.3372683032177, 45.924567835483636], [-60.3373104666835, 45.924554867421], [-60.33733142189616, 45.92457001827903], [-60.33734200578441, 45.924577663690464], [-60.33741015149937, 45.924630286946446], [-60.3374856837685, 45.92464230890488], [-60.33757822235555, 45.92464878680181], [-60.33766015163242, 45.92468883316391], [-60.337668343579615, 45.92469283147345], [-60.337738938709236, 45.924680553098945], [-60.33775507852549, 45.92467775209594], [-60.33793620177981, 45.924634009380455], [-60.3380378807949, 45.92462493963626], [-60.33820254895575, 45.92461725702766], [-60.338252506637765, 45.92460312017731], [-60.33827877632558, 45.924582688689696], [-60.338292279215246, 45.92457219349756], [-60.3382932842711, 45.92457032676249], [-60.33830544415318, 45.92454773923741], [-60.33831710032067, 45.92452489694965], [-60.33832822989398, 45.92450308647585], [-60.338328897399585, 45.92448752170563], [-60.33832955111071, 45.924472514661424], [-60.33831473837352, 45.92444273689681], [-60.33824818046459, 45.92444019545797], [-60.33821815029625, 45.9244152384234], [-60.338204506084516, 45.924403894450805], [-60.33818868855645, 45.92438756739778], [-60.338165792081874, 45.92436392872758], [-60.338125831147586, 45.92429639157617], [-60.338118445314336, 45.92427420353645], [-60.338107564057005, 45.92424151112927], [-60.338105268732484, 45.92421940574443], [-60.33810070788578, 45.924195591409045], [-60.33809154241642, 45.92414779970323], [-60.338069237789675, 45.92410263597094], [-60.33804967243083, 45.92406302655585], [-60.33797380180057, 45.92378862468818], [-60.337976333390344, 45.92372252805434], [-60.337996810267526, 45.92361832645194], [-60.33802065207158, 45.92357531850237], [-60.338024620694824, 45.923568120390925], [-60.33802770742703, 45.92356371896249], [-60.338080681723845, 45.92348815025328], [-60.33810586392002, 45.923455668426406], [-60.33811393214508, 45.923445271591646], [-60.338144280979606, 45.923387834047624], [-60.33814402294615, 45.92336034868568], [-60.338143753854, 45.92333174697051], [-60.338139778382626, 45.923285192334646], [-60.33813606284278, 45.92324183002948], [-60.338135815886105, 45.92321977238889], [-60.338164083741326, 45.92319665126745], [-60.338178512697716, 45.92318485456024], [-60.33820035565668, 45.923159621502215], [-60.33823307070525, 45.92309854877155], [-60.33827539195806, 45.922921364993776], [-60.338316613167784, 45.92274883595665], [-60.33832248703637, 45.92273227643751], [-60.33834240662144, 45.92267608087722], [-60.33835345196962, 45.92260804948029], [-60.33835612146103, 45.922591613289164], [-60.33836259902296, 45.92252362843883], [-60.338374639677404, 45.92247953528247], [-60.33839442705771, 45.922435262650154], [-60.338411690205064, 45.92239657466405], [-60.33842273966829, 45.92237184605864], [-60.33846182806276, 45.922250337617406], [-60.33847355522192, 45.922141908637485], [-60.33847385304948, 45.922139188345476], [-60.33848558144644, 45.92207439512652], [-60.338530882951574, 45.92175834479453], [-60.33853453484743, 45.92168768384785], [-60.33855251695113, 45.921604044741514], [-60.3385680340199, 45.92153203118241], [-60.33856767981764, 45.921521375015246], [-60.33856648352907, 45.92148600110664], [-60.33855447722195, 45.921401087036756], [-60.338547798383466, 45.92135388434808], [-60.33853936392424, 45.92130402151745], [-60.33853863901892, 45.92129976525938], [-60.33852671114384, 45.92124205334348], [-60.338519720949215, 45.92121537415519], [-60.338510896928085, 45.92118173963395], [-60.33849652898475, 45.921131360478014], [-60.33844163120692, 45.92100407918473], [-60.33841707773485, 45.92095930412334], [-60.338379772172814, 45.92089533921656], [-60.33836254040928, 45.92086249880261], [-60.33832374839904, 45.92078863438459], [-60.338293810742556, 45.92073483203636], [-60.3382746030173, 45.92069181068241], [-60.338066926930715, 45.92049057302118], [-60.338023139289334, 45.92045427828077], [-60.33794605289371, 45.920367325005905], [-60.3379299137871, 45.920340495508775], [-60.33791212691454, 45.92031090936369], [-60.33790023958637, 45.92028173976879], [-60.33787689876083, 45.92023993610725], [-60.337860685223774, 45.92021089067451], [-60.337839258391064, 45.920168168541345], [-60.33782507873793, 45.920128423594875], [-60.337807646000535, 45.920079584033964], [-60.33777723307639, 45.92001201728257], [-60.337764165439935, 45.91998299117039], [-60.33774568602546, 45.91992449637035], [-60.33771660844526, 45.91984223546703], [-60.33768957515915, 45.91976576470872], [-60.33770200643668, 45.919721320682605], [-60.33770400934968, 45.91971935120437], [-60.33773057286374, 45.91969300417343], [-60.33775274469472, 45.91967299930639], [-60.337795538043224, 45.919634393541], [-60.33787472470643, 45.919531920605436], [-60.33792402370162, 45.91948833601012], [-60.33801397082152, 45.91945123441799], [-60.33805847735068, 45.91943287522602], [-60.33812179766949, 45.919416439693215], [-60.33814510670488, 45.91940123166769], [-60.338188729052376, 45.919354454373504], [-60.3382578933791, 45.91929458223845], [-60.33831054984116, 45.919244964207955], [-60.33832719510278, 45.91922348029773], [-60.33836640151606, 45.919183548605304], [-60.338417878476555, 45.91913108579097], [-60.3385025501265, 45.91903765102151], [-60.33852142347353, 45.91901999933665], [-60.338557254889835, 45.91898645147471], [-60.338772371125444, 45.918840431796134], [-60.33888587720644, 45.91877800130924], [-60.33894469198404, 45.91875921913297], [-60.338962412149115, 45.918758659975445], [-60.338971169177825, 45.918758377994244], [-60.33897795780119, 45.918759076232114], [-60.3390765362906, 45.918769032963546], [-60.33910951580344, 45.918796443723956], [-60.33913897838461, 45.91879816532393], [-60.339158255841035, 45.91879928956408], [-60.339200375817846, 45.9187863197859], [-60.33923731247527, 45.91877494836822], [-60.33931551212191, 45.918736437933], [-60.33932487184407, 45.918732452647255], [-60.33933392926514, 45.91872858632819], [-60.33939797530118, 45.918694795501025], [-60.33944452312167, 45.918655304505016], [-60.33946128406452, 45.91864109574928], [-60.33946256933432, 45.91863956855974], [-60.339510101513454, 45.91858299899901], [-60.33953368039429, 45.918560515349185], [-60.33955144967509, 45.91854355783332], [-60.33957348265065, 45.91852211825257], [-60.339574578093746, 45.91852105467959], [-60.33961179603831, 45.91847898805167], [-60.33962404230269, 45.91846453008158], [-60.339628457621735, 45.91845930448546], [-60.33967553251703, 45.91838397558797], [-60.33970436600146, 45.918342757692024], [-60.33973145640088, 45.918304010398245], [-60.33975026677933, 45.91825314418315], [-60.339780820704306, 45.91820480172926], [-60.33978983452523, 45.91818890032214], [-60.339806235502714, 45.91814526859714], [-60.33980667438996, 45.91813042754238], [-60.33980190671522, 45.918084772557044], [-60.33979494531737, 45.918066923866775], [-60.33978638686041, 45.918044987623226], [-60.339717902589, 45.91799389697663], [-60.339695620382024, 45.917988733489736], [-60.339646999636706, 45.9179774749323], [-60.33962623090498, 45.91798084342235], [-60.33960086168691, 45.91798495080426], [-60.3395302608101, 45.91800481784961], [-60.33950682977297, 45.91800965442442], [-60.339494977706714, 45.91801209653108], [-60.33945763145982, 45.91801209051084], [-60.33940508152721, 45.91801207228315], [-60.339331752041545, 45.917997852702314], [-60.33930483562443, 45.91797283346402], [-60.33925842340315, 45.9179722921171], [-60.33919181981257, 45.917994862314465], [-60.33916735341773, 45.91800678530765], [-60.33914614874308, 45.918017110152576], [-60.33913961240798, 45.91803189913655], [-60.33912996679751, 45.918053726283105], [-60.33914472289821, 45.91807954230915], [-60.33916328501202, 45.91808294507841], [-60.33917401093545, 45.918084905147694], [-60.33919782122513, 45.91809128344309], [-60.33923180477355, 45.91810039198751], [-60.33924538786959, 45.918125928647335], [-60.33925960852913, 45.918152695265256], [-60.33925876525065, 45.91815819309202], [-60.33925734848124, 45.91816732287039], [-60.33920432448569, 45.91821900295734], [-60.33915970916814, 45.91824613581841], [-60.33913293265368, 45.91825081335704], [-60.339115610510774, 45.918253839026846], [-60.33906462838959, 45.91820917732726], [-60.33902770411759, 45.91820331249379], [-60.33898220423977, 45.91819609571748], [-60.33891841753233, 45.91815707608552], [-60.33888836521325, 45.918151245332446], [-60.33885467175878, 45.918144699666044], [-60.33880089538346, 45.918144706584364], [-60.338717989450856, 45.91814439465662], [-60.33869245558395, 45.918149245063816], [-60.3386799877209, 45.91815161873006], [-60.33863365072642, 45.918164058000094], [-60.33857978853891, 45.91817852706005], [-60.33851083109088, 45.91820473231881], [-60.33844997947195, 45.9182418373815], [-60.33840612417833, 45.91826951870785], [-60.33837378479562, 45.91828992577782], [-60.33834513141286, 45.918303641168144], [-60.33832984800017, 45.91831095360234], [-60.338273778779836, 45.91832276085125], [-60.33823631269263, 45.918330645317795], [-60.33816648428751, 45.91833596627058], [-60.338146746045254, 45.918337468348774], [-60.33801865981878, 45.918335382703056], [-60.33790195024302, 45.918310880171276], [-60.33783814890085, 45.91829670173332], [-60.337771385886754, 45.91827165328388], [-60.337765017886376, 45.91826917362576], [-60.33768214118124, 45.91823698988121], [-60.337658563776685, 45.9182260173026], [-60.33759396211354, 45.918195960702704], [-60.337477612709534, 45.91813969339527], [-60.33746473988699, 45.918133821777296], [-60.337410610171105, 45.91810914867585], [-60.337354835801435, 45.918090008680835], [-60.33730085022629, 45.91807148641766], [-60.33722097895665, 45.91804307173316], [-60.33716291289046, 45.91800607467212], [-60.337104675939926, 45.91796187297576], [-60.33708474276945, 45.9179448197256], [-60.337019828997335, 45.91788923832063], [-60.33700767980828, 45.917833231201875], [-60.3370058726008, 45.91782491734517], [-60.33700387664108, 45.917780406966344], [-60.337002872231324, 45.91776960061405], [-60.33699603690392, 45.917696336912094], [-60.337012311679665, 45.91764730217429], [-60.33701644142797, 45.91763619251217], [-60.33704265659327, 45.9175656527007], [-60.33705663607581, 45.917549210246754], [-60.33707612265233, 45.91752628964187], [-60.33711842941537, 45.91748489153417], [-60.33712903669319, 45.91747450896509], [-60.33714105296046, 45.91745839875374], [-60.33720523707506, 45.917372416869256], [-60.33728850570757, 45.91727352279559], [-60.33729479562276, 45.91726604580116], [-60.33732777515708, 45.91719911994552], [-60.337331702471346, 45.91716852787045], [-60.33733516258849, 45.917093272047815], [-60.337325234067265, 45.91702400458686], [-60.33732415283387, 45.91701641872317], [-60.33727133750933, 45.91699367536171], [-60.33723784170614, 45.9169943344456], [-60.33718149868063, 45.91699545085125], [-60.33709049582885, 45.91699702811143], [-60.33701792057772, 45.91698298663996], [-60.33695732605074, 45.916947919675984], [-60.336933682402915, 45.91693645935779], [-60.3369185081909, 45.91692910288384], [-60.336816963423516, 45.91688528618391], [-60.33681288240102, 45.916883525864876], [-60.33680466440405, 45.91688117402254], [-60.336729173929896, 45.91685961173576], [-60.33664974524051, 45.91684569821693], [-60.33655726644646, 45.916843631316354], [-60.336491374395344, 45.91684353457654], [-60.33641058048225, 45.91682877897818], [-60.33634290792826, 45.91681738965062], [-60.336281812361705, 45.916797377940476], [-60.336280174359274, 45.916796844689486], [-60.33627586620069, 45.916795250067764], [-60.3362082186207, 45.91677014405778], [-60.33617207569518, 45.91675498971905], [-60.33603344920658, 45.916708642161566], [-60.33597169638814, 45.916676238882815], [-60.33593293034153, 45.9166593131258], [-60.33589229793594, 45.916638275462745], [-60.33581550012006, 45.91659851850019], [-60.33577569801098, 45.91656930045767], [-60.33576219423259, 45.91655938157643], [-60.3357144167401, 45.91651601723446], [-60.33571028924551, 45.91651226661964], [-60.335696423713216, 45.916497784896706], [-60.33566348553625, 45.91646338049613], [-60.33562050421467, 45.91640792296086], [-60.33557583234647, 45.91634441527196], [-60.33556826922789, 45.91633296983245], [-60.335533869916496, 45.91628088077553], [-60.335508654467084, 45.916235207530455], [-60.335499683268246, 45.916218967819866], [-60.335492871294186, 45.91619399373012], [-60.33548191197685, 45.916153837564806], [-60.33547992393869, 45.91612614978702], [-60.335478500692226, 45.91610659388968], [-60.33547328996038, 45.916002954352564], [-60.33546821493562, 45.91599583333006], [-60.33543231416966, 45.91594548235921], [-60.335374833231796, 45.91589633797322], [-60.33535334325845, 45.91587842901631], [-60.335310984579785, 45.9158431026285], [-60.33528714090583, 45.91583395049868], [-60.3352480383268, 45.91581895182027], [-60.335194789630414, 45.91580825842143], [-60.335068360915876, 45.91581745910557], [-60.33506465224638, 45.91581896569504], [-60.33501100683412, 45.91584078276659], [-60.33497301666936, 45.91587955360542], [-60.33495936328255, 45.91589349220105], [-60.334954392503214, 45.91591380796229], [-60.33495977300696, 45.91599800080503], [-60.33497853030458, 45.91606918467648], [-60.33498292187501, 45.91609864770478], [-60.33498779987103, 45.916131416369666], [-60.334987953615936, 45.91616051047397], [-60.33498805463706, 45.91618020653494], [-60.33498321061822, 45.91624363898375], [-60.33498259020682, 45.91624636074153], [-60.33497603594766, 45.91627496526831], [-60.334968639830315, 45.91630256906279], [-60.33496363275957, 45.916321218832394], [-60.334946677721106, 45.91637365770872], [-60.33493352122697, 45.91643536602618], [-60.33492657896088, 45.916488758637975], [-60.33490911718864, 45.916555541922484], [-60.334888544932554, 45.916634223645055], [-60.33483628505136, 45.916696549467495], [-60.334822002517555, 45.91670961828802], [-60.334815650763844, 45.91671541955906], [-60.33480980964058, 45.91672052168592], [-60.33474985326023, 45.91677283898995], [-60.33470422354512, 45.91680389778062], [-60.334674657539615, 45.91682400850571], [-60.334615556133116, 45.91681837168438], [-60.33458852175445, 45.916815787510814], [-60.33453629890363, 45.91680223750245], [-60.33447622477703, 45.91682551540496], [-60.33446049665113, 45.91683161083751], [-60.33444362269304, 45.91683659042753], [-60.33439771041661, 45.91685012698639], [-60.33431694943279, 45.91685084300971], [-60.33424499163672, 45.91684008146776], [-60.33416831695812, 45.916817418747534], [-60.33409197838147, 45.9167931256804], [-60.334082809975065, 45.91679284863537], [-60.334064150701515, 45.916792296015856], [-60.333986771623366, 45.916800480396354], [-60.33395643614658, 45.91680112229016], [-60.333898857103975, 45.916761299681056], [-60.33388492763885, 45.916751658663756], [-60.333794337716924, 45.91672848179338], [-60.33370764247788, 45.91672951787201], [-60.33366160500513, 45.916728982995444], [-60.33357301003517, 45.91671611341638], [-60.33354320505367, 45.91671080007127], [-60.333529408384564, 45.91670834473218], [-60.33348607075683, 45.91670582965006], [-60.33345945109223, 45.91670428098118], [-60.33343529935078, 45.91670343799077], [-60.33341297587638, 45.91670265568917], [-60.333312002681545, 45.91669648146324], [-60.333179463111804, 45.91668838187026], [-60.33310207451593, 45.916678203840505], [-60.33308131476494, 45.9166754688211], [-60.333079652711525, 45.91667516898265], [-60.333052152623374, 45.916670197362855], [-60.33299315127235, 45.91665710039156], [-60.33298823857261, 45.916656013571576], [-60.332972293637226, 45.91664968266143], [-60.332935974679444, 45.91663526124801], [-60.33287265576558, 45.916584188099726], [-60.33284468830958, 45.916564489241026], [-60.33282375609042, 45.9165497521086], [-60.33281657931072, 45.916546398208816], [-60.33277923009392, 45.9165289914257], [-60.33270294265767, 45.916530548857004], [-60.33269036415238, 45.916530660089016], [-60.33266733511563, 45.916530878249034], [-60.33265061343228, 45.916522728994856], [-60.33262814555604, 45.916511781287454], [-60.33258229643054, 45.91645891084627], [-60.332580731708305, 45.91645711914478], [-60.332578102903376, 45.91645358343905], [-60.33254439898322, 45.916408026284515], [-60.332528965148754, 45.91636333693063], [-60.332527641704324, 45.91635947168446], [-60.332497284992584, 45.916290635681456], [-60.332491634956895, 45.91625893796859], [-60.332490160789554, 45.916250685821765], [-60.332556346061935, 45.91626025154255], [-60.33257481365997, 45.91626291511487], [-60.33259523917898, 45.91628149279149], [-60.332626230152854, 45.91630966906384], [-60.33268837225128, 45.91633686280013], [-60.33271848357013, 45.91631668431809], [-60.3327191937849, 45.91626152613218], [-60.332691111221365, 45.91623858426561], [-60.33262424876068, 45.91618397190767], [-60.332552772733855, 45.91610966604715], [-60.332520035778124, 45.916085364308245], [-60.33250519242864, 45.916074351656526], [-60.33249521466588, 45.916070248248076], [-60.332470429122885, 45.91606003843805], [-60.33241511013432, 45.916050573490736], [-60.33238446405348, 45.916045330201314], [-60.33236929738385, 45.91604563295926], [-60.33233852522744, 45.91604624621962], [-60.33222773507495, 45.91606814014991], [-60.33220123835095, 45.91607640490823], [-60.33215206693183, 45.9160917545881], [-60.33208779228512, 45.91610339410193], [-60.33206870793573, 45.91610633252764], [-60.33200412702323, 45.9161162906941], [-60.331966390433585, 45.916127677086244], [-60.331913056875955, 45.91614376649146], [-60.33183524292854, 45.91618012069129], [-60.33180625953082, 45.916184573931496], [-60.331687590412756, 45.916204303070685], [-60.3316703545103, 45.916209030772485], [-60.3316265519436, 45.91622105837887], [-60.331529867864894, 45.9162341004516], [-60.33146939307641, 45.91624474831779], [-60.33141409548364, 45.9162601075343], [-60.3313630269785, 45.91629053385055], [-60.33135915055641, 45.91629284646946], [-60.33130652565424, 45.91633878073407], [-60.331237598282186, 45.916420787136396], [-60.33121912353536, 45.91646155193943], [-60.33121365847614, 45.91647359327134], [-60.33120530905909, 45.91654280314723], [-60.33120648520634, 45.91660430595435], [-60.33120577304065, 45.91665947308556], [-60.33116655825003, 45.91672155305549], [-60.33114016058598, 45.916779891214134], [-60.33111326238318, 45.91684140394358], [-60.3311114813127, 45.916845466672456], [-60.331111089466866, 45.91684664561721], [-60.33109531756928, 45.91689450317562], [-60.3310833191237, 45.91692203515797], [-60.33107272542324, 45.9169463596901], [-60.331064589966935, 45.91696245195798], [-60.33105634196657, 45.916978739611984], [-60.331027155085934, 45.91702801177501], [-60.331017474291386, 45.91703814540929], [-60.33097975820825, 45.917077578379285], [-60.33089833131459, 45.917135170337644], [-60.330832272926074, 45.91718718094663], [-60.33082721461285, 45.91719020398573], [-60.33076297068363, 45.917228584783324], [-60.33063240325247, 45.91725703548597], [-60.330432930159844, 45.91729926655713], [-60.33038368547336, 45.917333308377565], [-60.3303650888212, 45.917334403759384], [-60.330229395799094, 45.91733744198819], [-60.33009794667552, 45.917351740244285], [-60.33007233489003, 45.91735981818003], [-60.33002620497381, 45.91737436497942], [-60.3300137619223, 45.91737648625704], [-60.32998302485893, 45.91738172610325], [-60.32987479084501, 45.91740133731221], [-60.329765613554265, 45.917432807388806], [-60.32966742820545, 45.917482175923105], [-60.329654670335074, 45.91748978027448], [-60.329626141617894, 45.91750677267647], [-60.329600547471344, 45.917524688769205], [-60.32950391039209, 45.91759230194225], [-60.329456365960574, 45.91762341286663], [-60.32940750306001, 45.91765539301475], [-60.329368216966394, 45.91767726421911], [-60.32932231916527, 45.917702815112825], [-60.32919466958673, 45.91778299687528], [-60.32903991188312, 45.917866414784605], [-60.328968941701696, 45.91792370989447], [-60.32896057945714, 45.91791201130566], [-60.3289470681788, 45.91789313566865], [-60.32894638082737, 45.91788274169445], [-60.32894565244961, 45.91787159069526], [-60.32891784957152, 45.91787292054248], [-60.32884035138139, 45.91791845187462], [-60.32881344865819, 45.91795716498069], [-60.32880351804858, 45.91797141493917], [-60.328784655374726, 45.918020477985905], [-60.328755550858816, 45.918073351801816], [-60.328723125121556, 45.9181175071724], [-60.328708474695794, 45.91816451755419], [-60.32870771122545, 45.91817611969848], [-60.328707048136906, 45.91818643707973], [-60.32871479244327, 45.91824269308147], [-60.328718017759165, 45.918251796309065], [-60.32871967525162, 45.91825648848368], [-60.32869646353024, 45.91828600810048], [-60.32863045921541, 45.91829895532197], [-60.32862204505282, 45.91825450166549], [-60.32862077544451, 45.9182476403752], [-60.328619603851486, 45.91820275309305], [-60.32861562336467, 45.91815405577794], [-60.3286033403291, 45.918149349054914], [-60.3285431474959, 45.918160515010456], [-60.3285351583981, 45.91816199325767], [-60.3285052307442, 45.91817802557183], [-60.32846869775835, 45.918197602668926], [-60.32843864335109, 45.91823802410723], [-60.32839010366087, 45.9182903711383], [-60.32836896280582, 45.91830818412175], [-60.328356759047416, 45.918318474522145], [-60.32826576224842, 45.918339207539894], [-60.32821142460772, 45.91833478595232], [-60.32816683024478, 45.91830793734806], [-60.32815603852769, 45.9183014473126], [-60.328087331603925, 45.91825735606458], [-60.32803360613231, 45.91822864661616], [-60.32800700144189, 45.91821442393119], [-60.327975134290135, 45.91819055528151], [-60.32794077767595, 45.918164819215086], [-60.32791096359797, 45.91812801046526], [-60.327909490450374, 45.918126193840386], [-60.32785180030875, 45.91808955185673], [-60.32780668847385, 45.918089054279605], [-60.32771337067098, 45.918088040670064], [-60.327628553852016, 45.918122139941204], [-60.327598980941744, 45.91814474188664], [-60.327573129857996, 45.91816449667069], [-60.327497997781265, 45.91822382665126], [-60.32747836060797, 45.91823932545794], [-60.32733837374157, 45.918339738181686], [-60.32728315812407, 45.91837264883011], [-60.32717226498782, 45.91843143862887], [-60.32705826233979, 45.91849052456744], [-60.32690709526846, 45.918559226349146], [-60.32683624408202, 45.91859143774958], [-60.32673401105907, 45.91863637963145], [-60.32670739588034, 45.91865216499012], [-60.32666682953292, 45.91867621948383], [-60.32664416365442, 45.91874292467155], [-60.32661622119129, 45.918793034903], [-60.32660286468708, 45.91880851857968], [-60.32658153162934, 45.918833266331156], [-60.32651193541348, 45.91891690134715], [-60.32650637837527, 45.91892358483544], [-60.326461667062134, 45.918976722733795], [-60.32643979541496, 45.919000062728365], [-60.3263590634758, 45.919077649436275], [-60.32631787221214, 45.91911898866708], [-60.32625985158256, 45.919150933065836], [-60.32610865684971, 45.919280784416486], [-60.32602112102427, 45.91937675316843], [-60.325883434217914, 45.91946434684604], [-60.32578597893045, 45.91952949849104], [-60.32576364653692, 45.91954443884143], [-60.32570175111768, 45.919579172463024], [-60.32563203492627, 45.91961831328933], [-60.325555981590426, 45.91966828660387], [-60.32553323375129, 45.919684891323634], [-60.32550975059901, 45.9197020368656], [-60.325465758220055, 45.91973241024302], [-60.32546346430761, 45.919733985658084], [-60.325454508857426, 45.91974053549617], [-60.3253888824656, 45.91978848471187], [-60.32531538378216, 45.91983654652932], [-60.325236715378075, 45.91988483823991], [-60.3252254222934, 45.91989253040904], [-60.32519671669902, 45.91991207377841], [-60.32516050567566, 45.91993938902241], [-60.32511708238354, 45.919972133798225], [-60.32508116686663, 45.92000027500944], [-60.3250649931101, 45.920013451319235], [-60.325037141290935, 45.92003615591826], [-60.32501135871029, 45.92005498464371], [-60.32496810008364, 45.92009046945571], [-60.32494958581404, 45.92010565209967], [-60.32493098109329, 45.92012164269157], [-60.32492013738342, 45.920130983498396], [-60.324867076081546, 45.92016971293701], [-60.32484123859008, 45.920186731181516], [-60.324792038850426, 45.92022266179819], [-60.32477826737255, 45.92023093491718], [-60.32476349947926, 45.920239814745784], [-60.324754301721434, 45.92024496373185], [-60.32475023282008, 45.920247244614075], [-60.32467315109768, 45.92030757114021], [-60.32463608750904, 45.920336513385166], [-60.324553676562275, 45.92038188169794], [-60.32451866929518, 45.920401853304575], [-60.324390272939624, 45.92046779095623], [-60.32423182699864, 45.920520333261685], [-60.32417022397535, 45.92053554121855], [-60.32411003700347, 45.92055348255679], [-60.324074848435785, 45.92055684334775], [-60.32405860187777, 45.92055838880632], [-60.32396530400232, 45.920572691922914], [-60.32393119972032, 45.92057710416712], [-60.323846053336126, 45.92059085114602], [-60.3237635732836, 45.92060278838762], [-60.32375800476306, 45.92060407100669], [-60.32367099936727, 45.92062402082576], [-60.3236303716066, 45.92062945919344], [-60.323591470790234, 45.92063036562754], [-60.32356322097432, 45.920631035640056], [-60.323497345464176, 45.920633181980115], [-60.32347624639849, 45.92063533368413], [-60.323426336755865, 45.92064042841648], [-60.323351476607115, 45.92064677446355], [-60.323290319690734, 45.9206575280171], [-60.3232742306443, 45.920660355166184], [-60.323208919345205, 45.92068025509365], [-60.32317229262322, 45.92069179060238], [-60.323137158231425, 45.9207028660388], [-60.32312498607874, 45.920703624797525], [-60.323117237742416, 45.920704109223074], [-60.323030068982206, 45.92070359596085], [-60.32297067332189, 45.92070508382873], [-60.32289900947095, 45.92070691411317], [-60.322884297929924, 45.92070737929426], [-60.32285426193778, 45.920708718318295], [-60.322807656698544, 45.92071080298147], [-60.32275822676996, 45.92071423452376], [-60.32270265716897, 45.92072706292202], [-60.322698620006086, 45.920752260450094], [-60.322662472901555, 45.92076347401115], [-60.32247996659906, 45.92077755651051], [-60.322399896100336, 45.92078765009944], [-60.322358469482324, 45.920790657074924], [-60.322281737992704, 45.920796220477094], [-60.322207958036365, 45.92081467914478], [-60.32218866434709, 45.920819510172976], [-60.32207204116458, 45.92083396683101], [-60.322011449463446, 45.92085225760221], [-60.32181919834269, 45.92092381449024], [-60.32170233532187, 45.92095904793658], [-60.32168054641654, 45.92097230808785]]}, "properties": {"OBJECTID": 170009, "FEAT_CODE": "WARV20", "FEAT_DESC": "Double Line River - Water to the right line", "RIVNAME_1": "Gaspereaux River", "RIVNAME_2": " ", "ZVALUE": 9999, "FID": null, "SHAPE_Length": 4098.234179598328}}, {"type": "Feature", "id": 200608, "geometry": {"type": "LineString", "coordinates": [[-60.37600382903325, 45.908085426207585], [-60.37599330893135, 45.90826204978674], [-60.37598228463243, 45.90831045468026], [-60.37598209446427, 45.908311206375984], [-60.37598163228803, 45.908312257847925], [-60.37596291254121, 45.90835432937872], [-60.37592542706808, 45.90843206281935], [-60.37591418079524, 45.90845536843328], [-60.37587435081529, 45.908553560757035], [-60.375922899964195, 45.90856303808725], [-60.375983417421544, 45.90859870364897], [-60.3760003033287, 45.90860865048189], [-60.37603562934532, 45.908668867337], [-60.37600887369608, 45.908711276271596], [-60.37603216747639, 45.90876689627653], [-60.376034013396904, 45.90877669553538], [-60.376035673268305, 45.90878551843513], [-60.37602919804756, 45.90880170606201], [-60.37602251706848, 45.90881842900728], [-60.375952023915104, 45.90884228140911], [-60.375926623018636, 45.908848574327976], [-60.375911450470646, 45.908852330037035], [-60.37590328510877, 45.908854320594926], [-60.37589358042594, 45.908856689816076], [-60.375881489976514, 45.90886262252662], [-60.37586361825353, 45.908871392643775], [-60.37586033175772, 45.90889733837272], [-60.37586933140638, 45.9089063659402], [-60.3758896336698, 45.90892671518656], [-60.37596321433506, 45.90896863945033], [-60.376016997857235, 45.90897977614954], [-60.376048256376926, 45.90898625489734], [-60.37607212300581, 45.90898871145745], [-60.37607302120321, 45.90898880410189], [-60.376077004849385, 45.90899018274683], [-60.37608879131881, 45.908994251896296], [-60.376098395100286, 45.90899757783268], [-60.37607652984137, 45.9090265079736], [-60.376057043910585, 45.9090397054166], [-60.37604373772155, 45.90904872447878], [-60.37602109273394, 45.90906465757068], [-60.37601882529358, 45.90906434444725], [-60.37599175472205, 45.90906065315525], [-60.375960809145596, 45.90906066214323], [-60.37594754119619, 45.90906039326989], [-60.375927974148745, 45.90905999765203], [-60.37589614378194, 45.909059356236696], [-60.37586712871896, 45.909062721846674], [-60.37585141572779, 45.90906453896228], [-60.375805314318455, 45.90906329955858], [-60.375772968282746, 45.90903285368335], [-60.37575453251175, 45.90900272745984], [-60.375748289716434, 45.90898746269181], [-60.37572735543235, 45.908972040323576], [-60.37571428223473, 45.908969282682975], [-60.37570246023798, 45.908966787814485], [-60.37568363288535, 45.90896410495406], [-60.37561935355794, 45.90902023272691], [-60.37560246029683, 45.90903504681004], [-60.37555533169707, 45.90907636638034], [-60.3755516017299, 45.909082185168955], [-60.37554670123066, 45.90908985821893], [-60.37554002637744, 45.909105627193824], [-60.375542146030476, 45.90912329043049], [-60.375543266466664, 45.909132613984134], [-60.37554672026489, 45.90916600523887], [-60.375547990070324, 45.90916942771482], [-60.375553007438334, 45.9091830621923], [-60.375556388959126, 45.909192833744015], [-60.375558679879404, 45.90919948396397], [-60.375533941314934, 45.90921469378639], [-60.37551798137108, 45.909224479869856], [-60.375502672479485, 45.909225109121095], [-60.375500359985075, 45.909257737799166], [-60.3754995202819, 45.90926952752141], [-60.375498810546034, 45.90927965508667], [-60.37548835592827, 45.90928234006678], [-60.37547153153033, 45.90928666980655], [-60.375437441255926, 45.909276804532034], [-60.375418988313164, 45.90926481442804], [-60.37541517231902, 45.90926234151844], [-60.37541150607502, 45.90925532665759], [-60.37540963827266, 45.909240252430386], [-60.375409811128094, 45.909220184668264], [-60.37540696278184, 45.90921469173504], [-60.3753923179157, 45.90918647973858], [-60.37537858949103, 45.90917410317015], [-60.375349880166084, 45.90917918582334], [-60.375336721900524, 45.90918151162403], [-60.37533461660235, 45.90918022112882], [-60.37532531926336, 45.909174498963694], [-60.375303848089445, 45.90916225945441], [-60.37529505905755, 45.909157242029686], [-60.375262163309166, 45.90913271488775], [-60.375251980076676, 45.90911925868789], [-60.375234212553906, 45.90911706815356], [-60.37520980464631, 45.909114058930214], [-60.375178474067084, 45.909116489066776], [-60.37517778629816, 45.909115762196784], [-60.37516546195391, 45.9091028688281], [-60.37516456687202, 45.90908302854075], [-60.37516426162128, 45.90907637895014], [-60.37515889457501, 45.90906441956325], [-60.375151777915406, 45.909048549625794], [-60.37512676556705, 45.909048514749635], [-60.37509107924203, 45.90906374285759], [-60.375054524166536, 45.90907934701927], [-60.375042191518, 45.909079477572405], [-60.375025124329426, 45.90907966130754], [-60.37499504469579, 45.909077439743925], [-60.37495326127561, 45.90909673101918], [-60.37492780861538, 45.90911860287291], [-60.37492275584107, 45.9091229421078], [-60.374910836254145, 45.909135089180126], [-60.374902359699924, 45.909166361045045], [-60.374900687201176, 45.909172569138285], [-60.37490294679061, 45.90921213449695], [-60.37494232125205, 45.90925211199327], [-60.37487204596839, 45.90931232287813], [-60.37486601039606, 45.90932328209213], [-60.374860483457724, 45.909333298915804], [-60.374860598652184, 45.90935217619526], [-60.37486072196099, 45.90937470797705], [-60.374881637019655, 45.90942251486048], [-60.374892848123416, 45.90944807376515], [-60.37490191727553, 45.90946683284687], [-60.374909413636246, 45.90948230649243], [-60.37491015556108, 45.90949281845434], [-60.37491110188463, 45.909506377377745], [-60.37491295482999, 45.90952941695949], [-60.37491452239341, 45.90954893967762], [-60.37491494202508, 45.90956191044376], [-60.37490816019907, 45.90960180800677], [-60.37489594645532, 45.909620734901225], [-60.3748842337074, 45.90963888124271], [-60.374867215926, 45.90965359334519], [-60.374862753568515, 45.909657442106095], [-60.37484914896031, 45.90966922640803], [-60.37482384010867, 45.90968339687753], [-60.37476542578622, 45.90970426793505], [-60.37472482101519, 45.90971878880703], [-60.374711601286776, 45.90972350732945], [-60.374694144963854, 45.90972974859342], [-60.374673720761784, 45.90973685770519], [-60.37463987200691, 45.909748653616205], [-60.37457835492986, 45.90977352159721], [-60.37455684534563, 45.90977985867007], [-60.37454461970398, 45.909783456929105], [-60.374498968517116, 45.909797258647565], [-60.37443010771777, 45.90984112936367], [-60.37440245226716, 45.90985884609809], [-60.37434874266784, 45.90990406420653], [-60.37432989167698, 45.90992073225114], [-60.374307165766126, 45.90994082150047], [-60.37430523043289, 45.90994248714935], [-60.37427141572347, 45.90997159222852], [-60.37424407401096, 45.9099908552711], [-60.374236309676505, 45.90999253990342], [-60.37411418762361, 45.91001910136674], [-60.37410673128192, 45.91002109009803], [-60.37400339638409, 45.91001430352695], [-60.37385716777189, 45.91000085996333], [-60.373755964223584, 45.91002513886092], [-60.37369453787392, 45.91003987357642], [-60.37364692531639, 45.91010915564111], [-60.373600808929524, 45.91017623990314], [-60.37348875826804, 45.91029400318321], [-60.37345396183768, 45.91034252711827], [-60.37345323972461, 45.91038787442551], [-60.373457767475124, 45.91041679005208], [-60.373462054857235, 45.91044424202398], [-60.373471719808336, 45.910450917876695], [-60.373523365475286, 45.910486605700434], [-60.37358349024549, 45.91053497259048], [-60.373572734010786, 45.91056507582475], [-60.37356729503182, 45.91058032405878], [-60.37355560018864, 45.91058305234359], [-60.37352127203977, 45.91059105657027], [-60.37341300673301, 45.91060647799434], [-60.373339072795446, 45.910612734128016], [-60.373286784022795, 45.91061716589236], [-60.37322278662976, 45.91062352449739], [-60.373200605282754, 45.91061130426222], [-60.3731835637611, 45.91060192048705], [-60.373182412999704, 45.91060007585957], [-60.37316534847962, 45.910572879015376], [-60.37316406114717, 45.910571742307546], [-60.37314591224334, 45.910555771487445], [-60.37313469842701, 45.910555684550275], [-60.373110723475904, 45.910555511082265], [-60.373094701164746, 45.910565781433206], [-60.3730831994514, 45.91057315851309], [-60.373074649943575, 45.910601305289916], [-60.37305809730541, 45.91062963699597], [-60.37303284519138, 45.910644771455665], [-60.37297755024523, 45.91067791840823], [-60.37291772442802, 45.91070543462448], [-60.372892379331674, 45.91073537319156], [-60.372890685402204, 45.910737386399404], [-60.37289094063328, 45.91080544714304], [-60.372915252922745, 45.91087522242164], [-60.372938082889696, 45.9109348827242], [-60.37295631104136, 45.91096392452678], [-60.37295688713691, 45.910974117657716], [-60.3729616298553, 45.9110588340593], [-60.372953594798275, 45.91110175393303], [-60.372948872799356, 45.91112693748595], [-60.37294553442149, 45.911191639273184], [-60.37294274547603, 45.91124579578907], [-60.37294368110117, 45.91128415161782], [-60.37294428686014, 45.91130873767148], [-60.37292609817521, 45.911312450600136], [-60.37287892710159, 45.91132208534846], [-60.37281162365244, 45.911313786409394], [-60.37275589065766, 45.91136902908045], [-60.37274390834893, 45.911401327217995], [-60.37271969373057, 45.91146657479386], [-60.3727043462645, 45.91151743611217], [-60.37269477605687, 45.911549168685255], [-60.37263081471407, 45.91160908240343], [-60.37252570389527, 45.9116425771141], [-60.37247865101458, 45.911682195999816], [-60.37247160093228, 45.91168813631136], [-60.372456681675054, 45.91172528126515], [-60.37245595104054, 45.911727100612175], [-60.37246253142659, 45.911798007116154], [-60.37246442071094, 45.911835547816935], [-60.37246534227811, 45.911853714584346], [-60.37246559482472, 45.91185874282782], [-60.37245872134033, 45.91186094287925], [-60.372449949193324, 45.91186375630045], [-60.37240077490601, 45.91187948328773], [-60.37232614898074, 45.91187632603438], [-60.37230441029011, 45.91187766197996], [-60.37226963628142, 45.91187979606564], [-60.372252393096375, 45.911911811079555], [-60.37225266147212, 45.9119151385412], [-60.37225638235649, 45.91196112811566], [-60.372257985216, 45.91202002106792], [-60.37223790060116, 45.91204312293364], [-60.372236577733915, 45.91204464962735], [-60.372227692168416, 45.912046587346374], [-60.372209347499314, 45.91205059359695], [-60.37216759766059, 45.91204999290771], [-60.37214659393671, 45.91204968959334], [-60.372127638356154, 45.912050522500586], [-60.37209957314062, 45.91205175782562], [-60.37204788419385, 45.9120754014798], [-60.37204618396492, 45.91207618142367], [-60.372042049402275, 45.912122224249956], [-60.37204104031856, 45.91213348800024], [-60.372041364154214, 45.91214683460125], [-60.37204223884875, 45.91218400992974], [-60.37202920836027, 45.912217192946244], [-60.37199705368628, 45.91222365359444], [-60.37195115777691, 45.91221200346928], [-60.37193895070914, 45.912208914300315], [-60.37192168712704, 45.912200677327895], [-60.37189903934053, 45.91219286548877], [-60.37188703695762, 45.912188718933386], [-60.371858904271264, 45.91219493007512], [-60.371847163857076, 45.912197522124295], [-60.37182383057475, 45.912218145943946], [-60.37181581020164, 45.91222524298544], [-60.37181008936816, 45.912230610796065], [-60.37178477498126, 45.91225441129067], [-60.37178411053507, 45.912283765527285], [-60.37178404031164, 45.91228661715677], [-60.371779543051424, 45.91230348011353], [-60.37177634845505, 45.912315422624616], [-60.37175872724222, 45.91231967047242], [-60.371751827208676, 45.91232133882446], [-60.37171752667378, 45.91232135945629], [-60.37170790179519, 45.912318473705355], [-60.371684977124474, 45.91231160953337], [-60.371668909060695, 45.91230044778435], [-60.371657635092724, 45.9122926186515], [-60.37162761782012, 45.91228112683999], [-60.371614556810144, 45.9122789180593], [-60.371601137694014, 45.9122766470301], [-60.37159621066484, 45.9122769476627], [-60.37158083452312, 45.91227788986769], [-60.37155468379983, 45.912312841023294], [-60.37154361361943, 45.91235065049883], [-60.37154134262704, 45.91236869878576], [-60.3715168863404, 45.91238415725171], [-60.37151553416557, 45.91238384710436], [-60.3715043865445, 45.912381259315595], [-60.371472417606654, 45.912348300696856], [-60.371449195832504, 45.91234308578148], [-60.37141985032606, 45.91234466950244], [-60.371424972082025, 45.91238173557652], [-60.37143099497809, 45.912425383957476], [-60.37144066725905, 45.91244118693477], [-60.37145625318115, 45.91246664884989], [-60.371465529012205, 45.91248210967088], [-60.37146928214838, 45.91248837059082], [-60.371477577342056, 45.912505482982944], [-60.37148925425808, 45.912529621811224], [-60.37150586671417, 45.91255491833114], [-60.3715111475383, 45.91256296056317], [-60.37152157483285, 45.91256906007495], [-60.371546029754704, 45.912583385140245], [-60.371553277585065, 45.91265105777266], [-60.3714673514517, 45.9127257665857], [-60.37144834851457, 45.91275953212403], [-60.37140560815557, 45.912804452275644], [-60.371398780117765, 45.912815240048005], [-60.37138784135149, 45.91283252176467], [-60.37135488685892, 45.912884561744185], [-60.37127588099716, 45.912977359248664], [-60.371260412942576, 45.91299552677671], [-60.371202743342856, 45.91303983316401], [-60.371163674989006, 45.91304523434696], [-60.37114288084795, 45.9130432165251], [-60.37112709235093, 45.91304169196515], [-60.37110532938793, 45.91302142526581], [-60.371104489182656, 45.91302064985855], [-60.371103920049336, 45.91301932264359], [-60.37109100931831, 45.91298936787597], [-60.37108293623505, 45.912944358169746], [-60.37106609684543, 45.91291076665206], [-60.37103550847465, 45.912873150292135], [-60.371017344068406, 45.9128700588899], [-60.37100736637789, 45.91286836206085], [-60.37096419594177, 45.91286233676353], [-60.370896217153266, 45.91286311193253], [-60.37084628723771, 45.91287378941971], [-60.37084149361386, 45.91287481315313], [-60.3708280799081, 45.91290844624707], [-60.37082203835576, 45.91292359946638], [-60.37074721766981, 45.91295427960979], [-60.37067881063865, 45.91297475648539], [-60.37063326749494, 45.91299710987857], [-60.370588908842706, 45.91302714118504], [-60.370559291278866, 45.91304538785476], [-60.3705116103275, 45.913074775584285], [-60.37050054480608, 45.91309773378556], [-60.37049474117588, 45.9131097601963], [-60.37049904450067, 45.91314694247507], [-60.370499600628854, 45.913156730121294], [-60.37050016581375, 45.91316659898303], [-60.370500288586, 45.91317436947809], [-60.370500666542064, 45.91319720414416], [-60.37049261357485, 45.91320934977581], [-60.370472592642834, 45.913231624723636], [-60.37046525728811, 45.913239772532094], [-60.37044725111838, 45.91325734145946], [-60.370410510888036, 45.91329314660333], [-60.37030652987247, 45.9133544776746], [-60.37027786834706, 45.91337649960897], [-60.37026700715744, 45.91338831053331], [-60.37026164747306, 45.91340049116745], [-60.370239850569455, 45.91344997051911], [-60.37023310375831, 45.91346067008392], [-60.37023246279572, 45.91346168141175], [-60.370229137387, 45.91347474596245], [-60.37022501920013, 45.91349094252737], [-60.37019175146729, 45.913528843739805], [-60.37018251085451, 45.913539377862904], [-60.37015985168751, 45.913552807244265], [-60.370149331204495, 45.91355904552364], [-60.37013003807767, 45.913563461634745], [-60.37010194084944, 45.913563174601045], [-60.370070511603146, 45.91356245079353], [-60.37005190379178, 45.913560825153404], [-60.3700384072553, 45.913559641251695], [-60.37001441165795, 45.91355578534266], [-60.37000897257705, 45.91355491301424], [-60.370001371410964, 45.91355258677098], [-60.369985457529026, 45.91354771087772], [-60.369971507780676, 45.91354247518291], [-60.36996784642007, 45.91354109474754], [-60.36996722026101, 45.913539883223685], [-60.36995497931923, 45.91351595627164], [-60.36995855734376, 45.91349864018083], [-60.36996319080751, 45.9134761819533], [-60.36997909127017, 45.91342596380354], [-60.37001042980153, 45.91335494937847], [-60.37001071680901, 45.913327053588816], [-60.37000151935638, 45.91330884921993], [-60.36997276785168, 45.9132986732367], [-60.369971842004865, 45.91329834588745], [-60.36996635695158, 45.91329735548807], [-60.369950234993084, 45.913294427965425], [-60.369936830487006, 45.91329429926169], [-60.36992477702373, 45.91329477772202], [-60.369911121244144, 45.91329532728698], [-60.36987270871749, 45.91331685451815], [-60.36976688869689, 45.91336770184486], [-60.36975872137823, 45.91337189710737], [-60.369727638165244, 45.913387859609585], [-60.36970699675728, 45.91340988611148], [-60.369701506104605, 45.913416924260865], [-60.36969574168285, 45.91342429813362], [-60.369669891932006, 45.913463756173236], [-60.369660788024966, 45.91347930683416], [-60.369656005046345, 45.913487468376694], [-60.36963344770197, 45.91352547211186], [-60.36960618134432, 45.91355670680265], [-60.36956169108102, 45.91356495280438], [-60.36954419452957, 45.91356436976597], [-60.36953555574111, 45.91356408076776], [-60.36951393952769, 45.91356171968527], [-60.369503227815436, 45.9135605458633], [-60.36949238118612, 45.91355104321665], [-60.369488245619515, 45.91354741965065], [-60.36947513815053, 45.913530097255986], [-60.369474479479294, 45.913528209922454], [-60.36947093717718, 45.91351803845748], [-60.3694710329706, 45.91351001197373], [-60.36947115179792, 45.9134998618379], [-60.3694806410007, 45.91347370815483], [-60.36948258083512, 45.9134547702066], [-60.369483504438136, 45.91344587171478], [-60.36948175395386, 45.913442258085006], [-60.36947246342903, 45.91342302544135], [-60.36945718533147, 45.91341506785326], [-60.36945094310896, 45.91341181879478], [-60.36944895410855, 45.91341134094033], [-60.36944278441546, 45.91340983070156], [-60.36942162165153, 45.913410153276715], [-60.36940433115095, 45.913425668347344], [-60.36939226581643, 45.91343648836739], [-60.36938927632816, 45.913439443762066], [-60.369386043507596, 45.91344263657222], [-60.36937308167294, 45.91346614503149], [-60.36936917135874, 45.9134730305533], [-60.36935131270619, 45.91348747043649], [-60.369317336313905, 45.91349616555982], [-60.36929582518346, 45.91350167353315], [-60.36925314544937, 45.913534353220676], [-60.369239237673405, 45.91355059424979], [-60.369226641915695, 45.91355844977889], [-60.36920534138253, 45.913571775258525], [-60.36918809509246, 45.91357380815531], [-60.36915010387344, 45.913570052674054], [-60.36913429155588, 45.9135444862224], [-60.36913399223901, 45.91354345323847], [-60.36913233955599, 45.91353777167849], [-60.36912929869135, 45.91352735973333], [-60.36913276211964, 45.91350592767428], [-60.36912914661802, 45.913486942754396], [-60.36910701414655, 45.9134886830548], [-60.3691063676818, 45.9134889921892], [-60.36907020513731, 45.91350628661748], [-60.369052658088684, 45.91352067962826], [-60.369046192319274, 45.913525976132746], [-60.36902277315833, 45.91355274492784], [-60.369003798440794, 45.91357442266814], [-60.3689949407523, 45.913592670180066], [-60.36899574022692, 45.913622121130224], [-60.36900579095939, 45.91363481876355], [-60.369016425964574, 45.91364824991901], [-60.36902632187675, 45.91365304130408], [-60.36904688200698, 45.91366301080424], [-60.369056008773285, 45.913667433436295], [-60.36905751289128, 45.913669439258804], [-60.369076029255396, 45.91369399692606], [-60.369075956331066, 45.91371980946526], [-60.36907592366666, 45.91373440796779], [-60.36905396116152, 45.91376009423198], [-60.36903282986098, 45.91378483655917], [-60.3690161339714, 45.91380440661708], [-60.36900290190583, 45.91381153640021], [-60.36897154343606, 45.91382840143247], [-60.36891940800168, 45.913848334062195], [-60.36891690013165, 45.91384928436757], [-60.36887945219205, 45.91385912348114], [-60.36884007150536, 45.91386947609863], [-60.36879691720149, 45.913880821847386], [-60.36878959857467, 45.91388315543343], [-60.368770730630665, 45.913889210251384], [-60.36868412614143, 45.913897979666295], [-60.36852454774561, 45.913914140249624], [-60.368305031820775, 45.913947784965615], [-60.36826885914941, 45.91395246882217], [-60.368240159888316, 45.913956181800856], [-60.36813153840398, 45.913959879999986], [-60.36803480009663, 45.91396315891688], [-60.367879305067575, 45.91400638802878], [-60.36781358230229, 45.914032766557945], [-60.36779270455986, 45.91404695659227], [-60.367748296410376, 45.914077165667365], [-60.36759068580323, 45.91419235180987], [-60.36755202460407, 45.91424635631804], [-60.36754389857979, 45.91427283828884], [-60.36753830471434, 45.9142910439143], [-60.367534937125924, 45.91444397943096], [-60.367495000040485, 45.91449796350718], [-60.36745506781475, 45.914524045284416], [-60.36742930574756, 45.91452345139398], [-60.3674014966837, 45.914528237774], [-60.36737860174252, 45.914532183352954], [-60.367289176785434, 45.914459915732], [-60.36727921584519, 45.91444478080904], [-60.36727714666504, 45.914441636839435], [-60.36723806643486, 45.914422734316695], [-60.367201554543065, 45.91442231557662], [-60.36716073784314, 45.91442185158062], [-60.36715464053154, 45.91442398820032], [-60.367108199091625, 45.91444019894843], [-60.36708337837113, 45.91444887047753], [-60.36706091958956, 45.91445858654376], [-60.36704388436236, 45.914465961441444], [-60.36700478489669, 45.91450196311244], [-60.366926202856035, 45.9145820582763], [-60.366834314003974, 45.91467084732781], [-60.36676902658362, 45.91471524583958], [-60.3666392911034, 45.91475905824116], [-60.36663270431828, 45.91476336173276], [-60.36662597158463, 45.91476775186616], [-60.366573165172156, 45.914821438850595], [-60.366520745589916, 45.91486613395808], [-60.366430535312865, 45.91486495366285], [-60.36628874638582, 45.914836490508144], [-60.36628832119769, 45.914845472474276], [-60.36622473564276, 45.91485390683241], [-60.36621142891907, 45.914862600704105], [-60.36617545208128, 45.91492605446055], [-60.3661706261019, 45.91493456589453], [-60.366165481431295, 45.91494490613565], [-60.36610365761494, 45.915068932981065], [-60.366037943490184, 45.915122322004294], [-60.3660118627571, 45.915145068448396], [-60.36594647799541, 45.9152021193292], [-60.36591872556069, 45.915221496906504], [-60.36590780297848, 45.915229129639876], [-60.36580301919908, 45.915290618099114], [-60.36575061332029, 45.91530831084966], [-60.36570574228322, 45.91531829271418], [-60.36567370736476, 45.91532543840149], [-60.36567042876602, 45.91532877406224], [-60.36562087373681, 45.915379124315045], [-60.36559425941839, 45.91539652089597], [-60.36551650422812, 45.91540461897746], [-60.36537515188977, 45.91539414830582], [-60.36534929937758, 45.915389465508724], [-60.36532400981127, 45.9153848767007], [-60.365285366179506, 45.915383985129395], [-60.36525367257993, 45.9153912735852], [-60.36520714216917, 45.9154019820341], [-60.365180538857814, 45.9154463720894], [-60.365171554630784, 45.91546780265568], [-60.365154372012846, 45.915508773753764], [-60.365140168580915, 45.9155633507497], [-60.365087815495016, 45.91560714665357], [-60.365072615934075, 45.915617407855784], [-60.36504785165707, 45.915634126934435], [-60.36500941384414, 45.915651484584394], [-60.36497009337367, 45.915669235890014], [-60.364917686884816, 45.91568692824368], [-60.364840377736044, 45.91574004901902], [-60.36473517602068, 45.91583753894098], [-60.36461619906384, 45.915953594485515], [-60.364591006818586, 45.91598805311043], [-60.36456380012854, 45.9160252914825], [-60.36451053883788, 45.91608796778111], [-60.36448391137914, 45.91610535479814], [-60.3643159759064, 45.916166284482614], [-60.36421544858809, 45.91620318060334], [-60.36417292781648, 45.916218787589465], [-60.36409512828258, 45.91622779275726], [-60.36396626207453, 45.916198706928995], [-60.36394387286155, 45.91620257348495], [-60.36391555562925, 45.91620744629359], [-60.363824022625174, 45.916234135798945], [-60.36366810248326, 45.91631334344168], [-60.3635379249523, 45.916339140565384], [-60.363434414796835, 45.916373653934514], [-60.36336954879802, 45.91640905945433], [-60.36308176412513, 45.916604031841935], [-60.36302892677898, 45.91665771646454], [-60.3630152025981, 45.91670240340853], [-60.363014985723, 45.91671432442268], [-60.363013622576894, 45.91678688416654], [-60.363012674482036, 45.916837356600446], [-60.362999802587616, 45.91686406167981], [-60.36299667519485, 45.91686828283055], [-60.362986026086574, 45.91688264517447], [-60.36291951184867, 45.916931855562126], [-60.36285505626347, 45.91697952931571], [-60.362817806120496, 45.91699655362211], [-60.362699516267035, 45.917050643715626], [-60.362594703242024, 45.917085126232756], [-60.36256896476574, 45.91710604363383], [-60.362528996251825, 45.91713851339197], [-60.362518510074096, 45.917152699439534], [-60.362502829506035, 45.91717390312725], [-60.36247701974844, 45.91720121840923], [-60.36244179171753, 45.91720577822448], [-60.36241214284047, 45.917209620817886], [-60.36237750908645, 45.917209261916796], [-60.36227035996117, 45.91720814613377], [-60.362244600691696, 45.91720148461898], [-60.36223214146275, 45.917198262578616], [-60.36220008361268, 45.91719797212393], [-60.3621676908418, 45.91719767392386], [-60.36213241058799, 45.91719898315893], [-60.3619739126513, 45.91720489866355], [-60.36192469522036, 45.91721566071124], [-60.36189571483726, 45.91722199382548], [-60.36180462753926, 45.917266693548505], [-60.36154348285886, 45.91741637355453], [-60.361517685829966, 45.91744367991263], [-60.36150310736885, 45.917506348475406], [-60.3614996924317, 45.91770070422138], [-60.36149931393853, 45.91772227932406], [-60.36149635807299, 45.917730221714706], [-60.36149353605208, 45.91773778916541], [-60.3614860146687, 45.9177579751266], [-60.361289684474606, 45.917846146675906], [-60.36118574368512, 45.91788964882256], [-60.36117325449349, 45.91790826184352], [-60.361144887076236, 45.91794597661587], [-60.361133338462125, 45.91796134408762], [-60.36106761615199, 45.91801473004775], [-60.36092372447487, 45.918139215743665], [-60.36084554647949, 45.91818331295392], [-60.360779388554, 45.918218687139635], [-60.3607024900339, 45.918235811511785], [-60.36067148877565, 45.91823552704656], [-60.36057358650037, 45.918234632387396], [-60.360367349404015, 45.91823256566773], [-60.36031449958213, 45.91825924642777], [-60.36025445020129, 45.91829605762076], [-60.360184319649065, 45.918339044289944], [-60.360015084707996, 45.91839993759922], [-60.35997659946034, 45.918420937766385], [-60.35995021419796, 45.918435341066306], [-60.35983249333129, 45.91849742502052], [-60.35978007775511, 45.91854211711199], [-60.359769289250266, 45.918549338320474], [-60.35976057773926, 45.9185551854267], [-60.35972813149594, 45.918576919183195], [-60.35969136678542, 45.91858693309039], [-60.359664114078114, 45.91859434067141], [-60.35955582207589, 45.91858328606973], [-60.35947032299955, 45.918574558555285], [-60.35944975376911, 45.9185745599782], [-60.35943163465816, 45.918574564047], [-60.35940545194782, 45.9186099616999], [-60.35940163443034, 45.91877188728248], [-60.35939008389899, 45.91877994590753], [-60.35936295377377, 45.918798895237806], [-60.35933182889078, 45.91880718528369], [-60.3592976477978, 45.91881628672414], [-60.35925772931494, 45.91886936825183], [-60.359256883036636, 45.918914361530625], [-60.35924356956473, 45.91895004773901], [-60.35924287630504, 45.91895079677302], [-60.35921778356666, 45.91897735382872], [-60.35918343367157, 45.91899571312315], [-60.35915162368063, 45.919012727023684], [-60.35913960306272, 45.91902144980997], [-60.35910884296594, 45.919068775567006], [-60.359099257437705, 45.919083522172556], [-60.359046840713845, 45.919128213898475], [-60.35901514293135, 45.919127921876374], [-60.35898238797095, 45.91912762339772], [-60.35894558066434, 45.91913146155156], [-60.35890461346882, 45.91913572552981], [-60.358807269860755, 45.919209404650324], [-60.35880217269675, 45.91921327410128], [-60.35878691037963, 45.919224811121396], [-60.35878576141777, 45.91922673771437], [-60.358760300045624, 45.91926919950285], [-60.35874615233087, 45.91934987920333], [-60.35867867575605, 45.91944012636063], [-60.358663079930004, 45.91945868525059], [-60.35862673541448, 45.91950193037173], [-60.35859965519377, 45.91955620869163], [-60.358598929408394, 45.919594850206266], [-60.35859880877494, 45.919601192958005], [-60.35859796235312, 45.919646177224024], [-60.35859116372836, 45.91965899007729], [-60.35858379943732, 45.91967285193674], [-60.35857135165362, 45.91969056555084], [-60.35851892653127, 45.91970825453138], [-60.35845447962741, 45.91971730369164], [-60.35840336598993, 45.9197244830556], [-60.35832476240131, 45.91975056715189], [-60.35820831792252, 45.91978567664498], [-60.358051932878645, 45.919846864303324], [-60.35799883979117, 45.919872908306246], [-60.35796083866126, 45.919891551789576], [-60.357896818775124, 45.91990898122913], [-60.35787040502826, 45.91991445462517], [-60.35785773230116, 45.91991707766857], [-60.35772841088605, 45.91992488643412], [-60.35770807039449, 45.91992956423506], [-60.35768929455319, 45.919933882201875], [-60.357667206314105, 45.91994494610443], [-60.35763777277608, 45.91995969237107], [-60.35755869274071, 45.9200226680662], [-60.357466773020015, 45.92008444651692], [-60.35741322746571, 45.92010615940799], [-60.35733659083028, 45.92013723876249], [-60.357206842301494, 45.92020804243222], [-60.35710332116437, 45.92024254979798], [-60.35686998229562, 45.920294745220424], [-60.35677849452518, 45.92032053904089], [-60.35670157907558, 45.92033766032422], [-60.3566495929122, 45.92034635783777], [-60.35636143479866, 45.920472268685856], [-60.35615048788936, 45.92054470168949], [-60.356065697380856, 45.9205839621276], [-60.355893799640455, 45.92063524685337], [-60.35581997125861, 45.92063841582348], [-60.35572076248129, 45.92064267119533], [-60.3555697015294, 45.920646013784676], [-60.3554459965069, 45.92065934148202]]}, "properties": {"OBJECTID": 200608, "FEAT_CODE": "WARV50", "FEAT_DESC": "River - Single Line", "RIVNAME_1": " ", "RIVNAME_2": " ", "ZVALUE": 9999, "FID": null, "SHAPE_Length": 2744.6890919398793}}, {"type": "Feature", "id": 200960, "geometry": {"type": "LineString", "coordinates": [[-60.35813653910003, 45.9077241460639], [-60.35813381497576, 45.907743776756874], [-60.35812909252411, 45.90777779847597], [-60.358114022025376, 45.907818223372544], [-60.35811467160292, 45.90784011930543], [-60.358115417277844, 45.90786487971063], [-60.35811842261419, 45.90788413890925], [-60.35812054375857, 45.90789785117103], [-60.35812247997819, 45.907901064240946], [-60.358133579339444, 45.90791957461108], [-60.35816556563077, 45.90796009806346], [-60.35814130098165, 45.908006790824814], [-60.35812246858476, 45.90802623787285], [-60.358112815680116, 45.908036194440264], [-60.35809921923565, 45.90805127122663], [-60.3580975878379, 45.9080590191618], [-60.35809189615674, 45.908086024846135], [-60.35808733917815, 45.90811004151922], [-60.35808312942052, 45.90813217606055], [-60.35810004199395, 45.90818603198663], [-60.358105909025035, 45.9081955285348], [-60.358105843377025, 45.908215922790674], [-60.358105734178416, 45.90824809806403], [-60.35807927320369, 45.90830655802678], [-60.358066266016756, 45.90833529362839], [-60.35806249511919, 45.908350084681764], [-60.358057869085215, 45.908368222243936], [-60.35805813221341, 45.90839309749479], [-60.35805837125409, 45.908414677901746], [-60.3579966019851, 45.908463743222356], [-60.35798045429341, 45.908475250663095], [-60.35797270488002, 45.90849155180541], [-60.35796856479424, 45.90850026778621], [-60.35797070802446, 45.90850373766976], [-60.35799585134858, 45.90854473290097], [-60.35796470189814, 45.90859819693785]]}, "properties": {"OBJECTID": 200960, "FEAT_CODE": "WARV50", "FEAT_DESC": "River - Single Line", "RIVNAME_1": " ", "RIVNAME_2": " ", "ZVALUE": 8.9, "FID": null, "SHAPE_Length": 103.74389310740187}}, {"type": "Feature", "id": 261582, "geometry": {"type": "LineString", "coordinates": [[-60.36222345237349, 45.90667020337746], [-60.362218652327876, 45.90667626703954], [-60.36220452809249, 45.90669407736393], [-60.3621962484831, 45.90671098760228], [-60.362174433315495, 45.90674117636259], [-60.36216225124845, 45.90675908554906], [-60.36215484878299, 45.90676891442719], [-60.3621473913888, 45.90677881404228], [-60.36213386010331, 45.90680315462221], [-60.36211335136265, 45.90682509282732], [-60.36210366069337, 45.90683368974218], [-60.362097922337, 45.906837787554835], [-60.36208756208726, 45.90688254315163], [-60.36208805304499, 45.906888233987424], [-60.36207816764979, 45.906966492468875], [-60.36207787118917, 45.906967034668405], [-60.362077446882545, 45.90696782593661], [-60.362061909816624, 45.9069909590725], [-60.362060008506774, 45.90699489349809], [-60.3620497563724, 45.90701615054173], [-60.362028316562935, 45.90703868827705], [-60.36201083674645, 45.90705656507335], [-60.361982253745936, 45.90706931594892], [-60.36195944841626, 45.90707986008479], [-60.36191149536154, 45.90709324356364], [-60.361894764509195, 45.907098311527626], [-60.36187943389761, 45.90710294379664], [-60.361855273985185, 45.90710697605399], [-60.361844334082996, 45.907108469470714], [-60.361838922514565, 45.907109208526684], [-60.36180955716787, 45.907122958373556], [-60.36179989162167, 45.90712748748856], [-60.36179290549628, 45.90713614685874], [-60.36176952234949, 45.90715071895937], [-60.36175566736372, 45.90718460184655], [-60.361754216593646, 45.9071904548419], [-60.36175008977208, 45.90720706495426], [-60.36174882500113, 45.907211986165166], [-60.361748302007825, 45.90723933646446], [-60.36174991088642, 45.90724891446498], [-60.36177827966101, 45.907277130265086], [-60.36178697264377, 45.9072857738317], [-60.36180343562264, 45.90730811608142], [-60.36181530987648, 45.90731955137787], [-60.36181712215231, 45.90732130339471], [-60.361859367512274, 45.90736332292981], [-60.36187176280249, 45.90737927064895], [-60.36187984001743, 45.90738866504946], [-60.36189094764243, 45.90740158575809], [-60.36191531730441, 45.90742033032044], [-60.36193293171275, 45.90743252826566], [-60.36194141832686, 45.90744389429017], [-60.361946034402045, 45.90745803314865], [-60.36194720859006, 45.907476781902986], [-60.361934928584645, 45.90749647995705], [-60.36192011679094, 45.907507028730585], [-60.36189322823247, 45.90751666845347], [-60.36188017544511, 45.90752138934734], [-60.36187171354319, 45.9075244611455], [-60.361847580279615, 45.90753037518058], [-60.361838252010806, 45.90753213984929], [-60.361825983170554, 45.90753446663801], [-60.36180170604216, 45.90753525589416], [-60.361774831729875, 45.90753643518208], [-60.36172972100554, 45.90753690512068], [-60.36171807304291, 45.90753701404784], [-60.361704386823746, 45.90753741791287], [-60.36151424522152, 45.90750944278137], [-60.36133465906409, 45.90748999195471], [-60.36130026150313, 45.907489674178244], [-60.36120578037623, 45.907488814082335], [-60.36108728340588, 45.907594985295546], [-60.36107393548435, 45.90760456870074], [-60.36099578120723, 45.907675677955886], [-60.36091593046205, 45.90780974443171], [-60.360880010310574, 45.90786327902896], [-60.36086182064216, 45.90789040104848], [-60.36085674786938, 45.90813330494751], [-60.360867512966124, 45.90823256234553], [-60.360876641505016, 45.90844789201088], [-60.36088378546414, 45.90850116172714], [-60.36088575566385, 45.90851589653606], [-60.360886466561766, 45.90852102540956], [-60.3609213300576, 45.90860940872879], [-60.360928645805764, 45.90864029746631], [-60.36094506963055, 45.90870968601787], [-60.360960010723105, 45.908870155214075], [-60.36095695283823, 45.90891669059402], [-60.36095451264779, 45.90895373542311], [-60.360935687879966, 45.90899995143284], [-60.36091409017031, 45.90905297995276], [-60.36089868232147, 45.90907418074321], [-60.360866087843384, 45.90911901642371], [-60.36079674244532, 45.90915413696831], [-60.360728984916086, 45.90917426286455], [-60.36066094766581, 45.90917908092718], [-60.36055658513848, 45.90918260931397], [-60.36039913006834, 45.90917761976026], [-60.36028079475232, 45.909176711558224], [-60.3601542362124, 45.909175739148665], [-60.36010104982008, 45.90916892914373], [-60.360012086113436, 45.90914167030829], [-60.359946057881594, 45.90910957718015], [-60.35989739745555, 45.909085914242254], [-60.35987567107318, 45.909071244712806], [-60.35987116056364, 45.90906820617757], [-60.35985185792769, 45.90904865125006], [-60.359808417066134, 45.90900465917192], [-60.359721463097806, 45.9089622262516], [-60.359624642507946, 45.90893208522039], [-60.359567524773446, 45.908915472223256], [-60.35951475730723, 45.908900111887], [-60.35936608293447, 45.9088812827176], [-60.359193759657, 45.90887553365041], [-60.35919023191526, 45.908875425067585], [-60.35906768216814, 45.90887123186832], [-60.3590256320114, 45.90887076343132], [-60.358865099049396, 45.90886897686056], [-60.35885886196941, 45.90886917463719], [-60.35885683474578, 45.90886923576026], [-60.358754189465856, 45.908885763340514], [-60.3587478543877, 45.908888569071266], [-60.35867514905965, 45.90892083837456], [-60.35857171300578, 45.908948589477], [-60.358480566471236, 45.908973042451855], [-60.358453510943185, 45.908988888040945], [-60.358449121018324, 45.90899145972592], [-60.3584058986699, 45.90901676918773], [-60.358363543384755, 45.909035492116594], [-60.35833741997527, 45.90904256547642]]}, "properties": {"OBJECTID": 261582, "FEAT_CODE": "WARV50", "FEAT_DESC": "River - Single Line", "RIVNAME_1": "Bonds Meadow Brook", "RIVNAME_2": " ", "ZVALUE": 9999, "FID": null, "SHAPE_Length": 574.8141366353673}}, {"type": "Feature", "id": 261714, "geometry": {"type": "LineString", "coordinates": [[-60.35150477620266, 45.914123629236194], [-60.351274882168056, 45.91410579506699], [-60.35102296000226, 45.914111058490974], [-60.3510033014986, 45.91411146654756], [-60.35075394197303, 45.91410001137385], [-60.3504881009325, 45.91409888418382], [-60.35043539577558, 45.914122782498204], [-60.35028223625166, 45.91419221608481], [-60.350255484915195, 45.914243808869834], [-60.35023039558904, 45.91429218193191], [-60.35025857638746, 45.91449324713714], [-60.350261492719, 45.914514052596886], [-60.35026518245705, 45.914658600682564], [-60.35029503065363, 45.914749931084906], [-60.35031965580947, 45.91482529892087], [-60.35053857127943, 45.91502119467878], [-60.350743817766, 45.91518950054708], [-60.350755242792026, 45.915227145822456], [-60.350788084100444, 45.91533552998902], [-60.35075006849866, 45.915383198246836], [-60.35069167337631, 45.915456423937094], [-60.3506174445038, 45.91558539308414], [-60.3504135009442, 45.91560307325801], [-60.35023737514586, 45.915613387856624], [-60.35015109411289, 45.9155846534767], [-60.35004709239801, 45.915550017343556], [-60.3499490743971, 45.91552160449963], [-60.349825260030414, 45.91548573431714], [-60.34963760530365, 45.91554127035437], [-60.349604997625654, 45.9155509184548], [-60.34930936811422, 45.91570931096482], [-60.349216744286906, 45.91576986035797], [-60.34917959612346, 45.915794146210416], [-60.348856658479555, 45.915792220875915], [-60.348578481087955, 45.91573860734692], [-60.34831874408769, 45.915603865303716], [-60.34828884868159, 45.915592586198564], [-60.347996737068094, 45.915482347825574], [-60.34784172791261, 45.91542488723419], [-60.347738988358266, 45.9153868040065], [-60.347549710874354, 45.915298907549115], [-60.34746272415001, 45.91525850773482], [-60.34746861835643, 45.915196818309795], [-60.34754320043314, 45.91505246807114], [-60.347367442421934, 45.915025343546475], [-60.347261897029654, 45.91500231601435], [-60.347150481376225, 45.914977999913916], [-60.34714380643918, 45.91497140929365], [-60.347061553907075, 45.914890156612245], [-60.34697075483366, 45.914749084163596], [-60.3469506331936, 45.91471782502741], [-60.34687648356717, 45.91466487888949], [-60.34680224691725, 45.914611867675426], [-60.346481964096164, 45.91465419110691], [-60.34628744736693, 45.91474462921795], [-60.34606003928008, 45.914805500104784], [-60.34581611813151, 45.91478461070279], [-60.34581474373878, 45.914784497751384], [-60.34548870736405, 45.91478277887315], [-60.34546327982876, 45.9147957159658], [-60.345301286626736, 45.914878231671636], [-60.345131664526335, 45.915044403029576], [-60.34495474914468, 45.915033449277324], [-60.34473147066108, 45.915005035807376], [-60.344669969512935, 45.9150199781778], [-60.3446107903158, 45.915034362454776], [-60.344444926739556, 45.91512173737364], [-60.34436713418871, 45.915162709011845], [-60.344134643551634, 45.91527324116576], [-60.343930645396824, 45.91537037634288], [-60.34374033320879, 45.91540772230954], [-60.34360210727773, 45.91540207677988]]}, "properties": {"OBJECTID": 261714, "FEAT_CODE": "WARV50", "FEAT_DESC": "River - Single Line", "RIVNAME_1": "Bonds Meadow Brook", "RIVNAME_2": " ", "ZVALUE": 9999, "FID": null, "SHAPE_Length": 929.17048728179}}, {"type": "Feature", "id": 306834, "geometry": {"type": "LineString", "coordinates": [[-60.35651956390312, 45.92143253083254], [-60.35652415027145, 45.92143344706898], [-60.356529873081115, 45.92143161737579], [-60.35653202085178, 45.92143092903033], [-60.35653704738937, 45.92142285468842], [-60.35653966406398, 45.92141121426291], [-60.35654070435051, 45.9213977371932], [-60.35654071580296, 45.921395325252725], [-60.35654081709581, 45.92138423865246], [-60.356540862050856, 45.921374608872306], [-60.356540857266396, 45.92137253858512], [-60.35654076803062, 45.92136926024023], [-60.3565405628755, 45.921362450911325], [-60.35654022630847, 45.92135922084573], [-60.35653950408029, 45.92135216552749], [-60.356538528431514, 45.921346643474145], [-60.35653767233549, 45.921341862251126], [-60.356534801445925, 45.92133171493559], [-60.3565310030817, 45.921321816173425], [-60.35652630307217, 45.921312436585474], [-60.35652290051744, 45.92130750640811], [-60.35651833901073, 45.921300911263], [-60.35650828384454, 45.92128996758755], [-60.35649665714683, 45.92127952757831], [-60.35648411158808, 45.92126942632803], [-60.3564709005452, 45.92125975970948], [-60.35645767668802, 45.92125036281575], [-60.356454670716936, 45.921248214053136], [-60.356446076708366, 45.92124207460316], [-60.35643788169452, 45.921236223412734], [-60.35643422677414, 45.9212336185893], [-60.35642184487993, 45.9212255012896], [-60.356409047031306, 45.92121799541235], [-60.3563955611136, 45.9212116707072], [-60.35638869638952, 45.92120930660351], [-60.35638120939873, 45.921206739077974], [-60.356372398632296, 45.92120461794752], [-60.35636960600233, 45.92120395024728], [-60.35635733284522, 45.921201685956525], [-60.356350960172634, 45.92120090837579], [-60.35634463945743, 45.92120012299673], [-60.35633178647902, 45.92119920439622], [-60.356319041450014, 45.92119899935395], [-60.35630668692949, 45.92119953241282], [-60.35629365929051, 45.92120093196253], [-60.35628027540337, 45.92120304332477], [-60.35627923625982, 45.92120319928333], [-60.356265048718925, 45.92120621011702], [-60.35625236855008, 45.921209795891905], [-60.35624628132516, 45.92121223818763], [-60.35624223147836, 45.92121387257731], [-60.35623623358538, 45.92121823410405], [-60.35623625558721, 45.92122238396716], [-60.35623626067306, 45.9212258043765], [-60.35624472694593, 45.9212349021376], [-60.35625907557138, 45.92124505415752], [-60.35627637093301, 45.92125561642358], [-60.356293803245165, 45.921266010842906], [-60.356308817805036, 45.92127571923405], [-60.35631931853615, 45.92128244288152], [-60.356328829995086, 45.92128773050573], [-60.3563306393497, 45.92128873547468], [-60.35634207610819, 45.92129503075083], [-60.35634659201802, 45.921297700512945], [-60.35635286447181, 45.9213014010232], [-60.356356617324714, 45.92130411612553], [-60.3563625751713, 45.921308466408114], [-60.356370340806635, 45.921316296833425], [-60.356372509304414, 45.92131978532679], [-60.3563734552329, 45.9213213193537], [-60.356373766738706, 45.921322091630195], [-60.35637577534458, 45.92132677352405], [-60.35637770043566, 45.92133239856508], [-60.356379781826284, 45.92133799122128], [-60.356382211836156, 45.92134330392333], [-60.35638411516866, 45.921345859198915], [-60.35638572555914, 45.92134806566382], [-60.3563911900319, 45.921352485530335], [-60.356393177307346, 45.92135408866771], [-60.356402599826666, 45.92135907720146], [-60.35641323744928, 45.921363463809676], [-60.35642261026166, 45.92136705607217], [-60.35642424432976, 45.921367678949615], [-60.35643486052723, 45.921372245075176], [-60.35644430027245, 45.921377414019574], [-60.356449264344505, 45.92138123724956], [-60.3564528858186, 45.92138400331199], [-60.35646040658221, 45.92139128801648], [-60.35646635115418, 45.921397546148896], [-60.35646765260566, 45.92139892639119], [-60.356474907177, 45.92140638494796], [-60.356482827240754, 45.921413408871274], [-60.356491953735215, 45.921419470636984], [-60.35649710310584, 45.921422380076066], [-60.356502750622234, 45.92142539105397], [-60.356508690100476, 45.921428228774744], [-60.3565145659575, 45.921430776997944], [-60.35651956390312, 45.92143253083254]]}, "properties": {"OBJECTID": 306834, "FEAT_CODE": "WARVIS10", "FEAT_DESC": "River Island - Island to the left line", "RIVNAME_1": "Gaspereaux River", "RIVNAME_2": " ", "ZVALUE": 22.35, "FID": null, "SHAPE_Length": 76.1217701392158}}]}