{
  "type": "FeatureCollection",
  "crs": {
    "type": "name",
    "properties": {
      "name": "EPSG:3857"
    }
  },
  "features": [
    {
      "type": "Feature",
      "properties": {},
      "geometry": {
        "type": "Polygon",
        "coordinates": [
          [
            [
              -6815688.67545768,
              5878976.55780472
            ],
            [
              -6815564.56600266,
              5878980.10384207
            ],
            [
              -6815440.4474038,
              5878983.65082016
            ],
            [
              -6815316.3195585,
              5878987.19872663
            ],
            [
              -6815192.18236277,
              5878990.7475487
            ],
            [
              -6815068.03571114,
              5878994.2972731
            ],
            [
              -6814943.87949669,
              5878997.84788607
            ],
            [
              -6814819.71361102,
              5879001.39937338
            ],
            [
              -6814695.53794421,
              5879004.95172028
            ],
            [
              -6814571.35238479,
              5879008.50491149
            ],
            [
              -6814447.15681973,
              5879012.05893118
            ],
            [
              -6814322.95113441,
              5879015.61376299
            ],
            [
              -6814198.73521259,
              5879019.16938998
            ],
            [
              -6814074.50893639,
              5879022.72579459
            ],
            [
              -6813950.27218624,
              5879026.28295871
            ],
            [
              -6813826.02484088,
              5879029.84086355
            ],
            [
              -6813701.76677728,
              5879033.39948971
            ],
            [
              -6813577.49787069,
              5879036.95881712
            ],
            [
              -6813453.21799451,
              5879040.51882502
            ],
            [
              -6813328.92702035,
              5879044.07949196
            ],
            [
              -6813204.62481792,
              5879047.64079576
            ],
            [
              -6813080.31125502,
              5879051.20271351
            ],
            [
              -6812955.98619754,
              5879054.76522149
            ],
            [
              -6812831.64950937,
              5879058.32829525
            ],
            [
              -6812707.30105237,
              5879061.89190947
            ],
            [
              -6812582.94068635,
              5879065.45603802
            ],
            [
              -6812458.56826901,
              5879069.0206539
            ],
            [
              -6812334.18365592,
              5879072.58572921
            ],
            [
              -6812209.78670042,
              5879076.15123514
            ],
            [
              -6812085.37725364,
              5879079.71714193
            ],
            [
              -6811960.95516441,
              5879083.28341883
            ],
            [
              -6811836.52027921,
              5879086.85003411
            ],
            [
              -6811712.07244212,
              5879090.41695497
            ],
            [
              -6811587.61149478,
              5879093.98414755
            ],
            [
              -6811463.13727631,
              5879097.55157689
            ],
            [
              -6811338.64962326,
              5879101.11920688
            ],
            [
              -6811214.14836955,
              5879104.68700023
            ],
            [
              -6811090.53148659,
              5879108.03164177
            ],
            [
              -6810966.90088204,
              5879111.37638501
            ],
            [
              -6810843.25638599,
              5879114.72119031
            ],
            [
              -6810719.59782571,
              5879118.06601678
            ],
            [
              -6810595.92502561,
              5879121.4108222
            ],
            [
              -6810472.23780711,
              5879124.75556296
            ],
            [
              -6810348.5359886,
              5879128.10019406
            ],
            [
              -6810224.81938534,
              5879131.44466903
            ],
            [
              -6810101.08780934,
              5879134.78893989
            ],
            [
              -6809977.34106932,
              5879138.13295711
            ],
            [
              -6809853.57897056,
              5879141.47666957
            ],
            [
              -6809729.80131483,
              5879144.82002444
            ],
            [
              -6809606.00790026,
              5879148.16296721
            ],
            [
              -6809482.19852124,
              5879151.50544158
            ],
            [
              -6809358.37296827,
              5879154.84738942
            ],
            [
              -6809234.53102789,
              5879158.1887507
            ],
            [
              -6809110.67248246,
              5879161.5294634
            ],
            [
              -6808986.79711009,
              5879164.86946352
            ],
            [
              -6808862.90468449,
              5879168.2086849
            ],
            [
              -6808738.99497474,
              5879171.54705925
            ],
            [
              -6808615.06774521,
              5879174.88451598
            ],
            [
              -6808491.12275534,
              5879178.22098222
            ],
            [
              -6808367.15975947,
              5879181.55638264
            ],
            [
              -6808243.17850664,
              5879184.89063943
            ],
            [
              -6808119.17874037,
              5879188.22367219
            ],
            [
              -6807995.16019848,
              5879191.55539783
            ],
            [
              -6807871.12261284,
              5879194.88573047
            ],
            [
              -6807747.06570911,
              5879198.21458136
            ],
            [
              -6807622.98920652,
              5879201.54185874
            ],
            [
              -6807498.89281758,
              5879204.86746777
            ],
            [
              -6807374.7762478,
              5879208.19131037
            ],
            [
              -6807250.63919538,
              5879211.51328514
            ],
            [
              -6807126.48135089,
              5879214.8332872
            ],
            [
              -6807002.30239695,
              5879218.1512081
            ],
            [
              -6806878.10200786,
              5879221.46693562
            ],
            [
              -6806753.8798492,
              5879224.78035368
            ],
            [
              -6806629.63557748,
              5879228.09134218
            ],
            [
              -6806505.36883967,
              5879231.39977681
            ],
            [
              -6806381.07927274,
              5879234.70552893
            ],
            [
              -6806256.76650324,
              5879238.00846538
            ],
            [
              -6806132.43014673,
              5879241.30844828
            ],
            [
              -6806008.06980729,
              5879244.60533485
            ],
            [
              -6805883.68507693,
              5879247.89897725
            ],
            [
              -6805759.27553499,
              5879251.18922232
            ],
            [
              -6805634.84074747,
              5879254.47591139
            ],
            [
              -6805510.38026642,
              5879257.75888003
            ],
            [
              -6805385.89362916,
              5879261.03795785
            ],
            [
              -6805261.38035751,
              5879264.3129682
            ],
            [
              -6805136.83995703,
              5879267.58372797
            ],
            [
              -6805012.2719161,
              5879270.85004722
            ],
            [
              -6804887.67570506,
              5879274.11172898
            ],
            [
              -6804763.05077517,
              5879277.36856891
            ],
            [
              -6804638.39655763,
              5879280.62035493
            ],
            [
              -6804513.71246244,
              5879283.86686699
            ],
            [
              -6804388.99787729,
              5879287.10787658
            ],
            [
              -6804264.25216624,
              5879290.34314649
            ],
            [
              -6804139.47466847,
              5879293.5724303
            ],
            [
              -6804014.66469683,
              5879296.79547204
            ],
            [
              -6803889.82153637,
              5879300.01200572
            ],
            [
              -6803764.94444275,
              5879303.22175486
            ],
            [
              -6803640.03264053,
              5879306.42443204
            ],
            [
              -6803515.08532141,
              5879309.61973834
            ],
            [
              -6803390.10164229,
              5879312.80736284
            ],
            [
              -6803265.08072325,
              5879315.986982
            ],
            [
              -6803140.02164538,
              5879319.15825911
            ],
            [
              -6803014.92344846,
              5879322.3208436
            ],
            [
              -6802889.78512855,
              5879325.4743704
            ],
            [
              -6802764.60563535,
              5879328.61845922
            ],
            [
              -6802639.3838694,
              5879331.75271377
            ],
            [
              -6802514.1186792,
              5879334.876721
            ],
            [
              -6802388.80885797,
              5879337.99005024
            ],
            [
              -6802263.45314038,
              5879341.09225229
            ],
            [
              -6802138.05019896,
              5879344.18285852
            ],
            [
              -6802012.59864032,
              5879347.26137981
            ],
            [
              -6801887.09700111,
              5879350.32730558
            ],
            [
              -6801761.54374378,
              5879353.38010258
            ],
            [
              -6801635.93725201,
              5879356.41921379
            ],
            [
              -6801510.27582592,
              5879359.44405711
            ],
            [
              -6801384.55767698,
              5879362.45402411
            ],
            [
              -6801258.78092256,
              5879365.4484786
            ],
            [
              -6801132.94358028,
              5879368.42675516
            ],
            [
              -6801007.043562,
              5879371.38815767
            ],
            [
              -6800881.07866741,
              5879374.33195761
            ],
            [
              -6800755.0465775,
              5879377.25739247
            ],
            [
              -6800628.94484753,
              5879380.16366389
            ],
            [
              -6800502.77089985,
              5879383.04993592
            ],
            [
              -6800376.52201639,
              5879385.91533306
            ],
            [
              -6800250.195331,
              5879388.75893835
            ],
            [
              -6800123.78782157,
              5879391.57979137
            ],
            [
              -6799997.29630219,
              5879394.37688623
            ],
            [
              -6799870.71741525,
              5879397.14916958
            ],
            [
              -6799744.04762384,
              5879399.89553865
            ],
            [
              -6799617.28320457,
              5879402.61483935
            ],
            [
              -6799490.42024095,
              5879405.30586456
            ],
            [
              -6799363.45461792,
              5879407.96735265
            ],
            [
              -6799236.38201769,
              5879410.59798622
            ],
            [
              -6799109.19791755,
              5879413.19639138
            ],
            [
              -6798981.89759018,
              5879415.76113754
            ],
            [
              -6798854.47610738,
              5879418.29073793
            ],
            [
              -6798726.92834786,
              5879420.78365115
            ],
            [
              -6798599.24901038,
              5879423.23828378
            ],
            [
              -6798471.43263328,
              5879425.65299457
            ],
            [
              -6798343.47362182,
              5879428.02610028
            ],
            [
              -6798215.36628467,
              5879430.35588368
            ],
            [
              -6798087.10488089,
              5879432.64060391
            ],
            [
              -6797958.68367898,
              5879434.87850951
            ],
            [
              -6797830.09702869,
              5879437.06785446
            ],
            [
              -6797701.33944644,
              5879439.20691716
            ],
            [
              -6797572.40571418,
              5879441.29402263
            ],
            [
              -6797443.29099055,
              5879443.32756732
            ],
            [
              -6797313.99093214,
              5879445.30604631
            ],
            [
              -6797184.50182126,
              5879447.22808195
            ],
            [
              -6797054.82069519,
              5879449.09245278
            ],
            [
              -6796924.94547085,
              5879450.89812138
            ],
            [
              -6796794.87505795,
              5879452.64425957
            ],
            [
              -6796664.6094536,
              5879454.33026933
            ],
            [
              -6796534.14981219,
              5879455.95579804
            ],
            [
              -6796403.49848545,
              5879457.52074684
            ],
            [
              -6796272.65903044,
              5879459.02527169
            ],
            [
              -6796141.63618509,
              5879460.46977691
            ],
            [
              -6796010.43581399,
              5879461.85490191
            ],
            [
              -6795879.06482923,
              5879463.18150218
            ],
            [
              -6795747.53109253,
              5879464.45062597
            ],
            [
              -6795615.84330572,
              5879465.66348823
            ],
            [
              -6795484.01089661,
              5879466.82144351
            ],
            [
              -6795352.04390619,
              5879467.92595904
            ],
            [
              -6795219.95288216,
              5879468.9785893
            ],
            [
              -6795087.74878193,
              5879469.98095266
            ],
            [
              -6794955.44288658,
              5879470.93471047
            ],
            [
              -6794823.04672567,
              5879471.84154866
            ],
            [
              -6794690.57201102,
              5879472.70316129
            ],
            [
              -6794558.03057594,
              5879473.52123538
            ],
            [
              -6794425.43431483,
              5879474.29743582
            ],
            [
              -6794292.79511619,
              5879475.0333887
            ],
            [
              -6794160.12478076,
              5879475.73066144
            ],
            [
              -6794027.43491475,
              5879476.39073712
            ],
            [
              -6793894.7367882,
              5879477.01498104
            ],
            [
              -6793762.04114936,
              5879477.60459735
            ],
            [
              -6793629.35799046,
              5879478.16057459
            ],
            [
              -6793496.6962682,
              5879478.68362117
            ],
            [
              -6793364.06359425,
              5879479.17409392
            ],
            [
              -6793231.46592489,
              5879479.63192664
            ],
            [
              -6793098.90729059,
              5879480.05656752
            ],
            [
              -6792966.3896095,
              5879480.44693562
            ],
            [
              -6792833.91261984,
              5879480.80140427
            ],
            [
              -6792701.4739455,
              5879481.11781454
            ],
            [
              -6792569.06928303,
              5879481.3935162
            ],
            [
              -6792436.70709152,
              5879481.42919488
            ],
            [
              -6792304.36611661,
              5879481.41792859
            ],
            [
              -6792172.03808424,
              5879481.35599907
            ],
            [
              -6792039.71399127,
              5879481.23946309
            ],
            [
              -6791907.38435032,
              5879481.06420705
            ],
            [
              -6791775.03938253,
              5879480.82598996
            ],
            [
              -6791642.6691615,
              5879480.52047558
            ],
            [
              -6791510.26371582,
              5879480.1432555
            ],
            [
              -6791377.8130993,
              5879479.68986512
            ],
            [
              -6791245.30743765,
              5879479.15579468
            ],
            [
              -6791112.73695921,
              5879478.53649699
            ],
            [
              -6790980.09201575,
              5879477.82739332
            ],
            [
              -6790847.36309801,
              5879477.02387855
            ],
            [
              -6790714.54084956,
              5879476.12132643
            ],
            [
              -6790581.61608142,
              5879475.11509557
            ],
            [
              -6790448.57978952,
              5879474.00053663
            ],
            [
              -6790315.42317635,
              5879472.77300125
            ],
            [
              -6790182.13767788,
              5879471.42785282
            ],
            [
              -6790048.71499666,
              5879469.96047954
            ],
            [
              -6789915.1471419,
              5879468.36630996
            ],
            [
              -6789781.4264771,
              5879466.6408312
            ],
            [
              -6789647.54577587,
              5879464.77961022
            ],
            [
              -6789513.4982866,
              5879462.7783181
            ],
            [
              -6789379.27780637,
              5879460.63275789
            ],
            [
              -6789244.87876485,
              5879458.33889594
            ],
            [
              -6789110.29631849,
              5879455.89289709
            ],
            [
              -6788975.52645565,
              5879453.29116389
            ],
            [
              -6788840.56611299,
              5879450.53037993
            ],
            [
              -6788705.41330348,
              5879447.60755762
            ],
            [
              -6788570.06725626,
              5879444.52009022
            ],
            [
              -6788434.52856834,
              5879441.26580849
            ],
            [
              -6788298.7993682,
              5879437.84304168
            ],
            [
              -6788162.88349076,
              5879434.25068287
            ],
            [
              -6788026.78666306,
              5879430.48825848
            ],
            [
              -6787890.51669976,
              5879426.55600141
            ],
            [
              -6787754.08370694,
              5879422.45492759
            ],
            [
              -6787617.50029215,
              5879418.18691502
            ],
            [
              -6787480.78177825,
              5879413.75478452
            ],
            [
              -6787343.9464178,
              5879409.16238112
            ],
            [
              -6787207.01560383,
              5879404.41465461
            ],
            [
              -6787070.01407205,
              5879399.51773759
            ],
            [
              -6786932.97008856,
              5879394.47901908
            ],
            [
              -6786795.91561582,
              5879389.30721121
            ],
            [
              -6786658.88644849,
              5879384.01240622
            ],
            [
              -6786521.92230933,
              5879378.60612061
            ],
            [
              -6786385.06689398,
              5879373.10132286
            ],
            [
              -6786248.36785203,
              5879367.51244044
            ],
            [
              -6786111.87669043,
              5879361.85534199
            ],
            [
              -6785975.64858444,
              5879356.14728974
            ],
            [
              -6785839.74208081,
              5879350.4068575
            ],
            [
              -6785704.21867828,
              5879344.65380945
            ],
            [
              -6785569.14227225,
              5879338.90893581
            ],
            [
              -6785434.57845394,
              5879333.19384222
            ],
            [
              -6785300.5936598,
              5879327.53069176
            ],
            [
              -6785167.2541752,
              5879321.94190067
            ],
            [
              -6785034.62500709,
              5879316.4497925
            ],
            [
              -6784902.76865302,
              5879311.07621897
            ],
            [
              -6784771.74380804,
              5879305.84216045
            ],
            [
              -6784641.60406442,
              5879300.76732284
            ],
            [
              -6784512.39666995,
              5879295.86975099
            ],
            [
              -6784384.16141595,
              5879291.16548058
            ],
            [
              -6784256.92972453,
              5879286.66824966
            ],
            [
              -6784130.72399427,
              5879282.38928819
            ],
            [
              -6784005.55724526,
              5879278.33719803
            ],
            [
              -6783881.43308057,
              5879274.51792903
            ],
            [
              -6783758.34595444,
              5879270.93484821
            ],
            [
              -6783636.28171331,
              5879267.5888922
            ],
            [
              -6783515.21835604,
              5879264.47878661
            ],
            [
              -6783395.12694841,
              5879261.60131286
            ],
            [
              -6783275.97262376,
              5879258.95160197
            ],
            [
              -6783157.71560578,
              5879256.5234359
            ],
            [
              -6783040.31219954,
              5879254.30954006
            ],
            [
              -6782923.71570929,
              5879252.30185471
            ],
            [
              -6782807.87725533,
              5879250.49177653
            ],
            [
              -6782692.74647466,
              5879248.87036586
            ],
            [
              -6782578.27210072,
              5879247.42851819
            ],
            [
              -6782464.40242524,
              5879246.15710059
            ],
            [
              -6782351.0856511,
              5879245.04705569
            ],
            [
              -6782238.27014812,
              5879244.08947685
            ],
            [
              -6782125.90462557,
              5879243.27565831
            ],
            [
              -6782013.93823588,
              5879242.59712461
            ],
            [
              -6781902.3206236,
              5879242.04564324
            ],
            [
              -6781791.00193335,
              5879241.61322434
            ],
            [
              -6781679.93278984,
              5879241.29211107
            ],
            [
              -6781569.06426268,
              5879241.07476394
            ],
            [
              -6781458.34782833,
              5879240.95384229
            ],
            [
              -6781347.73534197,
              5879240.92218616
            ],
            [
              -6781237.17903219,
              5879240.97280151
            ],
            [
              -6781126.63153208,
              5879241.09885223
            ],
            [
              -6781016.04596117,
              5879241.293662
            ],
            [
              -6780905.3760723,
              5879241.55072948
            ],
            [
              -6780794.57647755,
              5879241.86375998
            ],
            [
              -6780683.60296492,
              5879242.22671623
            ],
            [
              -6780572.4129135,
              5879242.63389013
            ],
            [
              -6780460.96580796,
              5879243.07999574
            ],
            [
              -6780349.22384347,
              5879243.56028149
            ],
            [
              -6780237.15259936,
              5879244.07065688
            ],
            [
              -6780124.72174556,
              5879244.60782568
            ],
            [
              -6780010.28651618,
              5879245.03100789
            ],
            [
              -6779895.43402446,
              5879245.47787798
            ],
            [
              -6779780.14938036,
              5879245.94821033
            ],
            [
              -6779664.42420484,
              5879246.44299611
            ],
            [
              -6779548.25666932,
              5879246.96442336
            ],
            [
              -6779431.65126031,
              5879247.51579659
            ],
            [
              -6779314.61828353,
              5879248.10140009
            ],
            [
              -6779197.17315062,
              5879248.72631551
            ],
            [
              -6779079.33551225,
              5879249.39620906
            ],
            [
              -6778961.12831062,
              5879250.11710567
            ],
            [
              -6778842.57682218,
              5879250.89516666
            ],
            [
              -6778723.70775079,
              5879251.73648475
            ],
            [
              -6778604.54841492,
              5879252.64690641
            ],
            [
              -6778485.12605581,
              5879253.63188723
            ],
            [
              -6778365.4672774,
              5879254.69638237
            ],
            [
              -6778245.59761693,
              5879255.8447709
            ],
            [
              -6778125.54123595,
              5879257.08081107
            ],
            [
              -6778005.32071715,
              5879258.40762216
            ],
            [
              -6777884.95694947,
              5879259.82768805
            ],
            [
              -6777764.46908432,
              5879261.34287777
            ],
            [
              -6777643.87454663,
              5879262.95447841
            ],
            [
              -6777523.18908642,
              5879264.66323674
            ],
            [
              -6777402.42685871,
              5879266.46940591
            ],
            [
              -6777281.60052192,
              5879268.37279479
            ],
            [
              -6777160.72134695,
              5879270.37281774
            ],
            [
              -6777039.79933074,
              5879272.46854331
            ],
            [
              -6776918.84331005,
              5879274.6587407
            ],
            [
              -6776797.86107217,
              5879276.94192332
            ],
            [
              -6776676.8594603,
              5879279.31638887
            ],
            [
              -6776555.84447246,
              5879281.78025591
            ],
            [
              -6776434.82135286,
              5879284.33149663
            ],
            [
              -6776313.79467569,
              5879286.96796619
            ],
            [
              -6776192.76842117,
              5879289.6874285
            ],
            [
              -6776071.74604412,
              5879292.48757892
            ],
            [
              -6775950.73053556,
              5879295.36606393
            ],
            [
              -6775829.72447756,
              5879298.32049816
            ],
            [
              -6775708.73009218,
              5879301.34847901
            ],
            [
              -6775587.74928469,
              5879304.44759907
            ],
            [
              -6775466.78368197,
              5879307.61545674
            ],
            [
              -6775345.83466624,
              5879310.84966504
            ],
            [
              -6775224.90340486,
              5879314.14785906
            ],
            [
              -6775103.99087652,
              5879317.50770207
            ],
            [
              -6774983.09789429,
              5879320.92689057
            ],
            [
              -6774862.22512582,
              5879324.40315836
            ],
            [
              -6774741.37311109,
              5879327.93427977
            ],
            [
              -6774620.54227802,
              5879331.51807225
            ],
            [
              -6774499.73295612,
              5879335.15239833
            ],
            [
              -6774378.94538851,
              5879338.83516705
            ],
            [
              -6774258.17974242,
              5879342.56433497
            ],
            [
              -6774137.43611849,
              5879346.33790687
            ],
            [
              -6774016.71455883,
              5879350.15393608
            ],
            [
              -6774022.35021405,
              5879230.29158999
            ],
            [
              -6774027.92003505,
              5879110.48519991
            ],
            [
              -6774033.42332012,
              5878990.73602161
            ],
            [
              -6774038.85962074,
              5878871.04535314
            ],
            [
              -6774044.22875147,
              5878751.41453231
            ],
            [
              -6774049.53079789,
              5878631.84493329
            ],
            [
              -6774054.76612241,
              5878512.33796256
            ],
            [
              -6774059.9353678,
              5878392.895054
            ],
            [
              -6774065.03945823,
              5878273.51766311
            ],
            [
              -6774070.07959763,
              5878154.20726051
            ],
            [
              -6774075.05726542,
              5878034.96532457
            ],
            [
              -6774079.97420934,
              5877915.79333325
            ],
            [
              -6774084.83243562,
              5877796.69275527
            ],
            [
              -6774089.63419625,
              5877677.66504056
            ],
            [
              -6774094.38197369,
              5877558.71161019
            ],
            [
              -6774099.07846309,
              5877439.83384578
            ],
            [
              -6774103.72655215,
              5877321.03307864
            ],
            [
              -6774108.32929899,
              5877202.31057858
            ],
            [
              -6774112.88990823,
              5877083.66754278
            ],
            [
              -6774117.41170577,
              5876965.10508463
            ],
            [
              -6774121.89811242,
              5876846.62422291
            ],
            [
              -6774126.35261703,
              5876728.22587138
            ],
            [
              -6774130.77874934,
              5876609.91082883
            ],
            [
              -6774135.180053,
              5876491.67977005
            ],
            [
              -6774139.56005929,
              5876373.53323748
            ],
            [
              -6774143.92226173,
              5876255.47163398
            ],
            [
              -6774148.27009209,
              5876137.4952167
            ],
            [
              -6774152.60689803,
              5876019.60409208
            ],
            [
              -6774156.93592273,
              5875901.79821218
            ],
            [
              -6774161.26028663,
              5875784.07737229
            ],
            [
              -6774165.58297155,
              5875666.44120987
            ],
            [
              -6774169.90680725,
              5875548.88920479
            ],
            [
              -6774174.23446052,
              5875431.42068086
            ],
            [
              -6774178.5684268,
              5875314.03480859
            ],
            [
              -6774182.91102432,
              5875196.73060906
            ],
            [
              -6774187.26439059,
              5875079.50695892
            ],
            [
              -6774191.63048129,
              5874962.36259623
            ],
            [
              -6774196.01107116,
              5874845.29612729
            ],
            [
              -6774200.40775695,
              5874728.306034
            ],
            [
              -6774204.8219621,
              5874611.39068194
            ],
            [
              -6774209.25494292,
              5874494.54832886
            ],
            [
              -6774213.70779613,
              5874377.77713345
            ],
            [
              -6774218.18146752,
              5874261.07516442
            ],
            [
              -6774222.67676147,
              5874144.44040954
            ],
            [
              -6774227.1943511,
              5874027.87078481
            ],
            [
              -6774231.73478904,
              5873911.36414338
            ],
            [
              -6774236.29851837,
              5873794.91828434
            ],
            [
              -6774240.88588375,
              5873678.53096126
            ],
            [
              -6774245.49714257,
              5873562.19989032
            ],
            [
              -6774250.13247589,
              5873445.92275809
            ],
            [
              -6774254.79199922,
              5873329.69722887
            ],
            [
              -6774259.47577284,
              5873213.52095153
            ],
            [
              -6774264.18381182,
              5873097.39156588
            ],
            [
              -6774268.91609545,
              5872981.30670854
            ],
            [
              -6774273.67257619,
              5872865.26401825
            ],
            [
              -6774278.45318802,
              5872749.26114068
            ],
            [
              -6774283.25785422,
              5872633.29573272
            ],
            [
              -6774288.08649454,
              5872517.36546626
            ],
            [
              -6774292.93903171,
              5872401.46803146
            ],
            [
              -6774297.8153974,
              5872285.60113957
            ],
            [
              -6774302.71553758,
              5872169.76252526
            ],
            [
              -6774307.6394172,
              5872053.94994851
            ],
            [
              -6774312.58702446,
              5871938.16119609
            ],
            [
              -6774317.55837437,
              5871822.39408269
            ],
            [
              -6774322.55351192,
              5871706.64645156
            ],
            [
              -6774327.57251472,
              5871590.91617494
            ],
            [
              -6774332.61549513,
              5871475.20115409
            ],
            [
              -6774337.682602,
              5871359.49931906
            ],
            [
              -6774342.77402205,
              5871243.80862813
            ],
            [
              -6774347.88998076,
              5871128.12706708
            ],
            [
              -6774353.03074304,
              5871012.45264817
            ],
            [
              -6774358.1966135,
              5870896.78340894
            ],
            [
              -6774363.38793646,
              5870781.11741082
            ],
            [
              -6774368.60509571,
              5870665.45273755
            ],
            [
              -6774373.84851402,
              5870549.78749348
            ],
            [
              -6774379.11865245,
              5870434.11980173
            ],
            [
              -6774384.41600945,
              5870318.44780221
            ],
            [
              -6774389.74111985,
              5870202.76964954
            ],
            [
              -6774395.0945536,
              5870087.08351093
            ],
            [
              -6774400.47691456,
              5869971.38756391
            ],
            [
              -6774405.88883898,
              5869855.67999405
            ],
            [
              -6774411.33099403,
              5869739.95899255
            ],
            [
              -6774416.80407623,
              5869624.22275392
            ],
            [
              -6774422.30880977,
              5869508.46947344
            ],
            [
              -6774427.84594486,
              5869392.69734475
            ],
            [
              -6774433.41625597,
              5869276.90455731
            ],
            [
              -6774439.02054011,
              5869161.08929388
            ],
            [
              -6774444.65961502,
              5869045.24972802
            ],
            [
              -6774450.33431747,
              5868929.38402148
            ],
            [
              -6774456.04550142,
              5868813.4903217
            ],
            [
              -6774461.79403632,
              5868697.5667592
            ],
            [
              -6774467.58080531,
              5868581.61144504
            ],
            [
              -6774473.40670352,
              5868465.62246824
            ],
            [
              -6774479.27263638,
              5868349.59789322
            ],
            [
              -6774485.17951792,
              5868233.53575719
            ],
            [
              -6774491.12826911,
              5868117.4340676
            ],
            [
              -6774497.11981626,
              5868001.29079956
            ],
            [
              -6774503.15508944,
              5867885.10389319
            ],
            [
              -6774509.23502089,
              5867768.87125108
            ],
            [
              -6774515.36054352,
              5867652.59073562
            ],
            [
              -6774521.53258944,
              5867536.2601664
            ],
            [
              -6774527.75208847,
              5867419.8773175
            ],
            [
              -6774534.01996673,
              5867303.43991486
            ],
            [
              -6774540.33714525,
              5867186.94563353
            ],
            [
              -6774546.70453861,
              5867070.39209489
            ],
            [
              -6774553.12305357,
              5866953.77686392
            ],
            [
              -6774559.59358781,
              5866837.09744627
            ],
            [
              -6774566.11702859,
              5866720.35128538
            ],
            [
              -6774572.6942515,
              5866603.53575952
            ],
            [
              -6774579.32611922,
              5866486.64817873
            ],
            [
              -6774586.01348026,
              5866369.68578169
            ],
            [
              -6774592.75716774,
              5866252.6457325
            ],
            [
              -6774599.55799818,
              5866135.52511735
            ],
            [
              -6774606.41677029,
              5866018.32094111
            ],
            [
              -6774613.33426376,
              5865901.03012379
            ],
            [
              -6774620.31123803,
              5865783.64949683
            ],
            [
              -6774627.34843112,
              5865666.17579931
            ],
            [
              -6774634.44655835,
              5865548.60567398
            ],
            [
              -6774641.60631116,
              5865430.93566315
            ],
            [
              -6774648.82835588,
              5865313.16220434
            ],
            [
              -6774656.11333238,
              5865195.28162588
            ],
            [
              -6774663.4618529,
              5865077.29014217
            ],
            [
              -6774670.87450067,
              5864959.18384882
            ],
            [
              -6774678.35182862,
              5864840.95871759
            ],
            [
              -6774685.89435799,
              5864722.61059102
            ],
            [
              -6774693.50257699,
              5864604.13517694
            ],
            [
              -6774701.17693931,
              5864485.52804267
            ],
            [
              -6774708.91786274,
              5864366.78460897
            ],
            [
              -6774716.7257276,
              5864247.9001438
            ],
            [
              -6774724.60087525,
              5864128.86975579
            ],
            [
              -6774732.5436065,
              5864009.68838749
            ],
            [
              -6774740.55418,
              5863890.35080836
            ],
            [
              -6774748.63281056,
              5863770.85160758
            ],
            [
              -6774756.77966748,
              5863651.18518666
            ],
            [
              -6774764.9948728,
              5863531.34575181
            ],
            [
              -6774773.2784995,
              5863411.32730632
            ],
            [
              -6774781.63056977,
              5863291.12364272
            ],
            [
              -6774790.05105308,
              5863170.72833507
            ],
            [
              -6774798.53986441,
              5863050.13473123
            ],
            [
              -6774807.09686235,
              5862929.33594539
            ],
            [
              -6774815.72184725,
              5862808.32485092
            ],
            [
              -6774824.41455938,
              5862687.09407368
            ],
            [
              -6774833.1746771,
              5862565.63598612
            ],
            [
              -6774842.00181514,
              5862443.94270222
            ],
            [
              -6774850.8955229,
              5862322.00607381
            ],
            [
              -6774859.8552829,
              5862199.81768835
            ],
            [
              -6774868.88050934,
              5862077.36886889
            ],
            [
              -6774877.97054692,
              5861954.65067648
            ],
            [
              -6774887.12466983,
              5861831.65391568
            ],
            [
              -6774896.34208107,
              5861708.36914394
            ],
            [
              -6774905.62191214,
              5861584.78668553
            ],
            [
              -6774914.96322318,
              5861460.8966509
            ],
            [
              -6774924.3650036,
              5861336.68896267
            ],
            [
              -6774933.82617337,
              5861212.15338911
            ],
            [
              -6774943.34558505,
              5861087.27958656
            ],
            [
              -6774952.92202657,
              5860962.05715211
            ],
            [
              -6774962.55422511,
              5860836.47568789
            ],
            [
              -6774972.24085192,
              5860710.52487845
            ],
            [
              -6774981.98052842,
              5860584.19458276
            ],
            [
              -6774991.77183355,
              5860457.47494216
            ],
            [
              -6775001.61331254,
              5860330.35650534
            ],
            [
              -6775011.50348711,
              5860202.83037142
            ],
            [
              -6775021.44086718,
              5860074.8883513
            ],
            [
              -6775031.42396398,
              5859946.52314731
            ],
            [
              -6775041.45130451,
              5859817.72854997
            ],
            [
              -6775051.52144716,
              5859688.49964998
            ],
            [
              -6775061.63299818,
              5859558.83306225
            ],
            [
              -6775071.78462856,
              5859428.72715749
            ],
            [
              -6775081.97509095,
              5859298.18229572
            ],
            [
              -6775092.20323578,
              5859167.20105455
            ],
            [
              -6775102.4680261,
              5859035.78844407
            ],
            [
              -6775112.76855008,
              5858903.95209909
            ],
            [
              -6775123.10403063,
              5858771.7024395
            ],
            [
              -6775133.47383108,
              5858639.05278893
            ],
            [
              -6775143.87745634,
              5858506.01944323
            ],
            [
              -6775154.31454887,
              5858372.62168126
            ],
            [
              -6775164.78487902,
              5858238.88171262
            ],
            [
              -6775175.28832958,
              5858104.82455936
            ],
            [
              -6775185.8248746,
              5857970.47787162
            ],
            [
              -6775196.39455282,
              5857835.87168004
            ],
            [
              -6775206.99743629,
              5857701.03809047
            ],
            [
              -6775217.63359502,
              5857566.01092937
            ],
            [
              -6775228.30305883,
              5857430.82534987
            ],
            [
              -6775239.00577742,
              5857295.51741022
            ],
            [
              -6775249.74157991,
              5857160.1236368
            ],
            [
              -6775260.51013537,
              5857024.68058416
            ],
            [
              -6775271.31091527,
              5856889.22440387
            ],
            [
              -6775282.14315921,
              5856753.7904331
            ],
            [
              -6775293.00584486,
              5856618.41281243
            ],
            [
              -6775303.89766292,
              5856483.12414068
            ],
            [
              -6775314.81699792,
              5856347.95517293
            ],
            [
              -6775325.76191507,
              5856212.93456596
            ],
            [
              -6775336.73015365,
              5856078.08867365
            ],
            [
              -6775347.71912688,
              5855943.44139315
            ],
            [
              -6775358.72592801,
              5855809.01406105
            ],
            [
              -6775369.7473426,
              5855674.82539763
            ],
            [
              -6775380.77986626,
              5855540.89149588
            ],
            [
              -6775391.81972731,
              5855407.22585133
            ],
            [
              -6775402.86291382,
              5855273.83942789
            ],
            [
              -6775413.90520405,
              5855140.7407547
            ],
            [
              -6775424.94219966,
              5855007.93604843
            ],
            [
              -6775435.96936085,
              5854875.4293559
            ],
            [
              -6775446.98204265,
              5854743.22271183
            ],
            [
              -6775457.9755316,
              5854611.31630675
            ],
            [
              -6775468.94508224,
              5854479.70866077
            ],
            [
              -6775479.88595265,
              5854348.39679932
            ],
            [
              -6775490.79343876,
              5854217.3764273
            ],
            [
              -6775501.66290672,
              5854086.64209906
            ],
            [
              -6775512.48982317,
              5853956.18738171
            ],
            [
              -6775523.2697831,
              5853826.00501012
            ],
            [
              -6775533.99853504,
              5853696.08703229
            ],
            [
              -6775544.67200353,
              5853566.42494415
            ],
            [
              -6775555.28630873,
              5853437.00981343
            ],
            [
              -6775565.83778329,
              5853307.8323922
            ],
            [
              -6775576.32298632,
              5853178.88321833
            ],
            [
              -6775586.73871472,
              5853050.15270599
            ],
            [
              -6775597.08201187,
              5852921.63122569
            ],
            [
              -6775607.35017386,
              5852793.30917432
            ],
            [
              -6775722.92163317,
              5852785.03826135
            ],
            [
              -6775838.45007142,
              5852776.73686926
            ],
            [
              -6775953.93545982,
              5852768.4127049
            ],
            [
              -6776069.37779247,
              5852760.07419529
            ],
            [
              -6776184.7770842,
              5852751.73051775
            ],
            [
              -6776300.13336746,
              5852743.39162633
            ],
            [
              -6776415.44668799,
              5852735.06827362
            ],
            [
              -6776530.71709918,
              5852726.77202648
            ],
            [
              -6776645.94465476,
              5852718.51527443
            ],
            [
              -6776761.12939959,
              5852710.31122903
            ],
            [
              -6776876.27135838,
              5852702.17391255
            ],
            [
              -6776991.37052188,
              5852694.11813418
            ],
            [
              -6777106.4268304,
              5852686.15945196
            ],
            [
              -6777221.44015418,
              5852678.31411839
            ],
            [
              -6777336.41027053,
              5852670.59900816
            ],
            [
              -6777451.33683717,
              5852663.03152602
            ],
            [
              -6777566.21936177,
              5852655.62949366
            ],
            [
              -6777681.05716731,
              5852648.41101425
            ],
            [
              -6777795.84935323,
              5852641.39431421
            ],
            [
              -6777910.59475215,
              5852634.59756219
            ],
            [
              -6778025.29188234,
              5852628.03866599
            ],
            [
              -6778139.938896,
              5852621.7350491
            ],
            [
              -6778254.53352362,
              5852615.70340945
            ],
            [
              -6778369.07301482,
              5852609.95946393
            ],
            [
              -6778483.55407619,
              5852604.5176833
            ],
            [
              -6778597.97280661,
              5852599.3910229
            ],
            [
              -6778712.32463096,
              5852594.59065537
            ],
            [
              -6778826.6042326,
              5852590.12571207
            ],
            [
              -6778940.80548546,
              5852586.00303984
            ],
            [
              -6779054.92138615,
              5852582.22697985
            ],
            [
              -6779168.94398654,
              5852578.79917422
            ],
            [
              -6779282.8643267,
              5852575.71840528
            ],
            [
              -6779396.67236806,
              5852572.98047083
            ],
            [
              -6779510.356926,
              5852570.578097
            ],
            [
              -6779623.9056009,
              5852568.50088849
            ],
            [
              -6779737.30470582,
              5852566.73531401
            ],
            [
              -6779850.53918886,
              5852565.26472294
            ],
            [
              -6779963.59254764,
              5852564.0693875
            ],
            [
              -6780076.44673279,
              5852563.1265637
            ],
            [
              -6780189.08203709,
              5852562.41056298
            ],
            [
              -6780301.47696674,
              5852561.89282635
            ],
            [
              -6780413.60809087,
              5852561.54199271
            ],
            [
              -6780525.44986607,
              5852561.32395322
            ],
            [
              -6780636.97443329,
              5852561.20188527
            ],
            [
              -6780748.15138639,
              5852561.1362611
            ],
            [
              -6780858.94751547,
              5852561.08482951
            ],
            [
              -6780969.32653438,
              5852561.00257472
            ],
            [
              -6781079.24881338,
              5852560.84166453
            ],
            [
              -6781188.67115677,
              5852560.55141412
            ],
            [
              -6781297.54669555,
              5852560.07831286
            ],
            [
              -6781405.8250109,
              5852559.36619375
            ],
            [
              -6781513.04278877,
              5852558.09133004
            ],
            [
              -6781619.56014879,
              5852556.46154781
            ],
            [
              -6781725.32299174,
              5852554.4181079
            ],
            [
              -6781830.28096792,
              5852551.90482448
            ],
            [
              -6781934.39213874,
              5852548.87128294
            ],
            [
              -6782037.62860243,
              5852545.27671075
            ],
            [
              -6782139.98213716,
              5852541.09385194
            ],
            [
              -6782241.46843881,
              5852536.31186995
            ],
            [
              -6782342.12862204,
              5852530.93736551
            ],
            [
              -6782442.02747388,
              5852524.99316142
            ],
            [
              -6782541.24908496,
              5852518.51528611
            ],
            [
              -6782639.89122975,
              5852511.54910155
            ],
            [
              -6782738.05987305,
              5852504.14552575
            ],
            [
              -6782835.86466485,
              5852496.35794708
            ],
            [
              -6782933.41568805,
              5852488.24001781
            ],
            [
              -6783030.82132131,
              5852479.84423911
            ],
            [
              -6783128.18691174,
              5852471.22113528
            ],
            [
              -6783225.61394143,
              5852462.41880814
            ],
            [
              -6783323.19943033,
              5852453.4827018
            ],
            [
              -6783421.03539378,
              5852444.45545848
            ],
            [
              -6783519.20824372,
              5852435.37679018
            ],
            [
              -6783617.79808442,
              5852426.28332717
            ],
            [
              -6783716.87790727,
              5852417.2084325
            ],
            [
              -6783816.5127361,
              5852408.18199395
            ],
            [
              -6783916.75881134,
              5852399.23022147
            ],
            [
              -6784017.66292308,
              5852390.37548749
            ],
            [
              -6784119.26200229,
              5852381.63624863
            ],
            [
              -6784221.58305507,
              5852373.02707901
            ],
            [
              -6784324.64347873,
              5852364.55882967
            ],
            [
              -6784428.45174377,
              5852356.23890945
            ],
            [
              -6784533.00837455,
              5852348.0716646
            ],
            [
              -6784638.30712796,
              5852340.05882275
            ],
            [
              -6784744.33625797,
              5852332.19996268
            ],
            [
              -6784851.07976393,
              5852324.49297462
            ],
            [
              -6784958.51854389,
              5852316.93448429
            ],
            [
              -6785066.6314033,
              5852309.52022352
            ],
            [
              -6785175.39589654,
              5852302.24534007
            ],
            [
              -6785284.78899996,
              5852295.1046465
            ],
            [
              -6785394.78762926,
              5852288.09281287
            ],
            [
              -6785505.36902161,
              5852281.20451064
            ],
            [
              -6785616.51100574,
              5852274.43451608
            ],
            [
              -6785728.1921826,
              5852267.77778139
            ],
            [
              -6785840.3920369,
              5852261.22948059
            ],
            [
              -6785953.09099667,
              5852254.78503657
            ],
            [
              -6786066.27045495,
              5852248.44013409
            ],
            [
              -6786179.91276453,
              5852242.19072278
            ],
            [
              -6786294.00121415,
              5852236.0330132
            ],
            [
              -6786408.51999271,
              5852229.9634682
            ],
            [
              -6786523.45414594,
              5852223.97879126
            ],
            [
              -6786638.78952917,
              5852218.07591319
            ],
            [
              -6786754.51275837,
              5852212.25197779
            ],
            [
              -6786870.61116132,
              5852206.50432749
            ],
            [
              -6786987.07272989,
              5852200.83048897
            ],
            [
              -6787103.88607426,
              5852195.2281594
            ],
            [
              -6787221.04037949,
              5852189.69519321
            ],
            [
              -6787338.52536456,
              5852184.22958966
            ],
            [
              -6787456.33124418,
              5852178.82948115
            ],
            [
              -6787574.44869319,
              5852173.49312245
            ],
            [
              -6787692.86881359,
              5852168.21888052
            ],
            [
              -6787811.58310394,
              5852163.00522534
            ],
            [
              -6787930.58343126,
              5852157.85072125
            ],
            [
              -6788049.86200497,
              5852152.75401913
            ],
            [
              -6788169.41135299,
              5852147.71384911
            ],
            [
              -6788289.22429963,
              5852142.72901399
            ],
            [
              -6788409.29394536,
              5852137.79838313
            ],
            [
              -6788529.61364805,
              5852132.92088684
            ],
            [
              -6788650.17700574,
              5852128.09551128
            ],
            [
              -6788770.97784087,
              5852123.32129382
            ],
            [
              -6788892.01018557,
              5852118.59731869
            ],
            [
              -6789013.26826824,
              5852113.92271306
            ],
            [
              -6789134.74650115,
              5852109.29664346
            ],
            [
              -6789256.43946893,
              5852104.71831247
            ],
            [
              -6789378.34191802,
              5852100.18695568
            ],
            [
              -6789500.4487469,
              5852095.70183895
            ],
            [
              -6789622.75499708,
              5852091.26225583
            ],
            [
              -6789745.25584472,
              5852086.86752525
            ],
            [
              -6789867.94659296,
              5852082.51698941
            ],
            [
              -6789990.82266474,
              5852078.21001178
            ],
            [
              -6790113.87959624,
              5852073.94597534
            ],
            [
              -6790237.11303073,
              5852069.7242809
            ],
            [
              -6790360.51871293,
              5852065.54434565
            ],
            [
              -6790484.09248378,
              5852061.40560171
            ],
            [
              -6790607.83027558,
              5852057.30749493
            ],
            [
              -6790731.72810748,
              5852053.24948371
            ],
            [
              -6790855.78208135,
              5852049.2310379
            ],
            [
              -6790979.98837792,
              5852045.25163791
            ],
            [
              -6791104.34325321,
              5852041.31077375
            ],
            [
              -6791228.84303523,
              5852037.40794429
            ],
            [
              -6791353.48412094,
              5852033.54265646
            ],
            [
              -6791478.26297342,
              5852029.71442461
            ],
            [
              -6791603.17611929,
              5852025.92276991
            ],
            [
              -6791728.22014628,
              5852022.16721976
            ],
            [
              -6791853.39170101,
              5852018.4473073
            ],
            [
              -6791978.68748698,
              5852014.76257099
            ],
            [
              -6792104.10426264,
              5852011.11255412
            ],
            [
              -6792229.63883972,
              5852007.49680449
            ],
            [
              -6792355.28808157,
              5852003.91487409
            ],
            [
              -6792481.04890179,
              5852000.36631873
            ],
            [
              -6792606.89418169,
              5851997.25904828
            ],
            [
              -6792732.84566992,
              5851994.18433837
            ],
            [
              -6792858.90041407,
              5851991.14175499
            ],
            [
              -6792985.05550729,
              5851988.13086712
            ],
            [
              -6793111.30808737,
              5851985.15124653
            ],
            [
              -6793237.6553359,
              5851982.20246763
            ],
            [
              -6793364.09447752,
              5851979.28410737
            ],
            [
              -6793490.62277919,
              5851976.39574508
            ],
            [
              -6793617.23754962,
              5851973.53696243
            ],
            [
              -6793743.93613872,
              5851970.70734332
            ],
            [
              -6793870.71593706,
              5851967.9064738
            ],
            [
              -6793997.57437547,
              5851965.13394205
            ],
            [
              -6794124.50892464,
              5851962.38933832
            ],
            [
              -6794251.51709479,
              5851959.67225493
            ],
            [
              -6794378.59643534,
              5851956.9822862
            ],
            [
              -6794505.74453466,
              5851954.31902848
            ],
            [
              -6794632.95901985,
              5851951.68208013
            ],
            [
              -6794760.23755652,
              5851949.07104153
            ],
            [
              -6794887.57784861,
              5851946.48551508
            ],
            [
              -6795014.97763827,
              5851943.92510525
            ],
            [
              -6795142.43470567,
              5851941.38941854
            ],
            [
              -6795269.94686894,
              5851938.87806357
            ],
            [
              -6795397.511984,
              5851936.39065109
            ],
            [
              -6795525.12794454,
              5851933.92679399
            ],
            [
              -6795652.79268185,
              5851931.48610736
            ],
            [
              -6795780.50416481,
              5851929.06820853
            ],
            [
              -6795908.26039976,
              5851926.6727171
            ],
            [
              -6796036.05943044,
              5851924.299255
            ],
            [
              -6796163.8993379,
              5851921.94744652
            ],
            [
              -6796291.77824042,
              5851919.61691835
            ],
            [
              -6796419.6942934,
              5851917.30729968
            ],
            [
              -6796547.64568929,
              5851915.01822214
            ],
            [
              -6796675.63065746,
              5851912.74931998
            ],
            [
              -6796803.64746407,
              5851910.50023001
            ],
            [
              -6796931.69441195,
              5851908.27059171
            ],
            [
              -6797059.76984048,
              5851906.06004723
            ],
            [
              -6797187.87212536,
              5851903.86824149
            ],
            [
              -6797315.99967851,
              5851901.6948222
            ],
            [
              -6797444.15094783,
              5851899.53943988
            ],
            [
              -6797572.32441702,
              5851897.40174793
            ],
            [
              -6797700.51860532,
              5851895.2814027
            ],
            [
              -6797828.73206731,
              5851893.17806347
            ],
            [
              -6797956.9633926,
              5851891.09139254
            ],
            [
              -6798085.21120559,
              5851889.02105522
            ],
            [
              -6798213.47416517,
              5851886.96671994
            ],
            [
              -6798341.75096436,
              5851884.92805821
            ],
            [
              -6798470.04033004,
              5851882.90474469
            ],
            [
              -6798598.34102254,
              5851880.89645723
            ],
            [
              -6798726.6518353,
              5851878.90287688
            ],
            [
              -6798854.98315792,
              5851876.51378422
            ],
            [
              -6798983.32193289,
              5851874.13871221
            ],
            [
              -6799111.66705975,
              5851871.77735234
            ],
            [
              -6799240.01746942,
              5851869.42939942
            ],
            [
              -6799368.37212376,
              5851867.09455161
            ],
            [
              -6799496.73001507,
              5851864.77251045
            ],
            [
              -6799625.09016567,
              5851862.46298087
            ],
            [
              -6799753.45162734,
              5851860.1656712
            ],
            [
              -6799881.81348087,
              5851857.88029319
            ],
            [
              -6800010.17483554,
              5851855.60656202
            ],
            [
              -6800138.53482855,
              5851853.34419632
            ],
            [
              -6800266.89262458,
              5851851.09291815
            ],
            [
              -6800395.24741517,
              5851848.85245303
            ],
            [
              -6800523.59841824,
              5851846.62252994
            ],
            [
              -6800651.9448775,
              5851844.40288132
            ],
            [
              -6800780.28606193,
              5851842.19324307
            ],
            [
              -6800908.62126521,
              5851839.99335456
            ],
            [
              -6801036.94980519,
              5851837.80295861
            ],
            [
              -6801165.27102329,
              5851835.62180151
            ],
            [
              -6801293.584284,
              5851833.44963298
            ],
            [
              -6801421.88897428,
              5851831.28620622
            ],
            [
              -6801550.18450302,
              5851829.13127784
            ],
            [
              -6801678.4703005,
              5851826.9846079
            ],
            [
              -6801806.74581783,
              5851824.84595987
            ],
            [
              -6801935.01052643,
              5851822.71510064
            ],
            [
              -6802063.26391744,
              5851820.5918005
            ],
            [
              -6802191.50550124,
              5851818.4758331
            ],
            [
              -6802319.73480689,
              5851816.36697549
            ],
            [
              -6802447.95138162,
              5851814.26500807
            ],
            [
              -6802576.15479032,
              5851812.16971456
            ],
            [
              -6802704.34461502,
              5851810.08088202
            ],
            [
              -6802832.52045438,
              5851807.99830081
            ],
            [
              -6802960.68192325,
              5851805.92176457
            ],
            [
              -6803088.82865211,
              5851803.8510702
            ],
            [
              -6803216.96028668,
              5851801.78601784
            ],
            [
              -6803345.07648737,
              5851799.72641087
            ],
            [
              -6803473.17692891,
              5851797.67205586
            ],
            [
              -6803601.26129984,
              5851795.62276254
            ],
            [
              -6803729.3293021,
              5851793.57834381
            ],
            [
              -6803857.38065061,
              5851791.53861571
            ],
            [
              -6803985.41507284,
              5851789.50339734
            ],
            [
              -6804113.4323084,
              5851787.47251091
            ],
            [
              -6804241.43210867,
              5851785.44578169
            ],
            [
              -6804369.41423641,
              5851783.42303795
            ],
            [
              -6804497.37846535,
              5851781.40411098
            ],
            [
              -6804625.32457987,
              5851779.38883501
            ],
            [
              -6804753.25237462,
              5851777.37704726
            ],
            [
              -6804881.16165418,
              5851775.36858782
            ],
            [
              -6805009.05223272,
              5851773.36329969
            ],
            [
              -6805136.91791756,
              5851771.77203362
            ],
            [
              -6805264.76468008,
              5851770.18366312
            ],
            [
              -6805392.59235666,
              5851768.59803875
            ],
            [
              -6805520.40079214,
              5851767.0150138
            ],
            [
              -6805648.18983957,
              5851765.43444433
            ],
            [
              -6805775.95935987,
              5851763.85618912
            ],
            [
              -6805903.70922158,
              5851762.2801096
            ],
            [
              -6806031.43930063,
              5851760.70606991
            ],
            [
              -6806159.14948006,
              5851759.13393676
            ],
            [
              -6806286.83964976,
              5851757.56357949
            ],
            [
              -6806414.50970626,
              5851755.99487
            ],
            [
              -6806542.15955249,
              5851754.4276827
            ],
            [
              -6806669.78909757,
              5851752.86189454
            ],
            [
              -6806797.39825657,
              5851751.29738491
            ],
            [
              -6806924.98695032,
              5851749.73403567
            ],
            [
              -6807052.55510524,
              5851748.17173106
            ],
            [
              -6807180.10265307,
              5851746.61035774
            ],
            [
              -6807307.62953078,
              5851745.04980468
            ],
            [
              -6807435.13568032,
              5851743.4899632
            ],
            [
              -6807562.62104847,
              5851741.9307269
            ],
            [
              -6807690.08558668,
              5851740.37199163
            ],
            [
              -6807817.52925091,
              5851738.81365547
            ],
            [
              -6807944.95200147,
              5851737.25561872
            ],
            [
              -6808072.35380286,
              5851735.69778381
            ],
            [
              -6808199.73462363,
              5851734.14005533
            ],
            [
              -6808327.09443628,
              5851732.58233998
            ],
            [
              -6808454.43321705,
              5851731.02454653
            ],
            [
              -6808581.75094587,
              5851729.46658579
            ],
            [
              -6808709.04760618,
              5851727.90837059
            ],
            [
              -6808836.32318483,
              5851726.34981576
            ],
            [
              -6808963.57767197,
              5851724.79083808
            ],
            [
              -6809090.81106093,
              5851723.23135625
            ],
            [
              -6809218.02334812,
              5851721.67129088
            ],
            [
              -6809345.21453292,
              5851720.11056446
            ],
            [
              -6809472.38461756,
              5851718.5491013
            ],
            [
              -6809599.53360706,
              5851716.98682753
            ],
            [
              -6809726.66150914,
              5851715.42367108
            ],
            [
              -6809853.76833408,
              5851713.85956162
            ],
            [
              -6809980.85409467,
              5851712.29443055
            ],
            [
              -6810107.91880613,
              5851710.72821099
            ],
            [
              -6810234.96248601,
              5851709.16083772
            ],
            [
              -6810361.98515413,
              5851707.59224715
            ],
            [
              -6810488.98683249,
              5851706.02237734
            ],
            [
              -6810615.9675452,
              5851704.45116793
            ],
            [
              -6810742.92731842,
              5851702.87856012
            ],
            [
              -6810869.86618027,
              5851701.30449666
            ],
            [
              -6810996.7841608,
              5851699.7289218
            ],
            [
              -6811123.68129189,
              5851698.15178131
            ],
            [
              -6811250.55760721,
              5851696.57302238
            ],
            [
              -6811378.65679231,
              5851694.89197312
            ],
            [
              -6811506.73482169,
              5851693.20916915
            ],
            [
              -6811634.79173558,
              5851691.52456063
            ],
            [
              -6811762.82757585,
              5851689.83809914
            ],
            [
              -6811890.8423859,
              5851688.14973765
            ],
            [
              -6812018.83621063,
              5851686.4594305
            ],
            [
              -6812146.80909641,
              5851684.76713334
            ],
            [
              -6812274.76109099,
              5851683.07280318
            ],
            [
              -6812402.69224347,
              5851681.37639828
            ],
            [
              -6812530.60260427,
              5851679.6778782
            ],
            [
              -6812658.49222506,
              5851677.97720371
            ],
            [
              -6812786.36115873,
              5851676.27433683
            ],
            [
              -6812914.20945933,
              5851674.56924076
            ],
            [
              -6813042.03718206,
              5851672.86187988
            ],
            [
              -6813169.8443832,
              5851671.15221971
            ],
            [
              -6813297.63112009,
              5851669.44022691
            ],
            [
              -6813425.39745108,
              5851667.72586926
            ],
            [
              -6813553.14343549,
              5851666.00911558
            ],
            [
              -6813680.86913362,
              5851664.28993582
            ],
            [
              -6813808.57460662,
              5851662.56830091
            ],
            [
              -6813936.25991657,
              5851660.84418285
            ],
            [
              -6814063.92512636,
              5851659.11755461
            ],
            [
              -6814191.5702997,
              5851657.38839017
            ],
            [
              -6814319.19550108,
              5851655.65666444
            ],
            [
              -6814446.80079573,
              5851653.92235331
            ],
            [
              -6814574.38624961,
              5851652.18543356
            ],
            [
              -6814701.95192937,
              5851650.44588289
            ],
            [
              -6814829.49790232,
              5851648.7036799
            ],
            [
              -6814957.02423641,
              5851646.95880402
            ],
            [
              -6815084.53100019,
              5851645.21123557
            ],
            [
              -6815212.01826282,
              5851643.46095567
            ],
            [
              -6815339.48609398,
              5851641.70794627
            ],
            [
              -6815466.93456392,
              5851639.95219011
            ],
            [
              -6815594.36374339,
              5851638.19367073
            ],
            [
              -6815721.77370361,
              5851636.43237239
            ],
            [
              -6815849.1645163,
              5851634.66828014
            ],
            [
              -6815976.5362536,
              5851632.90137974
            ],
            [
              -6815974.58149942,
              5851758.31134892
            ],
            [
              -6815972.65796825,
              5851883.73022413
            ],
            [
              -6815970.7654959,
              5852009.15798014
            ],
            [
              -6815968.90391267,
              5852134.59459018
            ],
            [
              -6815967.07304339,
              5852260.04002597
            ],
            [
              -6815965.27270737,
              5852385.49425767
            ],
            [
              -6815963.50271843,
              5852510.95725388
            ],
            [
              -6815961.76288494,
              5852636.42898163
            ],
            [
              -6815960.05300978,
              5852761.90940629
            ],
            [
              -6815958.37289035,
              5852887.39849167
            ],
            [
              -6815956.72231865,
              5853012.8961999
            ],
            [
              -6815955.10108123,
              5853138.40249145
            ],
            [
              -6815953.50895923,
              5853263.91732514
            ],
            [
              -6815951.94572839,
              5853389.44065806
            ],
            [
              -6815950.41115911,
              5853514.97244559
            ],
            [
              -6815948.90501643,
              5853640.5126414
            ],
            [
              -6815947.42706007,
              5853766.06119738
            ],
            [
              -6815945.97704448,
              5853891.61806367
            ],
            [
              -6815944.55471884,
              5854017.18318861
            ],
            [
              -6815943.15982712,
              5854142.75651876
            ],
            [
              -6815941.79210809,
              5854268.33799882
            ],
            [
              -6815940.45129539,
              5854393.92757169
            ],
            [
              -6815939.13711751,
              5854519.5251784
            ],
            [
              -6815937.84929792,
              5854645.1307581
            ],
            [
              -6815936.58755503,
              5854770.74424807
            ],
            [
              -6815935.35160227,
              5854896.36558369
            ],
            [
              -6815934.14114815,
              5855021.99469838
            ],
            [
              -6815932.95589628,
              5855147.63152369
            ],
            [
              -6815931.79554544,
              5855273.27598915
            ],
            [
              -6815930.65978962,
              5855398.92802239
            ],
            [
              -6815929.5483181,
              5855524.58754901
            ],
            [
              -6815928.46081547,
              5855650.25449263
            ],
            [
              -6815927.39696171,
              5855775.92877488
            ],
            [
              -6815926.35643223,
              5855901.61031533
            ],
            [
              -6815925.33889796,
              5856027.29903155
            ],
            [
              -6815924.3440254,
              5856152.99483903
            ],
            [
              -6815923.37147665,
              5856278.69765122
            ],
            [
              -6815922.42090954,
              5856404.40737947
            ],
            [
              -6815921.49197764,
              5856530.12393307
            ],
            [
              -6815920.58433035,
              5856655.84721917
            ],
            [
              -6815919.69761297,
              5856781.57714285
            ],
            [
              -6815918.83146676,
              5856907.31360702
            ],
            [
              -6815917.98552903,
              5857033.05651251
            ],
            [
              -6815917.15943317,
              5857158.80575795
            ],
            [
              -6815916.35280879,
              5857284.56123986
            ],
            [
              -6815915.56528172,
              5857410.32285255
            ],
            [
              -6815914.79647414,
              5857536.0904882
            ],
            [
              -6815914.04600462,
              5857661.86403678
            ],
            [
              -6815913.31348822,
              5857787.64338606
            ],
            [
              -6815912.59853654,
              5857913.42842164
            ],
            [
              -6815911.90075783,
              5858039.2190269
            ],
            [
              -6815911.21975702,
              5858165.01508299
            ],
            [
              -6815910.55513585,
              5858290.81646886
            ],
            [
              -6815909.9064929,
              5858416.62306122
            ],
            [
              -6815909.27342371,
              5858542.43473457
            ],
            [
              -6815908.65552082,
              5858668.25136115
            ],
            [
              -6815908.05237386,
              5858794.07281097
            ],
            [
              -6815907.46356965,
              5858919.8989518
            ],
            [
              -6815906.88869222,
              5859045.72964915
            ],
            [
              -6815906.32732295,
              5859171.5647663
            ],
            [
              -6815905.77904062,
              5859297.40416427
            ],
            [
              -6815905.24342146,
              5859423.24770182
            ],
            [
              -6815904.72003928,
              5859549.09523547
            ],
            [
              -6815904.20846548,
              5859674.94661948
            ],
            [
              -6815903.70826919,
              5859800.80170588
            ],
            [
              -6815903.21901728,
              5859926.66034441
            ],
            [
              -6815902.74027449,
              5860052.52238259
            ],
            [
              -6815902.27160344,
              5860178.38766571
            ],
            [
              -6815901.81256477,
              5860304.25603679
            ],
            [
              -6815901.36271715,
              5860430.12733664
            ],
            [
              -6815900.92161738,
              5860556.00140382
            ],
            [
              -6815900.48882045,
              5860681.87807469
            ],
            [
              -6815900.0638796,
              5860807.75718336
            ],
            [
              -6815899.6463464,
              5860933.63856178
            ],
            [
              -6815899.2357708,
              5861059.52203965
            ],
            [
              -6815898.83170119,
              5861185.40744452
            ],
            [
              -6815898.43368448,
              5861311.29460174
            ],
            [
              -6815898.04126614,
              5861437.18333451
            ],
            [
              -6815897.65399029,
              5861563.07346386
            ],
            [
              -6815897.27139971,
              5861688.96480868
            ],
            [
              -6815896.89303592,
              5861814.85718575
            ],
            [
              -6815896.51843927,
              5861940.75040973
            ],
            [
              -6815896.14714894,
              5862066.64429316
            ],
            [
              -6815895.778703,
              5862192.53864655
            ],
            [
              -6815895.4126385,
              5862318.43327832
            ],
            [
              -6815895.04849149,
              5862444.32799486
            ],
            [
              -6815894.68579707,
              5862570.22260053
            ],
            [
              -6815894.32408943,
              5862696.11689772
            ],
            [
              -6815893.96290194,
              5862822.01068682
            ],
            [
              -6815893.60176714,
              5862947.90376627
            ],
            [
              -6815893.24021681,
              5863073.79593262
            ],
            [
              -6815892.87778203,
              5863199.68698046
            ],
            [
              -6815892.51399317,
              5863325.57670257
            ],
            [
              -6815892.14838001,
              5863451.46488986
            ],
            [
              -6815891.78047172,
              5863577.35133141
            ],
            [
              -6815891.40979689,
              5863703.23581454
            ],
            [
              -6815891.03588364,
              5863829.11812482
            ],
            [
              -6815890.6582596,
              5863954.9980461
            ],
            [
              -6815890.27645196,
              5864080.87536053
            ],
            [
              -6815889.88998752,
              5864206.74984864
            ],
            [
              -6815889.49839272,
              5864332.62128933
            ],
            [
              -6815889.10119368,
              5864458.48945994
            ],
            [
              -6815888.69791624,
              5864584.35413627
            ],
            [
              -6815888.28808599,
              5864710.21509263
            ],
            [
              -6815887.87122832,
              5864836.07210189
            ],
            [
              -6815887.44686844,
              5864961.92493551
            ],
            [
              -6815887.01453146,
              5865087.77336358
            ],
            [
              -6815886.57374236,
              5865213.61715489
            ],
            [
              -6815886.1240261,
              5865339.45607695
            ],
            [
              -6815885.66490762,
              5865465.28989605
            ],
            [
              -6815885.1959119,
              5865591.11837733
            ],
            [
              -6815884.71656397,
              5865716.94128479
            ],
            [
              -6815884.22638902,
              5865842.75838138
            ],
            [
              -6815883.72491237,
              5865968.56942902
            ],
            [
              -6815883.21165956,
              5866094.37418869
            ],
            [
              -6815882.68615641,
              5866220.17242047
            ],
            [
              -6815882.147929,
              5866345.96388359
            ],
            [
              -6815881.59650382,
              5866471.74833648
            ],
            [
              -6815881.03140775,
              5866597.52553689
            ],
            [
              -6815880.45216812,
              5866723.29524187
            ],
            [
              -6815879.85831282,
              5866849.05720787
            ],
            [
              -6815879.2493703,
              5866974.81119083
            ],
            [
              -6815878.62486965,
              5867100.5569462
            ],
            [
              -6815877.98434069,
              5867226.29422903
            ],
            [
              -6815877.32731401,
              5867352.02279402
            ],
            [
              -6815876.65332104,
              5867477.74239563
            ],
            [
              -6815875.96189412,
              5867603.45278809
            ],
            [
              -6815875.25256659,
              5867729.15372551
            ],
            [
              -6815874.52487287,
              5867854.84496195
            ],
            [
              -6815873.7783485,
              5867980.52625149
            ],
            [
              -6815873.01253027,
              5868106.19734827
            ],
            [
              -6815872.22695628,
              5868231.85800663
            ],
            [
              -6815871.42116604,
              5868357.50798113
            ],
            [
              -6815870.59470056,
              5868483.14702664
            ],
            [
              -6815869.74710245,
              5868608.77489844
            ],
            [
              -6815868.87791597,
              5868734.39135227
            ],
            [
              -6815867.98668724,
              5868859.99614442
            ],
            [
              -6815867.07296421,
              5868985.58903182
            ],
            [
              -6815866.13629688,
              5869111.1697721
            ],
            [
              -6815865.17623735,
              5869236.73812369
            ],
            [
              -6815864.19233993,
              5869362.29384588
            ],
            [
              -6815863.18416132,
              5869487.83669893
            ],
            [
              -6815862.15126064,
              5869613.36644413
            ],
            [
              -6815861.09319961,
              5869738.8828439
            ],
            [
              -6815860.00954269,
              5869864.38566185
            ],
            [
              -6815858.89985714,
              5869989.87466289
            ],
            [
              -6815857.76371323,
              5870115.34961329
            ],
            [
              -6815856.60068431,
              5870240.81028081
            ],
            [
              -6815855.41034698,
              5870366.25643472
            ],
            [
              -6815854.19228124,
              5870491.68784591
            ],
            [
              -6815852.94607058,
              5870617.10428702
            ],
            [
              -6815851.67130218,
              5870742.50553245
            ],
            [
              -6815850.36756704,
              5870867.89135849
            ],
            [
              -6815849.03446009,
              5870993.2615434
            ],
            [
              -6815847.6715804,
              5871118.6158675
            ],
            [
              -6815846.27853128,
              5871243.95411322
            ],
            [
              -6815844.85492047,
              5871369.27606521
            ],
            [
              -6815843.40036025,
              5871494.58151043
            ],
            [
              -6815841.91446765,
              5871619.87023822
            ],
            [
              -6815840.39686458,
              5871745.14204039
            ],
            [
              -6815838.84717795,
              5871870.39671127
            ],
            [
              -6815837.2650399,
              5871995.63404785
            ],
            [
              -6815835.6500879,
              5872120.8538498
            ],
            [
              -6815834.00196495,
              5872246.05591959
            ],
            [
              -6815832.32031969,
              5872371.24006255
            ],
            [
              -6815830.6048066,
              5872496.40608694
            ],
            [
              -6815828.85508616,
              5872621.55380406
            ],
            [
              -6815827.07082495,
              5872746.68302827
            ],
            [
              -6815825.25169588,
              5872871.79357713
            ],
            [
              -6815823.3973783,
              5872996.8852714
            ],
            [
              -6815821.50755817,
              5873121.95793518
            ],
            [
              -6815819.58192818,
              5873247.01139594
            ],
            [
              -6815817.62018797,
              5873372.04548457
            ],
            [
              -6815815.62204421,
              5873497.06003552
            ],
            [
              -6815813.58721078,
              5873622.05488678
            ],
            [
              -6815811.51540889,
              5873747.02987998
            ],
            [
              -6815809.40636726,
              5873871.98486049
            ],
            [
              -6815807.25982223,
              5873996.91967741
            ],
            [
              -6815805.07551788,
              5874121.83418367
            ],
            [
              -6815802.85320622,
              5874246.72823606
            ],
            [
              -6815800.59264723,
              5874371.60169534
            ],
            [
              -6815798.29360909,
              5874496.4544262
            ],
            [
              -6815795.95586819,
              5874621.2862974
            ],
            [
              -6815793.57920936,
              5874746.09718177
            ],
            [
              -6815791.16342587,
              5874870.88695626
            ],
            [
              -6815788.70831962,
              5874995.65550199
            ],
            [
              -6815786.21370121,
              5875120.4027043
            ],
            [
              -6815783.67939004,
              5875245.12845275
            ],
            [
              -6815781.1052144,
              5875369.83264122
            ],
            [
              -6815778.49101158,
              5875494.51516788
            ],
            [
              -6815775.83662791,
              5875619.17593526
            ],
            [
              -6815773.14191886,
              5875743.81485028
            ],
            [
              -6815770.40674915,
              5875868.43182426
            ],
            [
              -6815767.63099273,
              5875993.02677293
            ],
            [
              -6815764.81453292,
              5876117.59961649
            ],
            [
              -6815761.95726241,
              5876242.15027962
            ],
            [
              -6815759.05908333,
              5876366.67869147
            ],
            [
              -6815756.11990731,
              5876491.18478569
            ],
            [
              -6815753.13965546,
              5876615.66850046
            ],
            [
              -6815750.11825846,
              5876740.12977847
            ],
            [
              -6815747.05565653,
              5876864.56856693
            ],
            [
              -6815743.95179948,
              5876988.98481761
            ],
            [
              -6815740.80664672,
              5877113.37848677
            ],
            [
              -6815737.62016724,
              5877237.74953525
            ],
            [
              -6815734.3923396,
              5877362.09792838
            ],
            [
              -6815731.12315198,
              5877486.42363604
            ],
            [
              -6815727.81260207,
              5877610.72663259
            ],
            [
              -6815724.46069715,
              5877735.00689692
            ],
            [
              -6815721.06745396,
              5877859.26441239
            ],
            [
              -6815717.63289873,
              5877983.49916685
            ],
            [
              -6815714.15706714,
              5878107.71115257
            ],
            [
              -6815710.64000421,
              5878231.90036629
            ],
            [
              -6815707.08176431,
              5878356.06680913
            ],
            [
              -6815703.48241108,
              5878480.2104866
            ],
            [
              -6815699.84201734,
              5878604.33140857
            ],
            [
              -6815696.16066503,
              5878728.42958921
            ],
            [
              -6815692.43844516,
              5878852.50504702
            ],
            [
              -6815688.67545768,
              5878976.55780472
            ]
          ]
        ]
      }
    }
  ]
}
