{"type": "FeatureCollection", "features": [{"type": "Feature", "id": 131157, "geometry": {"type": "LineString", "coordinates": [[-61.155605691672264, 46.184658872795225], [-61.155591260299424, 46.18465527379447], [-61.15556713974639, 46.18464925035341], [-61.155552621871536, 46.18464320188657], [-61.15550196263966, 46.184622097714474], [-61.15542901185981, 46.18458833039317], [-61.1554251596649, 46.18458650416898], [-61.15539880557661, 46.18456823131642], [-61.15534161477388, 46.184537859402845], [-61.15529567881429, 46.18451346528961], [-61.15525709724915, 46.184504733288], [-61.15523239298861, 46.18449330921014], [-61.155218816085686, 46.18448702388349], [-61.15520487107694, 46.184477798534914], [-61.15511478663424, 46.1844592438395], [-61.15502489512319, 46.184396591013034], [-61.155018270956916, 46.18438311871455], [-61.155011539266575, 46.18436937467252], [-61.154973799769856, 46.18429676346681], [-61.154967758585585, 46.18427555137063], [-61.15494828809393, 46.18420724920968], [-61.15492722746616, 46.18412412497688], [-61.15492310763541, 46.18410784002886], [-61.15491057732345, 46.18401762632164], [-61.15491087805868, 46.18400863993702], [-61.15491089086595, 46.183999738906124], [-61.154910997223226, 46.18392763969759], [-61.15489876739726, 46.183828448597794], [-61.15489894770001, 46.183784341329634], [-61.15491223786317, 46.183746916897135], [-61.15492469709225, 46.183711864111146], [-61.15492573244343, 46.183632912714344], [-61.15492632167144, 46.18358587796844], [-61.154917908709116, 46.18355965044116], [-61.15490050933374, 46.18350535907691], [-61.1549008441191, 46.18347909277851], [-61.1549013217932, 46.183442361506586], [-61.15490991340206, 46.183417947563136], [-61.15491421131071, 46.1834056776234], [-61.1549273720355, 46.1833608888999], [-61.15493408798184, 46.183342186825406], [-61.15495309137442, 46.18328930220914], [-61.1550194986394, 46.18316347092588], [-61.15508522548218, 46.18301962813396], [-61.155131100519114, 46.182943569658015], [-61.15517714106648, 46.18286720782649], [-61.15530664266433, 46.182714494131254], [-61.15531380835211, 46.18270829162846], [-61.155358671489395, 46.18266943272551], [-61.1554507683393, 46.182589017055115], [-61.155491942529196, 46.18255080957667], [-61.15556709560825, 46.18248109162943], [-61.15557878929483, 46.18246192983875], [-61.15563291160037, 46.18237325091854], [-61.15576349643311, 46.18226555539196], [-61.15577674770319, 46.182256768995536], [-61.155906036639536, 46.18214906139209], [-61.15602722475816, 46.18207279578222], [-61.15606222056248, 46.18205076984361], [-61.15611495448355, 46.18202371995285], [-61.15622798856693, 46.18197196523052], [-61.1562307523533, 46.181970686785114], [-61.156374285364656, 46.181863199458085], [-61.15642602469132, 46.1818271331349], [-61.15651781781542, 46.18175571194051], [-61.156634860685635, 46.181665797448005], [-61.15671308864237, 46.18161215777212], [-61.15671255187135, 46.181598369741664], [-61.15671239505207, 46.18159414609809], [-61.15667444649437, 46.18156653326823], [-61.15665105937865, 46.18155604876091], [-61.156634872149695, 46.18154879446909], [-61.1566273421246, 46.18153179755126], [-61.15662282411171, 46.181521599400334], [-61.15661008252868, 46.181476392655895], [-61.1565982979533, 46.181459921124116], [-61.15659770401077, 46.181459083521084], [-61.15653262184201, 46.18146794295873], [-61.15651967163042, 46.18146773405642], [-61.15650702216815, 46.18145852976053], [-61.156426803567584, 46.18134616368992], [-61.15641666625728, 46.18133196877367], [-61.15636098134283, 46.18128880529752], [-61.15630047227358, 46.18124189186547], [-61.156267099355894, 46.181218501830145], [-61.15619792222442, 46.18117003545853], [-61.15613212228237, 46.18112403559972], [-61.156068778820874, 46.181079749383805], [-61.15597830676499, 46.18103419736615], [-61.155973145732105, 46.18102695889339], [-61.15595231518414, 46.18099776798548], [-61.155965566113835, 46.18098898156032], [-61.15596648793433, 46.18098776340143], [-61.155979117869485, 46.18097119974334]]}, "properties": {"OBJECTID": 131157, "FEAT_CODE": "WALK20", "FEAT_DESC": "Lake - Water to the right line", "RIVNAME_1": " ", "RIVNAME_2": " ", "ZVALUE": 57.4, "FID": null, "SHAPE_Length": 513.4056948112045}}, {"type": "Feature", "id": 131158, "geometry": {"type": "LineString", "coordinates": [[-61.155979117869485, 46.18097119974334], [-61.15604230524622, 46.18097132829266], [-61.15615490699212, 46.18094561336808], [-61.15616011679022, 46.1809444193905], [-61.15623745474205, 46.180917766408655], [-61.156289585921385, 46.18090870719829], [-61.156302836776696, 46.18089992073277], [-61.15631578685341, 46.18090012965768], [-61.1563917852782, 46.180870907891475], [-61.15643260647001, 46.18085521298298], [-61.156484419689576, 46.1808560488233], [-61.15653563560874, 46.18087397546944], [-61.15657490901135, 46.180900700695226], [-61.15659844672464, 46.18094232849424], [-61.15660060023577, 46.18094612533372], [-61.15662602114994, 46.18099963682542], [-61.15662485467576, 46.18110312981792], [-61.156624701740036, 46.18111661871689], [-61.15663753537584, 46.18119782792309], [-61.15663746816792, 46.18120914014566], [-61.156637326764496, 46.181242825777744], [-61.15664837706112, 46.18126536962697], [-61.156650669168165, 46.18127005972498], [-61.15668934176921, 46.18131476670566], [-61.156717878959384, 46.181335531550154], [-61.156727290165115, 46.18134237952927], [-61.156778519563716, 46.18136030628186], [-61.15683074331994, 46.18138724929256], [-61.15686524596164, 46.181399335076115], [-61.15690886753102, 46.1814146100005], [-61.156947116783456, 46.18143322735903], [-61.156986390479254, 46.181459961445164], [-61.15698548846573, 46.18148694762872], [-61.15694670005097, 46.181523223073086], [-61.15694679236105, 46.18155922553543], [-61.15697242222671, 46.18156773909731], [-61.1570016660333, 46.18158016303976], [-61.15703630149435, 46.18159486998385], [-61.15706764016415, 46.18159501535974], [-61.15711403303296, 46.18159522348772], [-61.15720531639461, 46.181577785979066], [-61.157296328540006, 46.1815684622437], [-61.157322229021965, 46.18156887987159], [-61.157363273511066, 46.18154612304135], [-61.15738691799328, 46.18153301291443], [-61.15742534948914, 46.18151012392837], [-61.15749135872278, 46.18147080410493], [-61.15756929795644, 46.181426159430735], [-61.15758227822326, 46.18142546867425], [-61.15761545580023, 46.181408579085094], [-61.15763368573573, 46.18139929672128], [-61.15767312311693, 46.18139244430136], [-61.15768581716306, 46.18139023687798], [-61.157802310320385, 46.181354313786436], [-61.15789292470439, 46.18131887345757], [-61.1580103579377, 46.181255964576316], [-61.15810123366556, 46.18121152805076], [-61.158168643735536, 46.18114925279075], [-61.158178791400104, 46.18113987607998], [-61.158201301103276, 46.18111999731233], [-61.158270898678104, 46.181058558268006], [-61.158423839531146, 46.180848428186366], [-61.15848003431529, 46.18077122060953], [-61.1585291452744, 46.18069040676332], [-61.15867609424408, 46.18044857092382], [-61.158714351276366, 46.180370336186215], [-61.158728938747906, 46.18034051940229], [-61.158794432914, 46.18024166290332], [-61.15889879520255, 46.18002645636974], [-61.1589512865321, 46.17988277607843], [-61.159017151326, 46.17970254519647], [-61.15902550956511, 46.179669135927156], [-61.15903060807405, 46.17964876050234], [-61.15904376447835, 46.17960397121363], [-61.15904549181079, 46.1793969933845], [-61.15903256154394, 46.17927977288816], [-61.15903301019233, 46.179217822420505], [-61.15903327475503, 46.1791807906689], [-61.15904693792817, 46.1790820080618], [-61.15904686392004, 46.179053953101295], [-61.15904684420092, 46.17904600556597], [-61.159042948341565, 46.1790222091567], [-61.15903501471397, 46.17897382202974], [-61.15900912167436, 46.17885640170128], [-61.15899080991473, 46.17877735454634], [-61.15898420659796, 46.17874888839078], [-61.15897197059208, 46.178649688554074], [-61.15897195501472, 46.178640841060215], [-61.158971796168494, 46.17857768376698], [-61.158963219845, 46.17854389367904], [-61.15896033526178, 46.17853249789681], [-61.15892087531754, 46.178433759496336], [-61.1589035458852, 46.178358283245146], [-61.15889599031175, 46.17832535561891], [-61.15889937137977, 46.177758394467446], [-61.158888906881025, 46.17771325163737], [-61.15887445694829, 46.177650881123895], [-61.158846684810946, 46.17759714321953], [-61.158823343062515, 46.17755196392124], [-61.158806258734536, 46.17751533666688], [-61.15879796446983, 46.177497553547205], [-61.158790851537, 46.177472328253614], [-61.15878520867448, 46.17745235578908], [-61.15878557760974, 46.177412589633484], [-61.15878572900793, 46.177398353678974], [-61.158792952082905, 46.17736944425058], [-61.15879918534926, 46.17734456898644], [-61.15880131403441, 46.17733669206365], [-61.15882578467244, 46.177245994795875], [-61.15884406795518, 46.17719858803881], [-61.158864081169384, 46.177146709024505], [-61.158887165904346, 46.17705444137018], [-61.15889099353396, 46.17703913960992], [-61.15889519435663, 46.177024689885286], [-61.15891733520081, 46.17694866146725], [-61.15897055879875, 46.17675151341414], [-61.15898422134793, 46.17665273076726], [-61.158971685395144, 46.176562526315145], [-61.1589596372107, 46.17653533146926], [-61.15895069380436, 46.176521083998686], [-61.158920272279374, 46.176472595567255], [-61.15889578202536, 46.17639119876576], [-61.158882138701934, 46.17637297846261], [-61.15886990327552, 46.176273778586264], [-61.15886457961272, 46.1762593824194], [-61.15885683058019, 46.176238466996985], [-61.158793763857744, 46.17614834843611], [-61.15874643087983, 46.176064675512734], [-61.158742394381754, 46.17605751827946], [-61.15873766291531, 46.17605099786677], [-61.158690368168195, 46.17598558704381], [-61.158683706524585, 46.17595655290215], [-61.15867793960876, 46.17593137628343], [-61.1586651545014, 46.17588706905274], [-61.158665229146344, 46.17585611839195], [-61.158665474564266, 46.175761070693476], [-61.158653032523645, 46.17570687771167], [-61.158614900218986, 46.17560725152476], [-61.15858938619214, 46.17551773792287], [-61.15853831796572, 46.1754179122666], [-61.1584998424083, 46.17532818978251], [-61.15850010950179, 46.175272077515615], [-61.15850026919615, 46.175238194140135], [-61.15850312723562, 46.17523097699133], [-61.158514406437014, 46.175202420939385]]}, "properties": {"OBJECTID": 131158, "FEAT_CODE": "WALK20", "FEAT_DESC": "Lake - Water to the right line", "RIVNAME_1": " ", "RIVNAME_2": " ", "ZVALUE": 57.4, "FID": null, "SHAPE_Length": 935.7735470370512}}, {"type": "Feature", "id": 131345, "geometry": {"type": "LineString", "coordinates": [[-61.16810232506762, 46.178847713524675], [-61.168058763340376, 46.17886141561869], [-61.167933434227066, 46.178900807617296], [-61.16788598978355, 46.17891983854679], [-61.16784282608696, 46.17893715603776], [-61.16777744993223, 46.178955008412466], [-61.167644245088745, 46.17896859612527], [-61.167609741163204, 46.17897211999865], [-61.16746363461286, 46.178988731719535], [-61.167297602920065, 46.179007615787725], [-61.16714314256745, 46.17901593890719], [-61.16685812900053, 46.17901497652151], [-61.166689112182574, 46.17903205677379], [-61.166555787697284, 46.17903792808819], [-61.16649449092003, 46.17904062576167], [-61.166453427329, 46.17904503406952], [-61.16632675133797, 46.17905864399477], [-61.16611916727661, 46.17906700434878], [-61.16593751192062, 46.179074898430066], [-61.16584650485533, 46.17908423813023], [-61.16584362531437, 46.17908472292906], [-61.16574356076629, 46.17910148638343], [-61.16555215177907, 46.179136557044856], [-61.1655493360839, 46.179137069861895], [-61.16536674002407, 46.179172839694694], [-61.16529288770256, 46.17917905225935], [-61.16516016375023, 46.179190223730345], [-61.16499083305405, 46.179216314676204], [-61.16487906265509, 46.179232853409516], [-61.16480986989105, 46.179243100593325], [-61.16471293522363, 46.17925495427178], [-61.16466676398541, 46.17926060294681], [-61.164602681447, 46.1792784742804], [-61.164485660152316, 46.1793184639374], [-61.1644467228809, 46.179331770917315], [-61.1642904645601, 46.179394062771074], [-61.16427149091555, 46.1794027762365], [-61.16413518843611, 46.17946537043441], [-61.16404370009521, 46.17950236771979], [-61.16397891239192, 46.17952856160126], [-61.16381030225078, 46.17957265386318], [-61.16373326926044, 46.17959031662735], [-61.16370782211873, 46.17959420985362], [-61.16361606180271, 46.17960823380144], [-61.163460387728584, 46.17965254241802], [-61.16331092357638, 46.17969673462143], [-61.16327851032998, 46.179706320951716], [-61.1632627377746, 46.17970994655791], [-61.16320147729186, 46.17972397435623], [-61.16310989941214, 46.17975040316699], [-61.16292830809778, 46.17979518549671], [-61.16281179554566, 46.17983111350573], [-61.16278436521639, 46.17984319186754], [-61.16277234650639, 46.17984847979794], [-61.16268595834903, 46.179897240305976], [-61.162629743542034, 46.17992898039739], [-61.16248742637231, 46.18000050316963], [-61.16245325042398, 46.18001592908248], [-61.162408484898926, 46.18003613484263], [-61.1623704851421, 46.180051994258285], [-61.16234410097581, 46.18006300030697], [-61.16222659229892, 46.18008991145626], [-61.16218160734345, 46.18010581148188], [-61.162175457972836, 46.18010798965118], [-61.16208457462536, 46.18015242029731], [-61.16188922662902, 46.18025999944169], [-61.161849546847364, 46.180287378975166], [-61.1617592587802, 46.18034969342153], [-61.16170692420474, 46.180403762076494], [-61.16166786972416, 46.18044813506542]]}, "properties": {"OBJECTID": 131345, "FEAT_CODE": "WALK20", "FEAT_DESC": "Lake - Water to the right line", "RIVNAME_1": " ", "RIVNAME_2": " ", "ZVALUE": 57.4, "FID": null, "SHAPE_Length": 541.8141536796139}}, {"type": "Feature", "id": 131346, "geometry": {"type": "LineString", "coordinates": [[-61.16166786972416, 46.18044813506542], [-61.161667569827195, 46.1804571304852], [-61.16160247607143, 46.18058298679498], [-61.16160207322853, 46.18058379933673], [-61.16157607151373, 46.18063656349086], [-61.16157677994147, 46.180654566374535], [-61.16154256494348, 46.18069290600634], [-61.1615363869248, 46.1806998268087], [-61.16151739915335, 46.180708548588846], [-61.1614587517994, 46.180735478838926], [-61.16139406665791, 46.18077133916392], [-61.16121217067047, 46.18082511410541], [-61.16082329720684, 46.18098536090749], [-61.16064595719652, 46.18106371593143], [-61.16064049976601, 46.18106612116069], [-61.16061606881278, 46.18107525919537], [-61.16049748258475, 46.1811196206936], [-61.160446046946774, 46.18114668450612], [-61.16030341075818, 46.181227199658416], [-61.160263685709076, 46.18125356088239], [-61.1601617171126, 46.181305083734934], [-61.160068618104965, 46.18135212317357], [-61.16003332144403, 46.18137235444743], [-61.15999069389949, 46.18139676979327], [-61.15991342535373, 46.1814594274026], [-61.159782276208226, 46.181585110073854], [-61.15974557777885, 46.18161511095023], [-61.15963973198784, 46.18170162684586], [-61.15962537839861, 46.181711628971776], [-61.159587994839114, 46.18173769465799], [-61.159545796909406, 46.181786102401986], [-61.15950986341606, 46.181827338823474], [-61.15943161190909, 46.18188098003095], [-61.15937727416969, 46.18191110170352], [-61.1593669241174, 46.181916839161914], [-61.159232633796435, 46.181985562071226], [-61.159210065177014, 46.181997114866306], [-61.159067425292626, 46.18207761940933], [-61.15898975661946, 46.182114169241636], [-61.15892410362922, 46.18214011230585], [-61.15879433281254, 46.18218482286077], [-61.15878285436096, 46.1821894260561], [-61.15870371370683, 46.18222115484894], [-61.15861222298143, 46.18228358242297], [-61.158607133890335, 46.1822885315581], [-61.15854792765666, 46.1823464571389], [-61.158520493052094, 46.18237683189744], [-61.15844297848356, 46.18246266916459], [-61.15839335777829, 46.18250360366803], [-61.158377701412334, 46.182516518721215], [-61.15837347834249, 46.182523857865526], [-61.15835155022314, 46.18256199852579], [-61.15835182984652, 46.18267000593107], [-61.158341144727075, 46.18271874105025], [-61.15833807114662, 46.18273278589675], [-61.158324913346476, 46.1827775750612], [-61.158298804981314, 46.182822155518046], [-61.15828605573152, 46.18283104929907], [-61.15824706589979, 46.18285822268761], [-61.15824207026097, 46.18286153526831], [-61.1582338145666, 46.18286701836874], [-61.15821693476266, 46.18287310949974], [-61.15820758322703, 46.18287648688133], [-61.15817616402227, 46.18286864531497], [-61.15816903205681, 46.18286686532631], [-61.15815608150483, 46.18286665660454], [-61.158129849852145, 46.18287613409449], [-61.158130243409566, 46.18290314116124], [-61.15810413482574, 46.18294772156945], [-61.158064051020055, 46.182983976507046], [-61.15794675034377, 46.183081979507314], [-61.1579156329065, 46.18310892866521], [-61.157894709646435, 46.18312705989616], [-61.15788135903918, 46.18315200936842], [-61.157856013807326, 46.18319932909622], [-61.157840339498456, 46.183236040422244], [-61.15780259363312, 46.18332447134823], [-61.1577814806174, 46.183392487832954], [-61.15776338890637, 46.18345074275536], [-61.15775761718602, 46.18347378933168], [-61.15774992988418, 46.18350452723398], [-61.15773677140475, 46.18354931631511], [-61.157697681406276, 46.18359458738257], [-61.15767519247231, 46.18360993025839], [-61.157606187239125, 46.1836570140859], [-61.15760650038067, 46.183697277208864], [-61.15760667323485, 46.18372002360252], [-61.157580564124665, 46.18376459487757], [-61.157541774145834, 46.183800879487556], [-61.15743639674487, 46.18389098296784], [-61.157398237903344, 46.18390837720063], [-61.1573814548399, 46.18391233671059], [-61.15735905513218, 46.18391763669454], [-61.15730380180343, 46.18390449645907], [-61.157281921609574, 46.18389929252441], [-61.15724246793655, 46.18391665682641], [-61.15717756807933, 46.183997512490556], [-61.15715280927501, 46.18402066686943], [-61.157138777971504, 46.18403378796053], [-61.15712392304671, 46.18404363768145], [-61.15709902317687, 46.18406015659702], [-61.157021651399674, 46.18408770063232], [-61.15701174564378, 46.18408981794457], [-61.15698249821006, 46.184096069450334], [-61.15691771398068, 46.18409592467245], [-61.15683523022031, 46.18406668462611], [-61.156813985083765, 46.18405915078207], [-61.156795510740544, 46.18405594573774], [-61.156762452457585, 46.184050219405265], [-61.15672296844285, 46.18406848306233], [-61.15671665588558, 46.18407280936241], [-61.15668450881196, 46.18409486344464], [-61.156649747534715, 46.18412495756593], [-61.1566324667199, 46.184139925230596], [-61.15661921512122, 46.184148711718784], [-61.15660632624261, 46.18418540479945], [-61.15658021579786, 46.184229984822544], [-61.1565753553867, 46.184231571465205], [-61.15655401330648, 46.18423856239608], [-61.15651452908809, 46.18425682597753], [-61.156463689846184, 46.18426590613079], [-61.15641189932563, 46.18426507065168], [-61.156389255797635, 46.18425789217992], [-61.1563849602718, 46.18425653584879], [-61.15629547738796, 46.18421999130919], [-61.1562772641317, 46.18420897818519], [-61.15620530119322, 46.18416543503366], [-61.156134130298106, 46.18414083212012], [-61.156101529626994, 46.18412955983174], [-61.15609368835588, 46.184129613318596], [-61.1560626729439, 46.184129832902734], [-61.15604295290601, 46.18413404183534], [-61.156023506637894, 46.18413820118051], [-61.155972065401734, 46.184165280881594], [-61.15595872093196, 46.18417412879635], [-61.15593231056651, 46.184191631111084], [-61.15590677124297, 46.184219119741], [-61.155893611084025, 46.1842639085797], [-61.15586719914537, 46.184317483814574], [-61.15586577820263, 46.184427371811054], [-61.15586556399294, 46.18444346078262], [-61.15587147014712, 46.18445981052199], [-61.155891661888326, 46.18451588383431], [-61.15589154140072, 46.18454234259383], [-61.15589146552298, 46.18456088186247], [-61.155878781097, 46.184577498624684], [-61.15587789987025, 46.18457866343586]]}, "properties": {"OBJECTID": 131346, "FEAT_CODE": "WALK20", "FEAT_DESC": "Lake - Water to the right line", "RIVNAME_1": " ", "RIVNAME_2": " ", "ZVALUE": 57.4, "FID": null, "SHAPE_Length": 722.6955305449032}}, {"type": "Feature", "id": 173679, "geometry": {"type": "LineString", "coordinates": [[-61.155605691672264, 46.184658872795225], [-61.15563137109721, 46.18470428843298], [-61.15563972751413, 46.18471595260279], [-61.15564376325763, 46.1847215888831], [-61.15565744138692, 46.18474576826792], [-61.1556694556928, 46.184767004721735], [-61.155707828337064, 46.18482072540669], [-61.15573352086914, 46.18486614123164], [-61.155746262428025, 46.18491134804926], [-61.1557409000148, 46.18492793895347], [-61.1557202553284, 46.18499193049484], [-61.15573328486406, 46.18502814172171], [-61.155758676599554, 46.18508255292373], [-61.155887841610664, 46.18517283962975], [-61.155926201789235, 46.185226560036114], [-61.15593269365201, 46.185254844537205], [-61.15593864269914, 46.18528076221633], [-61.15595204532902, 46.18531744744905], [-61.15596477114138, 46.185352285710245], [-61.15596356762657, 46.185388267243], [-61.1559759956538, 46.185442469209804], [-61.15599157801594, 46.18546086512419], [-61.15601463983446, 46.18548809395227], [-61.15606511505383, 46.18554882297135], [-61.15606695871656, 46.18555103977688], [-61.15606766201886, 46.185551708142086], [-61.15610463887297, 46.18558674867168], [-61.15615142272654, 46.18561914834521], [-61.156183161177175, 46.185641116987384], [-61.15629806889555, 46.185731173189744], [-61.15634956685312, 46.18577644717175], [-61.156401303448, 46.185821949985794], [-61.1564258673799, 46.185842632787875], [-61.15646556735755, 46.18587607908455], [-61.15648167009142, 46.185892872282395], [-61.156491862581014, 46.185903503977755], [-61.15655580960176, 46.185952776785086], [-61.15662071697137, 46.18600278506572], [-61.156749271066495, 46.186111061399664], [-61.156827193258486, 46.186183420060786], [-61.156955355221875, 46.18626468912411], [-61.156981471171285, 46.18628275976528], [-61.15705921068831, 46.18633656583188], [-61.1570981567845, 46.18637320383192], [-61.157201356339016, 46.18648254681566], [-61.15722581092229, 46.18650845681682], [-61.157251849159955, 46.1865439776002], [-61.15731511087994, 46.186588207793356], [-61.15731641510975, 46.186589119846325], [-61.1573680426858, 46.186634053441935], [-61.157371820824494, 46.18663810146398], [-61.15741933962501, 46.18668888194245], [-61.15748309674411, 46.186722175741686], [-61.157522502623635, 46.18674274658573], [-61.15770376797033, 46.18682487093704], [-61.15779350270594, 46.18687535977664], [-61.157832233308824, 46.186897143659664], [-61.15791006518527, 46.186933499171836], [-61.158055226509795, 46.18696451367559], [-61.158078618179076, 46.186969507813], [-61.15815438024601, 46.186998395603396], [-61.15824623917556, 46.18703341991496], [-61.15825351068445, 46.187037245199235], [-61.15850476824629, 46.18716898950732], [-61.158671913119704, 46.18728598569492], [-61.1587232438926, 46.18733364995999], [-61.158749839489495, 46.18735834309292], [-61.15880086808048, 46.18742126685181], [-61.15882101711048, 46.187477185922845], [-61.1588269581909, 46.18749368906675], [-61.15883919540814, 46.18759288879807], [-61.158838939330806, 46.18760986811482], [-61.15883808710749, 46.187664872817514], [-61.158831215980854, 46.18768824372936], [-61.15881175674043, 46.187754450954216], [-61.15879840391234, 46.187844238167266], [-61.158777430900756, 46.18787312402639], [-61.15875901117076, 46.18789850492653], [-61.15872034265853, 46.18796988378498], [-61.15870393560274, 46.188003676321486], [-61.15869390151426, 46.18802435919389], [-61.15868878695624, 46.188044797320934], [-61.158680442142376, 46.188078143738004]]}, "properties": {"OBJECTID": 173679, "FEAT_CODE": "WARV10", "FEAT_DESC": "Double Line River - Water to the left line", "RIVNAME_1": "Southwest Margaree River", "RIVNAME_2": " ", "ZVALUE": 9999, "FID": null, "SHAPE_Length": 485.29974085164974}}, {"type": "Feature", "id": 173681, "geometry": {"type": "LineString", "coordinates": [[-61.158680442142376, 46.188078143738004], [-61.158667676988415, 46.18814993993292], [-61.15865412425391, 46.18816772203415], [-61.15858933520566, 46.18816757813292], [-61.158563101073575, 46.18817705567757], [-61.15854694896198, 46.18819933199954], [-61.15853729039562, 46.18821264971725], [-61.158498020674166, 46.18830201027677], [-61.15849366682892, 46.188314414443525], [-61.158485131983326, 46.18833870354815], [-61.15844576861879, 46.188392070646024], [-61.158422573399996, 46.18844673329802], [-61.15839231432744, 46.18851811254958], [-61.15833658100548, 46.188594445412676], [-61.15828774626739, 46.188661331175275], [-61.15824865296081, 46.18870660234548], [-61.15823513395513, 46.188719875822635], [-61.15815754426378, 46.1887960363609], [-61.15806679869007, 46.188913376876876], [-61.15803999301584, 46.18893994553109], [-61.158017781200485, 46.188994632947434], [-61.158014575384016, 46.18900253748186], [-61.15801033998406, 46.18901837262673], [-61.157987925283955, 46.18910201051448], [-61.157987562422996, 46.18918189972889], [-61.157987509806674, 46.189192006141724], [-61.15797265262801, 46.18923135869176], [-61.15796049589107, 46.18926358158145], [-61.1579207160378, 46.18940693509975], [-61.15790812728788, 46.18943463290307], [-61.15789483096844, 46.18950250533523], [-61.15789406555097, 46.189506408098346], [-61.157867838699715, 46.18963197958983], [-61.15787567168047, 46.18976675831678], [-61.15787935794028, 46.18983017936587], [-61.15787921490365, 46.18986237988829], [-61.157878942243606, 46.18992017497909], [-61.15789087754238, 46.19002837014005], [-61.15788944492695, 46.190226352130324], [-61.15786240825188, 46.1904149211681], [-61.15787775474341, 46.190457496625676], [-61.15788849841846, 46.19048734356393], [-61.15792666922988, 46.19058606134589], [-61.15793669896874, 46.1906054745045], [-61.15797779255968, 46.190684987886], [-61.15801683539962, 46.19075761902268], [-61.15805011738987, 46.19092392168952], [-61.158054604097714, 46.19094633257491], [-61.158077030697534, 46.19136070459351], [-61.1581012332188, 46.191567199917806], [-61.158106351779786, 46.19165175856255], [-61.158113761411705, 46.19177440709804], [-61.15812837165486, 46.191855707629664], [-61.15815090394448, 46.191981110951666], [-61.15818305957343, 46.19211056645953], [-61.15820230770064, 46.19218804462435], [-61.15822263326446, 46.19222203304701], [-61.15824034419364, 46.19225165921924], [-61.15826539099096, 46.192278163529316], [-61.15828635097361, 46.192307518046576], [-61.15829138950731, 46.19231458342177], [-61.158313418270005, 46.192327466740394], [-61.15836892897787, 46.19235992509553], [-61.15837197299683, 46.19236152218835], [-61.158472102774624, 46.192413806992896]]}, "properties": {"OBJECTID": 173681, "FEAT_CODE": "WARV10", "FEAT_DESC": "Double Line River - Water to the left line", "RIVNAME_1": "Southwest Margaree River", "RIVNAME_2": " ", "ZVALUE": 57.2, "FID": null, "SHAPE_Length": 510.87189397751973}}, {"type": "Feature", "id": 181775, "geometry": {"type": "LineString", "coordinates": [[-61.15587789987025, 46.18457866343586], [-61.15596886136447, 46.184687234072555], [-61.155968560493626, 46.18469622945684], [-61.15597804192198, 46.18471687599313], [-61.15598063863829, 46.18472253404267], [-61.155997249827685, 46.18474580668874], [-61.15600663252005, 46.18475894542995], [-61.15600672415637, 46.18479494786457], [-61.15601967514549, 46.184795156836515], [-61.156096587357645, 46.18485849947922], [-61.15611179549749, 46.18487607031927], [-61.15613527428051, 46.18490322485121], [-61.15616036551944, 46.18496663135492], [-61.156199131374194, 46.18504735893229], [-61.15620340183688, 46.18505334098845], [-61.15622512524753, 46.18508377926771], [-61.15626410030464, 46.18511950900437], [-61.15628940079305, 46.18513791766115], [-61.15628849832276, 46.185164903816684], [-61.156314823210494, 46.18519142920901], [-61.156371679401964, 46.18526478037046], [-61.1563918411366, 46.18529077430616], [-61.15640508125137, 46.18530907837722], [-61.15644385977491, 46.185362706354], [-61.15644355867366, 46.185371710735005], [-61.15645079999287, 46.18538185381559], [-61.156469552856564, 46.18540813101753], [-61.15649524628037, 46.18545354668018], [-61.1566108477035, 46.1855616142363], [-61.15668807536399, 46.185615961321446], [-61.1566947127552, 46.1856236285798], [-61.156726763285626, 46.185660686502594], [-61.15684205190082, 46.185777749012075], [-61.15698455188783, 46.18589524124496], [-61.15704230969034, 46.185947096035996], [-61.15712545605433, 46.186021725800686], [-61.15724202427497, 46.186139708556105], [-61.15726705494737, 46.18616621285472], [-61.1572781918034, 46.18617030753434], [-61.15729265691776, 46.18617562590972], [-61.15731908737277, 46.18619863367476], [-61.15734427114588, 46.18622055930428], [-61.157420251121074, 46.18630026643619], [-61.15747323334144, 46.186355842106806], [-61.15762838663013, 46.186482546764154], [-61.157732589989635, 46.18654405119174], [-61.15779612875267, 46.18658155340746], [-61.157944826901364, 46.186646690961], [-61.15800302637876, 46.18667219068621], [-61.1580515733303, 46.18669144164579], [-61.15820892977214, 46.18675382032912], [-61.15840317804691, 46.18683524378136], [-61.15851986471066, 46.18687222500136], [-61.15859772706693, 46.1869076805121], [-61.15877780580719, 46.18702578497532], [-61.15891900473114, 46.187143262800575], [-61.158929393160015, 46.187151152360336], [-61.1590618127585, 46.187251766134274], [-61.15909187120575, 46.18728142009816], [-61.159125793218465, 46.18731489838755], [-61.15916417096427, 46.187368617965355], [-61.15919101829288, 46.18740983948081], [-61.15924059627362, 46.187485952020246], [-61.15930525870613, 46.18756709562354], [-61.15930566575392, 46.1875941028828], [-61.15929130571457, 46.187674882697856], [-61.1592812121064, 46.18772607545777], [-61.159264782670945, 46.18780945000464], [-61.15925228868094, 46.18787315042401], [-61.15925216430688, 46.187899384102614], [-61.159252082010745, 46.18791814826472], [-61.15926308748092, 46.18794210414892], [-61.15926416269207, 46.187944443527726], [-61.15930311198095, 46.187981062814266], [-61.15930314430509, 46.18799173761217], [-61.15930321836241, 46.188017074463], [-61.15927640077269, 46.18804364321796], [-61.15927063062439, 46.188043748283505], [-61.15925046718431, 46.188044125527604], [-61.15923781578138, 46.188034921514905], [-61.1592339749124, 46.188029252503284], [-61.15922546475724, 46.188016722105374], [-61.15918820025205, 46.18799135322211], [-61.15918617242632, 46.18798998852386], [-61.159159981468385, 46.18799856687771], [-61.15914742371924, 46.1880253652986], [-61.159146522857064, 46.18805234248841], [-61.15915659102286, 46.18808030638864], [-61.159159567968565, 46.18808856255432], [-61.159147010197366, 46.188115360974464], [-61.15914382504318, 46.18811954877775], [-61.1591334573242, 46.18813315213047], [-61.1591205055285, 46.18813294349973], [-61.159056017215484, 46.18812379547368], [-61.159043035382, 46.18812448637365], [-61.159029783481834, 46.18813326413165], [-61.159004286787734, 46.188159854100896], [-61.15898569989956, 46.18819218052394], [-61.15897813298982, 46.18820534296938], [-61.15897058858206, 46.188224427930464], [-61.158963979201054, 46.18824112489165], [-61.15895170906874, 46.1882589186899], [-61.15894872805147, 46.188265917849115], [-61.158925010571906, 46.188321490213866], [-61.158873153066224, 46.18843855783343], [-61.15884380651488, 46.1885121209613], [-61.15883355292487, 46.18853782243811], [-61.15882871445206, 46.18854262261264], [-61.15880674780294, 46.18856439128207], [-61.158754244811625, 46.188636753287554], [-61.158715733573885, 46.188689828197035], [-61.158637670876374, 46.18881547371997], [-61.15863723931797, 46.188816366789744], [-61.15861122921959, 46.18886994909483], [-61.158558913603336, 46.1889231075305], [-61.15855896824501, 46.188943583940095], [-61.15855900682988, 46.18895910996299], [-61.158597261813554, 46.18897772683183], [-61.15861428171501, 46.188986506289645], [-61.158649493586886, 46.189004669097564], [-61.158674496156735, 46.18903207264371], [-61.15868878620438, 46.18905158138456], [-61.15870052352824, 46.189067592904955], [-61.15870002855293, 46.18912159532413], [-61.15866137177252, 46.189193757359234], [-61.15863421004202, 46.18922943764985], [-61.15863048512787, 46.18923503877801], [-61.15856871796827, 46.189328275963796], [-61.158508757029594, 46.18941088594528], [-61.15850349995765, 46.18941812742343], [-61.15847726764856, 46.1894628318842], [-61.158451847829376, 46.189490196984345], [-61.15845172875679, 46.18951625973688], [-61.15845164045898, 46.18953519480168], [-61.15845859589227, 46.1895566374314], [-61.158463390519955, 46.18957138506993], [-61.15848473277977, 46.18960478682848], [-61.158515114650235, 46.1896523296037], [-61.15855298585637, 46.189760033592144], [-61.1585473878529, 46.18976816960159], [-61.15854072789112, 46.18977783653885]]}, "properties": {"OBJECTID": 181775, "FEAT_CODE": "WARV20", "FEAT_DESC": "Double Line River - Water to the right line", "RIVNAME_1": "Southwest Margaree River", "RIVNAME_2": " ", "ZVALUE": 57.4, "FID": null, "SHAPE_Length": 728.5375634815329}}, {"type": "Feature", "id": 181776, "geometry": {"type": "LineString", "coordinates": [[-61.15853110917396, 46.191190717720254], [-61.15855770841094, 46.19120914677971], [-61.15856340391649, 46.19121710475258], [-61.15857008994682, 46.191226446720385], [-61.15853099498473, 46.19127171794426], [-61.158504789401626, 46.191280295909834], [-61.158465045544105, 46.19130231806295], [-61.15844008980297, 46.19131615428698], [-61.15842153107287, 46.19132975158067], [-61.15841484884348, 46.19133464802817], [-61.158401688836506, 46.19137943710766], [-61.15839986425051, 46.19155041205684], [-61.158412846898116, 46.19154972124243], [-61.15841324052519, 46.19157672827215], [-61.15839894128107, 46.19169440084448], [-61.15839748890888, 46.19200938543691], [-61.15840339061533, 46.19203483418296], [-61.158422408334765, 46.19211688971445], [-61.15847264884176, 46.192175588761586], [-61.158499739933774, 46.19220723809145], [-61.15855137361281, 46.19225217120289], [-61.158566792597014, 46.1922611858727], [-61.15862891291593, 46.19229752169794], [-61.15867363764859, 46.192321165896715], [-61.15867985252383, 46.1923244431117], [-61.15870459056649, 46.19232916179907], [-61.1587313631327, 46.192334273269665], [-61.15873405985896, 46.1923323006672], [-61.158744646460406, 46.19232458703411], [-61.15877085250946, 46.19231600902183], [-61.15877115300307, 46.19230701363542], [-61.15876396007233, 46.19230042658428], [-61.15873217135503, 46.192271284697036], [-61.15868056755938, 46.19222545212638], [-61.158655533535516, 46.192198948113166], [-61.158655466047996, 46.19217226134991], [-61.15865544060612, 46.1921629367038], [-61.158668693553295, 46.192154159010386], [-61.15869464203058, 46.19215367707063], [-61.15873257284175, 46.192181288886836], [-61.15878482062384, 46.19220823133111], [-61.158914201158055, 46.19225351681936], [-61.15897839409748, 46.19227165138275], [-61.15908177588214, 46.19228051694118], [-61.15917217488776, 46.19229007330617], [-61.15920773522748, 46.192302526398116], [-61.15925031559836, 46.192317432610416], [-61.15935374821037, 46.192363199674205], [-61.159409700229915, 46.19238867145353], [-61.15943163172228, 46.19239865491608], [-61.15949010390214, 46.19244025065055], [-61.15954682893043, 46.1924806121873], [-61.159585197580306, 46.19253433142838], [-61.15959220520977, 46.1925390973974], [-61.15962449328109, 46.192561064903444], [-61.15974008568322, 46.192670020021914], [-61.15983809427772, 46.19274319499466], [-61.15993354941058, 46.19281444772131], [-61.16000965072337, 46.192867991326295], [-61.1600107903598, 46.192868792694625], [-61.160127915287624, 46.19293187993252], [-61.16017955067734, 46.19297682132797], [-61.1601989794584, 46.19299656559748], [-61.16026855727695, 46.193067347443815], [-61.16030465083417, 46.19311471165323], [-61.16038525817511, 46.19322042985079], [-61.160423624026464, 46.19327504877981], [-61.16042633099294, 46.19328131150937], [-61.160474140811935, 46.193391964840124], [-61.160513218798336, 46.19346369562903], [-61.1605321268937, 46.19353826983416], [-61.16053840017958, 46.193563103427614], [-61.16054975379465, 46.19368928932928], [-61.1605514305437, 46.19369263740082], [-61.16057647937928, 46.19374282082155], [-61.160665363408455, 46.19391435566856], [-61.16070428291784, 46.193996290089885], [-61.16075497293898, 46.19410300254429], [-61.16083189997081, 46.194283345040475], [-61.16087064883334, 46.19436497064582], [-61.16089566867525, 46.194508476849265], [-61.160894262772196, 46.19458944724166], [-61.160869802137505, 46.194658328328025], [-61.16086851476552, 46.19466195270128], [-61.16086583392699, 46.1946661666649], [-61.1608288487955, 46.19472431592421], [-61.16079607809274, 46.1947734607703], [-61.160751082397034, 46.19484095832125], [-61.160711686343994, 46.194895225644764], [-61.160711385839654, 46.19490423003229], [-61.160703864489, 46.19492028238381], [-61.1606988407165, 46.19493101079836], [-61.16065923851852, 46.19503028490329], [-61.1605416969945, 46.19517329664961], [-61.160488746529666, 46.195245346172136], [-61.160447251294265, 46.195279005102705], [-61.16041147159183, 46.19530800390227], [-61.160306607972444, 46.195460219698106], [-61.160297703759134, 46.19547110163323], [-61.16024040308664, 46.195541055958955], [-61.160201306609295, 46.1955863187013], [-61.160083745302515, 46.19573023867076], [-61.160045373006696, 46.195792622440884], [-61.159991989607555, 46.19584111117517], [-61.1599665140436, 46.19586425458581], [-61.15990558773321, 46.195923215094695], [-61.15983659888207, 46.19598996594491], [-61.15976223968689, 46.19605529824433], [-61.15969372944835, 46.19611546855151], [-61.15966826507835, 46.19614176215293], [-61.15964137772793, 46.19616952687048], [-61.15957585956642, 46.19621421990618], [-61.15954986439788, 46.19623195472198], [-61.15939394631218, 46.19632124592213], [-61.159384553216185, 46.196326188764935], [-61.15934249542885, 46.19634831794589], [-61.15922495041161, 46.196375225397574], [-61.15914689749576, 46.19638386840256], [-61.15899996406102, 46.196383418571514], [-61.158939547615226, 46.19638322831723], [-61.15886209569219, 46.19637388036552], [-61.158784944330804, 46.196355536981606], [-61.158732705933026, 46.196328585710916], [-61.15848828971314, 46.19615725240604], [-61.158436652525346, 46.196112319241735], [-61.158372362365235, 46.196058181933594], [-61.15830800945894, 46.19596714266468], [-61.1582840160836, 46.19595056460305], [-61.15828267336098, 46.195949633942], [-61.1582639386762, 46.195943238871955], [-61.15823013467426, 46.195931686822576], [-61.158152984151016, 46.19591334302294], [-61.15801014654687, 46.195921841147424], [-61.15798634143168, 46.19592173646507], [-61.157932381825184, 46.19592148774472], [-61.157931202770285, 46.195921864749906], [-61.15790617391958, 46.1959300655321], [-61.15789288955882, 46.19593975164925], [-61.15785627424171, 46.19600222600713], [-61.157840658964616, 46.1960289119672], [-61.15782656206658, 46.19608151604089], [-61.15781400476286, 46.19612838478759], [-61.15780132889235, 46.19623618312715], [-61.15778786639985, 46.19628996744976], [-61.15778735759428, 46.196343960581544], [-61.15777944987915, 46.19641884096237], [-61.15777407990897, 46.196469758657784], [-61.15778247038803, 46.19649558954493], [-61.15778583116185, 46.19650593997388], [-61.15781172761024, 46.1965175446919], [-61.157825416481906, 46.19652367849539], [-61.15783131625081, 46.19652515063011], [-61.15786397706885, 46.19653330028558], [-61.15786543578063, 46.19653425082154], [-61.15787666021339, 46.19654160492542], [-61.1578769494788, 46.19654264461359], [-61.15788940594198, 46.19658681148236], [-61.15788880457711, 46.19660480223275], [-61.15789509036477, 46.19662225598007], [-61.157901851009626, 46.19664101341306], [-61.157900417830206, 46.19683898618794], [-61.15786134025528, 46.19700108030182], [-61.15785475282391, 46.19702134161887], [-61.15775587623002, 46.19732447725291], [-61.15772825656927, 46.19741403422796], [-61.157689549602985, 46.19748631204257], [-61.15768093263879, 46.19750912369421], [-61.15766253120498, 46.197557878251345], [-61.15759791601477, 46.19762973836848], [-61.15747995064668, 46.1977466394503], [-61.157403932330254, 46.197816857573855], [-61.15740238093401, 46.19781829059622], [-61.15737587125922, 46.197835863615346], [-61.157341965421466, 46.197859500526796], [-61.157298902869094, 46.19788952394537], [-61.157206765283306, 46.197970840306034], [-61.15716798220189, 46.198006215809656], [-61.15708433007239, 46.198049660970696], [-61.15708297143183, 46.19805036807921], [-61.157063779650315, 46.19806033684415], [-61.15705693227626, 46.198065104541975], [-61.15701202516296, 46.198096403138074], [-61.15694641392149, 46.19815924659972], [-61.15692089879488, 46.19818582677143], [-61.15691589712243, 46.1981954753454], [-61.15690704177445, 46.1982126129537], [-61.15688152630275, 46.19823920211109], [-61.15679066997373, 46.19832053879676], [-61.15675129755743, 46.19837390509168], [-61.156750394896534, 46.198400891191476], [-61.156776394864224, 46.198437320414925], [-61.15677657822292, 46.19844191348416], [-61.15677708881853, 46.1984553230461], [-61.15677225071149, 46.19845853009439], [-61.15676383372938, 46.19846410947924], [-61.15665237969219, 46.198523801317634], [-61.15664637509034, 46.198527007545835], [-61.15661950834307, 46.19854981275637], [-61.15659434876396, 46.19857117846167], [-61.15656820104219, 46.198616657810135], [-61.156555558560655, 46.19863115123936], [-61.156490027037705, 46.19870629902048], [-61.15638597012282, 46.198795522636736], [-61.1563461484049, 46.1988227809057], [-61.156216921594584, 46.198965032614645], [-61.156215615965806, 46.198966478585994], [-61.156176844492194, 46.19900185393645], [-61.15613762926752, 46.199029184918736], [-61.15607333250653, 46.19907398564133], [-61.15601045671907, 46.19910846800406], [-61.155942616093924, 46.19914567828853], [-61.15589088995046, 46.199180844505946], [-61.15586447782633, 46.19920553791892], [-61.155813286022955, 46.19925339403129], [-61.15575996319816, 46.19929753464187], [-61.1557355472673, 46.19931447504921], [-61.15561797907489, 46.19939604573866], [-61.15550619775556, 46.19947239057582], [-61.15548665909953, 46.199485728557896], [-61.155440747391985, 46.19952142042468], [-61.15527905876367, 46.1996470907269], [-61.155254587098256, 46.199664138133826], [-61.155227301911566, 46.19968314716801], [-61.155148732225506, 46.199745780408925], [-61.155111533232045, 46.199771703549686], [-61.15509697489405, 46.19978184578314], [-61.15496574382668, 46.1999075303066], [-61.15489099990699, 46.20001072611279], [-61.154888875383456, 46.200014174896474], [-61.15488825839193, 46.20001518195971], [-61.15488286329544, 46.20001875794397], [-61.15484849107956, 46.200041540559916], [-61.15482869843817, 46.20006283952055], [-61.154822943632425, 46.20006902875756], [-61.154705298446025, 46.20017603187295], [-61.15460146810955, 46.200257157312706], [-61.15456507381805, 46.200298897649695], [-61.154523301491224, 46.20034679727992], [-61.154481016624906, 46.2003999357444], [-61.154444820376234, 46.200445432331016], [-61.15442147781687, 46.20048563735002], [-61.15439254962505, 46.2005354903944], [-61.154365723424014, 46.200562057815425], [-61.15431367645436, 46.20060711837098], [-61.15427546243665, 46.2006253926605], [-61.15424896276065, 46.20064298311094], [-61.15424173639735, 46.20065246963168], [-61.15423541867505, 46.200660755797934], [-61.154248751936514, 46.200687971789925], [-61.15427405872589, 46.20070638094163], [-61.15428542031358, 46.20070616842596], [-61.15429999828613, 46.200705899851854], [-61.1543391637351, 46.20069753215801], [-61.15441686196966, 46.200660986036084], [-61.1545217348381, 46.200625778709096], [-61.15457258985235, 46.20061669067879], [-61.15461145393953, 46.200617318242074], [-61.15461184319695, 46.200627368769574], [-61.154612146588995, 46.20063533886046], [-61.15460947611787, 46.20063883282428], [-61.154598589365214, 46.20065312037846], [-61.15454683081059, 46.20068918547996], [-61.15453623114438, 46.20069490045746], [-61.15448214789727, 46.20072413282645], [-61.154434770647, 46.2007404501517], [-61.154429696007035, 46.200742195245134], [-61.15442022970435, 46.20074890053798], [-61.15439119328798, 46.20076947412769], [-61.15436887101332, 46.20079159617546], [-61.15436437992361, 46.20079604175488], [-61.154312319771186, 46.20084110209554], [-61.154260862172194, 46.20086817171076], [-61.15423558162833, 46.20088534983681], [-61.15415607880656, 46.200939381109215], [-61.15414086407813, 46.2009536257168], [-61.15411727447021, 46.20097565524378], [-61.15408536847626, 46.20099753243891], [-61.154078801568026, 46.201002034480375], [-61.15405265057184, 46.20104751318671], [-61.15401357486432, 46.20109188309698], [-61.15399013998069, 46.20111586814352], [-61.15398673102221, 46.20111935016389], [-61.15398526379783, 46.20112097350349], [-61.15392210678152, 46.20119120802621], [-61.15389499160005, 46.20122677088268], [-61.15389478016854, 46.201271768547656], [-61.1538819152664, 46.20130756159488], [-61.15385669826633, 46.20132515467269], [-61.15376444696486, 46.20137046552532], [-61.153686476019175, 46.20141510698963], [-61.15368054894138, 46.201419466341136], [-61.153674515209396, 46.20142391397144]]}, "properties": {"OBJECTID": 181776, "FEAT_CODE": "WARV20", "FEAT_DESC": "Double Line River - Water to the right line", "RIVNAME_1": "Southwest Margaree River", "RIVNAME_2": " ", "ZVALUE": 9999, "FID": null, "SHAPE_Length": 1665.0805770953016}}, {"type": "Feature", "id": 181777, "geometry": {"type": "LineString", "coordinates": [[-61.15826450421467, 46.19044300250389], [-61.15826388393777, 46.19052827869134], [-61.15826378855366, 46.19054199350525], [-61.1582759449043, 46.19060520002569], [-61.15828846954989, 46.19069539516948], [-61.15830681153998, 46.190747235076586], [-61.15833938612972, 46.19083931936298], [-61.158356586446615, 46.190869090299465], [-61.15836511355568, 46.190883835085955], [-61.15835754771026, 46.19089423443194], [-61.158351529970474, 46.1909025166704], [-61.15835160123531, 46.19092908649724], [-61.15835172873097, 46.19097453071192], [-61.158357824889926, 46.19099570748914], [-61.15836449110677, 46.191018828501726], [-61.158377536644196, 46.19105503964642], [-61.15838251061831, 46.19106209497852], [-61.1584282675606, 46.191126958963906], [-61.158445572707045, 46.19113924412889], [-61.158480170671595, 46.191163796251736], [-61.158505886795986, 46.19117568592673], [-61.1585184571875, 46.191181513623796], [-61.158521683443645, 46.191183860668524], [-61.15853110917396, 46.191190717720254]]}, "properties": {"OBJECTID": 181777, "FEAT_CODE": "WARV20", "FEAT_DESC": "Double Line River - Water to the right line", "RIVNAME_1": "Southwest Margaree River", "RIVNAME_2": " ", "ZVALUE": 57.2, "FID": null, "SHAPE_Length": 89.05427115993824}}, {"type": "Feature", "id": 181778, "geometry": {"type": "LineString", "coordinates": [[-61.15854072789112, 46.18977783653885], [-61.15851389195772, 46.18980530483647], [-61.15850052404423, 46.189812109611296], [-61.15846247688786, 46.189831477038446], [-61.158410037024034, 46.18984953249504], [-61.15840678229372, 46.18985191910939], [-61.15838480969371, 46.18986802645264], [-61.15831892633788, 46.1899389755933], [-61.15824163980168, 46.19000252273744], [-61.15821513422493, 46.19002009603401], [-61.15821434782988, 46.190021136387365], [-61.15820158086761, 46.19003787806702], [-61.15819579054192, 46.19005758525661], [-61.1581884210302, 46.19008266713365], [-61.158175354124026, 46.19016345862], [-61.158174877232724, 46.190200225877604], [-61.15817454537057, 46.190226447201816], [-61.15817977008299, 46.1902449998796], [-61.158187290043614, 46.19027165375505], [-61.158226332585265, 46.19034429382028], [-61.158243532994874, 46.190374055777674], [-61.15825206000093, 46.19038880057221], [-61.15825175944273, 46.19039779595903], [-61.15826411065147, 46.19041599546974], [-61.15826450421467, 46.19044300250389]]}, "properties": {"OBJECTID": 181778, "FEAT_CODE": "WARV20", "FEAT_DESC": "Double Line River - Water to the right line", "RIVNAME_1": "Southwest Margaree River", "RIVNAME_2": " ", "ZVALUE": 9999, "FID": null, "SHAPE_Length": 86.07174085952165}}, {"type": "Feature", "id": 191174, "geometry": {"type": "LineString", "coordinates": [[-61.1638330606852, 46.18925425146056], [-61.1638132165127, 46.189253590613525], [-61.16378330130596, 46.189252596943284], [-61.163766579255714, 46.1892523552621], [-61.16375174851079, 46.18925213496723], [-61.16372084182951, 46.189258730545156], [-61.163700246105954, 46.189263124732655], [-61.16366490423533, 46.1892740951441], [-61.16366312327203, 46.18927465154172], [-61.16365180939868, 46.18927583777934], [-61.16362205663127, 46.18927891478148], [-61.16360593007129, 46.189278691645875], [-61.16358953151746, 46.189278464137274], [-61.16353122716241, 46.18928084830666], [-61.163472065946024, 46.18928911382774], [-61.16346633735267, 46.189289912791004], [-61.16343590223381, 46.18930141199565], [-61.163419261173914, 46.18931001879233], [-61.163400760894255, 46.189319585732854], [-61.16337246471014, 46.18933689744328], [-61.163359037487226, 46.18934511486948], [-61.163353828234214, 46.18934627318252], [-61.16333425866455, 46.189350593793264], [-61.16331012579779, 46.18934796488481], [-61.16330551598098, 46.18934746778678], [-61.16328146284957, 46.18933700095249], [-61.16324794677972, 46.18933323119976], [-61.16321837147562, 46.189338759011854], [-61.16318414457748, 46.189353599293746], [-61.163172947500264, 46.18936372459057], [-61.16315674020431, 46.189378368475566], [-61.163150350652, 46.1893990023088], [-61.16314986419717, 46.18943421239376], [-61.16316008745232, 46.189481312915724], [-61.163158708671375, 46.189484188829056], [-61.16314057673449, 46.18952197737133], [-61.16313105819446, 46.18954278591634], [-61.163119220526234, 46.18956863331471], [-61.16311037002021, 46.18957989435032], [-61.16310135748985, 46.189591350785975], [-61.16309377561439, 46.189600319152156], [-61.16308723302018, 46.18960804419048], [-61.16307051892332, 46.18961106061887], [-61.16306433912577, 46.18961217631777], [-61.16302606719551, 46.18961112012725], [-61.16301731482529, 46.189610880438195], [-61.16296675488487, 46.18960951870512], [-61.1628834824368, 46.18960476901705], [-61.16277425391719, 46.189592212804804], [-61.162703411935254, 46.18958738381312], [-61.162655050535705, 46.18958771333019], [-61.162637435053746, 46.189587835129515], [-61.16257062080941, 46.18959824520038], [-61.16255316973294, 46.18960198772284], [-61.16251625734694, 46.189609908450166], [-61.162470427212796, 46.189615552723325], [-61.16242637785777, 46.18961326040756], [-61.16241394581854, 46.18961261049661], [-61.16234887827381, 46.18961105121602], [-61.16226757679923, 46.18961093189002], [-61.16220711819122, 46.189616115814594], [-61.16217490030386, 46.189618882790775], [-61.16208901125157, 46.189632756923224], [-61.16206030933855, 46.18963928850701], [-61.162031790249, 46.189645778022744], [-61.161976487941715, 46.18965877595111], [-61.1619201651442, 46.18966778833757], [-61.16190172009931, 46.18966791468144], [-61.16188476575451, 46.189668028997914], [-61.161852174434706, 46.1896629506757], [-61.161788898782945, 46.18965273467472], [-61.16157420348004, 46.18962363946234], [-61.16149570796326, 46.18962020763953], [-61.16141346504445, 46.18962344764669], [-61.16134096004872, 46.18963856256758], [-61.16125712175505, 46.18966437637455], [-61.16122586330104, 46.189672954668694], [-61.16118279379615, 46.189684799001355], [-61.1611044929957, 46.189697282451164], [-61.16101637756052, 46.18969125644296], [-61.1610012273346, 46.189687790566914], [-61.160920383489014, 46.18966929017405], [-61.160847429995385, 46.18965356277264], [-61.16081289598555, 46.189646121829846], [-61.16077632729544, 46.189638684131836], [-61.160705430114476, 46.1896242497657], [-61.16067483663685, 46.18962221833877], [-61.16063264488848, 46.189619406214504], [-61.16056575382738, 46.189627833825725], [-61.16053382741729, 46.189640892294804], [-61.16050296572697, 46.18965349988085], [-61.160440211385804, 46.18968786066812], [-61.16041939465615, 46.18969925288654], [-61.16040534513682, 46.18971484013817], [-61.16037603384576, 46.189747390158004], [-61.16035360592826, 46.189786090130276], [-61.16035094343942, 46.189788207326366], [-61.16032333155673, 46.18981021841741], [-61.16025536501081, 46.18982523470361], [-61.16024890263265, 46.18982666070923], [-61.16023588506959, 46.18982646914727], [-61.16018766192264, 46.189825755818624], [-61.16016776824279, 46.18982540854951], [-61.160132137939954, 46.189824798927546], [-61.16007574809944, 46.18982221702789], [-61.160030641472375, 46.18982014977251], [-61.159979213551914, 46.189814893642726], [-61.15992792781584, 46.18980964877935], [-61.15985258932831, 46.189801703542216], [-61.159827291656995, 46.18979902814185], [-61.15980453799832, 46.1897989497659], [-61.159759340633244, 46.18979882499216], [-61.159746897753806, 46.1898012166945], [-61.1597307120677, 46.18980431314505], [-61.15971502050004, 46.18981473473803], [-61.15970036262249, 46.18982447095653], [-61.1596920769924, 46.189847126116284], [-61.15967435365192, 46.18988114059191], [-61.15962789122919, 46.18991269420807], [-61.15962696655426, 46.18991321933114], [-61.159584217344495, 46.18993757854016], [-61.15953759703398, 46.189957168269885], [-61.159482284587035, 46.18997083084474], [-61.159445223219144, 46.18997426606554], [-61.159404859665315, 46.18997801709959], [-61.15935891326042, 46.189977034082], [-61.15933120345371, 46.189974796733836], [-61.159312914797816, 46.189973341137936], [-61.15930460611083, 46.18997339631801], [-61.15928228525027, 46.18997354981481], [-61.15918289239844, 46.189983514163515], [-61.15915766584519, 46.18998840895476], [-61.15913326098608, 46.18999314597198], [-61.15909539470107, 46.189992743015395], [-61.159056660617445, 46.189992326067056], [-61.15896652597111, 46.18997962378028], [-61.15892798121975, 46.18995995834417], [-61.15889503677264, 46.189930923874385], [-61.158867826173186, 46.189907921922625], [-61.1588388768661, 46.18988343391499], [-61.158804102894614, 46.189861066115576], [-61.158723088648955, 46.18981509271604], [-61.158648139690136, 46.18979432763051], [-61.15857053659911, 46.18978241195806], [-61.15854072789112, 46.18977783653885]]}, "properties": {"OBJECTID": 191174, "FEAT_CODE": "WARV50", "FEAT_DESC": "River - Single Line", "RIVNAME_1": " ", "RIVNAME_2": " ", "ZVALUE": 9999, "FID": null, "SHAPE_Length": 467.3212877083879}}, {"type": "Feature", "id": 192400, "geometry": {"type": "LineString", "coordinates": [[-61.145432241878225, 46.189324656419494], [-61.14549703202062, 46.18932480780076], [-61.14560162883708, 46.18929771335387], [-61.145809458767474, 46.189244375069656], [-61.14604320454985, 46.18919147483809], [-61.146211283588, 46.18916448264973], [-61.146231991358455, 46.189162577496695], [-61.146302279638725, 46.18915606743121], [-61.146470646413555, 46.18915057208916], [-61.14656044705584, 46.18914764542027], [-61.146625526200445, 46.18913880961422], [-61.14666365074696, 46.189134594773876], [-61.14678162776624, 46.18912154059795], [-61.14700151338906, 46.189095405348105], [-61.147079557594786, 46.189086770503124], [-61.14722260818976, 46.18903328833985], [-61.147364768832745, 46.189005892251025], [-61.14739260170104, 46.189000583302125], [-61.14745608003211, 46.18898847198746], [-61.14759074599951, 46.188966984282644], [-61.14767628006275, 46.188953340300884], [-61.14780705953583, 46.188938368518436], [-61.14791042930485, 46.18892652546894], [-61.148026033352245, 46.18891850768297], [-61.148130313376626, 46.18890039702175], [-61.148156640996824, 46.18890054463785], [-61.148298761417806, 46.1889013264701], [-61.14834121740421, 46.18889662323784], [-61.14837679222009, 46.1888926905218], [-61.148596978382365, 46.18885755683602], [-61.148675052244364, 46.188848021358126], [-61.14884249379363, 46.188839942465314], [-61.14897237543662, 46.18883123696941], [-61.149007628065355, 46.18883496703838], [-61.14906276680258, 46.18884080122714], [-61.149193339268116, 46.188850116138326], [-61.149221155773034, 46.188849918612235], [-61.14923223809695, 46.18884984608301], [-61.14924283110552, 46.18884813658591], [-61.149283026577635, 46.18884166835004], [-61.14949181312908, 46.18876044713227], [-61.14984170400577, 46.18864460907121], [-61.14985465585397, 46.18864481875494], [-61.149867607702305, 46.18864502843721], [-61.14994563792786, 46.18863639140805], [-61.15006259271077, 46.1886274844042], [-61.15015258140563, 46.18861004057733], [-61.150269510201944, 46.188601132941], [-61.15032269097493, 46.188594640509926], [-61.150412644462094, 46.18858364907669], [-61.150567825094036, 46.188593360686525], [-61.150634837997686, 46.188593284118674], [-61.150671500185005, 46.188593238385494], [-61.15074640946556, 46.18859380254664], [-61.15077514510253, 46.188594015525595], [-61.15078109508089, 46.18859473282042], [-61.15085258459176, 46.18860336878736], [-61.15094369785208, 46.18863004368324], [-61.151059389263075, 46.18865802517942], [-61.15110515635437, 46.18866354475491], [-61.1511368291978, 46.188667369255164], [-61.151152927479615, 46.18866726968586], [-61.15117571495671, 46.18866709832664], [-61.15128028198044, 46.18863999819917], [-61.15133683169363, 46.18862733163283], [-61.15139650191193, 46.18861396849614], [-61.151480003007926, 46.18859945985998], [-61.15150078037482, 46.18859585383336], [-61.15160402203645, 46.18856962389504], [-61.15170831327433, 46.188551510149445], [-61.15172126553588, 46.188549001557384], [-61.15179831431545, 46.188534065226115], [-61.15192879771166, 46.18850737463206], [-61.152032744073665, 46.18849915527124], [-61.15204164392412, 46.188495762092494], [-61.15205768425452, 46.188489658302174], [-61.15210588767097, 46.188489762730406], [-61.15212247354977, 46.18848980591232], [-61.15220021467552, 46.188490162903186], [-61.15227886034154, 46.188463533762366], [-61.15229509132259, 46.18845676700383], [-61.15234325893342, 46.188436674226665], [-61.15239569934003, 46.18841862155969], [-61.15240655632559, 46.18841715004311], [-61.152460802992586, 46.188409773825704], [-61.15247819706926, 46.1884069679472], [-61.15251160358287, 46.18840159485326], [-61.15251747653864, 46.188399583741415], [-61.15256404390301, 46.1883835421076], [-61.15261768475451, 46.188377614060265], [-61.152642086343256, 46.18837490343425], [-61.15273311070823, 46.18836557452766], [-61.15276777763207, 46.18835159050739], [-61.1527974788281, 46.18833961426676], [-61.152835118520684, 46.18832934137234], [-61.152862870793356, 46.18832177072923], [-61.15292696753817, 46.18830390622024], [-61.15296544720784, 46.18829524890078], [-61.15300532415988, 46.188286272142115], [-61.15305577795518, 46.18827412721959], [-61.153082376837155, 46.18826771691349], [-61.15316103442541, 46.1882410963581], [-61.153355523760254, 46.18816051905133], [-61.15342058358412, 46.188152579085916], [-61.15351160746816, 46.188143249551395], [-61.1535509537566, 46.18813889014875], [-61.15358964943848, 46.18813461022323], [-61.153621878904474, 46.188127228735496], [-61.15366669749289, 46.188116954549244], [-61.15373614045623, 46.1880934428103], [-61.15374534194348, 46.188090324378905], [-61.15380973940457, 46.188063463997906], [-61.15387513072963, 46.188045619870486], [-61.153892593610486, 46.18804075383435], [-61.15393922684001, 46.188027754783164], [-61.15396426707943, 46.18802183210725], [-61.15397841339373, 46.18801848752504], [-61.15399810907368, 46.18801427855609], [-61.154017569812254, 46.18801011979017]]}, "properties": {"OBJECTID": 192400, "FEAT_CODE": "WARV50", "FEAT_DESC": "River - Single Line", "RIVNAME_1": " ", "RIVNAME_2": " ", "ZVALUE": 9999, "FID": null, "SHAPE_Length": 691.8345703791682}}, {"type": "Feature", "id": 192402, "geometry": {"type": "LineString", "coordinates": [[-61.14245248405976, 46.18953096829039], [-61.14245897293352, 46.18953569088238], [-61.1424651329375, 46.18954017412238], [-61.142607362513736, 46.189549686037026], [-61.14268483209144, 46.18955814530126], [-61.14270907671727, 46.18955435421761], [-61.142736943214004, 46.189549991974076], [-61.142802036636084, 46.1895411495778], [-61.142822002778544, 46.18953626291299], [-61.142839917572026, 46.189531873922455], [-61.1429058176835, 46.18949908595089], [-61.14298359261841, 46.18946039774354], [-61.14316542078174, 46.189371549831066], [-61.14316886661826, 46.18937004877822], [-61.14326931690466, 46.18932643666349], [-61.143346646801135, 46.18929979229283], [-61.14339555459433, 46.18929439469598], [-61.143424717696234, 46.18929116037821], [-61.14350276266459, 46.189282527989086], [-61.14351546284797, 46.18928251829761], [-61.1436064388685, 46.18928241211812], [-61.14368357503067, 46.18930076554813], [-61.143712993128084, 46.18930766056327], [-61.14376200644183, 46.18931913996432], [-61.143796303125086, 46.18932508817278], [-61.14386507693357, 46.18933701449012], [-61.14389962926139, 46.189341913792155], [-61.14392956417506, 46.18934616207598], [-61.14403351308978, 46.18933795003485], [-61.1440518999317, 46.189335701576205], [-61.1441766510063, 46.18932047404261], [-61.144213731717116, 46.18931532504487], [-61.14424044875427, 46.18931160978617], [-61.14443601731745, 46.18927608436222], [-61.14444685952172, 46.1892750633738], [-61.144525731839316, 46.189267640750536], [-61.14456041428409, 46.18926751983413], [-61.144616456085686, 46.18926731367304], [-61.144650165020806, 46.18927417010674], [-61.14470783974156, 46.18928589772203], [-61.144757362034724, 46.189291885815194], [-61.14478527904197, 46.189295255093825], [-61.14482366842667, 46.18929550028311], [-61.144875960113836, 46.18929582713273], [-61.144966394651156, 46.1893044953092], [-61.145030906658846, 46.18931060059565], [-61.145069737967596, 46.189314272964594], [-61.1451368685258, 46.18931419253116], [-61.14517341427205, 46.18931415567268], [-61.145355793515954, 46.18932204774393], [-61.14540633792737, 46.18932423604377], [-61.145432241878225, 46.189324656419494]]}, "properties": {"OBJECTID": 192402, "FEAT_CODE": "WARV50", "FEAT_DESC": "River - Single Line", "RIVNAME_1": " ", "RIVNAME_2": " ", "ZVALUE": 9999, "FID": null, "SHAPE_Length": 241.36863008300912}}, {"type": "Feature", "id": 192403, "geometry": {"type": "LineString", "coordinates": [[-61.143777721021934, 46.19285468656456], [-61.14377802427027, 46.19284568225979], [-61.14380354309288, 46.19281910505711], [-61.14382699246443, 46.19280356451952], [-61.143830054535144, 46.19280153520078], [-61.14384295286716, 46.19277911811715], [-61.14385622272432, 46.19275605904969], [-61.14386486544091, 46.19275033127295], [-61.14388272116644, 46.192738488969866], [-61.14395999790424, 46.19267584240812], [-61.143982950098, 46.19264927748175], [-61.14399910571301, 46.19263057637445], [-61.1440238069658, 46.19262249931795], [-61.144025314099224, 46.192622001781004], [-61.14403111715569, 46.19261439182747], [-61.144038872639804, 46.192604221515204], [-61.14406511129704, 46.192594747381186], [-61.14409032727466, 46.19257715642568], [-61.14412913202049, 46.19254088565578], [-61.144189076549154, 46.192458354968565], [-61.144194377065006, 46.19245104285371], [-61.144207922555196, 46.192433262355564], [-61.144242254061936, 46.19239781892967], [-61.14426028553292, 46.19237921124755], [-61.14428241092931, 46.1923540998719], [-61.14429936259469, 46.192334844633336], [-61.14431192855991, 46.19230804798637], [-61.1443174540179, 46.192285970139565], [-61.144325403062496, 46.19225426539819], [-61.14432582385941, 46.192210972120435], [-61.1443259248942, 46.19220027248652], [-61.144352382268444, 46.19214580068306], [-61.14435247597811, 46.192127234728204], [-61.14435260122577, 46.19210080308347], [-61.144353425867685, 46.192037814856185], [-61.14435336076132, 46.19201126311722], [-61.14435325808871, 46.19196581028264], [-61.14435390699817, 46.191898418087455], [-61.14435430167185, 46.191857824452455], [-61.14435445982566, 46.191824256157425], [-61.144354739867794, 46.191767820253204], [-61.14434239270709, 46.19174962830266], [-61.144355261348515, 46.19171383633184], [-61.14436442357078, 46.191677273158454], [-61.14436873564568, 46.191660053730416], [-61.144368947822315, 46.19163758359717], [-61.144369257108394, 46.1916060698078], [-61.1443817392492, 46.191543261861916], [-61.14438955400001, 46.191512076945436], [-61.144395213170924, 46.19148948825015], [-61.14439612166117, 46.19146250230577], [-61.14439568378634, 46.19145857109482], [-61.14439512954698, 46.19145347696451], [-61.14441616823892, 46.191406738357884], [-61.144435750217944, 46.19136323417871], [-61.1444488375558, 46.191282444585674], [-61.144461403193006, 46.191255647912904], [-61.14448813248271, 46.1911930802766], [-61.14449360487635, 46.191187201974195], [-61.14451368076138, 46.19116559436455], [-61.14451398356886, 46.191156599048654], [-61.144522618385, 46.19112722748249], [-61.14452715475387, 46.19111181173521], [-61.1445403256136, 46.1910670334149], [-61.144541537123885, 46.191031043154766], [-61.14455492670877, 46.19094126722053], [-61.14455490276934, 46.19093350863133], [-61.14455475892819, 46.190869253634915], [-61.14455497768283, 46.19082425602282], [-61.14455583067819, 46.19076965645912], [-61.14455610482545, 46.190752272460195], [-61.14455662637124, 46.19069827953037], [-61.14456910775864, 46.19063548054358], [-61.14456906633137, 46.19062092649413], [-61.144569023399455, 46.190599487241904], [-61.14457044065209, 46.190518499153306], [-61.14458296520782, 46.190454800840826], [-61.144583873573396, 46.190427814888686], [-61.1445961361516, 46.19041001351085], [-61.14460969394377, 46.19039223315987], [-61.14461784439015, 46.190389566412016], [-61.14463590116409, 46.19038365840582], [-61.14466387333746, 46.190363844007265], [-61.14467440119459, 46.19035638272688], [-61.14470151669267, 46.19032082200309], [-61.14471347644253, 46.190312015929635], [-61.14474062216909, 46.19027555566373], [-61.14476133199909, 46.190252041249835], [-61.14477968405017, 46.190231197626645], [-61.14478917658001, 46.19021676234769], [-61.1447919900502, 46.19021248790868], [-61.14483205757092, 46.19017713741202], [-61.144863514433965, 46.19014773128186], [-61.14487086009751, 46.19014086634312], [-61.144904969536846, 46.19009463682272], [-61.14491023776274, 46.19008750415285], [-61.14497516284706, 46.190006655915354], [-61.145014570583804, 46.18995239415296], [-61.14505303985234, 46.189926017869226], [-61.14507988275969, 46.18989854383956], [-61.14510509685732, 46.18988096162421], [-61.14511227613448, 46.18986710078732], [-61.145118957046776, 46.18985418588584], [-61.14512565466774, 46.18984038923222], [-61.14514541244468, 46.18979971384891], [-61.145152917711236, 46.189774238998034], [-61.145158582760324, 46.189754926440024], [-61.14515819598024, 46.18975140107083], [-61.14515759024045, 46.189745910096725], [-61.145171484262896, 46.18971080968396], [-61.145171753053496, 46.18971013902897], [-61.14517230419207, 46.18970877993857], [-61.14519718553295, 46.18964755016569], [-61.14522664668355, 46.18960696025252], [-61.14523659278574, 46.18959328831636], [-61.14531425071499, 46.18955764770476], [-61.14534106274074, 46.18953108213502], [-61.1453666098038, 46.18950359600675], [-61.14536751775573, 46.18947661003812], [-61.14536782040608, 46.18946761471522], [-61.14536727629288, 46.189453358513674], [-61.14536713050592, 46.18944960304994], [-61.14536953014873, 46.189446455909966], [-61.14538068780634, 46.18943182259737], [-61.14540689445086, 46.18942324765649], [-61.14540590219722, 46.189414222319], [-61.14541366952236, 46.18941407836266], [-61.145431836151616, 46.18941375215844], [-61.14543199239017, 46.18937829376949], [-61.145432241878225, 46.189324656419494]]}, "properties": {"OBJECTID": 192403, "FEAT_CODE": "WARV50", "FEAT_DESC": "River - Single Line", "RIVNAME_1": " ", "RIVNAME_2": " ", "ZVALUE": 9999, "FID": null, "SHAPE_Length": 431.98931064440046}}, {"type": "Feature", "id": 269076, "geometry": {"type": "LineString", "coordinates": [[-61.139144160935366, 46.182232852225425], [-61.13926077372743, 46.18223295996692], [-61.13948070313033, 46.18224283189576], [-61.139688011449934, 46.18224350670226], [-61.13988266003254, 46.18223497482582], [-61.140089955399944, 46.18223564869188], [-61.1403490822176, 46.18223626561298], [-61.14055606131287, 46.182245933732084], [-61.14058262181944, 46.182245996885264], [-61.14062084303665, 46.18224608775339], [-61.140768944008535, 46.18224691328287], [-61.140789270276514, 46.18224702796625], [-61.14102249664221, 46.18224722198267], [-61.14120416449633, 46.18223937672136], [-61.14135927349767, 46.18221219870577], [-61.141398124324546, 46.18221283056824], [-61.14148720832548, 46.1822131543329], [-61.14154063800713, 46.18221334822139], [-61.1415783713474, 46.18221330483159], [-61.141592469435274, 46.18221329108807], [-61.141605419712725, 46.18221350168394], [-61.1416421834325, 46.182227617892025], [-61.14174740944906, 46.18226801203182], [-61.14186440829835, 46.18229511512822], [-61.14192966102779, 46.18230128822928], [-61.14196773787546, 46.18230489539523], [-61.14202403157403, 46.18230469461045], [-61.142058450613376, 46.182304570176754], [-61.142174124362, 46.182332551436645], [-61.14235864916562, 46.18239682474745], [-61.14240721372231, 46.1824137426042], [-61.14244362816976, 46.18242477479223], [-61.14249828224464, 46.18244132357914], [-61.142601725452316, 46.18248620607431], [-61.142621291644446, 46.18249811639932], [-61.142794722412376, 46.182603654818905], [-61.14287375419242, 46.18265507953205], [-61.14296210561437, 46.18271256879454], [-61.143117105787354, 46.1828032898277], [-61.143119789250136, 46.18280479146972], [-61.14318198446538, 46.18283944494832], [-61.14323907274896, 46.18288646275587], [-61.143258891949415, 46.18290279620121], [-61.143336145764295, 46.18295625275961], [-61.14341075936239, 46.18299384394306], [-61.14342659661182, 46.18300183244354], [-61.143490139725564, 46.18302686838913], [-61.14363375971841, 46.183083490920346], [-61.143669022280186, 46.18309604304606], [-61.14371058442664, 46.18311083954554], [-61.14378643864069, 46.18313430225054], [-61.14382728324475, 46.18314693599427], [-61.144047011082996, 46.1832018060674], [-61.14414248926233, 46.18321200586731], [-61.14421614829311, 46.183219853215554], [-61.14426265635411, 46.183230922726786], [-61.144293276250224, 46.18323820612844], [-61.14431617023089, 46.183246354095054], [-61.1443700885621, 46.18326555410735], [-61.14452603965878, 46.18332928792608], [-61.144620343760224, 46.183366684999186], [-61.14473191000784, 46.18341094141406], [-61.14482267900974, 46.183447506908024], [-61.144898906250894, 46.183483017252584], [-61.144938773982865, 46.18350159290084], [-61.145042221208854, 46.18354647323825], [-61.14507730845204, 46.18356309919179], [-61.14515828604481, 46.183601467541926], [-61.14521020373429, 46.18363740213631], [-61.1453389605025, 46.18370069346548], [-61.145468381586824, 46.18378199591416], [-61.14550665903392, 46.183799708533165], [-61.145585385573945, 46.1838090952691], [-61.14559002446342, 46.183810250573075], [-61.14562393506991, 46.18381872104519], [-61.14566190974827, 46.18384543794175], [-61.145673564461504, 46.18385759737601], [-61.14568819858229, 46.18387286523547], [-61.14571039847139, 46.183911296474605], [-61.14571392557622, 46.18391738386714], [-61.145713562339, 46.18404338136464], [-61.14571235219127, 46.184079362697496], [-61.14568769819142, 46.18414664448385], [-61.14565956343932, 46.1842234100411], [-61.14559574973009, 46.18439820328827], [-61.145593908430556, 46.18440324954611], [-61.14555431789924, 46.1845016097675], [-61.145554239855926, 46.18451163477013], [-61.145553592772835, 46.18460060065681], [-61.14555353168611, 46.18471760280255], [-61.14556476494489, 46.184786213919864], [-61.14556535712522, 46.18478979662495], [-61.145581625804354, 46.18482389252328], [-61.14564282720093, 46.18495215802578], [-61.14574490429643, 46.185114927633514], [-61.145834969402024, 46.18524958350895], [-61.14589893192765, 46.18531273192322], [-61.145989184895875, 46.185403289543224], [-61.146053753068486, 46.18544843821406], [-61.1460764585093, 46.18546261292568], [-61.14616923553495, 46.18552051347561], [-61.14622116831496, 46.18555645684148], [-61.14632467547688, 46.185638237951935], [-61.14641523180886, 46.185719808910356], [-61.146491486975954, 46.18576424686459], [-61.14656900714072, 46.185809605307455], [-61.14660565198235, 46.18582582403318], [-61.146672429772956, 46.18585538376986], [-61.14686635460204, 46.185945830875475], [-61.146918892959455, 46.185963783262096], [-61.146970412681156, 46.1859727188684], [-61.147112634022385, 46.18598222505467], [-61.147137976113356, 46.18598582202062], [-61.14724160190405, 46.18600051643352], [-61.147272583228414, 46.18601136898508], [-61.14731972761959, 46.186027883703375], [-61.1474361327547, 46.18607297191498], [-61.147538866016525, 46.1861007379365], [-61.14777216484618, 46.18613782930213], [-61.14783063084738, 46.186147912130394], [-61.147979605269335, 46.186173583110204], [-61.1480570278864, 46.18618293800256], [-61.148206465660806, 46.186200992992724], [-61.14821189910665, 46.186201648050755], [-61.14832921176181, 46.18621974933927], [-61.14838246965352, 46.18622478836692], [-61.14843255000236, 46.18622952388073], [-61.148465449853425, 46.1862388231497], [-61.14849673235621, 46.18624766419447], [-61.148634555096, 46.18626431541155], [-61.148651603925344, 46.186266373651414], [-61.1487433163704, 46.18627505954887], [-61.14882014811917, 46.18630240482844], [-61.14889290509271, 46.1863330141415], [-61.1489492043706, 46.18635669666077], [-61.149184184165684, 46.18641750099184], [-61.149479775514976, 46.186493992711625], [-61.14949275705004, 46.186493302894036], [-61.14951984784908, 46.186498475687785], [-61.14954426047477, 46.18650313709725], [-61.14956648501141, 46.18650310994897], [-61.14959609604086, 46.18650307639349], [-61.149634980263905, 46.1865028059665], [-61.14967383429532, 46.18650343506123], [-61.14969976717488, 46.186502954915426], [-61.14980340812181, 46.186503732878315], [-61.14986849722404, 46.186494877385925], [-61.14994623547445, 46.1864952358682], [-61.14996059220493, 46.18649527027857], [-61.15001102208098, 46.186495393635866], [-61.150033384349896, 46.186490103487266], [-61.15005020815607, 46.186486127716144], [-61.15006162008175, 46.18648239734574], [-61.150076412692535, 46.186477551668325], [-61.15009551665847, 46.18646355053482], [-61.150101654118195, 46.18645905976271], [-61.15011460545499, 46.1864592694094], [-61.150167014474995, 46.18644211727733], [-61.15021915181878, 46.186433060937816], [-61.15028294534293, 46.186424193238935], [-61.150322459591884, 46.18641981966669], [-61.15036098530878, 46.18641555608467], [-61.150444079068244, 46.18640112351415], [-61.15046525987112, 46.18639744320281], [-61.15054329977425, 46.18638880592301], [-61.15063398921786, 46.18638937353163], [-61.15067782618, 46.18638940790401], [-61.1507505985386, 46.18638946047347], [-61.15083313680182, 46.186389653017784], [-61.15088018509212, 46.186389757275165], [-61.15095760856478, 46.18639911021368], [-61.150996505673454, 46.18639883953171], [-61.151060990800524, 46.18640798306358], [-61.151113828967134, 46.18641357204086], [-61.15115137861906, 46.186417545619015], [-61.151241766471145, 46.186427108103395], [-61.151280348996025, 46.18643583247324], [-61.15133316505868, 46.18644478708023], [-61.151423264311816, 46.186463344989846], [-61.15143516405624, 46.18646631854988], [-61.15146181703169, 46.18647295983966], [-61.15147766859764, 46.18647285623462], [-61.15150070094235, 46.18647269777267], [-61.151535007061774, 46.186477563785104], [-61.15156519889762, 46.18648185022726], [-61.15157900402966, 46.186490992752944], [-61.15159862130969, 46.18650031928633], [-61.15165566304918, 46.18652740556737], [-61.1517199356668, 46.18658154647635], [-61.15175381819536, 46.18660523406849], [-61.15178450998384, 46.186626691990575], [-61.15179512098788, 46.186636412849104], [-61.151823470224365, 46.18666242299662], [-61.15183927146722, 46.18667889696434], [-61.151849776419574, 46.18668984913509], [-61.15188775611446, 46.18671656402426], [-61.15195319343809, 46.18674409193369], [-61.152016816481776, 46.18677085154809], [-61.152081213833775, 46.18681587792795], [-61.15217247204021, 46.18684357122453], [-61.152211896060855, 46.18686663726186], [-61.15224999848948, 46.186888925897414], [-61.152300248852704, 46.186910267899194], [-61.1523138814368, 46.1869160594573], [-61.15231766534841, 46.18691683165398], [-61.15240526400453, 46.18693463733797], [-61.15246654398676, 46.186946644333], [-61.15249538163503, 46.18695229467236], [-61.15253423604584, 46.18695292279959], [-61.15257251770562, 46.18697064210427], [-61.15263798484719, 46.18698879185497], [-61.15266550272785, 46.18700443808036], [-61.152701579328294, 46.187024929770814], [-61.152724227571966, 46.1870370141749], [-61.15275377617343, 46.1870527742062], [-61.1527927502966, 46.18708850510242], [-61.1528078721986, 46.18710283489781], [-61.15283042931872, 46.18712421505183], [-61.152864034173454, 46.187155827031546], [-61.15286937340126, 46.187160845459445], [-61.152907744881915, 46.18721456704746], [-61.15295932628211, 46.18726040191266], [-61.15297271191308, 46.18728671893879], [-61.15299801225214, 46.187305128316154], [-61.153050239649616, 46.187332073084455], [-61.1530881902347, 46.18735968712356], [-61.15310918387025, 46.187373976768505], [-61.15312746615172, 46.187386422544726], [-61.15317838558019, 46.187413346116095], [-61.15320194083166, 46.187435498345316], [-61.15321734304758, 46.187449976619135], [-61.15324793234396, 46.187485355852196], [-61.15325601640638, 46.18749470272966], [-61.1532949610304, 46.18753133299808], [-61.153346887459534, 46.18756727300148], [-61.15335271531093, 46.1875727943149], [-61.15338456716401, 46.18760298277553], [-61.153408251415634, 46.187630960198156], [-61.15342321063208, 46.187648608368605], [-61.15346228680838, 46.187684412682785], [-61.153501431804024, 46.187711973879715], [-61.15352097758714, 46.18771881486], [-61.15355266596472, 46.187729902132205], [-61.153584631724634, 46.18774470197411], [-61.15359094849436, 46.1877476211063], [-61.153595061994245, 46.18774861459118], [-61.153630797371775, 46.187757265162276], [-61.153656611998606, 46.18777542169402], [-61.153668778667694, 46.187783979478525], [-61.15372100684905, 46.18781092394973], [-61.153785494120385, 46.18782006597322], [-61.15382374666363, 46.18783868440794], [-61.153876276219414, 46.187856633441314], [-61.153927209402966, 46.187883556898015], [-61.153966443327704, 46.187911182372396], [-61.153977993472395, 46.18793350952438], [-61.154017569812254, 46.18801011979017]]}, "properties": {"OBJECTID": 269076, "FEAT_CODE": "WARV50", "FEAT_DESC": "River - Single Line", "RIVNAME_1": "MacKays Brook", "RIVNAME_2": " ", "ZVALUE": 9999, "FID": null, "SHAPE_Length": 1474.1966160632212}}, {"type": "Feature", "id": 269077, "geometry": {"type": "LineString", "coordinates": [[-61.154017569812254, 46.18801011979017], [-61.15403052154193, 46.1880103289986], [-61.154061020457355, 46.188010119621424], [-61.15406940685338, 46.188010057078145], [-61.154108262043934, 46.18801068468141], [-61.15412239961167, 46.18800876197719], [-61.15417335201611, 46.18800183575059], [-61.15421399213129, 46.188001790129015], [-61.15422518905146, 46.188001772967795], [-61.15427603209611, 46.18799269387299], [-61.154354073748834, 46.18798405401754], [-61.15445804894312, 46.18797493289248], [-61.154575246848346, 46.18795792498403], [-61.15460391740103, 46.18795349182791], [-61.15469117962431, 46.18793999650374], [-61.15474331771295, 46.18793093811216], [-61.154748455638476, 46.18793191209553], [-61.15479482348296, 46.18794076998031], [-61.15482906637596, 46.18794562497951], [-61.154859311102356, 46.18794991140249], [-61.15490601228565, 46.187949585384395], [-61.15493708164926, 46.187949366982856], [-61.15501450807775, 46.187958717212915], [-61.155053319958434, 46.1879641229201], [-61.155080303882784, 46.18796787962987], [-61.15511883421889, 46.18797705186794], [-61.155157442278544, 46.18798622534765], [-61.155211586638785, 46.18799195051422], [-61.15524783348749, 46.18799578470919], [-61.155286731747196, 46.1879955125833], [-61.15531596849088, 46.18798926134026], [-61.15532586206104, 46.187987143978745], [-61.155404217512555, 46.1879695082365], [-61.1555419728516, 46.18790548091458], [-61.155559546004824, 46.18789731331733], [-61.15557036395692, 46.18789584087011], [-61.15562463563507, 46.18788846355417], [-61.15566349077399, 46.187889090627586], [-61.155729747805964, 46.18788950288571], [-61.155754182863745, 46.187889654209755], [-61.1558575555412, 46.18789853155712], [-61.1559352962366, 46.18789887699936], [-61.156039271353386, 46.187889745433665], [-61.15606024710236, 46.187889876876156], [-61.156129963156395, 46.18789031771301], [-61.156246287926734, 46.187899394682994], [-61.15629604291588, 46.1879053995287], [-61.156323727486495, 46.18790874423719], [-61.15636228151371, 46.18791837544978], [-61.15638944093121, 46.187932385948365], [-61.156414511475916, 46.187945309715346], [-61.15642557181354, 46.187949376241484], [-61.15644011411182, 46.187954722968705], [-61.15645905905185, 46.18795900668632], [-61.15647869857553, 46.187963445609164], [-61.15651788468308, 46.187954177473], [-61.15656999243001, 46.18794601778189], [-61.15660594111033, 46.1879351313529], [-61.15666032192703, 46.18791867406888], [-61.15669917710987, 46.18791930079061], [-61.15675101410005, 46.187919236860736], [-61.15681550205286, 46.18792837718335], [-61.15685435724593, 46.18792900385243], [-61.156867338752306, 46.18792832219621], [-61.15693312221113, 46.18793747434611], [-61.156973571597305, 46.187942356795034], [-61.15701056195504, 46.18794682343729], [-61.15706179752162, 46.18796475013585], [-61.15707474926284, 46.18796495899924], [-61.1570764902504, 46.187965599090695], [-61.15710035202508, 46.18797437210643], [-61.15710663958404, 46.18797894661583], [-61.1571130030502, 46.187983576350355], [-61.15712490258521, 46.187987350333515], [-61.15713993107406, 46.187992110796216], [-61.15716582161888, 46.18799252829515], [-61.15720472018765, 46.187992246520764], [-61.15724288135381, 46.18797487039818], [-61.157269386229956, 46.187957297311144], [-61.15729562046957, 46.18794782006493], [-61.15733376892576, 46.18793043470676], [-61.157351794652, 46.187924227182194], [-61.15738623318512, 46.18791238013409], [-61.15740522824637, 46.18790237213081], [-61.15743766404757, 46.187885308641505], [-61.15744592028571, 46.187879834610925], [-61.15745091613476, 46.18787653107068], [-61.15746435643369, 46.18786716251733], [-61.15747745126427, 46.18785804939931], [-61.1575415159846, 46.18784108180882], [-61.157593422509855, 46.18782691525052], [-61.15760690560066, 46.187823244518604], [-61.157632839388555, 46.187822753585245], [-61.15765874281276, 46.18782317118018], [-61.15769762801229, 46.18782289802276], [-61.15773588191935, 46.187841515167456], [-61.157752709688005, 46.18784904962625], [-61.15777546108555, 46.18785925363914], [-61.15777732230213, 46.18786056167535], [-61.157840041932566, 46.18790439581753], [-61.157861863837596, 46.18790984170669], [-61.15787859653808, 46.187914017527014], [-61.157922924511794, 46.187926540356386], [-61.157942783808075, 46.1879321616005], [-61.15800826689686, 46.18795030852342], [-61.15803965613471, 46.187966888870406], [-61.15805920254124, 46.18797722117377], [-61.15812369050073, 46.18798636975762], [-61.15815159113305, 46.18799294858907], [-61.15827926472533, 46.18802307793608], [-61.158336156879734, 46.188034228043215], [-61.15836938614917, 46.18804073068894], [-61.15843516971715, 46.188049890975], [-61.15846107325972, 46.188050308389705], [-61.15848668925927, 46.18805972139894], [-61.15852556167853, 46.188059447753496], [-61.158552371219216, 46.18805951073671], [-61.158590350598416, 46.188059591688976], [-61.15862122109542, 46.18806494022555], [-61.15864188727463, 46.18806852229556], [-61.158667790828964, 46.18806893966355], [-61.158680442142376, 46.188078143738004]]}, "properties": {"OBJECTID": 269077, "FEAT_CODE": "WARV50", "FEAT_DESC": "River - Single Line", "RIVNAME_1": "MacKays Brook", "RIVNAME_2": " ", "ZVALUE": 9999, "FID": null, "SHAPE_Length": 382.02125946548506}}, {"type": "Feature", "id": 279434, "geometry": {"type": "LineString", "coordinates": [[-61.158662331594634, 46.190948025839305], [-61.158662496772834, 46.191009419067235], [-61.15866251810761, 46.1910200306817], [-61.158636499441435, 46.19110060452545], [-61.15859710381535, 46.19115488015788], [-61.158557014193406, 46.191191135134936], [-61.15853110917396, 46.191190717720254]]}, "properties": {"OBJECTID": 279434, "FEAT_CODE": "WARV50", "FEAT_DESC": "River - Single Line", "RIVNAME_1": "Gillis Brook", "RIVNAME_2": " ", "ZVALUE": 9999, "FID": null, "SHAPE_Length": 31.01526964907377}}, {"type": "Feature", "id": 279665, "geometry": {"type": "LineString", "coordinates": [[-61.174110112962566, 46.19685071904993], [-61.17407071682326, 46.19678798811195], [-61.17404999586655, 46.19676206942706], [-61.17401969204711, 46.19672417134038], [-61.17396894859485, 46.196652258843606], [-61.17387861846129, 46.196561713342696], [-61.17383962393486, 46.196525989394964], [-61.17381361313242, 46.19648957288513], [-61.173748906064695, 46.19640843693687], [-61.173725644897445, 46.19637548442852], [-61.17369815029386, 46.19633652411856], [-61.17367751655987, 46.19631267680805], [-61.173659454147284, 46.196291804656894], [-61.17362019165006, 46.19626417654711], [-61.17359440438412, 46.19624605200317], [-61.1735821947608, 46.19623746867186], [-61.17357706988164, 46.196235676727014], [-61.17353094598447, 46.1962195492132], [-61.1734790569619, 46.19619865842664], [-61.17344013675907, 46.19618299701644], [-61.17340054648843, 46.196165263832974], [-61.17336257958989, 46.19613765634144], [-61.173336271124754, 46.19611023518175], [-61.17333033569719, 46.19609731499931], [-61.17332418201247, 46.196083941317], [-61.1733238647491, 46.196043462259105], [-61.173323691322196, 46.1960209319377], [-61.17332052668703, 46.19601122411942], [-61.173311917256044, 46.19598474286536], [-61.173298860784975, 46.19594853329369], [-61.173295697189964, 46.195946223671754], [-61.17328620521389, 46.195939330787255], [-61.173258092070526, 46.195913572803704], [-61.17324721120766, 46.19590361564126], [-61.173177471512645, 46.195854313695534], [-61.17315731049386, 46.195840068079384], [-61.173140864057636, 46.19582284876451], [-61.17307963849533, 46.19575872449369], [-61.1730538969261, 46.19571421191129], [-61.173054493323406, 46.195696221005335], [-61.17304115183829, 46.19566900706605], [-61.17301512900266, 46.195632590175904], [-61.1729511230283, 46.195569465410415], [-61.17292508342964, 46.19553394825307], [-61.17288681897554, 46.19551533606301], [-61.1727709690018, 46.19545228234533], [-61.17266710561754, 46.19537951992684], [-61.172576464232854, 46.19529887763879], [-61.17253116517642, 46.19526220640277], [-61.17248685060676, 46.195226333910725], [-61.172448863425366, 46.195195071695956], [-61.172409892160736, 46.195163001711684], [-61.172345291101244, 46.195117858525784], [-61.172343731823915, 46.1951168075641], [-61.17230599996543, 46.195091138521555], [-61.172190164504805, 46.195028084440665], [-61.17212465434288, 46.19499512188841], [-61.17209964353416, 46.194982535556676], [-61.17206038274818, 46.1949549069302], [-61.17204980596521, 46.19493188619403], [-61.17204829448545, 46.19492861293812], [-61.17202258395956, 46.1948832005903], [-61.172022183687325, 46.194856193523655], [-61.17202239573133, 46.19483260733492], [-61.17202267848843, 46.19480220010929], [-61.17203460255256, 46.19474122533037], [-61.17203671048613, 46.19473042278007], [-61.17201011793537, 46.194711996984815], [-61.17199746286156, 46.19470279434111], [-61.17199805958256, 46.19468480344256], [-61.17199635589935, 46.19468146410991], [-61.171984676062905, 46.19465848872438], [-61.17198557114909, 46.19463150237652], [-61.17199835059413, 46.19455880499269], [-61.17199878499406, 46.194529687223074], [-61.17199942524101, 46.19448772042901], [-61.17198565839073, 46.1944334988903], [-61.171973909990996, 46.19440790334136], [-61.17194820119197, 46.19435189773883], [-61.17192769852661, 46.19432726918006], [-61.17189584294833, 46.19428895868026], [-61.17182078659145, 46.194210149115605], [-61.17179314660604, 46.194181113250366], [-61.171767824120074, 46.1941626987139], [-61.17171077910255, 46.19414689975922], [-61.17170234189343, 46.19414455972669], [-61.171609445890915, 46.19410346356085], [-61.17159888273091, 46.19409879445121], [-61.171522595181955, 46.19405438184123], [-61.171470083927446, 46.19403553222665], [-61.17145959637427, 46.19403561643137], [-61.171431193969745, 46.19403581900247], [-61.171366397768125, 46.194035682243864], [-61.17128834982805, 46.19404433362284], [-61.17124946016356, 46.19404461134125], [-61.17122356657251, 46.19404419699035], [-61.17115905590245, 46.19403506446047], [-61.17113314936394, 46.19403464988188], [-61.171094856708955, 46.194016936655956], [-61.17109270301115, 46.19401544415357], [-61.17104291280916, 46.19398099550077], [-61.170991696522705, 46.193962184390536], [-61.17097801513315, 46.19394486500633], [-61.170959952597066, 46.19391467718545], [-61.17093994974439, 46.19388125422804], [-61.17092689529633, 46.193845044402984], [-61.17092147104664, 46.1938304132284], [-61.170913811011935, 46.19380973412098], [-61.17091437997607, 46.19376447210464], [-61.170914605385555, 46.19374674527255], [-61.17091659484797, 46.19374107997236], [-61.17092748721876, 46.193710050528814], [-61.17093143033857, 46.19370487550754], [-61.170941050408665, 46.193692267157275], [-61.17096707092785, 46.19366268585955], [-61.17098009427928, 46.19364789091784], [-61.1710190194822, 46.1936027927478], [-61.171044789758234, 46.193558879071404], [-61.17104528442976, 46.19355803196679], [-61.171045685742634, 46.193557264370064], [-61.17105913309162, 46.193531252926014], [-61.17105873328123, 46.19350424585702], [-61.17105908253652, 46.193465991495955], [-61.17105922897354, 46.19345025244839], [-61.17105504163002, 46.19344169822473], [-61.1710458763361, 46.19342302908577], [-61.17100781091184, 46.19335942732415], [-61.17095677587932, 46.19329650899949], [-61.17089146666857, 46.19323336219241], [-61.170876269266515, 46.193222678695555], [-61.17085347317447, 46.19320665344662], [-61.17083453725984, 46.19318014171505], [-61.17082746586587, 46.19317023628911], [-61.17080625140042, 46.193140529004246], [-61.1708014585911, 46.19313381912597], [-61.17079269692682, 46.19312368863856], [-61.17076276699471, 46.193089098727334], [-61.170711122426965, 46.19304417098176], [-61.17063416902902, 46.192980837638814], [-61.17054063133156, 46.19293729125994], [-61.170518028358664, 46.19292677717191], [-61.17045112448836, 46.19288632114704], [-61.17033761934026, 46.19281768632256], [-61.17024768386302, 46.19275504489508], [-61.1701561845194, 46.19270047855837], [-61.170040343573774, 46.192637422176105], [-61.16994984125156, 46.19259187186252], [-61.1699245327623, 46.19257346613543], [-61.16989412937811, 46.19256916316863], [-61.16986003699707, 46.192564333105935], [-61.16980715724311, 46.19255195698077], [-61.169781591751104, 46.19254597641697], [-61.16970773981088, 46.19253447940793], [-61.16966555326392, 46.19252791761473], [-61.169636508870155, 46.19252288932596], [-61.169562467755725, 46.192510066159926], [-61.169478581302556, 46.19249829127877], [-61.169432181238555, 46.19249177891209], [-61.16932913870982, 46.192473027912335], [-61.16922474488191, 46.19245516419478], [-61.169147296799856, 46.19244581426887], [-61.169139153786766, 46.19244282174259], [-61.16912168984349, 46.19243640380693], [-61.169081873239584, 46.19241312134592], [-61.16904415444856, 46.19239106051037], [-61.169018803523, 46.19237355392417], [-61.168990806396664, 46.1923405155472], [-61.168980143789405, 46.19232793340172], [-61.16895840607649, 46.19230114245796], [-61.168929099065956, 46.19226501400138], [-61.16891452170219, 46.19223529569776], [-61.168902395864514, 46.192210584796506], [-61.16887695811119, 46.192157075883436], [-61.168864503089324, 46.192102874963105], [-61.168854274461665, 46.19208854471485], [-61.168838497607496, 46.19206645737331], [-61.168838796456015, 46.19205746193575], [-61.16882671033408, 46.19203116762225], [-61.16880412267831, 46.1919995389076], [-61.168800704909884, 46.19199475002428], [-61.16878964995696, 46.19198461863521], [-61.1687617168693, 46.19195902441283], [-61.16875704569037, 46.19195646550033], [-61.16871080241778, 46.19193120788049], [-61.168600559335474, 46.19186319960068], [-61.168593968373095, 46.191859133879404], [-61.16859108090355, 46.19185710755711], [-61.16849138262891, 46.19178728810399], [-61.168439684345124, 46.19170545752825], [-61.16843361859879, 46.19168909690518], [-61.16842658917638, 46.191670146772324], [-61.16842667516938, 46.19165078866289], [-61.16842678846454, 46.19162514883267], [-61.16842689220764, 46.19155650576554], [-61.16842688812626, 46.19154414838864], [-61.168441365220666, 46.19149847925102], [-61.16843305171266, 46.19147605245128], [-61.16842829600124, 46.19146316890994], [-61.16841847560985, 46.19144943017835], [-61.16840227814698, 46.19142675101812], [-61.16835063705256, 46.191381822244686], [-61.16826103500341, 46.191309284326884], [-61.16824253272919, 46.19130097756524], [-61.16822144990756, 46.19129154941094], [-61.16818158359235, 46.19126823883287], [-61.16814390390126, 46.19124620532199], [-61.16805273541446, 46.191197807740544], [-61.16804075183062, 46.19119145048711], [-61.16802389869579, 46.191182657112726], [-61.167937570067544, 46.1911375951051], [-61.167919670254335, 46.19112286278614], [-61.16786062250929, 46.19107425996061], [-61.167821847152894, 46.191046988645056], [-61.16778337611752, 46.191019920200155], [-61.16774827466081, 46.19100181599109], [-61.16773113787143, 46.19099298202444], [-61.167723147665356, 46.19098423170029], [-61.16770612987803, 46.19096558038924], [-61.167640541049884, 46.19091142743665], [-61.16763962611205, 46.19091088175343], [-61.167550312701636, 46.19085777939078], [-61.16752500580863, 46.190839373150524], [-61.16746081156357, 46.19082124336731], [-61.16743490658858, 46.190820827972765], [-61.167343781354234, 46.19079416606509], [-61.16730042471931, 46.190778800407905], [-61.16724001978935, 46.190757401183525], [-61.16711134556509, 46.19073013690522], [-61.16704475768748, 46.190711509486135], [-61.16698166241137, 46.19069385607071], [-61.16686463272108, 46.19066677828463], [-61.16682457239229, 46.19065595643434], [-61.16676189340345, 46.19063903859323], [-61.16671032733252, 46.19063010128732], [-61.16661994277259, 46.190620543016266], [-61.166489674435596, 46.19060226169133], [-61.16633447173695, 46.19059257137511], [-61.16621813931943, 46.190583504570675], [-61.16586831922279, 46.190582597908744], [-61.16581643468601, 46.19058245821154], [-61.165712456121824, 46.19059158962329], [-61.165596140811935, 46.19058162243686], [-61.16554551570608, 46.190572844612234], [-61.16549307330812, 46.19056376758633], [-61.16543357411902, 46.19054789008404], [-61.165389027015564, 46.19053599667801], [-61.165358927249855, 46.190524173183405], [-61.16529820239822, 46.19050034673235], [-61.16524333933743, 46.19048729762971], [-61.165221057223185, 46.19048199877069], [-61.16519469127734, 46.190474024274806], [-61.165129950660514, 46.19045443537002], [-61.16500129150765, 46.19042715995266], [-61.164897232480584, 46.19039939739085], [-61.164781499737046, 46.19037233829281], [-61.16470365839778, 46.19033598734295], [-61.16458792588752, 46.19030892805194], [-61.16449683289277, 46.19028136436262], [-61.164456424541555, 46.19026739501032], [-61.164393057258216, 46.19024549668493], [-61.16431455632723, 46.19021534503261], [-61.16426543505762, 46.190207733824316], [-61.16424078436105, 46.19020390876509], [-61.16418514306272, 46.19019167467282], [-61.16408562922226, 46.190185053920494], [-61.16396608414098, 46.190184546429045], [-61.1638723802622, 46.19018519201561], [-61.163688859463214, 46.19019039751312], [-61.163572289038655, 46.19019784860897], [-61.16340422878164, 46.190216271418905], [-61.16331580866515, 46.19022713572147], [-61.163232398539066, 46.190237378459614], [-61.16315309815253, 46.190245626139905], [-61.1630814960953, 46.190253079481586], [-61.1630262017381, 46.19026543902891], [-61.162890872952836, 46.19030223466198], [-61.16284198067844, 46.190315363051944], [-61.16281465125948, 46.19032269990867], [-61.16268483110403, 46.19034351844359], [-61.1626584088626, 46.19034657673807], [-61.16256258182426, 46.19035764538269], [-61.162487342845395, 46.19036028775583], [-61.1624210433192, 46.190362614808606], [-61.16222962404501, 46.190355936659316], [-61.16205741252471, 46.190355804259354], [-61.16195821405444, 46.19035332683124], [-61.16184685665151, 46.19035055474625], [-61.161695650891836, 46.190348905616], [-61.16166514812987, 46.19034608389411], [-61.16162859897977, 46.190342705888575], [-61.161499991795814, 46.19031432033164], [-61.16142685311675, 46.19028157988922], [-61.161340285731725, 46.19024892935637], [-61.161316622015924, 46.190242716483674], [-61.16126154857552, 46.19022824004508], [-61.16119571807588, 46.19022505679173], [-61.161140924494504, 46.19022239309991], [-61.161012756748526, 46.19022591087997], [-61.16097192722834, 46.19023546911835], [-61.16091929037096, 46.19024778940872], [-61.16084495563716, 46.19026955274017], [-61.160747404540885, 46.19027286091888], [-61.16069980077196, 46.19026600161781], [-61.16065921305365, 46.1902601552419], [-61.160582349853975, 46.190238073586606], [-61.16055199093898, 46.19022511962315], [-61.16048418159282, 46.19019619045042], [-61.16036482513171, 46.19014382289758], [-61.160351872854775, 46.19014361439942], [-61.160310414464355, 46.19012425353786], [-61.160274034848435, 46.190107260478726], [-61.16023987402602, 46.19009872734293], [-61.1602354782774, 46.190097639552036], [-61.16020924348785, 46.19010711746214], [-61.16018604291622, 46.190131296589264], [-61.16018373345995, 46.190133707472185], [-61.160105089037636, 46.19016034206772], [-61.16010077823728, 46.19016214471327], [-61.16004069205383, 46.19018720599648], [-61.16002117099245, 46.19019393888241], [-61.159963342717354, 46.19021386134548], [-61.15993680754541, 46.190232334586995], [-61.15992325468298, 46.19025011683106], [-61.15989804473917, 46.190267711378254], [-61.159897143873486, 46.19029469756421], [-61.15986737996196, 46.19032254204321], [-61.159858350667285, 46.19033098287552], [-61.159831845733606, 46.19034854755606], [-61.1598198883426, 46.190357355247606], [-61.15980690598905, 46.19035804622645], [-61.15978040072574, 46.19037561988994], [-61.15975449607161, 46.19037520275812], [-61.15966407004877, 46.19036654643531], [-61.15960430355907, 46.19036610598408], [-61.159560421425084, 46.19036577730695], [-61.15954811716713, 46.19037022327252], [-61.15953418639516, 46.190375255058015], [-61.159521234069906, 46.190375046464936], [-61.15948247089806, 46.19041042310892], [-61.159453285016326, 46.19044423494148], [-61.159443390227686, 46.19045569487946], [-61.15943174199495, 46.19047930388794], [-61.15941696560925, 46.19050927067817], [-61.1594054354341, 46.19055534615957], [-61.159403506258826, 46.190563055286646], [-61.159368404842304, 46.19059588079971], [-61.159364712838816, 46.19059933142571], [-61.159338207319266, 46.1906169049821], [-61.15932377449807, 46.190617176534225], [-61.159312272519465, 46.19061738728759], [-61.15928689297934, 46.19062569073032], [-61.15928606736671, 46.19062596543971], [-61.15923463478756, 46.190653037727394], [-61.1591440186552, 46.190688479058565], [-61.159138014274085, 46.19069636554363], [-61.15913046542318, 46.19070626120179], [-61.15910492455374, 46.19073375049555], [-61.15909146483836, 46.190787535059926], [-61.15909154542602, 46.19082353727736], [-61.15909094457426, 46.19084152805811], [-61.15907809862544, 46.19087732204748], [-61.159073937762855, 46.190882781162756], [-61.159064545324064, 46.19089510418131], [-61.1590001340291, 46.19092196729141], [-61.15896067164391, 46.19094023205598], [-61.15895547690799, 46.19094133640089], [-61.15892150087578, 46.190948601252245], [-61.15889656070572, 46.19095809971661], [-61.15887065579081, 46.190957682380485], [-61.15884475087646, 46.19095726503848], [-61.15877995854533, 46.190957121196675], [-61.15874007636681, 46.19094837843268], [-61.158662331594634, 46.190948025839305]]}, "properties": {"OBJECTID": 279665, "FEAT_CODE": "WARV50", "FEAT_DESC": "River - Single Line", "RIVNAME_1": "Gillis Brook", "RIVNAME_2": " ", "ZVALUE": 9999, "FID": null, "SHAPE_Length": 1679.1874925908298}}, {"type": "Feature", "id": 287844, "geometry": {"type": "LineString", "coordinates": [[-61.14274248155074, 46.18061555145792], [-61.142781444960505, 46.18065127664634], [-61.142815357941096, 46.18067499441749], [-61.14284600500499, 46.180696427042704], [-61.14286944432497, 46.1807241237037], [-61.142884634976134, 46.180742056049], [-61.14293654821362, 46.1807780006263], [-61.14301306644132, 46.18081434500199], [-61.143056557686116, 46.180829515103504], [-61.14332426723222, 46.18092290428771], [-61.143452313322165, 46.18096818574149], [-61.1435816546268, 46.18101348809129], [-61.1436283789249, 46.18102038526528], [-61.14371187466164, 46.181032694851616], [-61.14377665441862, 46.181032865053155], [-61.14380034697937, 46.18102803874232], [-61.14386667601037, 46.181014517680936], [-61.14394531474696, 46.18098789414332], [-61.14399645562234, 46.18096982421119], [-61.144061538690494, 46.180960980929925], [-61.14410038869558, 46.18096161186096], [-61.14411527460594, 46.18096166460212], [-61.14424289927412, 46.18096212609573], [-61.14437052394889, 46.18096258744679], [-61.14438540986085, 46.18096264015277], [-61.144541203426066, 46.18095346942575], [-61.14457250274191, 46.18095361759193], [-61.144618933716316, 46.18095383141518], [-61.144675005246995, 46.18094863958168], [-61.14470991668154, 46.18094540825857], [-61.144806392883574, 46.18094585844669], [-61.1448653772513, 46.18094613195474], [-61.14491655367587, 46.180946251686564], [-61.14493015753571, 46.18094628351017], [-61.14504605242869, 46.180928364200675], [-61.14520174385446, 46.180884089952734], [-61.145267142174944, 46.18086625085459], [-61.145332224938954, 46.18085740684452], [-61.14539631523934, 46.18083954644426], [-61.14540597942684, 46.18083459114055], [-61.14544905306385, 46.18081250153156], [-61.145464158652075, 46.18080756252498], [-61.14547524260913, 46.180803926291034], [-61.145501155509336, 46.18080434680195], [-61.14551413543563, 46.180803666411755], [-61.14554889535318, 46.18079183713784], [-61.14561766761809, 46.18076844543529], [-61.145653809019144, 46.1807559905286], [-61.14569502344806, 46.180741790875686], [-61.14572481295432, 46.180733661001646], [-61.14576040849751, 46.18072395127977], [-61.14592844816096, 46.18069697686559], [-61.146084440999005, 46.18064369705735], [-61.14608626311904, 46.18064306959893], [-61.146136875571564, 46.18062565615446], [-61.14626570207662, 46.18060884541067], [-61.146435062056156, 46.18058189166822], [-61.14656203003392, 46.1805505960492], [-61.1466166688673, 46.180537126800225], [-61.14664829475632, 46.18052793743786], [-61.146798546876695, 46.18048428381957], [-61.14696621018825, 46.18043030103491], [-61.1470833940554, 46.180413300583965], [-61.14713322262735, 46.18041341546964], [-61.147148173758865, 46.18041345087263], [-61.14730275646986, 46.18044025773594], [-61.14739442878255, 46.18044984411104], [-61.14742384256911, 46.180447485861585], [-61.147497065472315, 46.1804416076549], [-61.147572209062965, 46.180431395415184], [-61.14762722933708, 46.180423917030105], [-61.1476923112398, 46.18041507166162], [-61.147729940280755, 46.18041886765572], [-61.14787309650628, 46.180433293208424], [-61.148022515403596, 46.180414411156455], [-61.148081291681805, 46.180406975420745], [-61.14818492110285, 46.180407754680765], [-61.14826237885016, 46.1804162099971], [-61.14837963579123, 46.18042943222921], [-61.14843018391924, 46.18043512936033], [-61.14853631708328, 46.180450097255076], [-61.14862491211258, 46.18046258486741], [-61.14865211510161, 46.18046586964146], [-61.148702339812225, 46.180471939422965], [-61.1487298439668, 46.18048169123432], [-61.14880605639478, 46.180508720517366], [-61.14896072736012, 46.180571527550086], [-61.148998242784685, 46.18057176618835], [-61.14905140718074, 46.18057209627208], [-61.14916731302325, 46.180554172959276], [-61.149348900115754, 46.180510312454736], [-61.149388082009736, 46.18050104669095], [-61.14941396892511, 46.18050146589343], [-61.149505081134656, 46.18052814197169], [-61.149594855302915, 46.18055569633627], [-61.14968623936028, 46.18057427644968], [-61.14978958456172, 46.18058314987294], [-61.1498670126521, 46.18059250364457], [-61.150019971386335, 46.180592846812594], [-61.15006135286974, 46.18059294068035], [-61.15015233423854, 46.180584522163635], [-61.15021478010543, 46.180568117483034], [-61.150255604538856, 46.18055739296812], [-61.150292604322445, 46.18054480648445], [-61.15035915925772, 46.18052216806103], [-61.150428659557384, 46.18049863224256], [-61.150437781036, 46.18049554878136], [-61.150465534760976, 46.18048319060852], [-61.15061928335899, 46.1804147748761], [-61.15066634775153, 46.180387203731264], [-61.15071049103742, 46.18036134934554], [-61.15077518245143, 46.18032549516279], [-61.15081496731922, 46.180298238173904], [-61.15085312533416, 46.18028085511827], [-61.150944739838536, 46.18025353669761], [-61.15111589251401, 46.18023754932208], [-61.15112540681582, 46.180236659221144], [-61.15121673246902, 46.180218336155626], [-61.15127738502727, 46.18019742875981], [-61.151294058727885, 46.180191686327454], [-61.15131630991779, 46.18018576411155], [-61.151424793887934, 46.18015690014953], [-61.151436478924175, 46.18015618914017], [-61.15150214981708, 46.18012935963596], [-61.15153182667449, 46.180123008474574], [-61.15154131419621, 46.180120983874765], [-61.151556843051154, 46.18011731094349], [-61.15158049546625, 46.180111717348936], [-61.15167078420711, 46.18008527692698], [-61.151724265451115, 46.1800591321663], [-61.15176167587972, 46.180040845691664], [-61.151897362181984, 46.179977770269836], [-61.15191698632893, 46.17996865536663], [-61.15199562014335, 46.17994201720824], [-61.15204429492746, 46.17994213829465], [-61.15206039909117, 46.17994217369928], [-61.152069886563496, 46.179940149054765], [-61.15209955000628, 46.179933806529206], [-61.15220281817408, 46.17990667553834], [-61.152384374952724, 46.17986280971841], [-61.15247569959551, 46.17984448563003], [-61.15248480393806, 46.17984345378449], [-61.152552434938336, 46.17983582588995], [-61.152608863706945, 46.17982958290881], [-61.15270849551559, 46.17981854811994], [-61.15276002349423, 46.17982748126259], [-61.15276149554458, 46.17982801807117], [-61.15278562175365, 46.179836895281994], [-61.1528245909411, 46.17987262613453], [-61.15285838425873, 46.17991937061824], [-61.15287659967954, 46.17994456872101], [-61.15288141433389, 46.17995942494578], [-61.152888344213146, 46.17998075953533], [-61.15291433359054, 46.180017180586425], [-61.15292698211746, 46.18002638526836], [-61.15296563726627, 46.180071111242015], [-61.153004920989055, 46.180097846868755], [-61.15308274011969, 46.18013420551969], [-61.15319850517625, 46.180198178081675], [-61.15323678243306, 46.180215897116966], [-61.153327853043464, 46.18024346949729], [-61.15337605038477, 46.18025282555323], [-61.15346945881335, 46.180270949337455], [-61.153638590275655, 46.180288991454056], [-61.15378475266843, 46.18029609506328], [-61.153832628508674, 46.180298416540424], [-61.15400133849055, 46.18029035149788], [-61.15401516538574, 46.18028952181864], [-61.15414285423964, 46.18028182806525], [-61.15422156417783, 46.18029121758964], [-61.15425312192052, 46.180290989266815], [-61.15426045729549, 46.18029093673644], [-61.154292945967455, 46.18029657359781], [-61.15431198598636, 46.180299869188836], [-61.15431835946682, 46.18030145716478], [-61.154350547612, 46.18030949222165], [-61.15438911345985, 46.180318215285055], [-61.154450759801, 46.180336878334735], [-61.15448018484233, 46.18034578675757], [-61.15452459001013, 46.18035967121316], [-61.1545955902602, 46.18038185132974], [-61.154627799271864, 46.18038965263885], [-61.15463543403977, 46.180391494970486], [-61.15464655803234, 46.18039090057654], [-61.15464841408907, 46.18039080454408], [-61.154654954434314, 46.18039244019688], [-61.15468696289008, 46.18040042725593], [-61.154800031853, 46.18041803939128], [-61.15480298354541, 46.180418501061524], [-61.154842513731026, 46.18043713081167], [-61.15489244305889, 46.1804725699017], [-61.15489313935391, 46.18047305815677], [-61.15490578832019, 46.18048226262544], [-61.15490689118847, 46.180482991451065], [-61.15493241166329, 46.180499783932746], [-61.15497065930173, 46.1805184109317], [-61.154989990051554, 46.18052115308804], [-61.155035138308925, 46.18052755213704], [-61.15503743107309, 46.18052834517263], [-61.1551132603859, 46.1805549140452], [-61.15524319966328, 46.18058221234326], [-61.15526290092199, 46.18058666148055], [-61.155281791751094, 46.18059093552798], [-61.155308066682956, 46.18059099064769], [-61.155346571829085, 46.18059108117208], [-61.15538481997504, 46.180609699039756], [-61.155501299088584, 46.180690781249204], [-61.15554893684179, 46.18071340271586], [-61.155577838689815, 46.18072711754165], [-61.155630663021284, 46.18073607030866], [-61.155707778616765, 46.18075441532007], [-61.155723701323495, 46.18076027043778], [-61.15573339077544, 46.180763828900524], [-61.15573910860477, 46.18077107637013], [-61.15574706417506, 46.18078115002806], [-61.155785024680355, 46.18080876336356], [-61.15582705139498, 46.18083218518837], [-61.15584988368128, 46.18084491097402], [-61.155866906090516, 46.18085391590277], [-61.155900811483406, 46.18087183350033], [-61.15594017593345, 46.18093457039218], [-61.15595964659421, 46.180952894064745], [-61.15597053798989, 46.18096313208284], [-61.15597861490736, 46.18097074161534], [-61.155979017277055, 46.18097110811774], [-61.155979117869485, 46.18097119974334]]}, "properties": {"OBJECTID": 287844, "FEAT_CODE": "WARV55", "FEAT_DESC": "River - Single Line Indefinite", "RIVNAME_1": " ", "RIVNAME_2": " ", "ZVALUE": 9999, "FID": null, "SHAPE_Length": 1128.2809911194445}}, {"type": "Feature", "id": 287845, "geometry": {"type": "LineString", "coordinates": [[-61.16523039205892, 46.184633797120085], [-61.165231491831186, 46.18456181287776], [-61.165231184146876, 46.18452238689785], [-61.16523099714121, 46.18449880327322], [-61.16524444916389, 46.18444501781782], [-61.1652524801085, 46.184422133144956], [-61.16525733238854, 46.18440832368011], [-61.1652585297989, 46.18437234195343], [-61.16526972658542, 46.18434115588496], [-61.16527138306079, 46.18433654735647], [-61.16527902545234, 46.1843210546388], [-61.16529778593603, 46.18428296981277], [-61.16531046869248, 46.18424723547528], [-61.165323521981165, 46.184210490057886], [-61.16534508936435, 46.18417800343251], [-61.165376738098246, 46.18413032423953], [-61.1654028584229, 46.18408484234837], [-61.16541511257262, 46.18406704759248], [-61.16541531410111, 46.18402204963702], [-61.16540530035251, 46.18399120707102], [-61.16540356052483, 46.18398586000012], [-61.16537733554081, 46.18387833616143], [-61.165365582017316, 46.18384214652057], [-61.165358932017256, 46.18383521758236], [-61.16533929591967, 46.18381473281258], [-61.16529279130653, 46.1837609748151], [-61.165261921733105, 46.18372527928634], [-61.165248970928026, 46.18372507136512], [-61.16523969529915, 46.183716831232296], [-61.16519735645489, 46.18367924150261], [-61.16517489755712, 46.183648577114425], [-61.16517134023974, 46.18364372287296], [-61.165165243500674, 46.18363652379864], [-61.16513267638122, 46.1835981099077], [-61.165081956503094, 46.183526184662185], [-61.165043178548736, 46.18344545990117], [-61.165005126948586, 46.183381847243254], [-61.1649836378453, 46.18336215167872], [-61.164966147328336, 46.18334612041208], [-61.16492777949924, 46.18329240291265], [-61.16492688986225, 46.18329110159302], [-61.1649154146414, 46.18327420388373], [-61.164907573684346, 46.18325245040072], [-61.16490236617104, 46.1832380023976], [-61.16489236253629, 46.18321660119584], [-61.16487696614159, 46.18318359308968], [-61.164849425066066, 46.18313823063579], [-61.16483888526506, 46.18312087092686], [-61.16482808554474, 46.18309886291937], [-61.164812190284415, 46.183066440808574], [-61.164806995695564, 46.18305472008081], [-61.164800137577956, 46.18303925553969], [-61.16476076182172, 46.182976512555086], [-61.1647354294743, 46.182959005283344], [-61.16472103142787, 46.18293882952891], [-61.1647094308777, 46.18292258680261], [-61.16465780059859, 46.18287765645912], [-61.16463676148781, 46.18286741830619], [-61.16461954767575, 46.182859041632774], [-61.164529334681745, 46.18280540935907], [-61.16436102302886, 46.182723485854886], [-61.16433682947802, 46.18271459201514], [-61.16433542138799, 46.182714074384094], [-61.164322740365904, 46.18270577047475], [-61.164247455759885, 46.18267546338493], [-61.16423195945966, 46.18266921129801], [-61.16419763001583, 46.18265107336591], [-61.164181025841515, 46.18264229240812], [-61.16414147819159, 46.1826236566219], [-61.16409447814788, 46.18260741216736], [-61.16403771706121, 46.18258778879277], [-61.163974132635, 46.18255166632869], [-61.163947154431014, 46.182535347470605], [-61.163883951333176, 46.18249711602581], [-61.16382264644683, 46.18246297415334], [-61.16381905911281, 46.182460972462614], [-61.163808440168125, 46.182449893552565], [-61.1637927747322, 46.18243354941828], [-61.16376802944191, 46.18239804188051], [-61.163760590592915, 46.18237162365101], [-61.16375529444565, 46.182352845053096], [-61.16374224724025, 46.18231663444802], [-61.16374226575923, 46.18230557344949], [-61.16374235334877, 46.18223563398415], [-61.16373490188079, 46.18220920654925], [-61.1637295928058, 46.182190427741915], [-61.16370487326222, 46.182154929602845], [-61.16369152654859, 46.18212771441937], [-61.16369064960988, 46.18212642229409], [-61.16367917500322, 46.18210952446658], [-61.16359576981003, 46.182034013248064], [-61.163549621013836, 46.18199223056052], [-61.16348594101732, 46.181920105318156], [-61.16346024364291, 46.18187468214431], [-61.16344746609529, 46.181830384618735], [-61.16342176849279, 46.18178497043207], [-61.16338311654394, 46.181740248073055], [-61.16335709379914, 46.18170381988732], [-61.1633446456702, 46.18164963637718], [-61.16334468933227, 46.18163898979266], [-61.1633450522662, 46.181559631491396], [-61.16333689328206, 46.18152411141222], [-61.1633326047766, 46.18150542998846], [-61.16332042698398, 46.18144313260014], [-61.163310688648565, 46.18141612836548], [-61.16329433325814, 46.181370720288534], [-61.16326892297981, 46.18131630143895], [-61.163205650609456, 46.18115418015643], [-61.16320263776391, 46.18114893859178], [-61.16317993678999, 46.18110965667326], [-61.16316659027493, 46.181082450426736], [-61.16311556258537, 46.181019519568764], [-61.16309696123473, 46.18100225512055], [-61.1630376387984, 46.18094717411503], [-61.16301744528747, 46.18093569821792], [-61.162974056903714, 46.18091105112233], [-61.16294849549914, 46.1808887966365], [-61.162922429896454, 46.18086612002856], [-61.16280625600968, 46.1807751500435], [-61.16272899885228, 46.18072170660325], [-61.1625742451862, 46.18062201591056], [-61.162509655777676, 46.18057687621393], [-61.162475844280976, 46.180558026064446], [-61.16244479260388, 46.18054073232206], [-61.16240654204825, 46.18052211678276], [-61.162315436239794, 46.180495451107824], [-61.16230127929789, 46.18049024632115], [-61.16228983598518, 46.18048603919575], [-61.16223244432301, 46.18047997714147], [-61.16219945565703, 46.1804764855576], [-61.1620695956649, 46.180485197428325], [-61.16205967025186, 46.180485208805344], [-61.16196593552993, 46.18048533029803], [-61.16190145500258, 46.18047620198281], [-61.16186260494955, 46.180475577106314], [-61.16179782517629, 46.180475426162765], [-61.16178268216362, 46.18047570459976], [-61.16177189515464, 46.180475909098476], [-61.16174431275862, 46.18047076729725], [-61.16171909997541, 46.180466059617096], [-61.161710515748815, 46.18046043138429], [-61.16170641986299, 46.1804577554278], [-61.16169944228685, 46.180456014143154], [-61.16166786972416, 46.18044813506542]]}, "properties": {"OBJECTID": 287845, "FEAT_CODE": "WARV55", "FEAT_DESC": "River - Single Line Indefinite", "RIVNAME_1": " ", "RIVNAME_2": " ", "ZVALUE": 9999, "FID": null, "SHAPE_Length": 601.726248132834}}, {"type": "Feature", "id": 305100, "geometry": {"type": "LineString", "coordinates": [[-61.15847923350322, 46.18917473013274], [-61.158448630634204, 46.18919083342558], [-61.15842778896314, 46.189201801869345], [-61.158349030709395, 46.189309435513984], [-61.1583364722504, 46.1893362338296], [-61.158307367582694, 46.189369938681196], [-61.15829739143961, 46.1893815052136], [-61.15829679035896, 46.189399495990884], [-61.15830942895564, 46.18940869989926], [-61.15832895348391, 46.1894131096482], [-61.158348014745414, 46.189417421925924], [-61.15836621406882, 46.18941146004602], [-61.15837421975766, 46.18940883498545], [-61.15838123820559, 46.189403952957434], [-61.15840076768876, 46.18939037131027], [-61.15842626525739, 46.18936378149393], [-61.15844838057299, 46.189318569691], [-61.158479119333215, 46.18925573038284], [-61.158518169854055, 46.1892113584712], [-61.158523685343376, 46.189204139156644], [-61.15853174910349, 46.18919356781566], [-61.15852936688586, 46.18919039734912], [-61.158518089610844, 46.18917535624929], [-61.15851838981229, 46.189166369854576], [-61.15850390216859, 46.18916945749199], [-61.15847923350322, 46.18917473013274]]}, "properties": {"OBJECTID": 305100, "FEAT_CODE": "WARVIS10", "FEAT_DESC": "River Island - Island to the left line", "RIVNAME_1": "Southwest Margaree River", "RIVNAME_2": " ", "ZVALUE": 57.4, "FID": null, "SHAPE_Length": 69.77456363999671}}, {"type": "Feature", "id": 308243, "geometry": {"type": "LineString", "coordinates": [[-61.158662331594634, 46.190948025839305], [-61.15866263209162, 46.190939030451275], [-61.15863759864178, 46.190912526437266], [-61.158614483317216, 46.190885243303065], [-61.15859894859751, 46.190866902534324], [-61.158548263436636, 46.190813785507274], [-61.158521318128535, 46.19078554961739], [-61.15850619686272, 46.19076492043922], [-61.158495290096575, 46.19075002931516], [-61.15846989320217, 46.190695618693695], [-61.15845744873636, 46.19064141678282], [-61.158458562703856, 46.19063832965392], [-61.15847030797879, 46.1906056230757], [-61.15848397562177, 46.190506840781104], [-61.15848390386716, 46.19047873190536], [-61.158483882472765, 46.190470838358536], [-61.15847274343644, 46.19045863455772], [-61.15845887936832, 46.19044343476895], [-61.158437205674716, 46.190436236340766], [-61.158433245177775, 46.190434921488325], [-61.15840935326518, 46.19043477049122], [-61.15834254880758, 46.190434359970126], [-61.15826450421467, 46.19044300250389]]}, "properties": {"OBJECTID": 308243, "FEAT_CODE": "WARVSP50", "FEAT_DESC": "River Split - Single Line", "RIVNAME_1": " ", "RIVNAME_2": " ", "ZVALUE": 9999, "FID": null, "SHAPE_Length": 76.16854030200598}}]}