{"type": "FeatureCollection", "features": [{"type": "Feature", "id": 60730, "geometry": {"type": "LineString", "coordinates": [[-60.799902727540655, 46.12275980474346], [-60.799954624103506, 46.12272390241967], [-60.800000441843935, 46.12271128406835], [-60.800162013420234, 46.122703864624], [-60.80028241042532, 46.12270330256545], [-60.80033560572976, 46.12273034688731], [-60.800412816031695, 46.12276962604697], [-60.800430153636086, 46.122778897226766], [-60.800483561252925, 46.1228074396333], [-60.80055527381622, 46.12284599182957], [-60.80058874456829, 46.122886336932055], [-60.80061334425641, 46.12287283285708], [-60.80063280931755, 46.1228621550663], [-60.80061049165646, 46.12278225189797], [-60.80064112469922, 46.122773256156044], [-60.800663140003984, 46.12276679463814], [-60.80073474158284, 46.12284422632313], [-60.80076724167278, 46.122928465650816], [-60.800785321934185, 46.12299451660728], [-60.80081588301359, 46.12305918772357], [-60.800898072907266, 46.123137273128954], [-60.80094562429982, 46.12316824971211], [-60.80093096584139, 46.12320189909135], [-60.80087942620167, 46.12326102976243]]}, "properties": {"OBJECTID": 60730, "FEAT_CODE": "WALK20", "FEAT_DESC": "Lake - Water to the right line", "RIVNAME_1": " ", "RIVNAME_2": " ", "ZVALUE": 3.3, "FID": null, "SHAPE_Length": 143.00610223047087}}, {"type": "Feature", "id": 60731, "geometry": {"type": "LineString", "coordinates": [[-60.80087942620167, 46.12326102976243], [-60.80083767401162, 46.123301897977306], [-60.80079305932817, 46.12334964138717], [-60.80076254567242, 46.123403425465455], [-60.80075436096203, 46.123417839569285], [-60.80075355490354, 46.12342150521775], [-60.80074219645259, 46.12347304788829], [-60.80072935885833, 46.123535083554316], [-60.80067856843249, 46.12357798282994], [-60.800659857207975, 46.123593778366356], [-60.800643383655036, 46.12359465830767], [-60.80056569859394, 46.12359880610791], [-60.80052580915961, 46.12361855912346], [-60.80050641990666, 46.12365040729823], [-60.80049262573569, 46.12367534286861], [-60.80044769976827, 46.12375657064155], [-60.80043293869811, 46.12379213506451], [-60.80042565135704, 46.12380968955913], [-60.80034723796095, 46.12380448977345], [-60.800337607571606, 46.12380384534421], [-60.800258110281725, 46.12374265113518], [-60.80025332816255, 46.12373824787181], [-60.8001953186626, 46.123684829654245], [-60.800139108386034, 46.12365611614927], [-60.80007269810879, 46.12365634051654], [-60.800063390459094, 46.12365636830811], [-60.800000509247056, 46.12366190781917], [-60.79999523873757, 46.12366196834015], [-60.799968264292566, 46.12366228596745], [-60.799960074562385, 46.12364366844463], [-60.79996098788881, 46.12362073500805], [-60.79996166518241, 46.12361542881268], [-60.79996228576611, 46.12361057154536], [-60.79996437614613, 46.12359415906356], [-60.79996652255823, 46.123580564786266], [-60.79996766093022, 46.12357343138735], [-60.7999702417175, 46.12356290561067], [-60.79997366025416, 46.1235488948092], [-60.799974616875815, 46.12354502505618], [-60.79997504977522, 46.123530254732756], [-60.79997536428175, 46.12351975732025], [-60.799976143884365, 46.12350213154509], [-60.799976300083365, 46.12349853439218], [-60.79997676868013, 46.123487742933506], [-60.79997704907944, 46.12347452674291], [-60.799977534544624, 46.12345193608252], [-60.800000710495915, 46.12340073804432], [-60.80004376554312, 46.12336129928451], [-60.80006781732629, 46.123339135391554], [-60.80009113010959, 46.123314401150175], [-60.80011110426917, 46.12329322078198], [-60.800082481841606, 46.12325756810052], [-60.80006806110989, 46.12324297979292], [-60.80008619881185, 46.123217209864734], [-60.8001031841678, 46.123193073819586], [-60.800166657843285, 46.12314956396354], [-60.800247199199916, 46.123086671802525], [-60.80029239030998, 46.1230605406666], [-60.800377552277695, 46.123096471783775], [-60.800467204914334, 46.12313014918429], [-60.800516683673486, 46.123132541773046], [-60.800642540224885, 46.123115163679216], [-60.80061127753552, 46.12306811979861], [-60.80055297658428, 46.1230330839678], [-60.80052354804102, 46.12301539868083], [-60.80051290167519, 46.12297623098756], [-60.80049758184386, 46.122919854558674], [-60.80042939397387, 46.12288932653877], [-60.80040830952033, 46.122879884220666], [-60.80038533578205, 46.12285742694584], [-60.80033580027147, 46.12280900514953], [-60.800269358511336, 46.12278566597018], [-60.80025040241625, 46.12277900972297], [-60.80000081205716, 46.12279949514171], [-60.79995306513808, 46.1227958756206], [-60.79991422884574, 46.1227960188257], [-60.799902727540655, 46.12275980474346]]}, "properties": {"OBJECTID": 60731, "FEAT_CODE": "WALK20", "FEAT_DESC": "Lake - Water to the right line", "RIVNAME_1": " ", "RIVNAME_2": " ", "ZVALUE": 3.3, "FID": null, "SHAPE_Length": 306.14138438636826}}, {"type": "Feature", "id": 60732, "geometry": {"type": "LineString", "coordinates": [[-60.79700588315136, 46.12360582567462], [-60.797057282545666, 46.123614917092944], [-60.79712221772604, 46.12364227027217], [-60.79713443425666, 46.12366050661857], [-60.7971350103808, 46.12367851853049], [-60.79714379339389, 46.12391269831799], [-60.79715666249703, 46.124011950856975], [-60.797156948523245, 46.12401256839895], [-60.79718170774493, 46.124065536104496], [-60.79719414190347, 46.12411077784318], [-60.797193642175124, 46.12415577021496], [-60.797152511676146, 46.12424588126208], [-60.79712721994394, 46.124263394426784], [-60.79710099344289, 46.12427188916159]]}, "properties": {"OBJECTID": 60732, "FEAT_CODE": "WALK20", "FEAT_DESC": "Lake - Water to the right line", "RIVNAME_1": " ", "RIVNAME_2": " ", "ZVALUE": 4.5, "FID": null, "SHAPE_Length": 83.20547373613411}}, {"type": "Feature", "id": 60733, "geometry": {"type": "LineString", "coordinates": [[-60.79710099344289, 46.12427188916159], [-60.7970495804993, 46.12426279750346], [-60.797011101500615, 46.12425395521059], [-60.79699679877844, 46.124243886993185], [-60.7969204391143, 46.124190104286136], [-60.796893343358526, 46.12415840442046], [-60.796882114430744, 46.12414526331977], [-60.79683194196542, 46.124072292632874], [-60.796806551305465, 46.12402770104898], [-60.796794463235074, 46.12397346553923], [-60.79680805141481, 46.12389272395169], [-60.796821844316746, 46.12383897851438], [-60.796847875871094, 46.12380258783898], [-60.79684838880105, 46.12375759572049], [-60.796835919128284, 46.123713253296614], [-60.79683699515755, 46.12368627283993], [-60.796850106134315, 46.12364962401228], [-60.79688962482256, 46.123632385243006], [-60.796940819751704, 46.12361447156493], [-60.79700588315136, 46.12360582567462]]}, "properties": {"OBJECTID": 60733, "FEAT_CODE": "WALK20", "FEAT_DESC": "Lake - Water to the right line", "RIVNAME_1": " ", "RIVNAME_2": " ", "ZVALUE": 4.5, "FID": null, "SHAPE_Length": 93.42006725872591}}, {"type": "Feature", "id": 60734, "geometry": {"type": "LineString", "coordinates": [[-60.79713817587792, 46.130304942193334], [-60.79713927037844, 46.13028399237995], [-60.79714138295676, 46.13027581575233], [-60.797144931702945, 46.130262140573095], [-60.797155634214164, 46.130240475965024], [-60.79716837731363, 46.130219579730486], [-60.79718379068595, 46.13019664688605], [-60.79720175846654, 46.13017458232379], [-60.797223116157326, 46.13015483321313], [-60.79723467225494, 46.1301474686782], [-60.797259127134296, 46.13013185645115], [-60.79727204082487, 46.13012615615743], [-60.79730155715592, 46.130113143611155], [-60.79734713153566, 46.13009998161388], [-60.79736099289981, 46.13009681068957], [-60.79736241647677, 46.13009649611891], [-60.79736776442395, 46.130095483169875], [-60.797377938601855, 46.13009355521798], [-60.79739285006039, 46.13009294264469], [-60.797412354135176, 46.13010051895968], [-60.7974306426503, 46.13011293205035], [-60.79744926061, 46.13011968124128], [-60.797459804103994, 46.13011693236546], [-60.797466907594995, 46.130115071215805], [-60.797485022065814, 46.130105879998965], [-60.79749631501381, 46.13010219152556], [-60.79750325318805, 46.1300999311695], [-60.79753202935443, 46.13010255597915], [-60.797561135920986, 46.13011247746902], [-60.79758637508633, 46.13012556454333], [-60.79760410461142, 46.13013868686221], [-60.79761902448544, 46.130154095121284], [-60.797629891384, 46.130170505300256], [-60.79763064732022, 46.130179142248274], [-60.79763184811505, 46.130192854992664], [-60.79762779649862, 46.130216546931486], [-60.79763205730281, 46.13023143470943], [-60.7976335901887, 46.13023681949119], [-60.7976458726846, 46.130246947680014], [-60.79765570934119, 46.130252510524684], [-60.797661697216384, 46.13025590208878], [-60.797678678870426, 46.130261809665605], [-60.797704233463705, 46.13026374230627], [-60.79771538718702, 46.13026224722353], [-60.797731811997394, 46.130260043705476], [-60.797744237149786, 46.130256206023546], [-60.79775620382593, 46.13025250350944], [-60.79776794276311, 46.13024509744299], [-60.797772670385996, 46.130242110432675], [-60.797781651480115, 46.13023341815406], [-60.79778653885907, 46.13022869714658], [-60.797787966663606, 46.13022730260497], [-60.797800281558054, 46.13021519143061], [-60.797829134106, 46.130183436136235], [-60.79784604331727, 46.13016421319467], [-60.79785732474169, 46.13015139806496], [-60.79786141391173, 46.13014916377877], [-60.79789318984813, 46.13013174843723], [-60.7979273531475, 46.130128806729644], [-60.79796540474162, 46.130132240226565], [-60.79798922302353, 46.130137784498594], [-60.79800042053139, 46.13014038541068], [-60.79800251072747, 46.13014120872882], [-60.79802654709062, 46.13015069936818], [-60.79803563779721, 46.13015581578492], [-60.79805073004807, 46.1301643060073], [-60.798069246847106, 46.13018041355598], [-60.79807082492547, 46.130184341139156], [-60.79807596023889, 46.13019710366064], [-60.798079378847234, 46.13021526033425], [-60.79808357857917, 46.13022031848917], [-60.798087654336825, 46.130225239248766], [-60.798092857100016, 46.13022397145679], [-60.79810177186283, 46.13022181215993], [-60.7981193702607, 46.130212250881236], [-60.79812630550125, 46.13020941440567], [-60.79813766230673, 46.13020477305791], [-60.79816285723875, 46.1302027384918], [-60.7981724901433, 46.13020334714924], [-60.79818945740826, 46.1302044211618], [-60.798206377952134, 46.130205368265955], [-60.798216064750285, 46.130205923955934], [-60.79823260763267, 46.13020660276693], [-60.79824915410083, 46.1302071916407], [-60.79826435655854, 46.1302057745259], [-60.798272728272934, 46.13020229969392], [-60.79828566813758, 46.130196914803854], [-60.79830371739783, 46.130182861988565], [-60.79831806019098, 46.13016728868351], [-60.798321931966655, 46.130161090018795], [-60.79832870837862, 46.13015022211981], [-60.79833115505822, 46.13014340196732], [-60.798335407917655, 46.13013154039801], [-60.79833740142662, 46.13011985130063], [-60.79833861273826, 46.130112521321365], [-60.79833982512506, 46.13010516436161], [-60.79834050716393, 46.13009779718212], [-60.798338674132765, 46.13009182160052], [-60.798327441640026, 46.13008782498652], [-60.798310126258436, 46.13008704129914], [-60.798294418297154, 46.13008457850983], [-60.798289571632004, 46.13008178499547], [-60.79827875215792, 46.130075546237386], [-60.7982732394712, 46.13007030078132], [-60.79826589269907, 46.13006332790738], [-60.79826088291511, 46.13005650807269], [-60.79825631585737, 46.13005027279453], [-60.79824781271419, 46.130029768045404], [-60.798246590831916, 46.13001495685303], [-60.79824597791908, 46.13000760072101], [-60.7982524693132, 46.12998764593711], [-60.79826709221097, 46.1299747871542], [-60.7982836585756, 46.1299654579732], [-60.79828735284481, 46.12996338706935], [-60.79830545749592, 46.12995086538765], [-60.798317098089406, 46.12993812913669], [-60.79832695642114, 46.12992463850896], [-60.79832999141584, 46.129919296757194], [-60.798334892384055, 46.12991066081693], [-60.79833796549466, 46.12988552793459], [-60.798336932304565, 46.12985948788812], [-60.798342997409485, 46.12985055036604], [-60.798347110268, 46.12984447335093], [-60.79835324551883, 46.129844492571344], [-60.79836341943495, 46.12984451761198], [-60.79837982123297, 46.12984775879528], [-60.79838409819806, 46.12984860624358], [-60.7984046476119, 46.12985269237893], [-60.79842113661762, 46.12985472018363], [-60.798437629209566, 46.129856658051104], [-60.798453964129514, 46.12985930390911], [-60.798464364638114, 46.129861763413096], [-60.79847459594365, 46.129864570671145], [-60.79848282219661, 46.129866367251296], [-60.79848499104718, 46.12986684106084], [-60.79850200822513, 46.129868609019155], [-60.79850293920497, 46.12986863595806], [-60.79851932136129, 46.12986912262249], [-60.79853666395313, 46.12986954678681], [-60.798541717336086, 46.129869752160566], [-60.79856509642121, 46.12987072465087], [-60.798592291766276, 46.12987176166632], [-60.798593532475444, 46.12987181257303], [-60.798621817670714, 46.129873437605035], [-60.79863810534025, 46.129874021436216], [-60.79865438584107, 46.129874785134824], [-60.79866877296164, 46.12987758244189], [-60.79868558255674, 46.12988780674295], [-60.79869177600228, 46.129895135385674], [-60.79869819224756, 46.12990272033167], [-60.798702650671686, 46.129911032590066], [-60.79870662681447, 46.1299184535178], [-60.79871182756817, 46.12993412439881], [-60.79871324483441, 46.12995053242016]]}, "properties": {"OBJECTID": 60734, "FEAT_CODE": "WALK20", "FEAT_DESC": "Lake - Water to the right line", "RIVNAME_1": " ", "RIVNAME_2": " ", "ZVALUE": 7.1, "FID": null, "SHAPE_Length": 210.30029703008864}}, {"type": "Feature", "id": 60735, "geometry": {"type": "LineString", "coordinates": [[-60.79871324483441, 46.12995053242016], [-60.79870790999548, 46.12996420923784], [-60.798692324117916, 46.129972000303106], [-60.79868178680275, 46.12997459640507], [-60.79867062214091, 46.12997734242607], [-60.79865272905267, 46.12998455800982], [-60.7986489426505, 46.12999251340741], [-60.79864227512889, 46.130006497559535], [-60.79864269307053, 46.13002231930268], [-60.798642992761984, 46.13003396258507], [-60.79863617535292, 46.13005885232516], [-60.7986198350804, 46.13007257810511], [-60.79859953504051, 46.13008496753271], [-60.798581398146766, 46.13009829867489], [-60.79857202764972, 46.13011026865691], [-60.79856148377058, 46.13012374609631], [-60.798547409898575, 46.1301517361553], [-60.798538099735254, 46.13017518279784], [-60.79853605679242, 46.1301803186601], [-60.79853237417728, 46.13020742888934], [-60.79853211120016, 46.1302117530112], [-60.79853063980564, 46.13023502667707], [-60.7985164306488, 46.13025374372064], [-60.798508004571026, 46.130255984469144], [-60.79850033734634, 46.130258023829505], [-60.79848072828746, 46.13025989609037], [-60.7984610070225, 46.130260686138676], [-60.79845273990261, 46.13026056284275], [-60.79843901334995, 46.130260352349524], [-60.79841695126957, 46.130258487171204], [-60.79840240035305, 46.13025719874245], [-60.798394905711234, 46.13025653230306], [-60.79838386565162, 46.1302551765179], [-60.798372482074456, 46.13025367010598], [-60.798363592324975, 46.13025422783603], [-60.79836261894764, 46.13025429008295], [-60.79835384141833, 46.130260151206045], [-60.79835219019878, 46.13026227948178], [-60.79834701881845, 46.13026893012519], [-60.798338837860555, 46.1302760627979], [-60.79831881990761, 46.13027812516028], [-60.79831675314868, 46.13027833734478], [-60.798315670881614, 46.13027820848474], [-60.798290847719464, 46.1302751380256], [-60.79827184042981, 46.130276202811096], [-60.798269310507955, 46.13027634306666], [-60.79826146944346, 46.13028339227978], [-60.7982529306417, 46.13029105807407], [-60.798247415662466, 46.130305028411286], [-60.798244146979755, 46.13031330878572], [-60.79823935964827, 46.130335978523746], [-60.79823801346171, 46.13035026320615], [-60.79823821654864, 46.130355235336545], [-60.79823860040891, 46.130364765149245], [-60.798239128681274, 46.13037391972837], [-60.79823944606369, 46.13037927207779], [-60.79824054627624, 46.130387393633036], [-60.79824190161126, 46.13039561010856], [-60.79824060863842, 46.13040206547476], [-60.79822528422434, 46.13040654036972], [-60.79821554490428, 46.130405677655105], [-60.79819961453039, 46.13040424561205], [-60.79817417127749, 46.13040276524775], [-60.79816816462954, 46.130403090511045], [-60.79815834350736, 46.13040363027635], [-60.79814460194561, 46.13040476951745], [-60.79814249780943, 46.13040494497691], [-60.79813849330376, 46.1304057048403], [-60.7981278882805, 46.13040772356117], [-60.79811732465407, 46.130414873302605], [-60.798104871852, 46.13042330069243], [-60.79808716305014, 46.130445370386695], [-60.79807440375865, 46.13045401687632], [-60.79806455870685, 46.13046067643935], [-60.79805945830082, 46.13046164918972], [-60.79804340145065, 46.13046468788253], [-60.79802032879423, 46.13046576428061], [-60.79800025644044, 46.13046269531496], [-60.797985895537245, 46.130452419103094], [-60.79798539172086, 46.13045174336403], [-60.797974851103, 46.13043753560404], [-60.797961925413716, 46.13042405590906], [-60.79795637950913, 46.13042126690493], [-60.797933117904385, 46.13040955008576], [-60.79789975854982, 46.13039881769289], [-60.7978653385602, 46.130388712875856], [-60.79784753052111, 46.13038404945413], [-60.7978294566058, 46.13037956091291], [-60.79781421254137, 46.13037357884503], [-60.797813524072396, 46.1303733135642], [-60.797807030081586, 46.13036768015563], [-60.79780226236146, 46.13036355608418], [-60.79779287615383, 46.13035221468195], [-60.79779020988134, 46.13035025520727], [-60.79778144424167, 46.130343803978185], [-60.79776437259135, 46.130340801808984], [-60.797759577467225, 46.13033996235091], [-60.79773402885222, 46.13034144998719], [-60.79772025325581, 46.13034376757264], [-60.79770951454854, 46.13034556766841], [-60.79768674881668, 46.130351609131544], [-60.79766586210913, 46.13035987390517], [-60.79766504684756, 46.13036019120494], [-60.797656859519066, 46.1303652086137], [-60.79764713223775, 46.13037118638114], [-60.797633738073436, 46.13038568884003], [-60.79762591797109, 46.13040032574469], [-60.79762464509757, 46.13040270431355], [-60.79761890455462, 46.1304200544201], [-60.79761850493889, 46.13042877709801], [-60.797617991611574, 46.13044002669432], [-60.79761988710968, 46.13045092670619], [-60.79762155938087, 46.13046060736205], [-60.797624884607856, 46.13048110235082], [-60.79762576213279, 46.13049155972153], [-60.797626380950085, 46.130502012105346], [-60.797626741059595, 46.130512459502285], [-60.79762723240425, 46.13051929127106], [-60.79762816184387, 46.13053201774133], [-60.797628241492056, 46.13054462882665], [-60.79762828550191, 46.13055164098078], [-60.79762555877476, 46.130558014700476], [-60.79762100345265, 46.13056869136112], [-60.79761478557252, 46.13057463776894], [-60.7976095765798, 46.13057963158155], [-60.797602156706226, 46.1305845557752], [-60.797594936600774, 46.13058933981288], [-60.797580535496245, 46.13059338239971], [-60.7975712055909, 46.130590043413896], [-60.79756751710738, 46.13058872125803], [-60.7975621823807, 46.13058453224438], [-60.79755471390816, 46.13057866402749], [-60.79754375394921, 46.13056783229193], [-60.797531025594665, 46.13054940613636], [-60.797523956306314, 46.13052865896307], [-60.797519093213246, 46.130507774310324], [-60.7975167590985, 46.13047865804725], [-60.79751759803159, 46.13046800875404], [-60.79751910682858, 46.13044900200858], [-60.797520804200325, 46.13041942343673], [-60.797522174988224, 46.130409720436816], [-60.797522786224945, 46.130405430031864], [-60.797524595402166, 46.130391226285944], [-60.797519504195925, 46.13038060668363], [-60.79751137978148, 46.130376579899995], [-60.79750088001943, 46.130373686377254], [-60.7974902157568, 46.130371671720944], [-60.797479723360155, 46.130371190443526], [-60.79747302965655, 46.13037089039891], [-60.79745507228674, 46.130372569314126], [-60.797437669725454, 46.130374618937694], [-60.79740117094709, 46.1303809356247], [-60.79738004212902, 46.1303858565329], [-60.7973651070804, 46.13038933077478], [-60.79734101775857, 46.130392853543526], [-60.79732864773963, 46.13039465815568], [-60.79730502787296, 46.130395822864], [-60.79728326379284, 46.13039589829619], [-60.7972812182114, 46.13039590386121], [-60.79728038028205, 46.13039581570354], [-60.79725827575714, 46.130393391458696], [-60.79723816810119, 46.13038796357536], [-60.79722720797037, 46.1303836300893], [-60.79721879725061, 46.13038029079522], [-60.79720023409283, 46.13037184154938], [-60.79719020278119, 46.1303672649558], [-60.79718230730631, 46.13036366558111], [-60.79716505957658, 46.130354692666934], [-60.79715149114501, 46.13034435062506], [-60.79714596709412, 46.130334523695524], [-60.79714121710105, 46.13032606174873], [-60.79713817587792, 46.130304942193334]]}, "properties": {"OBJECTID": 60735, "FEAT_CODE": "WALK20", "FEAT_DESC": "Lake - Water to the right line", "RIVNAME_1": " ", "RIVNAME_2": " ", "ZVALUE": 7.1, "FID": null, "SHAPE_Length": 217.0202852816322}}, {"type": "Feature", "id": 156017, "geometry": {"type": "LineString", "coordinates": [[-60.80485515074369, 46.12334974293553], [-60.805045203359164, 46.12331323446057], [-60.80547308266661, 46.12326205112505], [-60.80587415754159, 46.12320135103605], [-60.806172626407026, 46.12314947988529], [-60.80631513862682, 46.123113514509384], [-60.80632807236802, 46.12311376283859], [-60.80652361400537, 46.123078815357616], [-60.806639474106255, 46.12306213877881], [-60.80708009854954, 46.1229832928524], [-60.80741740203076, 46.12293126377261], [-60.8077293814071, 46.12289764862726], [-60.808195645936834, 46.122792298169], [-60.80871530714244, 46.12267895152074], [-60.80888331556078, 46.122652472333144], [-60.809104020996436, 46.122636003815536], [-60.80918106559579, 46.122618580335676], [-60.80919435589804, 46.12260983477675], [-60.809415573533634, 46.12254747343539]]}, "properties": {"OBJECTID": 156017, "FEAT_CODE": "WARV10", "FEAT_DESC": "Double Line River - Water to the left line", "RIVNAME_1": "Baddeck River", "RIVNAME_2": " ", "ZVALUE": 3.8, "FID": null, "SHAPE_Length": 364.60909646639965}}, {"type": "Feature", "id": 156160, "geometry": {"type": "LineString", "coordinates": [[-60.79564787430509, 46.13547765023765], [-60.795643126370074, 46.13546167295241], [-60.79563997350002, 46.13543362992171], [-60.795640432208266, 46.13540916672096], [-60.79564244401626, 46.135384715483795], [-60.7956414462538, 46.13537889998473], [-60.79563561136661, 46.13534507196227], [-60.795570666424204, 46.13528132025209], [-60.795569969266516, 46.13528062277176], [-60.79556984839166, 46.135276840277214], [-60.79556833043346, 46.13522405972335], [-60.79557801344401, 46.13519554431328], [-60.79559466431195, 46.13516112407893], [-60.79559672709164, 46.13515485460648], [-60.795613377575826, 46.13512044336225], [-60.79561414598794, 46.135114166917226], [-60.79561601825955, 46.13510650770923], [-60.795619873461256, 46.13509068740646], [-60.79562192715106, 46.135052214373665], [-60.795622292967735, 46.13503267259105], [-60.79562248339146, 46.13502206480874], [-60.79563853366667, 46.13497674251137], [-60.79572296763459, 46.13484966595922], [-60.7957302006196, 46.134833874816856], [-60.79573456284223, 46.13482837873514], [-60.79576771877018, 46.13478231538236], [-60.795787110964795, 46.13476062054978], [-60.79579533500334, 46.134736217151165], [-60.79579592499879, 46.13473505848299], [-60.79579730045816, 46.13473238490212], [-60.795813562629036, 46.13468109940954], [-60.795823812655044, 46.13464875174993], [-60.79585912542573, 46.134591461493685], [-60.7958758803564, 46.13457972419987], [-60.79591690166326, 46.13455099427534], [-60.79593187738942, 46.13454588293753], [-60.79593561020316, 46.13454512691078], [-60.79593707667456, 46.1345450381951], [-60.795950770114764, 46.13454480732976], [-60.795950727901705, 46.13456597542697], [-60.79595066207828, 46.134581247814815], [-60.795943001672335, 46.13460775018784], [-60.7959416365231, 46.134616004209626], [-60.795942661076936, 46.13462601440408], [-60.79594659393396, 46.1346309504808], [-60.7959498127382, 46.13463496374374], [-60.79596222673258, 46.13463824534794], [-60.79596749188253, 46.134639642971145], [-60.79597388870404, 46.13463506816653], [-60.795980926831795, 46.13461118190073], [-60.79598408884551, 46.134606562695616], [-60.79599029699269, 46.1345934158816], [-60.79599327997881, 46.13458711915065], [-60.79603355159057, 46.13447629118776], [-60.79603436568743, 46.134472436724934], [-60.796036331115765, 46.13446860447116], [-60.79609241339489, 46.1342992999379], [-60.79610212775267, 46.13426674391054], [-60.79610818120929, 46.134251308007116], [-60.79611842802839, 46.13422519752633], [-60.79612460679892, 46.13420013362402], [-60.79612814060516, 46.134185873170296], [-60.79613068656796, 46.13414803064598], [-60.796138826594756, 46.13409977457173], [-60.796139932551455, 46.134082443156224], [-60.79614193655727, 46.13405104345561], [-60.79614178635001, 46.13402788255944], [-60.796141683554424, 46.13401196789022], [-60.79613194692982, 46.13397371743828], [-60.79615144149857, 46.1339069505717], [-60.7961870698682, 46.13383167451983], [-60.796211578825556, 46.13380145593562], [-60.7962124235768, 46.13380040118325], [-60.79621471205902, 46.133797556199596], [-60.79624453334769, 46.133751005364665], [-60.79625902933031, 46.133728387974955], [-60.79626684748046, 46.13370765786928], [-60.79628872572355, 46.13367198829393], [-60.796297218689546, 46.133644079891106], [-60.79629809792614, 46.133635672485674], [-60.79629930616218, 46.133624211293665], [-60.79629885460975, 46.133583619831434], [-60.79629865169423, 46.13354977445579], [-60.79629789544593, 46.133516818446395], [-60.79629743079782, 46.1335018598385], [-60.796297096079634, 46.133491106918235], [-60.796277971677235, 46.13339969911779], [-60.796277932429824, 46.13339808729115], [-60.79627786727815, 46.13339582693687], [-60.79627777163701, 46.1333946550416], [-60.79627769540799, 46.133393645527725], [-60.79627765469289, 46.133391421646344], [-60.796277482104976, 46.13338925822412], [-60.79627744318431, 46.13338698937538], [-60.796277401033656, 46.13338480146786], [-60.796277262899075, 46.13338177467281], [-60.796277125482256, 46.13337872989085], [-60.79627703951507, 46.13337699115764], [-60.79627698591214, 46.13337573906968], [-60.79627681691314, 46.13337348571279], [-60.79627363677051, 46.13336558503587], [-60.796271523095136, 46.133356912894484], [-60.79627064002119, 46.13335308869729], [-60.796268658219425, 46.133344356096686], [-60.7962654133192, 46.133334834100395], [-60.79626456146941, 46.133330227471546], [-60.79626434635704, 46.13332556112091], [-60.7962634751434, 46.133321764153564], [-60.79626262724173, 46.133317058596546], [-60.796261743451154, 46.1333132523862], [-60.79626086289071, 46.133309365234666], [-60.79626075454496, 46.13330559198184], [-60.796258706511196, 46.13330176331559], [-60.79625782559224, 46.1332978851575], [-60.7962569611664, 46.1332932692856], [-60.796256658940045, 46.13329273243329], [-60.796254925710485, 46.133289449862275], [-60.7962544520059, 46.133287370635934], [-60.79625404479195, 46.133285571704164], [-60.79625195718563, 46.13328078823324], [-60.79624998030949, 46.13327712294631], [-60.796247965295535, 46.13327246688096], [-60.79624582199827, 46.13326778134003], [-60.79624263879452, 46.13326320174668], [-60.796240708591554, 46.13325869132325], [-60.79623861020469, 46.1332538536418], [-60.79623657403361, 46.13325005220511], [-60.79623338112561, 46.133245391420814], [-60.79623007143504, 46.13324073738426], [-60.79622219829076, 46.133230406084756], [-60.79622101271625, 46.13322767409985], [-60.79622018220404, 46.133225776999325], [-60.79621843460701, 46.13322253015214], [-60.796214637188015, 46.133215499605285], [-60.796211291563864, 46.13321077287197], [-60.796209343716356, 46.13320540707065], [-60.796207327631556, 46.13320077798501], [-60.796205185775925, 46.133196056469515], [-60.79620458059174, 46.13319467673727], [-60.79620317005068, 46.13319141839035], [-60.79620115360797, 46.13318679829807], [-60.796199104864684, 46.13318298761777], [-60.79619712144131, 46.133177540126496], [-60.79619637396143, 46.133176157649544], [-60.796195060121526, 46.13317372020315], [-60.796194224804616, 46.13316902388865], [-60.796192176421336, 46.13316520421478], [-60.79618994616964, 46.133160426991594], [-60.796187982596585, 46.133156752959735], [-60.79618713434447, 46.133152056395645], [-60.79618562824441, 46.13314924622476], [-60.79618508596228, 46.13314823672165], [-60.79618305087524, 46.13314440830367], [-60.796182283656584, 46.13314352046729], [-60.79617982495868, 46.133140574916915], [-60.79617787399512, 46.13313755815651], [-60.796176662973686, 46.13313611273597], [-60.7961746610153, 46.13313372501914], [-60.7961726590571, 46.13313133730229], [-60.79617144839482, 46.13312988288823], [-60.79616347801378, 46.13312198881441], [-60.796158618093116, 46.13311563080115], [-60.7961568338947, 46.13311330128669], [-60.79614887929456, 46.133104687485066], [-60.79614795288177, 46.13310357156802], [-60.79614566703643, 46.13310083635998], [-60.796142434336375, 46.133097821876746], [-60.796134625625626, 46.13308912088427], [-60.79613257724927, 46.133085301209405], [-60.79613036833408, 46.13308323351379], [-60.79612933233264, 46.133082268489346], [-60.79612820755864, 46.13308093273658], [-60.796126132295306, 46.13307843560022], [-60.79612194080779, 46.133073494539616], [-60.79611945588525, 46.13307055748243], [-60.79611619803421, 46.13306752451252], [-60.79611411735789, 46.133064514249305], [-60.79610742801519, 46.13305663588133], [-60.79610515832482, 46.13305349596657], [-60.79610108012523, 46.13305058217806], [-60.79609776154453, 46.133047449031864], [-60.79609572902471, 46.133044529701124], [-60.79609260668297, 46.133042318379864], [-60.79609119944256, 46.13304027514771], [-60.796090526008825, 46.13303930811625], [-60.79608739752096, 46.133036277640834], [-60.79608544197518, 46.133034997865586], [-60.796084116718085, 46.13303414426618], [-60.79608057827274, 46.13303197892047], [-60.7960751442963, 46.133028651961965], [-60.796067238338864, 46.13302238819449], [-60.79606283853889, 46.133019423199094], [-60.79605726156611, 46.13301643549616], [-60.796055012742094, 46.133013746002355], [-60.79605404896046, 46.13301259336213], [-60.79604378244168, 46.13300384495268], [-60.79603364169656, 46.13299518897237], [-60.79602809703099, 46.132991391856145], [-60.79601545893211, 46.13298270570098], [-60.796014362576486, 46.1329819555206], [-60.79600875710907, 46.13297643815612], [-60.79600324475062, 46.1329718316268], [-60.79599877085903, 46.13296715512561], [-60.79598742086624, 46.13295603670881], [-60.79598291352446, 46.13295057652782], [-60.795978630804115, 46.132945975716716], [-60.7959728467243, 46.13293974387414], [-60.79596834120863, 46.13293488675388], [-60.795967199557225, 46.13293364967819], [-60.7959639966824, 46.13293021274683], [-60.79596210789067, 46.13292693617065], [-60.79596083576037, 46.13292475153696], [-60.79595676040645, 46.132920793752916], [-60.79595523929166, 46.132919333347665], [-60.79595443255399, 46.132918462748144], [-60.795950882190716, 46.13291465009714], [-60.79594772243305, 46.13291110599237], [-60.79594534390018, 46.13290842299456], [-60.79593972763629, 46.132902203387935], [-60.795896554668474, 46.13286842911282], [-60.795895735299716, 46.13286625321268], [-60.79589249040878, 46.13286322048625], [-60.795849871980735, 46.132821716555625], [-60.7958330734773, 46.13280115060794], [-60.79581056284071, 46.13277514622899], [-60.795787090289146, 46.132757673658595], [-60.79578114354767, 46.132753247746365], [-60.79577699503063, 46.132752096665975], [-60.795767571483225, 46.132749475758814], [-60.79574869622419, 46.13275856201976], [-60.795748802363086, 46.13277082259864], [-60.79574885508663, 46.13277728589582], [-60.79575279858962, 46.132817953734346], [-60.795770691364424, 46.13285943070974], [-60.79578171681702, 46.13288808464707], [-60.79578156019947, 46.132924443200416], [-60.79577999036296, 46.13292647400412], [-60.795775962110724, 46.13293171552064], [-60.795752124593626, 46.13294511623994], [-60.79574930240258, 46.13294511579533], [-60.795736836466865, 46.1329450913056], [-60.79573244758992, 46.13294509663675], [-60.795728070905106, 46.13294447217567], [-60.79572429104314, 46.13294316619872], [-60.79570623402139, 46.132936940574666], [-60.79569067434941, 46.13292133972092], [-60.795679993060425, 46.13290806508069], [-60.79567315968325, 46.132899580882], [-60.79566717141406, 46.1328900329409], [-60.79565977017028, 46.132878261643505], [-60.79563999155529, 46.132851598909845], [-60.79559710502079, 46.1328035194271], [-60.795590473240445, 46.13278512068305], [-60.79559112326081, 46.132775322799304], [-60.79560252197959, 46.13276673134194], [-60.79560834188918, 46.13276233443419], [-60.79560920420108, 46.13276019097774], [-60.79559769099282, 46.13274375914251], [-60.79559577178799, 46.13274319109075], [-60.795590373853884, 46.13274123286363], [-60.795575609847944, 46.13273586278781], [-60.795573593594185, 46.13273448282812], [-60.795571590276424, 46.13273310311799], [-60.79556665174096, 46.13272612253531], [-60.79556165211723, 46.13271905076984], [-60.79555198680173, 46.13268843396684], [-60.7955485889358, 46.132677558939136], [-60.79554109279183, 46.13265357227308], [-60.795523813259145, 46.13262171050865], [-60.79551721732332, 46.13260954972182], [-60.79551148417054, 46.13255858689819], [-60.795511443509184, 46.13255701104533], [-60.79551136688878, 46.132554714467425], [-60.79550994153865, 46.13253788323715], [-60.795509704638526, 46.13253506154408], [-60.795499809427525, 46.13246512659452], [-60.79549882865321, 46.13246050847128], [-60.79549381741231, 46.132419351999516], [-60.795486653165625, 46.13236045921761], [-60.79548664009001, 46.132356570796574], [-60.79548663281672, 46.13235415855156], [-60.795487114276426, 46.132343070359546], [-60.79548802981822, 46.13232240512699], [-60.79549023961186, 46.13227061451433], [-60.795491248857786, 46.132208036269596], [-60.79549184007809, 46.13217182110389], [-60.79549092368716, 46.13216883329338], [-60.79548887861856, 46.132164932666626], [-60.79547813334589, 46.13213575308044], [-60.795472821944365, 46.13210017105653], [-60.79543489950716, 46.13202212598185], [-60.795421383498976, 46.13197155300022], [-60.79539025353068, 46.13194549922613], [-60.79534246266118, 46.13190549736282], [-60.79528554963782, 46.13181998448223], [-60.795269580716685, 46.13179194613021], [-60.79526636823474, 46.13178810397551], [-60.79526014976902, 46.13177686849595], [-60.79524765355215, 46.13175426138587], [-60.79524622015446, 46.13175255065256], [-60.79524442849722, 46.131750409987525], [-60.795242360133585, 46.13174741794608], [-60.79519092429606, 46.13166415280175], [-60.79517232676807, 46.1316396998683], [-60.795134099025724, 46.13158942400457], [-60.79512865483421, 46.13158635781422], [-60.79512427457676, 46.13158258312364], [-60.795071688238345, 46.13150220284729], [-60.79507046003622, 46.13150086508771], [-60.79506734497471, 46.13149750182802], [-60.795027446318535, 46.1314508208391], [-60.79499820878651, 46.131416613120415], [-60.79488236056579, 46.131302772436335], [-60.79475758541567, 46.13116967850024], [-60.79472488046832, 46.13112278523413], [-60.794717076532095, 46.13111268017232], [-60.79470087721126, 46.13109172059889], [-60.79469219716606, 46.13107729643729], [-60.79469080151726, 46.13107496539833], [-60.79463964742612, 46.13101061525824], [-60.79463407066241, 46.131004387347176], [-60.79463341452998, 46.13100363665012], [-60.794628497491196, 46.13099806950123], [-60.794531428663774, 46.13087433048809], [-60.794525916275454, 46.13086973288533], [-60.7943992778753, 46.130828397587706], [-60.79439837598591, 46.1308282901734], [-60.79438669227982, 46.13079961438439], [-60.79437454684432, 46.13076985863377], [-60.79437527952831, 46.130729470013506], [-60.7943767519474, 46.13070459435021], [-60.794377626633306, 46.13068982358972], [-60.794378901775026, 46.13066437709312], [-60.79437902389062, 46.13066131931682], [-60.79439709099577, 46.13063744803412], [-60.794448312839435, 46.13056977282764], [-60.79445595531034, 46.13055992992045], [-60.79445805011176, 46.13055934033063], [-60.79445888369848, 46.130557916359116], [-60.79446047474427, 46.13055762305821], [-60.79446201333022, 46.13055734674539], [-60.79449698981985, 46.13051752014912], [-60.79452856784415, 46.13049536771605], [-60.79454496213173, 46.13048518071826], [-60.79455923180819, 46.13047632976704], [-60.79457702271064, 46.13046455865297], [-60.794602180184874, 46.13044790751062], [-60.79463263932872, 46.13043075567088], [-60.79463816518835, 46.130428531230685], [-60.79466624027797, 46.13041240441114], [-60.794683344889734, 46.13040258211943], [-60.79470487161003, 46.130393862223805], [-60.794743990930115, 46.13037801155943], [-60.79474727322836, 46.13037621183066], [-60.79474956239353, 46.13037496895823], [-60.79475382526355, 46.1303732511583], [-60.794755088602095, 46.130372735518705], [-60.79477724973862, 46.130359473655304], [-60.79482007330144, 46.13033384803004], [-60.79489171947168, 46.13029022885861], [-60.794948998830634, 46.13026373013099], [-60.79501965162246, 46.130231045186356], [-60.79512238253321, 46.13016691084406], [-60.79516105540643, 46.13014278005932], [-60.79520291052476, 46.13012486693954], [-60.795206117684145, 46.13012267873064], [-60.795278460631046, 46.13008753313192], [-60.79531815196966, 46.130061558865286], [-60.79533176350999, 46.1300526501157], [-60.79535872944503, 46.13003867981834], [-60.795365330231334, 46.13003449599798], [-60.79539525275354, 46.13001553352102], [-60.795419362357656, 46.129998204950006], [-60.79543123696382, 46.12998967669176], [-60.795443902877956, 46.12998402582594], [-60.795452324662236, 46.129980273154395], [-60.795455497449176, 46.12998186444065], [-60.795445721337714, 46.130003006742484], [-60.79543516551282, 46.13002422400254], [-60.79541129041079, 46.13005805482341], [-60.79539604207895, 46.13008332171651], [-60.79536623546362, 46.130099055288746], [-60.795348832813396, 46.1301082419044], [-60.795340644997374, 46.13013499508877], [-60.79534469815258, 46.13013788142163], [-60.79535260324362, 46.13014350619791], [-60.79535685144962, 46.130144749222005], [-60.7953714002003, 46.13014900812727], [-60.79537349571775, 46.13014904856202], [-60.795387008825514, 46.13015038935495], [-60.79539459036652, 46.13015114767263], [-60.795409655293305, 46.13015090733575], [-60.79544035095341, 46.13013754900973], [-60.79546619426182, 46.13011959685259], [-60.79549357251998, 46.130101134282455], [-60.79556977225166, 46.13005076224571], [-60.795612152247756, 46.13002682883917], [-60.79563270489276, 46.13001688392218], [-60.795649904491604, 46.130008566383864], [-60.79566236027311, 46.13000493652829], [-60.795667848347364, 46.13000333233637], [-60.79567756888377, 46.13000466292666], [-60.79568316951977, 46.130005428009234], [-60.795689135258975, 46.13003337232416], [-60.795689713863396, 46.13003606560453], [-60.79568988283319, 46.130038318962896], [-60.79569297733136, 46.13005808952733], [-60.79569285968183, 46.13008049823773], [-60.79569190103821, 46.13009803051016], [-60.795691758098926, 46.13009966582407], [-60.79569080164694, 46.130109358795906], [-60.795690457831704, 46.13011051321345], [-60.79568990348907, 46.13011240160153], [-60.79568978180731, 46.13011545038736], [-60.79566827172536, 46.13016462755879], [-60.79566487637402, 46.13016861222851], [-60.79563310799661, 46.13022182166145], [-60.79561961082091, 46.13026029894567], [-60.79561908556256, 46.130261782876815], [-60.79561516963512, 46.13026778258971], [-60.795610261699544, 46.130275284229405], [-60.7955911539738, 46.13029994566227], [-60.79558685672475, 46.13030382292453], [-60.79557647325081, 46.130312937993004], [-60.79554164570643, 46.130343542390605], [-60.795526415003, 46.13036058328073], [-60.79552226868565, 46.13036521948573], [-60.79551910365901, 46.13036991962609], [-60.79551886315527, 46.13038567467432], [-60.79551900340068, 46.13038864751007], [-60.79552028038301, 46.13039751953543], [-60.79552286202662, 46.1304155431323], [-60.795524657882346, 46.13043444260662], [-60.795525588161276, 46.130444216982085], [-60.795525696714, 46.130464199949415], [-60.79552567170868, 46.13046806963601], [-60.795530199590715, 46.130490846990156], [-60.79553215019453, 46.13049711289798], [-60.79553559034709, 46.13050822275602]]}, "properties": {"OBJECTID": 156160, "FEAT_CODE": "WARV10", "FEAT_DESC": "Double Line River - Water to the left line", "RIVNAME_1": "Baddeck River", "RIVNAME_2": " ", "ZVALUE": 9999, "FID": null, "SHAPE_Length": 889.5744843761879}}, {"type": "Feature", "id": 156161, "geometry": {"type": "LineString", "coordinates": [[-60.79553559034709, 46.13050822275602], [-60.795576144792626, 46.13051511648901], [-60.795577379050826, 46.130515329311095], [-60.795586759663806, 46.130514151241115], [-60.79558752608191, 46.13051408502481], [-60.7955917695032, 46.13051155678302], [-60.79560580025585, 46.13047982209219], [-60.7956063848093, 46.13047847431106], [-60.79560785463473, 46.130475055518964], [-60.79561704540143, 46.130452686858206], [-60.795621474974666, 46.13044192684712], [-60.79563266286512, 46.13042109078203], [-60.79563298114611, 46.13041927884337], [-60.795633496649266, 46.13041641766382], [-60.79565655093376, 46.13038726016685], [-60.79569515288984, 46.130309116473626], [-60.79572160160062, 46.13025556138257], [-60.79573099291461, 46.130227841347015], [-60.79573459719373, 46.13021927050549], [-60.795739719419565, 46.13020704778807], [-60.79574588420471, 46.13018232563671], [-60.795746714026684, 46.1301777514454], [-60.79574739990204, 46.130176459620635], [-60.79574881225327, 46.130173831752394], [-60.79575199668907, 46.13016150864671], [-60.795754172334654, 46.130153054248844], [-60.79575503161534, 46.13014839062187], [-60.795758581370606, 46.13013372546116], [-60.79576429955979, 46.13011013774262], [-60.79576770184492, 46.130092031586116], [-60.79576939346802, 46.13008305482751], [-60.79576969234618, 46.130081404521164], [-60.795770226875554, 46.13007839070122], [-60.795773701439465, 46.1300617170015], [-60.79577519156309, 46.1300545454345], [-60.79578732971346, 46.130025789338724], [-60.795823530675335, 46.12994000294563], [-60.79582671537674, 46.12993448414032], [-60.79583456880395, 46.12987588107621], [-60.79583648546307, 46.12986158942489], [-60.79585130498965, 46.129814623250724], [-60.795862427836745, 46.12978243640985], [-60.795870100461386, 46.12975593425971], [-60.795880111220754, 46.12973182631769], [-60.795880947988074, 46.129730321393495], [-60.795883179128104, 46.12972631425794], [-60.79590148498854, 46.1296798923534], [-60.79591414455067, 46.12964779815475], [-60.79592756709172, 46.12961961584388], [-60.795953600972844, 46.12959006574372], [-60.79599142319913, 46.129456500473026], [-60.795993256422925, 46.12944948852785], [-60.796001047349336, 46.129419694505444], [-60.79600759951022, 46.12938525938388], [-60.79601132982875, 46.12936963465469], [-60.79601412684839, 46.12935793409462], [-60.79601972390925, 46.12933770117139], [-60.79602439725522, 46.12931142016486], [-60.79603163945034, 46.129296025186505], [-60.796048316099636, 46.12926057931086], [-60.79605134161535, 46.12925612847509], [-60.79605235616917, 46.129253411925745], [-60.796053365324155, 46.12925050626398], [-60.79605465222568, 46.12921047033134], [-60.79605489724162, 46.1292023837028], [-60.79605487868529, 46.12918273548309], [-60.79605481887316, 46.12909761759544], [-60.79605167494837, 46.12907551498237], [-60.79604985695534, 46.12906268135185], [-60.79604595752929, 46.129050428597786], [-60.796036624936434, 46.12902121329789], [-60.796021954196235, 46.128993092075945], [-60.79601822713172, 46.12898592786887], [-60.796015528955046, 46.12898282468654], [-60.795997062496774, 46.12896158754628], [-60.7959572385236, 46.12892408870682], [-60.795952273061985, 46.12891941171815], [-60.795938571965664, 46.12890267668927], [-60.79590650856837, 46.12884652571429], [-60.79590441497053, 46.128840275053555], [-60.795902155631346, 46.128816119409194], [-60.795902211247125, 46.12880661606466], [-60.79590229865563, 46.1287930721559], [-60.79591176138685, 46.128685699978185], [-60.79591279467229, 46.128598497078336], [-60.79591301405687, 46.1285796994841], [-60.79591335701923, 46.128575970936055], [-60.79591550638326, 46.128552926384906], [-60.79591793228277, 46.12852716904882], [-60.79591842249276, 46.12852202127877], [-60.795921527304884, 46.128515906902514], [-60.79594018849248, 46.128479059259284], [-60.7959689089016, 46.12838606318437], [-60.79598465108882, 46.12833510060537], [-60.796003641175425, 46.12828092453291], [-60.79600450698437, 46.12827869113566], [-60.79600459311295, 46.12827653270207], [-60.79602427917364, 46.12812705585624], [-60.796024234876164, 46.12812492190783], [-60.79602406697225, 46.128122641568694], [-60.796023275226254, 46.128103554456175], [-60.79602674034423, 46.128081921343565], [-60.79602898305611, 46.12807372924322], [-60.7960324787875, 46.128061061115574], [-60.79603453381305, 46.12805757260186], [-60.79603567269914, 46.12805563248468], [-60.79603599956313, 46.12805360470035], [-60.79603653798596, 46.12805016793479], [-60.79606055115146, 46.127993379626886], [-60.79606189293272, 46.12798927432771], [-60.79606261358075, 46.127987110132985], [-60.796068443760525, 46.12795454215677], [-60.796069558997125, 46.12794670632337], [-60.796074746542374, 46.127910129774335], [-60.796075486191874, 46.12790716491074], [-60.796111655350096, 46.12779941682048], [-60.79613063450828, 46.127748750666875], [-60.796143020546396, 46.12773387791762], [-60.79615320385882, 46.12772165379713], [-60.796154747298466, 46.127719631478165], [-60.79615744975704, 46.12771613744968], [-60.796161631030614, 46.127711591898354], [-60.79616827439244, 46.12769659937536], [-60.796191519987175, 46.127643468393586], [-60.796215572570254, 46.1276119629252], [-60.79625426919412, 46.12755051657664], [-60.796254294311474, 46.12754988703332], [-60.7962593735951, 46.12754813992197], [-60.79627711785157, 46.12754204689038], [-60.79630768799481, 46.12753081900141], [-60.79632389948902, 46.127524858406204], [-60.79632822534479, 46.127523501777866], [-60.796335190146756, 46.12752056697612], [-60.79634559117995, 46.12751618638323], [-60.79636335933174, 46.1275072226725], [-60.796370836799085, 46.127503442718776], [-60.7964058592453, 46.12748476734341], [-60.79649740942836, 46.127435950790506], [-60.79652816140798, 46.12740231536072], [-60.79659690733501, 46.1273371642262], [-60.7966489443282, 46.127287846536795], [-60.796652077340504, 46.12728718692427], [-60.796700012860164, 46.12726669939146], [-60.79674122684562, 46.127249214359416], [-60.79676817468148, 46.12723792549502], [-60.796790725575256, 46.12722847792099], [-60.7967946482711, 46.127227167503], [-60.79679964703092, 46.127225490817985], [-60.796849098159555, 46.12720270134575], [-60.79686252243934, 46.127196515920616], [-60.796869853983836, 46.12719314713859], [-60.79687596000947, 46.127190321749765]]}, "properties": {"OBJECTID": 156161, "FEAT_CODE": "WARV10", "FEAT_DESC": "Double Line River - Water to the left line", "RIVNAME_1": "Baddeck River", "RIVNAME_2": " ", "ZVALUE": 9999, "FID": null, "SHAPE_Length": 409.234285542793}}, {"type": "Feature", "id": 156162, "geometry": {"type": "LineString", "coordinates": [[-60.79687596000947, 46.127190321749765], [-60.79688197298121, 46.12718755756908], [-60.796901977890485, 46.12717833089149], [-60.796903498013236, 46.12717754116712], [-60.79690632664164, 46.12717607464298], [-60.79696582876359, 46.12713982532505], [-60.79696654624311, 46.1271393621384], [-60.79697823856367, 46.127131163216646], [-60.796999065861094, 46.1271165701416], [-60.797010214429925, 46.12710642564669], [-60.79702955690442, 46.12708881580439], [-60.79703949171895, 46.12707794587272], [-60.79704647515261, 46.12707032217974], [-60.79706175457674, 46.12705072590689], [-60.79708561435535, 46.12701657041913], [-60.79710734657972, 46.12698545204141], [-60.79713450093684, 46.12695015401169], [-60.79715290892353, 46.12691377830271], [-60.79722965341274, 46.126807073156066], [-60.797255510037175, 46.126794575085654], [-60.797268854031344, 46.12678812705316], [-60.79727632093905, 46.126784607847895], [-60.79729035691356, 46.126778011146584], [-60.797298081057185, 46.12676933967126], [-60.79729891092423, 46.12676800561065], [-60.79729999614244, 46.12676026818977], [-60.7973052491294, 46.126722675796344], [-60.79730971341878, 46.126704212043386], [-60.797312378559, 46.12669321093594], [-60.79731272585108, 46.12667151767214], [-60.79731272778553, 46.12664874670281], [-60.79731262330912, 46.12664487451753], [-60.79728633819512, 46.1266333872801], [-60.797283081121286, 46.126631965426306], [-60.797279894528536, 46.126631372967864], [-60.79727023818247, 46.12663071877994], [-60.79726699808213, 46.126630494305864], [-60.7972426029359, 46.126625172766616], [-60.79723539015567, 46.126614854257184], [-60.797224959644716, 46.126590442089956], [-60.79723333091119, 46.12657755290808], [-60.797243302993074, 46.12656217447711], [-60.797249456881445, 46.126551654650626], [-60.797255388035644, 46.126541526547115], [-60.79725705356767, 46.1265296241298], [-60.797257184635605, 46.12652860961173], [-60.79725714748562, 46.12652661980752], [-60.79724859521565, 46.126495358548965], [-60.79724360085687, 46.12647712645791], [-60.79724170085508, 46.126466019337], [-60.79724471608895, 46.126442019405026], [-60.79724835684463, 46.12641304531202], [-60.79725004900599, 46.126401773435866], [-60.79725203995321, 46.12638852723247], [-60.79726079679001, 46.12636694209669], [-60.7972615871017, 46.12634030715404], [-60.79726154031659, 46.12630934488176], [-60.79726139140418, 46.126287111026826], [-60.79726442876646, 46.126256388222714], [-60.79727206776787, 46.12623394449745], [-60.79728846575419, 46.1262151797932], [-60.79729903726885, 46.12620781426748], [-60.797301780293, 46.12620589606312], [-60.79730377783207, 46.12620449450998], [-60.79730697174257, 46.12620230598578], [-60.79730774450704, 46.12620142984444], [-60.79730900514445, 46.1262000050841], [-60.79731941051327, 46.12619550748046], [-60.79733651997998, 46.12618811498873], [-60.79733980158377, 46.126186324171755], [-60.79734209087396, 46.12618507224891], [-60.79735952269004, 46.12617868501243], [-60.797373617169896, 46.12617353849258], [-60.79737525656039, 46.1261730030723], [-60.797378076182866, 46.12617208538704], [-60.79743782807898, 46.126150637290024], [-60.7974616237718, 46.1261420956188], [-60.79751925275885, 46.12611837445562], [-60.79752001947252, 46.12611829923166], [-60.7975547462705, 46.12610733114408], [-60.79757101548081, 46.12610218151973], [-60.79762068216599, 46.126086938200515], [-60.797623044416, 46.126086128697935], [-60.79763211294027, 46.12608301835905], [-60.7976872920563, 46.12606230102203], [-60.79773798651431, 46.12605049761425], [-60.79774581166717, 46.1260490283738], [-60.79775248847801, 46.12604681696653], [-60.79782187767609, 46.126026166455105], [-60.797876032005306, 46.12601004647912], [-60.79788272174077, 46.12600783531334], [-60.797980225107686, 46.1259797342195], [-60.79807560720363, 46.12595224018942], [-60.79810130061985, 46.125945445034006], [-60.79813173003188, 46.12593739108417], [-60.79813838748444, 46.125935989317135], [-60.798161400956566, 46.12593310267647], [-60.79820083513395, 46.12593295358581], [-60.79836835153422, 46.125888668595664], [-60.79837145935594, 46.12588863847845], [-60.79838574986898, 46.12588766279571], [-60.798450764064036, 46.1258832363201], [-60.79845357158951, 46.12588392044612], [-60.79850332559369, 46.12589603063704], [-60.79850539508561, 46.125896070513065], [-60.79850748930935, 46.12589548983811], [-60.79852625771897, 46.125891936301976], [-60.798608035129725, 46.12587645623072], [-60.79868691978138, 46.12585625815991], [-60.79873647159297, 46.12584355925495], [-60.798740800843554, 46.125842112596516], [-60.79890419334032, 46.12579020503329], [-60.798909548268156, 46.125788031095055], [-60.798914981876464, 46.12578583167116], [-60.7989207309247, 46.12578351231829], [-60.79901826333486, 46.1257462124902], [-60.799019811799035, 46.12574568429509], [-60.79902259292908, 46.1257447568273], [-60.79904282896172, 46.12573458018388], [-60.79909035411471, 46.12571069059012], [-60.79915906815817, 46.125677722715245], [-60.799212804321066, 46.12565193662229], [-60.79921953914444, 46.1256489162108], [-60.799226290842796, 46.12564579711955], [-60.79927462338291, 46.125627305239526], [-60.79932392843345, 46.12560844505376], [-60.79932940880031, 46.12560702054504], [-60.79948886560795, 46.12554924908184], [-60.79949184360043, 46.12554825339097], [-60.799493194816534, 46.125547802394074], [-60.79960630698298, 46.12550605891599], [-60.799610636185214, 46.12550461222363], [-60.79975469400047, 46.125469134822694], [-60.79977505926872, 46.1254661068549], [-60.799788419348396, 46.12546411403469], [-60.79979975329387, 46.12546099314703], [-60.79980953015359, 46.12545829229329], [-60.799814849794124, 46.125456027629056], [-60.79983884044541, 46.12544582414283], [-60.79984305032464, 46.12544412313271], [-60.799844365598425, 46.12544359943634], [-60.79987278481528, 46.1254278289723], [-60.799884327456034, 46.125421417949], [-60.799896256570996, 46.12541407832511], [-60.79992018232811, 46.125399328370676], [-60.79999990570417, 46.125357391578895], [-60.800033444671634, 46.125353798193125], [-60.80008466298714, 46.125348313110194], [-60.8001102058586, 46.1253456097856], [-60.800128599096574, 46.125343668834226], [-60.800180371750706, 46.125343765628735], [-60.80020588202201, 46.12535325719568], [-60.800335666840844, 46.12534495547093], [-60.800557134056916, 46.12521151294573], [-60.80062305391221, 46.125148879086396], [-60.80085790580951, 46.124906788797745], [-60.80093691067075, 46.1248084050157], [-60.80100332625425, 46.124700778477504], [-60.8010688869826, 46.12464713784523], [-60.80122516052939, 46.124558332313754], [-60.80138107491379, 46.12447853805707], [-60.80152534860884, 46.12439851059611], [-60.801642447590666, 46.124317960085264], [-60.80173366873928, 46.12423780259988], [-60.801799227849706, 46.12418417051548], [-60.801837832413455, 46.124157021008806], [-60.801995422249455, 46.12406824874497], [-60.8023209189876, 46.123889992973375], [-60.802632383390545, 46.12373937663933], [-60.802866510611736, 46.12367817630548], [-60.80313911693836, 46.1236258157338], [-60.80325593766984, 46.1236172614191], [-60.80337220607746, 46.12359069556476]]}, "properties": {"OBJECTID": 156162, "FEAT_CODE": "WARV10", "FEAT_DESC": "Double Line River - Water to the left line", "RIVNAME_1": "Baddeck River", "RIVNAME_2": " ", "ZVALUE": 9999, "FID": null, "SHAPE_Length": 699.9195195644352}}, {"type": "Feature", "id": 156601, "geometry": {"type": "LineString", "coordinates": [[-60.80337220607746, 46.12359069556476], [-60.80357939153725, 46.12355597698759], [-60.80374901999914, 46.12352143613648], [-60.803890785143416, 46.123504360266324], [-60.804085049114626, 46.12346939240213], [-60.80453990598841, 46.123390829818284], [-60.8047726002259, 46.12336559964341], [-60.80485515074369, 46.12334974293553]]}, "properties": {"OBJECTID": 156601, "FEAT_CODE": "WARV10", "FEAT_DESC": "Double Line River - Water to the left line", "RIVNAME_1": "Baddeck River", "RIVNAME_2": " ", "ZVALUE": 3.8, "FID": null, "SHAPE_Length": 117.80432484764049}}, {"type": "Feature", "id": 158504, "geometry": {"type": "LineString", "coordinates": [[-60.764993537061, 46.150185284582484], [-60.76511477910837, 46.15021203819467], [-60.765195487823824, 46.15022312125031], [-60.76531901482944, 46.15023374566644], [-60.7655273642763, 46.150246928866316], [-60.76553630328285, 46.15024748169932], [-60.76570131769017, 46.150245101474624], [-60.765806553002044, 46.1502331727425], [-60.76583712593998, 46.150229702401106], [-60.76591631230624, 46.15020065851431], [-60.765939827456705, 46.15017639428455], [-60.765949842082144, 46.15016605066358], [-60.76598548823449, 46.15011306941914], [-60.76599403379409, 46.150075992961014], [-60.765988905684964, 46.150009766946276], [-60.76598641156534, 46.14999492156484], [-60.76598213504567, 46.14996940289055], [-60.765973158119266, 46.14993619599423], [-60.76596704195955, 46.14991357547088], [-60.765957463532835, 46.14990322676241], [-60.76592015647275, 46.149862877646186], [-60.76588695356627, 46.149834390258206], [-60.76587283673198, 46.14982226973029], [-60.76584180905443, 46.14979475190121], [-60.76577195251383, 46.14973281338786], [-60.765734365202356, 46.149692035711716], [-60.76571466220078, 46.149665000310804], [-60.76570074960132, 46.1496459174652], [-60.76569603563679, 46.14962768952799], [-60.76568877192943, 46.14959951131755], [-60.76568402587658, 46.14955360660046], [-60.765667491294394, 46.149506526313395], [-60.76566710907004, 46.14950541179271], [-60.76565188592721, 46.14946144427741], [-60.76564463758204, 46.14943352737469], [-60.765638565127865, 46.14941015165497], [-60.7656234685388, 46.14935090397353], [-60.765622117998404, 46.149344919314345], [-60.76561325518887, 46.149305702367364], [-60.765601310755706, 46.14927383246357], [-60.76559432112205, 46.14925520000282], [-60.76558733867994, 46.14921016058186], [-60.76558512201998, 46.14919006439669], [-60.7655821264896, 46.14916297768892], [-60.76557769652887, 46.14913645695354], [-60.765574518937775, 46.149117386019185], [-60.76557280221998, 46.149098055642064], [-60.76557042398472, 46.14907139502287], [-60.765571759602196, 46.14902560923259], [-60.76558952102578, 46.14898032467718], [-60.76564721439894, 46.148954991822855], [-60.76566150651935, 46.14894870104045], [-60.765791052120505, 46.14892478220333], [-60.76583052456424, 46.14892697611764], [-60.76589262010352, 46.148930449417456], [-60.76593950347704, 46.14893447127405], [-60.76595920921071, 46.14893616163588], [-60.76602063979097, 46.14895734360304], [-60.76605686834821, 46.148977294756115], [-60.766071802903866, 46.148985525088285], [-60.766130665912556, 46.149006476787285], [-60.76613249550671, 46.149007025579905], [-60.76619066199926, 46.14902439048099], [-60.766246765932145, 46.14904280407377], [-60.76625189059714, 46.14904448832918], [-60.76630404013392, 46.14907421905843], [-60.766361020629304, 46.14909657389503], [-60.766421653342384, 46.149118280070006], [-60.76645297597476, 46.14912442761985], [-60.766490388258006, 46.14913177424866], [-60.76655866871263, 46.14913409903726], [-60.76662471307007, 46.14913728011322], [-60.766692946232624, 46.1491407739458], [-60.7667631110089, 46.14913845524911], [-60.76676706135279, 46.14913811844492], [-60.766835214260425, 46.14913239423993], [-60.76690296899652, 46.14912210802247], [-60.76695273284151, 46.14909238935277], [-60.76698988400595, 46.14907898485036], [-60.7670123949901, 46.149070874445314], [-60.767078454986525, 46.14906406514838], [-60.767144425123995, 46.149049873749746], [-60.767203573214495, 46.14902825869264], [-60.76726139250909, 46.14900427754066], [-60.767316330267064, 46.14897789995358], [-60.76736272614136, 46.14895876273474], [-60.767373617695284, 46.148954259366086], [-60.76740144850724, 46.148946207834854], [-60.7674417537278, 46.14893453888642], [-60.76744557627099, 46.14893383954653], [-60.76750502660386, 46.14892299468749], [-60.76757441601805, 46.148911983980874], [-60.76772755842181, 46.14887037024222], [-60.76778544968417, 46.148850683409734], [-60.76788498997631, 46.14881683359129], [-60.767998026602385, 46.14876593961808], [-60.768005776604305, 46.1487622658556], [-60.76810760938727, 46.14871398802373], [-60.76815610774374, 46.14868351507847], [-60.768169087091536, 46.148678296384766], [-60.76821692379063, 46.14865906095796], [-60.76827610584429, 46.14863914707938], [-60.76827888863082, 46.14863822039375], [-60.76833690918314, 46.14861244255293], [-60.76844094196674, 46.14856002221971], [-60.76862519063318, 46.14844850587668], [-60.76865001644362, 46.14842508571597], [-60.768664367501536, 46.14841155940701], [-60.768691020613886, 46.148402197508055], [-60.76872676370793, 46.148389646978764], [-60.76877885185197, 46.148377028614135], [-60.76878796690587, 46.148374821515695], [-60.76884005815534, 46.148345147472384], [-60.76887980352207, 46.148330010939354], [-60.76890029452427, 46.14832220273119], [-60.768917368722505, 46.14831691090696], [-60.768960356352345, 46.148303574730235], [-60.76900352436627, 46.14829346419396], [-60.76902807630779, 46.14828770634022], [-60.7691461018638, 46.148247889101604], [-60.769171899729734, 46.1482401394596], [-60.76920574627429, 46.148229972851496], [-60.76926844155678, 46.14821346619182], [-60.76928466140185, 46.14821040772615], [-60.76933107719528, 46.148201638528526], [-60.769382956199614, 46.148201877341805], [-60.76939736635591, 46.14820194266135], [-60.76946398918141, 46.148203603325925], [-60.769528085244694, 46.148213314962746], [-60.76957552655295, 46.148220505350494], [-60.76965138594646, 46.14823201261835], [-60.76970474426206, 46.148239867478864], [-60.769738149872346, 46.14824477673501], [-60.76975873568495, 46.14824903972691], [-60.76979426947939, 46.1482564026087], [-60.769830042781564, 46.148261043040684], [-60.769847343240045, 46.148263288807975], [-60.76991928865415, 46.14825821281255], [-60.76993964233258, 46.1482582860664], [-60.770014971938075, 46.1482585502836], [-60.770072540837205, 46.148260267892574], [-60.770110540552686, 46.14826140554154], [-60.7701289013459, 46.14825535561358], [-60.770222635669576, 46.14822444157241], [-60.77039609496141, 46.148184354797685], [-60.77050500321226, 46.14815542870016], [-60.77065079921658, 46.14812695224342], [-60.77073564430348, 46.14812855369796], [-60.77078952495292, 46.1481295689572], [-60.770847793314836, 46.148103704671854], [-60.7709053544975, 46.148063605966954], [-60.77096000721496, 46.14802498055494], [-60.771021399055584, 46.14799680101824], [-60.77105462148628, 46.147981554475294], [-60.771161875667524, 46.14793873490493], [-60.771250797711346, 46.14789195748659], [-60.771302329961344, 46.14784433366752], [-60.77137386311863, 46.14777825316938], [-60.77141244390999, 46.14772907161931], [-60.771425877622015, 46.147711944920445], [-60.77142611655176, 46.14770602733361], [-60.771427353197524, 46.14767219204119], [-60.771428699118964, 46.147642706061504], [-60.771429616370035, 46.14762255411048], [-60.77144121118154, 46.147600297328964], [-60.771458533238274, 46.14756704579152], [-60.77145741544205, 46.14747927032402], [-60.77144647663541, 46.14741375923582], [-60.77143968943319, 46.14737307115698], [-60.77142386689073, 46.147328453685354], [-60.77140458177358, 46.14727402126518], [-60.771333121117124, 46.147184063677095], [-60.77121788093595, 46.1471065726031], [-60.77114503183561, 46.14707762836416], [-60.771136187231605, 46.14707410768676], [-60.771046580977256, 46.147080459981055], [-60.77098428214699, 46.147057373694764], [-60.77096837233775, 46.14705148307559], [-60.77089013062756, 46.14700729483445], [-60.77081194623695, 46.146980928403586], [-60.77081129120502, 46.14698047460512], [-60.7707613115923, 46.14694573905238], [-60.77073785131206, 46.14694115914476], [-60.770731633144, 46.1469399397749], [-60.77072532420787, 46.1469451359024], [-60.77071810345429, 46.14695110627194], [-60.770711594481874, 46.14695676651531], [-60.77069676402224, 46.14696968070419], [-60.77068864748981, 46.1469699363553], [-60.77068431714101, 46.146970067872246], [-60.770658876870826, 46.1469382051748], [-60.770632426121, 46.14690507170253], [-60.770584032227575, 46.14683364547398], [-60.77057256098548, 46.14682270219153], [-60.770542263130295, 46.14679376880959], [-60.77046691435108, 46.14674626158356], [-60.77044768236977, 46.14673414080554], [-60.77038537758436, 46.14665768183673], [-60.77038173903768, 46.146649663499915], [-60.770346134213725, 46.14657131343516], [-60.77034477618411, 46.14654402479037], [-60.77036007141271, 46.146535952918896], [-60.77041543202213, 46.14650670196725], [-60.77042211033233, 46.146504222178145], [-60.77043778016081, 46.146498416700915], [-60.77042340313671, 46.14646644582017], [-60.77033791892949, 46.14645091707334], [-60.77029802155564, 46.146422417318554], [-60.770250369270066, 46.146374325393396], [-60.770166058803845, 46.146307949288065], [-60.770157876255624, 46.14630150733184], [-60.770156644495124, 46.14629994422785], [-60.77010849103341, 46.146238620905955], [-60.770082708737775, 46.14622453614733], [-60.77007174953072, 46.14621855301445], [-60.77001517308901, 46.14619584788944], [-60.76999718063406, 46.14617965605455], [-60.76999747779866, 46.14617486465301], [-60.76999791537057, 46.14616787989966], [-60.770022218026284, 46.14607916048108], [-60.770040709868184, 46.14604196281513], [-60.770044344908364, 46.14603468045223], [-60.77004728930462, 46.14602622356094], [-60.77006001689572, 46.14598971442284], [-60.770077369462705, 46.14596052285264], [-60.7700859833366, 46.145946029352835], [-60.77011304404824, 46.14590506574671], [-60.77016810612579, 46.14583350730792], [-60.770186214532266, 46.14581990112658], [-60.7702137770942, 46.145799207142204], [-60.77024713197876, 46.14575917637334], [-60.770253673902104, 46.14574436341362], [-60.77027354223977, 46.14571667897049], [-60.77028468457522, 46.14570113675267], [-60.77030498418878, 46.145686817282275], [-60.77032666937705, 46.14567153480582], [-60.77037471749281, 46.14565852185847], [-60.77038100243464, 46.145658725508476], [-60.770441186119264, 46.14566071897139], [-60.770458099220484, 46.14565586479098], [-60.770469090648625, 46.14565271313176], [-60.77048440811364, 46.14563061908687], [-60.77049837911424, 46.14561044284772], [-60.77051655990224, 46.14558093435693], [-60.77052429257857, 46.14556837671073], [-60.77052815463207, 46.14556540994318], [-60.770568661972945, 46.14553423101216], [-60.77059259174361, 46.14552781265407], [-60.77062966449086, 46.14551787058047], [-60.770691842554044, 46.14551440359464], [-60.7707002651786, 46.1455139379068], [-60.77076831988525, 46.14552174601121], [-60.77078160586868, 46.145490953925716], [-60.77080456587688, 46.1454803314262], [-60.77080355347737, 46.14546051084026], [-60.7708027549079, 46.14544501460804], [-60.770755429075855, 46.14541546103563], [-60.77075424153497, 46.14541472683552], [-60.770728560624775, 46.14537120395931], [-60.7707029589827, 46.145322192392406], [-60.770700886950436, 46.14531546468226], [-60.77068899350992, 46.145276828004796], [-60.77067202165946, 46.14523729120331], [-60.770670293886226, 46.14523326132299], [-60.77064114671504, 46.14518868075092], [-60.77061641978714, 46.14515552689808], [-60.770609824083344, 46.14514666783273], [-60.77057360684857, 46.14510689949763], [-60.77053891038001, 46.14508814971018], [-60.770521041843615, 46.14507851264913], [-60.7705050928311, 46.145073287225834], [-60.77045917628824, 46.14505822463787], [-60.77039874920821, 46.145041114796484], [-60.77036301740829, 46.145026520927665], [-60.77034206259221, 46.14501795765897], [-60.77028681016294, 46.14499455847021], [-60.77025616433814, 46.14498260192839], [-60.77023556370367, 46.14497456757407], [-60.770191148524944, 46.14495792310994], [-60.77018492424805, 46.144955578542906], [-60.77009925606771, 46.144922225268054], [-60.769983655000296, 46.14489260788967], [-60.76994835016908, 46.144889245697556], [-60.76984924616806, 46.14487981401195], [-60.76982913474651, 46.14487762137912], [-60.769817536337534, 46.14485381399174], [-60.76981749530619, 46.14485066305787], [-60.76981724388946, 46.14483220737161], [-60.7698349158163, 46.14481016836891], [-60.76983769769893, 46.14480669451991], [-60.76986034751538, 46.144790926937766], [-60.76986896146827, 46.14478828695394], [-60.76988432812539, 46.14478356468025], [-60.769916480327325, 46.14477585789332], [-60.769930497176205, 46.144772495325796], [-60.769955844519906, 46.14475950749095], [-60.769977834266165, 46.144748218191765], [-60.770065170082454, 46.14469861160285], [-60.77010307988435, 46.14466761614689], [-60.7701689485983, 46.144613792346824], [-60.770213849486844, 46.144579297139664], [-60.77026071875604, 46.144547360434984], [-60.77028232688037, 46.14453557760896], [-60.77031235564236, 46.144519206906864], [-60.77034539782837, 46.144507413193764], [-60.770370439170186, 46.144498469466235], [-60.77043602373327, 46.144483728617786], [-60.77047953212206, 46.144478574373494], [-60.7705005579477, 46.14447607753625], [-60.77051862481967, 46.14444136459801], [-60.770521754898745, 46.1444353594194], [-60.77046210560945, 46.14444164777413], [-60.77045764521045, 46.14444211875893], [-60.77039237656836, 46.14445192457602], [-60.770329606362, 46.14447040147666], [-60.770265306864765, 46.14447544693188], [-60.77026896540815, 46.144469182061954], [-60.77028742281808, 46.14443762691466], [-60.77031560213041, 46.14441767396933], [-60.770334076744334, 46.144404605931335], [-60.770433370816626, 46.14437949744704], [-60.770478870760755, 46.14436799179602], [-60.77053266480137, 46.14435438887472], [-60.7705963453843, 46.144342220891986], [-60.77062368491902, 46.144336004065636], [-60.77065868262004, 46.14432804657876], [-60.7707290148434, 46.14431789838814], [-60.77080041934567, 46.14431326130715], [-60.770872467125685, 46.1443087267357], [-60.77093987388086, 46.144306891692835], [-60.77100818362771, 46.14431155450036], [-60.77106109574983, 46.144309526614805], [-60.77108283651868, 46.1442944520857], [-60.771109319876636, 46.144276085927906], [-60.77113787290001, 46.14425713011184], [-60.771160146145846, 46.14424233596679], [-60.771291382205554, 46.144163703553254], [-60.771320434418044, 46.144147133529195], [-60.77134399978668, 46.14413368760842], [-60.771356995522616, 46.1441254627433], [-60.771394760428464, 46.14410155633089], [-60.77142540346959, 46.14407572891725], [-60.77143817810608, 46.14406496162293], [-60.77144588486919, 46.144058487663884], [-60.771483225030885, 46.14402713862307], [-60.771532490982544, 46.14399353806963], [-60.771576258744965, 46.14395821019024], [-60.77161849236872, 46.14392239335346], [-60.77163322007018, 46.1438783177182], [-60.77163362137948, 46.14381994007488], [-60.771633704678614, 46.14380857421848], [-60.771628426876504, 46.143759689218825], [-60.77162410337341, 46.14373816598809], [-60.771617541054454, 46.143705384617576], [-60.771571154026375, 46.14367729874551], [-60.77151562681927, 46.143638594138544], [-60.77149574694556, 46.14353092184707], [-60.77144073768152, 46.14335398144626], [-60.77143038084697, 46.14325450522575], [-60.771427511342566, 46.143222947919604], [-60.771407603305995, 46.143172751494475], [-60.77138402966163, 46.14311328517533], [-60.77137812171502, 46.143076808394255], [-60.77137915175554, 46.143060915810686], [-60.771379472240355, 46.1430558638473], [-60.77140684036038, 46.14301652598525], [-60.77141595904308, 46.143006506415865], [-60.77151536830656, 46.1428973176673], [-60.77157111412316, 46.142854888098945], [-60.771611417017034, 46.1428242178233], [-60.77164030412649, 46.14280241527353], [-60.77165535541203, 46.14279105332855], [-60.77169785735213, 46.14275498067949], [-60.77173829408177, 46.14271553759624], [-60.77180486477791, 46.14270549539188], [-60.7718074862451, 46.14270534850715], [-60.771872737558766, 46.14270168880492], [-60.771935313210925, 46.14269887692612], [-60.77193837457047, 46.14269873861663], [-60.77200638632142, 46.14269790478639], [-60.77207141143716, 46.1426972826889], [-60.77223686994946, 46.14269455969249], [-60.77224560313663, 46.142693766932325], [-60.77230132890621, 46.14268871520369], [-60.772336541617925, 46.14271775296525], [-60.772391119642876, 46.1427068105657], [-60.77239998331468, 46.142705030295716], [-60.77240465673667, 46.14270441038188], [-60.77246532173608, 46.14269632273874], [-60.77252958396599, 46.14268893522032], [-60.77259675741414, 46.14268673463781], [-60.77266627102774, 46.14267755933787], [-60.77268257747425, 46.14267262999826], [-60.772727486238246, 46.14265904183821], [-60.772787688136795, 46.14263996452999], [-60.772853888573515, 46.14262946447745], [-60.77286138041912, 46.14262862947224], [-60.772922039342696, 46.14262197252883], [-60.7729705094742, 46.142607724660934], [-60.772982053709235, 46.142604331523884], [-60.773022704649, 46.14256597220742], [-60.77304707301878, 46.14252360535613], [-60.77306707267916, 46.14247719318129], [-60.77308807100212, 46.14244999828285], [-60.77309958790708, 46.1424350841118], [-60.77310651688007, 46.14238849817658], [-60.77310466242166, 46.142380865709384], [-60.77309529969304, 46.14234237759646], [-60.7730936962558, 46.14229802846096], [-60.77309340028101, 46.14228995834946], [-60.7730951243167, 46.14228220662114], [-60.77310386008401, 46.14224282920557], [-60.77311668762337, 46.142197348276824], [-60.77312626421675, 46.14215253301523], [-60.77313327392145, 46.14204295497059], [-60.77313236107965, 46.14201518899859], [-60.77313176815664, 46.14199682566154], [-60.77313019849233, 46.141975392157605], [-60.77312817759015, 46.14194781159759], [-60.77312716693043, 46.141920223726274], [-60.773126377771455, 46.14189902144357], [-60.77312240898485, 46.14185328514689], [-60.773119246256954, 46.14184117199092], [-60.77311064376935, 46.14180823392911], [-60.7730979755212, 46.14178589107677], [-60.77308475204807, 46.141762547359036], [-60.77307090115983, 46.14173999244491], [-60.77305718461744, 46.141717638155974], [-60.77302480157499, 46.14167623523687], [-60.7729943314496, 46.141632349486656], [-60.772976592359996, 46.14161855714997], [-60.77295051727219, 46.1415982840568], [-60.772911230197344, 46.14155791658119], [-60.77290066746089, 46.14151162872481], [-60.7728945176953, 46.14148882788429], [-60.772888616285066, 46.14146693192278], [-60.772880051944064, 46.14143529964067], [-60.77287622053132, 46.14142114835638], [-60.772872777848534, 46.1414082737034], [-60.772863509225196, 46.14137355856056], [-60.772846692995465, 46.14133464611986], [-60.772844205729925, 46.141328900392935], [-60.77283964152387, 46.14132521126977], [-60.77280132291728, 46.141294223031885], [-60.77276555712798, 46.14125644425262], [-60.77275545365642, 46.14121161439499], [-60.77275652935696, 46.141162484266715], [-60.772757349360326, 46.14112322257509], [-60.77275748859039, 46.14111624099105], [-60.77276404003626, 46.14106938669673], [-60.77276456300063, 46.141067335803186], [-60.77277543521104, 46.14102442689987], [-60.77278240687017, 46.140998929707024], [-60.77278864976223, 46.14097609142171], [-60.77284824270664, 46.14086357821825], [-60.772858585543005, 46.140844059986705], [-60.772877508759464, 46.14082785014263], [-60.77289935611733, 46.14080912318399], [-60.77291489811772, 46.14079424248519], [-60.77293747141982, 46.140772604544516], [-60.77294072659573, 46.140727216052134], [-60.77294592486, 46.14069817413119], [-60.77294925474015, 46.14067950023617], [-60.77298891879633, 46.14064310177108], [-60.77298830716613, 46.14059727789073], [-60.772974996826285, 46.14057449048633], [-60.77296287238834, 46.14055376028272], [-60.77292710817291, 46.14051274144147], [-60.772912449483044, 46.14046528469295], [-60.772908196910656, 46.140419848860056], [-60.77289535154549, 46.14037558658976], [-60.77289278179209, 46.14033722185916], [-60.77289228186649, 46.14032971479348], [-60.77289184734859, 46.14032315404321], [-60.77288930891539, 46.140284654916954], [-60.77288558766388, 46.140258787276075], [-60.772882634894415, 46.140238262842786], [-60.772870900767316, 46.14019213214839], [-60.77285140091362, 46.14014882020377], [-60.77284976136021, 46.14013008544314], [-60.7728473346152, 46.14010229895071], [-60.772861469480596, 46.140092125031565], [-60.77288240485794, 46.140077061455216], [-60.77289883672601, 46.1400747806421], [-60.77294672564927, 46.14006814477956], [-60.77299435393489, 46.14004550113117], [-60.773000188718555, 46.140042725736514], [-60.77304528235134, 46.14000652308369], [-60.77306786954256, 46.139982284274495], [-60.773082769467656, 46.13996630199006], [-60.77309292173785, 46.13994155079665], [-60.773103304937784, 46.13991621007777], [-60.77316825581413, 46.13990739556202], [-60.77326849877791, 46.13983348500993], [-60.773298555884125, 46.13982242429583], [-60.773325918382646, 46.13981236410457], [-60.7733889148164, 46.13979775112689], [-60.773450203209634, 46.1398004485723], [-60.773454830069944, 46.13980065574366], [-60.77345603276256, 46.1398010121955], [-60.77351636244278, 46.139819135584354], [-60.77351937322227, 46.13981928425935], [-60.77358303946672, 46.13982241498713], [-60.77364173950787, 46.13980196690199], [-60.7736575175934, 46.13978186147675], [-60.77367340460582, 46.13976162316599], [-60.77367868683851, 46.13975328373177], [-60.773701886906196, 46.13971672621041], [-60.77373161981641, 46.13968062899208], [-60.77373646666158, 46.13967473817686], [-60.77377343881905, 46.13963442581797], [-60.773794165390775, 46.13961425478662], [-60.773811441834646, 46.1395974456747], [-60.773828546773295, 46.13957686205676], [-60.77384654980063, 46.1395551978876], [-60.77387090527476, 46.139533972499905], [-60.77389230864259, 46.139515317701665], [-60.7739226949651, 46.139471357825855], [-60.77395177909558, 46.139430792717604], [-60.773970062305075, 46.1393851569586], [-60.7739701914134, 46.139358833344225], [-60.7739702913377, 46.13933772938522], [-60.773967349106364, 46.13931886125408], [-60.77396308812293, 46.139291597070084], [-60.77393255321985, 46.139249330361324], [-60.77390427780593, 46.13920882674101], [-60.77387286625828, 46.139183166649325], [-60.773860894855375, 46.1391734109898], [-60.77379650455099, 46.13916513608724], [-60.77367123940817, 46.13913461407128], [-60.77364447325457, 46.1391295743169], [-60.77360776116331, 46.13912266667569], [-60.77355494549465, 46.139110549007576], [-60.77354554194973, 46.13910839467828], [-60.7734802352507, 46.1390936304614], [-60.77341602438823, 46.139080588635764], [-60.773348568413915, 46.139077383957044], [-60.77331297065271, 46.139058257411406], [-60.77329521633615, 46.13904871300368], [-60.773261753317776, 46.13900522799704], [-60.773253874548175, 46.13898870274134], [-60.77324133947541, 46.13896242932103], [-60.7732527166526, 46.138947107387274], [-60.77327241879653, 46.1389205532096], [-60.77330145713464, 46.138917725993885], [-60.77333936068037, 46.13891402749681], [-60.773383192114935, 46.138886620486886], [-60.77339194563563, 46.13883971905273], [-60.77343161166513, 46.138803230460766], [-60.773596278991825, 46.1387395664703], [-60.77364458302412, 46.13872645812565], [-60.77368160861716, 46.13872141035002], [-60.77370928625078, 46.13871764747738], [-60.77372014523615, 46.138709713717844], [-60.773755042127426, 46.138684247563354], [-60.77381463713243, 46.13866083769786], [-60.773874461458774, 46.138638161300705], [-60.77388633070229, 46.138629896194026], [-60.77392055161894, 46.13860609989067], [-60.7739572702489, 46.138568842659126], [-60.77396070452251, 46.138522197559304], [-60.773977199186255, 46.13849265564114], [-60.77398456729984, 46.13847946061991], [-60.774015139174516, 46.13843730440626], [-60.7740415240155, 46.1383962366609], [-60.774070413622624, 46.13835405665769], [-60.77409786270977, 46.13831228060138], [-60.774115467064554, 46.138264201482066], [-60.77412940552179, 46.13821713098837], [-60.77413379583197, 46.13819494055925], [-60.77413867576263, 46.13817023955993], [-60.774143669533736, 46.138123444825865], [-60.77417653710574, 46.138082143325924], [-60.77420369956327, 46.13805357422844], [-60.77421290733741, 46.13804388017968], [-60.77421861344769, 46.13802919470231], [-60.774231107590616, 46.13799707270388], [-60.77425581808415, 46.13794903298992], [-60.774380264541186, 46.13784274152657], [-60.774414371579134, 46.137813722629915], [-60.77442237476243, 46.1378069302257], [-60.774440721524705, 46.13779470506087], [-60.77447438058958, 46.13777230170589], [-60.774498520784185, 46.13775639121624], [-60.77452252797118, 46.13774056813461], [-60.77453627682035, 46.137729990469765], [-60.774567943113766, 46.13770563118883], [-60.774610984061844, 46.137669207919394], [-60.77465385002576, 46.13763359126037], [-60.77468710864638, 46.137592207223996], [-60.77472920665186, 46.137553155431384], [-60.77478194113986, 46.137519711013], [-60.77481586177483, 46.13750494498069], [-60.77484468233113, 46.137492401712265], [-60.77486049050567, 46.137476661889856], [-60.77488271899404, 46.13745453082052], [-60.774894861914284, 46.137420187811706], [-60.774899376925326, 46.13740742318656], [-60.77490447219997, 46.13739600191934], [-60.77491916030272, 46.137363076534015], [-60.77495352107537, 46.1373428467959], [-60.7749702172998, 46.137333019507025], [-60.77500793833692, 46.13732675179173], [-60.77503369423953, 46.13732246515343], [-60.775051184635636, 46.13732537986797], [-60.775098382188936, 46.13733326526816], [-60.775145562518254, 46.13730687683314], [-60.77517878202014, 46.13728829887574], [-60.77531240575327, 46.137240138598685], [-60.7754313627776, 46.13712796984718], [-60.775548617492724, 46.13702976343269], [-60.77562135990987, 46.136968851960006], [-60.77579032856896, 46.13683002528613], [-60.77583458044048, 46.136795965227215], [-60.77587428263613, 46.136780357386975], [-60.77589152879439, 46.13677358279984], [-60.775945961704174, 46.13674647117644], [-60.77596392959876, 46.1367021700036], [-60.775964035661794, 46.13667285779996], [-60.77596409953998, 46.13665295018199], [-60.7759826427356, 46.13663550836609], [-60.775997741563735, 46.136621293643785], [-60.776076319696585, 46.13657008088811], [-60.77616669638521, 46.13651522755729], [-60.77626494723395, 46.136480238263395], [-60.776297326930916, 46.1364577374652], [-60.77631143243227, 46.13644793156002], [-60.7763288767912, 46.13643430246732], [-60.7763544750375, 46.13641430678286], [-60.776398054469915, 46.136389854833745], [-60.776463641369546, 46.13638474098303], [-60.77647804158685, 46.136376938879316], [-60.77651644980523, 46.136356157410184], [-60.77657032570458, 46.136326784551066], [-60.77659509254172, 46.136324539402324], [-60.77664140381747, 46.13632033739688], [-60.776706036363194, 46.1363193090132], [-60.77670747449561, 46.13631928299574], [-60.776738754931316, 46.13630060384786], [-60.77675667653796, 46.136289909103084], [-60.77676568824335, 46.136270274601394], [-60.77678564010503, 46.13622683993846], [-60.776798324526986, 46.136181904800516], [-60.776796696149276, 46.136143567455484], [-60.77679633369894, 46.136134884026895], [-60.776778175842864, 46.13608745866298], [-60.776753933245296, 46.13604324503866], [-60.77672889639028, 46.13599946597288], [-60.77670208160911, 46.13595772239395], [-60.77668895634336, 46.13594029424104], [-60.77667124622066, 46.13591680060848], [-60.77664423280355, 46.13587388309921], [-60.77661560187074, 46.13583255417666], [-60.77657804603492, 46.135802275052306], [-60.7765713376015, 46.135796861274606], [-60.77652341497214, 46.1357619971996], [-60.77647492686086, 46.1357315322906], [-60.776472035397184, 46.13572971194255], [-60.77642467514502, 46.13569985398692], [-60.7763993075126, 46.13568905484027], [-60.77636956183079, 46.13567637940399], [-60.776339283828996, 46.135659562420365], [-60.77631865478445, 46.135648117447936], [-60.77626241627085, 46.13561722259244], [-60.77620311999965, 46.13559474656215], [-60.77614404767396, 46.13556992575782], [-60.77609845804632, 46.13553500790807], [-60.776033796960746, 46.135516837557134], [-60.77599361133572, 46.13550429182172], [-60.77597448381662, 46.13549832125105], [-60.77585451024879, 46.13546195534915], [-60.77584515834855, 46.135459496199424], [-60.77579198004964, 46.135445527415975], [-60.775727805952656, 46.135425557292855], [-60.77568353104921, 46.1354087916587], [-60.77567093215445, 46.13540401918375], [-60.77562049094759, 46.135370635760374], [-60.775557774108755, 46.135356274154766], [-60.77550084716906, 46.13533284484368], [-60.775470331755976, 46.13529300900497], [-60.77544752078174, 46.135248642961855], [-60.77542349847606, 46.135205423379546], [-60.77541562266566, 46.13518817829012], [-60.77540374880632, 46.135162196978925], [-60.77540222760493, 46.13514179047362], [-60.77540022131003, 46.135114786236436], [-60.77540347757969, 46.1350693076563], [-60.77540564655231, 46.13503121522782], [-60.77540611927487, 46.13502301607476], [-60.77540896994599, 46.13501427819629], [-60.77542177764414, 46.13497497984748], [-60.775424821804904, 46.134948262953], [-60.77542719063399, 46.13492738316407], [-60.77544304898691, 46.13488080889053], [-60.775461673001544, 46.134842388815144], [-60.77546436916646, 46.134836843066], [-60.77544374676853, 46.13481978181812], [-60.775422385421216, 46.134802103152495], [-60.77540931910462, 46.13475719779911], [-60.77543196512265, 46.13471245675982], [-60.77547659579159, 46.13467795418677], [-60.77547894196913, 46.1346756327637], [-60.77551569751697, 46.1346392937731], [-60.77553286214716, 46.134613958842735], [-60.77554680624352, 46.134593367417395], [-60.77555720656631, 46.13456272556045], [-60.77557413158629, 46.13451280588699], [-60.77556946328921, 46.134475714385786], [-60.77556795258604, 46.13446372345201], [-60.775550024970926, 46.13442026253387], [-60.775547008457345, 46.134415442596556], [-60.77552217280689, 46.13437570834661], [-60.77550347252519, 46.1343360035415], [-60.77550082496402, 46.134330380750974], [-60.775499502469586, 46.134325287781174], [-60.775489049859495, 46.13428523953176], [-60.77547644206687, 46.13423827301961], [-60.775458521474405, 46.134194641214705], [-60.775430737263065, 46.13415161839318], [-60.775410055686194, 46.13412735567049], [-60.775397360544616, 46.13411244684749], [-60.77535748324738, 46.134073958754065], [-60.77533123301845, 46.13403142479567], [-60.775315887108945, 46.13398494497256], [-60.775291433862776, 46.133942797009524], [-60.77527001752534, 46.1338991781083], [-60.77525011512053, 46.1338533295833], [-60.77522439701678, 46.13381365908494], [-60.77522147245661, 46.13380912894162], [-60.775181735724956, 46.13377037350989], [-60.77513318594417, 46.133738286746535], [-60.775072493831495, 46.13371838405146], [-60.77503204992491, 46.1336994336624], [-60.7750165869777, 46.13369217523268], [-60.7750128014977, 46.13367366870771], [-60.77500718035228, 46.133646099039666], [-60.77500618443913, 46.13362101354858], [-60.77500531643517, 46.13359917969047], [-60.7750053407204, 46.13357608515296], [-60.77500536210743, 46.13354984942147], [-60.77500550143271, 46.13354478491299], [-60.77500560597207, 46.133540583764876], [-60.77500957842927, 46.13349340005686], [-60.77501239965339, 46.13347382513858], [-60.77501640329554, 46.133446109889356], [-60.77504345703451, 46.13340442488493], [-60.77506740965353, 46.133378979197516], [-60.775079987508036, 46.13336562453792], [-60.7750947448734, 46.133343158918635], [-60.77510743321931, 46.133323848146695], [-60.77512965014283, 46.13329103332506], [-60.77513660123727, 46.1332807732289], [-60.77514088385941, 46.133275051370205], [-60.77516697826363, 46.133240142952204], [-60.77519228035585, 46.13320401304695], [-60.77519802122783, 46.13319583547307], [-60.775207309004855, 46.13317481139995], [-60.77523648412261, 46.13310874058656], [-60.77524654302437, 46.13308110723519], [-60.77525264353849, 46.13306432328396], [-60.77525224787661, 46.13304490172882], [-60.77525168528132, 46.13301741256963], [-60.77525045214126, 46.132977003787666], [-60.77525017443501, 46.13296815099231], [-60.77525517387696, 46.13292117627785], [-60.775258670070635, 46.132910551886866], [-60.7752708132351, 46.132873598706844], [-60.77528323312085, 46.13282559842885], [-60.775324302734624, 46.13280875734535], [-60.775389052398694, 46.132801827734276], [-60.77542414066267, 46.132762819185636], [-60.775429965287735, 46.13275320316721], [-60.775449535903505, 46.13272083177795], [-60.77547449794054, 46.13263978321633], [-60.775495111757216, 46.1325728346116], [-60.775545969128764, 46.13246115784287], [-60.775570184555924, 46.132418886424965], [-60.77558859397999, 46.13237323482076], [-60.77559327682933, 46.1323540381444], [-60.7756006866118, 46.13232370706706], [-60.77561472096108, 46.132285431607485], [-60.775618283577884, 46.13227572653813], [-60.775629586257274, 46.13222652541631], [-60.77562976531559, 46.13221950859386], [-60.77563080860726, 46.13218010717315], [-60.775635699467905, 46.13215092410517], [-60.77563864983595, 46.132133277766826], [-60.7756423104106, 46.132117283327126], [-60.775649646299776, 46.132085249732256], [-60.77566452443441, 46.13204080742075], [-60.77568643536062, 46.13199146180179], [-60.77570436260941, 46.13194491875044], [-60.77571631879229, 46.13189555933273], [-60.77572072526361, 46.131847222987716], [-60.775726257090284, 46.13181015904555], [-60.77572746233507, 46.13180209115312], [-60.775734649759485, 46.1317554200171], [-60.77573818941586, 46.131735355040455], [-60.77574304048276, 46.13170780026309], [-60.77575406809414, 46.131671851353694], [-60.77575837583643, 46.13165778659249], [-60.77576021548391, 46.13164682392188], [-60.775766053722954, 46.131612115045286], [-60.77577017598302, 46.13158144094149], [-60.7757727264118, 46.13156247275458], [-60.7757759603316, 46.13151078343182], [-60.7757769583863, 46.1315033595336], [-60.77578241464414, 46.131463026971865], [-60.775794074671936, 46.13141780195972], [-60.775814368805335, 46.131373555063554], [-60.77582538304989, 46.13133632782912], [-60.77582845494871, 46.1313259471698], [-60.77583077354072, 46.131317234919926], [-60.77584111817383, 46.131278311574185], [-60.77585832583338, 46.13123355456539], [-60.77587996398816, 46.13119514807656], [-60.775883700853214, 46.13118850652446], [-60.77590108850612, 46.131142492957], [-60.77593285904714, 46.1310993604812], [-60.775964631046506, 46.13105940516487], [-60.77597426825733, 46.13101297070448], [-60.77597863130668, 46.130965704545574], [-60.775979695995055, 46.130916763110214], [-60.77597967202448, 46.13089485567693], [-60.77597967515412, 46.13086906059951], [-60.77597959014771, 46.130819736767904], [-60.7759815665252, 46.130744297907526], [-60.77598198702489, 46.13072806937596], [-60.77598496337454, 46.13067987618201], [-60.77598495663615, 46.13067618588788], [-60.775984885312454, 46.13065288247044], [-60.775984877125374, 46.13064922814969], [-60.7759848728745, 46.13064676195803], [-60.7759843631758, 46.130631451360635], [-60.77598358439774, 46.130608035167555], [-60.775981792450104, 46.1305593081351], [-60.77598001056836, 46.130534441352395], [-60.77597839431776, 46.13051189089594], [-60.77597417473052, 46.13048969478133], [-60.77596953008853, 46.13046519529101], [-60.77596382604921, 46.13043775004908], [-60.7759598792591, 46.130418745384745], [-60.775957882520345, 46.13039728556956], [-60.77595562862384, 46.130373210633074], [-60.77594888874414, 46.13032519731789], [-60.775945046861715, 46.13027562034284], [-60.77593553836671, 46.1302291732038], [-60.77591892695363, 46.130185197912], [-60.7759026720525, 46.130138799449966], [-60.77587560757387, 46.13009723078255], [-60.77585496636223, 46.13006974676703], [-60.775845014440755, 46.13005649345628], [-60.77583593310895, 46.130044445144975], [-60.77581429200106, 46.130015753604255], [-60.77580165171503, 46.12998568021239], [-60.77579515493537, 46.129970208058104], [-60.77579020167551, 46.129952731861664], [-60.775782231079255, 46.12992467545924], [-60.77576485463364, 46.1298804152375], [-60.77574075198977, 46.12983602406845], [-60.775727821464855, 46.12980930216588], [-60.77571948060413, 46.12979204802896], [-60.775695751596096, 46.12974802413964], [-60.77569337290533, 46.12974151554438], [-60.77567873176359, 46.12970134073839], [-60.775669939002256, 46.12967377234302], [-60.77566390366536, 46.12965488001204], [-60.775660252252514, 46.1296362591022], [-60.77565478716693, 46.129608350472395], [-60.775649849369344, 46.12957988508266], [-60.77564689846892, 46.12956283487924], [-60.77564514924028, 46.12951626876085], [-60.77565266175341, 46.129471161012496], [-60.775669076142336, 46.129423589452685], [-60.775675077214935, 46.12940251034408], [-60.77568204049151, 46.129378110819474], [-60.77569255406296, 46.129332413464546], [-60.77570083152039, 46.129297239044156], [-60.77570349757298, 46.12928600444653], [-60.77573371820962, 46.12925851153713], [-60.77576613552627, 46.1292346525432], [-60.775787213723405, 46.12921913217679], [-60.77585014111522, 46.129199485268764], [-60.77585143786465, 46.12919942950885], [-60.77589267985523, 46.12919752323425], [-60.77590516497887, 46.12919640721521], [-60.775931396066525, 46.12919404671], [-60.77598705300511, 46.12917846138486], [-60.77600026293094, 46.12917477634954], [-60.77600268495942, 46.12917377944937], [-60.7760500223222, 46.129154233979435], [-60.776111783326385, 46.12914008146821], [-60.77614528297177, 46.12913241715155], [-60.7762476173805, 46.129111097939926], [-60.77625605474591, 46.12911052412681], [-60.776315247096676, 46.12910647396157], [-60.7763794892237, 46.12909853486886], [-60.77644431223908, 46.12909674531751], [-60.77650980618532, 46.129096939873904], [-60.776577216671306, 46.1291041920012], [-60.77659276644609, 46.12910958883306], [-60.7766351771587, 46.12912431077099], [-60.776685419458275, 46.129151578642684], [-60.77668901730579, 46.12915352973871], [-60.776694947319335, 46.12915575122737], [-60.77679868993564, 46.12919463559478], [-60.77685230931446, 46.12920329327724], [-60.77695148426751, 46.12921929961628], [-60.77701734738894, 46.129242488083854], [-60.77707324195365, 46.12926216141639], [-60.77722715665201, 46.12931721421253], [-60.777322866866925, 46.12935145063326], [-60.77738776578703, 46.129383809535874], [-60.777511827627286, 46.12944567052957], [-60.77760890689233, 46.12950991366841], [-60.77761888081154, 46.129516515959295], [-60.77773649841506, 46.12959827724392], [-60.77777001339694, 46.1296661620938], [-60.77777056856506, 46.12972314541351], [-60.777788699002365, 46.12981305201281], [-60.777859367555244, 46.12986290263126], [-60.777860072379866, 46.129863402361075], [-60.777859797285444, 46.129908849021035], [-60.77783346980148, 46.129961538320416], [-60.777823973762374, 46.12997748234002], [-60.77779209749529, 46.13003101774997], [-60.77777045381979, 46.130068641463374], [-60.77772208716527, 46.13015269147602], [-60.77768633145296, 46.130230569477156], [-60.777653097698895, 46.130284375455616], [-60.777657906021055, 46.130332171089606], [-60.7777179315396, 46.13036052883255], [-60.77774354243198, 46.13037262848664], [-60.77786000993922, 46.13039486563399], [-60.77788998114208, 46.13040058777445], [-60.77793672504826, 46.130411568331304], [-60.77805541242606, 46.130439446699334], [-60.77810661373035, 46.13046190837472], [-60.77820437289353, 46.13050480627336], [-60.77830839975464, 46.130602683385405], [-60.778421430934216, 46.130689124971965], [-60.77852257594623, 46.13073701164823], [-60.7785667589097, 46.13075792359236], [-60.77868366340775, 46.130780267397164], [-60.77881850172643, 46.13078801907359], [-60.77914839611054, 46.1307901118316], [-60.77937750005131, 46.13078763460804], [-60.779429866727476, 46.13078338715996], [-60.77960049953155, 46.13076955760884], [-60.779819657228835, 46.130727572470526], [-60.77985554662544, 46.13072069153644], [-60.78005463849918, 46.13068257321873], [-60.7804513471223, 46.130606621899375], [-60.78072141825371, 46.130560754876754], [-60.780824600435274, 46.13051191581929], [-60.78089390663746, 46.13047913244798], [-60.781094067022366, 46.13036862488068], [-60.781175596099466, 46.130348337257246], [-60.78131649045514, 46.13031327170155], [-60.78163706394132, 46.13031369120303], [-60.78166418307712, 46.130313722727564], [-60.78184572150041, 46.13034514854901], [-60.7819466236107, 46.13039108338888], [-60.78199648371504, 46.13041377829153], [-60.78216146996743, 46.130483133965186], [-60.78234964191177, 46.1305231481224], [-60.782401715029735, 46.13057069089326], [-60.78245474699975, 46.13065561289402], [-60.78244942085447, 46.13069540827402], [-60.78243938889288, 46.13077051087473], [-60.78246100627947, 46.13083986447833], [-60.782475398145586, 46.13088605482653], [-60.78251788963562, 46.13095074633471], [-60.78252407449339, 46.130960172781904], [-60.78253114227251, 46.130969211346965], [-60.782566430543945, 46.13101437618179], [-60.782659043695695, 46.131113008834106], [-60.78266486141975, 46.13114609018752], [-60.78267430995393, 46.13119997891439], [-60.782633933192365, 46.13130314987714], [-60.78272300693262, 46.131375810645025], [-60.78272355840087, 46.13137626236652], [-60.782755961937845, 46.1313981681384], [-60.78277838345259, 46.13141332790153], [-60.782816155800944, 46.131426940475485], [-60.783006676336655, 46.131495611369715], [-60.78318333556217, 46.13151938004337], [-60.78341788160272, 46.13152330057328], [-60.78374220491049, 46.131522391839624], [-60.78390293158961, 46.13149414307708], [-60.78395849757277, 46.1314843753614], [-60.78415258014547, 46.13138364500092], [-60.78426888978963, 46.131330557235344], [-60.78442040868911, 46.131261393390744], [-60.78465807125924, 46.13111659528394], [-60.78484890386432, 46.13096449847054], [-60.78498271150136, 46.130791404943324], [-60.78500306669863, 46.13075900212427], [-60.78508932803014, 46.1306216633053], [-60.78517443480281, 46.13043627592674], [-60.7851995599667, 46.13038240959013], [-60.785225703694614, 46.13032638489644], [-60.78526464673148, 46.130232032607125], [-60.78530800859577, 46.13012691148051], [-60.78534783045146, 46.13004324166484], [-60.785380669354495, 46.12997423313282], [-60.7854495594574, 46.129819051543244], [-60.78546619477282, 46.12978674754362], [-60.78552170162658, 46.12967896360341], [-60.785548752757094, 46.12963225382791], [-60.785568710788645, 46.12959779111517], [-60.785630733943, 46.12957479114821], [-60.78569880164543, 46.12954955019074], [-60.78595064898076, 46.129489808017055], [-60.78606912743166, 46.12946385163251], [-60.78613296355361, 46.12944986891915], [-60.78632299107846, 46.12944680058852], [-60.78636520964972, 46.129444747444644], [-60.786648288772874, 46.12943096183559], [-60.78684412619685, 46.12942827520027], [-60.787091229750686, 46.12939318971237], [-60.787347525920396, 46.129393923286166], [-60.78746676947133, 46.12940604294562], [-60.78760839556503, 46.12939294476546], [-60.78782062598679, 46.12933972164585], [-60.788128979832955, 46.12926531804099], [-60.78819438819439, 46.129244704319504], [-60.78827935773014, 46.12921791693875], [-60.78848899468, 46.12914214138106], [-60.78854298332003, 46.12912545560007], [-60.78868140815811, 46.12908268282202], [-60.78877603342855, 46.12904880063204], [-60.78887696242103, 46.12901266425357], [-60.7889602927307, 46.1289918839086], [-60.7891454009859, 46.12894576489058], [-60.789326032215335, 46.128886006149926], [-60.78934506791056, 46.12887969617257], [-60.789603947367404, 46.128818731944996], [-60.789693978738164, 46.12881066326056], [-60.7898675903941, 46.12876163944428], [-60.78999720609191, 46.128754246233065], [-60.79015879184682, 46.12875989177711], [-60.790315144492354, 46.1287960372318], [-60.790593483857315, 46.12878575033442], [-60.79075203144469, 46.12877026635874], [-60.79095255552233, 46.12875067055213], [-60.791203853246216, 46.128725800705155], [-60.79122262010993, 46.128723940414034], [-60.79132994113413, 46.12870756430528], [-60.79147275836225, 46.128682090813136], [-60.79151703523113, 46.128674189292276], [-60.791551563996194, 46.128672129595856], [-60.79167754713517, 46.128664601259295], [-60.79175263756366, 46.12866532356863], [-60.791797487594756, 46.12866574938323], [-60.79192061224439, 46.12866560885971], [-60.79201191692483, 46.12866809341963], [-60.792096359647964, 46.12868582697966], [-60.792197400745785, 46.12870704935966], [-60.79251882531435, 46.128794443588724], [-60.79252956057023, 46.12879693710332], [-60.792587713064094, 46.1288104451848], [-60.7926333356311, 46.128845636125526], [-60.792674726404556, 46.12887755915152], [-60.792792899742224, 46.12889994002441], [-60.792848812891975, 46.12891053358541], [-60.79292945842532, 46.128927419139494], [-60.79310968466443, 46.1289651649825], [-60.793195020997, 46.129012715298664], [-60.79321347886702, 46.12902215320902], [-60.7932802698138, 46.1290563036861]]}, "properties": {"OBJECTID": 158504, "FEAT_CODE": "WARV10", "FEAT_DESC": "Double Line River - Water to the left line", "RIVNAME_1": "Peters Brook", "RIVNAME_2": " ", "ZVALUE": 9999, "FID": null, "SHAPE_Length": 5215.4159279258265}}, {"type": "Feature", "id": 158505, "geometry": {"type": "LineString", "coordinates": [[-60.7932802698138, 46.1290563036861], [-60.79333532626371, 46.129084458234246], [-60.79341655825637, 46.12912814894719], [-60.79341700774916, 46.12912856264604], [-60.79352583801628, 46.12922800370797], [-60.79356500402686, 46.12925406918812], [-60.79359506591611, 46.12927407258298], [-60.79364638653379, 46.12927455962366], [-60.793677365314004, 46.12927485183655], [-60.793748651898476, 46.12926938810817], [-60.79389727404178, 46.129227255941174], [-60.79408974812999, 46.12914312836144], [-60.794238970997924, 46.12906713886026], [-60.79426549081796, 46.129053637227734], [-60.7943873013228, 46.128972645121394], [-60.79444166761803, 46.12888550874734], [-60.79445493130861, 46.12886423584294], [-60.79448932621492, 46.128797126814845], [-60.79453761337623, 46.12863821189245], [-60.794544358797594, 46.128530877373], [-60.7944921663427, 46.128349951964516], [-60.79443886467287, 46.12822274648178], [-60.79437838751436, 46.12810699496253]]}, "properties": {"OBJECTID": 158505, "FEAT_CODE": "WARV10", "FEAT_DESC": "Double Line River - Water to the left line", "RIVNAME_1": "Peters Brook", "RIVNAME_2": " ", "ZVALUE": 9999, "FID": null, "SHAPE_Length": 206.27775290326014}}, {"type": "Feature", "id": 158509, "geometry": {"type": "LineString", "coordinates": [[-60.79437838751436, 46.12810699496253], [-60.79435684388811, 46.128087633234564], [-60.79430439713724, 46.12804049371614], [-60.79426297289186, 46.12800486246786], [-60.794262330354385, 46.127998261772845], [-60.79425774419084, 46.127951029155504], [-60.794267973278785, 46.127856632462816], [-60.79429815574617, 46.12779288931119], [-60.7943130836584, 46.12776137909533], [-60.794323638003526, 46.127739873890576], [-60.79436028999891, 46.12766517612727], [-60.7944434868074, 46.12759965722954], [-60.794461462850855, 46.127585495598005], [-60.79458045465108, 46.12748779812564], [-60.79473989631578, 46.12744947386408], [-60.794813031283304, 46.12738111437055], [-60.79485970396976, 46.12733748121482], [-60.79487865695329, 46.12730532857711], [-60.79492523974387, 46.12722633109691], [-60.794990167319156, 46.12709149815583], [-60.795060593758485, 46.127019954090024], [-60.79519334451993, 46.12699551472988], [-60.79534881415047, 46.126995364658306], [-60.7954113394539, 46.12700663358223], [-60.795477977281976, 46.1270186478525]]}, "properties": {"OBJECTID": 158509, "FEAT_CODE": "WARV10", "FEAT_DESC": "Double Line River - Water to the left line", "RIVNAME_1": "Peters Brook", "RIVNAME_2": " ", "ZVALUE": 9999, "FID": null, "SHAPE_Length": 179.72865800508745}}, {"type": "Feature", "id": 164392, "geometry": {"type": "LineString", "coordinates": [[-60.80475018742735, 46.12305015498066], [-60.80491982658959, 46.123015612595886], [-60.805269142625576, 46.12295482024947], [-60.80537338526827, 46.12293702175096], [-60.80567113866084, 46.12290313896971], [-60.8058397052391, 46.12289557582172], [-60.80608630249093, 46.12287871032888], [-60.80621513168091, 46.12286138317456], [-60.80637147734089, 46.12283558378458], [-60.806630428654806, 46.12280095350822], [-60.80670748713878, 46.122783531963435], [-60.80681245735081, 46.122747745316474], [-60.80694235709559, 46.12270343668907], [-60.807110713502894, 46.122668866427894], [-60.80735637304006, 46.12264297979396], [-60.80742106400279, 46.122643321223215], [-60.80751199211037, 46.12263516570055], [-60.80769349135653, 46.12262784798935], [-60.80781032237096, 46.12261928921363], [-60.80797941447346, 46.122565830945824], [-60.80816081153295, 46.12249550772477], [-60.80836907345476, 46.122433799906275], [-60.80851190521568, 46.12238972855666], [-60.80867956867986, 46.122372252453815], [-60.8087834297778, 46.122364343966034], [-60.8091461409363, 46.12235689902527], [-60.80925000195406, 46.122348990111554], [-60.809287901655715, 46.12233981637097], [-60.809314482085696, 46.122322325222854], [-60.80932848554719, 46.12229559252015], [-60.809304431127856, 46.12227875957392], [-60.80930203829933, 46.12227708462123], [-60.80928911766174, 46.122276836879976], [-60.80920480469979, 46.12228107048178], [-60.80912050466075, 46.12228530426912], [-60.80918663478216, 46.12224967069088], [-60.80928993823018, 46.122222850207294], [-60.809471581972744, 46.1221795308369], [-60.809719021208984, 46.12210867123675], [-60.80982230142915, 46.12208274986638], [-60.8098999382669, 46.122083338056484], [-60.81001605484408, 46.12209276413194], [-60.81005489145476, 46.122092599495936], [-60.81014617447487, 46.12207545727812], [-60.81017239802411, 46.12206695949101], [-60.81019807682429, 46.122039550414776], [-60.81021114291274, 46.122003799236325], [-60.81038055172156, 46.12194224312155], [-60.81052338032786, 46.12189817819577], [-60.810588439853596, 46.12188952449288], [-60.81070431907683, 46.121871944116855], [-60.81087257428698, 46.12187246793561], [-60.810963632782496, 46.12182831055839], [-60.81114646234413, 46.121721999434044], [-60.811263541482276, 46.121641447669134], [-60.81136878193571, 46.12153365879826], [-60.81143517324182, 46.121426025706846], [-60.81147388059917, 46.12136376434139], [-60.81150062720696, 46.12130937421905], [-60.81158212748418, 46.121049023612514], [-60.811622615580696, 46.1209417942908], [-60.8116625582668, 46.12081565366167], [-60.81179524443812, 46.12053738241161], [-60.81194086234864, 46.12025935865345], [-60.81204800011458, 46.1199724974476], [-60.81220703549119, 46.11964972825496], [-60.812260845940756, 46.11953285334725], [-60.8123805929145, 46.11925433360893], [-60.81244743087113, 46.11910260646829], [-60.81261969144803, 46.1187071866009], [-60.81267398694522, 46.11854531874439], [-60.81270105134234, 46.118482834040464], [-60.812740159662525, 46.11841067945319], [-60.81283217151244, 46.11827653476805], [-60.81287288023817, 46.11819631040525], [-60.81291294857004, 46.118034170074985], [-60.812927436174974, 46.11796243515491], [-60.81295489162351, 46.11779196199815], [-60.812995410051236, 46.11768383268411], [-60.81312795092091, 46.11744155861951], [-60.81323268005768, 46.117280655791326], [-60.81327342301222, 46.11719953188996], [-60.8132864858635, 46.11716378027595], [-60.813290246542316, 46.116839828591615], [-60.8132643818755, 46.11683933355886], [-60.81323812533881, 46.1168487404686], [-60.81319897240508, 46.116856991494444], [-60.813186847182045, 46.11680364801205], [-60.8132011434822, 46.11670402612048], [-60.813202697305925, 46.116632061599425], [-60.81319057212067, 46.1165787181163], [-60.8131648380743, 46.11654222392945], [-60.813087114054554, 46.11647863342415], [-60.81298491398661, 46.11637947275754], [-60.81297496877137, 46.116372424075585], [-60.81284390439743, 46.11627957806767], [-60.81282312312174, 46.11626935180065], [-60.812805845993886, 46.11626083968625], [-60.81280303722767, 46.116258886830465], [-60.81278064505423, 46.11624325647361], [-60.81275931874917, 46.11623372179286], [-60.81267763875308, 46.116197182502816], [-60.812668893470786, 46.11618826668039], [-60.812651513607946, 46.116170581159366], [-60.812626848141214, 46.116107106080264], [-60.81261453368373, 46.11602586664065], [-60.81260341814647, 46.115881647290266], [-60.81261696793077, 46.115800903023185], [-60.81272383119893, 46.11558603902728]]}, "properties": {"OBJECTID": 164392, "FEAT_CODE": "WARV20", "FEAT_DESC": "Double Line River - Water to the right line", "RIVNAME_1": "Baddeck River", "RIVNAME_2": " ", "ZVALUE": 9999, "FID": null, "SHAPE_Length": 1301.6648772821463}}, {"type": "Feature", "id": 164394, "geometry": {"type": "LineString", "coordinates": [[-60.79657991806625, 46.12628594113105], [-60.79659540380673, 46.12627480027155], [-60.79661816624909, 46.12625841750321], [-60.796623471286615, 46.12625490165067], [-60.796663772446, 46.12622815563176], [-60.796720164552056, 46.12620008182716], [-60.79692106178462, 46.12611242172565], [-60.79697746715481, 46.12608757919271], [-60.79699173752968, 46.12607997000226], [-60.79703181203931, 46.126058574720204], [-60.79704815254583, 46.126050015393865], [-60.79709169942369, 46.126027237978164], [-60.79724263423062, 46.12597519160017], [-60.797259302553215, 46.12596944668815], [-60.79728744512824, 46.125964859029864], [-60.797289789087415, 46.125964508201875], [-60.797296430783106, 46.125963502197706], [-60.79744775755304, 46.125930183934805], [-60.79750617004016, 46.125917323362515], [-60.79751037868984, 46.125916954473716], [-60.79751291164023, 46.125916733289976], [-60.79758236578371, 46.125900620376825], [-60.79763874132267, 46.12587748701781], [-60.79770458180131, 46.12584941484602], [-60.79773340742991, 46.1258377569301], [-60.79777062711724, 46.12582269664429], [-60.79778856632858, 46.12581494206114], [-60.797843595400096, 46.12579116162049], [-60.79794172782322, 46.125758311472715], [-60.798009512454314, 46.125730168590664], [-60.798130471737316, 46.12567994642747], [-60.79816178818429, 46.12566911944058], [-60.79821106002541, 46.12565207717562], [-60.79825278237021, 46.12564095567432], [-60.79827686857474, 46.125634534525155], [-60.79830985041007, 46.12562544066594], [-60.79842862835929, 46.125613697859855], [-60.798481168281015, 46.12559454935538], [-60.79876815568943, 46.12550647472605], [-60.79897622057936, 46.12541777904813], [-60.799170608109584, 46.12534682032722], [-60.79935335438103, 46.12527563705249], [-60.7994477232085, 46.12523518878521], [-60.799607528948805, 46.125166677398454], [-60.79972869767865, 46.12514492583817], [-60.79978640099316, 46.125134561553764], [-60.7998136029425, 46.125128875111145], [-60.79987333374975, 46.12511635372891], [-60.79990547540866, 46.125113390502634], [-60.799929068423495, 46.125111216696816], [-60.79993217620219, 46.12511118653632], [-60.79993341608994, 46.12511125541363], [-60.80000039331612, 46.12511439019035], [-60.800053645775336, 46.12510982632886], [-60.800335046092265, 46.12511642338671], [-60.80034895258616, 46.12511760916131], [-60.80044121489431, 46.12512548766321], [-60.80047044194887, 46.12510534940783], [-60.800522666989, 46.125069372155814], [-60.80053380173654, 46.125052395746046], [-60.80054705796311, 46.125032202030425], [-60.80060187948607, 46.12489459721356], [-60.80063305842999, 46.12481632690793], [-60.800712600770154, 46.12466836142327], [-60.80077194084524, 46.124627921809896], [-60.80087504621091, 46.12457410392686], [-60.80095354093009, 46.12452071230977], [-60.8011489967958, 46.12442276958071], [-60.80143604406903, 46.12423568499381], [-60.80154018602253, 46.12415578529497], [-60.80171028070519, 46.124012351598886], [-60.80182807146604, 46.123914713443654], [-60.80199838452478, 46.12379828471863], [-60.80207724781418, 46.12373589901553], [-60.80212856618673, 46.123681983784984], [-60.802259902889844, 46.12360170652314], [-60.80225872262365, 46.12359916370769], [-60.80243353213709, 46.12351217113039], [-60.80260378128212, 46.12345065171592], [-60.80270788209756, 46.12341303403971], [-60.80274777578571, 46.123373299453824], [-60.80262442388872, 46.12333096537555], [-60.80252637883776, 46.12332925969098], [-60.802427427889675, 46.12332429635354], [-60.802360100789045, 46.123352783677205], [-60.802321842291654, 46.12336897753064], [-60.802284229708086, 46.12338715488355], [-60.802229470273296, 46.12338604754459], [-60.80219731835409, 46.12338539306578], [-60.80219336377526, 46.12338263487498], [-60.802172130644344, 46.123367807784184], [-60.80208190339856, 46.12335797173535], [-60.80187486881238, 46.12335668889341], [-60.80174452414854, 46.123346980789606], [-60.80152488792152, 46.12333645445266], [-60.80120231354712, 46.12334374758316], [-60.80112408488849, 46.12332514128699], [-60.80108598968222, 46.12330730735131], [-60.801072465597684, 46.12328904626332]]}, "properties": {"OBJECTID": 164394, "FEAT_CODE": "WARV20", "FEAT_DESC": "Double Line River - Water to the right line", "RIVNAME_1": "Baddeck River", "RIVNAME_2": " ", "ZVALUE": 9999, "FID": null, "SHAPE_Length": 739.291545905503}}, {"type": "Feature", "id": 164395, "geometry": {"type": "LineString", "coordinates": [[-60.801072465597684, 46.12328904626332], [-60.80105988984505, 46.12327980382701], [-60.8010476720824, 46.123261567877705], [-60.80107389752434, 46.12325307221599], [-60.801164469423526, 46.12325391529362], [-60.801371158561324, 46.12326419317852], [-60.80164291015834, 46.123265822138684], [-60.80190208590302, 46.12325820810661], [-60.80219970501208, 46.12326033339873], [-60.80225054016754, 46.12325141082183], [-60.80252264955026, 46.12324404416868], [-60.802897942657644, 46.12324586146752], [-60.80303992770609, 46.12325579208627], [-60.803091698456875, 46.12325588752652], [-60.80318225751663, 46.12325672875619], [-60.803221071693606, 46.123257475053244]]}, "properties": {"OBJECTID": 164395, "FEAT_CODE": "WARV20", "FEAT_DESC": "Double Line River - Water to the right line", "RIVNAME_1": "Baddeck River", "RIVNAME_2": " ", "ZVALUE": 9999, "FID": null, "SHAPE_Length": 172.09459402422286}}, {"type": "Feature", "id": 164550, "geometry": {"type": "LineString", "coordinates": [[-60.78506580167878, 46.14060703946072], [-60.78504941719184, 46.14058878407149], [-60.785031472569685, 46.14056875236077], [-60.785061635236, 46.140455932279714], [-60.78506390178775, 46.14044945994207], [-60.785141898961854, 46.14022707844638], [-60.78518784256178, 46.13985319312619], [-60.785318319769424, 46.13957968057352], [-60.78539395226938, 46.139479136237036], [-60.7854423680801, 46.139414767887345], [-60.78544819717308, 46.13934271579486], [-60.7854590415791, 46.13920889227271], [-60.78545573788932, 46.13907014132453], [-60.78545333829977, 46.13897018155174], [-60.78544471789574, 46.1388807036549], [-60.78543340643437, 46.13876341641104], [-60.78546556701627, 46.13859557056772], [-60.7854854799881, 46.138491624068045], [-60.78566981132598, 46.137988925011335], [-60.78577417972278, 46.13780679080019], [-60.78592846916214, 46.13753752811164], [-60.78619332913322, 46.13723971636179], [-60.78628328689081, 46.137138575936284], [-60.786666549071136, 46.13674368381943], [-60.786835837139, 46.13662686196573], [-60.78700754817546, 46.13650835871596], [-60.787338816283956, 46.136276714305836], [-60.7874836945574, 46.13621908233127], [-60.78771706162885, 46.13612626200327], [-60.78786830645446, 46.136089372701555], [-60.78802444017435, 46.1360513087942], [-60.78846646468292, 46.13594656867237], [-60.78853785658674, 46.13592965273594], [-60.788843030143376, 46.13585927184353], [-60.78910850486894, 46.13579804037548], [-60.78916708800099, 46.13579578082992], [-60.78955144392391, 46.13578095952414], [-60.79004140716674, 46.13576478652345], [-60.790435750039144, 46.13575176648083], [-60.790531357263575, 46.135748611165816], [-60.790698356208814, 46.13574923037046], [-60.79070748770902, 46.13574783187468], [-60.790744743550235, 46.13574211699076], [-60.79079457106986, 46.13573930029274], [-60.790826882972326, 46.13573354378934], [-60.79087292572462, 46.135725334647915], [-60.79089049506218, 46.13571010368147], [-60.790884610457134, 46.13567920857863], [-60.790871740159936, 46.135676331617795], [-60.79083392486605, 46.135667878116756], [-60.790800340437364, 46.1356617565069], [-60.79079086809214, 46.13566002528522], [-60.790629194931604, 46.1356334080783], [-60.79049577736127, 46.135609227144705], [-60.790439426310925, 46.13560003704315], [-60.790423915600655, 46.13559034967807], [-60.79041935599568, 46.1355874983807], [-60.790424675688286, 46.13558300206048], [-60.79042819962904, 46.135580028079026], [-60.790500917635164, 46.13558106533273], [-60.790625182933674, 46.135591307688664], [-60.79114038680956, 46.135622141056956], [-60.791188624611586, 46.13562378464666], [-60.79169077166093, 46.13564088053035], [-60.79181461672672, 46.13566811519969], [-60.791902069821326, 46.1356752595927], [-60.79190404407966, 46.13567542375277], [-60.791965456403155, 46.13567751963338], [-60.79196656668267, 46.13566917973061], [-60.79196804106113, 46.1356582097508], [-60.79195719625656, 46.13564676768607], [-60.79194605320646, 46.13563501384333], [-60.79195240616931, 46.135633813561654], [-60.79195948969203, 46.135632474391514], [-60.792003887334275, 46.135641117727495], [-60.792013445239355, 46.13564297650735], [-60.79202125096645, 46.135644621417775], [-60.79207583860424, 46.135656152762955], [-60.79227450358197, 46.13569986341574], [-60.79235707671768, 46.13571216939125], [-60.792675658474614, 46.13575963638599], [-60.79313975603481, 46.13588398643457], [-60.79355371827438, 46.13604093784923], [-60.793781831387946, 46.13616423794756], [-60.79386748221562, 46.13622785945429], [-60.79387512675213, 46.13623354229841], [-60.79387200799907, 46.13625068181627], [-60.79387031548447, 46.13625999153624], [-60.79386583301425, 46.13628501606113], [-60.793858478289785, 46.136326194820256], [-60.79384441503005, 46.13633696674629], [-60.79382296562867, 46.13635341029928], [-60.793804544131994, 46.13637086635609], [-60.793788774648725, 46.136385781508004], [-60.79378498136387, 46.13640813722226], [-60.793784190796075, 46.13641269415261], [-60.79379558814485, 46.136442075478975], [-60.79382982027549, 46.13645695708696], [-60.793863058465, 46.13647565365696], [-60.793881849152555, 46.13648622291946], [-60.793915535870994, 46.136508924305645], [-60.79393893062522, 46.136517998387944], [-60.79395340115171, 46.13652360601505], [-60.79398559370243, 46.136542552371345], [-60.793991210439415, 46.13654584695443], [-60.79403639716151, 46.13654545934527], [-60.794079909812446, 46.13651956830654], [-60.79412218069882, 46.13651795431739], [-60.79417697723243, 46.136514242034735], [-60.794213377669614, 46.136510174575875], [-60.794256526366155, 46.13650084615283], [-60.79426535497007, 46.13649892850301], [-60.7943374048757, 46.136471347188234], [-60.79440021284516, 46.136470939591526], [-60.79458019841383, 46.136428151940166], [-60.79472980292663, 46.13635249323354], [-60.79478368781984, 46.136325245056874], [-60.79493935955296, 46.13616183241312], [-60.794979286285916, 46.1360791783954], [-60.7950209355362, 46.1359929394502], [-60.79505678299123, 46.135895068029484], [-60.79508574350355, 46.13581598250251], [-60.79517361968482, 46.135583308262575], [-60.7953067711845, 46.13529642523461], [-60.7953158787514, 46.135247305858066], [-60.79535676575397, 46.135026748298536], [-60.79538839474352, 46.1349093365253], [-60.79539765069352, 46.134874980637825], [-60.79549771093856, 46.13462922064277], [-60.79549965258117, 46.13451864334202], [-60.79549071165696, 46.13450425021761], [-60.79547106535811, 46.134472639801636], [-60.79540963884359, 46.13446347122632], [-60.79529860000129, 46.13444690101403], [-60.79520725950605, 46.13447587476358], [-60.795185978415766, 46.13448261940548], [-60.795150414984235, 46.134529311161785], [-60.79511930501664, 46.13457016659431], [-60.79509242577804, 46.13460654946734], [-60.794990797895444, 46.13474400419567], [-60.794934831264875, 46.134818239322115], [-60.794919574733285, 46.13483848376132], [-60.794897945905014, 46.13499431305387], [-60.79488014479276, 46.13496837239247], [-60.79486344404723, 46.13494405503437], [-60.79483781304326, 46.13481495381409], [-60.794829061675046, 46.13477085401771], [-60.794846114718965, 46.13475684553063], [-60.79486600507507, 46.134740515699235], [-60.79490501585244, 46.134609772942504], [-60.7949287715063, 46.13456083729136], [-60.7949605960804, 46.13449528063691], [-60.795051609895935, 46.13447254704932], [-60.79509306289345, 46.13446219554254], [-60.79511604015015, 46.13445803976064], [-60.79515604794358, 46.13445081047728], [-60.79514095072069, 46.13436720254497], [-60.79513346699471, 46.13432571934357], [-60.79506210197875, 46.134193566493366], [-60.79503583199572, 46.13410899589408], [-60.79504195890807, 46.13398148862695], [-60.79508396265567, 46.133876274655684], [-60.79508114234408, 46.13381591762424], [-60.79507711611438, 46.133729994216424], [-60.795075537823806, 46.13364890625545], [-60.795074678899205, 46.133605894821365], [-60.795123011161785, 46.1334978058304], [-60.79520448205179, 46.13331553606868], [-60.79531111203276, 46.133018330726834], [-60.795324344174276, 46.13283410506562], [-60.79533382222279, 46.13270240523914], [-60.7953010260597, 46.13263246939166], [-60.79524911884875, 46.132521752999665], [-60.79516790355489, 46.13235005138879], [-60.79513045387565, 46.132270872288956], [-60.795116513897334, 46.132091495496155], [-60.79511036705756, 46.13188877806818], [-60.79500741229367, 46.13172109398582], [-60.794745088875224, 46.13144340924039], [-60.79460906853528, 46.13134910579733], [-60.79457616575549, 46.13132629372084], [-60.79435755231659, 46.13116978702697], [-60.79421985219098, 46.13105923197899], [-60.79420766035562, 46.13104943818694], [-60.79419007440215, 46.13098411583548], [-60.7942119014095, 46.13094584454058], [-60.794242971973276, 46.13089135297921], [-60.79423338074768, 46.13079440458878], [-60.79418682210757, 46.1307090100376], [-60.79419798083539, 46.13066687861982], [-60.79421651771398, 46.13059688941962], [-60.79436383950621, 46.13046778774442], [-60.794441248402784, 46.130377451055764], [-60.79451034701354, 46.13029681832891], [-60.79470689128612, 46.1301912303441], [-60.79486144608769, 46.13010819664062], [-60.795252369491664, 46.12993690308802], [-60.79532495735887, 46.1298852374621], [-60.795440234476935, 46.12980318213077], [-60.79560947702692, 46.12966281029199], [-60.795720480025714, 46.129479264768776], [-60.79572763481617, 46.12943362679818], [-60.79574287687234, 46.129336500587364], [-60.79570799708998, 46.129192631379766], [-60.79570297238621, 46.12917192353424], [-60.795594832526525, 46.12895908389464], [-60.79556950811505, 46.1289092371174], [-60.795519603178825, 46.12879090907845], [-60.79552879902687, 46.12869413424793], [-60.79554483024998, 46.12852534412761], [-60.79556874011249, 46.128302505628014], [-60.795580311170866, 46.12816307873448], [-60.795588197546365, 46.12806797069984], [-60.795586046739686, 46.12799634004895], [-60.7955831965084, 46.12790136687456], [-60.79558966257703, 46.127834060659325], [-60.795594285498815, 46.12778601573214], [-60.79563429097003, 46.12769471352948], [-60.79564067036942, 46.12763638803339], [-60.79565161680926, 46.12753628080343], [-60.79564099287388, 46.12742753104074], [-60.79563958238336, 46.127412923183826], [-60.795543779076404, 46.127306220126876], [-60.79547309130923, 46.12721242214388], [-60.79549738400916, 46.12714214774455], [-60.79554694081948, 46.127038879318164]]}, "properties": {"OBJECTID": 164550, "FEAT_CODE": "WARV20", "FEAT_DESC": "Double Line River - Water to the right line", "RIVNAME_1": "Baddeck River", "RIVNAME_2": " ", "ZVALUE": 9999, "FID": null, "SHAPE_Length": 2552.0864437373}}, {"type": "Feature", "id": 164867, "geometry": {"type": "LineString", "coordinates": [[-60.79554694081948, 46.127038879318164], [-60.795477977281976, 46.1270186478525]]}, "properties": {"OBJECTID": 164867, "FEAT_CODE": "WARV20", "FEAT_DESC": "Double Line River - Water to the right line", "RIVNAME_1": "Baddeck River", "RIVNAME_2": " ", "ZVALUE": 3.47, "FID": null, "SHAPE_Length": 5.784643463068497}}, {"type": "Feature", "id": 164868, "geometry": {"type": "LineString", "coordinates": [[-60.795513329211204, 46.126946957763145], [-60.79551347220905, 46.126946942521435], [-60.795514409239175, 46.126946816594774], [-60.79553453778513, 46.12694422583511], [-60.795608075750195, 46.12689524246145], [-60.79563261866733, 46.12687869623386], [-60.79564000155156, 46.12687371744991], [-60.795648427810455, 46.12686854278629], [-60.79566866512377, 46.12685608966529], [-60.795694932821704, 46.12683621955256], [-60.79571217754518, 46.126823177663944], [-60.79572460268269, 46.12680926875512], [-60.795735347131135, 46.126797253504975], [-60.79575441439007, 46.12677324828522], [-60.795764512788445, 46.126760554538876], [-60.79579827337333, 46.12671575384916], [-60.7958152847101, 46.12669169095494], [-60.79581508576784, 46.1266704011752], [-60.79581494134211, 46.126654881702386], [-60.795822366848334, 46.12662450460495], [-60.79583825625616, 46.12661201257577], [-60.79587889554087, 46.12658005312653], [-60.795946476358296, 46.12653760590528], [-60.795983628270285, 46.12651323848296], [-60.79600203840671, 46.12650115507312], [-60.796079402032746, 46.12645683539574], [-60.796115314196655, 46.12643076994189], [-60.79614378788361, 46.126410105240296], [-60.7962385365401, 46.12632552899899], [-60.7963086875215, 46.126283860169], [-60.7963303301041, 46.12627316211113], [-60.796363883473724, 46.12625657350508], [-60.79641134339587, 46.126245716345444], [-60.79642266944846, 46.12624312666428], [-60.796453535808816, 46.126241651879916], [-60.796459015078476, 46.12624382764725], [-60.79647518049405, 46.12624939565193], [-60.796519909905854, 46.12626480295131], [-60.79653734688925, 46.126270944494784], [-60.79657991806625, 46.12628594113105]]}, "properties": {"OBJECTID": 164868, "FEAT_CODE": "WARV20", "FEAT_DESC": "Double Line River - Water to the right line", "RIVNAME_1": "Baddeck River", "RIVNAME_2": " ", "ZVALUE": 3.77, "FID": null, "SHAPE_Length": 121.94077834029659}}, {"type": "Feature", "id": 164869, "geometry": {"type": "LineString", "coordinates": [[-60.803221071693606, 46.123257475053244], [-60.80327284244932, 46.12325757041142], [-60.80346802874831, 46.12323162173121], [-60.803661563942086, 46.12321464137858], [-60.803752850983074, 46.12319749534783], [-60.8039603922554, 46.123153782518095], [-60.8041409933271, 46.12313655274823], [-60.804257790091036, 46.12312889698875], [-60.80451781619242, 46.12306729095502], [-60.80458287791704, 46.12305864071554], [-60.80475018742735, 46.12305015498066]]}, "properties": {"OBJECTID": 164869, "FEAT_CODE": "WARV20", "FEAT_DESC": "Double Line River - Water to the right line", "RIVNAME_1": "Baddeck River", "RIVNAME_2": " ", "ZVALUE": 9999, "FID": null, "SHAPE_Length": 120.97694787037366}}, {"type": "Feature", "id": 178471, "geometry": {"type": "LineString", "coordinates": [[-60.802627472418834, 46.12825568167372], [-60.80236863106717, 46.12825430341772], [-60.802303920734644, 46.1282539587621], [-60.80218779284675, 46.128244524649176], [-60.80199366190475, 46.12824349026576], [-60.801941909354106, 46.128242494644894], [-60.80186463499394, 46.128232907633944], [-60.80182579450056, 46.1282330604143], [-60.8016313056755, 46.12824101892387], [-60.80159245224379, 46.1282411713759], [-60.80151446201117, 46.12824957114295], [-60.801450316297554, 46.128267237657376], [-60.80133374113459, 46.12830188700261], [-60.801280891295775, 46.12832878019031], [-60.801189814432945, 46.12837292947304], [-60.80116355038631, 46.12838233345522], [-60.801046822808004, 46.12845299015302], [-60.801007266769616, 46.12847111167199], [-60.80096864506278, 46.1284982785559], [-60.80091618909904, 46.12851526972095], [-60.80083874984707, 46.12854168042064], [-60.8007736814812, 46.12855031940073], [-60.80065649116337, 46.12856788246507], [-60.80057906501207, 46.12859428424046], [-60.80056613003806, 46.12859403523812], [-60.800553195064204, 46.12859378623432], [-60.80054996608157, 46.12859165398406], [-60.80054058241182, 46.12858544307887], [-60.800515070607574, 46.12857595156404], [-60.80051104981318, 46.1285745241012], [-60.80048826531558, 46.128566435142474], [-60.80042391282179, 46.12855709591579], [-60.80039836523574, 46.12854850372538], [-60.80035991851465, 46.12853876315403], [-60.80034730590452, 46.12853041997793], [-60.80033401277982, 46.12853916444869], [-60.80032036148079, 46.12855690241676], [-60.800307426517776, 46.12855665338531], [-60.800281162598, 46.12856604816659], [-60.800242934834586, 46.128583312955264], [-60.80021634852271, 46.12860080186967], [-60.80017808489599, 46.128618965985574], [-60.80011265778603, 46.128636607076814], [-60.80004723063544, 46.128654248129784], [-60.800000270649996, 46.12866324434356], [-60.79995722696908, 46.12867141590981], [-60.799839652760475, 46.128697953137596], [-60.7998005153988, 46.12870619986767], [-60.799736381571535, 46.12872386564817], [-60.79967094126927, 46.12874150623228], [-60.79950253870206, 46.12877697367283]]}, "properties": {"OBJECTID": 178471, "FEAT_CODE": "WARV50", "FEAT_DESC": "River - Single Line", "RIVNAME_1": " ", "RIVNAME_2": " ", "ZVALUE": 9999, "FID": null, "SHAPE_Length": 261.055480240286}}, {"type": "Feature", "id": 178472, "geometry": {"type": "LineString", "coordinates": [[-60.79903092866397, 46.12716311008087], [-60.79904272662236, 46.127289342908476], [-60.79902893524458, 46.12734307961347], [-60.79904158958085, 46.12741533555678], [-60.799039019417364, 46.12757729317999], [-60.79905181451275, 46.12761353224563], [-60.799050739417446, 46.12764051272385], [-60.79907110589323, 46.12766866227689], [-60.79907650475775, 46.127676110601], [-60.79910433046652, 46.127702558757036], [-60.79911516904985, 46.12771285698632], [-60.79911409362338, 46.127739846458724], [-60.799101377262886, 46.12776660268922], [-60.79910066090351, 46.127784580681336], [-60.79911273865077, 46.12783882471301], [-60.79911259905606, 46.127874814606955], [-60.799124318832874, 46.12793804313634], [-60.79913771337261, 46.12799140348947], [-60.799136279948875, 46.128027377460086], [-60.799149306198046, 46.12809063115183], [-60.799148947843015, 46.12809962464441], [-60.79918675621669, 46.12819034788736], [-60.799199586655, 46.128225705574835], [-60.79921358432428, 46.12824606408437], [-60.799249752923295, 46.1282986750464], [-60.79926258378315, 46.128334023733835], [-60.79930039213285, 46.128424755935406], [-60.79933837625769, 46.12847858988945], [-60.799415025529036, 46.128569170124685], [-60.79942687260477, 46.12859639948855], [-60.79950253870206, 46.12877697367283]]}, "properties": {"OBJECTID": 178472, "FEAT_CODE": "WARV50", "FEAT_DESC": "River - Single Line", "RIVNAME_1": " ", "RIVNAME_2": " ", "ZVALUE": 9999, "FID": null, "SHAPE_Length": 186.80593326822546}}, {"type": "Feature", "id": 178473, "geometry": {"type": "LineString", "coordinates": [[-60.79950253870206, 46.12877697367283], [-60.799488887436326, 46.12879470254154], [-60.799436958857754, 46.12883060401284], [-60.7992932472375, 46.12892864041703], [-60.799214757467475, 46.12898203096368], [-60.799097631601775, 46.1290625874294], [-60.799032780731814, 46.12909823079], [-60.798915126792515, 46.12915986706706], [-60.798823674997145, 46.12921301663253], [-60.79877211731816, 46.12923991555145], [-60.79870690723217, 46.1292845612003], [-60.7986806427029, 46.12929395560143], [-60.79860285580773, 46.12932935848027], [-60.798550039889, 46.12935534201653], [-60.79851213367739, 46.12936451206619], [-60.79844669224313, 46.12938215192659], [-60.79840789975903, 46.1293814044308], [-60.798343188213494, 46.12938105750838], [-60.79830434694686, 46.12938120907676], [-60.79822741730865, 46.12936262585541], [-60.79813658212306, 46.12933566524518], [-60.79807261029074, 46.12931644059755], [-60.7980467171285, 46.12931684161589], [-60.798008270321496, 46.1293071002521], [-60.797852941336, 46.129306806646206], [-60.79781318776734, 46.12929704903035], [-60.79771000703331, 46.12928785091388], [-60.797671560309894, 46.12927810943815], [-60.79750379599376, 46.129232573684824], [-60.797489159845036, 46.12922628827711], [-60.79744016058908, 46.12920524581198], [-60.79741335555215, 46.12919572867383], [-60.797344804729356, 46.12916084466108], [-60.797323274257124, 46.129149881119794], [-60.79729605358055, 46.12913066251602], [-60.797259062524574, 46.12910455024573], [-60.79722417509507, 46.12907113419846], [-60.79722165618805, 46.129068727531426], [-60.79720850367542, 46.12904147277069], [-60.79718277481894, 46.129004975142315], [-60.79718420956329, 46.128969001225094], [-60.79718467361917, 46.12892490823745], [-60.797210502933524, 46.12886151242009], [-60.7972377446701, 46.12876302428576], [-60.79725310112491, 46.12863731481797], [-60.79725410083333, 46.128547330138886], [-60.79724252428983, 46.12844810260001], [-60.79723144764344, 46.12830388271801], [-60.79723194750335, 46.12825889037656], [-60.797181694738235, 46.128153102902864], [-60.797180595836565, 46.128150795615454], [-60.79716909570732, 46.12811457230815], [-60.797157019467896, 46.128060337099896], [-60.79715716070064, 46.128024338238696], [-60.79714486704835, 46.1279430976481], [-60.79713239631535, 46.12789875526566], [-60.79713253755984, 46.12786275640382], [-60.797133972279724, 46.12782678248061], [-60.797096667837046, 46.12769105728086], [-60.797084732656295, 46.12760083219486], [-60.79707204498631, 46.127529475429995], [-60.79707254494575, 46.12748448308576], [-60.79704825162263, 46.12741201150831], [-60.79704896899908, 46.12739402454634], [-60.797048047155656, 46.12738500637511], [-60.797023599668414, 46.127348533406916], [-60.79695457345507, 46.127275001275535], [-60.79693058381449, 46.12724944559626], [-60.79692952885065, 46.12724830920493], [-60.796913695789165, 46.127231479177205], [-60.79688285909176, 46.12720006720706], [-60.79687596000947, 46.127190321749765]]}, "properties": {"OBJECTID": 178473, "FEAT_CODE": "WARV50", "FEAT_DESC": "River - Single Line", "RIVNAME_1": " ", "RIVNAME_2": " ", "ZVALUE": 9999, "FID": null, "SHAPE_Length": 426.6367688061291}}, {"type": "Feature", "id": 178474, "geometry": {"type": "LineString", "coordinates": [[-60.79026563345403, 46.134585752351605], [-60.7903173786034, 46.13458675311396], [-60.79040873688744, 46.134568728090635], [-60.79051167663009, 46.13455180899849], [-60.79065478027049, 46.13453477543282], [-60.79078418915054, 46.13453547766572], [-60.79092693290322, 46.134527437189035], [-60.79096520362529, 46.134509276317225], [-60.79100545149462, 46.134474052919984], [-60.79116230977146, 46.13433937955481], [-60.791172097536794, 46.134321567999336], [-60.79120142198517, 46.13426813257665], [-60.791260114077744, 46.1341122734242], [-60.791282520949224, 46.13405279099445], [-60.791322520425915, 46.1339266587488], [-60.791481283469864, 46.133711927291294], [-60.7915211375236, 46.13362178471872], [-60.791559876141534, 46.13355953078], [-60.791626030989775, 46.133523907878015], [-60.79175596759223, 46.13347962626344], [-60.79188533031462, 46.133417314629185], [-60.79208092984281, 46.13338239299699], [-60.792184226098435, 46.13335648789726], [-60.79228864976116, 46.13330270327947], [-60.79247063146223, 46.133187414372685], [-60.792510527975026, 46.13316028400316], [-60.792692710641035, 46.13307200879542], [-60.79273099307297, 46.13305383855577], [-60.792770556498084, 46.1330356840498], [-60.792796571879556, 46.13300020306542], [-60.79279765022988, 46.13297322272612], [-60.79281123400173, 46.13289248162654], [-60.79281281597968, 46.13282050906288], [-60.79281212284957, 46.13281906461076], [-60.79279966483686, 46.13279325383407], [-60.79271030031145, 46.13272942473292], [-60.79264536982519, 46.13270206918397], [-60.79264177548744, 46.13269968664213], [-60.79263275748449, 46.132693725165545], [-60.79245431818605, 46.132494069097724], [-60.79239622160196, 46.13238741699258], [-60.792390396037774, 46.132376728972005], [-60.79232848676376, 46.132241426918704], [-60.792290796136314, 46.1321155931943], [-60.79227814945235, 46.13204334569063], [-60.792270539662795, 46.1316831829657], [-60.79231395303315, 46.131342006917265], [-60.792315609454555, 46.131171031459516], [-60.792291320969156, 46.131098558996555], [-60.79227314112044, 46.13106919944267], [-60.79225240806053, 46.1310357043712], [-60.79225399062387, 46.13096373180562], [-60.79226757494475, 46.13088298175622], [-60.792268438099214, 46.130829005074965], [-60.79222992086154, 46.13075625765177], [-60.79218008544067, 46.13067519115078], [-60.79211587702901, 46.13062983945371], [-60.79206445874877, 46.13062075446347], [-60.79194744294575, 46.130601392348524], [-60.791908732310496, 46.130565551691426], [-60.79191031564505, 46.13049357013943], [-60.791937086105484, 46.13043918510288], [-60.79196274189595, 46.130412679739585], [-60.79202903728495, 46.13034105773259], [-60.79210754909529, 46.13028766355063], [-60.79217204619772, 46.13026101768051], [-60.792249693898, 46.13026161806841], [-60.79232755665381, 46.13028922374139], [-60.79249496013207, 46.13034376051891], [-60.792623126631085, 46.13040833947457], [-60.79268770794998, 46.13044468869765], [-60.79275190405759, 46.13049003083585], [-60.79280016710095, 46.13050712791589], [-60.79280296256403, 46.13050811796054], [-60.79285438051446, 46.130517211612286], [-60.793010251454945, 46.13053642331062], [-60.7930491064176, 46.13053627380706], [-60.79305492017463, 46.13053202991592], [-60.793061094685584, 46.13052750498025], [-60.79312723123823, 46.13049189884605], [-60.79316583549439, 46.13046562531779], [-60.79327054032001, 46.13033984206791], [-60.79332425797712, 46.13025897598646], [-60.79336297914982, 46.130196721073844], [-60.79339062335137, 46.13008835020638], [-60.79339144979484, 46.130035263841826], [-60.793378802401335, 46.129963007424884], [-60.79331595861975, 46.129818696415235], [-60.79329129707848, 46.12975521734091], [-60.79324204917302, 46.12953015632191], [-60.79321962895958, 46.129313713801615], [-60.79322063529252, 46.129223729285485], [-60.793242595945955, 46.129162023717484], [-60.7932802698138, 46.1290563036861]]}, "properties": {"OBJECTID": 178474, "FEAT_CODE": "WARV50", "FEAT_DESC": "River - Single Line", "RIVNAME_1": " ", "RIVNAME_2": " ", "ZVALUE": 9999, "FID": null, "SHAPE_Length": 879.3323929977387}}, {"type": "Feature", "id": 178475, "geometry": {"type": "LineString", "coordinates": [[-60.8028565974113, 46.136042364554754], [-60.80271025056201, 46.13601758926082], [-60.80267321355621, 46.13600803860523], [-60.80259670709933, 46.13598831445163], [-60.80251718605601, 46.13592592444845], [-60.802500162130755, 46.135912564468605], [-60.80248345403801, 46.135789117860206], [-60.80253874230389, 46.13553520033315], [-60.80252943014295, 46.135437367058444], [-60.80252200844327, 46.13542801692319], [-60.80246864841567, 46.13536086480739], [-60.802458369417415, 46.13527304835779], [-60.802456764177435, 46.13525938189986], [-60.80246151883401, 46.13519521059926], [-60.80248806812532, 46.135110397582224], [-60.80249164433244, 46.13507909102146], [-60.80250772503782, 46.134938517272964], [-60.80250484369668, 46.13482873815511], [-60.80250414608369, 46.13476786412976], [-60.802503626364874, 46.13472269019815], [-60.802508877064746, 46.134626856073126], [-60.80252348956269, 46.13459897490939], [-60.8026015997654, 46.13445016173305], [-60.802602111962464, 46.134424601486764], [-60.80260306872916, 46.13437745786396], [-60.80253732105255, 46.13427351695495], [-60.802532058950014, 46.13426520739675], [-60.80234630156775, 46.134222392891544], [-60.80224320472251, 46.13415488700273], [-60.8021334589563, 46.13405992794393], [-60.80212895366861, 46.13405602511395], [-60.80210307010995, 46.13398424413766]]}, "properties": {"OBJECTID": 178475, "FEAT_CODE": "WARV50", "FEAT_DESC": "River - Single Line", "RIVNAME_1": " ", "RIVNAME_2": " ", "ZVALUE": 9999, "FID": null, "SHAPE_Length": 268.10844431221057}}, {"type": "Feature", "id": 178477, "geometry": {"type": "LineString", "coordinates": [[-60.80087942620167, 46.12326102976243], [-60.8009441306466, 46.123261375120876], [-60.80099554336978, 46.12327046502238], [-60.801072465597684, 46.12328904626332]]}, "properties": {"OBJECTID": 178477, "FEAT_CODE": "WARV50", "FEAT_DESC": "River - Single Line", "RIVNAME_1": " ", "RIVNAME_2": " ", "ZVALUE": 9999, "FID": null, "SHAPE_Length": 15.394647491230607}}, {"type": "Feature", "id": 178478, "geometry": {"type": "LineString", "coordinates": [[-60.78676065581851, 46.124387964365425], [-60.786826885738755, 46.12425334122306], [-60.786880506149885, 46.12411036442565], [-60.78692057227996, 46.124047237648895], [-60.78693422629472, 46.12402951031983], [-60.78696024164021, 46.123994012616976], [-60.78699901421441, 46.12393086075604], [-60.78705201346252, 46.123867993437884], [-60.78706601508388, 46.123841263421006], [-60.78710475103839, 46.123779019854545], [-60.78713189659965, 46.123715624748264], [-60.78718627180712, 46.1235537705678], [-60.78722587583273, 46.123437532343026], [-60.78725297175659, 46.123375045284675], [-60.78726682200198, 46.12332042005563], [-60.787294052056744, 46.123221942965415], [-60.78729347914304, 46.12320393106018], [-60.78730786220509, 46.123087204349055], [-60.787316609954395, 46.12301616255875], [-60.78732224519726, 46.1229704776328]]}, "properties": {"OBJECTID": 178478, "FEAT_CODE": "WARV50", "FEAT_DESC": "River - Single Line", "RIVNAME_1": " ", "RIVNAME_2": " ", "ZVALUE": 9999, "FID": null, "SHAPE_Length": 164.7179048591363}}, {"type": "Feature", "id": 178479, "geometry": {"type": "LineString", "coordinates": [[-60.78522874738039, 46.11881852797156], [-60.78522833128449, 46.11881922193764], [-60.7852023733497, 46.11886300976297], [-60.7851495251352, 46.11888989554964], [-60.785006325152466, 46.11894291297402], [-60.78494146395586, 46.11897856617941], [-60.7848892009357, 46.11902345501261], [-60.78486282616998, 46.11906794571088], [-60.78485760717704, 46.11908222718053], [-60.78484975748056, 46.11910369397537], [-60.78487148524398, 46.11918285983353], [-60.78487459065038, 46.119194179555514], [-60.784949102830765, 46.11940173358667], [-60.78497398526806, 46.11949132005488], [-60.784998619744755, 46.119554809519656], [-60.78499775043301, 46.11960877712714], [-60.784971735652356, 46.119644283416214], [-60.78486595130309, 46.11979704855358], [-60.784774006220445, 46.11989516141931], [-60.784748352112715, 46.11992166523913], [-60.784708647299084, 46.11997579788759], [-60.7847047185051, 46.1202997364556], [-60.784716992524906, 46.12038097812691], [-60.7847290911609, 46.12043431512683], [-60.784781599162606, 46.120509892600474], [-60.78481719601285, 46.12056112907571], [-60.78497201705388, 46.12067032655582], [-60.78507360100369, 46.12075150853868], [-60.78515108621916, 46.120788112260115], [-60.785318057565135, 46.12085254276386], [-60.78548541219016, 46.12090709800279], [-60.785537765691565, 46.12092521351984], [-60.78557487764464, 46.12095611119639], [-60.78561417042168, 46.12098878820731], [-60.78562659409878, 46.12103404003869], [-60.785637427735864, 46.12115125531535], [-60.78559869173859, 46.12121350740762], [-60.785533332372204, 46.1212941443241], [-60.785479612649645, 46.12137500681142], [-60.78547982447925, 46.12140201214046], [-60.785489259135424, 46.12142366998246], [-60.78549167651825, 46.12142923408767], [-60.78550519117567, 46.121454049148824], [-60.785555571697074, 46.12154658678584], [-60.785573060146895, 46.12157139785508], [-60.785581289480845, 46.121583086877116], [-60.785653057056415, 46.121641927443974], [-60.78565773083055, 46.12164577119724], [-60.78585026201907, 46.121782699544184], [-60.786068185443575, 46.12190033671089], [-60.78607640271758, 46.12191200746192], [-60.78609390372644, 46.121936836693685], [-60.786170522264676, 46.12202742535986], [-60.786298910783835, 46.122118108015876], [-60.78634175237767, 46.122148819437236], [-60.78634923834481, 46.12215419371513], [-60.78649106882733, 46.122200143559716], [-60.786632526299, 46.12225508640753], [-60.786697094214404, 46.122291438823986], [-60.786707275503176, 46.12230222953422], [-60.786774074524466, 46.122373033680276], [-60.786779072332386, 46.12238139286743], [-60.78681168204952, 46.122435864985746], [-60.78684960098222, 46.12249060194498], [-60.786875581866035, 46.12255319901067], [-60.7868675431149, 46.12259328411026], [-60.786861022736666, 46.12262583828004], [-60.78679548737426, 46.12267856223478]]}, "properties": {"OBJECTID": 178479, "FEAT_CODE": "WARV50", "FEAT_DESC": "River - Single Line", "RIVNAME_1": " ", "RIVNAME_2": " ", "ZVALUE": 9999, "FID": null, "SHAPE_Length": 532.5782254548777}}, {"type": "Feature", "id": 178480, "geometry": {"type": "LineString", "coordinates": [[-60.78924290792235, 46.12258643916098], [-60.78926822726284, 46.122629086979096], [-60.78938235802742, 46.12282134785083], [-60.78940718144315, 46.12284792931865], [-60.78941910295205, 46.12293816402692], [-60.78943225024538, 46.1229654196167], [-60.789520515929816, 46.12305623135971], [-60.789597897697355, 46.123127922616604], [-60.789623044850025, 46.12314641893558], [-60.789700896326906, 46.12317402622774], [-60.78972676354895, 46.12317452664484], [-60.78976595982583, 46.123165393465065], [-60.78989450281218, 46.12322007342047], [-60.790255094027984, 46.12333055278237], [-60.790371423320266, 46.12336700416669], [-60.79048717881407, 46.123385443527724], [-60.79061716142916, 46.12340415789168], [-60.79081086588261, 46.1234151038462], [-60.791262888465546, 46.123408542568306], [-60.791353447248035, 46.12340939317696], [-60.79162505366602, 46.12344704479405], [-60.7917544625258, 46.12344774506495], [-60.79179294006044, 46.123456589104634], [-60.791922563830326, 46.12348429634893], [-60.79198620283749, 46.123511627404135], [-60.79207625794845, 46.12355746972184], [-60.79211247195062, 46.12357987852064], [-60.79217983438403, 46.12362157406104], [-60.79226936417627, 46.123648505227365], [-60.79235928843888, 46.12373034640378], [-60.79242904781129, 46.12375547336648], [-60.79243583549448, 46.123757935620894], [-60.79248733148673, 46.12383002478379], [-60.79253823969363, 46.12388411076092], [-60.7926662834181, 46.12398378894998], [-60.79267878275522, 46.12399782805006], [-60.792730700465086, 46.12405613663066], [-60.79273109350312, 46.12405699026165], [-60.79275570546673, 46.12411062211777], [-60.79279058901955, 46.12437140764867], [-60.79282362296942, 46.124423213099305], [-60.79285392866369, 46.12447073564645], [-60.79296936371065, 46.124562069546634], [-60.79303428530202, 46.12458941578591], [-60.79317555264215, 46.12461735461043], [-60.793278593395264, 46.1246625467478], [-60.793304102113076, 46.124672039830294], [-60.79336880800463, 46.124672389508426], [-60.7934337295706, 46.12469974451951], [-60.79348499872506, 46.12474483663451], [-60.79349778956539, 46.12478107626206], [-60.79355990941173, 46.124943392110445], [-60.79358541794892, 46.12495289412634], [-60.79363719047478, 46.12495298488625], [-60.79378025537807, 46.12493594666677], [-60.79380615941437, 46.12493554682884], [-60.79380886951523, 46.124940936397856], [-60.79385651858085, 46.125035523648585], [-60.7939070829823, 46.12509860276412], [-60.79392942617364, 46.12511930308494], [-60.79394577794535, 46.12513445147426], [-60.79401048439609, 46.125134800798634], [-60.794114136311784, 46.12509990041019], [-60.794349175237436, 46.124983832694554], [-60.79451825069024, 46.12493130307669], [-60.794569447927934, 46.12491338150702], [-60.79469986392556, 46.12482409476537], [-60.7947789401754, 46.124788719413964], [-60.79485600489871, 46.12477130598626], [-60.794860498584555, 46.1247777379993], [-60.79493193671838, 46.12487987625455], [-60.795053643688, 46.12499124696882], [-60.79506054961545, 46.12499756351977], [-60.79509852696238, 46.12505140779121], [-60.79511060098237, 46.125105634202285], [-60.79514861694901, 46.125223373043475], [-60.79515840849713, 46.12523522651849], [-60.79518566043867, 46.125268189861615], [-60.79532858304644, 46.12528715755715], [-60.79543212843109, 46.12528734647816], [-60.79549658253715, 46.12526158893022], [-60.79557569482388, 46.12522531368431], [-60.795704496486245, 46.12520889789505], [-60.795742975919175, 46.12521774063486], [-60.79580789934208, 46.125245094326615], [-60.795845519089276, 46.12530792284703], [-60.795909941847626, 46.125380268821225], [-60.79593525869861, 46.12539523885577], [-60.795987082061, 46.12542585888631], [-60.79628471169242, 46.12542800878719], [-60.79636141846166, 46.12541957883938], [-60.79655697363437, 46.125384657684876], [-60.79666030164778, 46.125357849100446], [-60.796815725332785, 46.12532303561193], [-60.79685524524803, 46.12530579688081], [-60.79693670330377, 46.12526553374729], [-60.7969463691017, 46.125260751904655], [-60.79696170650412, 46.125250400169165], [-60.79699823443862, 46.125225741369846], [-60.79716762642691, 46.12510031069575], [-60.797259635680334, 46.12506518297974], [-60.79737625549196, 46.1250296296049], [-60.79741448161525, 46.12501236573768], [-60.797507384517, 46.12492235260893], [-60.797638154470526, 46.1248240689401], [-60.7977675946995, 46.124726659530246], [-60.79788650525349, 46.12460114578324], [-60.79797785953662, 46.1244850012582], [-60.79804356343383, 46.12439536351434], [-60.79807032472937, 46.12434097682592], [-60.79809740860116, 46.12427849598678], [-60.798110841171734, 46.1242337618559], [-60.7980735238421, 46.124098027653496], [-60.798087328152256, 46.12404429128687], [-60.79810004407623, 46.124017535146514], [-60.79820587765068, 46.123927779640866], [-60.79823116925048, 46.12391025723402], [-60.798245677318484, 46.123838533606204], [-60.79820861747909, 46.123631710229], [-60.79821069059152, 46.12351474495644], [-60.798263100718344, 46.12343385129026], [-60.798341736212684, 46.123344471563684], [-60.79836835671101, 46.12332607469303], [-60.79840751629361, 46.12331782888066], [-60.79845928701704, 46.12331792642131], [-60.79862749707791, 46.12331936745356], [-60.7987042360855, 46.123310045514735], [-60.798769979763634, 46.12328431096225], [-60.79880953344656, 46.123266172162545], [-60.79901713991739, 46.1231234651472], [-60.79905583757586, 46.1231014665997], [-60.79909527597108, 46.12307906828967], [-60.799212606992306, 46.123025525931425], [-60.79922589893047, 46.12301678156281], [-60.79955127103532, 46.122874541866665], [-60.799902727540655, 46.12275980474346]]}, "properties": {"OBJECTID": 178480, "FEAT_CODE": "WARV50", "FEAT_DESC": "River - Single Line", "RIVNAME_1": " ", "RIVNAME_2": " ", "ZVALUE": 9999, "FID": null, "SHAPE_Length": 1215.7642115242504}}, {"type": "Feature", "id": 183267, "geometry": {"type": "LineString", "coordinates": [[-60.77475197433574, 46.137386254637576], [-60.774755252954115, 46.137343773655125], [-60.77480661476354, 46.137315792727144], [-60.77481889542253, 46.13731272875948], [-60.77486875156595, 46.13730026215112], [-60.774928232715226, 46.13728251972985], [-60.775017651349444, 46.13725149968391], [-60.77506873102486, 46.13721766289089], [-60.77508186465014, 46.13720853124227], [-60.775114805631056, 46.13718561869247], [-60.77516382255263, 46.1371515616807], [-60.77521285597412, 46.137117414965196], [-60.775262606577094, 46.137081212103915], [-60.77528190411674, 46.13705823185084], [-60.775295382086796, 46.137042158582155], [-60.77532589090035, 46.137001521848866], [-60.77533337199605, 46.136993864177626], [-60.775365594879666, 46.13696081213503], [-60.77539285820545, 46.13694095709219], [-60.775412412205874, 46.13692671218772], [-60.77545310262927, 46.13689975624368], [-60.77546150942184, 46.13689418667695], [-60.775516371101766, 46.13686897368833], [-60.77553344002975, 46.13685824453381], [-60.77556551942102, 46.13683806919774], [-60.775587375663804, 46.13682291504464], [-60.77561173572476, 46.13680602755654], [-60.77566055706122, 46.136773595593134], [-60.77571023858892, 46.13673909226458], [-60.775741260406605, 46.136698564410516], [-60.77575896733389, 46.13666492365052], [-60.77576509304721, 46.13665330639467], [-60.775771063602306, 46.136645862298685], [-60.775796991358035, 46.1366135156193], [-60.77585490770684, 46.136593132139666], [-60.77595641601041, 46.13651906382858], [-60.77598614447478, 46.136487817133876], [-60.77599264771089, 46.1364809684204], [-60.77600345940334, 46.13647579664118], [-60.77605218350805, 46.13645251601311], [-60.77609749868755, 46.13643736836621], [-60.77611071382723, 46.13643295438951], [-60.776169514729645, 46.13640988785052], [-60.77621681042253, 46.13637706593772], [-60.77626747961837, 46.13634663176445], [-60.776305239739976, 46.13633004993473], [-60.77632243923256, 46.13632250034056], [-60.776344044746466, 46.13631259738983], [-60.776378761267175, 46.13629668533163], [-60.77642498026777, 46.13626455340849], [-60.77644456978694, 46.13625809435497], [-60.77648454880606, 46.13624492179468], [-60.77653953719733, 46.136220070795005], [-60.77657544891396, 46.136201481819256], [-60.77659163342403, 46.136193093397104], [-60.77660786806474, 46.13618410292209], [-60.77664339737028, 46.13616439943522], [-60.77666829749955, 46.1361549835537], [-60.77670032147575, 46.13614291617077], [-60.77669695399628, 46.136126550935906], [-60.776693616999644, 46.136110393303035], [-60.77668115771161, 46.13609603824173], [-60.77667691349104, 46.136091158443726], [-60.776673639311014, 46.13608694555014], [-60.776642325387094, 46.13604665347334], [-60.776615707932066, 46.136021231421594], [-60.776589714150155, 46.135996397525304], [-60.77657323970007, 46.13597340494483], [-60.77655761152825, 46.135951580880814], [-60.776540403965335, 46.13592300278707], [-60.776531024041134, 46.13590741157906], [-60.77650103589512, 46.135867316270144], [-60.776499372703675, 46.13586425077121], [-60.77647682672757, 46.13582292322783], [-60.77644307975571, 46.135802870624396], [-60.77642750238761, 46.135793612075716], [-60.77637145844006, 46.13577074040946], [-60.776318499586125, 46.135741988501756], [-60.77631134188638, 46.13573808703081], [-60.77626427974068, 46.13571240199135], [-60.77622521168878, 46.13569010366526], [-60.776211885539986, 46.135682490972854], [-60.776197226470856, 46.135672935252146], [-60.7761641866377, 46.135651402264195], [-60.77614086210971, 46.13564355895338], [-60.77610314189148, 46.135630872235794], [-60.77606679998469, 46.13561643025688], [-60.77604527783637, 46.13560787497699], [-60.77598735018314, 46.135583886407765], [-60.77592459936959, 46.13556682422604], [-60.77586223926772, 46.135552919752406], [-60.77579723396179, 46.13554040381255], [-60.775732089978035, 46.13553454542519], [-60.77566561041435, 46.135536131323676], [-60.77562228757354, 46.13552529745812], [-60.77558922661555, 46.135484692062846], [-60.775535153838405, 46.13545789818854], [-60.77548665503886, 46.13542418350785], [-60.77544109073948, 46.13538929288831], [-60.77539335907304, 46.13535614212764], [-60.775388812604284, 46.1353529844711], [-60.77533818786301, 46.13531130798838], [-60.775313331105096, 46.135269521198445], [-60.77528873709557, 46.13522764051461], [-60.77527512869901, 46.135180123480374], [-60.775274754204105, 46.13516081934871], [-60.775274235055264, 46.135131287955446], [-60.77527643897849, 46.13510293463402], [-60.77527799401394, 46.13508297504331], [-60.775278627499056, 46.13506468058159], [-60.775279554536525, 46.13503781446245], [-60.77527978917113, 46.13499021595895], [-60.77527752932334, 46.13494347792281], [-60.775281242811126, 46.13485451835359], [-60.77528880795954, 46.13480813363289], [-60.7752994749498, 46.134769270634195], [-60.77530170592026, 46.134761132718204], [-60.77530410599984, 46.13475233206595], [-60.775314157801176, 46.134715563178695], [-60.775320245313694, 46.134693000722756], [-60.775326181720246, 46.134670975347724], [-60.77535260716994, 46.134628828023885], [-60.77537812704735, 46.13458666306143], [-60.775411964805606, 46.13454691014542], [-60.77543139310433, 46.13450137742225], [-60.77543186408266, 46.13445144341448], [-60.77541773983989, 46.1344035563322], [-60.77540664183082, 46.134383386377095], [-60.775393854507854, 46.134360159396714], [-60.77539295488159, 46.134318218051206], [-60.77539282113326, 46.134311897171344], [-60.77539205262066, 46.13430719300322], [-60.775385112207275, 46.13426512503803], [-60.77535642057696, 46.134222453546755], [-60.775327651563046, 46.13418138261112], [-60.775292726560856, 46.13414208188342], [-60.775276675657516, 46.13412916879477], [-60.77524896344401, 46.13410685723464], [-60.77520889530018, 46.13406989543977], [-60.77520728204673, 46.13406398676921], [-60.77519614357368, 46.134023295108115], [-60.77519335259689, 46.13397688873593], [-60.77518233330842, 46.13392906208186], [-60.77516925020821, 46.13390546929918], [-60.77515878726512, 46.13388657173972], [-60.775134872682656, 46.13386961733229], [-60.775113236480664, 46.133854273355645], [-60.77506699304121, 46.13382278050046], [-60.77501356468439, 46.13379256976898], [-60.77494914528415, 46.133781954832166], [-60.77488981816964, 46.133763518685896], [-60.774879233272415, 46.133717770551], [-60.774879241809955, 46.133709526356704], [-60.77487931021706, 46.1336708799985], [-60.77488147300228, 46.13356579752005], [-60.77488214707511, 46.13354039353552], [-60.774882710547494, 46.1335190195734], [-60.77488404230584, 46.13346990335882], [-60.774886896281345, 46.133424776962734], [-60.774887430072376, 46.13341891910154], [-60.77489122030458, 46.13337850914453], [-60.77490956468491, 46.13333449446008], [-60.77496742120952, 46.133331904039444], [-60.77497544916082, 46.133331547357116], [-60.77502716034579, 46.13331086344188], [-60.77503739595523, 46.133262460640964], [-60.775038008430194, 46.13325657731003], [-60.775042309736676, 46.133214404222144], [-60.77504738066488, 46.133175621269174], [-60.77504848447944, 46.13316718239398], [-60.7750562673048, 46.133115392679], [-60.77505810037785, 46.133069895380316], [-60.775058220488376, 46.13306209437731], [-60.775058834808696, 46.13302274761524], [-60.77505671577931, 46.13299822527666], [-60.775059048717374, 46.13296763336451], [-60.775060555876664, 46.132947897847906], [-60.775065856378305, 46.13293811863489], [-60.77508545118364, 46.13290194061263], [-60.77510794746782, 46.13287568352087], [-60.775119956598736, 46.132861660752326], [-60.7751402305237, 46.13284043660028], [-60.77515590917911, 46.13282401917634], [-60.77517511686364, 46.13281062259953], [-60.77520625915409, 46.13278890804084], [-60.7752190103948, 46.132774458693085], [-60.77524327773631, 46.13274697600562], [-60.77525702954897, 46.13271990058198], [-60.7752662131297, 46.13270178160138], [-60.77527959281904, 46.13265244995257], [-60.775294528388834, 46.1326030585935], [-60.7753007788612, 46.13258351443726], [-60.77530963533177, 46.132555839664285], [-60.775317386910395, 46.132530204467145], [-60.775323078382264, 46.13251136045614], [-60.77532967387537, 46.132494820147706], [-60.77534064596739, 46.13246733057234], [-60.77534871683868, 46.13243987450957], [-60.775354146571686, 46.132421421417824], [-60.77541292262873, 46.13228638985843], [-60.77543003951832, 46.132245510323095], [-60.775431686873276, 46.132241573223475], [-60.77545181603975, 46.13219822322389], [-60.77546044554543, 46.13217521522406], [-60.775469075405844, 46.132152198230024], [-60.77547777694078, 46.13212643751009], [-60.775486274546964, 46.13210123984385], [-60.7755042020024, 46.132054696828426], [-60.775521999016384, 46.132011391412746], [-60.77553979636353, 46.13196807700012], [-60.77555240483601, 46.13193209588721], [-60.77555705590528, 46.13191882985325], [-60.775567931331054, 46.13186737931795], [-60.7755732553327, 46.13181555068747], [-60.7755833028263, 46.131768584228794], [-60.775583771959155, 46.131760150990885], [-60.7755860817593, 46.13171887514208], [-60.77558672994513, 46.131693461642485], [-60.7755872936139, 46.131672717702976], [-60.77559290421046, 46.13162341476083], [-60.775599005958426, 46.13160305765452], [-60.7756074112799, 46.13157500505514], [-60.775621711110844, 46.13153623973755], [-60.77562514095399, 46.131526937099885], [-60.77562712342741, 46.13151660723957], [-60.775634659550946, 46.13147735022283], [-60.77563813640287, 46.131429274791735], [-60.775653308981404, 46.13138041001491], [-60.77567456664432, 46.131334741838245], [-60.775698817520535, 46.131288681909936], [-60.77572307301796, 46.13123929191938], [-60.77574566136125, 46.13118950945176], [-60.77575374081781, 46.13116761576807], [-60.77576179077494, 46.13114581151343], [-60.77576464293885, 46.131124815109864], [-60.775768777622574, 46.13109447426049], [-60.77577588759525, 46.1310490796657], [-60.77577661994556, 46.131044395715485], [-60.77578176254626, 46.13099706373641], [-60.775784460917784, 46.130976028336384], [-60.77578818123206, 46.13094697547613], [-60.7757931768621, 46.13090972107964], [-60.77579429018029, 46.13090136338317], [-60.77579594823776, 46.130863728998705], [-60.77580513085312, 46.130654684521375], [-60.77580622098049, 46.130608650708794], [-60.775806409006286, 46.130600446006525], [-60.775806454589215, 46.130591599503035], [-60.775806666152974, 46.13054905874189], [-60.77580122684122, 46.13050411287201], [-60.775797011827215, 46.130457696769305], [-60.77579269757952, 46.13042724544009], [-60.77578995645992, 46.13040787722388], [-60.77578822697673, 46.13038460452799], [-60.77578600694197, 46.130354868996896], [-60.7757826841106, 46.13031297946049], [-60.775782055670035, 46.13030511887929], [-60.77577118032267, 46.13025693504177], [-60.77575713381758, 46.13020391925678], [-60.77573384803476, 46.13015531380384], [-60.77572151038769, 46.130130583531624], [-60.77570905354166, 46.130105598926235], [-60.7756861298451, 46.13006986208113], [-60.77567714116538, 46.130055835473286], [-60.77567184089856, 46.13004601185527], [-60.775650517742775, 46.13000653499569], [-60.77563637405415, 46.129985828732174], [-60.775620935321385, 46.12996320717008], [-60.775586753229724, 46.129921589864445], [-60.77558357028543, 46.12991769372528], [-60.77555308703742, 46.129880342608466], [-60.77552474910473, 46.12983793902634], [-60.77551718638958, 46.12979461686935], [-60.77551602009421, 46.12978789786512], [-60.775516061571025, 46.12978076135644], [-60.77551627606725, 46.12973975971567], [-60.775516966490116, 46.12969369111588], [-60.775520036970775, 46.12964316865548], [-60.775524658956144, 46.129595907545294], [-60.77553107697821, 46.12954905041922], [-60.77553411670328, 46.1295102188771], [-60.775534807259724, 46.129501429931636], [-60.77553490683966, 46.12949349351836], [-60.77553537555148, 46.12945517894427], [-60.77553203039543, 46.129409670799426], [-60.77553081713413, 46.12936265609283], [-60.77553326151137, 46.12931482155942], [-60.775552248083, 46.12926766911112], [-60.77558907907564, 46.12922743436873], [-60.77573318222229, 46.12913681570113], [-60.775740450127124, 46.12913378005088], [-60.77579190398993, 46.12911230773804], [-60.77581735159356, 46.129103685729305], [-60.77585570032141, 46.12909068865449], [-60.77588445684898, 46.12908058297636], [-60.77591516963378, 46.12906979534016], [-60.77594079611463, 46.129061230788395], [-60.775973954394146, 46.12905014872543], [-60.77602259048674, 46.129033067655804], [-60.77603172967366, 46.1290298524026], [-60.77609786382779, 46.12901736009342], [-60.77616284917715, 46.12901089365398], [-60.77622784157393, 46.12900135817846], [-60.7762700269036, 46.12899145077237], [-60.776292256481995, 46.12898623117847], [-60.77629803747582, 46.1289857226664], [-60.77635943589409, 46.12898024834984], [-60.77642553553738, 46.12897793463126], [-60.77646773248575, 46.12897802682226], [-60.77649323188789, 46.128978082056236], [-60.7765598733763, 46.128985139220454], [-60.77662095718525, 46.12900162861612], [-60.776690671188916, 46.1290191859589], [-60.77675794501919, 46.12902661532837], [-60.7768247149829, 46.129036914981576], [-60.77688271072658, 46.12905937441574], [-60.77694845658792, 46.12908225462873], [-60.776977463094745, 46.129093592490726], [-60.77700708107703, 46.12910517625304], [-60.77706873035855, 46.12913013678602], [-60.77713031645259, 46.12915023584057], [-60.777197765374524, 46.129162969592024], [-60.777255696844186, 46.12918381651395], [-60.7772803688426, 46.12919381891701], [-60.777312122637525, 46.129206695206186], [-60.77732842560696, 46.129214608701254], [-60.77736583120505, 46.129232761154206], [-60.77756801248255, 46.12933138732959], [-60.77758470746253, 46.12933953342314], [-60.77769141683812, 46.12940605190705], [-60.77782987310277, 46.12952971026035], [-60.77784459524327, 46.12955182256478], [-60.777914468717405, 46.12965682112958], [-60.77795444972724, 46.12976831260459], [-60.77795881588814, 46.12978044905274], [-60.77796721908855, 46.129912648321614], [-60.7779571231012, 46.12993739207399], [-60.777921404308074, 46.130024982297925], [-60.777885958409954, 46.130103856431795], [-60.777876900968785, 46.13012402117193], [-60.77787155814618, 46.130152889539], [-60.77785921965347, 46.13021953152021], [-60.77786219192542, 46.13025762500898], [-60.77786378046178, 46.1302754136892], [-60.77790909283922, 46.13031167553341], [-60.777976016555854, 46.130318197331995], [-60.77801676581205, 46.130318260793786], [-60.7780415285422, 46.13031830135428], [-60.77810692818779, 46.130320554249224], [-60.77817069741758, 46.130337914069244], [-60.77821369714123, 46.130362484304555], [-60.77822321348314, 46.13036791659207], [-60.77824691426425, 46.13038438018315], [-60.77827119416041, 46.130401251048], [-60.778296052607026, 46.130414037977026], [-60.7783253490303, 46.130429134296044], [-60.778384920626216, 46.13045430572036], [-60.778417759458215, 46.130471126969425], [-60.778438840690015, 46.130481914336556], [-60.77849539195381, 46.13050461486851], [-60.778539402662, 46.130524011408255], [-60.77858323920736, 46.13054580765071], [-60.77860590638408, 46.13055707584201], [-60.778605980753646, 46.130558445348285], [-60.77860605259109, 46.130559877808125], [-60.7786028573276, 46.13057816749298], [-60.77860244093751, 46.13060203745035], [-60.778602371874044, 46.1306063292969], [-60.77860323276189, 46.13060777709804], [-60.778604103228844, 46.13060834304651], [-60.77860724226908, 46.13061076218197], [-60.778609716359654, 46.13061265536631], [-60.77863850130854, 46.130631782838], [-60.77866052308652, 46.13064751166736], [-60.778679959362215, 46.13067087656385], [-60.77869979113539, 46.13069470816638], [-60.77874267111389, 46.13072291203257], [-60.778745904934354, 46.13072297490288], [-60.778813261585405, 46.13072518443577], [-60.77885422477826, 46.13071092312568], [-60.77892223391567, 46.13068725113752], [-60.778923151405536, 46.13068664794609], [-60.778923832805305, 46.13068612116864], [-60.778927207188794, 46.13068590775406], [-60.77894086015834, 46.13068151096001], [-60.77895279473451, 46.13067767478551], [-60.779046549756295, 46.13067337704393], [-60.77915121420169, 46.130674961532456], [-60.77915444802024, 46.13067502439115], [-60.77915649596564, 46.13067560422269], [-60.77915844557566, 46.13067573212293], [-60.77917222272449, 46.13068015810381], [-60.77920736872919, 46.13069144372487], [-60.77921059378615, 46.13069204643548], [-60.77921380626953, 46.130692639901206], [-60.779218152912684, 46.13069400244481], [-60.77922133284948, 46.130695405313396], [-60.77922564405329, 46.13069764920675], [-60.7792269231161, 46.1306980340841], [-60.77923012113484, 46.13069898728409], [-60.77923446452426, 46.1307004307674], [-60.77923764410022, 46.130701842628916], [-60.77924197853268, 46.13070318693349], [-60.77924517104429, 46.130704599046226], [-60.77924838316717, 46.130705201504355], [-60.77924943654452, 46.13070572600113], [-60.77925120361541, 46.13070588635337], [-60.779252109085164, 46.13070590395302], [-60.779253010938675, 46.13070601148635], [-60.77925608077363, 46.13070661117862], [-60.77925699917868, 46.13070662902967], [-60.77925788809693, 46.13070673631154], [-60.779259828389314, 46.13070677402497], [-60.779263232093555, 46.130707119194945], [-60.779265385414924, 46.130707332056474], [-60.779270947586525, 46.13070744016788], [-60.779276509758155, 46.13070754827901], [-60.77927773933328, 46.13070755417726], [-60.77928311036867, 46.13070758656982], [-60.779286335231966, 46.13070755024636], [-60.779289556117426, 46.130707612849854], [-60.779297656859214, 46.13070768929782], [-60.77930640834298, 46.13070767938907], [-60.77930965871524, 46.130707652561156], [-60.77931987188605, 46.130707671061494], [-60.77933579674915, 46.13070762056737], [-60.77934603615224, 46.13070763057483], [-60.779348561063806, 46.13070761664678], [-60.77935629138351, 46.13070756888585], [-60.779359734338605, 46.13070758180114], [-60.77936181872732, 46.130707577311554], [-60.779373086526824, 46.13070744529744], [-60.77937865231489, 46.13070746346992], [-60.77937961241873, 46.13070741012727], [-60.77939007152504, 46.13070678537276], [-60.77939526544428, 46.130706715313266], [-60.77940692717012, 46.130706122931464], [-60.779411336014604, 46.13070593860842], [-60.77941561703491, 46.130705391785], [-60.779418727650175, 46.13070529923494], [-60.77942121592541, 46.13070523059085], [-60.779425509880866, 46.130704684018454], [-60.77943036656219, 46.13070398637562], [-60.779441499271805, 46.13070238466458], [-60.77944571010913, 46.13070229549621], [-60.77945021139027, 46.13070174395195], [-60.77946166278031, 46.13070026543774], [-60.77947181774881, 46.13069883372946], [-60.7794739025808, 46.13069849623175], [-60.77948080817981, 46.130697388387844], [-60.779486725109535, 46.130697044363245], [-60.779491046660446, 46.13069677733701], [-60.7794949777854, 46.130695917696926], [-60.779501233808716, 46.13069454521623], [-60.77950915522881, 46.130693286105405], [-60.779510237173625, 46.13069310012365], [-60.77951922398695, 46.13069174471267], [-60.7795270827827, 46.130689467338705], [-60.77953032383453, 46.1306893503194], [-60.77953345361255, 46.13068878111762], [-60.77953788053437, 46.13068814712118], [-60.77954101031225, 46.13068757791917], [-60.779544269081285, 46.130687020224364], [-60.7795520631531, 46.1306863526618], [-60.779555308986694, 46.130685794715276], [-60.77956077109204, 46.13068517183573], [-60.779564163272305, 46.130684193714465], [-60.7795686428205, 46.13068289471023], [-60.779576562266996, 46.13068232858693], [-60.77957969565991, 46.13068166945015], [-60.7795850577355, 46.130681602650036], [-60.779586191059394, 46.13068142666646], [-60.77959309131194, 46.130680129703535], [-60.779595020837974, 46.130680113199666], [-60.77959619939466, 46.13068010010219], [-60.7796029582811, 46.130679421418726], [-60.77960969149608, 46.1306793812641], [-60.77961433976238, 46.13067871556471], [-60.77961566169182, 46.13067867825213], [-60.77961658371231, 46.13067860616658], [-60.77961757402484, 46.130678445404236], [-60.779677196127004, 46.13066019922034], [-60.77973204756574, 46.13064340836605], [-60.77981297675145, 46.13062454112087], [-60.77985501575029, 46.130614746553036], [-60.77985814552105, 46.130614177342196], [-60.77986130782905, 46.130612798727846], [-60.77986205526193, 46.13061256124064], [-60.779865754704964, 46.13061134607034], [-60.77986892994789, 46.13060996770712], [-60.77987206297194, 46.13060931755556], [-60.779877405431904, 46.13060716226852], [-60.779883103650974, 46.130604851887036], [-60.779889794631195, 46.13060264179964], [-60.77989768593655, 46.13059955499619], [-60.779902226249476, 46.13059803214969], [-60.77990662138211, 46.13059657848516], [-60.779914545222226, 46.13059268227703], [-60.7799247005919, 46.1305880193939], [-60.77993018156203, 46.13058660482831], [-60.779935689125395, 46.13058517277843], [-60.77993967647358, 46.13058355818219], [-60.779941229224626, 46.13058293132477], [-60.77995035254846, 46.13058011146775], [-60.77995380007188, 46.13057904440631], [-60.779959294337154, 46.130577621097274], [-60.779973010116294, 46.130574557459006], [-60.77997850076561, 46.13057322408275], [-60.77998279832107, 46.13057258755541], [-60.780001239837205, 46.130567896662015], [-60.78000775787178, 46.13056612422671], [-60.78001261360744, 46.130564805513366], [-60.78002395858193, 46.130563396878266], [-60.78002619545404, 46.13056281931395], [-60.78002943990872, 46.13056197331447], [-60.780035030988316, 46.13056136191863], [-60.78005221150555, 46.13055583647984], [-60.78005767287028, 46.13055523156292], [-60.78007022085106, 46.130552235226624], [-60.78008160863415, 46.1305491173422], [-60.78008588927505, 46.13054857948667], [-60.780087072528346, 46.130548449470226], [-60.780091493288026, 46.13054796833936], [-60.78009582337416, 46.1305465224041], [-60.78010128509906, 46.1305459084917], [-60.78010571200366, 46.13054527447291], [-60.78010999300555, 46.130544727623096], [-60.780113457073895, 46.130543570874345], [-60.78011433602624, 46.13054328193846], [-60.78011757706885, 46.13054316490231], [-60.78012190353914, 46.13054180889978], [-60.78012620109068, 46.130541172366954], [-60.78013062799467, 46.1305405383472], [-60.78013492193122, 46.13053999174776], [-60.78013934883502, 46.130539357727656], [-60.78014364638619, 46.130538721194156], [-60.780153833842334, 46.13053648002075], [-60.78016405310753, 46.13053344742955], [-60.78016859361379, 46.13053256360439], [-60.78017567745904, 46.13053120717052], [-60.780181307701376, 46.130530587528], [-60.780186222890165, 46.13053004399649], [-60.78018712048297, 46.13052993543014], [-60.78019200907823, 46.130529409382504], [-60.78019575105764, 46.13052906806642], [-60.78019872624262, 46.13052880185635], [-60.78020422640906, 46.13052819768629], [-60.78020598025852, 46.130528042752964], [-60.780210878174024, 46.13052760688958], [-60.7802245613959, 46.13052535262424], [-60.78022839572893, 46.13052496809942], [-60.780231320256966, 46.13052467390308], [-60.78024381645552, 46.13052328761267], [-60.78025749967511, 46.13052103334335], [-60.780271182532196, 46.13051878806574], [-60.7802825012596, 46.130517387895424], [-60.78028616887937, 46.13051696412816], [-60.780295169228175, 46.13051591493257], [-60.780306439466564, 46.13051443281427], [-60.78031775819231, 46.130513032640415], [-60.78033027723452, 46.13051075574507], [-60.780340561139326, 46.130509335464865], [-60.78035189279854, 46.1305079355389], [-60.780355120903586, 46.130507818244666], [-60.78035942740948, 46.13050728088138], [-60.780362630005435, 46.13050715409095], [-60.78036706144969, 46.13050705117364], [-60.78037015984076, 46.13050694035939], [-60.78037446996087, 46.13050631306178], [-60.780377409875996, 46.130506280172156], [-60.780380949149674, 46.13050615092153], [-60.78038524633437, 46.13050552337222], [-60.78038631569904, 46.130505328137374], [-60.78038837609397, 46.13050495414664], [-60.78039276837086, 46.13050485946783], [-60.78039718651825, 46.130504765291406], [-60.780400319892046, 46.130504106131745], [-60.78040354835825, 46.13050397984276], [-60.78040666864381, 46.13050396845723], [-60.78041574920645, 46.13050253379339], [-60.780418913357735, 46.13050239725414], [-60.780425668599705, 46.13050180845514], [-60.78042876735185, 46.13050168864591], [-60.78043319424962, 46.13050105461431], [-60.78043630232264, 46.13050102498991], [-60.78043955449054, 46.130500953162745], [-60.78044083724834, 46.13050092408003], [-60.780443948574245, 46.13050081351507], [-60.780447113524474, 46.13050033497547], [-60.78044824648075, 46.130500167976614], [-60.78045840066708, 46.130498754166204], [-60.78045925981462, 46.130498635850465], [-60.78046868456678, 46.13049733387437], [-60.780472969176095, 46.13049669707707], [-60.780477405393995, 46.13049615322876], [-60.78048876025451, 46.13049385370025], [-60.78049707027209, 46.13049162102667], [-60.7805000146753, 46.13049083218775], [-60.78050563827104, 46.13048941136483], [-60.78050993581461, 46.1304887748174], [-60.7805142297439, 46.13048822820357], [-60.78051633689433, 46.130487657110066], [-60.78052559125832, 46.13048511876497], [-60.78053005334534, 46.13048457541716], [-60.780536715373174, 46.130483084761174], [-60.78053980596294, 46.13048252377093], [-60.78054734187969, 46.13048087008235], [-60.78055004513483, 46.1304802835668], [-60.7805514533446, 46.13048003190991], [-60.780553278373375, 46.13047971634684], [-60.780557562980455, 46.130479079546326], [-60.78057355929797, 46.1304743500614], [-60.78057681840644, 46.13047378334332], [-60.78057750224252, 46.13047351761484], [-60.78058694117361, 46.13046992980367], [-60.78059021987292, 46.13046855343006], [-60.780594549578986, 46.13046711646892], [-60.780608246820925, 46.130461613286755], [-60.78060985636183, 46.130460861517854], [-60.78061139978089, 46.13046014446607], [-60.78061457499713, 46.130458766081595], [-60.78061668749126, 46.13045838409839], [-60.780617704751904, 46.13045819684965], [-60.780623231876525, 46.13045595511089], [-60.78062639777099, 46.130454486541026], [-60.78062897680642, 46.130453447590796], [-60.78063195004256, 46.130452263291104], [-60.780633207365234, 46.130451900697494], [-60.78063401910755, 46.130451673454836], [-60.78063598469062, 46.130451081608406], [-60.780638079626, 46.13045049227459], [-60.780639101584605, 46.130450188111766], [-60.78064007107947, 46.130449900930614], [-60.7806419974953, 46.13044931732365], [-60.780647634380024, 46.13044788775147], [-60.78065074606413, 46.13044776818744], [-60.78065429191381, 46.130447153034645], [-60.780657121988824, 46.13044663198278], [-60.7806637840089, 46.13044514131922], [-60.78066585726022, 46.130445091587504], [-60.780667835777955, 46.13044449999176], [-60.78066991264316, 46.130444360326194], [-60.780675439402934, 46.130442127578206], [-60.78067612070845, 46.13044192480276], [-60.780677392050016, 46.13044153547978], [-60.780682932105854, 46.130439293989305], [-60.78068539689078, 46.130438198816165], [-60.780689654837694, 46.130436292436876], [-60.78069042813526, 46.13043605544667], [-60.78069162078105, 46.130435691596105], [-60.78069371571529, 46.130435102261245], [-60.78069687799286, 46.130433723623156], [-60.78070004388415, 46.130432255051204], [-60.78070317363664, 46.13043168581686], [-60.78070517210443, 46.1304302755719], [-60.78070952139411, 46.13042802895109], [-60.78071279972657, 46.13042666156723], [-60.78071597855228, 46.13042519324608], [-60.780724950427214, 46.13042130833859], [-60.780731673877405, 46.13041828879685], [-60.78073363945828, 46.1304176969487], [-60.780735721456175, 46.1304171073618], [-60.780737325498905, 46.130416814504514], [-60.78073886450407, 46.13041652938432], [-60.780740148418495, 46.130416149305255], [-60.78074082972345, 46.13041594652941], [-60.78074176048597, 46.13041533458078], [-60.7807436499008, 46.130414705251425], [-60.78074609054548, 46.13041388862035], [-60.7807467701179, 46.130413406798525], [-60.780748088650164, 46.130412487367984], [-60.78074913611656, 46.13041219270002], [-60.780750262278445, 46.130411872559456], [-60.78075214916341, 46.13041130618359], [-60.7807536357047, 46.13041103804491], [-60.780755291849445, 46.13041073719903], [-60.78075736452539, 46.1304100574267], [-60.78076397155547, 46.130407035621744], [-60.78076726318199, 46.13040565949415], [-60.780769248350616, 46.130404257990136], [-60.78077383632599, 46.13040154798241], [-60.780775891516775, 46.13040033684671], [-60.780782531429644, 46.130396496643286], [-60.78078464558842, 46.13039510664486], [-60.78078661116795, 46.13039451479576], [-60.78078775684336, 46.1303937090124], [-60.78078860927089, 46.13039311354264], [-60.780794168544304, 46.13039007138473], [-60.78079729829349, 46.130389502147736], [-60.78080285720468, 46.13038646898276], [-60.78080750074474, 46.13038430907715], [-60.78080957132494, 46.13038335925126], [-60.78081498201751, 46.1303811152417], [-60.78081845863536, 46.130379967715704], [-60.780821672935026, 46.13037890509849], [-60.780826068035495, 46.13037584032691], [-60.780829282047335, 46.13037446269], [-60.780877095244044, 46.130340802842454], [-60.78088134768301, 46.13033935536927], [-60.78088469357296, 46.13033791728945], [-60.780891284038795, 46.13033498515936], [-60.780929362103585, 46.13031808395404], [-60.78094080775946, 46.130311267944855], [-60.78095350039719, 46.130303702119505], [-60.78095779901462, 46.130299816432846], [-60.78096260773952, 46.13029644467557], [-60.78096765616292, 46.130292906566], [-60.78097518172085, 46.13028603241784], [-60.780979544284875, 46.13028377704414], [-60.78100794320972, 46.13027289809842], [-60.781025210836134, 46.130269066279645], [-60.78104373252416, 46.13026495280035], [-60.78114150162426, 46.13023193002795], [-60.781143850263625, 46.13023114760319], [-60.78114581908543, 46.13023047480731], [-60.78116820056449, 46.1302227641048], [-60.781218425471415, 46.130205432667985], [-60.78128226095473, 46.1302050522532], [-60.781283865639985, 46.13020506541422], [-60.78129086718683, 46.1302051113749], [-60.78129675558537, 46.130205153719565], [-60.781303481880556, 46.13020528433828], [-60.78131951428205, 46.13020577567973], [-60.78132114483773, 46.13020578934259], [-60.78132740835674, 46.13020583897011], [-60.78133530243147, 46.130205902259966], [-60.781343063541605, 46.13020605297122], [-60.78135909594389, 46.130206544307114], [-60.781389120383096, 46.13020675831951], [-60.78142147243349, 46.13020703552253], [-60.78151680987741, 46.13021842717105], [-60.7815379556463, 46.13021730769368], [-60.78154603167795, 46.13021670847264], [-60.7816442792599, 46.13020947169697], [-60.781661942925496, 46.13021511588886], [-60.78168416955155, 46.130222216731674], [-60.781704839919115, 46.13023647867151], [-60.78171033854651, 46.1302378454859], [-60.78171468232966, 46.13023927988216], [-60.78171915907717, 46.13024062685584], [-60.781741517533085, 46.13024799125849], [-60.78174419310719, 46.13024906025022], [-60.78174699658851, 46.13025016772683], [-60.78203434422741, 46.130328469481725], [-60.78204453677876, 46.13033061143167], [-60.78211418913003, 46.13034527512954], [-60.78222307228388, 46.130387179467974], [-60.78222520971621, 46.13038778798268], [-60.78222840228927, 46.130389200013155], [-60.7822585526487, 46.130396274542996], [-60.78226292896108, 46.13039689951403], [-60.78233164857581, 46.13041029391871], [-60.782334860718606, 46.130410896290385], [-60.782364447532345, 46.13043136144383], [-60.78236654029109, 46.130434372194586], [-60.782383288721334, 46.13045185203181], [-60.78239387477628, 46.130462893979725], [-60.78239589025006, 46.13046428315854], [-60.78239800306706, 46.13046582723343], [-60.78241714416697, 46.130479816350345], [-60.7824482288942, 46.13049554034526], [-60.782487275405245, 46.130528987633134], [-60.78248775036259, 46.13056552045886], [-60.78249096251622, 46.130566122826316], [-60.78253078808966, 46.130570495939395], [-60.78253167189377, 46.130571053116306], [-60.78253670029055, 46.130581231152505], [-60.782542146274054, 46.13058745711882], [-60.782546072308484, 46.130595750677706], [-60.78256206704492, 46.13062942557347], [-60.78256289490215, 46.130634922881704], [-60.78256407954088, 46.13068247696417], [-60.782558760948085, 46.13072079643068], [-60.78255774011698, 46.13072816594329], [-60.78256227401924, 46.130729703001286], [-60.78262578928918, 46.13075117758103], [-60.78262561660772, 46.13078159556746], [-60.78262562175019, 46.13078469180339], [-60.78262548424293, 46.130787794271264], [-60.78262528405484, 46.13078987847794], [-60.78263377581921, 46.13082084263564], [-60.78264990158091, 46.13087963116449], [-60.78265382594666, 46.13088377550447], [-60.7826542484171, 46.13088421572245], [-60.782658591643255, 46.13088889021414], [-60.78269294580712, 46.13092636854488], [-60.782693366770815, 46.13092716874928], [-60.78269499317023, 46.130930188443955], [-60.78271524060492, 46.130967573007176], [-60.78272696818706, 46.1310017770931], [-60.78273922906922, 46.13103753059471], [-60.78274005872341, 46.13103943677841], [-60.78274124430485, 46.13104215090459], [-60.782754376867814, 46.131063286677744], [-60.782783531043535, 46.131101312095545], [-60.78278435059056, 46.13110347009383], [-60.78286883652835, 46.13125622623899], [-60.782888645447954, 46.13127680752266], [-60.78289654926187, 46.13128501625078], [-60.78290444245417, 46.13128865257157], [-60.782935316058996, 46.131302878268684], [-60.78296651944169, 46.13131759637789], [-60.78297571791853, 46.131321933051694], [-60.78302560540485, 46.13134333197429], [-60.783076811748174, 46.131364126437795], [-60.783078379706225, 46.13136473288696], [-60.78308242032242, 46.13136630535456], [-60.78310293776469, 46.13137633388476], [-60.78312637550124, 46.13138778713404], [-60.78318470022432, 46.13141926812986], [-60.783223410957085, 46.131440144093716], [-60.783227679668464, 46.13144022691616], [-60.783233025635326, 46.13144024063559], [-60.783254719954634, 46.13144030153414], [-60.78326820968373, 46.131439645220226], [-60.783273022106535, 46.13143940557538], [-60.78329965909846, 46.13143436913424], [-60.78331280780695, 46.13143188811901], [-60.78336203124556, 46.13143113303944], [-60.78343781935908, 46.13142972325452], [-60.78348818533327, 46.131429530309816], [-60.783542827238136, 46.131429240285726], [-60.7837041075384, 46.13143299894593], [-60.78370721205637, 46.131433059167385], [-60.78371195041629, 46.131433052077625], [-60.783714812408114, 46.13143302659082], [-60.78375187950647, 46.13143325058797], [-60.783761573603556, 46.13143330362387], [-60.78382058718842, 46.1314402085782], [-60.78382491364409, 46.13143885243524], [-60.78383025639898, 46.13143668796889], [-60.783846559667374, 46.13142947087057], [-60.78388118393566, 46.13141411276161], [-60.783907319836466, 46.13140156013023], [-60.78395307373544, 46.131371126201415], [-60.784005079553246, 46.131339742465755], [-60.7840075961132, 46.13133832421105], [-60.78401052269411, 46.13133668889891], [-60.784124000319586, 46.131263844488444], [-60.784125104327735, 46.13126278585257], [-60.784127214939794, 46.131260837699244], [-60.78412876902107, 46.13125856373852], [-60.78412927794338, 46.13125781757555], [-60.78413121159221, 46.13125479494309], [-60.78413444203364, 46.13125171645735], [-60.784136376042795, 46.131248684831384], [-60.78415825611806, 46.13122281902352], [-60.78416151939192, 46.131218922137855], [-60.784164649341726, 46.13121512167074], [-60.78418399912999, 46.131191015864815], [-60.784188362184324, 46.13118552023624], [-60.7842120750011, 46.13115591879621], [-60.784216405575656, 46.13115123257217], [-60.78424468238275, 46.13111757945544], [-60.784250306800395, 46.13111323333579], [-60.784276611928505, 46.131092907560266], [-60.78438650887564, 46.131013135146176], [-60.784448217511816, 46.13096833976802], [-60.784449704052044, 46.130968071581236], [-60.784451373130835, 46.13096777093254], [-60.78453478523171, 46.13094022710671], [-60.78453671884682, 46.130937204466626], [-60.78453776713047, 46.13093624375054], [-60.78453994599993, 46.13093420690913], [-60.78454314104434, 46.1309320097641], [-60.784572955541876, 46.130908745837054], [-60.78457503731551, 46.13090719313357], [-60.78457601154121, 46.1309064649914], [-60.78457923869038, 46.13090346743272], [-60.78458561877496, 46.130898676928986], [-60.78459432104364, 46.130892149374375], [-60.784623449464135, 46.13086275186215], [-60.7846570282358, 46.130829552462686], [-60.784679639854325, 46.13080802992836], [-60.78471084262767, 46.130773389382185], [-60.78478057865871, 46.130695952027516], [-60.78482147003092, 46.13066730455382], [-60.78484431511762, 46.130643185398796], [-60.78488397585366, 46.130600032406626], [-60.78490309376436, 46.13057556196595], [-60.784934312978024, 46.13054437782851], [-60.78500894037487, 46.13046987928769], [-60.785011748120596, 46.13046474949246], [-60.78501327132093, 46.13046195289789], [-60.78502660950096, 46.13044021451184], [-60.785043881696524, 46.13041205410463], [-60.78507769957978, 46.130359967384756], [-60.78509696280686, 46.130304754376034], [-60.785102547501516, 46.13028880593379], [-60.785106878419086, 46.130280879539704], [-60.785127834560654, 46.13022638337372], [-60.78513562054256, 46.13020460934475], [-60.78515189344329, 46.13015907678505], [-60.78515658696171, 46.13013145555121], [-60.785157473101435, 46.13012614449487], [-60.78515835195227, 46.13012392043305], [-60.78515850258303, 46.13012339232972], [-60.785228092134034, 46.130018257637666], [-60.785263454393956, 46.12995315022302], [-60.785263277422004, 46.12993496599207], [-60.78526314059822, 46.12991255235304], [-60.78526325960867, 46.1299095845292], [-60.78526342278213, 46.12990196435653], [-60.785263737445014, 46.129887983840185], [-60.785262256099855, 46.12988005277718], [-60.78526150035237, 46.12987597894871], [-60.78524961805502, 46.12987529859682], [-60.78523810886116, 46.12988339186221], [-60.785230435702715, 46.129888796365194], [-60.78523028146693, 46.12988941440273], [-60.78520475104846, 46.12990852236374], [-60.785187842159075, 46.12992117315656], [-60.78516177156197, 46.129938578562026], [-60.785159831288816, 46.12993854094924], [-60.7851538572446, 46.12993708408134], [-60.78515370139835, 46.12993645103246], [-60.78515059877634, 46.129926661458555], [-60.78515087335975, 46.12991658633757], [-60.785165797381474, 46.12988015402745], [-60.78516839903327, 46.12987370617493], [-60.785183174301, 46.129837108971564], [-60.785185124381776, 46.12983399663533], [-60.78518698062234, 46.1298312874978], [-60.78518828699916, 46.12982937773677], [-60.78527160328776, 46.129711197520535], [-60.785272529131255, 46.12970941538809], [-60.78527356891385, 46.12970737445276], [-60.78527510960667, 46.129705109216886], [-60.78527671858119, 46.129702755300656], [-60.785323028967184, 46.12965064064928], [-60.7853244524245, 46.12964903916963], [-60.78532594168642, 46.12964708795002], [-60.78535244902571, 46.12961232920703], [-60.78539867159129, 46.12957757458753], [-60.78544896514358, 46.12953975771788], [-60.78545216331544, 46.129537479604174], [-60.785482902732326, 46.129520821654175], [-60.78551967645902, 46.129500887504456], [-60.78556054037494, 46.129484515771814], [-60.785603922188166, 46.12946636574446], [-60.78561546886816, 46.12946153131207], [-60.78565947868881, 46.12944870366935], [-60.785671159126274, 46.12944569890422], [-60.785784917480846, 46.129416393191214], [-60.7858073836428, 46.129407837183365], [-60.78581528414944, 46.12940483115287], [-60.78582197475792, 46.129402620710685], [-60.78587147760756, 46.129394849656684], [-60.78600791511121, 46.129385253070254], [-60.78601786894312, 46.129383015846976], [-60.78607664978113, 46.12936984424471], [-60.786084380053204, 46.12936882398463], [-60.78608794624149, 46.129368344063195], [-60.786160484254836, 46.1293575180841], [-60.78623215680209, 46.129345676245656], [-60.786241073209275, 46.129344129933216], [-60.78633579046859, 46.12932770331656], [-60.78640871467484, 46.12931660565], [-60.78650420449711, 46.12930189493661], [-60.786647935754246, 46.12929117883563], [-60.7867160961135, 46.12928944810309], [-60.78673079137304, 46.12928970577305], [-60.78679070925321, 46.12929079445727], [-60.78685440736711, 46.12929219934578], [-60.78685850740743, 46.129292287765864], [-60.78686873688273, 46.12929221590299], [-60.78693889152949, 46.12929240475041], [-60.78718510370912, 46.129286013059385], [-60.787187773403936, 46.12928561474505], [-60.787189401090835, 46.12928537625748], [-60.787238249346366, 46.12928101208389], [-60.787283120166464, 46.12927576082387], [-60.7873096035134, 46.12927323158245], [-60.7873418566673, 46.12927014804501], [-60.787379280037705, 46.12926564355734], [-60.787412098466795, 46.129261697908625], [-60.78749310083527, 46.129259306364574], [-60.78753146935289, 46.12925641319992], [-60.78753581915502, 46.12925608341355], [-60.787564081133084, 46.12925277851975], [-60.78758875286999, 46.12924990811959], [-60.78759401064409, 46.12924953291026], [-60.78759667204878, 46.12924934143495], [-60.787661864157286, 46.1292402713397], [-60.787705630130496, 46.12923416148317], [-60.78771345201654, 46.12923279187126], [-60.78772131028534, 46.129230513923225], [-60.787735935497814, 46.12922702594246], [-60.78781136330959, 46.12920900054947], [-60.78792730294444, 46.12919015739616], [-60.78793298559699, 46.12918790031401], [-60.787939643681334, 46.129186499153796], [-60.78799483778883, 46.129175597224766], [-60.78804381258422, 46.12916160473204], [-60.78805679694069, 46.12915674388399], [-60.78806640441592, 46.12915313171645], [-60.78810913350825, 46.12913379804946], [-60.78811041662453, 46.12913343587289], [-60.788111228318456, 46.129133208576135], [-60.788182207850795, 46.12910956157781], [-60.78818259668171, 46.12910890307576], [-60.788183054509375, 46.129108137904666], [-60.78818387529793, 46.129106713730714], [-60.788212245926914, 46.12907386247742], [-60.788227163113355, 46.129067283949446], [-60.7882378112131, 46.12906257586316], [-60.78827238334215, 46.1290497445228], [-60.788281389174244, 46.12904757875478], [-60.78843522149575, 46.12897531321817], [-60.78843684343596, 46.12897489459365], [-60.788440728331395, 46.12897388974442], [-60.788490562136694, 46.128961713766905], [-60.78854621319011, 46.12894812029704], [-60.78855765688799, 46.12894584868698], [-60.7885706010675, 46.128943282104004], [-60.788578439788715, 46.12894181375434], [-60.78863223645272, 46.128923774155666], [-60.788693057284505, 46.128908120579496], [-60.788697471090714, 46.12890683794559], [-60.78872879926257, 46.12889775085015], [-60.78889011524232, 46.12885226171381], [-60.78890466160265, 46.128844271858895], [-60.78892320503465, 46.128834091254994], [-60.788929931458206, 46.128830981284146], [-60.78896998088244, 46.12881357552431], [-60.7889952490374, 46.12880323703238], [-60.789014726454646, 46.12879527058467], [-60.78908456931898, 46.12878221249688], [-60.7891656711269, 46.128771819438214], [-60.78916636138197, 46.12877139177536], [-60.78922744864714, 46.128749073775985], [-60.78928697155831, 46.128739965058884], [-60.78929124727793, 46.12873986778254], [-60.78929568291992, 46.12873933258096], [-60.78933958159238, 46.128728922476185], [-60.78934398666021, 46.12872882770062], [-60.78937145442617, 46.128727568083534], [-60.78937289416044, 46.128727496935774], [-60.789446542743505, 46.12871702427203], [-60.78954449773024, 46.1287030967446], [-60.78974531710773, 46.12868583087386], [-60.78974859327912, 46.128685156219355], [-60.7897521047979, 46.12868442311482], [-60.789766921228974, 46.128681325590144], [-60.789803552331186, 46.128673636842], [-60.7898416871726, 46.128664924124486], [-60.78987257921275, 46.12866122851675], [-60.78989345631935, 46.128658716234206], [-60.78995548968437, 46.12865803510004], [-60.789993360143804, 46.128659487666376], [-60.789994576743844, 46.12865949319826], [-60.78999996053992, 46.12865952533367], [-60.790034403156454, 46.12866253165319], [-60.790115634321104, 46.128664102849456], [-60.79011653616574, 46.12866421029683], [-60.790126970254654, 46.128665492159314], [-60.79018583087383, 46.128672930893934], [-60.79024152974629, 46.12867850836807], [-60.79032813945794, 46.12868477364083], [-60.79032887746718, 46.12868476991318], [-60.790337214023054, 46.128684769135226], [-60.79037733241622, 46.12868439296656], [-60.7904032446667, 46.12868415606455], [-60.79045119393766, 46.128679593122975], [-60.79045911661021, 46.12867893630346], [-60.79050701010113, 46.12866897202166], [-60.79051380998683, 46.12866758245398], [-60.79055131934671, 46.12866252956561], [-60.79060559173961, 46.12864810739625], [-60.79060766492112, 46.12864805748271], [-60.79067968744945, 46.12864359994623], [-60.790680554807196, 46.12864359871752], [-60.79068401130328, 46.12864359355249], [-60.790687196885955, 46.12864356514793], [-60.790698188328655, 46.128643534677344], [-60.79071567884679, 46.128643485870036], [-60.79074105028561, 46.128644147473935], [-60.790756024943086, 46.12864453603402], [-60.790788649670375, 46.12864444683974], [-60.79081873792755, 46.128639808393196], [-60.79082356038055, 46.12863445639892], [-60.790832553832914, 46.12862450484717], [-60.79086606819237, 46.12860832212219], [-60.791000295799705, 46.12859273658034], [-60.791067011196894, 46.12859150633724], [-60.7911352990383, 46.12858688630447], [-60.791225022127634, 46.12858295063549], [-60.791231693306564, 46.128582836593225], [-60.79129950563984, 46.12858169042317], [-60.79134880773646, 46.12858149144811], [-60.79135336513358, 46.12858147154288], [-60.79139479238777, 46.12858138132993], [-60.79156436580021, 46.12857825989874], [-60.79158215416392, 46.12857820771542], [-60.791648647462345, 46.12857799888466], [-60.79170427967889, 46.128580388216285], [-60.79173640562131, 46.128581765175696], [-60.79190003280738, 46.12861048872674], [-60.79191032501777, 46.12861143466949], [-60.79193110310367, 46.12861333929539], [-60.79199954871003, 46.12862096233385], [-60.79200889344053, 46.128621970960815], [-60.79205959816634, 46.12862748703556], [-60.79212807091557, 46.1286441469194], [-60.79216082485578, 46.128650864129554], [-60.79217506398349, 46.12865378540225], [-60.79236106059386, 46.128673760149226], [-60.79237076711261, 46.12867737685165], [-60.79240417278157, 46.12868981283593], [-60.79243903616965, 46.12870172795164], [-60.79244467253634, 46.12870353792987], [-60.792498593688485, 46.12872088847383], [-60.79255953177419, 46.12873465739959], [-60.792563304093775, 46.12873549531637], [-60.79262047312621, 46.12874834535229], [-60.79267271214265, 46.12876373723013], [-60.79268816791246, 46.12876828401415], [-60.79269834012423, 46.128772233699756], [-60.79274411671276, 46.12878996680359], [-60.792778476499485, 46.12880153007119], [-60.79278622523225, 46.12880392986457], [-60.79288281461254, 46.12883387702373], [-60.79288522338223, 46.12883482359515], [-60.79288829434799, 46.12883604397006], [-60.79291216611734, 46.128844434462444], [-60.79292774513944, 46.128853024772596], [-60.79294039693533, 46.128858417396735], [-60.79296020139151, 46.128866873316284], [-60.79296207372805, 46.128866990487765], [-60.792988847691326, 46.12886624762143], [-60.792989263079335, 46.128861683444235], [-60.792989497004854, 46.12885906884772], [-60.79298936271151, 46.12884655570326], [-60.792993321905094, 46.12884433708097], [-60.79300631117649, 46.128837072659614], [-60.7930095485114, 46.128837045189904], [-60.79305484566725, 46.128840539281775], [-60.79306035775239, 46.128841896809064], [-60.79316935631185, 46.12887100337434], [-60.79317145896091, 46.128871836022185], [-60.79317482276836, 46.12887317905079], [-60.7932343681719, 46.12888908981106], [-60.79325002020686, 46.12889326229295], [-60.79331350902373, 46.128913830378096], [-60.79331761049084, 46.12891517864916], [-60.79332109970232, 46.128916299085574], [-60.79334637861446, 46.12892446465316], [-60.79340726828494, 46.12893718814433], [-60.79341711504905, 46.12893924139718], [-60.79342031430434, 46.128939843208094], [-60.79346606107174, 46.12894601893741], [-60.79347710827813, 46.12894751034297], [-60.793478154217496, 46.12894822357311], [-60.7935007973203, 46.12896371852684], [-60.79354828683257, 46.12899658705133], [-60.793551544312, 46.12900091614672], [-60.79356034734176, 46.12901257065366], [-60.79356416073589, 46.129036684353416], [-60.7935654007274, 46.12904452964348], [-60.793565379170865, 46.12904506925092], [-60.793565354021574, 46.12904569879293], [-60.793564383188574, 46.12904926220192], [-60.79356036547627, 46.12906396326243], [-60.793556026499274, 46.12906531953244], [-60.79355289658597, 46.129066222130554], [-60.79354816848008, 46.129067597886674], [-60.79349179406916, 46.1290734034819], [-60.79346796775877, 46.12907585946583], [-60.793467129857, 46.12907609529486], [-60.793465885939355, 46.12907644928826], [-60.793461090666426, 46.129095707529466], [-60.79347465092304, 46.12911595029051], [-60.793479894287955, 46.1291188506758], [-60.793503273313846, 46.1291318037287], [-60.79355604147619, 46.129142714222226], [-60.79356908041413, 46.129159805766264], [-60.79358016867206, 46.129173880507224], [-60.79358211971928, 46.12917688831544], [-60.7935845669845, 46.129184000886234], [-60.793591979208614, 46.12920551996622], [-60.793629862113754, 46.12922352329254], [-60.79363152103496, 46.129223474324604], [-60.79366058179492, 46.12922187542155], [-60.793663776384236, 46.129219678012525], [-60.79366697384741, 46.12921740865577], [-60.79368210313268, 46.12920582929197], [-60.79369388332472, 46.12919675036599], [-60.79369464756346, 46.12919544206575], [-60.79369548078852, 46.12919402709293], [-60.7936961260896, 46.12919148344178], [-60.79369625004763, 46.12919097281294], [-60.79370134492127, 46.12917361043069], [-60.793703374992454, 46.129171399533526], [-60.793725281509374, 46.12916094107884], [-60.793760986169644, 46.12915829139391], [-60.793772392341175, 46.12915501049245], [-60.79378678434433, 46.12915086920523], [-60.793793510543814, 46.12914775894396], [-60.79389815428025, 46.129104750556365], [-60.79391225017683, 46.12909894746314], [-60.793917631129034, 46.129096783262305], [-60.79392193129505, 46.12909542622917], [-60.79396019583874, 46.129080864384164], [-60.7939732960918, 46.12907568108734], [-60.79398426566551, 46.129071338688554], [-60.79400158954333, 46.129064769873814], [-60.79401975419, 46.129057893275515], [-60.79402645738031, 46.12905568259577], [-60.794035887326615, 46.12905196749431], [-60.79404501437818, 46.12904838154985], [-60.7941052136898, 46.12902751086368], [-60.794159846977024, 46.12900857577529], [-60.794161844697804, 46.129007174280964], [-60.794232397245125, 46.12895849418095], [-60.794274312998084, 46.12890728110646], [-60.794307030634194, 46.12886597088827], [-60.794309060669754, 46.128863759979595], [-60.794309364268955, 46.128862964805435], [-60.79430992655677, 46.1288615265968], [-60.79433268318827, 46.128823291215284], [-60.794354051476944, 46.128787405131845], [-60.79435497809088, 46.12878559593962], [-60.794356031175425, 46.128783537177775], [-60.79436789003117, 46.128764379257326], [-60.79437290002298, 46.128756267612545], [-60.794373489620334, 46.128755117943456], [-60.79437486534742, 46.12875243538222], [-60.79437616418883, 46.12875005735018], [-60.79437696002117, 46.128748605648894], [-60.79439379041701, 46.12870284852522], [-60.79439394125435, 46.1286990712708], [-60.794394063360734, 46.12869601349342], [-60.794397420399015, 46.1286608957518], [-60.794408712378264, 46.12861152155495], [-60.7944056623842, 46.128561474477706], [-60.79440167899174, 46.1284959016989], [-60.794359175928435, 46.12841207054193], [-60.79434684029365, 46.128387738344145], [-60.79433614687097, 46.12835405043444], [-60.794329786306804, 46.12832207524127], [-60.79432751749008, 46.12831146497641], [-60.794322477874054, 46.128287903653], [-60.79431322076809, 46.128263306868014], [-60.794300476854175, 46.128229426362445], [-60.79429142761961, 46.128215184044414], [-60.794287676060335, 46.12820928836263], [-60.79428367381086, 46.12820934610353], [-60.79427868960274, 46.12821000591447], [-60.79426296196541, 46.128211943382716], [-60.794260917544015, 46.12821192191469], [-60.794260114866276, 46.12821192441928], [-60.79424667486533, 46.128212006965875], [-60.794216410599354, 46.128188651684354], [-60.79421429102298, 46.12818467759047], [-60.79420333879172, 46.128159418042166], [-60.79419752327168, 46.12814361807557], [-60.79419376303752, 46.12813340203276]]}, "properties": {"OBJECTID": 183267, "FEAT_CODE": "WARV20", "FEAT_DESC": "Double Line River - Water to the right line", "RIVNAME_1": "Peters Brook", "RIVNAME_2": " ", "ZVALUE": 9999, "FID": null, "SHAPE_Length": 3073.943960090514}}, {"type": "Feature", "id": 183270, "geometry": {"type": "LineString", "coordinates": [[-60.79419376303752, 46.12813340203276], [-60.79418948687092, 46.128101098056106], [-60.7941925833426, 46.12805597584594], [-60.79419344922041, 46.12805374246359], [-60.79419620696839, 46.12794579094368], [-60.79419704446053, 46.12794362001603], [-60.79419986036472, 46.12792561958423], [-60.79420486480548, 46.1278651345289], [-60.79420563360506, 46.12785884909356], [-60.79421526252112, 46.12781870421114], [-60.794218769058496, 46.12780545132081], [-60.794225772425484, 46.12777886434872], [-60.794237850596495, 46.127757775587845], [-60.79424359883484, 46.12774770711312], [-60.7942506322609, 46.12773657440153], [-60.794265776967755, 46.12771260170938], [-60.79433545892447, 46.12764288880392], [-60.79433878918752, 46.1276395599448], [-60.794339258416024, 46.12763883097065], [-60.79434072214985, 46.12763653712547], [-60.79434501927017, 46.127632659906254], [-60.79444849445986, 46.12751801228878], [-60.794450438204976, 46.127515691706705], [-60.79445176972446, 46.127514115339594], [-60.7944860829787, 46.127468155657915], [-60.794486608956184, 46.12746665374444], [-60.79448798353869, 46.12746270210325], [-60.79449593219956, 46.12744388270333], [-60.79450313786897, 46.127426813038376], [-60.79450392022545, 46.12738452627224], [-60.79450400640996, 46.12738236784048], [-60.79451415964393, 46.12736150290285], [-60.794515068659216, 46.12736143044599], [-60.79451702464748, 46.127360748171434], [-60.794518320265354, 46.12736071917886], [-60.79451911071435, 46.12736069843564], [-60.79452106311154, 46.12736010609566], [-60.79454856210457, 46.127359016844], [-60.79455168330106, 46.12735897808844], [-60.794556071373336, 46.127358981788184], [-60.79457238337416, 46.127358936642686], [-60.79457665180296, 46.12735901903574], [-60.79459354658805, 46.12735929115015], [-60.79460368877669, 46.12735945092009], [-60.79460692243498, 46.127359513338185], [-60.79461003033779, 46.12735948332483], [-60.79462219248388, 46.12735962808113], [-60.79462659025921, 46.127359712969024], [-60.79466495434299, 46.127358833411634], [-60.794666528769596, 46.127358629791026], [-60.79466923497266, 46.1273582860089], [-60.7947075725004, 46.127344454352496], [-60.79473352302808, 46.12733351573447], [-60.794751692379535, 46.12732585607507], [-60.79475615080839, 46.12732344901856], [-60.794771934771084, 46.127314906277796], [-60.79478953773908, 46.12730262747696], [-60.79482657278269, 46.127276674106895], [-60.794843045406346, 46.127265147515516], [-60.79484510731461, 46.12726213617666], [-60.7948481720366, 46.12725994522798], [-60.79485633741829, 46.12724898733259], [-60.79485830591966, 46.1272463702082], [-60.79486023883931, 46.12724334737914], [-60.7948622554974, 46.12724114520242], [-60.794866850822004, 46.12722655424524], [-60.794867693311716, 46.12722458141768], [-60.79486886237952, 46.127221885860976], [-60.79487830901353, 46.12719893716161], [-60.79488160602842, 46.127190927438], [-60.79488253684959, 46.12718706623163], [-60.794886250612876, 46.12716537494621], [-60.79488761363244, 46.12716041503237], [-60.79489397498536, 46.127137253778265], [-60.79489857741666, 46.1271205388629], [-60.79490154451227, 46.127109768649404], [-60.79490687906302, 46.127076660138265], [-60.79491810936652, 46.127035295044244], [-60.79492017162072, 46.12703227471023], [-60.794921563460285, 46.12703015947785], [-60.794928024699885, 46.127020383741005], [-60.794953641207854, 46.12699608203559], [-60.794954273186356, 46.12699549120586], [-60.79499147606255, 46.126968568977624], [-60.795081875414645, 46.126931080847434], [-60.79508502744032, 46.12692962060938], [-60.795088234773, 46.12692742340597], [-60.79509030536531, 46.12692711234956], [-60.79509253153102, 46.126926795295034], [-60.79510165057947, 46.12692210206215], [-60.79511227104554, 46.12691546671604], [-60.79511779688874, 46.12691323325125], [-60.795118506123416, 46.12691297692622], [-60.79515785966306, 46.12689897571707], [-60.79516236264172, 46.1268980455696], [-60.795164633712275, 46.12689757637347], [-60.79517645147673, 46.12689532031918], [-60.79519333019761, 46.1268920998806], [-60.795215676374504, 46.12689200008012], [-60.795219202845466, 46.12689250915093], [-60.795235636877194, 46.126892646273646], [-60.795255638731334, 46.12689420230188], [-60.79530867054112, 46.126901705928155], [-60.79540223795916, 46.12691521192917], [-60.7954236285637, 46.12691862180557], [-60.79542603404112, 46.126919001235095], [-60.79546524042822, 46.12692911814724], [-60.79547505967908, 46.12693282676594], [-60.79551238642519, 46.12694690357078], [-60.795513329211204, 46.126946957763145]]}, "properties": {"OBJECTID": 183270, "FEAT_CODE": "WARV20", "FEAT_DESC": "Double Line River - Water to the right line", "RIVNAME_1": "Peters Brook", "RIVNAME_2": " ", "ZVALUE": 9999, "FID": null, "SHAPE_Length": 200.44098177068105}}, {"type": "Feature", "id": 185936, "geometry": {"type": "LineString", "coordinates": [[-60.80646597437914, 46.13370267318548], [-60.80640307281822, 46.13373582902486], [-60.806373546029604, 46.133751390825736], [-60.80636878538355, 46.13375390953636], [-60.80630143450453, 46.13378760992239], [-60.80622217067311, 46.13382723779674], [-60.80592976847378, 46.13398236999998], [-60.80583901809203, 46.134055627479995], [-60.80574157989382, 46.13413428268584], [-60.805621280394746, 46.13425198343005], [-60.80551892212598, 46.13435213587491], [-60.80547734070366, 46.13441137879268], [-60.80546102294457, 46.134434646383426], [-60.80544069936061, 46.134463588276304], [-60.80532436612609, 46.134651171873834], [-60.805181674029164, 46.1347527453463], [-60.80501512401414, 46.1347878064765], [-60.80487173473707, 46.134817984113205], [-60.80481622016721, 46.13485642921815], [-60.804712461694905, 46.134939957322544], [-60.80464315507257, 46.134995760097254], [-60.80461651837519, 46.13505973604182], [-60.80459377185306, 46.135114435329264], [-60.80455872821862, 46.13513912504827], [-60.804502253553395, 46.13517891060913], [-60.80435251441336, 46.135151903137235], [-60.804249859738704, 46.13515001137853], [-60.8042239212596, 46.135149530892996], [-60.80406645322947, 46.13515703499238], [-60.80398270694222, 46.13521194781515], [-60.803965582315236, 46.13521999803249], [-60.80390143687584, 46.135250167456014], [-60.803690311902, 46.135216821983875], [-60.803647726576166, 46.13521009911383], [-60.80354321504007, 46.13519792858697], [-60.80337376354089, 46.13516820077648], [-60.80319513119982, 46.13524558978247], [-60.80313974502317, 46.13531461084793], [-60.80311816829194, 46.13534149414366], [-60.803101879511935, 46.13540695575664], [-60.80307517314903, 46.13551428485362], [-60.80308205923191, 46.1356666137619], [-60.80312128897261, 46.13577428363461], [-60.80313960404084, 46.13582450691999], [-60.80316189831396, 46.13590845914792], [-60.80312712458046, 46.135975473421105], [-60.80301061865154, 46.13595235232709], [-60.80292359912027, 46.13595931938628], [-60.8028565974113, 46.136042364554754]]}, "properties": {"OBJECTID": 185936, "FEAT_CODE": "WARV50", "FEAT_DESC": "River - Single Line", "RIVNAME_1": " ", "RIVNAME_2": " ", "ZVALUE": 9999, "FID": null, "SHAPE_Length": 450.88882910064007}}, {"type": "Feature", "id": 254545, "geometry": {"type": "LineString", "coordinates": [[-60.80210307010995, 46.13398424413766], [-60.802024481157666, 46.13397463196621], [-60.80198599458975, 46.13396579122843], [-60.80193497850174, 46.13394680900694], [-60.80184447863261, 46.13391086644352], [-60.80179380770636, 46.13388289041213], [-60.80177060859759, 46.13386694540475], [-60.80175474398376, 46.133856028717325], [-60.80174158744497, 46.13382879242661], [-60.80175681041123, 46.13373907244163], [-60.80173049882765, 46.13368456388519], [-60.80171010577557, 46.133670328924744], [-60.80170530669306, 46.133666978449085], [-60.80165388422391, 46.13365788870788], [-60.80155035907512, 46.133656796803706], [-60.80134291456795, 46.13366451455435], [-60.80111027879809, 46.13365462837636], [-60.80104595609905, 46.133644390050776], [-60.8009941752882, 46.1336443025035], [-60.80089047579574, 46.13368009923406], [-60.80065702007483, 46.133723307637645], [-60.80052722848689, 46.133731609615126], [-60.80047546089813, 46.1337315130868], [-60.800436062249446, 46.13371275384065], [-60.80040098281624, 46.133679164090616], [-60.80039865080158, 46.133676932101196], [-60.80038512453396, 46.133658670921434], [-60.80037363421271, 46.13362244816036], [-60.80036026019433, 46.13356818835727], [-60.80032241105653, 46.13347835583778], [-60.80028478093713, 46.13341552868531], [-60.800207984397986, 46.13336094782896], [-60.80015598538852, 46.133333845535056], [-60.800144342916596, 46.13333362137228], [-60.80013568474814, 46.13333062854627], [-60.800091985339705, 46.133315521533845], [-60.80004131622368, 46.13328753575443], [-60.80003156678051, 46.133269365254236], [-60.80000275122446, 46.13321569011719], [-60.80000432421452, 46.13314370829735], [-60.80000055052985, 46.13314094451822], [-60.79999045249993, 46.13313444980626], [-60.799951608576386, 46.133134601887676], [-60.799873956560106, 46.13313400666201], [-60.79975749645842, 46.13313266405014], [-60.799616027903326, 46.13314164016156], [-60.79951250383057, 46.13314054642839], [-60.79935684143212, 46.13314834881301], [-60.799253421521996, 46.1331121553352], [-60.79923005771215, 46.13309159843668], [-60.799202140044386, 46.13306706564812], [-60.79917734326373, 46.1330395868386], [-60.79917069278507, 46.133036569609324], [-60.79913792265186, 46.133021726756915], [-60.79907395952123, 46.13300249385493], [-60.799022179706895, 46.13300239643104], [-60.79894381101016, 46.133019787544185], [-60.79891755765494, 46.13302918221231], [-60.79877517705696, 46.13302823928357], [-60.79876224106062, 46.13302799005878], [-60.79873672755221, 46.13301849812246], [-60.798723896053254, 46.13298314938951], [-60.798712752502986, 46.13293793274777], [-60.79872561067299, 46.13287517775492], [-60.79877860609077, 46.13281229600888], [-60.79887008656899, 46.13275825601363], [-60.79885747161956, 46.13273306390536], [-60.7988568962195, 46.132731909770726], [-60.79882858232505, 46.13270498415238], [-60.79881822906963, 46.132695154274884], [-60.798767153561585, 46.132677069524924], [-60.79871574511833, 46.13266798772739], [-60.79865152894588, 46.132622639581705], [-60.79856094179655, 46.13262179423937], [-60.79844410141304, 46.13263034338714], [-60.798379949281106, 46.13264801704996], [-60.798340783384965, 46.13265625372875], [-60.79831487571939, 46.13265665453047], [-60.79827585007565, 46.132628901331735], [-60.79825465592612, 46.132606216947394], [-60.798251018096416, 46.1326023216789], [-60.798238722059686, 46.13252108121967], [-60.798253514062004, 46.13237736003262], [-60.79824036030781, 46.13235010538222], [-60.79817722023446, 46.13227778553374], [-60.79811264602344, 46.13224143957168], [-60.798035725440755, 46.13222285640921], [-60.79802313529347, 46.13221361337549], [-60.79801254710561, 46.13219734361707], [-60.79795848430019, 46.132114263113536], [-60.79792821909093, 46.13207135996894], [-60.79792049952597, 46.13206041971839], [-60.79790806286111, 46.13201518706824], [-60.79789741960922, 46.13192497802858], [-60.797899417432355, 46.13174500871871], [-60.79788362704349, 46.131728368669805], [-60.7978733153761, 46.13171750446124], [-60.79784799673722, 46.13170898812147], [-60.79781830917879, 46.13169705742336], [-60.79766685460537, 46.13163612161274], [-60.79751313035216, 46.131562964318164], [-60.79746890620804, 46.131531528469786], [-60.79743633948948, 46.13150837268333], [-60.79735968961094, 46.131417791148806], [-60.79736004829867, 46.13140879767227], [-60.79733535696095, 46.131355021342124], [-60.797335035677854, 46.131354313117704], [-60.797336535355996, 46.131219336154906], [-60.797322987753006, 46.13120197423111], [-60.79727210416902, 46.13114699089908], [-60.797187586736925, 46.13107874054203], [-60.79718305977947, 46.13107507110665], [-60.79710531576401, 46.13103985671178], [-60.79704191485718, 46.13101114708792], [-60.79699575621457, 46.13098668505864], [-60.79693796032007, 46.13095604036099], [-60.7969115779949, 46.13094369613584], [-60.7968998358316, 46.130938195489215], [-60.79684840346396, 46.130929112384244], [-60.79665409517653, 46.13090016429775], [-60.79653796255874, 46.130890733356495], [-60.79636934817718, 46.13089917291262], [-60.796278751020736, 46.13089832556183], [-60.79617541236786, 46.130925133588484], [-60.79605895715238, 46.13092378729016], [-60.79605590648654, 46.13092270239868], [-60.79598109155399, 46.13089618411422], [-60.79595468371409, 46.13094157669286], [-60.79594217293366, 46.130941065338625], [-60.79593025359655, 46.13094065539644], [-60.79591909673532, 46.13094027816269], [-60.795918101420966, 46.13094024096127], [-60.79590955106693, 46.13094007601584], [-60.7959010265839, 46.130939911568866], [-60.79589248557626, 46.130939836806384], [-60.79588965162885, 46.13093980913714], [-60.79588496647178, 46.13093978175714], [-60.795877469649064, 46.13093981714116], [-60.79586994553391, 46.13094021201389], [-60.79586540016885, 46.13094057434673], [-60.795860980569294, 46.13094102910954], [-60.795858908034845, 46.13094138514444], [-60.795856679556735, 46.13094175617168], [-60.79585070992315, 46.13094374709978], [-60.79584723320594, 46.1309449040816], [-60.79583876390518, 46.13094951990293], [-60.795831812044945, 46.13095503803581], [-60.79582996057365, 46.13095731541847], [-60.79582827258347, 46.13095938894592], [-60.795825624607204, 46.13096410806962], [-60.7958236387972, 46.13096748090839], [-60.79582284727558, 46.13096882469773], [-60.79582096492133, 46.13097155150407], [-60.795813092373706, 46.13098294713104], [-60.79580777584579, 46.130990305890045], [-60.79580295299124, 46.13099697214215], [-60.795794782547, 46.131008047007064], [-60.795792687837924, 46.13101090472204], [-60.79578528988907, 46.13102111245088], [-60.79578296343047, 46.13102426270765], [-60.79577776258239, 46.1310313176836], [-60.79577247081188, 46.1310380558915], [-60.795769850797136, 46.13104142549443], [-60.795764396619724, 46.131048340576555], [-60.79575881667528, 46.13105516322817], [-60.795752604311744, 46.13106161366286], [-60.79574965404648, 46.13106417585907], [-60.79574682450791, 46.131066632379614], [-60.79574464674301, 46.13106832744073], [-60.795740693277104, 46.1310713743044], [-60.79573392387096, 46.13107556389321], [-60.79572852088183, 46.13107795276383], [-60.795724567361056, 46.13107970356937], [-60.79571433766936, 46.13108301636335], [-60.79570874993903, 46.131084195616296], [-60.795703762985404, 46.13108524245344], [-60.79569674191199, 46.13108600703558], [-60.79568948366542, 46.131086227017974], [-60.79568787714888, 46.131086259026134], [-60.79568222900839, 46.13108635706522], [-60.795666544703174, 46.131086216472525], [-60.795665405659975, 46.13108621249748], [-60.79564849244242, 46.13108507615022], [-60.79563214331166, 46.13108278063268], [-60.7956136956561, 46.13107792451469], [-60.79559596298385, 46.13107137211393], [-60.795587262657115, 46.131068153117845], [-60.79557823031586, 46.131064819710495], [-60.79554348258218, 46.131024007532424], [-60.79550621752864, 46.13098366879546], [-60.795488633915134, 46.130964626709144], [-60.79542594776438, 46.1308810635839], [-60.795412303804795, 46.1308628895369], [-60.79541134828345, 46.13086023398463], [-60.79539168769685, 46.13080533924413], [-60.795392445959926, 46.13076753422492], [-60.795392986132626, 46.13074038146241], [-60.79545626525222, 46.13067449552643], [-60.79546173528382, 46.13066880481795], [-60.79553118042064, 46.13057330051484], [-60.79553296845639, 46.13054699086356], [-60.79553559034709, 46.13050822275602]]}, "properties": {"OBJECTID": 254545, "FEAT_CODE": "WARV50", "FEAT_DESC": "River - Single Line", "RIVNAME_1": "Angus Farquhars Brook", "RIVNAME_2": " ", "ZVALUE": 9999, "FID": null, "SHAPE_Length": 843.4520191388943}}, {"type": "Feature", "id": 254546, "geometry": {"type": "LineString", "coordinates": [[-60.805879812816, 46.132118150509065], [-60.80573588198181, 46.13218918959696], [-60.80564551676771, 46.132215355303586], [-60.805450299443734, 46.13224130712004], [-60.805281912680954, 46.132275874342525], [-60.80510057996024, 46.13231109265747], [-60.80503571565401, 46.13234674815333], [-60.8049828639686, 46.132373634005795], [-60.80489143862767, 46.13242677991401], [-60.80477465789603, 46.132498348404425], [-60.804696155150154, 46.13255174244195], [-60.80467051798627, 46.13257823300848], [-60.804525375267616, 46.13271225000005], [-60.804356218607644, 46.132863815107065], [-60.80428981201903, 46.13297144364187], [-60.80425083142864, 46.13300759611057], [-60.8041329891097, 46.13310613570212], [-60.80408073746111, 46.13315013340396], [-60.80387182441019, 46.13329282433512], [-60.803753843369314, 46.13342737141593], [-60.803713568845396, 46.133463489826866], [-60.80370121095595, 46.13348125304912], [-60.8036227057666, 46.133534646297036], [-60.803531979677075, 46.13356980377965], [-60.8034146286044, 46.13362335013352], [-60.803258828151854, 46.133667147733526], [-60.80294633644394, 46.133809654527774], [-60.80286796902256, 46.13382704835735], [-60.80264844162986, 46.133780524803484], [-60.80253194420584, 46.13378008434536], [-60.80248077723967, 46.13379710101372], [-60.802454015323775, 46.13385148864744], [-60.80242708213766, 46.13387797178083], [-60.80237550842025, 46.133904881004135], [-60.80232358967789, 46.13394078395449], [-60.80224450474577, 46.13397616432879], [-60.80220663169497, 46.13398443620182], [-60.80216778715166, 46.13398458902629], [-60.80210307010995, 46.13398424413766]]}, "properties": {"OBJECTID": 254546, "FEAT_CODE": "WARV50", "FEAT_DESC": "River - Single Line", "RIVNAME_1": "Angus Farquhars Brook", "RIVNAME_2": " ", "ZVALUE": 9999, "FID": null, "SHAPE_Length": 381.0880833476463}}, {"type": "Feature", "id": 286982, "geometry": {"type": "LineString", "coordinates": [[-60.76885759112598, 46.12596673902989], [-60.769038210303236, 46.12594956513185], [-60.76915465334431, 46.12595093877713], [-60.769218996870414, 46.12596029547322], [-60.76929793110062, 46.12596093660325], [-60.76936102050238, 46.125924420668156], [-60.76937613070129, 46.125915661268515], [-60.769427299921176, 46.1258986594594], [-60.76950570328202, 46.12588038923019], [-60.76963506734128, 46.12588201463644], [-60.769737899225895, 46.12590022274685], [-60.76980317310872, 46.12591859768004], [-60.76991816379363, 46.12595594381759], [-60.76998250747098, 46.125965300086015], [-60.77011228405634, 46.12595703255724], [-60.77014236474605, 46.12595002330401], [-60.770151498614396, 46.12594789746563], [-60.77018423580425, 46.125934081739274], [-60.77025551643904, 46.12590402545921], [-60.77029059351284, 46.12588002190674], [-60.77032074482567, 46.12585939637161], [-60.77038613172922, 46.12577876871866], [-60.77050455130463, 46.125635273031655], [-60.770648812359774, 46.125492281456324], [-60.77067686294358, 46.12546821268242], [-60.77070110596176, 46.12544739975809], [-60.77074099672572, 46.12542117688719], [-60.77079463652288, 46.125398102394506], [-60.77084506232105, 46.1253764052337], [-60.77097426984226, 46.1253501248118], [-60.771129549902696, 46.12535135409676], [-60.771285555687754, 46.1253345965157], [-60.77137652878558, 46.12532557060487], [-60.77155854724841, 46.125273318433514], [-60.771700338303226, 46.12525628303217], [-60.77177797822622, 46.12525689720528], [-60.77181717909469, 46.125247761274586], [-60.771838443899064, 46.1252259989864], [-60.77186983428614, 46.125193885687025], [-60.77188957696128, 46.12517167068572], [-60.77190915643281, 46.125149650507154], [-60.77192710808069, 46.1251330078243], [-60.77194815204605, 46.12511350931106], [-60.77197298379271, 46.12510632521145], [-60.77203852084725, 46.12508736131688], [-60.772119690917826, 46.12507265340311], [-60.77218195409569, 46.12506136593564], [-60.77222115476251, 46.12505222986231], [-60.77227235861323, 46.12503432741268], [-60.77234813660149, 46.12501273689394], [-60.77236402016569, 46.12500821336783], [-60.77257247346339, 46.12491057292126], [-60.77264970192215, 46.12485717604413], [-60.77275533617969, 46.124741330021514], [-60.772772373866125, 46.12472936760044], [-60.772793968350314, 46.1247141818567], [-60.772873420493205, 46.124669828581666], [-60.77291170474732, 46.124656444216505], [-60.77292463671804, 46.124651926080425], [-60.7730029880357, 46.124634552475975], [-60.77304351955939, 46.12463477548258], [-60.773132398617165, 46.124635274789064], [-60.77318417010298, 46.12463538380646], [-60.773222246829164, 46.12465411774228], [-60.77328715760509, 46.124681493016574], [-60.773351500084736, 46.12469085636605], [-60.77344150506843, 46.124673700577134], [-60.77357181016279, 46.12462043738746], [-60.77359842603097, 46.12460205519457], [-60.77362465610415, 46.124593565924464], [-60.77397346853329, 46.12457786151954], [-60.77402525291498, 46.12457797040679], [-60.77408958284391, 46.124587324095394], [-60.774219937321476, 46.12459706397111], [-60.77454325730514, 46.12457186079001], [-60.77489301349675, 46.12456517236457], [-60.77498393568193, 46.12455704262929], [-60.77506101875611, 46.124539642914456], [-60.77511387685361, 46.124512770999516], [-60.77525725628269, 46.124423758865376], [-60.775360711224856, 46.12436187043388], [-60.775439472740224, 46.12433460269825], [-60.77565981777574, 46.1243271832152], [-60.77580122991243, 46.12431914475198], [-60.77594357366833, 46.12432011565435], [-60.77599679321246, 46.12428424996055], [-60.776113543238, 46.12421361023854], [-60.77611765976376, 46.124211350259955], [-60.77617840256205, 46.124177980024825], [-60.77627042297663, 46.12414286942314], [-60.77634581824952, 46.12412332089524], [-60.77637375780741, 46.12411607931973], [-60.77663309339626, 46.124072524139436], [-60.77674993110343, 46.12406399727571], [-60.77681459963445, 46.12406525565283], [-60.77687821821453, 46.124092603741474], [-60.77692632942676, 46.124142484089276], [-60.77693040484314, 46.12414671257426], [-60.77693292712708, 46.124150937840156], [-60.77696800218156, 46.12420954692244], [-60.777032552835394, 46.1242459044652], [-60.7770706302893, 46.124264646131394], [-60.777251449574436, 46.12427446435489], [-60.777302497075155, 46.12429255823138], [-60.77745695086392, 46.124410768111396], [-60.777547369684946, 46.1244476285705], [-60.77770159883082, 46.12447492065123], [-60.7778953706106, 46.12454890166703], [-60.777985256623275, 46.12456684156381], [-60.77799782834308, 46.12457609546762], [-60.77810139019024, 46.124640203308566], [-60.77826265892636, 46.124811421998956], [-60.77828013702479, 46.12482999669488], [-60.77833119832026, 46.124848090376844], [-60.77834413222348, 46.124848341879556], [-60.77838276179403, 46.12482119177692], [-60.778461639721456, 46.124758822643834], [-60.778513515618876, 46.12472382969512], [-60.778539947415496, 46.12467844155876], [-60.77854046235772, 46.12463344954622], [-60.778541168172254, 46.124604310957864], [-60.77854243688885, 46.12455248429251], [-60.77859944978294, 46.12450400957345], [-60.778646960511445, 46.124463612451926], [-60.77879033464235, 46.12437458678408], [-60.77881587641825, 46.12438319271109], [-60.77911277532082, 46.12440336500033], [-60.77930689089029, 46.12440443801961], [-60.77946254370733, 46.124396653811836], [-60.77955350086511, 46.1243876300774], [-60.77961796097752, 46.124361881599775], [-60.77982639946105, 46.12426422763045], [-60.77989218882723, 46.12423760478769], [-60.77999516077876, 46.12421980476231], [-60.78002102832049, 46.12422030738447], [-60.78010566141334, 46.124284576635205], [-60.78017552400804, 46.12433761435266], [-60.780199736776126, 46.12435191840585], [-60.78025264941297, 46.12438321479127], [-60.78031663186199, 46.12440155862338], [-60.78056233084577, 46.124439633272765], [-60.78065292910972, 46.12444598338241], [-60.78084629702341, 46.12445954982283], [-60.78111731665671, 46.12447921423346], [-60.781597066869, 46.12449123052062], [-60.78201023411295, 46.124484860463255], [-60.78214000627966, 46.124476570179056], [-60.7822442714151, 46.12445879322895], [-60.782361260068825, 46.12441426193457], [-60.782439410952435, 46.12436987675317], [-60.78259499034244, 46.12429909301865], [-60.78273769545884, 46.124291062057075], [-60.78290590721163, 46.124292526286354], [-60.782983221343486, 46.124301226881485], [-60.783151433508074, 46.12430268175647], [-60.78322943340552, 46.12429429472247], [-60.7832948599925, 46.12427667228691], [-60.78339891364444, 46.12423188896633], [-60.78363315218002, 46.12407171676338], [-60.78376394380237, 46.12397345836523], [-60.78394684392708, 46.12386720112558], [-60.78405067225875, 46.12379541162522], [-60.784168590730935, 46.12375989691704], [-60.784207180656985, 46.12373364411567], [-60.784259672952516, 46.12371576128034], [-60.78431144378569, 46.123715865239376], [-60.78437542690238, 46.1237342068103], [-60.784427011909344, 46.123771217773374], [-60.78453004401842, 46.12381640865839], [-60.784542617056125, 46.123825652866216], [-60.784607172416045, 46.12386200621222], [-60.78463231854233, 46.12388049461026], [-60.78467043448779, 46.123898334444824], [-60.78517510274165, 46.12390181844863], [-60.78527936591108, 46.12388403868944], [-60.785383021033844, 46.12384913728013], [-60.78542236722519, 46.12380400687908], [-60.78542251599271, 46.12376800814458], [-60.78537196294364, 46.12370491646204], [-60.7853471897604, 46.12367744405149], [-60.78534225433678, 46.12367076008762], [-60.78533368379644, 46.123659181443706], [-60.785340815269755, 46.123624002091546], [-60.78534820847466, 46.12358745975062], [-60.78536201202917, 46.123533724886684], [-60.785401358363686, 46.123488585493405], [-60.785446437608655, 46.12345025350875], [-60.785505894972424, 46.123399707628295], [-60.78557984944001, 46.123286187850695], [-60.78561070263808, 46.123238831678925], [-60.78566334262177, 46.123184949439505], [-60.78583347421482, 46.123041549042625], [-60.78586021103741, 46.122988055755464], [-60.78587365347394, 46.122943314233076], [-60.7858746712727, 46.12285332990114], [-60.78588868611656, 46.12282660028041], [-60.78590108319733, 46.12280793967238], [-60.7861745198528, 46.12270253328928], [-60.786251633110304, 46.12268422656548], [-60.78657583461672, 46.12266890684478], [-60.786782878174336, 46.12267021761377], [-60.78679548737426, 46.12267856223478]]}, "properties": {"OBJECTID": 286982, "FEAT_CODE": "WARV55", "FEAT_DESC": "River - Single Line Indefinite", "RIVNAME_1": " ", "RIVNAME_2": " ", "ZVALUE": 9999, "FID": null, "SHAPE_Length": 1686.8797672769806}}, {"type": "Feature", "id": 286983, "geometry": {"type": "LineString", "coordinates": [[-60.78732224519726, 46.1229704776328], [-60.787348148303636, 46.122970079243565], [-60.7873610818463, 46.12297032971821], [-60.787524117418464, 46.122896038498894], [-60.78755622105567, 46.122881404488005], [-60.78756387917553, 46.12287763760727], [-60.78760902272082, 46.12285542573888], [-60.787687190349914, 46.12281013724709], [-60.787751841141954, 46.12274748620832], [-60.78781813233168, 46.12267586648886], [-60.78787016052757, 46.12260487061495], [-60.78791043738496, 46.12256874877655], [-60.788000794528465, 46.12254259692649], [-60.788155854812764, 46.12251679758864], [-60.78836289794399, 46.12251810548422], [-60.78841560104407, 46.12252722603525], [-60.78844063712042, 46.122580813048145], [-60.788451476921026, 46.122698028140924], [-60.788592443942726, 46.12279796108337], [-60.78860623489533, 46.12280847947395], [-60.78875949196185, 46.12292539983826], [-60.788780028967636, 46.122939738936275], [-60.7887846750949, 46.122942987998506], [-60.788797475031664, 46.12297923734399], [-60.78880952916922, 46.1230334730635], [-60.78883597008702, 46.12305197659468], [-60.788900673598874, 46.123052337762836], [-60.7889136431701, 46.123051688718306], [-60.78895201688831, 46.12299842891554], [-60.788991359937015, 46.12295328822232], [-60.789005373313856, 46.12292655819304], [-60.7889946787216, 46.12277334434856], [-60.78900862491311, 46.12268361018217], [-60.789022424664275, 46.12262987480013], [-60.7890614070951, 46.12259373650788], [-60.78910058071901, 46.12258548515756], [-60.78924290792235, 46.12258643916098]]}, "properties": {"OBJECTID": 286983, "FEAT_CODE": "WARV55", "FEAT_DESC": "River - Single Line Indefinite", "RIVNAME_1": " ", "RIVNAME_2": " ", "ZVALUE": 9999, "FID": null, "SHAPE_Length": 249.89942836169323}}, {"type": "Feature", "id": 286984, "geometry": {"type": "LineString", "coordinates": [[-60.78679548737426, 46.12267856223478], [-60.786837843183555, 46.12269395436613], [-60.78684779402279, 46.122697576276146], [-60.78687225585928, 46.1227331516991], [-60.78688525441315, 46.12279639732554], [-60.786909532153985, 46.122868879836574], [-60.78692331413895, 46.1228860765579], [-60.78696007368167, 46.12293196162107], [-60.78697558451059, 46.12293928237687], [-60.78703756320015, 46.122968564127156], [-60.787063106047704, 46.12297715922996], [-60.78710337468403, 46.12297745315759], [-60.78728308434887, 46.1229787196201], [-60.78732224519726, 46.1229704776328]]}, "properties": {"OBJECTID": 286984, "FEAT_CODE": "WARV55", "FEAT_DESC": "River - Single Line Indefinite", "RIVNAME_1": " ", "RIVNAME_2": " ", "ZVALUE": 9999, "FID": null, "SHAPE_Length": 61.94231607521977}}, {"type": "Feature", "id": 306690, "geometry": {"type": "LineString", "coordinates": [[-60.795319129744556, 46.134056230298164], [-60.795321469803085, 46.134057607509824], [-60.795436998856225, 46.134126097577436], [-60.79550446696188, 46.13418725194613], [-60.79556743648248, 46.134254079726894], [-60.795596763598915, 46.13429127713978], [-60.79568096146476, 46.13430306303888], [-60.79578673300107, 46.13438412704632], [-60.795790386072994, 46.134384395530155], [-60.79591479499602, 46.13439326684379], [-60.79594815348946, 46.13437974374577], [-60.79597901171657, 46.13436723445266], [-60.79600610459111, 46.134318344952526], [-60.79601222870542, 46.134307302606544], [-60.79600636914078, 46.13427927937194], [-60.79598862730511, 46.13419443248513], [-60.79598798143703, 46.13414217277345], [-60.79598761398124, 46.1341127794179], [-60.79599711410321, 46.13408624052554], [-60.79602447401683, 46.134009895985905], [-60.796054134756325, 46.133919042193334], [-60.79606503412021, 46.1338856629893], [-60.79613894244804, 46.133772153670506], [-60.79615552609734, 46.13365537849534], [-60.79617527112942, 46.13356935562079], [-60.796161878246494, 46.13347674429835], [-60.79613107499726, 46.133385705226644], [-60.79611737762219, 46.133349385457166], [-60.79607406320726, 46.13323447901504], [-60.7960123083797, 46.13315993459947], [-60.795906661735614, 46.1330469218096], [-60.79583551380243, 46.133009547709435], [-60.79581304259305, 46.133009150201175], [-60.795775875409085, 46.133008487172354], [-60.795744606740065, 46.133000809619965], [-60.7957397858683, 46.132998988538446], [-60.79571156494284, 46.132988255640754], [-60.79569079937162, 46.132975614483314], [-60.795660757799695, 46.13295730412072], [-60.795627461946566, 46.132943332154284], [-60.79559938656179, 46.1329315489911], [-60.7955753270032, 46.13291775521184], [-60.7955667334083, 46.132912828200695], [-60.795556143647545, 46.13290569358067], [-60.79553459447894, 46.132903927747456], [-60.79552590297503, 46.13292383091979], [-60.795523499622576, 46.13304889896661], [-60.795472615600914, 46.133282557332606], [-60.79546037205145, 46.13340732750127], [-60.795440607298424, 46.13344128262412], [-60.795375741707566, 46.1335526618845], [-60.79528943074655, 46.13371251740131], [-60.79526474178662, 46.13375825798582], [-60.795238445093766, 46.133862425065026], [-60.79524370520808, 46.13396090081597], [-60.79527421537058, 46.13403655280157], [-60.795284394497656, 46.13404100640716], [-60.795319129744556, 46.134056230298164]]}, "properties": {"OBJECTID": 306690, "FEAT_CODE": "WARVIS10", "FEAT_DESC": "River Island - Island to the left line", "RIVNAME_1": "Baddeck River", "RIVNAME_2": " ", "ZVALUE": 9999, "FID": null, "SHAPE_Length": 390.2734295049277}}, {"type": "Feature", "id": 306691, "geometry": {"type": "LineString", "coordinates": [[-60.79515096321673, 46.13407233603709], [-60.795152614031664, 46.134122752067924], [-60.79515288737067, 46.13413114570462], [-60.795194383669724, 46.13424616140417], [-60.79522181763854, 46.13431131358809], [-60.79522400174212, 46.134312381779026], [-60.79525013409218, 46.13432518058231], [-60.79530108293971, 46.134351310803716], [-60.795305574052925, 46.13435361156108], [-60.79541158079557, 46.134389858523235], [-60.79544749417463, 46.13441449251106], [-60.79544670253822, 46.13438243585554], [-60.795446056945174, 46.13435482820944], [-60.79544570211214, 46.134339394697975], [-60.79543194095057, 46.134322514458404], [-60.795394483566355, 46.13427656475517], [-60.79534386881981, 46.13421353043022], [-60.795336641488035, 46.13420453458972], [-60.79533160090761, 46.13420075616769], [-60.79525657155173, 46.134144487006594], [-60.79521768009219, 46.13411533129652], [-60.79521257664229, 46.13411150665402], [-60.7951775222286, 46.13408157893742], [-60.79516843096467, 46.13406965799226], [-60.79516337451473, 46.134063035133686], [-60.79515096321673, 46.13407233603709]]}, "properties": {"OBJECTID": 306691, "FEAT_CODE": "WARVIS10", "FEAT_DESC": "River Island - Island to the left line", "RIVNAME_1": "Baddeck River", "RIVNAME_2": " ", "ZVALUE": 6.02, "FID": null, "SHAPE_Length": 95.96851432574945}}, {"type": "Feature", "id": 306695, "geometry": {"type": "LineString", "coordinates": [[-60.795663447808025, 46.1270484535138], [-60.79566248737892, 46.127055977317184], [-60.79565930833226, 46.12708082008305], [-60.79567391508167, 46.12711506939686], [-60.795720018267176, 46.12722321660678], [-60.795875216081434, 46.12742160933809], [-60.79592783983606, 46.12744908568494], [-60.79596534287931, 46.12744350887356], [-60.79599851178117, 46.127416787513205], [-60.79603767811943, 46.12747982578974], [-60.79608462526855, 46.127510072688615], [-60.796126949831226, 46.12751342721941], [-60.79615695796455, 46.127493575150005], [-60.7961786694943, 46.12747921529043], [-60.79629558435619, 46.127410457250214], [-60.79630789204306, 46.127404034344174], [-60.79635243049605, 46.12738077231611], [-60.796528363523144, 46.12726356013576], [-60.79658790925781, 46.127223954707716], [-60.79671864902433, 46.12713699403381], [-60.79688723690955, 46.12702539990779], [-60.79697652019414, 46.12695484829905], [-60.79709029891207, 46.12676668369812], [-60.79713448603588, 46.1266324396841], [-60.797154027785915, 46.1264569486787], [-60.79715088791836, 46.126328272449626], [-60.79713303235247, 46.12629237661286], [-60.79708523961407, 46.12628983506247], [-60.79697700343238, 46.12633581024397], [-60.79680336272948, 46.12636936362588], [-60.79667448447063, 46.12637173855697], [-60.796629683596755, 46.126382782111435]]}, "properties": {"OBJECTID": 306695, "FEAT_CODE": "WARVIS10", "FEAT_DESC": "River Island - Island to the left line", "RIVNAME_1": "Baddeck River", "RIVNAME_2": " ", "ZVALUE": 9999, "FID": null, "SHAPE_Length": 280.68263828259694}}, {"type": "Feature", "id": 306805, "geometry": {"type": "LineString", "coordinates": [[-60.796629683596755, 46.126382782111435], [-60.79636270710831, 46.1264486193205], [-60.79622479264538, 46.12653407314496], [-60.79618307842365, 46.12656962114265], [-60.796171192553395, 46.126579751335896], [-60.796166392212534, 46.12660305977774], [-60.79615593734278, 46.12665389037127], [-60.79603648825347, 46.12674078019281], [-60.79596008187575, 46.126825980112805], [-60.79588820325912, 46.126930708187224], [-60.79578376756765, 46.12700789692916], [-60.79577331994768, 46.12701377063838], [-60.79573874531316, 46.127033228494575], [-60.79571660024092, 46.126991309420205], [-60.79567532515387, 46.12701097100058], [-60.795667777279334, 46.127014569542666], [-60.795663447808025, 46.1270484535138]]}, "properties": {"OBJECTID": 306805, "FEAT_CODE": "WARVIS10", "FEAT_DESC": "River Island - Island to the left line", "RIVNAME_1": "Baddeck River", "RIVNAME_2": " ", "ZVALUE": 9999, "FID": null, "SHAPE_Length": 118.03711773207496}}]}