{"type": "FeatureCollection", "features": [{"type": "Feature", "id": 53635, "geometry": {"type": "LineString", "coordinates": [[-60.94948853745743, 45.73738455850254], [-60.9494913196833, 45.73739072006804], [-60.94950042787873, 45.73741087460255], [-60.94948721997989, 45.73742053845184], [-60.94946149585503, 45.73745608018642], [-60.94944975562829, 45.7374811259201], [-60.94944894668398, 45.737482857570335], [-60.94944890057079, 45.737486223079316], [-60.94944825465453, 45.73753685955114], [-60.949485100850886, 45.73757599996744], [-60.949524966485534, 45.73761833589775], [-60.949529927233286, 45.73764047717094], [-60.94953713368011, 45.73767255075333], [-60.94954960390959, 45.73771778814908], [-60.94954927454642, 45.73772678313624], [-60.949497200222936, 45.737779853582424], [-60.94946081401629, 45.737799056266674], [-60.9494460810046, 45.73780683854207], [-60.9493943359471, 45.73781581044066], [-60.94937272554034, 45.73782290216322], [-60.94936831518538, 45.737824344124746], [-60.94936406160537, 45.73782992931531], [-60.9493548107081, 45.737842103443334]]}, "properties": {"OBJECTID": 53635, "FEAT_CODE": "WALK20", "FEAT_DESC": "Lake - Water to the right line", "RIVNAME_1": " ", "RIVNAME_2": " ", "ZVALUE": 169.2, "FID": null, "SHAPE_Length": 61.940503641238664}}, {"type": "Feature", "id": 53636, "geometry": {"type": "LineString", "coordinates": [[-60.9493548107081, 45.737842103443334], [-60.9493040207697, 45.73786009335126], [-60.949258654340596, 45.73787249205541], [-60.949239100532125, 45.73787782950294], [-60.949223201143056, 45.73788622086817], [-60.9491879811023, 45.737904814342954], [-60.949139025850215, 45.73789551939057], [-60.94913564315264, 45.73789487358673], [-60.94911123655025, 45.737859331786666], [-60.94911137298868, 45.73784753405632], [-60.94911298322734, 45.737706347844], [-60.94913839110827, 45.73767980141075], [-60.94915096024165, 45.73765213333094], [-60.949255109386726, 45.7375810872493], [-60.949281459454895, 45.737563558603135], [-60.949293712262936, 45.73754487672706], [-60.9493322821493, 45.737509565689344], [-60.94936072046585, 45.73745220953095], [-60.94937253186853, 45.73742838020593], [-60.94938518122295, 45.737378157281775], [-60.949386069219656, 45.73737461787028], [-60.949391535516185, 45.73736891043898], [-60.94941146397164, 45.73734807113939], [-60.949437530286474, 45.73733863817284], [-60.949450033641504, 45.73734786357148], [-60.94948853745743, 45.73738455850254]]}, "properties": {"OBJECTID": 53636, "FEAT_CODE": "WALK20", "FEAT_DESC": "Lake - Water to the right line", "RIVNAME_1": " ", "RIVNAME_2": " ", "ZVALUE": 169.2, "FID": null, "SHAPE_Length": 96.51439595256552}}, {"type": "Feature", "id": 53637, "geometry": {"type": "LineString", "coordinates": [[-60.943372437414524, 45.73731868693139], [-60.94332036157503, 45.737336651021955], [-60.94331045338018, 45.73733658960007], [-60.94324325538736, 45.73733616250791], [-60.94317961851641, 45.73735391832731], [-60.943153940305486, 45.7373534558629], [-60.94307586710009, 45.73734394891771], [-60.94296118254537, 45.73731668077488], [-60.94291974285865, 45.73731068683828], [-60.942897252340785, 45.737307428447316], [-60.94286974480556, 45.73730427770236], [-60.942729558072315, 45.73728820613135], [-60.94265279528144, 45.73727872250201], [-60.94258919565245, 45.73726047505469], [-60.942435025386686, 45.73718839061707], [-60.942307236067954, 45.737132982916904], [-60.94212799906922, 45.737078448224025], [-60.942019719994775, 45.73705004342841], [-60.94188481989736, 45.73701466013755], [-60.94184172540403, 45.73699704282462], [-60.94179491946155, 45.73697793646493], [-60.94172783813843, 45.73694217303855], [-60.94164111470706, 45.73689595654417], [-60.94148855689595, 45.736850002502145], [-60.94145080885718, 45.73684255341945], [-60.941257576343894, 45.73680443475719], [-60.94116799452202, 45.736758715429325], [-60.94116713001716, 45.736758105784844], [-60.94111663108155, 45.73672268594015], [-60.941087795889345, 45.73668888075661], [-60.9410784180862, 45.73667789260545], [-60.94106631111865, 45.7365876563032], [-60.94105350377522, 45.73655143079388], [-60.941013228814384, 45.736508535456025], [-60.94100278919333, 45.736497411143176], [-60.94096270723969, 45.73648772359977], [-60.94092634570321, 45.736478931203266], [-60.940884258390625, 45.73647484204195], [-60.94082388090637, 45.736468982940266], [-60.94060607858172, 45.73641465057827], [-60.94054089838772, 45.73640447429729], [-60.94052680243005, 45.73639840551992], [-60.94047761843035, 45.736377230530124], [-60.940337337045655, 45.736277490907675], [-60.940247724075405, 45.736232661380015], [-60.940221096569296, 45.73622796871092], [-60.94019664051815, 45.73622364823354], [-60.94013241429432, 45.73622248982848], [-60.94009318374703, 45.73624068413407], [-60.94008306762678, 45.736242436864], [-60.94004143846452, 45.73624966079049], [-60.940015747965084, 45.73624919739769], [-60.93999101735152, 45.736222639691015], [-60.93996535821508, 45.73620035866129], [-60.9399274919566, 45.73616748838793], [-60.93983725645407, 45.73610465449984], [-60.93983262212615, 45.73609401283961], [-60.939825391111164, 45.73607743774545], [-60.93981193571126, 45.736059202211145], [-60.93982071707488, 45.7360294416158], [-60.939825150921244, 45.73601443608381], [-60.939838327349094, 45.73600566387144], [-60.939844817147176, 45.736001856547674], [-60.93992897759581, 45.73595239357594], [-60.940071398061825, 45.73585416139524], [-60.940081648130686, 45.73584666850527], [-60.94008462034476, 45.7358444898909], [-60.940136662680914, 45.73582742675937], [-60.940216976416025, 45.73579936135009], [-60.94023952891243, 45.735791478268766], [-60.94043234407163, 45.73575625176807], [-60.940472728896836, 45.73574230858591], [-60.94050915585484, 45.73572973416077], [-60.940546755970736, 45.73569644279531], [-60.94054901439974, 45.735694449317066], [-60.940548391456964, 45.73567643627429], [-60.94052344007319, 45.735585977276834], [-60.94054979184367, 45.73556845067074], [-60.940551458178646, 45.73556787765906], [-60.94060186686343, 45.73555048782557], [-60.94069181560196, 45.7355512097007], [-60.94075574340376, 45.7355604632251], [-60.94080393242621, 45.735577569750895], [-60.94080649538556, 45.73557848004975], [-60.94084568647389, 45.7355962974061], [-60.94089640577602, 45.73561520469096], [-60.94089988977773, 45.73561518649905], [-60.94097354258986, 45.73561479525472], [-60.941089855911834, 45.73559799033717], [-60.94114039165127, 45.735598118317064], [-60.941205515189075, 45.73559827522934], [-60.941281665073134, 45.73558974697905], [-60.94133857212516, 45.73560502123455], [-60.94148657388637, 45.7356447457495], [-60.9416404386501, 45.73569072336126], [-60.941644955645145, 45.735692325925626], [-60.94176857451393, 45.73573624607545], [-60.94198632985812, 45.735791466468456], [-60.942002539801315, 45.73579667307016], [-60.94201302004482, 45.73580004824615], [-60.94207694837351, 45.735809301039076], [-60.94221734446188, 45.73580102974514], [-60.94225684680602, 45.7358107424093], [-60.94231031750863, 45.73583594526669], [-60.942409728584096, 45.735882803892146], [-60.94251642279919, 45.73591580623688], [-60.94258892870939, 45.73593824658259], [-60.94278164462128, 45.73601101617242], [-60.942805798295765, 45.736016572773806], [-60.94281987004698, 45.736019805549105], [-60.94302545565534, 45.736056811933494], [-60.94308208752459, 45.73607050520302], [-60.943178343028606, 45.73609376895881], [-60.94333317582069, 45.73611275900584], [-60.94334314805119, 45.736115620860176], [-60.94339677441599, 45.73613100602402], [-60.943422167619985, 45.73613956411528], [-60.94351258091674, 45.736177015818186], [-60.94357663363671, 45.73620355174446], [-60.94377112270864, 45.7362543443778], [-60.94385800411973, 45.736277024739266], [-60.943869473170565, 45.73627868037242], [-60.94392194617658, 45.73628627674431], [-60.94403787850798, 45.73627846286731], [-60.94406983588139, 45.736293439616894], [-60.944075812637045, 45.73629624748188], [-60.94408961223614, 45.736305496805365], [-60.94409881212908, 45.73631924478382], [-60.94410179708837, 45.73632371796206], [-60.94410110028624, 45.73637771083769], [-60.94414969151235, 45.7366297017509], [-60.944149510114556, 45.73666720524748], [-60.94414930114068, 45.73671071184955], [-60.94416140059296, 45.73680093868248], [-60.94422525787635, 45.73688219621037]]}, "properties": {"OBJECTID": 53637, "FEAT_CODE": "WALK20", "FEAT_DESC": "Lake - Water to the right line", "RIVNAME_1": " ", "RIVNAME_2": " ", "ZVALUE": 175.3, "FID": null, "SHAPE_Length": 783.7656497322341}}, {"type": "Feature", "id": 122955, "geometry": {"type": "LineString", "coordinates": [[-60.963613485254335, 45.73573270144687], [-60.96363917589592, 45.73573315952959], [-60.96378023648112, 45.735706871754374], [-60.963947674320956, 45.73566215216619], [-60.96401226057779, 45.73565340259421], [-60.96415460500463, 45.7356271462446], [-60.964231709837144, 45.73562761160561], [-60.96430129269839, 45.73564441448663], [-60.96430816040645, 45.73564607605615], [-60.96431375554217, 45.73564809297989], [-60.96438428406991, 45.735673535529926], [-60.964577015509484, 45.73574627756781], [-60.964859043830764, 45.735837712289054], [-60.96490857322372, 45.73585528255855], [-60.964909804187265, 45.73585571853513], [-60.964927861207066, 45.735868164513924], [-60.9649486768801, 45.735882513832294], [-60.96499871514041, 45.735955412667025], [-60.964998388277856, 45.73596440774362], [-60.96502377482419, 45.73600896450994], [-60.96506834976657, 45.736056059392034], [-60.965075764380344, 45.73606389627699], [-60.96510116136144, 45.73607244060766], [-60.96513969759335, 45.73607312723173], [-60.96517160991187, 45.7360597804311], [-60.96520365295725, 45.73604637294434], [-60.965255394084, 45.73603739380802], [-60.96527777002418, 45.73603745943212], [-60.96543532746082, 45.736037908169266]]}, "properties": {"OBJECTID": 122955, "FEAT_CODE": "WALK20", "FEAT_DESC": "Lake - Water to the right line", "RIVNAME_1": "Pringle Brook", "RIVNAME_2": " ", "ZVALUE": 162.9, "FID": null, "SHAPE_Length": 164.52591777244493}}, {"type": "Feature", "id": 122956, "geometry": {"type": "LineString", "coordinates": [[-60.96543532746082, 45.736037908169266], [-60.96547728356788, 45.7360824449856], [-60.96551206094962, 45.73611937415483], [-60.96552339243163, 45.73614535459461], [-60.96552392603387, 45.736146588222724], [-60.96553674922114, 45.73618281125648], [-60.965536422115605, 45.736191815330805], [-60.965510090185866, 45.73620935705323], [-60.96543327647753, 45.7362358824426], [-60.96517556028343, 45.73628889673152], [-60.96498306133993, 45.73635117336194], [-60.96489212968925, 45.736377455821774], [-60.96472502982726, 45.736413190915826], [-60.964670568732444, 45.7364163607613], [-60.96458332465596, 45.736421457567765], [-60.964573673445635, 45.73642140257207], [-60.96450621904628, 45.736420983430584], [-60.964484203903716, 45.73642442543612], [-60.96445451015007, 45.736429062711515], [-60.964415666962815, 45.73644282583106], [-60.96440372612868, 45.7364470594442], [-60.96435100358114, 45.7364830234018], [-60.96427091017775, 45.736522306831795], [-60.96426070168366, 45.73652732738463], [-60.96411931253965, 45.73656260179425], [-60.96400978125848, 45.73656235036473], [-60.96400363750549, 45.736562339847644], [-60.96392751317122, 45.73653487111171], [-60.96390292761915, 45.73652203855653], [-60.96387578186389, 45.736507855220864], [-60.96379736320461, 45.73645829328752], [-60.96376145178574, 45.73643560980462], [-60.96365837570281, 45.73637166574737], [-60.96362046076906, 45.736353887990525], [-60.96351866954355, 45.73628996671597], [-60.96348638926574, 45.73626711387153], [-60.963454760621296, 45.73624472268294], [-60.96344805871469, 45.73623850056224], [-60.963416215535055, 45.7362089318193], [-60.963390875752914, 45.73616347543956], [-60.963378381417925, 45.73611824812598], [-60.96337968782057, 45.7360144640324], [-60.96337973782397, 45.736010261503324], [-60.9633833148225, 45.73599602285972], [-60.96339326139244, 45.73595649726038], [-60.963406457815665, 45.7359117280827], [-60.96347923373662, 45.73582800333409], [-60.96348426466578, 45.735822206456135], [-60.96349124389517, 45.735815499225254], [-60.9635495291978, 45.73575946383323], [-60.963600639933766, 45.73573247240335], [-60.963613485254335, 45.73573270144687]]}, "properties": {"OBJECTID": 122956, "FEAT_CODE": "WALK20", "FEAT_DESC": "Lake - Water to the right line", "RIVNAME_1": "Pringle Brook", "RIVNAME_2": " ", "ZVALUE": 162.9, "FID": null, "SHAPE_Length": 268.5023736000182}}, {"type": "Feature", "id": 140455, "geometry": {"type": "LineString", "coordinates": [[-60.959527687136, 45.730395145374004], [-60.95961661912067, 45.73045884053767], [-60.959669788827455, 45.73048885438877], [-60.9596808460802, 45.73049509154152], [-60.95968304058461, 45.73049588682355], [-60.95975696045305, 45.73052255396584], [-60.96000046097093, 45.73057730886675], [-60.9600538653985, 45.73059665165277], [-60.9601285684878, 45.7306237015809], [-60.96020406198569, 45.73065375387906], [-60.960218516992164, 45.73065951161152], [-60.960346317149146, 45.7307500030435], [-60.96034929820534, 45.73075284656549], [-60.96038482384632, 45.73078669438428], [-60.96043609225129, 45.7308474120232], [-60.96046121507851, 45.73087716764139], [-60.96052347793025, 45.73096738854216], [-60.96055002461678, 45.731028285707495], [-60.960574470203994, 45.73108441086785], [-60.960611359687974, 45.73120118133262], [-60.96065385168963, 45.73128551354465], [-60.960661703019454, 45.731301090301486], [-60.96070388657208, 45.73137412984717], [-60.960749964411555, 45.731453881582695], [-60.96078844632823, 45.731526575970584], [-60.96082882481851, 45.731617432036145], [-60.96087635546238, 45.73172436539495], [-60.96097778260776, 45.73183328711655], [-60.96100967099086, 45.73185586366528], [-60.961041697413755, 45.731878532678564], [-60.961093397093606, 45.731905558314516], [-60.96111702274808, 45.73191291079903], [-60.96118235818762, 45.731933258132464], [-60.96132338533117, 45.73194296741607], [-60.9613817924216, 45.73194320894382], [-60.961388937528326, 45.731943237477076], [-60.96140666599235, 45.73194134871365], [-60.961555370846916, 45.73192550617094], [-60.96161995310065, 45.73191675787989], [-60.9616709906264, 45.731926669712266], [-60.96174812347065, 45.73196224979368], [-60.961766723562285, 45.731975966101125], [-60.961785674796886, 45.73198992269589], [-60.96180052303062, 45.73201102478937], [-60.96181132630464, 45.732026375119595], [-60.96187454937084, 45.732125622308445], [-60.96188737660325, 45.73219696738693], [-60.96189918983374, 45.73229617917531], [-60.961923217491695, 45.732377616125135], [-60.96192991404539, 45.7323935052174], [-60.96196107964896, 45.732467400767], [-60.96201244110908, 45.732539424477814], [-60.96204375495132, 45.732572161505516], [-60.96217710800088, 45.73271158885825], [-60.96227956712579, 45.73279261600841], [-60.96236883327713, 45.73284731405465], [-60.96257851747005, 45.73293668961873], [-60.96262449960359, 45.732956285817295], [-60.96267121615103, 45.73296594009727], [-60.96271507513827, 45.73297500332848], [-60.96275298752343, 45.7329927813521], [-60.96279182450034, 45.733020476851785], [-60.96280368764824, 45.73304769118265], [-60.96276534792273, 45.7331006706695], [-60.96271301469878, 45.73317298648649], [-60.962686973708465, 45.733217526469225], [-60.962672435880485, 45.73329917536274], [-60.96265982680004, 45.73348220884753], [-60.962658814918186, 45.73349695227988], [-60.96265826050449, 45.73350477317654], [-60.96264325492114, 45.73371269640693], [-60.96265371178986, 45.7339199037459], [-60.962653311449294, 45.73403690835515], [-60.96266784512209, 45.73408894082319], [-60.96267833087041, 45.73412646362831], [-60.96271550819304, 45.73423513767439], [-60.962752742692366, 45.73430690902226], [-60.962778081163535, 45.73435236553446], [-60.96280410678846, 45.73437893240109], [-60.96290652391716, 45.734460867306254], [-60.963046854870754, 45.73456058006462], [-60.96309244258198, 45.73458682070092], [-60.963109817069906, 45.73459680655167], [-60.96323764161982, 45.73465130050346], [-60.96326181886948, 45.73467639415549], [-60.96328966154751, 45.73470531554786], [-60.96331434606225, 45.73476877108162], [-60.9633265217142, 45.734858097151665], [-60.96332651226652, 45.73488097727759], [-60.963326497751844, 45.73489410033471], [-60.96330368179161, 45.73494113720433], [-60.96330009656084, 45.73494853501501], [-60.963235169142756, 45.734970572432886], [-60.96322199876586, 45.73497504502145], [-60.963131735742, 45.734983336202426], [-60.96310465600678, 45.73499280822834], [-60.963028884997, 45.73501930559608]]}, "properties": {"OBJECTID": 140455, "FEAT_CODE": "WALK20", "FEAT_DESC": "Lake - Water to the right line", "RIVNAME_1": " ", "RIVNAME_2": " ", "ZVALUE": 163.6, "FID": null, "SHAPE_Length": 682.6042866087212}}, {"type": "Feature", "id": 140456, "geometry": {"type": "LineString", "coordinates": [[-60.95539620282421, 45.734991824944096], [-60.95534574575237, 45.73500082260084], [-60.9552757724522, 45.73501029890313], [-60.955216572036115, 45.7350183208801], [-60.95516515883562, 45.73501830043455], [-60.955152883750614, 45.735013724212564], [-60.955139797420436, 45.735008836434034], [-60.95512760920645, 45.73499061639498], [-60.955127736618785, 45.734974102018256], [-60.955127979723606, 45.73494561851119], [-60.955114523418, 45.73489137215036], [-60.95510543756456, 45.734854719801035], [-60.955103320224325, 45.73484617603511], [-60.95508792671234, 45.73482456826463], [-60.95505196607473, 45.73477414036423], [-60.9550012100091, 45.73475612980339], [-60.95494884101229, 45.734747091241424], [-60.95490427776961, 45.73475731035464], [-60.954872365569074, 45.734764623684576], [-60.95482029564093, 45.73478259313095], [-60.954743163119886, 45.73481811552835], [-60.95470428665335, 45.734826420202964], [-60.95468733109364, 45.73482154408664], [-60.95464069846622, 45.73480817967158], [-60.95457924286358, 45.734782227521066], [-60.95457614149576, 45.7347809208498], [-60.95448651876174, 45.73473611132768], [-60.95429413611237, 45.73468946109138], [-60.95425655395288, 45.734662685271836], [-60.954244366101, 45.73464446514365], [-60.95429648275389, 45.73455448956276], [-60.95432887140438, 45.73450175736384], [-60.95433476111226, 45.73449217788836], [-60.95433479470405, 45.73448844311475], [-60.954335806579685, 45.73439317766528], [-60.95432845164697, 45.73436651125574], [-60.95432330709368, 45.73434794924906], [-60.954311281686586, 45.734326338695816], [-60.954297988398196, 45.734302491207785], [-60.95427259427118, 45.734293935518515], [-60.95423533253488, 45.73427493321052], [-60.95418300544508, 45.73424822537058], [-60.95417116667622, 45.73423980447099], [-60.954145423628816, 45.7342214495185], [-60.95413228000217, 45.73419421135059], [-60.954145782063705, 45.73417645141546], [-60.95420458666773, 45.73411731576546], [-60.95426186962911, 45.734059719885394], [-60.954279866361844, 45.73404241848426], [-60.954327142188944, 45.73399698265678], [-60.95436603498506, 45.733952674782216], [-60.95438531869626, 45.733916323498455], [-60.95441850531718, 45.733853695565685], [-60.95443614894733, 45.73378306645191], [-60.95444558838429, 45.73374526970529], [-60.954456554801084, 45.733687131258584], [-60.95447266778484, 45.73360174924033], [-60.95447485912416, 45.733295757692574], [-60.954514109404414, 45.733206451635745], [-60.95451459180308, 45.73318057366976], [-60.954515453377255, 45.733134459456906], [-60.954477963904544, 45.73303478612289], [-60.95444736374373, 45.73298790137488], [-60.95440128078339, 45.73291730093678], [-60.95426772330278, 45.732700237903224], [-60.95426296750543, 45.73269250194268], [-60.95422449338769, 45.732619805500335], [-60.95421400828048, 45.73248460407239], [-60.95416301537934, 45.732367578908075], [-60.954097145673884, 45.7323094861805], [-60.954060923602455, 45.73227754112671], [-60.954006654688285, 45.732232266440484], [-60.953908743140744, 45.732150602246655], [-60.95384421955572, 45.73208733996396], [-60.95375532182203, 45.73198763729629], [-60.95374551054416, 45.731956804411894], [-60.953743791934585, 45.73195142707956], [-60.953744150614206, 45.73190642896623], [-60.953756726451694, 45.73184364793537], [-60.95376482867257, 45.73183647536659], [-60.95379657395817, 45.73180835825512], [-60.95378343102818, 45.731781120048794], [-60.953784088258445, 45.731763130008034], [-60.95370701948266, 45.731726645594854], [-60.95366815788127, 45.73173495018505], [-60.9536035747524, 45.73174369396118], [-60.95353932025871, 45.73174344268137], [-60.953424641618376, 45.73171618513172], [-60.95339184188322, 45.73171617340735], [-60.95337323147835, 45.73171616393102], [-60.95334899645356, 45.73171883493443], [-60.95329580401172, 45.731724677353405], [-60.953205501804455, 45.73176896361459], [-60.95314057701024, 45.731786701913656], [-60.9530888509275, 45.73179567583062], [-60.9530374407199, 45.73179565447748], [-60.952986720874065, 45.73177674356785], [-60.95298330083194, 45.731774315027955], [-60.952885246138734, 45.73170471760066], [-60.95283825163583, 45.731691489967965], [-60.9528203648139, 45.731686452863215], [-60.95267999806575, 45.73165873408959], [-60.95261580882855, 45.73165177778267], [-60.95259038390028, 45.73164902674812], [-60.952588327168854, 45.73164903488058], [-60.9525505340304, 45.73164920342211], [-60.95253024197426, 45.731653709118675], [-60.952512956426276, 45.73165753963931], [-60.95248657730508, 45.731675968614276], [-60.952470482710716, 45.731698200335536], [-60.952460857826445, 45.731711511135714], [-60.95243563125986, 45.7317631021073], [-60.95240807021225, 45.7318194847056], [-60.95234210983935, 45.7319362049732], [-60.952317047850514, 45.73195375743328], [-60.95226698412951, 45.731971041619154], [-60.952188178184976, 45.73199826046332], [-60.9521339716264, 45.73203569534584], [-60.95208399822302, 45.73207019080703], [-60.95202041576138, 45.73208705244836], [-60.95196867639329, 45.732096025619285], [-60.95193011032129, 45.73209623410005], [-60.951827651218416, 45.73208629580802], [-60.951789414093106, 45.73207750923259], [-60.95175442390918, 45.73208959097711], [-60.95173734575325, 45.73209547730675], [-60.95172417208318, 45.73210425094544], [-60.95167240159249, 45.732149218054936], [-60.95163440812461, 45.73219421622277], [-60.95162000532227, 45.73221129364357], [-60.951600284056056, 45.73223919377095], [-60.951594252474486, 45.7322477264588], [-60.95156919011413, 45.73226527874745], [-60.95155157603817, 45.7322710564267], [-60.9515431722754, 45.73227381298464], [-60.95148777757726, 45.732273782471495], [-60.95144033818835, 45.732273768618], [-60.95138890883401, 45.73230974981034], [-60.951351185531486, 45.73236667893203], [-60.951335854067615, 45.732389815270636], [-60.951316132924575, 45.73241770634962], [-60.951310100951034, 45.73242624801615], [-60.95128486639883, 45.73243163692691], [-60.95127123853347, 45.732434551775235], [-60.95112955489083, 45.73244280210446], [-60.95109712987546, 45.732442724436204], [-60.95101388855661, 45.73244253613961], [-60.950990684753265, 45.73243843845932], [-60.950911725188845, 45.732424501515055], [-60.95086731032377, 45.732410671291284], [-60.95082276835296, 45.73239680276584], [-60.950744381580776, 45.73236861854531], [-60.95072001182988, 45.73235985542007], [-60.95063036402718, 45.73235104602827], [-60.950474096851686, 45.732345127443324], [-60.950359543851285, 45.73234078538187], [-60.95020567397689, 45.732330823041536], [-60.95015426332433, 45.73233080038189], [-60.95011860606553, 45.73232176252249], [-60.95011605923652, 45.73232111374816], [-60.95005249504293, 45.73226686744791], [-60.94998860174246, 45.732221616112234], [-60.949898987219775, 45.73221190665194], [-60.94987238148419, 45.73220805370639], [-60.94983506153223, 45.73220265828106], [-60.949807976079626, 45.73217750056002], [-60.949796528004015, 45.7321668629923], [-60.94979185062432, 45.73216191853352], [-60.94977054257162, 45.732139393774524], [-60.94976066233654, 45.73210839729209], [-60.94975901524705, 45.73210318319983], [-60.949720481834596, 45.732067387886836], [-60.94968561915298, 45.73205315263037], [-60.949630571030106, 45.732030670171035], [-60.949579819248164, 45.73201265726446], [-60.949554363348774, 45.73200548555155], [-60.94951493871363, 45.73199439066203], [-60.94946369898003, 45.73199427174975], [-60.949399274028885, 45.73199410508753], [-60.949309956085095, 45.73201141221555], [-60.94901306646383, 45.7320816884352], [-60.94895057949883, 45.73209984616964], [-60.948858459797336, 45.73212661658648], [-60.948794237920744, 45.732125463130124], [-60.948743486335935, 45.732107449855235], [-60.94859096907201, 45.73199039881932], [-60.94855213998367, 45.73196269861716], [-60.948521900270684, 45.731952092404434], [-60.94844935286926, 45.731926648763555], [-60.94815381443532, 45.7319249397518], [-60.94802624734356, 45.731933448851244], [-60.947986429937636, 45.73193273342485], [-60.94789740862973, 45.73194193495879], [-60.947875747295654, 45.73193644221686], [-60.9478590925888, 45.73193216454846], [-60.94782034358584, 45.731905446634805], [-60.9477951739506, 45.731869071723736], [-60.947782503684195, 45.7318507612183], [-60.94778261806241, 45.731834660647564], [-60.94778286714993, 45.731805763204896], [-60.9478007313022, 45.7317159941173], [-60.947809646061515, 45.731671230773095], [-60.94786181669142, 45.7315452554162], [-60.94785062028125, 45.73150004968106], [-60.94782626617503, 45.73146632669521], [-60.94782493272825, 45.731464484550436], [-60.94777324006122, 45.73143745302134], [-60.947760161774404, 45.73143413969624], [-60.94773502417294, 45.731427765376196], [-60.947670769853666, 45.731427519795574], [-60.94764427988565, 45.73143665672246], [-60.94761870119905, 45.73144547698625], [-60.947592804632954, 45.731456307735314], [-60.94755475562282, 45.73147223061634], [-60.947535264527076, 45.73149871203871], [-60.94751551684676, 45.73152553088087], [-60.947515699428216, 45.731542644890986], [-60.94751581241381, 45.73155253892096], [-60.94752504820045, 45.73155934757711], [-60.94752832703039, 45.73156176474214], [-60.94756718934831, 45.73155346225491], [-60.94758723604307, 45.73156022216956], [-60.94759258117065, 45.73156201940053], [-60.947617610437945, 45.731580471025225], [-60.94762083605348, 45.7315896019096], [-60.9476304078551, 45.73161670464524], [-60.94762944736119, 45.73175726358356], [-60.947628933035595, 45.73183268195821], [-60.9476022677995, 45.73185922348311], [-60.94758908104039, 45.731867987409096], [-60.9475550331111, 45.73187748353791], [-60.947525452067524, 45.73188573680143], [-60.94743605222352, 45.73190912560584], [-60.94735804598504, 45.73192954180129], [-60.947254236513785, 45.73195647885734], [-60.94712470397391, 45.73201895707442], [-60.94703439657391, 45.73206323836132]]}, "properties": {"OBJECTID": 140456, "FEAT_CODE": "WALK20", "FEAT_DESC": "Lake - Water to the right line", "RIVNAME_1": " ", "RIVNAME_2": " ", "ZVALUE": 163.6, "FID": null, "SHAPE_Length": 1199.01419165355}}, {"type": "Feature", "id": 140457, "geometry": {"type": "LineString", "coordinates": [[-60.963028884997, 45.73501930559608], [-60.96301633000431, 45.735046084372144], [-60.96299030117534, 45.73509062462873], [-60.962973765605746, 45.73512471314086], [-60.96296389956091, 45.73514505922241], [-60.96292400681607, 45.73525235849337], [-60.96289760505603, 45.73530679306787], [-60.96276738676576, 45.73549438930573], [-60.962630118608715, 45.7356266570952], [-60.96259954796786, 45.73565611173268], [-60.96252209172053, 45.73570063450654], [-60.96250472053932, 45.73570715628067], [-60.96238004877315, 45.73575390590463], [-60.96225052358464, 45.735816401379445], [-60.96221877487454, 45.735827356043664], [-60.96219845491803, 45.735834374210896], [-60.962172854883775, 45.73583848987853], [-60.96214803080309, 45.735842475371875], [-60.962070926068144, 45.73584199960404], [-60.96201855480826, 45.73583296424953], [-60.961981653293506, 45.73582127063782], [-60.96190419079614, 45.73579671996238], [-60.96182133534595, 45.735775196301624], [-60.961762851779454, 45.735759994139116], [-60.96169924726168, 45.73574175725512], [-60.96163448628802, 45.73574116846489], [-60.96159645206661, 45.735740822650335], [-60.96149328354034, 45.73574979128191], [-60.961288001030134, 45.73573981729232], [-60.961004644185806, 45.73572034823286], [-60.960927866841295, 45.7357108856368], [-60.96086197168236, 45.73571073520393], [-60.960812180848315, 45.735710620257805], [-60.9605933978947, 45.73571841476648], [-60.96040059437106, 45.73575367553051], [-60.960382167208316, 45.735761303235655], [-60.96027139467138, 45.73580717367197], [-60.96018141872854, 45.73584247035214], [-60.96014529527086, 45.73585494846322], [-60.960129349405925, 45.73586044222827], [-60.96006604691088, 45.73586921253348], [-60.95998894220556, 45.73586873535942], [-60.95979586262915, 45.73584098385873], [-60.95971679990965, 45.73581557502791], [-60.95968024835773, 45.735803814916366], [-60.95957839039209, 45.73577680162319], [-60.95951283243187, 45.735767394507725], [-60.9594492560106, 45.73575828378556], [-60.95938499677028, 45.735758035716685], [-60.959295990856006, 45.73576634632605], [-60.95926832307033, 45.735760181367915], [-60.95925647796733, 45.73575754846556], [-60.95923805889299, 45.735737084315616], [-60.959231771070485, 45.73573009526812], [-60.959231788980375, 45.73569891646362], [-60.959231797684744, 45.735694092135695], [-60.95924466956673, 45.73565831853746], [-60.959278062142126, 45.73562801513174], [-60.95928454925669, 45.73562212744699], [-60.95932245605325, 45.73560480298445], [-60.9593873706349, 45.735587060993964], [-60.95940727017095, 45.73557783059384], [-60.95942659467696, 45.73556885994294], [-60.959451983897075, 45.73554231087621], [-60.95946343938667, 45.73551048134338], [-60.95946485560099, 45.73550653724928], [-60.95946553755077, 45.73545254402007], [-60.959454419894875, 45.73541230936455], [-60.95945304654011, 45.735407316328306], [-60.959445424399114, 45.73539073549226], [-60.95942805094145, 45.73535286430706], [-60.959389823980956, 45.735308076857315], [-60.9593500765429, 45.73526586348707], [-60.959313100941166, 45.73522659792198], [-60.95917277516779, 45.73512688067051], [-60.95912234519355, 45.73509987686943], [-60.959057785622, 45.73507262053997], [-60.95903540989977, 45.735069385381934], [-60.958993854994304, 45.735063377219774], [-60.958942474474526, 45.73506245896987], [-60.95890030999809, 45.73507423466463], [-60.958878844887955, 45.735080223674174], [-60.95881983482582, 45.73510348945072], [-60.95869756343265, 45.73515169110051], [-60.9585341155347, 45.73518913857692], [-60.9585044460667, 45.73519593495557], [-60.958495106882644, 45.73519719915504], [-60.95843985925955, 45.735204690402156], [-60.95840408414843, 45.73519774124118], [-60.958388806543006, 45.73519477686012], [-60.95831520584321, 45.73518353310791], [-60.95820857498576, 45.73516726134768], [-60.95810607683238, 45.735158210093765], [-60.957901412329555, 45.7351662608657], [-60.957850031750404, 45.73516534212293], [-60.957797661867936, 45.735156304853824], [-60.95775975000016, 45.735138516198], [-60.95769783543543, 45.73510183744715], [-60.9576830016706, 45.73509304832336], [-60.95745311421964, 45.73491161926238], [-60.95741930707266, 45.734891248638235], [-60.95736381697512, 45.734857816921], [-60.95731342094721, 45.73482991283522], [-60.95722313967597, 45.734803095493156], [-60.95722216340243, 45.73480272699545], [-60.95719777766517, 45.73479364094019], [-60.95713335189513, 45.7347930555902], [-60.95709498442604, 45.734792702313655], [-60.956875830979534, 45.7348103840598], [-60.95682445075959, 45.73480946486132], [-60.95680767770033, 45.73480380924658], [-60.95679905599979, 45.73480090972416], [-60.95670947705782, 45.7347552026427], [-60.956667571092794, 45.734740510480606], [-60.956606666527996, 45.734719159742376], [-60.95654369305136, 45.73471893307765], [-60.95636314050666, 45.73473550433059], [-60.956195412920124, 45.734753204902695], [-60.95607976192269, 45.73475203526015], [-60.95605135376128, 45.73473870955229], [-60.95604185056147, 45.73473425504175], [-60.95602933381892, 45.7347250301225], [-60.95599618468317, 45.73468770414849], [-60.95596513322896, 45.7346527739455], [-60.95593947191214, 45.7346163110436], [-60.955915497507725, 45.734576241963396], [-60.95590191772424, 45.734553532650786], [-60.9558772126798, 45.73452608775415], [-60.9558251720603, 45.73450805456737], [-60.95581477653367, 45.73450797650706], [-60.95573522438783, 45.734507344638935], [-60.95572089315909, 45.73452283069182], [-60.95570981393169, 45.73453479259431], [-60.95568408225256, 45.7345703356076], [-60.95567055136609, 45.73462410782436], [-60.955654662854656, 45.734692113269816], [-60.95564312963778, 45.73474151079895], [-60.95563390255128, 45.734767169220326], [-60.95563025537162, 45.73477729295599], [-60.95554629426718, 45.734874187832595], [-60.95551351229159, 45.73491201683654], [-60.95544827277358, 45.73497385523591], [-60.95539620282421, 45.734991824944096]]}, "properties": {"OBJECTID": 140457, "FEAT_CODE": "WALK20", "FEAT_DESC": "Lake - Water to the right line", "RIVNAME_1": " ", "RIVNAME_2": " ", "ZVALUE": 163.6, "FID": null, "SHAPE_Length": 809.4633219151422}}, {"type": "Feature", "id": 140527, "geometry": {"type": "LineString", "coordinates": [[-60.94703439657391, 45.73206323836132], [-60.94702156507181, 45.73206300769901], [-60.946957922532306, 45.73208076553174], [-60.94689399753691, 45.73207151552496], [-60.946816273521726, 45.73205301649415], [-60.946700972837284, 45.73200773918549], [-60.94663892192539, 45.73196350019345], [-60.946586991761855, 45.731926472849885], [-60.94652244181434, 45.73189921858069], [-60.94645884689788, 45.73188097335563], [-60.94639262933378, 45.73188483217233], [-60.946317163828354, 45.731889226720945], [-60.94622753772848, 45.73187951416765], [-60.94621999040064, 45.73187608410905], [-60.9461883602675, 45.73186169889385], [-60.94604481195994, 45.731810413366716], [-60.94598409397185, 45.73178872726497], [-60.9458613022655, 45.73175043409498], [-60.9455736579114, 45.7316607324821], [-60.94532988377118, 45.731614042692776], [-60.945164130115266, 45.73157774810838], [-60.945023143042675, 45.73153201593233], [-60.94499813109232, 45.731514167110234], [-60.944984316071476, 45.73150431455047], [-60.94498464609601, 45.731495319579196], [-60.94502387438421, 45.731442019993935], [-60.94509065442257, 45.731388136034255], [-60.945178824440625, 45.73131699511211], [-60.945320805717444, 45.731212285772436], [-60.94537303764813, 45.731173774487814], [-60.94540006587409, 45.731137357011384], [-60.94538692962238, 45.73107501440151], [-60.94538565982633, 45.73107319137499], [-60.94534907981394, 45.73102032799034], [-60.94526050921394, 45.730912514739046], [-60.94517096848475, 45.7308308046047], [-60.94513922196286, 45.73078493181578], [-60.94513313189047, 45.730776118357284], [-60.94513336642315, 45.73075746368915], [-60.94513382743934, 45.730722125407375], [-60.94515988102136, 45.73067758962891], [-60.94520808429591, 45.730627664782915], [-60.94521198554466, 45.730623621558685], [-60.945224708482826, 45.730612788351934], [-60.94526372700059, 45.73057954793422], [-60.945425592976584, 45.73048453915847], [-60.945431858456274, 45.730480862492705], [-60.94550899059422, 45.73044534635878], [-60.94556076464344, 45.73040037309399], [-60.945625417791874, 45.73031962783761], [-60.94565180069174, 45.73026609695714], [-60.94565282561956, 45.73020310901377], [-60.945629222931125, 45.73004066802935], [-60.9455914239042, 45.72991487539941], [-60.94555637834517, 45.72979741312615], [-60.94552962228404, 45.72970764275486], [-60.94546946906973, 45.72960930576022], [-60.94544110847881, 45.729562935902436], [-60.945427547540156, 45.72953180080614], [-60.94539013649449, 45.729445907123555], [-60.94536649923772, 45.729375535779454], [-60.94536580417071, 45.7293734620656], [-60.94536580956922, 45.72937156297016], [-60.94536587526653, 45.729301447041976], [-60.945375024774975, 45.729255229945544], [-60.94538007375103, 45.72922970418252], [-60.945398462165286, 45.729207361702755], [-60.945431189236096, 45.72916761738637], [-60.945554890598146, 45.72908283091781], [-60.94556170660483, 45.72907815604556], [-60.945569774314976, 45.7290743947803], [-60.94567677602435, 45.72902442032818], [-60.94590912009986, 45.72892688921274], [-60.94601326034, 45.72888378468001], [-60.94603831685038, 45.72887340722499], [-60.946297382029286, 45.72874845306179], [-60.94642627008857, 45.72866796234246], [-60.94654261066957, 45.72857915404546], [-60.9467760339735, 45.72841772507764], [-60.9468403063885, 45.72838196783525], [-60.94691677504329, 45.72836444964211], [-60.947046230652745, 45.728373977561155], [-60.94705716072334, 45.72837627125423], [-60.94713550884117, 45.72839268414127], [-60.947494269111544, 45.72845763836678], [-60.947534708313846, 45.72846236154792], [-60.947649115505484, 45.72847572274989], [-60.9477028988038, 45.728469119501696], [-60.947789834969505, 45.72845844950482], [-60.9478282629663, 45.728452119323], [-60.947893275182786, 45.728441406322766], [-60.94806099951758, 45.728388614328956], [-60.948109706512824, 45.72836551101602], [-60.94826766279359, 45.72829061699082], [-60.94836450379391, 45.728238990324556], [-60.9484865505815, 45.72817393695455], [-60.948582439721015, 45.72809459719166], [-60.948616435280115, 45.72806645891929], [-60.94865057748878, 45.728022382652014], [-60.94872030351129, 45.72793241079204], [-60.948750389188184, 45.72791136697954], [-60.94877174326388, 45.72789643096702], [-60.94894427526707, 45.72781721633062], [-60.94912075464235, 45.727736182127735], [-60.9491982099915, 45.72769166838014], [-60.94981923056891, 45.72726267382258], [-60.94983146107878, 45.727244882551645], [-60.94987128162228, 45.72720960273477], [-60.94998737587527, 45.72709287465319], [-60.950026958312804, 45.727029678669076], [-60.95003429351193, 45.72701466179569], [-60.950079744984684, 45.7269217241062], [-60.95010579312887, 45.72687717807889], [-60.95013118261177, 45.72685063105489], [-60.95016848303915, 45.72684557597751], [-60.95019574770214, 45.726841888918074], [-60.95025493744387, 45.72685044903738], [-60.95038751961068, 45.72686963326289], [-60.9506190924406, 45.72689810051549], [-60.950670169383734, 45.726907108896235], [-60.95068755931842, 45.72691619683974], [-60.950721872561715, 45.726934130321844], [-60.95075027936247, 45.726955081127755], [-60.95075941469948, 45.72696181571749], [-60.95076660109427, 45.726977210219616], [-60.95078444408966, 45.727015370232955], [-60.95084795857311, 45.72710561894203], [-60.95088610854504, 45.72718731169027], [-60.950933945974604, 45.727306325013764], [-60.95093677403043, 45.727313333462114], [-60.95098711675914, 45.72741234667429], [-60.951046536068624, 45.72746735521956], [-60.95107536333583, 45.72749403806773], [-60.9511656110632, 45.727556863372314], [-60.95116429511365, 45.7275928434215], [-60.951126029503406, 45.72762005976126], [-60.95112504252026, 45.72764704479721], [-60.95112757548444, 45.727652283767156], [-60.951138183246506, 45.727674283289396], [-60.951156330546475, 45.727691134534616], [-60.95117671465694, 45.727710078113695], [-60.951214586841765, 45.727728759361625], [-60.95122397514707, 45.72773209610583], [-60.95129197749353, 45.727756250346665], [-60.95133266928499, 45.7277561702256], [-60.951381946714314, 45.727756073083626], [-60.95147944590353, 45.72772746191602], [-60.951561225238336, 45.72770347420359], [-60.95162050170003, 45.727703718323305], [-60.951626759388375, 45.727703749553314], [-60.95163510730652, 45.72770496138937], [-60.95169068029738, 45.7277129968453], [-60.95185705407363, 45.72776728592542], [-60.95190780282363, 45.727785297779185], [-60.95198877403365, 45.727802042405564], [-60.95199836617767, 45.72780402360336], [-60.95204881754038, 45.72779501831863], [-60.95205664012391, 45.727788101878964], [-60.95208866280407, 45.727759738175095], [-60.95210374384091, 45.72772758731472], [-60.952113753948126, 45.72770618262216], [-60.952114005490195, 45.72768664614832], [-60.95211444262731, 45.72765218948689], [-60.95206477541375, 45.727534286971085], [-60.952029282864, 45.72746808784629], [-60.952026274600954, 45.72746248933729], [-60.952026634506076, 45.72741749121917], [-60.952039837720974, 45.72737272341302], [-60.95204199959878, 45.727371241026134], [-60.95207938705522, 45.72734552978615], [-60.95213113483547, 45.7273365567131], [-60.95216742739932, 45.72734360714181], [-60.95218216638848, 45.72734647269434], [-60.95223291487146, 45.727364484400155], [-60.952283788649964, 45.72740789891045], [-60.95229647582054, 45.72741872947139], [-60.95232213582969, 45.7274427719524], [-60.9524120390712, 45.727527012269896], [-60.95247560037621, 45.727581257246115], [-60.95264095543731, 45.7276634297535], [-60.95267522916193, 45.72767966076404], [-60.95271801799425, 45.727699914803324], [-60.95278161037088, 45.72771815650858], [-60.952802562201626, 45.72771806403969], [-60.95282145744528, 45.727717979706085], [-60.95289825282282, 45.727691444446066], [-60.952936813476086, 45.72765613197892], [-60.952962892273696, 45.72761069476503], [-60.95297675185908, 45.72754794579003], [-60.95296429843907, 45.72746670534303], [-60.95290142468461, 45.72735846747636], [-60.95290178355444, 45.72731347833773], [-60.95292750096855, 45.727277926656974], [-60.952994630690434, 45.72724753670303], [-60.953005908376326, 45.72724242830466], [-60.953011630493656, 45.727241639776935], [-60.953069202042826, 45.727233661753594], [-60.953121564051386, 45.72724269206872], [-60.95315914047071, 45.72726947719533], [-60.953209484555, 45.72733338588259], [-60.95322322618433, 45.727346314449875], [-60.953286529645965, 45.72740587389467], [-60.95332410658148, 45.727432649974446], [-60.95334101146471, 45.72743849749144], [-60.95337613986052, 45.727450684196214], [-60.953403134255865, 45.727455452386685], [-60.95342721746225, 45.72745970035401], [-60.95352966846329, 45.727469637078684], [-60.95370539129192, 45.72751887046346], [-60.9538248085168, 45.727552333277536], [-60.95388905820956, 45.72755258431485], [-60.95397936887337, 45.72754340120659], [-60.95404327719118, 45.727552646955196], [-60.95404427243435, 45.72755319583876], [-60.95409366511694, 45.727580552378235], [-60.95420771830191, 45.727670111402375], [-60.95420860488861, 45.727670820354525], [-60.954219663638064, 45.72767381773799], [-60.95431168381045, 45.72769876945205], [-60.954375605209385, 45.72770801524841], [-60.95442701168621, 45.727708035935066], [-60.95450413445097, 45.727672513546075], [-60.95454368283515, 45.72764531905019], [-60.95458224243754, 45.72761000600885], [-60.954659726239434, 45.72756458897531], [-60.95469762887284, 45.727547265956545], [-60.95473144868824, 45.72754707955419], [-60.954736191833945, 45.72754705648727], [-60.95476217768882, 45.72757452460093], [-60.95477503391204, 45.72757475483655], [-60.954813554779875, 45.72761054824261], [-60.95483921230327, 45.72764701137237], [-60.95483888390471, 45.72765600640519], [-60.95476038910554, 45.727799515412684], [-60.95475904614234, 45.727871498670154], [-60.954778995823716, 45.72795200907255], [-60.954783689215255, 45.72797095003698], [-60.95478696411015, 45.7279984704714], [-60.95479647765619, 45.72807828992375], [-60.95479585592019, 45.728127351767924], [-60.95479510542576, 45.728186276306566], [-60.9548093618518, 45.72821046504101], [-60.954832621497985, 45.72824995453845], [-60.95484510736392, 45.72829518269812], [-60.95488096873218, 45.72834610399011], [-60.9548829976453, 45.72834896660948], [-60.95494622106299, 45.72841220506181], [-60.9549468486403, 45.72843021812512], [-60.954933676342336, 45.728438992162665], [-60.95492083276314, 45.72843876217154], [-60.95485151573172, 45.72842872698858], [-60.95479300129867, 45.72842026235947], [-60.954523142055564, 45.72841902969413], [-60.95449709360461, 45.72842846415093], [-60.954457577479026, 45.72845475911442], [-60.95443218925973, 45.728481307116], [-60.954438124481925, 45.72849017131215], [-60.954444375901836, 45.7284995272208], [-60.95447036203696, 45.72852699540165], [-60.95447660095106, 45.728536342083565], [-60.95448254870105, 45.72854521550262], [-60.95446934711987, 45.72858998361118], [-60.95449536615435, 45.72861655228394], [-60.95450788130808, 45.728625777353024], [-60.95471344839761, 45.72866276240685], [-60.95473374887908, 45.728672774943604], [-60.95475132243612, 45.72868144250989], [-60.954770854307206, 45.72869490662647], [-60.954790185287315, 45.7287082411293], [-60.95482737326963, 45.728780914394164], [-60.95482796214289, 45.728781329980734], [-60.95490380200793, 45.7288344883417], [-60.954904229371984, 45.72884636819769], [-60.954904442415256, 45.72885250163384], [-60.954849699029026, 45.72886746193071], [-60.95483953438246, 45.72887024120426], [-60.95476500438701, 45.72888751139311], [-60.954724174681076, 45.728896978220206], [-60.95470065368509, 45.72890723206521], [-60.95462100166463, 45.72894193520486], [-60.95456832558553, 45.72897700442534], [-60.954555768691336, 45.72900376426182], [-60.954562020185435, 45.729013120164524], [-60.95456795515342, 45.729021993349505], [-60.95460711375194, 45.72904069650596], [-60.95470891448321, 45.72910372590014], [-60.95479882412394, 45.729140439611406], [-60.95484624773584, 45.72914046078933], [-60.95485023192235, 45.72914046012994], [-60.95495205870535, 45.72913238257047], [-60.95498911872917, 45.72913218210558], [-60.95499062276015, 45.729132173033896], [-60.954999392005945, 45.72913804563918], [-60.95500442215532, 45.72914143004483], [-60.95506801726979, 45.72915966151793], [-60.95511909671925, 45.72916867694757], [-60.95514674973232, 45.72916387954634], [-60.95517083291136, 45.72915970229007], [-60.95522285176256, 45.7291426318495], [-60.95526178603422, 45.72909742429154], [-60.95526177160977, 45.72909500278802], [-60.95526151571749, 45.72903441306961], [-60.95527567281273, 45.72899866289229], [-60.955314265757345, 45.72896245011628], [-60.9554045617853, 45.728918161161836], [-60.9554481788752, 45.72891225434825], [-60.95546914139462, 45.72890941630263], [-60.95549241313903, 45.72890950888593], [-60.95553339268355, 45.7289096664413], [-60.9555710305167, 45.7289151107022], [-60.95559731565022, 45.7289189124784], [-60.95572547411659, 45.72896441097474], [-60.955827258986425, 45.72899233553133], [-60.955910604361634, 45.72900925487853], [-60.95600714092043, 45.72902885850423], [-60.95602943560033, 45.729034244028746], [-60.95608357965378, 45.72904732828184], [-60.95613265109168, 45.72906805351027], [-60.956148130875064, 45.72907458617696], [-60.95619888224137, 45.72909259616336], [-60.95623734785234, 45.72912925217741], [-60.95626337270918, 45.72915674764198], [-60.95627185097822, 45.72919384810489], [-60.95627556421735, 45.72921008019122], [-60.95633877468859, 45.72930932127487], [-60.956350605632096, 45.72937253936392], [-60.95634629331337, 45.72938716968546], [-60.956337405318685, 45.7294173077045], [-60.95632098042214, 45.72944055116698], [-60.956311656522765, 45.72945375066969], [-60.95625992465858, 45.72949782947455], [-60.95620786010953, 45.72951579966027], [-60.956120059865825, 45.72951598354433], [-60.95611788761654, 45.729515989672954], [-60.95598974468004, 45.72950559545356], [-60.95597565927568, 45.72950804362883], [-60.95593799544098, 45.72951457024854], [-60.95586398166292, 45.729557124951334], [-60.95586055556222, 45.72955908883295], [-60.95579564698668, 45.729576828936025], [-60.95575568194218, 45.729576680633734], [-60.95573267931076, 45.72957660192241], [-60.95570756791031, 45.729573029109204], [-60.955667471154996, 45.72956733385719], [-60.95548955763674, 45.729476840125436], [-60.95546221755401, 45.72947165220047], [-60.95543722629295, 45.72946690235908], [-60.95542434967444, 45.729467571024394], [-60.955398961430134, 45.72949411923649], [-60.955386417320604, 45.72952088839181], [-60.95539773403644, 45.729571406087715], [-60.95539857522453, 45.729575120521886], [-60.95543615458059, 45.729601896838574], [-60.95545349373577, 45.72961065910876], [-60.955563625012594, 45.72966628510595], [-60.95559805244775, 45.729680825812245], [-60.95562816382967, 45.729693543070155], [-60.955659160350244, 45.729702432775724], [-60.95569175912341, 45.729711792198415], [-60.95578268836614, 45.729720611556715], [-60.95583538944225, 45.729727117433995], [-60.95585945621512, 45.72973008646204], [-60.95593854253592, 45.729733788223875], [-60.95607757248513, 45.72974029093173], [-60.956192576702044, 45.729758550741764], [-60.95637177216606, 45.72981396276039], [-60.956512764388314, 45.729859690015715], [-60.95662809714303, 45.72986895435431], [-60.95667950563945, 45.72986897406063], [-60.956705808781265, 45.729887446486565], [-60.956718009305526, 45.72990566659208], [-60.956692293331436, 45.72994121013659], [-60.956640528483646, 45.72998618861174], [-60.956626700120964, 45.73001294392396], [-60.95664017219693, 45.73003118678826], [-60.95664697489196, 45.73004623201132], [-60.9566520645638, 45.730057502205995], [-60.95665269269015, 45.73007551526472], [-60.95664030977966, 45.73009259345904], [-60.95663915963355, 45.73009417504259], [-60.95660029957357, 45.73010248065967], [-60.956472094113295, 45.730128989596906], [-60.95644574981764, 45.73014652002185], [-60.9564200007396, 45.73018296300256], [-60.95640745662033, 45.73020974126773], [-60.956406784805985, 45.730263734705986], [-60.95642780373745, 45.73028613604526], [-60.9564574962053, 45.73031774749738], [-60.956572440721736, 45.73037290958365], [-60.956661430190685, 45.73039970435243], [-60.95669642781698, 45.73040955645201], [-60.95672631136789, 45.730417966907105], [-60.9570311839626, 45.73047998277896], [-60.957046531699326, 45.730483101615086], [-60.95712297276792, 45.7305015707321], [-60.95716569002627, 45.73050133574137], [-60.95720010279841, 45.730501150211495], [-60.957381551141054, 45.73047831102243], [-60.957406690401946, 45.73047514228342], [-60.95741596858352, 45.73047412010628], [-60.95748411560618, 45.7304666260316], [-60.957541532079304, 45.7304668518095], [-60.9576126221833, 45.73046711507107], [-60.9577658323623, 45.73049506645277], [-60.95784463356967, 45.7305126141932], [-60.957932843582995, 45.73053225631027], [-60.95811269234805, 45.73058713721179], [-60.95820231830823, 45.73061448221158], [-60.958252009683015, 45.7306143805005], [-60.958292292616136, 45.73061429058636], [-60.95840696580018, 45.730606439605445], [-60.95847187480473, 45.73058869802717], [-60.95853431313981, 45.73058902207697], [-60.95861321263874, 45.73058942431114], [-60.95870287194832, 45.73059822764085], [-60.958831679593985, 45.73062573241671], [-60.95889363332249, 45.7306439414158], [-60.95895884241007, 45.73066310865096], [-60.95901088055807, 45.73068114037732], [-60.95906194923858, 45.73069015384573], [-60.95911402686595, 45.73067218259462], [-60.9591234595714, 45.73065845375657], [-60.95912624206794, 45.730654399066005], [-60.95911292267152, 45.730625943194454], [-60.95910120313178, 45.73060084624778], [-60.95907288949164, 45.73055004318597], [-60.95905054828327, 45.73050993191893], [-60.95902550947987, 45.73045637908518], [-60.959013006956674, 45.73041115110353], [-60.95902587764618, 45.73037537748057], [-60.95905258179343, 45.730347951891666], [-60.95909081277902, 45.730321632379116], [-60.95911099827379, 45.73031226312047], [-60.959130033166474, 45.73030343135308], [-60.959219646498426, 45.730313133546794], [-60.95938635044634, 45.730358416605284], [-60.95951385357683, 45.73038679739419], [-60.959520330316366, 45.73039070249583], [-60.959527687136, 45.730395145374004]]}, "properties": {"OBJECTID": 140527, "FEAT_CODE": "WALK20", "FEAT_DESC": "Lake - Water to the right line", "RIVNAME_1": " ", "RIVNAME_2": " ", "ZVALUE": 163.6, "FID": null, "SHAPE_Length": 2526.767264421926}}, {"type": "Feature", "id": 147624, "geometry": {"type": "LineString", "coordinates": [[-60.945890563252235, 45.730869852319714], [-60.94586385250884, 45.730897274713335], [-60.945857525749126, 45.73090647685941], [-60.94585163308916, 45.730915056749375], [-60.945861910891075, 45.73093865297954], [-60.94586348753269, 45.73094227270104], [-60.94593985277205, 45.73106786778074], [-60.94615621819446, 45.73123106619005], [-60.94616051264183, 45.73123312362112], [-60.94619537540188, 45.731249772202844], [-60.946233611023395, 45.731258560628106], [-60.946272143490916, 45.73125925355973], [-60.9463746545102, 45.73123230304713], [-60.94637802704103, 45.73123005945895], [-60.946401002729814, 45.73121476601669], [-60.94642780942293, 45.73118963145525], [-60.946439615729716, 45.73117855660889], [-60.94644528746385, 45.73116758747525], [-60.94645344955338, 45.73115179362884], [-60.94644030970797, 45.73112457262809], [-60.946381875705505, 45.73105533099147], [-60.94636394146136, 45.7310340813814], [-60.946325410970864, 45.73099828496612], [-60.94627499103878, 45.730971275642254], [-60.946069786442365, 45.730889277369336], [-60.94598083454538, 45.73086157492367], [-60.94593478043938, 45.730853608888474], [-60.94592845792512, 45.73085253207506], [-60.945890563252235, 45.730869852319714]]}, "properties": {"OBJECTID": 147624, "FEAT_CODE": "WALKIS10", "FEAT_DESC": "Lake Island - Island to the left line", "RIVNAME_1": " ", "RIVNAME_2": " ", "ZVALUE": 163.6, "FID": null, "SHAPE_Length": 136.807440651502}}, {"type": "Feature", "id": 147625, "geometry": {"type": "LineString", "coordinates": [[-60.955445498360724, 45.733993607097325], [-60.95544484128442, 45.734011606144726], [-60.955420438516995, 45.73407940513224], [-60.95541909383623, 45.73408314343707], [-60.95541831106975, 45.7340841645275], [-60.95540559252521, 45.73410089453528], [-60.95541840771955, 45.734137145583105], [-60.95542438023241, 45.734146064392654], [-60.95543059618149, 45.73415535659709], [-60.95545562922073, 45.73417380655955], [-60.95552017310204, 45.73420106465223], [-60.955661188359, 45.734246793332396], [-60.955775873306, 45.7342740487313], [-60.955837455415484, 45.73430005650916], [-60.95590498737422, 45.73432856498722], [-60.95594087872058, 45.73433723618649], [-60.95598143324519, 45.73434703493981], [-60.956020000900175, 45.73434682511691], [-60.95611027659737, 45.73433853978731], [-60.95613628190154, 45.73433000428695], [-60.956165972199656, 45.734309248493396], [-60.95618773587017, 45.73429402140768], [-60.956214156760815, 45.734239579713375], [-60.95621400262737, 45.734226192610116], [-60.95621383133865, 45.73421257117631], [-60.95620620483184, 45.734191561596745], [-60.95620099464535, 45.73417724692713], [-60.95617628961168, 45.73414980209384], [-60.956161097111746, 45.734136415889225], [-60.956125234035206, 45.73410478395709], [-60.95607453065127, 45.73407371450169], [-60.95603597219043, 45.73405008111081], [-60.95590814310833, 45.733995587999495], [-60.95571510105622, 45.733931826630744], [-60.955445498360724, 45.733993607097325]]}, "properties": {"OBJECTID": 147625, "FEAT_CODE": "WALKIS10", "FEAT_DESC": "Lake Island - Island to the left line", "RIVNAME_1": " ", "RIVNAME_2": " ", "ZVALUE": 163.6, "FID": null, "SHAPE_Length": 168.04862655939243}}, {"type": "Feature", "id": 147626, "geometry": {"type": "LineString", "coordinates": [[-60.95292848309478, 45.73111953344796], [-60.953082618053195, 45.731192503236215], [-60.95312936034759, 45.731225987295595], [-60.95317154376729, 45.73125620330783], [-60.95319690348581, 45.73126565872166], [-60.953220418959766, 45.73127106667191], [-60.953235140298446, 45.73127444482124], [-60.953351790016406, 45.73124773243377], [-60.95338947312021, 45.73122840772089], [-60.95345526411949, 45.731194681185414], [-60.953480686934896, 45.73116723393984], [-60.95351990699751, 45.73111393129092], [-60.95352854722935, 45.73108464414426], [-60.95353310999902, 45.73106916333383], [-60.95353323785933, 45.73105299999204], [-60.95353346881759, 45.731024165217406], [-60.95350846798438, 45.73096971176245], [-60.95348280989077, 45.73093324834242], [-60.95344555891775, 45.73089748626406], [-60.953381007323365, 45.73087021784085], [-60.95327854794406, 45.73082516829488], [-60.9529965641588, 45.73073371464323], [-60.95295562112879, 45.73071282773735], [-60.95290698197089, 45.7306880044818], [-60.95286877848572, 45.73067831877748], [-60.95286366226976, 45.73067834408056], [-60.952830213383024, 45.730678527579045], [-60.952792275164384, 45.73069674942461], [-60.95274021063249, 45.73074982157521], [-60.95271753984605, 45.73076034227601], [-60.952700987927, 45.73076802036429], [-60.95268781505234, 45.73077678512896], [-60.952660122623406, 45.73078333640478], [-60.952648921097335, 45.73078598888379], [-60.95259751393558, 45.73082107093409], [-60.95258526376678, 45.730839753229276], [-60.952591935356864, 45.73086011588025], [-60.952596825576705, 45.7308750640514], [-60.95259679564538, 45.73090858290207], [-60.95259676403569, 45.73094707022454], [-60.95260187085233, 45.73096558663845], [-60.952609235768804, 45.730992298357805], [-60.95261783236283, 45.731001840420234], [-60.95263393768822, 45.73101974392353], [-60.952649600519095, 45.73103428215271], [-60.952672485143786, 45.73105553850924], [-60.95269871437751, 45.73107425355573], [-60.95271131570563, 45.73108323733841], [-60.95278133519586, 45.731100154100794], [-60.95278775605576, 45.73110170934545], [-60.95279325857724, 45.73110096189691], [-60.95285233855207, 45.73109296601938], [-60.95286399211472, 45.73109236482969], [-60.95286521559849, 45.73109229675168], [-60.95292848309478, 45.73111953344796]]}, "properties": {"OBJECTID": 147626, "FEAT_CODE": "WALKIS10", "FEAT_DESC": "Lake Island - Island to the left line", "RIVNAME_1": " ", "RIVNAME_2": " ", "ZVALUE": 163.6, "FID": null, "SHAPE_Length": 214.84567778415126}}, {"type": "Feature", "id": 147627, "geometry": {"type": "LineString", "coordinates": [[-60.954801586420366, 45.7300855847385], [-60.954784094975786, 45.73011548755366], [-60.95477554072137, 45.73013012285674], [-60.95477485449361, 45.73018411602928], [-60.954800832536314, 45.730246678530875], [-60.954813045023485, 45.73026490805468], [-60.95485186329076, 45.73029260593819], [-60.95487758414022, 45.730292166445984], [-60.95490123102239, 45.73028692832744], [-60.95491516016773, 45.73028383842211], [-60.954955367064734, 45.73023865376483], [-60.95496826951616, 45.730166877524226], [-60.95497717220612, 45.730136712874966], [-60.954981471116064, 45.73012210936913], [-60.95498147933614, 45.73010921121185], [-60.95498150033499, 45.73008610625099], [-60.954944282101934, 45.730049436151894], [-60.95490574668174, 45.730013642544286], [-60.954801586420366, 45.7300855847385]]}, "properties": {"OBJECTID": 147627, "FEAT_CODE": "WALKIS10", "FEAT_DESC": "Lake Island - Island to the left line", "RIVNAME_1": " ", "RIVNAME_2": " ", "ZVALUE": 163.6, "FID": null, "SHAPE_Length": 74.61857867397522}}, {"type": "Feature", "id": 147628, "geometry": {"type": "LineString", "coordinates": [[-60.957392054816395, 45.73196903132495], [-60.95738679686096, 45.731969063296766], [-60.95735348878846, 45.73196924163935], [-60.95730208338846, 45.732004325832605], [-60.95736565445579, 45.732058568213915], [-60.95740387287678, 45.732068243675414], [-60.95745557058773, 45.7320952799258], [-60.95751949755999, 45.73210452404978], [-60.95755803088114, 45.732105213184994], [-60.957562081592286, 45.73210374647257], [-60.95758408057241, 45.732095778055935], [-60.957596624587325, 45.73206899966741], [-60.95759728059992, 45.73205100958476], [-60.95757824475013, 45.73201684374345], [-60.95757194735079, 45.73200555199498], [-60.95755845455808, 45.731988208967124], [-60.95754522840173, 45.731983291958386], [-60.95753308057406, 45.73197876327033], [-60.95749484288807, 45.73196996959632], [-60.95747344025672, 45.73196581543821], [-60.95744379328271, 45.731960055679544], [-60.957413124988875, 45.7319653847664], [-60.957392054816395, 45.73196903132495]]}, "properties": {"OBJECTID": 147628, "FEAT_CODE": "WALKIS10", "FEAT_DESC": "Lake Island - Island to the left line", "RIVNAME_1": " ", "RIVNAME_2": " ", "ZVALUE": 163.6, "FID": null, "SHAPE_Length": 61.325130450226965}}, {"type": "Feature", "id": 147629, "geometry": {"type": "LineString", "coordinates": [[-60.95781816727349, 45.7318092348529], [-60.95783913425582, 45.7318140562245], [-60.95785641807748, 45.73181801965249], [-60.95788417618934, 45.73182341249559], [-60.9579074547893, 45.7318279331544], [-60.95795155496627, 45.731812709082675], [-60.95795952099528, 45.731809962227864], [-60.957965864368916, 45.731807303370566], [-60.958023475038466, 45.73178320292386], [-60.95807047674389, 45.73178322421715], [-60.958074885314446, 45.731783222031865], [-60.95808031045106, 45.731784597159056], [-60.95811310335204, 45.73179290625035], [-60.95814892187489, 45.73180918122444], [-60.95815228535719, 45.73181069950644], [-60.95822905618742, 45.73182018186601], [-60.95826649206127, 45.73182558561927], [-60.95829297014555, 45.731829425324555], [-60.95834472119626, 45.73182044949567], [-60.95834693693062, 45.73181995805298], [-60.958382297781114, 45.73181212034158], [-60.958415860999324, 45.73178166720695], [-60.95842217519257, 45.731775929492265], [-60.958430851910094, 45.73176108908843], [-60.95844821883112, 45.731731390517936], [-60.95848719356617, 45.731614175339715], [-60.95850039274841, 45.731569406746374], [-60.95857915764012, 45.73148890643667], [-60.9585830219974, 45.73148620323247], [-60.958630594558976, 45.73145292213901], [-60.95873406421305, 45.73139986603002], [-60.95875220490946, 45.73138243147793], [-60.958799328647345, 45.73133712607939], [-60.95880695881939, 45.73132384209998], [-60.95882540455276, 45.73129168750229], [-60.95882524951329, 45.731257499281966], [-60.958825130301186, 45.731228676243134], [-60.958820777429686, 45.73121903948012], [-60.95881323667571, 45.73120236103517], [-60.95876155870618, 45.73117443465895], [-60.95869828819963, 45.73114720114567], [-60.95863403426794, 45.73114695274409], [-60.95850487070969, 45.73116444592819], [-60.95850183750371, 45.73116444571294], [-60.95840205128094, 45.73116440809552], [-60.95835034648019, 45.73117248468675], [-60.95834209358331, 45.73117852077314], [-60.95833714158202, 45.731182149620714], [-60.958195407166635, 45.73126242408107], [-60.95817378486707, 45.73127346866047], [-60.958144330854836, 45.73128851363186], [-60.95806690459479, 45.73129703031257], [-60.95788698659269, 45.731296513595055], [-60.957855139562945, 45.731292586791895], [-60.957810216215215, 45.73128704001293], [-60.95775784994512, 45.73127800278164], [-60.95771273530609, 45.73126395568609], [-60.95766889133933, 45.731250309334236], [-60.95761718111571, 45.73122328195356], [-60.957374404632795, 45.731078525836644], [-60.957353420066816, 45.731066089295624], [-60.9572976624031, 45.73103304877766], [-60.95718301605117, 45.73100489548905], [-60.95713388217768, 45.73101155036802], [-60.95711843424799, 45.731013641277976], [-60.95707937440141, 45.73103163746251], [-60.957041308733366, 45.731049156368044], [-60.95706332324639, 45.73110770504405], [-60.95707880096798, 45.73114884603866], [-60.95708788858772, 45.731157280434324], [-60.95711733855853, 45.731184638943176], [-60.957173070900204, 45.7312176700946], [-60.957194080841035, 45.731230116123285], [-60.95724513475272, 45.731275133773416], [-60.95726190789, 45.73129520878441], [-60.95728331168272, 45.731320821169156], [-60.95729458477608, 45.73135391212252], [-60.95730768023046, 45.731392364207366], [-60.95728194394987, 45.73142880760453], [-60.957233027693015, 45.731451335019564], [-60.957204817626135, 45.7314643317897], [-60.95718057847114, 45.73146853368721], [-60.95715307925796, 45.73147331632975], [-60.95710491883789, 45.73147300390408], [-60.9570759810254, 45.73147282829673], [-60.9570538624358, 45.73146963335031], [-60.95701205518056, 45.731463574941976], [-60.956872674382915, 45.73143556393173], [-60.956781115456415, 45.73141714821399], [-60.956746394657266, 45.731413430713744], [-60.95669021642601, 45.73140742110489], [-60.95661605480756, 45.731407822386174], [-60.9566130851552, 45.73140784125969], [-60.95658802471473, 45.73142539468557], [-60.956587585953244, 45.73145996832461], [-60.956587340174856, 45.731479387886985], [-60.9566123724384, 45.731497837590084], [-60.956664082410185, 45.73152486542064], [-60.95680510722236, 45.7315345892496], [-60.95684823931004, 45.73154696306993], [-60.956868705320424, 45.73155282876393], [-60.95688225087709, 45.73155849864096], [-60.95708644504657, 45.731644032731545], [-60.95711415166473, 45.73165682358741], [-60.957163548798654, 45.731679615395834], [-60.957214270032594, 45.73169852447293], [-60.95725857094307, 45.731690838019034], [-60.95731774649795, 45.73168057331114], [-60.9573952010892, 45.731636054013954], [-60.95744726727091, 45.73161808332019], [-60.95750683123861, 45.73161831151867], [-60.95751152171467, 45.73161833239871], [-60.95756224301668, 45.731637241322474], [-60.95758650943006, 45.73164991653366], [-60.95761395358826, 45.73166426873225], [-60.9576858795309, 45.73173082957929], [-60.95770222933854, 45.73174595545526], [-60.95770408504174, 45.731747230765514], [-60.957741082868125, 45.73177275288735], [-60.95779643571749, 45.731798945255434], [-60.95781816727349, 45.7318092348529]]}, "properties": {"OBJECTID": 147629, "FEAT_CODE": "WALKIS10", "FEAT_DESC": "Lake Island - Island to the left line", "RIVNAME_1": " ", "RIVNAME_2": " ", "ZVALUE": 163.6, "FID": null, "SHAPE_Length": 508.3056706460452}}, {"type": "Feature", "id": 154832, "geometry": {"type": "LineString", "coordinates": [[-60.94395977226404, 45.7363409631558], [-60.94394689050425, 45.73637673485687], [-60.94394623033972, 45.7363947157773], [-60.94394901350949, 45.73640468487847], [-60.94397122028855, 45.736484283614885], [-60.94398432299265, 45.73654752582265], [-60.94397078070466, 45.736601287439754], [-60.943961516060135, 45.73661976151821], [-60.94395691157287, 45.736628940552386], [-60.943957205364036, 45.73665594855005], [-60.94396619059923, 45.73666223992642], [-60.94398226864843, 45.736673501478926], [-60.94408568878822, 45.73669246500554], [-60.94409794310968, 45.7366737837108], [-60.944099630604796, 45.736592805963305], [-60.94409125556766, 45.73658774970491], [-60.94408581075748, 45.73658445636729], [-60.94406976452887, 45.73648164721781], [-60.94406185433304, 45.73643101875205], [-60.944053414718425, 45.73641616834557], [-60.944036510472124, 45.73638644907848], [-60.944019494014036, 45.73636608872799], [-60.943998341195865, 45.73634075741784], [-60.9439729808334, 45.73633129995615], [-60.94395977226404, 45.7363409631558]]}, "properties": {"OBJECTID": 154832, "FEAT_CODE": "WALKIS10", "FEAT_DESC": "Lake Island - Island to the left line", "RIVNAME_1": " ", "RIVNAME_2": " ", "ZVALUE": 175.3, "FID": null, "SHAPE_Length": 91.54536516602323}}, {"type": "Feature", "id": 167178, "geometry": {"type": "LineString", "coordinates": [[-60.960888038051465, 45.729214220459596], [-60.96088807203956, 45.729178334435154], [-60.96087523282752, 45.72917797917963], [-60.96086795381088, 45.729151629559674], [-60.960862741569414, 45.72913276059485], [-60.96084835816087, 45.72906926337718], [-60.9608383819227, 45.72902521480894], [-60.96085092365523, 45.72899843601123], [-60.960877298799126, 45.72898000502752], [-60.960954394050155, 45.72898048144116], [-60.96097942669717, 45.728998930199914], [-60.96099289997635, 45.729017172573656], [-60.96103043112475, 45.72911595257496], [-60.961038890443504, 45.72914659868984], [-60.961042909671825, 45.72916117091445], [-60.961047894969646, 45.729171799985814], [-60.96106796239994, 45.72921473256457], [-60.961093297329796, 45.729260189426356], [-60.96118089456357, 45.72939586683679], [-60.96119374594257, 45.72943119981305], [-60.96119372073225, 45.72946720300455], [-60.961180189324075, 45.72948586335071], [-60.96117333411715, 45.72949094349567], [-60.96116830243822, 45.729494652052495], [-60.96115808828667, 45.72949455971428], [-60.96107836260238, 45.72949394646828], [-60.96084611779525, 45.72948349928984]]}, "properties": {"OBJECTID": 167178, "FEAT_CODE": "WARV20", "FEAT_DESC": "Double Line River - Water to the right line", "RIVNAME_1": " ", "RIVNAME_2": " ", "ZVALUE": 9999, "FID": null, "SHAPE_Length": 120.90520289882161}}, {"type": "Feature", "id": 167179, "geometry": {"type": "LineString", "coordinates": [[-60.96084611779525, 45.72948349928984], [-60.9609370656295, 45.7294212076805], [-60.96097808913613, 45.72938556744414], [-60.96098882622871, 45.729376236180855], [-60.961015168767894, 45.72935870467518], [-60.96101611647476, 45.72935667838858], [-60.96102771049677, 45.72933192585934], [-60.96102803251464, 45.729292714641026], [-60.96102841629818, 45.72924192035316], [-60.96100338320138, 45.72922348059882], [-60.96097799027441, 45.7292149264154], [-60.96091052322325, 45.72921438790278], [-60.960888038051465, 45.729214220459596]]}, "properties": {"OBJECTID": 167179, "FEAT_CODE": "WARV20", "FEAT_DESC": "Double Line River - Water to the right line", "RIVNAME_1": " ", "RIVNAME_2": " ", "ZVALUE": 9999, "FID": null, "SHAPE_Length": 44.30683306546864}}, {"type": "Feature", "id": 194597, "geometry": {"type": "LineString", "coordinates": [[-60.96567147933933, 45.7260330967089], [-60.96567097628985, 45.726032439682264], [-60.965667665764, 45.726028051272], [-60.96564522642607, 45.72599834457996], [-60.96562656694082, 45.72598876825394], [-60.96560567441125, 45.72597804503392], [-60.96555270055099, 45.72596248388367], [-60.965547195022474, 45.72596085565248], [-60.9655352885599, 45.7259564221204], [-60.965480638144406, 45.72593606958632], [-60.96540877992602, 45.72588917279903], [-60.96537112135132, 45.725856728665654], [-60.96532355641107, 45.725815737177214], [-60.965286544125206, 45.72578814702199], [-60.965275983917536, 45.725780263094876], [-60.96524184644897, 45.72575808868927], [-60.9651555159809, 45.725725047326286], [-60.965057400658324, 45.72570333508463], [-60.96495743116732, 45.72569233681126], [-60.964873860134, 45.725679920497555], [-60.96484936922546, 45.7256762797419], [-60.96477106001766, 45.72565840355481], [-60.96469973762426, 45.72563180392994], [-60.96467393444348, 45.725622190144946], [-60.96465566897327, 45.72561451087359], [-60.96460739065885, 45.72559423547867], [-60.96454320764196, 45.72556355956809], [-60.96452110203138, 45.72555298554529], [-60.96449451552012, 45.72554583300991], [-60.96447609969928, 45.72554087830727], [-60.9644749030133, 45.725540919984596], [-60.96443104010491, 45.72554201937825], [-60.96441439076475, 45.725545746030804], [-60.96440037175563, 45.725548880499296], [-60.96435872237655, 45.72558349372346], [-60.964337110465124, 45.7255911643194], [-60.96431991181338, 45.725597275410294], [-60.9642017699977, 45.72561211821523], [-60.96417695203879, 45.72561288193367], [-60.964163919192764, 45.725613279672444], [-60.96414195631981, 45.725618936770985], [-60.964093529252935, 45.72563140383666]]}, "properties": {"OBJECTID": 194597, "FEAT_CODE": "WARV50", "FEAT_DESC": "River - Single Line", "RIVNAME_1": " ", "RIVNAME_2": " ", "ZVALUE": 9999, "FID": null, "SHAPE_Length": 143.790313333296}}, {"type": "Feature", "id": 194598, "geometry": {"type": "LineString", "coordinates": [[-60.964093529252935, 45.72563140383666], [-60.96405550807717, 45.72566412843056], [-60.9640499966713, 45.72567716251312], [-60.964042726569375, 45.72569438667192], [-60.96403885589651, 45.725743606679806], [-60.96402875594694, 45.72577893523474], [-60.96402804649828, 45.72577971466765], [-60.9639943165374, 45.725816710168004], [-60.96395190654158, 45.72582733124504], [-60.96390502005488, 45.7258309957984], [-60.9638788828999, 45.725830925850474], [-60.96385314509481, 45.7258304759772], [-60.963836356282506, 45.72583025765792], [-60.96378778291717, 45.72584709642998], [-60.96373755071291, 45.725852294424016], [-60.96372827568612, 45.72585325416497], [-60.96369498229573, 45.72584924019102], [-60.963648113108945, 45.725843589000235], [-60.96362077394148, 45.72583451464725], [-60.96360403807726, 45.725828950694336], [-60.96355633261116, 45.72581873009101], [-60.96349682291914, 45.725824248596474], [-60.96345893473297, 45.72583173679668], [-60.963414781816105, 45.72583161550479], [-60.96335896504898, 45.72582074612054], [-60.96328247165873, 45.725797824777814], [-60.96320144071096, 45.725786244619506], [-60.9631132263772, 45.72576581439847], [-60.96310650272901, 45.72576375928255], [-60.96300527029848, 45.72573271873812], [-60.96293593176731, 45.725707422524444], [-60.96289374805749, 45.725692025598505], [-60.96280752753367, 45.725633736850895], [-60.962782709969794, 45.72561469825917], [-60.96276624387674, 45.72560207327667], [-60.962697821516485, 45.725587990399546], [-60.96268714384514, 45.725588294969974], [-60.962656372060366, 45.7255891591675], [-60.96263456640236, 45.725616285964165], [-60.962612828209195, 45.72564332395097], [-60.96256215773961, 45.72568106992027], [-60.962500874038916, 45.725683423939124], [-60.96245229031006, 45.72566626550088], [-60.96244067610481, 45.725646031252104], [-60.96243909153275, 45.7256365970246], [-60.962437180148285, 45.72562519476669], [-60.962416673436614, 45.72558727707829], [-60.962397840363245, 45.72556765210424], [-60.96238345627223, 45.72556068078407], [-60.962318615898106, 45.72555482541885], [-60.96231213248476, 45.72555464673283], [-60.962246531374774, 45.725552747157046], [-60.96216277667317, 45.72554116266487], [-60.962080970710765, 45.72550497737909], [-60.9620324589433, 45.72547454369474], [-60.9619678301041, 45.72542578453909], [-60.96189789067407, 45.72536121497418], [-60.96184591533219, 45.72530553483546], [-60.96183472638309, 45.72528457003786], [-60.9618307443783, 45.72527710021948], [-60.961826585617814, 45.72524834908079], [-60.96182380288802, 45.72522910946509], [-60.961815034679205, 45.72518364236907], [-60.96180076620629, 45.72515583591722], [-60.961778308497344, 45.7251418887353], [-60.961763735861474, 45.725137632248135], [-60.96173691793433, 45.72512979086957], [-60.961715987390605, 45.7251310914808], [-60.96167832551447, 45.72513342560445], [-60.96165294155075, 45.72514092035809], [-60.96163589827406, 45.72514593570641], [-60.96159069199777, 45.72517301367834], [-60.96157714726037, 45.72518112477113], [-60.961517324034396, 45.72524471956043], [-60.9614818722659, 45.72530144960082], [-60.96145436480954, 45.725335513114345], [-60.96144829574715, 45.725343019556725], [-60.96142899251343, 45.72535610435915], [-60.9614121264207, 45.725367549490734], [-60.96139021722085, 45.72537243293932], [-60.96138414086137, 45.72537378262146], [-60.96131923657251, 45.72537675544563], [-60.961245347146985, 45.72537342920786], [-60.961218908209, 45.72536859177855], [-60.96118233255422, 45.7253619082101], [-60.96111030152619, 45.7253453027067], [-60.96105618489113, 45.725340358146866], [-60.961011201694625, 45.72533622469454], [-60.96094453564872, 45.72533605153448], [-60.960899419288225, 45.72533593006908], [-60.96077120001621, 45.72536247060096], [-60.960747342373786, 45.72537886731023], [-60.9607316828994, 45.72538964081634], [-60.960705342183566, 45.72540717229831], [-60.96067963087322, 45.72544271684532], [-60.96069176805768, 45.725532942734496], [-60.96067955452032, 45.72555072647303], [-60.96066270218959, 45.7255660241314], [-60.960639683112035, 45.725586918247984], [-60.960588252970574, 45.72562290359902], [-60.96052277209497, 45.725645235644635], [-60.96048545081623, 45.72565797151483], [-60.96046816993621, 45.725669859144936], [-60.96044590668237, 45.72568516815058], [-60.9604035184395, 45.72572447421625], [-60.96036876467082, 45.725756697879454], [-60.96033214196384, 45.725777069951], [-60.96030449085651, 45.725792462721195], [-60.96027258066998, 45.725805529187475], [-60.96023926082421, 45.72581919153065], [-60.96019313598963, 45.72584181508979], [-60.96014897360061, 45.72586348358154], [-60.960121658813144, 45.725873166733116], [-60.960098197960185, 45.725881478570024], [-60.95999708755796, 45.72590077065535], [-60.95991701972612, 45.72591604609829], [-60.959852444191675, 45.725924793547996], [-60.95984964277056, 45.72592478850804], [-60.959736791297196, 45.72592452765238], [-60.95967350003262, 45.725933297944295], [-60.959616388556746, 45.725947408141515], [-60.95953085054019, 45.72596855318978], [-60.95949962141893, 45.72597102852987], [-60.95942903004373, 45.72597663494594], [-60.95931304939777, 45.72598536368022], [-60.95918422566667, 45.72599386279365], [-60.95902999045425, 45.72606491403926], [-60.95900296069856, 45.72610133473541], [-60.95898732196494, 45.72612810299855], [-60.95897692027013, 45.72614587392963], [-60.95895507422902, 45.72620544760016], [-60.95892412446282, 45.72628984510392], [-60.95891122813121, 45.72636162193882], [-60.95891100424274, 45.72638998882137], [-60.958910873792775, 45.72640662018071], [-60.95891853565245, 45.72642419188702], [-60.95892273375133, 45.726433834888496], [-60.958948098188785, 45.72647840168533], [-60.95903699723066, 45.72657809141397], [-60.95907583425109, 45.72664089177868], [-60.95911400966801, 45.726686578568845], [-60.95912619748027, 45.7267047981986], [-60.95913874576789, 45.72671312326286], [-60.959176947729226, 45.72672280684809], [-60.959241196599, 45.72672305485801], [-60.95927229057697, 45.72673382651971], [-60.95929323122552, 45.72674108640664], [-60.95931826233742, 45.72675953551005], [-60.95933140688778, 45.72678677312755], [-60.9593297685477, 45.726831748424296], [-60.959316898943975, 45.726867522119555], [-60.95927914822214, 45.72690965590682], [-60.95925259710625, 45.72693928051932], [-60.95923972742645, 45.72697505420398], [-60.95923874437226, 45.72700203937965], [-60.95928997338505, 45.72703795935093], [-60.95936721642793, 45.727038538490234], [-60.95939224769428, 45.72705698757919], [-60.95941694494322, 45.7271195351725], [-60.95944294578289, 45.72714700248799], [-60.959452194980706, 45.7271598140319], [-60.959468638919425, 45.727182565121964], [-60.959467983618865, 45.727200555241], [-60.959464397961995, 45.727205495682895], [-60.959454452216626, 45.727219215389155], [-60.95941655122522, 45.7272365400167], [-60.959313712609436, 45.72727250631121], [-60.95928704287464, 45.72729903249635], [-60.95927540607919, 45.72732389210339], [-60.95927450048138, 45.72732582011859], [-60.95926870484865, 45.727338506854416], [-60.959208861153016, 45.72746955289619], [-60.95918180434273, 45.72754197679718], [-60.95915603809348, 45.72764952731481], [-60.959155356201364, 45.72770352060809], [-60.959192555258674, 45.727811305216676], [-60.95917968564877, 45.727847069890316], [-60.95916775078997, 45.72786352630639], [-60.9591661411445, 45.727865729768496], [-60.95906266450159, 45.72795479881926], [-60.959050122827314, 45.727981559424464], [-60.95904946037821, 45.72798422085694], [-60.959036596970535, 45.72803533218052], [-60.95903528605246, 45.72807131240344], [-60.95904028169146, 45.728081644719374], [-60.959048430749796, 45.72809855005053], [-60.95914786926527, 45.72821592578953], [-60.959163025516034, 45.72823381141782], [-60.9592133905431, 45.72829770881353], [-60.95925094420166, 45.728360495168715], [-60.95925723001481, 45.72837351479903], [-60.95926410191134, 45.728387733022124], [-60.959280890462374, 45.72841161540663], [-60.959289749861846, 45.72842419497301], [-60.95934080301099, 45.72846921169204], [-60.95938787295591, 45.72847751450347], [-60.959442962183594, 45.72848723870989], [-60.95952625407522, 45.72849752078956], [-60.95959649595172, 45.728506183514945], [-60.95963000243778, 45.72851779025782], [-60.95964853233502, 45.7285242149265], [-60.95965169888314, 45.7285265487298], [-60.95966104800942, 45.72853344844004], [-60.95972733315111, 45.72861193247536], [-60.95973743543594, 45.72862391314773], [-60.959738036860955, 45.728624337934086], [-60.959787532377156, 45.72865991167078], [-60.959890917629856, 45.72871486392754], [-60.95989591646102, 45.728718409574526], [-60.95999239630721, 45.72878688376527], [-60.960032917349366, 45.72883421429246], [-60.96013169950912, 45.72894958823257], [-60.96022025075373, 45.729094284340384], [-60.960258461474965, 45.72913907126771], [-60.960284450793424, 45.72916653817602], [-60.960296589520006, 45.7291751888281], [-60.96032203230662, 45.729193312022026], [-60.96035324698608, 45.72919869399386], [-60.96037439709364, 45.729202348054315], [-60.96046117993772, 45.7292117376989], [-60.960464008919764, 45.72921204924686], [-60.960472361320406, 45.729212090397425], [-60.96060535623521, 45.7292127732358], [-60.96072134342629, 45.72920404330373], [-60.960888038051465, 45.729214220459596]]}, "properties": {"OBJECTID": 194598, "FEAT_CODE": "WARV50", "FEAT_DESC": "River - Single Line", "RIVNAME_1": " ", "RIVNAME_2": " ", "ZVALUE": 9999, "FID": null, "SHAPE_Length": 982.7321737874546}}, {"type": "Feature", "id": 194722, "geometry": {"type": "LineString", "coordinates": [[-60.94948853745743, 45.73738455850254], [-60.949562659382636, 45.73734649236338], [-60.949589849791884, 45.737323209155385], [-60.94960987660393, 45.737289149263134], [-60.9496145134583, 45.737266424227364], [-60.949615629648704, 45.737247173337394], [-60.949616517922955, 45.7372316897331], [-60.949609952471036, 45.737211247825236], [-60.949606767406735, 45.73720134365605], [-60.949577282485826, 45.73715073327805], [-60.949552252063675, 45.73710835768501], [-60.94952893477155, 45.7370855448003], [-60.94951510442198, 45.73707815877116], [-60.94949207042592, 45.73706586401814], [-60.94946966026443, 45.73703863896474], [-60.94945268377096, 45.737010809397646], [-60.94944636279658, 45.7370047553099], [-60.94943024532263, 45.73698927239814], [-60.94940547822912, 45.73697586640128], [-60.94937630020718, 45.73696005896568], [-60.949351599665356, 45.736951154602814], [-60.94933038783074, 45.73694350999776], [-60.94931573676123, 45.736930807676316], [-60.94931064073856, 45.73692640473952], [-60.949303561291075, 45.736902452232776], [-60.94929110159954, 45.7368688711612], [-60.949287266088824, 45.736863743782635], [-60.94928305048618, 45.736858114529255], [-60.94925977024851, 45.736850090735544], [-60.94924793959142, 45.73684601690961], [-60.94920468005382, 45.736840217599244], [-60.94918215441028, 45.73683510563039], [-60.94916157217982, 45.73680535708383], [-60.94915975242736, 45.736801346007034], [-60.949153557366365, 45.736787643397285], [-60.949144624263305, 45.73677183941286], [-60.949129246651914, 45.73676599170828], [-60.94912120937441, 45.73676293108433], [-60.949073433578185, 45.73675901281845], [-60.94906105716794, 45.73675790847084], [-60.94900040532178, 45.73675248981385], [-60.94898237167408, 45.73674861959293], [-60.94896165959544, 45.73674417921432], [-60.94894048058084, 45.736727570227444], [-60.94893741943666, 45.73672516601563], [-60.94893100435877, 45.73671817411514], [-60.948915898942865, 45.7367017372085], [-60.94888447962477, 45.7366744852504], [-60.948843363920766, 45.73665718514925], [-60.94884217391343, 45.736656686728594], [-60.94878358934514, 45.73664957691181], [-60.94872606728432, 45.736646797581066], [-60.94870062317066, 45.736645566491646], [-60.948630255670075, 45.736645364669855], [-60.94856357364379, 45.73663508498909], [-60.948475317919275, 45.736607045991235], [-60.94843066442891, 45.73658316553675], [-60.94835659928206, 45.736543554177935], [-60.94834411966354, 45.73653474312596], [-60.94831708050355, 45.73651565250883], [-60.94828482361127, 45.736475136009176], [-60.94827431559257, 45.736419528673764], [-60.94827087950953, 45.73636105108584], [-60.94827018774714, 45.73634940949193], [-60.94826360659567, 45.73633607793436], [-60.94824612318221, 45.73630070532148], [-60.948232730977196, 45.73627540620985]]}, "properties": {"OBJECTID": 194722, "FEAT_CODE": "WARV50", "FEAT_DESC": "River - Single Line", "RIVNAME_1": " ", "RIVNAME_2": " ", "ZVALUE": 9999, "FID": null, "SHAPE_Length": 189.51526592517126}}, {"type": "Feature", "id": 194723, "geometry": {"type": "LineString", "coordinates": [[-60.9484471457121, 45.736092228341136], [-60.94844681652011, 45.736101214329686], [-60.948503023187705, 45.73616374516939]]}, "properties": {"OBJECTID": 194723, "FEAT_CODE": "WARV50", "FEAT_DESC": "River - Single Line", "RIVNAME_1": " ", "RIVNAME_2": " ", "ZVALUE": 9999, "FID": null, "SHAPE_Length": 9.210505709023561}}, {"type": "Feature", "id": 194724, "geometry": {"type": "LineString", "coordinates": [[-60.948232730977196, 45.73627540620985], [-60.94823649192425, 45.73624888511074], [-60.94826095013424, 45.73623000857675], [-60.948277085880264, 45.73622743617317], [-60.948299724998144, 45.7362238284852], [-60.948330246424526, 45.73622540290239], [-60.94837727933814, 45.736227831986746], [-60.94839589419187, 45.73622705927795], [-60.94843412846865, 45.73622545988995], [-60.948464840758795, 45.73621796478978], [-60.94849295700579, 45.73618835283405], [-60.948503023187705, 45.73616374516939]]}, "properties": {"OBJECTID": 194724, "FEAT_CODE": "WARV50", "FEAT_DESC": "River - Single Line", "RIVNAME_1": " ", "RIVNAME_2": " ", "ZVALUE": 9999, "FID": null, "SHAPE_Length": 28.70138829394262}}, {"type": "Feature", "id": 194725, "geometry": {"type": "LineString", "coordinates": [[-60.97006918415567, 45.722913322707285], [-60.9700690415853, 45.72291335617684], [-60.97006812195089, 45.72291355585284], [-60.97001253956644, 45.72292570022993], [-60.969995441216064, 45.72292943771797], [-60.96993952933485, 45.722942872334855], [-60.96989730556174, 45.72294880045435], [-60.96989534242918, 45.722949071588914], [-60.96983498113701, 45.722950176812034], [-60.96978721801731, 45.722952577070394], [-60.969747897396715, 45.72295888977778], [-60.969655593981734, 45.722973693512046], [-60.96956987507367, 45.72299935233228], [-60.96955515226201, 45.723004203097986], [-60.969533783176374, 45.723011248932636], [-60.96951605930243, 45.723022671012586], [-60.96949671700585, 45.723035135424276], [-60.96946588230673, 45.723076072426], [-60.96946210962668, 45.723086914461234], [-60.96946040239896, 45.72309182561108], [-60.969453415176716, 45.72310449168384], [-60.96943674625042, 45.72313467241949], [-60.969428494489655, 45.72314180744532], [-60.9693996526528, 45.72316675822788], [-60.96937302812226, 45.723180524283414], [-60.96936442401228, 45.723184970766034], [-60.96932859750647, 45.72320088642954], [-60.96928676301483, 45.72321946753458], [-60.96927880393581, 45.7232256176528], [-60.969262343580354, 45.72323834029054], [-60.9692453672843, 45.723266715348664], [-60.969231441019666, 45.72329000511523], [-60.96920705523111, 45.72334836548376], [-60.96920590074433, 45.72335114424003], [-60.969205596201, 45.723354937211916], [-60.96920204514208, 45.723399725639666], [-60.96920626927066, 45.72345336521421], [-60.96920663623448, 45.723459195333255], [-60.969207099599075, 45.7234666203289], [-60.969193384449156, 45.72350571045451], [-60.96918421241018, 45.72351518733819], [-60.96915987442424, 45.7235403171575], [-60.969135109778954, 45.72355665448897], [-60.96912460349228, 45.72356358738442], [-60.96912369478295, 45.72356490336083], [-60.96909193367377, 45.723610819293675], [-60.969070887491796, 45.72365042710154], [-60.96905008842365, 45.723689598254886], [-60.96904365818929, 45.72371419142116], [-60.96904261479927, 45.72373942943983], [-60.96903069967916, 45.72376643632063], [-60.969026205469675, 45.72377661744301], [-60.96899721693531, 45.723808082177044], [-60.96897273663687, 45.723836422752015], [-60.96896809358218, 45.72386418001598], [-60.968960778226865, 45.72388624618], [-60.96893628821696, 45.72391520763743], [-60.96887822625076, 45.72399394115136], [-60.96886806729004, 45.72400653277578], [-60.968852835424656, 45.72402541582718], [-60.96881210669044, 45.72406380943861], [-60.96875509393922, 45.724112885526736], [-60.968746910014836, 45.72411601630097], [-60.96872891269227, 45.724122914933375], [-60.96868744758, 45.72412596680441], [-60.96864798722283, 45.72412618302639], [-60.968609966226715, 45.724126397834254], [-60.96854522637695, 45.72411921565732], [-60.96852262249428, 45.724116707366676], [-60.96847132673143, 45.72410521882774], [-60.968445294080034, 45.7240881130485], [-60.96840847519071, 45.724064037696735], [-60.968380517710315, 45.72405323430722], [-60.968350937906415, 45.724041807989934], [-60.96821858346799, 45.72402380079561], [-60.9681753465822, 45.72402432770548], [-60.968167833154624, 45.724026687287335], [-60.96812751041135, 45.724039345255484], [-60.96810408795105, 45.72404842450006], [-60.96808870751264, 45.72405438849044], [-60.968039017372234, 45.724080129113474], [-60.968024404894265, 45.72408334347743], [-60.96799932515408, 45.724088864854075], [-60.967971393975645, 45.72409328238274], [-60.9679443159568, 45.72409756206933], [-60.9678991757436, 45.724104148629245], [-60.967855056292045, 45.72411058231719], [-60.96780424974816, 45.724110056299224], [-60.96777398421365, 45.72410974276358], [-60.96771058626459, 45.72410808355178], [-60.967640666519145, 45.72410624523827], [-60.967613259473886, 45.724096567569816], [-60.96760109148319, 45.72409226461143], [-60.96759673785947, 45.72408935184499], [-60.96753107091023, 45.72404538384787], [-60.96746460191333, 45.72400546095188], [-60.96744549147714, 45.72399344664673], [-60.967390071181875, 45.72395857183961], [-60.967352361935546, 45.72394205007097], [-60.96731187008245, 45.723924299643066], [-60.96725159615348, 45.72390773625487], [-60.967204748947424, 45.723908243540784], [-60.96719022249996, 45.723914753665014], [-60.96714875922142, 45.72393334059273], [-60.967132241733665, 45.72395682700241], [-60.96711155034122, 45.72398626072613], [-60.96707969524563, 45.72404675591017], [-60.96704354165777, 45.72406811058768], [-60.96699856710828, 45.724053484578924], [-60.96696007744973, 45.724006057640885], [-60.96696001842478, 45.72400272625079], [-60.9669593795057, 45.723967566295414], [-60.966948810837806, 45.72392273360499], [-60.966924657221156, 45.72389175451091], [-60.96688501449266, 45.72388850152337], [-60.96682002140139, 45.72391168295368], [-60.96676785221159, 45.7239395031062], [-60.96675406623285, 45.72394685444219], [-60.96668530126942, 45.72400031073487], [-60.96663378974459, 45.72402983470741], [-60.966601121180084, 45.72403199833251], [-60.9665878399125, 45.72403287797431], [-60.966569187343175, 45.72402808140925], [-60.9665482436664, 45.72402267698947], [-60.96651594321878, 45.723997349342596], [-60.9664710460056, 45.72396820602314], [-60.96642195464044, 45.72394875399825], [-60.96639730111441, 45.72393899005386], [-60.96631898137247, 45.72392995363587], [-60.96627030766458, 45.72393298427355], [-60.966176537540754, 45.72394599489495], [-60.96605470672536, 45.72398291617932], [-60.96599698850295, 45.723997909856], [-60.96586340367414, 45.7240385909991], [-60.96582012798539, 45.72404478690334], [-60.96577290801348, 45.72404564699861], [-60.965759752663196, 45.724045889721765], [-60.965747126999716, 45.72404782504991], [-60.96566237963688, 45.724060788943945], [-60.9655586283276, 45.72408323424103], [-60.96546121884462, 45.72410444228509], [-60.965337672917784, 45.72412558064418], [-60.96521556373554, 45.72414254103969], [-60.965168148741554, 45.724149121993385], [-60.96515602555736, 45.7241499590962], [-60.96509784375887, 45.724153998942995], [-60.96500326879612, 45.72415058558769], [-60.96487101811224, 45.72414672580092], [-60.96486094086008, 45.724146429211686], [-60.9647456065922, 45.72414739819209], [-60.96473258147549, 45.724148300184716], [-60.96461400235246, 45.724156519949545], [-60.96460084975469, 45.72415491740015], [-60.96452936799913, 45.72414619964341], [-60.9644623247101, 45.724134518641385], [-60.96444113899108, 45.72413082869596], [-60.96436913504871, 45.72411738505075], [-60.964291667908185, 45.72411530214589], [-60.96422674434239, 45.72412521598667], [-60.96416803692026, 45.72415220732994], [-60.9641039153038, 45.724181073326484], [-60.96409864883441, 45.72418348169737], [-60.96401629004179, 45.72422123047116], [-60.96397662165765, 45.72422681491681], [-60.96390093639396, 45.72422661770285], [-60.963883451006936, 45.72422789912523], [-60.96383422947102, 45.72423149501566], [-60.963799738194716, 45.724244201419296], [-60.96378999520961, 45.72424779009061], [-60.96376751016001, 45.72427560706678], [-60.96374010038365, 45.72430951086017], [-60.963733396473785, 45.724330606491414], [-60.96372728613138, 45.724349867517525], [-60.96373344457166, 45.72437701607752], [-60.96373425632457, 45.72439216109262], [-60.963721368637565, 45.72444514472601], [-60.9637157669804, 45.72448046345597], [-60.96374251875935, 45.72453608905853], [-60.9637899944373, 45.72458796173284], [-60.96386101281307, 45.7246196960352], [-60.96393752012951, 45.72463441740861], [-60.96399146732961, 45.724640122660155], [-60.963992465797595, 45.72464023046973], [-60.96402212979775, 45.72465356761154], [-60.9640427492816, 45.72467319716414], [-60.96404434733897, 45.72471232563476], [-60.96403876508393, 45.724743225274864], [-60.964033704637515, 45.72476259504209], [-60.96402589995433, 45.72479241095501], [-60.964026376685176, 45.72487194255018], [-60.964031002010195, 45.724891421982335], [-60.964033419845904, 45.724901627120474], [-60.96404589763311, 45.72492816824485], [-60.964065606229084, 45.72495094087538], [-60.96408437522898, 45.72496349871425], [-60.96409971953033, 45.72497375427066], [-60.96415181617711, 45.72500669923234], [-60.96420113338089, 45.725053537043024], [-60.96421811808462, 45.725076297094546], [-60.964218637407214, 45.72508605434388], [-60.96421975685473, 45.72510723545234], [-60.964215731908425, 45.72513807285016], [-60.96421318084647, 45.72515770337776], [-60.96420609018055, 45.725170700316355], [-60.96419499092412, 45.72519109655787], [-60.96417306096061, 45.72520823041698], [-60.96413529900561, 45.72523135568304], [-60.964092819279216, 45.72525522491802], [-60.964071538131925, 45.72527289237695], [-60.96406023464918, 45.725282285845296], [-60.9640606887389, 45.72528711843125], [-60.964061934158806, 45.725300588001616], [-60.96406764830026, 45.72530814262622], [-60.96407626794504, 45.72531955643423], [-60.96408687989731, 45.72535430012797], [-60.964087874198356, 45.72536336377346], [-60.964091189159475, 45.7253934409224], [-60.96409100482232, 45.72542680403031], [-60.96409094253139, 45.7254302862742], [-60.964081714728295, 45.725480517897275], [-60.96408212400836, 45.72551345954315], [-60.96408234985504, 45.72553164541846], [-60.96409363824552, 45.72560930853261], [-60.964093529252935, 45.72563140383666]]}, "properties": {"OBJECTID": 194725, "FEAT_CODE": "WARV50", "FEAT_DESC": "River - Single Line", "RIVNAME_1": " ", "RIVNAME_2": " ", "ZVALUE": 9999, "FID": null, "SHAPE_Length": 805.981780467609}}, {"type": "Feature", "id": 194726, "geometry": {"type": "LineString", "coordinates": [[-60.948503023187705, 45.73616374516939], [-60.94851574702621, 45.73615922125345], [-60.94853827748058, 45.73615121012472], [-60.94855236182891, 45.73615305627998], [-60.94859236333334, 45.73615830226685], [-60.94862031500141, 45.736160901554705], [-60.948628065034484, 45.73615846650404], [-60.9486401976393, 45.73615464302574], [-60.94865796461307, 45.736134206073565], [-60.94866923636798, 45.736121249215024], [-60.94867598420079, 45.73611353963249], [-60.948694669102956, 45.73609225507539], [-60.948727185908005, 45.73608286612324], [-60.94877771068496, 45.736083656590324], [-60.94880677237538, 45.73607840898033], [-60.94881562312237, 45.73607680376765], [-60.94883249334295, 45.736068915942525], [-60.948857236104985, 45.736057353124316], [-60.94888892066794, 45.73603594197428], [-60.94892147068629, 45.73602529343682], [-60.94895311350827, 45.73602818395736], [-60.94898548620829, 45.73603115058335], [-60.949043018503076, 45.73603714329025], [-60.949066630738784, 45.73603960153268], [-60.94915410737949, 45.73604362067764], [-60.94918402699962, 45.73604232177247], [-60.94922268799543, 45.736040648774946], [-60.94925665818308, 45.73602982762395], [-60.949301318924505, 45.7360155980645], [-60.94932044390288, 45.736005455423964], [-60.949351078239765, 45.73598920080687], [-60.949356490055166, 45.735982520300375], [-60.94935924981374, 45.73597911350719], [-60.94935818796426, 45.73595054357649], [-60.949357676471834, 45.73593678101241], [-60.94934969004823, 45.735907060642255], [-60.94934443010599, 45.735887479240226], [-60.94934484413177, 45.7358747683983], [-60.9493455173754, 45.735854627464796], [-60.94935432725237, 45.73582956512273], [-60.94935926411308, 45.73581549534713], [-60.94939512041289, 45.735776328173266], [-60.94940828247661, 45.735761938035296], [-60.9494176739707, 45.73574907335424], [-60.949444643943266, 45.73571213184737], [-60.949462551093255, 45.735668195927005], [-60.949477563447225, 45.735631354745706], [-60.94949334055374, 45.73558942378076], [-60.94950320757303, 45.73556321929024], [-60.949504827013435, 45.73554356339037], [-60.949507078485006, 45.73551647509089], [-60.94950467004604, 45.735448853063914], [-60.94950394441909, 45.73542865100858], [-60.9494969700853, 45.735385681485795], [-60.94947369993248, 45.735352122350314], [-60.94944880436906, 45.7352857257309], [-60.949440013336115, 45.73524463177647], [-60.94945010658901, 45.73522172568213], [-60.949459191332664, 45.73520108770879], [-60.94951283058701, 45.7351273252771], [-60.94952447275616, 45.73509897443594], [-60.94955125121421, 45.7350339016362], [-60.94957334309762, 45.73495500030643], [-60.94958533391678, 45.73490764580782], [-60.94959230837188, 45.734892334474345], [-60.94962278435016, 45.73482561786827], [-60.94966364897785, 45.734777071569845], [-60.94969004387136, 45.73473545720693], [-60.94968393726776, 45.734683178331984], [-60.94968229336115, 45.73466909840673], [-60.949671330130265, 45.7346294056137], [-60.9496690268852, 45.73462104742737], [-60.94963950237298, 45.734576115904495], [-60.949571228387626, 45.734535655194804], [-60.94956667435487, 45.73453295416863], [-60.94952534981367, 45.73450313929894], [-60.949488940277135, 45.73445984829738], [-60.94947156073488, 45.73443918520618], [-60.94941683608758, 45.734385340307334], [-60.94936558954946, 45.73435234992489], [-60.94930528742371, 45.73432691969189], [-60.949236942843875, 45.73428629549625], [-60.94916776776567, 45.73423430620395], [-60.94913232164166, 45.734209295224126], [-60.94909316669292, 45.734181670373474], [-60.94901669229414, 45.73414544550553], [-60.94894823997093, 45.73412567429891], [-60.94894351043642, 45.73412566136652], [-60.948873364458436, 45.73412546367027], [-60.94882205558735, 45.734126477344], [-60.9487885486735, 45.73412713566521], [-60.94873357056836, 45.73411813739604], [-60.94871787134125, 45.734107054330146], [-60.948705717923254, 45.73409847419566], [-60.94869918302912, 45.73408458543319], [-60.94869589154089, 45.73407759561543], [-60.9486897990348, 45.73403022242802], [-60.948680101340926, 45.733990390249986], [-60.94867302865572, 45.7339743406096], [-60.94867118959364, 45.73397015815911], [-60.94862710780167, 45.73395107652078], [-60.948623825790335, 45.7339511975867], [-60.94861265245953, 45.73395165395433], [-60.94859818892209, 45.73394929694353], [-60.948581105712286, 45.733946523837616], [-60.94855400903639, 45.733929385431495], [-60.948537967026894, 45.733919241278244], [-60.94850396556453, 45.73387445405881], [-60.94849855801981, 45.73386733621471], [-60.94849181050612, 45.73384907818101], [-60.9484852128451, 45.73383129088581], [-60.94843034344666, 45.73380143932311], [-60.94833482952889, 45.73378043453588], [-60.9482907000727, 45.7337707308548], [-60.948169904866496, 45.733748299646415], [-60.9480779753039, 45.733735414852234], [-60.94804415593716, 45.73372741746995], [-60.94798877598414, 45.73371431620843], [-60.94790599299633, 45.733674205860936], [-60.94789698862378, 45.733669840641994], [-60.94784117589292, 45.73364820767382], [-60.947766479137556, 45.733615776285276], [-60.94758031217752, 45.73350849729108], [-60.947518075573385, 45.73347171720384], [-60.94746970345178, 45.733443116059476], [-60.94740581776462, 45.73341135578131], [-60.94737516121582, 45.733410003708926], [-60.94733267520525, 45.73342315549406], [-60.947325809095894, 45.73342708249353], [-60.94730190236731, 45.73344075722161], [-60.947265757373906, 45.73345203375355], [-60.94723239133402, 45.73344815769264], [-60.94722174313187, 45.733438497342796], [-60.947213533361584, 45.73343104103941], [-60.94720351890843, 45.73341075300731], [-60.947188551086526, 45.73338042993636], [-60.94716538615943, 45.73333108461854], [-60.94716756467547, 45.7333088195299], [-60.947169212401604, 45.73329191844171], [-60.947190095141316, 45.733266065163775], [-60.94719148054221, 45.733261931647036], [-60.947195606438676, 45.7332496565646], [-60.94718763683703, 45.73322372571383], [-60.94718605567077, 45.73322268019012], [-60.94715886232118, 45.733204693627194], [-60.94712111103979, 45.73317844346127], [-60.94709865071218, 45.73316282819218], [-60.947073559464364, 45.733133079205864], [-60.94707100842745, 45.733105895613406], [-60.947072791467534, 45.73309897896464], [-60.947076538057836, 45.73308442883923], [-60.94709199191131, 45.733063617507796], [-60.94710094042156, 45.73305232020787], [-60.94711199027269, 45.73303839641133], [-60.9471120937582, 45.733019793395954], [-60.947112192256675, 45.733002378410674], [-60.9471143159365, 45.73298441476999], [-60.94711787176075, 45.73295437965301], [-60.94712861498891, 45.732922871570594], [-60.94713529787988, 45.73290325270746], [-60.94715156096075, 45.73284563320054], [-60.94716934414485, 45.73278265847185], [-60.947189600920886, 45.73271321154498], [-60.94724465818973, 45.73254781939353], [-60.94725116654403, 45.732480006523474], [-60.94725424181105, 45.73244800056433], [-60.947249360514775, 45.73241390739539], [-60.94724555327137, 45.732387331288024], [-60.947222467770096, 45.732336529254454], [-60.94720990826814, 45.73230888673564], [-60.9471526168948, 45.73222278934309], [-60.947114992208675, 45.732175920364696], [-60.94711380926183, 45.732174530962546], [-60.947061198160355, 45.732112586082025], [-60.9470411512215, 45.73207567302712], [-60.94703439657391, 45.73206323836132]]}, "properties": {"OBJECTID": 194726, "FEAT_CODE": "WARV50", "FEAT_DESC": "River - Single Line", "RIVNAME_1": " ", "RIVNAME_2": " ", "ZVALUE": 9999, "FID": null, "SHAPE_Length": 648.4418171085655}}, {"type": "Feature", "id": 194728, "geometry": {"type": "LineString", "coordinates": [[-60.96084611779525, 45.72948349928984], [-60.96078926920658, 45.72951747977229], [-60.96075546480974, 45.7295376862709], [-60.96069912344454, 45.729561261712014], [-60.9606915146205, 45.72956444718079], [-60.960677175331604, 45.72957422714459], [-60.96064011351929, 45.729599532963825], [-60.96062569030469, 45.72962256076232], [-60.96060054101314, 45.72966273277314], [-60.960578461325674, 45.729707550058], [-60.9605741725869, 45.729716267360764], [-60.960534901787106, 45.72980647526409], [-60.960538257284774, 45.72981597714083], [-60.960547720090545, 45.72984270781147], [-60.960557144970004, 45.72984965380395], [-60.96056023653124, 45.72985193223691], [-60.96057341544208, 45.72987826121897], [-60.960565654279264, 45.72989374820264], [-60.96055956873611, 45.72990592577093], [-60.9605473413115, 45.72992370923622], [-60.960522056682564, 45.729929117297594], [-60.96050848190419, 45.729932016195484], [-60.96050546280225, 45.72993304238905], [-60.96043040277611, 45.72995852464031], [-60.960408783219115, 45.72998187393725], [-60.9604049838825, 45.729985973505975], [-60.96038793152142, 45.730009548379144], [-60.96037927018104, 45.73002151791955], [-60.96036511604057, 45.73005726877464], [-60.960314310826966, 45.730111266961195], [-60.96029022074348, 45.73011916255476], [-60.960288295264014, 45.730119803233784], [-60.96028169863528, 45.730120954545534], [-60.960184822558794, 45.73013775715744], [-60.96009452821303, 45.73018204901461], [-60.95990138991221, 45.73026230751678], [-60.95973367046281, 45.730315116981394], [-60.959527687136, 45.730395145374004]]}, "properties": {"OBJECTID": 194728, "FEAT_CODE": "WARV50", "FEAT_DESC": "River - Single Line", "RIVNAME_1": " ", "RIVNAME_2": " ", "ZVALUE": 9999, "FID": null, "SHAPE_Length": 157.74915416582286}}, {"type": "Feature", "id": 194729, "geometry": {"type": "LineString", "coordinates": [[-60.95555512574789, 45.737152186220655], [-60.95553071533003, 45.73711664572452], [-60.95541611511786, 45.737016502319335], [-60.95536560852064, 45.736966957238444], [-60.955351585369094, 45.736953213829466], [-60.95531432930992, 45.73691745230763], [-60.95521257604663, 45.7368175206977], [-60.9551608912553, 45.736754489081385], [-60.95512302457486, 45.73666470215449], [-60.95512341353179, 45.7366417298179], [-60.95512405206441, 45.73660171424284], [-60.955132963661605, 45.736570982713104], [-60.95513730092707, 45.736556046868834], [-60.95524282872799, 45.73634101457911], [-60.95526703895594, 45.7363031672059], [-60.955294629887625, 45.736260033818944], [-60.95538463855675, 45.73618873796948], [-60.955397812322765, 45.736179972916], [-60.9555013553615, 45.73609002638322], [-60.95556695738065, 45.73601829346], [-60.955584985851594, 45.735993791704495], [-60.95560617936898, 45.73596498116607], [-60.95561775139187, 45.7359448102738], [-60.95563226012588, 45.7359195434337], [-60.95564084421852, 45.735885448662295], [-60.95564579107689, 45.73586578023393], [-60.95563267528714, 45.735802539135584], [-60.95562015448225, 45.735758210581], [-60.95550691284348, 45.735586066340566], [-60.955476614744754, 45.73553542491899], [-60.95546934568765, 45.735523287582744], [-60.95545655888186, 45.73545104244635], [-60.955453246444534, 45.73542946198713], [-60.95544409983897, 45.73536982027425], [-60.9554441520396, 45.73536522174734], [-60.95544514308728, 45.73527082901719], [-60.95540337410889, 45.735032691419626], [-60.95539620282421, 45.734991824944096]]}, "properties": {"OBJECTID": 194729, "FEAT_CODE": "WARV50", "FEAT_DESC": "River - Single Line", "RIVNAME_1": " ", "RIVNAME_2": " ", "ZVALUE": 9999, "FID": null, "SHAPE_Length": 264.27553742749956}}, {"type": "Feature", "id": 194882, "geometry": {"type": "LineString", "coordinates": [[-60.943372437414524, 45.73731868693139], [-60.943393013106615, 45.73736043460683], [-60.943434642394784, 45.73744491964995], [-60.94343468243204, 45.73744627950709], [-60.94343525375125, 45.73746292346173], [-60.943443338873486, 45.73748147589952], [-60.94344712080181, 45.73749014886485], [-60.943462744908274, 45.73752777495661], [-60.94347310171763, 45.7375527229358], [-60.94348557984652, 45.7375979611416], [-60.94349743509348, 45.73762515932363], [-60.94353003317551, 45.737648257570314], [-60.94356132870434, 45.73767042326208], [-60.94362079871742, 45.73769858680853], [-60.94363839867597, 45.73770691451444], [-60.94374023875689, 45.737733950710485], [-60.94381829978689, 45.73774345698077], [-60.943972183065256, 45.73775342815518], [-60.944228236727106, 45.73778144892764], [-60.94457523433711, 45.73778318514264], [-60.94467558290593, 45.737783983035236], [-60.94475513931209, 45.73778462268599], [-60.94485828773073, 45.7377756778237], [-60.94496175890112, 45.73775863786485], [-60.94507780148727, 45.73771392121968], [-60.945258435034134, 45.73766046558168], [-60.94537411415203, 45.737625643086915], [-60.945435136830696, 45.737611511382916], [-60.94548949611719, 45.73759891594034], [-60.94561834814832, 45.737590432786824], [-60.945645237695935, 45.73758976437103], [-60.945914258965445, 45.73758315413438], [-60.946017419708745, 45.73757420844621], [-60.94609390158603, 45.737556682055036], [-60.94613729354398, 45.73752663433547], [-60.94615852786835, 45.737511930700066], [-60.946179303593844, 45.73747643573217], [-60.94618458366159, 45.737467403772634], [-60.946185375303244, 45.73746474474144], [-60.9461977941737, 45.737422636836605], [-60.94616061214125, 45.73734996095804], [-60.94608489571157, 45.737241488537535], [-60.94607238222045, 45.73719715907038], [-60.946072408210604, 45.737164909306635], [-60.94607241766, 45.73716114709962], [-60.946085660841874, 45.73711548967272]]}, "properties": {"OBJECTID": 194882, "FEAT_CODE": "WARV50", "FEAT_DESC": "River - Single Line", "RIVNAME_1": " ", "RIVNAME_2": " ", "ZVALUE": 9999, "FID": null, "SHAPE_Length": 300.0392281733159}}, {"type": "Feature", "id": 194883, "geometry": {"type": "LineString", "coordinates": [[-60.946085660841874, 45.73711548967272], [-60.94609378905667, 45.73709398868455], [-60.94610917099655, 45.737083941283146], [-60.94611658342485, 45.73707985316659], [-60.946144423171354, 45.737064485247174], [-60.94616903514098, 45.737053361704795], [-60.94618326931524, 45.73704692101578], [-60.94623575477099, 45.73701109619463], [-60.94625243815418, 45.73699850692073], [-60.94626742914711, 45.736987201342124], [-60.946318942908746, 45.736962097084835], [-60.94635488892092, 45.73695456165389], [-60.94639022623919, 45.73694715027978], [-60.946466353384885, 45.73693611591075], [-60.946488528460975, 45.73693290527879], [-60.94658144265682, 45.73692117357773], [-60.946625892961066, 45.73691377296713], [-60.94666713614349, 45.73690689973601], [-60.94676459786144, 45.73688191931111], [-60.946819465687405, 45.73686944938891], [-60.946833205202196, 45.73686633005957], [-60.94687367610384, 45.73686334026047], [-60.9468990285085, 45.73686146479726], [-60.94695753907832, 45.73687234562909], [-60.946959593989206, 45.736873093641016], [-60.94701962943973, 45.73689462291782], [-60.94706593240722, 45.73691767848867], [-60.94711397808057, 45.736941584448566], [-60.947211072242105, 45.73698729011959], [-60.94723647372417, 45.73699494741868], [-60.947253357436935, 45.73700003036983], [-60.9472749042394, 45.737000633675684], [-60.947278589573415, 45.73700073591941], [-60.94731199119155, 45.73699072421073], [-60.947332514455326, 45.73698733971122], [-60.94735709856225, 45.736983281119905], [-60.94739589309822, 45.73697833481279], [-60.94744814942336, 45.73698100217365], [-60.94746969697579, 45.7369882481218], [-60.94748414699108, 45.7369930982807], [-60.947515564381064, 45.737013374889905], [-60.94756055888856, 45.73703180728304], [-60.94760289066618, 45.7370338101649], [-60.947627891083556, 45.737030317052756], [-60.94764709057755, 45.73702762877948], [-60.947718366381636, 45.73701393213526], [-60.94778786792072, 45.73699708925184], [-60.94782850288694, 45.736983309980964], [-60.94792693315861, 45.736950128144635], [-60.94793473997691, 45.736947901182305], [-60.94799914373494, 45.73692950842591], [-60.948024470422226, 45.73691570605562], [-60.948061606517875, 45.73688234988053], [-60.94811060471945, 45.73682694758588], [-60.94813971296716, 45.7367790457077], [-60.948148917015, 45.7367449986423], [-60.948148214842526, 45.73672873039759], [-60.94814732732844, 45.73670839941604], [-60.948138621120656, 45.73665027718666], [-60.94812575885795, 45.73661016309895], [-60.94811024275126, 45.736561792505825], [-60.9481079883896, 45.736484749282155], [-60.94811040473689, 45.73645247945595], [-60.9481109424294, 45.736445522417945], [-60.94813189224695, 45.73640207342014], [-60.94816278947112, 45.736364275684856], [-60.94817803100431, 45.73634787084409], [-60.9481909036599, 45.73633402470294], [-60.94819764171269, 45.73632588292983], [-60.94821905347075, 45.73629999397485], [-60.94823103895281, 45.73627843611852], [-60.948232730977196, 45.73627540620985]]}, "properties": {"OBJECTID": 194883, "FEAT_CODE": "WARV50", "FEAT_DESC": "River - Single Line", "RIVNAME_1": " ", "RIVNAME_2": " ", "ZVALUE": 9999, "FID": null, "SHAPE_Length": 245.2003003175981}}, {"type": "Feature", "id": 194885, "geometry": {"type": "LineString", "coordinates": [[-60.953362250660845, 45.7433415299815], [-60.95355643007504, 45.7432342986396], [-60.95362072815033, 45.74319854710915], [-60.953711736639036, 45.74310026788103], [-60.953789897895696, 45.743001758398655], [-60.9537989962377, 45.7429765208922], [-60.95380277507639, 45.742965985544885], [-60.953813175419484, 45.74293009630586], [-60.9538160266983, 45.742920318416104], [-60.953813297959606, 45.74290352786581], [-60.95380447931275, 45.74284900447255], [-60.95372745581499, 45.74274052281655], [-60.95370078827018, 45.742701989225864], [-60.953689603448694, 45.74268583023689], [-60.95365207707071, 45.74258704810918], [-60.95361517796842, 45.7425062789941], [-60.95357705724338, 45.74238859331352], [-60.9535562435213, 45.74227572718865], [-60.953540578744914, 45.74219081108851], [-60.95350726753956, 45.742119161123995], [-60.953452384666164, 45.74200111202111], [-60.95340316852028, 45.74191935703433], [-60.9533384646915, 45.74181186094483], [-60.953211011276544, 45.74167635457065], [-60.95316060913322, 45.741613345084765], [-60.95309709526987, 45.74152219780284], [-60.953029752982815, 45.741398290614896], [-60.95300916890014, 45.74136040594405], [-60.95297069085977, 45.741287709109116], [-60.952965066376365, 45.74125449400231], [-60.9529463727346, 45.74114415899358], [-60.95290950842333, 45.741062490164744], [-60.952858449413675, 45.741017470555796], [-60.95279487292943, 45.74096322564605], [-60.95271812125645, 45.74091774541543], [-60.952667166018564, 45.740867786088096], [-60.95265358928061, 45.74085448240175], [-60.95252678368776, 45.74070101116402], [-60.95242679542027, 45.7406083094893], [-60.9523614334957, 45.740547723594915], [-60.9521829290175, 45.74040229982087], [-60.95209367944003, 45.74031159958343], [-60.95203011611419, 45.74022224197813], [-60.952010100326724, 45.740124214316324], [-60.952006131310156, 45.7401048002146], [-60.951981128226464, 45.74005034646276], [-60.95195752108634, 45.740025206657336], [-60.95193041272587, 45.73999633169308], [-60.95180292209252, 45.73989683562442], [-60.95170084093427, 45.739805895944876], [-60.95164379070679, 45.739775718818976], [-60.95159869558537, 45.73975185870092], [-60.951534779827576, 45.739706607888614], [-60.95146008329399, 45.73967986752814], [-60.951381263181716, 45.73965164901005], [-60.951312790832006, 45.739622733973796], [-60.951252141600875, 45.73959712755224], [-60.95121620455733, 45.7395671489427], [-60.951176051297466, 45.73953365634088], [-60.95108678497609, 45.73944384608972], [-60.9510712496333, 45.73942577260079], [-60.9510239031824, 45.73937071075432], [-60.9509856932574, 45.739325920819056], [-60.95094080632878, 45.73929041701182], [-60.95088323986093, 45.73924486570683], [-60.95075515471636, 45.73910445770345], [-60.950692929305255, 45.73903623944865], [-60.95065437782153, 45.73900044416944], [-60.95064190611638, 45.738955215878775], [-60.95063544780121, 45.73895044652301], [-60.95062938936472, 45.73894599037308], [-60.9506243981531, 45.73892607182792], [-60.95060471662927, 45.73884743783201], [-60.95058600058262, 45.73882039630807], [-60.95056686952047, 45.73879275327412], [-60.9505293187799, 45.73872997321249], [-60.950440152340754, 45.73856725695109], [-60.95042429161191, 45.73854474008843], [-60.95040227265093, 45.73851347184119], [-60.950351844048186, 45.73848646420174], [-60.950341134510786, 45.73848265363557], [-60.950325197019666, 45.73847698506486], [-60.950280307200885, 45.73846301109186], [-60.95023623097775, 45.73844928572698], [-60.950107410027556, 45.73842177105477], [-60.94994031580029, 45.738421463002304], [-60.94982529602492, 45.738438309158845], [-60.94976007869496, 45.73842903757383], [-60.949709321141185, 45.73841102464397], [-60.94969680466529, 45.73840179903993], [-60.9496794021621, 45.73838980344815], [-60.949657937416234, 45.73837500765137], [-60.94962071773869, 45.73833832683751], [-60.9495587424321, 45.73816048148389], [-60.949557891973484, 45.73815808097631], [-60.949494058385525, 45.738040823281445], [-60.949424794928525, 45.73794197390561], [-60.9493548107081, 45.737842103443334]]}, "properties": {"OBJECTID": 194885, "FEAT_CODE": "WARV50", "FEAT_DESC": "River - Single Line", "RIVNAME_1": " ", "RIVNAME_2": " ", "ZVALUE": 9999, "FID": null, "SHAPE_Length": 759.8399568313938}}, {"type": "Feature", "id": 283781, "geometry": {"type": "LineString", "coordinates": [[-60.963028884997, 45.73501930559608], [-60.96309871199122, 45.7350961585869], [-60.96316853917495, 45.73517301153732], [-60.963200934935784, 45.7351877207193], [-60.96320773736554, 45.73519082133539], [-60.96325753375388, 45.73519112435465], [-60.96336194544509, 45.73519176225861], [-60.96338204648365, 45.73519852936198], [-60.96338734143337, 45.73520031595562], [-60.96342489570451, 45.735227988354595], [-60.96346344014285, 45.73526377920972], [-60.96347077671813, 45.7352769343417], [-60.963488779602564, 45.735309235574185], [-60.96350225515664, 45.73532747767252], [-60.96351375383391, 45.735361202073], [-60.963526646107695, 45.73539901972984], [-60.9635263406411, 45.735438879277005], [-60.96352594422805, 45.73548901623198], [-60.963537106347175, 45.73560622699119], [-60.96356453022238, 45.7356516304955], [-60.963613485254335, 45.73573270144687]]}, "properties": {"OBJECTID": 283781, "FEAT_CODE": "WARV50", "FEAT_DESC": "River - Single Line", "RIVNAME_1": "Pringle Brook", "RIVNAME_2": " ", "ZVALUE": 9999, "FID": null, "SHAPE_Length": 101.50096608255006}}, {"type": "Feature", "id": 309934, "geometry": {"type": "LineString", "coordinates": [[-60.94422525787635, 45.73688219621037], [-60.94427966064422, 45.73688241041002], [-60.944353791053715, 45.736882709648], [-60.944393874774455, 45.73687556434314], [-60.9444042385833, 45.73687371667948], [-60.94442142652106, 45.73687295493919], [-60.944764735937106, 45.73685770250263], [-60.94480804294921, 45.736848886885355], [-60.944854108470786, 45.73683950883027], [-60.945086108176994, 45.73678697779376], [-60.94522780346333, 45.736778735173], [-60.94531775469147, 45.736779444443656], [-60.94533326341783, 45.7367838098722], [-60.94538263926371, 45.736797713488144], [-60.94541106036869, 45.73681484946364], [-60.94547192769694, 45.73685152503809], [-60.94549912028313, 45.73687832386154], [-60.945509143984744, 45.73688819815488], [-60.94558650878668, 45.73695169610613], [-60.945659119324546, 45.736990274994916], [-60.94573906777314, 45.73703275720572], [-60.94592146244138, 45.73707628990983], [-60.946085660841874, 45.73711548967272]]}, "properties": {"OBJECTID": 309934, "FEAT_CODE": "WARVSP50", "FEAT_DESC": "River Split - Single Line", "RIVNAME_1": " ", "RIVNAME_2": " ", "ZVALUE": 9999, "FID": null, "SHAPE_Length": 158.73712849839046}}, {"type": "Feature", "id": 310700, "geometry": {"type": "LineString", "coordinates": [[-60.94422525787635, 45.73688219621037], [-60.94422459745932, 45.7369001861273], [-60.9441982461682, 45.73691771358663], [-60.94415970985915, 45.73691701988949], [-60.94414834627301, 45.73691318796592], [-60.94413431651847, 45.73690845296043], [-60.94412991807151, 45.73689836477807], [-60.944122461099404, 45.73688125483862], [-60.944117132900566, 45.73683592038618], [-60.94411609325604, 45.736827125790846], [-60.944109725092936, 45.736773005737405], [-60.944103571693475, 45.73676380405365], [-60.94409754014543, 45.73675478458118], [-60.94407148609416, 45.73676421655008], [-60.94404641936224, 45.736781767099416], [-60.944019704809314, 45.736809188971144], [-60.94395408382573, 45.73691601843908], [-60.943903280241, 45.73693400570082], [-60.94383837232937, 45.736951739004866], [-60.94369666328427, 45.73695998865384], [-60.943659627941265, 45.736968475731025], [-60.943620194379754, 45.73697751367341], [-60.94358162501228, 45.736977719276055], [-60.94349136745753, 45.73694999141276], [-60.94348134958654, 45.7369536184007], [-60.94346532606242, 45.73695942347105], [-60.94342609226019, 45.73701272238079], [-60.94341218182071, 45.73711149081116], [-60.943420495946, 45.73712870624103], [-60.94342532115475, 45.737138721127366], [-60.94343686177031, 45.73715943300232], [-60.9434506449862, 45.73718418166029], [-60.943450277853415, 45.737229179559804], [-60.94338705252757, 45.73730188441202], [-60.943372437414524, 45.73731868693139]]}, "properties": {"OBJECTID": 310700, "FEAT_CODE": "WALK20", "FEAT_DESC": "Lake - Water to the right line", "RIVNAME_1": " ", "RIVNAME_2": " ", "ZVALUE": 175.3, "FID": null, "SHAPE_Length": 132.23796932881157}}]}