{
  "type": "FeatureCollection",
  "sheet": 16,
  "provenance": {
    "fit_revision": "249b2be0b378adec894abc34520f83b009dbf8fd",
    "fit_pr": "https://github.com/dfakkeldy/ns-marks-the-spot/pull/385",
    "fit_path": "reports/fletcher/mabou-full-sheet/north-audit-20260909/candidate36/fit.json",
    "fit_sha256": "21c8c1acfbab6cc484af1af4eb0a27e6869579cb1b88aaf58173fbf9757f307e",
    "input_sha256": {
      "reports/fletcher/mabou-full-sheet/north-audit-20260909/candidate36/fit.json": "21c8c1acfbab6cc484af1af4eb0a27e6869579cb1b88aaf58173fbf9757f307e",
      "reports/fletcher/sheet16/boundary.json": "401fbbd567c67820be00f63b7b42eec5248a48ca289d8ee1df5f9d79d24a08af",
      "docs/fletcher/label-extraction/highway19-production/sheet-16-reviewed.json": "0d6f46fea0302620c3358e8a0966b488cf3dffb9f882ebd280762bb14b0a5307",
      "docs/fletcher/label-extraction/highway19-production/sheet-16-manifest.json": "e7986243acf5822e0d44c4559d446ea1e97ac222806845f9a75e2ba7f4370a20",
      "reports/fletcher/mabou-full-sheet/north-audit-20260909/candidate36/sheet-16-controls.csv": "19448236872e9c591c7259ac1e44b2be9a49dc17a457e82677fe6bc47b8f3d8b",
      "reports/fletcher/mabou-full-sheet/north-audit-20260909/candidate36/render-receipt.json": "a74e74b1da2c99dbcd439b2f6bb3ae2affcf4ea5977e136a1e426d39b18cf91c",
      "reports/fletcher/mabou-full-sheet/north-audit-20260909/candidate36/checks.json": "aad350df5e395a5fcb6de5f9f122892d1806e02b67aea1c92f9c6d8d6cf092d9",
      "reports/fletcher/mabou-full-sheet/north-audit-20260909/candidate36/scores.json": "297becef81947492a8a76f160f814ec8ccfd44a5caa168eb994b6c401dd0ea20"
    },
    "source_review_inputs_sha256": {
      "reports/fletcher/feature-geography/sheet-16-source-review.json": "4c95a9e18f717e7fe6d5aa64062fcc6af29b204a37bbb4e9a8cccc971dc5b3f4",
      "reports/fletcher/feature-geography/sheet-16-placement-review.json": "5d1c69ceeb3c2dd70617b9ab33519c85244571f4d44c449efd905e63bfb944d1"
    }
  },
  "coordinate_convention": "Original scan continuous pixel edges x right/y down. No crop offset, resize or half-pixel shift applied. GDAL TPS EPSG:3857 -> OGC:CRS84 longitude/latitude.",
  "coverage": "Conservative source-control hull and native neatline. Outside records retain null map-derived geometry.",
  "accuracy": "Approximate historical map projection; fit checks and joins remain uneven. Source review does not prove modern site identity.",
  "features": [
    {
      "type": "Feature",
      "id": "F16-PHM-001",
      "geometry": null,
      "properties": {
        "annotation_id": "F16-PHM-001",
        "sheet": 16,
        "name": "Observation Station",
        "source_text": "Observation Station",
        "kind": "observation-station",
        "reading_status": "clear",
        "source_annotation": {
          "source_text": "Observation Station",
          "kind": "observation-station",
          "reading_status": "clear",
          "source_label_boxes_xywh": [
            [
              3868,
              985,
              307,
              35
            ]
          ],
          "crop_ids": [
            "F16-R01C03"
          ],
          "raw_candidate_ids": [
            "F16-R01C03-01"
          ],
          "review_note": "Native whole-crop inspection; source-only lettering.",
          "id": "F16-PHM-001",
          "review_status": "source-reviewed",
          "geometry": null,
          "placement_status": "deferred",
          "crop_id": "F16-R01C03"
        },
        "source_review": {
          "annotation_id": "F16-PHM-001",
          "status": "supported-source-association",
          "source_anchor_xy": [
            4195.5,
            983
          ],
          "candidate_symbol_regions_xywh": [],
          "source_context_xywh": [
            3568,
            652,
            907,
            700
          ],
          "note": "Native 6x detail confirms the observation-station glyph on the northern coastal tip, distinct from the nearby neatline and coastline. Its actual glyph centre supplies the source anchor; the entire point remains subject to the current fit boundary and support checks.",
          "source_uncertainty_px": 8,
          "reviewer": "Codex coordinator, native sheet16 contexts, 6x mark detail and source overlays, 2026-09-13",
          "pixel_convention": "Original 10822 x 7531 scan, continuous pixel edges, x right/y down. Native contexts at 1x; selected detail crops at recorded 6x scales and origins. No rotation.",
          "review_batch": "mabou-services-1-20260913"
        },
        "source_sha256": "d9a4c9a7c6f4e7057e32b57dcb26f6425e9b52015d360498e98e8e2de9a27f94",
        "source_dimensions_px": [
          10822,
          7531
        ],
        "source_geometry_native": {
          "type": "Point",
          "coordinates": [
            4195.5,
            983
          ]
        },
        "map_derived_geometry": null,
        "placement_status": "outside-fit-neatline",
        "alignment_status": "draft-supported-area",
        "fit_revision": "249b2be0b378adec894abc34520f83b009dbf8fd",
        "fit_sha256": "21c8c1acfbab6cc484af1af4eb0a27e6869579cb1b88aaf58173fbf9757f307e",
        "fit_path": "reports/fletcher/mabou-full-sheet/north-audit-20260909/candidate36/fit.json",
        "geographic_role": "reviewed-source-mark",
        "geometry_meaning": "Approximate historical mark location; not a surveyed site, current condition, ownership or access.",
        "geographic_review_status": "outside-fit-neatline",
        "prior_locality_review": null,
        "source_crop": {
          "native_xywh": [
            3568,
            652,
            907,
            700
          ],
          "display_size": [
            907,
            700
          ],
          "rotation_degrees": 0
        },
        "source_context_url": "https://www.davidrumsey.com/luna/servlet/iiif/RUMSEY~8~1~2641~290009/3568,652,907,700/907,700/0/default.jpg",
        "source_url": "https://www.davidrumsey.com/luna/servlet/iiif/m/RUMSEY~8~1~2641~290009/manifest",
        "credit": "David Rumsey Map Collection, David Rumsey Map Center, Stanford University Libraries",
        "imagery_licence_url": "https://creativecommons.org/licenses/by-nc-sa/3.0/",
        "publication_status": "research-preview-only",
        "previous_placements": [],
        "placement_review": {
          "annotation_id": "F16-PHM-001",
          "status": "outside-fit-neatline",
          "reviewed_at": "2026-09-13",
          "reviewer": "Codex coordinator",
          "scene": "mabou-services-1-20260913.jpg",
          "scene_sha256": "c05c9fad639864d320235a8b46cb653702e61d43a96c83ddf1c9dde5ad34c3f7",
          "evidence": "The actual observation-station glyph lies outside the current fit neatline. Preserve the whole native point with no map placement; do not move it inward or substitute lettering."
        }
      }
    },
    {
      "type": "Feature",
      "id": "F16-PHM-003",
      "geometry": null,
      "properties": {
        "annotation_id": "F16-PHM-003",
        "sheet": 16,
        "name": "Breakwater",
        "source_text": "Breakwater",
        "kind": "breakwater",
        "reading_status": "clear",
        "source_annotation": {
          "source_text": "Breakwater",
          "kind": "breakwater",
          "reading_status": "clear",
          "source_label_boxes_xywh": [
            [
              4196,
              1149,
              166,
              34
            ]
          ],
          "crop_ids": [
            "F16-R01C03"
          ],
          "raw_candidate_ids": [
            "F16-R01C03-03"
          ],
          "review_note": "Native whole-crop inspection; source-only lettering.",
          "id": "F16-PHM-003",
          "review_status": "source-reviewed",
          "geometry": null,
          "placement_status": "deferred",
          "crop_id": "F16-R01C03"
        },
        "source_review": {
          "annotation_id": "F16-PHM-003",
          "status": "supported-source-line",
          "source_anchor_xy": null,
          "candidate_symbol_regions_xywh": [],
          "source_path_xy": [
            [
              4365,
              1153
            ],
            [
              4396,
              1161
            ],
            [
              4429,
              1169
            ],
            [
              4460,
              1177
            ]
          ],
          "source_context_xywh": [
            3829,
            816,
            900,
            700
          ],
          "note": "The actual straight printed breakwater at the northern end of the southern harbour spit supplies this bounded line. The stippled shore, harbour lettering and opposite coastal road are separate; no current structure, condition or access is inferred.",
          "source_uncertainty_px": 10,
          "reviewer": "Codex coordinator, native sheet16 contexts, 6x mark detail and source overlays, 2026-09-13",
          "pixel_convention": "Original 10822 x 7531 scan, continuous pixel edges, x right/y down. Native contexts at 1x; selected detail crops at recorded 6x scales and origins. No rotation.",
          "review_batch": "mabou-services-1-20260913"
        },
        "source_sha256": "d9a4c9a7c6f4e7057e32b57dcb26f6425e9b52015d360498e98e8e2de9a27f94",
        "source_dimensions_px": [
          10822,
          7531
        ],
        "source_geometry_native": {
          "type": "LineString",
          "coordinates": [
            [
              4365.0,
              1153.0
            ],
            [
              4372.75,
              1155.0
            ],
            [
              4380.5,
              1157.0
            ],
            [
              4388.25,
              1159.0
            ],
            [
              4396.0,
              1161.0
            ],
            [
              4404.25,
              1163.0
            ],
            [
              4412.5,
              1165.0
            ],
            [
              4420.75,
              1167.0
            ],
            [
              4429.0,
              1169.0
            ],
            [
              4436.75,
              1171.0
            ],
            [
              4444.5,
              1173.0
            ],
            [
              4452.25,
              1175.0
            ],
            [
              4460,
              1177
            ]
          ]
        },
        "map_derived_geometry": null,
        "placement_status": "outside-supported-coverage",
        "alignment_status": "draft-supported-area",
        "fit_revision": "249b2be0b378adec894abc34520f83b009dbf8fd",
        "fit_sha256": "21c8c1acfbab6cc484af1af4eb0a27e6869579cb1b88aaf58173fbf9757f307e",
        "fit_path": "reports/fletcher/mabou-full-sheet/north-audit-20260909/candidate36/fit.json",
        "geographic_role": "reviewed-source-line",
        "geometry_meaning": "Approximate traced portion of a historical linear feature. Endpoints delimit reviewed source evidence, not its full extent or an exact falls site. No current condition or access is asserted.",
        "geographic_review_status": "outside-supported-coverage",
        "prior_locality_review": null,
        "source_crop": {
          "native_xywh": [
            3829,
            816,
            900,
            700
          ],
          "display_size": [
            900,
            700
          ],
          "rotation_degrees": 0
        },
        "source_context_url": "https://www.davidrumsey.com/luna/servlet/iiif/RUMSEY~8~1~2641~290009/3829,816,900,700/900,700/0/default.jpg",
        "source_url": "https://www.davidrumsey.com/luna/servlet/iiif/m/RUMSEY~8~1~2641~290009/manifest",
        "credit": "David Rumsey Map Collection, David Rumsey Map Center, Stanford University Libraries",
        "imagery_licence_url": "https://creativecommons.org/licenses/by-nc-sa/3.0/",
        "publication_status": "research-preview-only",
        "previous_placements": [],
        "placement_review": {
          "annotation_id": "F16-PHM-003",
          "status": "outside-supported-coverage",
          "reviewed_at": "2026-09-13",
          "reviewer": "Codex coordinator",
          "scene": "mabou-services-1-20260913.jpg",
          "scene_sha256": "c05c9fad639864d320235a8b46cb653702e61d43a96c83ddf1c9dde5ad34c3f7",
          "evidence": "The complete native source point, group or breakwater trace extends outside the current conservative control hull. Preserve its exact source geometry without public placement until local geographic support is established. Do not trim, extrapolate or move it to lettering."
        }
      }
    },
    {
      "type": "Feature",
      "id": "F16-PHM-005",
      "geometry": null,
      "properties": {
        "annotation_id": "F16-PHM-005",
        "sheet": 16,
        "name": "Plaster\nQuarry",
        "source_text": "Plaster\nQuarry",
        "kind": "quarry",
        "reading_status": "clear",
        "source_annotation": {
          "source_text": "Plaster\nQuarry",
          "kind": "quarry",
          "reading_status": "clear",
          "source_label_boxes_xywh": [
            [
              4694,
              1040,
              105,
              62
            ]
          ],
          "crop_ids": [
            "F16-R01C03"
          ],
          "raw_candidate_ids": [
            "F16-R01C03-05"
          ],
          "review_note": "Native whole-crop inspection; source-only lettering.",
          "id": "F16-PHM-005",
          "review_status": "source-reviewed",
          "geometry": null,
          "placement_status": "deferred",
          "crop_id": "F16-R01C03"
        },
        "source_review": {
          "annotation_id": "F16-PHM-005",
          "status": "unresolved",
          "source_anchor_xy": null,
          "candidate_symbol_regions_xywh": [
            [
              4797,
              1075,
              25,
              16
            ]
          ],
          "source_context_xywh": [
            4296,
            721,
            900,
            700
          ],
          "note": "Native 6x detail confirms two compact marks immediately right of Plaster Quarry. Retain both as a bounded source group; the regular geological striping, graticule and more southern school mark are separate. No individual quarry footprint is invented.",
          "source_uncertainty_px": null,
          "reviewer": "Codex coordinator, native sheet16 contexts, 6x mark detail and source overlays, 2026-09-13",
          "pixel_convention": "Original 10822 x 7531 scan, continuous pixel edges, x right/y down. Native contexts at 1x; selected detail crops at recorded 6x scales and origins. No rotation.",
          "review_batch": "mabou-services-1-20260913"
        },
        "source_sha256": "d9a4c9a7c6f4e7057e32b57dcb26f6425e9b52015d360498e98e8e2de9a27f94",
        "source_dimensions_px": [
          10822,
          7531
        ],
        "source_geometry_native": {
          "type": "Polygon",
          "coordinates": [
            [
              [
                4797.0,
                1075.0
              ],
              [
                4805.333333333333,
                1075.0
              ],
              [
                4813.666666666667,
                1075.0
              ],
              [
                4822.0,
                1075.0
              ],
              [
                4822.0,
                1083.0
              ],
              [
                4822.0,
                1091.0
              ],
              [
                4813.666666666667,
                1091.0
              ],
              [
                4805.333333333333,
                1091.0
              ],
              [
                4797.0,
                1091.0
              ],
              [
                4797.0,
                1083.0
              ],
              [
                4797.0,
                1075.0
              ]
            ]
          ]
        },
        "map_derived_geometry": null,
        "placement_status": "outside-supported-coverage",
        "alignment_status": "draft-supported-area",
        "fit_revision": "249b2be0b378adec894abc34520f83b009dbf8fd",
        "fit_sha256": "21c8c1acfbab6cc484af1af4eb0a27e6869579cb1b88aaf58173fbf9757f307e",
        "fit_path": "reports/fletcher/mabou-full-sheet/north-audit-20260909/candidate36/fit.json",
        "geographic_role": "reviewed-source-group",
        "geometry_meaning": "Approximate source-symbol group; individual feature unresolved. Outline is not a property, footprint or error bound.",
        "geographic_review_status": "outside-supported-coverage",
        "prior_locality_review": null,
        "source_crop": {
          "native_xywh": [
            4296,
            721,
            900,
            700
          ],
          "display_size": [
            900,
            700
          ],
          "rotation_degrees": 0
        },
        "source_context_url": "https://www.davidrumsey.com/luna/servlet/iiif/RUMSEY~8~1~2641~290009/4296,721,900,700/900,700/0/default.jpg",
        "source_url": "https://www.davidrumsey.com/luna/servlet/iiif/m/RUMSEY~8~1~2641~290009/manifest",
        "credit": "David Rumsey Map Collection, David Rumsey Map Center, Stanford University Libraries",
        "imagery_licence_url": "https://creativecommons.org/licenses/by-nc-sa/3.0/",
        "publication_status": "research-preview-only",
        "previous_placements": [],
        "placement_review": {
          "annotation_id": "F16-PHM-005",
          "status": "outside-supported-coverage",
          "reviewed_at": "2026-09-13",
          "reviewer": "Codex coordinator",
          "scene": "mabou-services-1-20260913.jpg",
          "scene_sha256": "c05c9fad639864d320235a8b46cb653702e61d43a96c83ddf1c9dde5ad34c3f7",
          "evidence": "The complete native source point, group or breakwater trace extends outside the current conservative control hull. Preserve its exact source geometry without public placement until local geographic support is established. Do not trim, extrapolate or move it to lettering."
        }
      }
    },
    {
      "type": "Feature",
      "id": "F16-PHM-006",
      "geometry": null,
      "properties": {
        "annotation_id": "F16-PHM-006",
        "sheet": 16,
        "name": "School",
        "source_text": "School",
        "kind": "school",
        "reading_status": "clear",
        "source_annotation": {
          "source_text": "School",
          "kind": "school",
          "reading_status": "clear",
          "source_label_boxes_xywh": [
            [
              4758,
              1105,
              84,
              33
            ]
          ],
          "crop_ids": [
            "F16-R01C03",
            "F16-R01C04"
          ],
          "raw_candidate_ids": [
            "F16-R01C03-06"
          ],
          "review_note": "Native whole-crop inspection; source-only lettering.",
          "id": "F16-PHM-006",
          "review_status": "source-reviewed",
          "geometry": null,
          "placement_status": "deferred",
          "crop_id": "F16-R01C03"
        },
        "source_review": {
          "annotation_id": "F16-PHM-006",
          "status": "supported-source-association",
          "source_anchor_xy": [
            4776.5,
            1142
          ],
          "candidate_symbol_regions_xywh": [],
          "source_context_xywh": [
            4350,
            771,
            900,
            700
          ],
          "note": "Native 6x detail confirms the isolated filled square immediately below School and above the coastal road. Its actual centre supplies this source anchor, separate from the nearby Plaster Quarry pair and geological grid.",
          "source_uncertainty_px": 8,
          "reviewer": "Codex coordinator, native sheet16 contexts, 6x mark detail and source overlays, 2026-09-13",
          "pixel_convention": "Original 10822 x 7531 scan, continuous pixel edges, x right/y down. Native contexts at 1x; selected detail crops at recorded 6x scales and origins. No rotation.",
          "review_batch": "mabou-services-1-20260913"
        },
        "source_sha256": "d9a4c9a7c6f4e7057e32b57dcb26f6425e9b52015d360498e98e8e2de9a27f94",
        "source_dimensions_px": [
          10822,
          7531
        ],
        "source_geometry_native": {
          "type": "Point",
          "coordinates": [
            4776.5,
            1142
          ]
        },
        "map_derived_geometry": null,
        "placement_status": "outside-supported-coverage",
        "alignment_status": "draft-supported-area",
        "fit_revision": "249b2be0b378adec894abc34520f83b009dbf8fd",
        "fit_sha256": "21c8c1acfbab6cc484af1af4eb0a27e6869579cb1b88aaf58173fbf9757f307e",
        "fit_path": "reports/fletcher/mabou-full-sheet/north-audit-20260909/candidate36/fit.json",
        "geographic_role": "reviewed-source-mark",
        "geometry_meaning": "Approximate historical mark location; not a surveyed site, current condition, ownership or access.",
        "geographic_review_status": "outside-supported-coverage",
        "prior_locality_review": null,
        "source_crop": {
          "native_xywh": [
            4350,
            771,
            900,
            700
          ],
          "display_size": [
            900,
            700
          ],
          "rotation_degrees": 0
        },
        "source_context_url": "https://www.davidrumsey.com/luna/servlet/iiif/RUMSEY~8~1~2641~290009/4350,771,900,700/900,700/0/default.jpg",
        "source_url": "https://www.davidrumsey.com/luna/servlet/iiif/m/RUMSEY~8~1~2641~290009/manifest",
        "credit": "David Rumsey Map Collection, David Rumsey Map Center, Stanford University Libraries",
        "imagery_licence_url": "https://creativecommons.org/licenses/by-nc-sa/3.0/",
        "publication_status": "research-preview-only",
        "previous_placements": [],
        "placement_review": {
          "annotation_id": "F16-PHM-006",
          "status": "outside-supported-coverage",
          "reviewed_at": "2026-09-13",
          "reviewer": "Codex coordinator",
          "scene": "mabou-services-1-20260913.jpg",
          "scene_sha256": "c05c9fad639864d320235a8b46cb653702e61d43a96c83ddf1c9dde5ad34c3f7",
          "evidence": "The complete native source point, group or breakwater trace extends outside the current conservative control hull. Preserve its exact source geometry without public placement until local geographic support is established. Do not trim, extrapolate or move it to lettering."
        }
      }
    },
    {
      "type": "Feature",
      "id": "F16-PHM-007",
      "geometry": null,
      "properties": {
        "annotation_id": "F16-PHM-007",
        "sheet": 16,
        "name": "Lobster Factory",
        "source_text": "Lobster Factory",
        "kind": "factory",
        "reading_status": "clear",
        "source_annotation": {
          "source_text": "Lobster Factory",
          "kind": "factory",
          "reading_status": "clear",
          "source_label_boxes_xywh": [
            [
              4594,
              1202,
              105,
              86
            ],
            [
              4685,
              1257,
              96,
              33
            ]
          ],
          "crop_ids": [
            "F16-R01C03"
          ],
          "raw_candidate_ids": [
            "F16-R01C03-07"
          ],
          "review_note": "Native whole-crop inspection; source-only lettering.",
          "id": "F16-PHM-007",
          "review_status": "source-reviewed",
          "geometry": null,
          "placement_status": "deferred",
          "crop_id": "F16-R01C03"
        },
        "source_review": {
          "annotation_id": "F16-PHM-007",
          "status": "supported-source-association",
          "source_anchor_xy": [
            4587,
            1210.5
          ],
          "candidate_symbol_regions_xywh": [],
          "source_context_xywh": [
            4237,
            896,
            900,
            700
          ],
          "note": "Native 6x detail confirms the filled shore projection immediately left of the rotated Lobster Factory caption. Its actual mark supplies the anchor. The first letter of Lobster and nearby rectilinear pattern are separate; no current facility extent or access is inferred.",
          "source_uncertainty_px": 8,
          "reviewer": "Codex coordinator, native sheet16 contexts, 6x mark detail and source overlays, 2026-09-13",
          "pixel_convention": "Original 10822 x 7531 scan, continuous pixel edges, x right/y down. Native contexts at 1x; selected detail crops at recorded 6x scales and origins. No rotation.",
          "review_batch": "mabou-services-1-20260913"
        },
        "source_sha256": "d9a4c9a7c6f4e7057e32b57dcb26f6425e9b52015d360498e98e8e2de9a27f94",
        "source_dimensions_px": [
          10822,
          7531
        ],
        "source_geometry_native": {
          "type": "Point",
          "coordinates": [
            4587,
            1210.5
          ]
        },
        "map_derived_geometry": null,
        "placement_status": "outside-supported-coverage",
        "alignment_status": "draft-supported-area",
        "fit_revision": "249b2be0b378adec894abc34520f83b009dbf8fd",
        "fit_sha256": "21c8c1acfbab6cc484af1af4eb0a27e6869579cb1b88aaf58173fbf9757f307e",
        "fit_path": "reports/fletcher/mabou-full-sheet/north-audit-20260909/candidate36/fit.json",
        "geographic_role": "reviewed-source-mark",
        "geometry_meaning": "Approximate historical mark location; not a surveyed site, current condition, ownership or access.",
        "geographic_review_status": "outside-supported-coverage",
        "prior_locality_review": null,
        "source_crop": {
          "native_xywh": [
            4237,
            896,
            900,
            700
          ],
          "display_size": [
            900,
            700
          ],
          "rotation_degrees": 0
        },
        "source_context_url": "https://www.davidrumsey.com/luna/servlet/iiif/RUMSEY~8~1~2641~290009/4237,896,900,700/900,700/0/default.jpg",
        "source_url": "https://www.davidrumsey.com/luna/servlet/iiif/m/RUMSEY~8~1~2641~290009/manifest",
        "credit": "David Rumsey Map Collection, David Rumsey Map Center, Stanford University Libraries",
        "imagery_licence_url": "https://creativecommons.org/licenses/by-nc-sa/3.0/",
        "publication_status": "research-preview-only",
        "previous_placements": [],
        "placement_review": {
          "annotation_id": "F16-PHM-007",
          "status": "outside-supported-coverage",
          "reviewed_at": "2026-09-13",
          "reviewer": "Codex coordinator",
          "scene": "mabou-services-1-20260913.jpg",
          "scene_sha256": "c05c9fad639864d320235a8b46cb653702e61d43a96c83ddf1c9dde5ad34c3f7",
          "evidence": "The complete native source point, group or breakwater trace extends outside the current conservative control hull. Preserve its exact source geometry without public placement until local geographic support is established. Do not trim, extrapolate or move it to lettering."
        }
      }
    },
    {
      "type": "Feature",
      "id": "F16-PHM-017",
      "geometry": null,
      "properties": {
        "annotation_id": "F16-PHM-017",
        "sheet": 16,
        "name": "School",
        "source_text": "School",
        "kind": "school",
        "reading_status": "clear",
        "source_annotation": {
          "source_text": "School",
          "kind": "school",
          "reading_status": "clear",
          "source_label_boxes_xywh": [
            [
              3716,
              1859,
              84,
              34
            ]
          ],
          "crop_ids": [
            "F16-R01C02",
            "F16-R01C03"
          ],
          "raw_candidate_ids": [
            "F16-R01C02-02",
            "F16-R01C03-18"
          ],
          "review_note": "Native whole-crop inspection; source-only lettering.",
          "id": "F16-PHM-017",
          "review_status": "source-reviewed",
          "geometry": null,
          "placement_status": "deferred",
          "crop_id": "F16-R01C02"
        },
        "source_review": {
          "annotation_id": "F16-PHM-017",
          "status": "unresolved",
          "source_anchor_xy": null,
          "candidate_symbol_regions_xywh": [
            [
              3677,
              1869,
              31,
              30
            ]
          ],
          "source_context_xywh": [
            3308,
            1526,
            900,
            700
          ],
          "note": "The two compact marks immediately left of School below the coastal-road bend form the associated source pair. Keep both in a bounded group rather than choosing an individual school building. The geological dashed line, stripes and more distant roadside marks are separate.",
          "source_uncertainty_px": null,
          "reviewer": "Codex coordinator, native sheet16 contexts, 6x mark detail and source overlays, 2026-09-13",
          "pixel_convention": "Original 10822 x 7531 scan, continuous pixel edges, x right/y down. Native contexts at 1x; selected detail crops at recorded 6x scales and origins. No rotation.",
          "review_batch": "mabou-services-1-20260913"
        },
        "source_sha256": "d9a4c9a7c6f4e7057e32b57dcb26f6425e9b52015d360498e98e8e2de9a27f94",
        "source_dimensions_px": [
          10822,
          7531
        ],
        "source_geometry_native": {
          "type": "Polygon",
          "coordinates": [
            [
              [
                3677.0,
                1869.0
              ],
              [
                3684.75,
                1869.0
              ],
              [
                3692.5,
                1869.0
              ],
              [
                3700.25,
                1869.0
              ],
              [
                3708.0,
                1869.0
              ],
              [
                3708.0,
                1879.0
              ],
              [
                3708.0,
                1889.0
              ],
              [
                3708.0,
                1899.0
              ],
              [
                3700.25,
                1899.0
              ],
              [
                3692.5,
                1899.0
              ],
              [
                3684.75,
                1899.0
              ],
              [
                3677.0,
                1899.0
              ],
              [
                3677.0,
                1889.0
              ],
              [
                3677.0,
                1879.0
              ],
              [
                3677.0,
                1869.0
              ]
            ]
          ]
        },
        "map_derived_geometry": null,
        "placement_status": "outside-supported-coverage",
        "alignment_status": "draft-supported-area",
        "fit_revision": "249b2be0b378adec894abc34520f83b009dbf8fd",
        "fit_sha256": "21c8c1acfbab6cc484af1af4eb0a27e6869579cb1b88aaf58173fbf9757f307e",
        "fit_path": "reports/fletcher/mabou-full-sheet/north-audit-20260909/candidate36/fit.json",
        "geographic_role": "reviewed-source-group",
        "geometry_meaning": "Approximate source-symbol group; individual feature unresolved. Outline is not a property, footprint or error bound.",
        "geographic_review_status": "outside-supported-coverage",
        "prior_locality_review": null,
        "source_crop": {
          "native_xywh": [
            3308,
            1526,
            900,
            700
          ],
          "display_size": [
            900,
            700
          ],
          "rotation_degrees": 0
        },
        "source_context_url": "https://www.davidrumsey.com/luna/servlet/iiif/RUMSEY~8~1~2641~290009/3308,1526,900,700/900,700/0/default.jpg",
        "source_url": "https://www.davidrumsey.com/luna/servlet/iiif/m/RUMSEY~8~1~2641~290009/manifest",
        "credit": "David Rumsey Map Collection, David Rumsey Map Center, Stanford University Libraries",
        "imagery_licence_url": "https://creativecommons.org/licenses/by-nc-sa/3.0/",
        "publication_status": "research-preview-only",
        "previous_placements": [],
        "placement_review": {
          "annotation_id": "F16-PHM-017",
          "status": "outside-supported-coverage",
          "reviewed_at": "2026-09-13",
          "reviewer": "Codex coordinator",
          "scene": "mabou-services-1-20260913.jpg",
          "scene_sha256": "c05c9fad639864d320235a8b46cb653702e61d43a96c83ddf1c9dde5ad34c3f7",
          "evidence": "The complete native source point, group or breakwater trace extends outside the current conservative control hull. Preserve its exact source geometry without public placement until local geographic support is established. Do not trim, extrapolate or move it to lettering."
        }
      }
    },
    {
      "type": "Feature",
      "id": "F16-PHM-019",
      "geometry": null,
      "properties": {
        "annotation_id": "F16-PHM-019",
        "sheet": 16,
        "name": "Forge",
        "source_text": "Forge",
        "kind": "forge",
        "reading_status": "clear",
        "source_annotation": {
          "source_text": "Forge",
          "kind": "forge",
          "reading_status": "clear",
          "source_label_boxes_xywh": [
            [
              5078,
              1130,
              94,
              39
            ]
          ],
          "crop_ids": [
            "F16-R01C04"
          ],
          "raw_candidate_ids": [
            "F16-R01C04-01"
          ],
          "review_note": "Native whole-crop inspection; source-only lettering.",
          "id": "F16-PHM-019",
          "review_status": "source-reviewed",
          "geometry": null,
          "placement_status": "deferred",
          "crop_id": "F16-R01C04"
        },
        "source_review": {
          "annotation_id": "F16-PHM-019",
          "status": "unresolved",
          "source_anchor_xy": null,
          "candidate_symbol_regions_xywh": [
            [
              5068,
              1117,
              14,
              40
            ]
          ],
          "source_context_xywh": [
            4675,
            799,
            900,
            700
          ],
          "note": "The two compact marks immediately left of Forge, one above the caption and one level with it, form a bounded source pair beside the road/grid district. More distant marks to the right are separate. No individual forge building or current facility is selected.",
          "source_uncertainty_px": null,
          "reviewer": "Codex coordinator, native sheet16 contexts, 6x mark detail and source overlays, 2026-09-13",
          "pixel_convention": "Original 10822 x 7531 scan, continuous pixel edges, x right/y down. Native contexts at 1x; selected detail crops at recorded 6x scales and origins. No rotation.",
          "review_batch": "mabou-services-2-20260913"
        },
        "source_sha256": "d9a4c9a7c6f4e7057e32b57dcb26f6425e9b52015d360498e98e8e2de9a27f94",
        "source_dimensions_px": [
          10822,
          7531
        ],
        "source_geometry_native": {
          "type": "Polygon",
          "coordinates": [
            [
              [
                5068.0,
                1117.0
              ],
              [
                5075.0,
                1117.0
              ],
              [
                5082.0,
                1117.0
              ],
              [
                5082.0,
                1127.0
              ],
              [
                5082.0,
                1137.0
              ],
              [
                5082.0,
                1147.0
              ],
              [
                5082.0,
                1157.0
              ],
              [
                5075.0,
                1157.0
              ],
              [
                5068.0,
                1157.0
              ],
              [
                5068.0,
                1147.0
              ],
              [
                5068.0,
                1137.0
              ],
              [
                5068.0,
                1127.0
              ],
              [
                5068.0,
                1117.0
              ]
            ]
          ]
        },
        "map_derived_geometry": null,
        "placement_status": "outside-supported-coverage",
        "alignment_status": "draft-supported-area",
        "fit_revision": "249b2be0b378adec894abc34520f83b009dbf8fd",
        "fit_sha256": "21c8c1acfbab6cc484af1af4eb0a27e6869579cb1b88aaf58173fbf9757f307e",
        "fit_path": "reports/fletcher/mabou-full-sheet/north-audit-20260909/candidate36/fit.json",
        "geographic_role": "reviewed-source-group",
        "geometry_meaning": "Approximate source-symbol group; individual feature unresolved. Outline is not a property, footprint or error bound.",
        "geographic_review_status": "outside-supported-coverage",
        "prior_locality_review": null,
        "source_crop": {
          "native_xywh": [
            4675,
            799,
            900,
            700
          ],
          "display_size": [
            900,
            700
          ],
          "rotation_degrees": 0
        },
        "source_context_url": "https://www.davidrumsey.com/luna/servlet/iiif/RUMSEY~8~1~2641~290009/4675,799,900,700/900,700/0/default.jpg",
        "source_url": "https://www.davidrumsey.com/luna/servlet/iiif/m/RUMSEY~8~1~2641~290009/manifest",
        "credit": "David Rumsey Map Collection, David Rumsey Map Center, Stanford University Libraries",
        "imagery_licence_url": "https://creativecommons.org/licenses/by-nc-sa/3.0/",
        "publication_status": "research-preview-only",
        "previous_placements": [],
        "placement_review": {
          "annotation_id": "F16-PHM-019",
          "status": "outside-supported-coverage",
          "reviewed_at": "2026-09-13",
          "reviewer": "Codex coordinator",
          "scene": "mabou-services-2-20260913.jpg",
          "scene_sha256": "9afd7c8f363da99d4727378a20c36c4b32bf6b70b147cc29465c78697a9e96e6",
          "evidence": "The complete native source point, group or breakwater trace extends outside the current conservative control hull. Preserve its exact source geometry without public placement until local geographic support is established. Do not trim, extrapolate or move it to lettering."
        }
      }
    },
    {
      "type": "Feature",
      "id": "F16-PHM-021",
      "geometry": null,
      "properties": {
        "annotation_id": "F16-PHM-021",
        "sheet": 16,
        "name": "P.O.",
        "source_text": "P.O.",
        "kind": "post-office",
        "reading_status": "clear",
        "source_annotation": {
          "source_text": "P.O.",
          "kind": "post-office",
          "reading_status": "clear",
          "source_label_boxes_xywh": [
            [
              5361,
              1213,
              60,
              35
            ]
          ],
          "crop_ids": [
            "F16-R01C04"
          ],
          "raw_candidate_ids": [
            "F16-R01C04-03"
          ],
          "review_note": "Native whole-crop inspection; source-only lettering.",
          "id": "F16-PHM-021",
          "review_status": "source-reviewed",
          "geometry": null,
          "placement_status": "deferred",
          "crop_id": "F16-R01C04"
        },
        "source_review": {
          "annotation_id": "F16-PHM-021",
          "status": "unresolved",
          "source_anchor_xy": null,
          "candidate_symbol_regions_xywh": [
            [
              5307,
              1209,
              48,
              51
            ]
          ],
          "source_context_xywh": [
            4941,
            880,
            900,
            700
          ],
          "note": "The compact cluster immediately west of P.O. on both sides of the coastal road supplies this bounded source group. No individual mark is asserted to be the postal building; the nearby shop and more distant eastern marks remain separate.",
          "source_uncertainty_px": null,
          "reviewer": "Codex coordinator, native sheet16 contexts, 6x mark detail and source overlays, 2026-09-13",
          "pixel_convention": "Original 10822 x 7531 scan, continuous pixel edges, x right/y down. Native contexts at 1x; selected detail crops at recorded 6x scales and origins. No rotation.",
          "review_batch": "mabou-services-2-20260913"
        },
        "source_sha256": "d9a4c9a7c6f4e7057e32b57dcb26f6425e9b52015d360498e98e8e2de9a27f94",
        "source_dimensions_px": [
          10822,
          7531
        ],
        "source_geometry_native": {
          "type": "Polygon",
          "coordinates": [
            [
              [
                5307.0,
                1209.0
              ],
              [
                5316.6,
                1209.0
              ],
              [
                5326.2,
                1209.0
              ],
              [
                5335.8,
                1209.0
              ],
              [
                5345.4,
                1209.0
              ],
              [
                5355.0,
                1209.0
              ],
              [
                5355.0,
                1217.5
              ],
              [
                5355.0,
                1226.0
              ],
              [
                5355.0,
                1234.5
              ],
              [
                5355.0,
                1243.0
              ],
              [
                5355.0,
                1251.5
              ],
              [
                5355.0,
                1260.0
              ],
              [
                5345.4,
                1260.0
              ],
              [
                5335.8,
                1260.0
              ],
              [
                5326.2,
                1260.0
              ],
              [
                5316.6,
                1260.0
              ],
              [
                5307.0,
                1260.0
              ],
              [
                5307.0,
                1251.5
              ],
              [
                5307.0,
                1243.0
              ],
              [
                5307.0,
                1234.5
              ],
              [
                5307.0,
                1226.0
              ],
              [
                5307.0,
                1217.5
              ],
              [
                5307.0,
                1209.0
              ]
            ]
          ]
        },
        "map_derived_geometry": null,
        "placement_status": "outside-supported-coverage",
        "alignment_status": "draft-supported-area",
        "fit_revision": "249b2be0b378adec894abc34520f83b009dbf8fd",
        "fit_sha256": "21c8c1acfbab6cc484af1af4eb0a27e6869579cb1b88aaf58173fbf9757f307e",
        "fit_path": "reports/fletcher/mabou-full-sheet/north-audit-20260909/candidate36/fit.json",
        "geographic_role": "reviewed-source-group",
        "geometry_meaning": "Approximate source-symbol group; individual feature unresolved. Outline is not a property, footprint or error bound.",
        "geographic_review_status": "outside-supported-coverage",
        "prior_locality_review": null,
        "source_crop": {
          "native_xywh": [
            4941,
            880,
            900,
            700
          ],
          "display_size": [
            900,
            700
          ],
          "rotation_degrees": 0
        },
        "source_context_url": "https://www.davidrumsey.com/luna/servlet/iiif/RUMSEY~8~1~2641~290009/4941,880,900,700/900,700/0/default.jpg",
        "source_url": "https://www.davidrumsey.com/luna/servlet/iiif/m/RUMSEY~8~1~2641~290009/manifest",
        "credit": "David Rumsey Map Collection, David Rumsey Map Center, Stanford University Libraries",
        "imagery_licence_url": "https://creativecommons.org/licenses/by-nc-sa/3.0/",
        "publication_status": "research-preview-only",
        "previous_placements": [],
        "placement_review": {
          "annotation_id": "F16-PHM-021",
          "status": "outside-supported-coverage",
          "reviewed_at": "2026-09-13",
          "reviewer": "Codex coordinator",
          "scene": "mabou-services-2-20260913.jpg",
          "scene_sha256": "9afd7c8f363da99d4727378a20c36c4b32bf6b70b147cc29465c78697a9e96e6",
          "evidence": "The complete native source point, group or breakwater trace extends outside the current conservative control hull. Preserve its exact source geometry without public placement until local geographic support is established. Do not trim, extrapolate or move it to lettering."
        }
      }
    },
    {
      "type": "Feature",
      "id": "F16-PHM-022",
      "geometry": null,
      "properties": {
        "annotation_id": "F16-PHM-022",
        "sheet": 16,
        "name": "Shop",
        "source_text": "Shop",
        "kind": "shop",
        "reading_status": "clear",
        "source_annotation": {
          "source_text": "Shop",
          "kind": "shop",
          "reading_status": "clear",
          "source_label_boxes_xywh": [
            [
              5241,
              1255,
              74,
              37
            ]
          ],
          "crop_ids": [
            "F16-R01C04"
          ],
          "raw_candidate_ids": [
            "F16-R01C04-04"
          ],
          "review_note": "Native whole-crop inspection; source-only lettering.",
          "id": "F16-PHM-022",
          "review_status": "source-reviewed",
          "geometry": null,
          "placement_status": "deferred",
          "crop_id": "F16-R01C04"
        },
        "source_review": {
          "annotation_id": "F16-PHM-022",
          "status": "supported-source-association",
          "source_anchor_xy": [
            5253,
            1297.5
          ],
          "candidate_symbol_regions_xywh": [],
          "source_context_xywh": [
            4828,
            923,
            900,
            700
          ],
          "note": "Native 6x detail distinguishes the isolated hollow loop-like mark below the Shop caption on the northern harbour bank. It is separate from the lettering and shore line; its actual centre supplies the source anchor without asserting a current shop or structure footprint.",
          "source_uncertainty_px": 8,
          "reviewer": "Codex coordinator, native sheet16 contexts, 6x mark detail and source overlays, 2026-09-13",
          "pixel_convention": "Original 10822 x 7531 scan, continuous pixel edges, x right/y down. Native contexts at 1x; selected detail crops at recorded 6x scales and origins. No rotation.",
          "review_batch": "mabou-services-2-20260913"
        },
        "source_sha256": "d9a4c9a7c6f4e7057e32b57dcb26f6425e9b52015d360498e98e8e2de9a27f94",
        "source_dimensions_px": [
          10822,
          7531
        ],
        "source_geometry_native": {
          "type": "Point",
          "coordinates": [
            5253,
            1297.5
          ]
        },
        "map_derived_geometry": null,
        "placement_status": "outside-supported-coverage",
        "alignment_status": "draft-supported-area",
        "fit_revision": "249b2be0b378adec894abc34520f83b009dbf8fd",
        "fit_sha256": "21c8c1acfbab6cc484af1af4eb0a27e6869579cb1b88aaf58173fbf9757f307e",
        "fit_path": "reports/fletcher/mabou-full-sheet/north-audit-20260909/candidate36/fit.json",
        "geographic_role": "reviewed-source-mark",
        "geometry_meaning": "Approximate historical mark location; not a surveyed site, current condition, ownership or access.",
        "geographic_review_status": "outside-supported-coverage",
        "prior_locality_review": null,
        "source_crop": {
          "native_xywh": [
            4828,
            923,
            900,
            700
          ],
          "display_size": [
            900,
            700
          ],
          "rotation_degrees": 0
        },
        "source_context_url": "https://www.davidrumsey.com/luna/servlet/iiif/RUMSEY~8~1~2641~290009/4828,923,900,700/900,700/0/default.jpg",
        "source_url": "https://www.davidrumsey.com/luna/servlet/iiif/m/RUMSEY~8~1~2641~290009/manifest",
        "credit": "David Rumsey Map Collection, David Rumsey Map Center, Stanford University Libraries",
        "imagery_licence_url": "https://creativecommons.org/licenses/by-nc-sa/3.0/",
        "publication_status": "research-preview-only",
        "previous_placements": [],
        "placement_review": {
          "annotation_id": "F16-PHM-022",
          "status": "outside-supported-coverage",
          "reviewed_at": "2026-09-13",
          "reviewer": "Codex coordinator",
          "scene": "mabou-services-2-20260913.jpg",
          "scene_sha256": "9afd7c8f363da99d4727378a20c36c4b32bf6b70b147cc29465c78697a9e96e6",
          "evidence": "The complete native source point, group or breakwater trace extends outside the current conservative control hull. Preserve its exact source geometry without public placement until local geographic support is established. Do not trim, extrapolate or move it to lettering."
        }
      }
    },
    {
      "type": "Feature",
      "id": "F16-PHM-023",
      "geometry": null,
      "properties": {
        "annotation_id": "F16-PHM-023",
        "sheet": 16,
        "name": "School",
        "source_text": "School",
        "kind": "school",
        "reading_status": "clear",
        "source_annotation": {
          "source_text": "School",
          "kind": "school",
          "reading_status": "clear",
          "source_label_boxes_xywh": [
            [
              5933,
              1095,
              96,
              35
            ]
          ],
          "crop_ids": [
            "F16-R01C04",
            "F16-R01C05"
          ],
          "raw_candidate_ids": [
            "F16-R01C04-05"
          ],
          "review_note": "Native whole-crop inspection; source-only lettering.",
          "id": "F16-PHM-023",
          "review_status": "source-reviewed",
          "geometry": null,
          "placement_status": "deferred",
          "crop_id": "F16-R01C04"
        },
        "source_review": {
          "annotation_id": "F16-PHM-023",
          "status": "unresolved",
          "source_anchor_xy": null,
          "candidate_symbol_regions_xywh": [
            [
              5869,
              1077,
              27,
              32
            ]
          ],
          "source_context_xywh": [
            5531,
            762,
            900,
            700
          ],
          "note": "Native 6x detail confirms the two compact marks west of the road and left of School. Preserve that bounded pair rather than selecting an individual building. The river/road strokes and nearby dip arrow are separate.",
          "source_uncertainty_px": null,
          "reviewer": "Codex coordinator, native sheet16 contexts, 6x mark detail and source overlays, 2026-09-13",
          "pixel_convention": "Original 10822 x 7531 scan, continuous pixel edges, x right/y down. Native contexts at 1x; selected detail crops at recorded 6x scales and origins. No rotation.",
          "review_batch": "mabou-services-2-20260913"
        },
        "source_sha256": "d9a4c9a7c6f4e7057e32b57dcb26f6425e9b52015d360498e98e8e2de9a27f94",
        "source_dimensions_px": [
          10822,
          7531
        ],
        "source_geometry_native": {
          "type": "Polygon",
          "coordinates": [
            [
              [
                5869.0,
                1077.0
              ],
              [
                5878.0,
                1077.0
              ],
              [
                5887.0,
                1077.0
              ],
              [
                5896.0,
                1077.0
              ],
              [
                5896.0,
                1085.0
              ],
              [
                5896.0,
                1093.0
              ],
              [
                5896.0,
                1101.0
              ],
              [
                5896.0,
                1109.0
              ],
              [
                5887.0,
                1109.0
              ],
              [
                5878.0,
                1109.0
              ],
              [
                5869.0,
                1109.0
              ],
              [
                5869.0,
                1101.0
              ],
              [
                5869.0,
                1093.0
              ],
              [
                5869.0,
                1085.0
              ],
              [
                5869.0,
                1077.0
              ]
            ]
          ]
        },
        "map_derived_geometry": null,
        "placement_status": "outside-supported-coverage",
        "alignment_status": "draft-supported-area",
        "fit_revision": "249b2be0b378adec894abc34520f83b009dbf8fd",
        "fit_sha256": "21c8c1acfbab6cc484af1af4eb0a27e6869579cb1b88aaf58173fbf9757f307e",
        "fit_path": "reports/fletcher/mabou-full-sheet/north-audit-20260909/candidate36/fit.json",
        "geographic_role": "reviewed-source-group",
        "geometry_meaning": "Approximate source-symbol group; individual feature unresolved. Outline is not a property, footprint or error bound.",
        "geographic_review_status": "outside-supported-coverage",
        "prior_locality_review": null,
        "source_crop": {
          "native_xywh": [
            5531,
            762,
            900,
            700
          ],
          "display_size": [
            900,
            700
          ],
          "rotation_degrees": 0
        },
        "source_context_url": "https://www.davidrumsey.com/luna/servlet/iiif/RUMSEY~8~1~2641~290009/5531,762,900,700/900,700/0/default.jpg",
        "source_url": "https://www.davidrumsey.com/luna/servlet/iiif/m/RUMSEY~8~1~2641~290009/manifest",
        "credit": "David Rumsey Map Collection, David Rumsey Map Center, Stanford University Libraries",
        "imagery_licence_url": "https://creativecommons.org/licenses/by-nc-sa/3.0/",
        "publication_status": "research-preview-only",
        "previous_placements": [],
        "placement_review": {
          "annotation_id": "F16-PHM-023",
          "status": "outside-supported-coverage",
          "reviewed_at": "2026-09-13",
          "reviewer": "Codex coordinator",
          "scene": "mabou-services-2-20260913.jpg",
          "scene_sha256": "9afd7c8f363da99d4727378a20c36c4b32bf6b70b147cc29465c78697a9e96e6",
          "evidence": "The complete native source point, group or breakwater trace extends outside the current conservative control hull. Preserve its exact source geometry without public placement until local geographic support is established. Do not trim, extrapolate or move it to lettering."
        }
      }
    },
    {
      "type": "Feature",
      "id": "F16-PHM-024",
      "geometry": {
        "type": "Point",
        "coordinates": [
          -61.40100907817671,
          46.076829627888635
        ]
      },
      "properties": {
        "annotation_id": "F16-PHM-024",
        "sheet": 16,
        "name": "R.C. Ch.",
        "source_text": "R.C. Ch.",
        "kind": "church",
        "reading_status": "clear",
        "source_annotation": {
          "source_text": "R.C. Ch.",
          "kind": "church",
          "reading_status": "clear",
          "source_label_boxes_xywh": [
            [
              5845,
              1472,
              113,
              35
            ]
          ],
          "crop_ids": [
            "F16-R01C04"
          ],
          "raw_candidate_ids": [
            "F16-R01C04-06"
          ],
          "review_note": "Native whole-crop inspection; source-only lettering.",
          "id": "F16-PHM-024",
          "review_status": "source-reviewed",
          "geometry": null,
          "placement_status": "deferred",
          "crop_id": "F16-R01C04"
        },
        "source_review": {
          "annotation_id": "F16-PHM-024",
          "status": "supported-source-association",
          "source_anchor_xy": [
            5948,
            1486.5
          ],
          "candidate_symbol_regions_xywh": [],
          "source_context_xywh": [
            5451,
            1139,
            900,
            700
          ],
          "note": "Native 6x detail confirms the church cross immediately right of R.C.Ch. beside the road. Its cross centre supplies the source anchor, separate from the nearby compact marks and caption. No modern church identity or property claim is inferred.",
          "source_uncertainty_px": 8,
          "reviewer": "Codex coordinator, native sheet16 contexts, 6x mark detail and source overlays, 2026-09-13",
          "pixel_convention": "Original 10822 x 7531 scan, continuous pixel edges, x right/y down. Native contexts at 1x; selected detail crops at recorded 6x scales and origins. No rotation.",
          "review_batch": "mabou-services-2-20260913"
        },
        "source_sha256": "d9a4c9a7c6f4e7057e32b57dcb26f6425e9b52015d360498e98e8e2de9a27f94",
        "source_dimensions_px": [
          10822,
          7531
        ],
        "source_geometry_native": {
          "type": "Point",
          "coordinates": [
            5948,
            1486.5
          ]
        },
        "map_derived_geometry": {
          "type": "Point",
          "coordinates": [
            -61.40100907817671,
            46.076829627888635
          ]
        },
        "placement_status": "map-derived-approximate",
        "alignment_status": "draft-supported-area",
        "fit_revision": "249b2be0b378adec894abc34520f83b009dbf8fd",
        "fit_sha256": "21c8c1acfbab6cc484af1af4eb0a27e6869579cb1b88aaf58173fbf9757f307e",
        "fit_path": "reports/fletcher/mabou-full-sheet/north-audit-20260909/candidate36/fit.json",
        "geographic_role": "reviewed-source-mark",
        "geometry_meaning": "Approximate historical mark location; not a surveyed site, current condition, ownership or access.",
        "geographic_review_status": "approximate-placement-reviewed",
        "prior_locality_review": null,
        "source_crop": {
          "native_xywh": [
            5451,
            1139,
            900,
            700
          ],
          "display_size": [
            900,
            700
          ],
          "rotation_degrees": 0
        },
        "source_context_url": "https://www.davidrumsey.com/luna/servlet/iiif/RUMSEY~8~1~2641~290009/5451,1139,900,700/900,700/0/default.jpg",
        "source_url": "https://www.davidrumsey.com/luna/servlet/iiif/m/RUMSEY~8~1~2641~290009/manifest",
        "credit": "David Rumsey Map Collection, David Rumsey Map Center, Stanford University Libraries",
        "imagery_licence_url": "https://creativecommons.org/licenses/by-nc-sa/3.0/",
        "publication_status": "research-preview-only",
        "previous_placements": [],
        "placement_review": {
          "annotation_id": "F16-PHM-024",
          "status": "approximate-placement-reviewed",
          "reviewed_at": "2026-09-13",
          "reviewer": "Codex coordinator",
          "scene": "mabou-service-24-geography.jpg",
          "scene_sha256": "c9290fb7eb6d5eb47421951ec1a6797c4913dcd960d387895967b54799f3d27b",
          "evidence": "The church glyph remains in the northern Mabou roadside district west of the eastern drainage and northeast of the harbour bank. Modern road and stream relationships support approximate locality with the source-derived offset retained. No current church identity or property is matched."
        }
      }
    },
    {
      "type": "Feature",
      "id": "F16-PHM-042",
      "geometry": {
        "type": "Polygon",
        "coordinates": [
          [
            [
              -61.3480364248004,
              46.089730754289846
            ],
            [
              -61.34798320853694,
              46.089434955689164
            ],
            [
              -61.347939856825434,
              46.08914166702989
            ],
            [
              -61.347549455288025,
              46.089115284571115
            ],
            [
              -61.34716591627247,
              46.089090705056456
            ],
            [
              -61.34678841697949,
              46.08906769533412
            ],
            [
              -61.34683267259829,
              46.08936042583054
            ],
            [
              -61.346886499199805,
              46.08965559208732
            ],
            [
              -61.34726357807574,
              46.089679025963974
            ],
            [
              -61.34764645596197,
              46.08970395632562
            ],
            [
              -61.3480364248004,
              46.089730754289846
            ]
          ]
        ]
      },
      "properties": {
        "annotation_id": "F16-PHM-042",
        "sheet": 16,
        "name": "Weaving\nMills",
        "source_text": "Weaving\nMills",
        "kind": "mill",
        "reading_status": "clear",
        "source_annotation": {
          "source_text": "Weaving\nMills",
          "kind": "mill",
          "reading_status": "clear",
          "source_label_boxes_xywh": [
            [
              6950,
              1058,
              104,
              49
            ]
          ],
          "crop_ids": [
            "F16-R01C05"
          ],
          "raw_candidate_ids": [
            "F16-R01C05-01"
          ],
          "review_note": "Native whole-crop inspection; source-only lettering.",
          "id": "F16-PHM-042",
          "review_status": "source-reviewed",
          "geometry": null,
          "placement_status": "deferred",
          "crop_id": "F16-R01C05"
        },
        "source_review": {
          "annotation_id": "F16-PHM-042",
          "status": "unresolved",
          "source_anchor_xy": null,
          "candidate_symbol_regions_xywh": [
            [
              7060,
              1106,
              21,
              17
            ]
          ],
          "source_context_xywh": [
            6552,
            732,
            900,
            700
          ],
          "note": "Native 6x detail resolves two compact marks east of the road/river crossing below Weaving Mills, distinct from the thick river line, caption and nearby 25-degree note. Retain the pair as a bounded source group without inventing individual mill buildings or moving it to a fit control.",
          "source_uncertainty_px": null,
          "reviewer": "Codex coordinator, native sheet16 contexts, 6x mark detail and source overlays, 2026-09-13",
          "pixel_convention": "Original 10822 x 7531 scan, continuous pixel edges, x right/y down. Native contexts at 1x; selected detail crops at recorded 6x scales and origins. No rotation.",
          "review_batch": "mabou-services-2-20260913"
        },
        "source_sha256": "d9a4c9a7c6f4e7057e32b57dcb26f6425e9b52015d360498e98e8e2de9a27f94",
        "source_dimensions_px": [
          10822,
          7531
        ],
        "source_geometry_native": {
          "type": "Polygon",
          "coordinates": [
            [
              [
                7060.0,
                1106.0
              ],
              [
                7067.0,
                1106.0
              ],
              [
                7074.0,
                1106.0
              ],
              [
                7081.0,
                1106.0
              ],
              [
                7081.0,
                1114.5
              ],
              [
                7081.0,
                1123.0
              ],
              [
                7074.0,
                1123.0
              ],
              [
                7067.0,
                1123.0
              ],
              [
                7060.0,
                1123.0
              ],
              [
                7060.0,
                1114.5
              ],
              [
                7060.0,
                1106.0
              ]
            ]
          ]
        },
        "map_derived_geometry": {
          "type": "Polygon",
          "coordinates": [
            [
              [
                -61.3480364248004,
                46.089730754289846
              ],
              [
                -61.34798320853694,
                46.089434955689164
              ],
              [
                -61.347939856825434,
                46.08914166702989
              ],
              [
                -61.347549455288025,
                46.089115284571115
              ],
              [
                -61.34716591627247,
                46.089090705056456
              ],
              [
                -61.34678841697949,
                46.08906769533412
              ],
              [
                -61.34683267259829,
                46.08936042583054
              ],
              [
                -61.346886499199805,
                46.08965559208732
              ],
              [
                -61.34726357807574,
                46.089679025963974
              ],
              [
                -61.34764645596197,
                46.08970395632562
              ],
              [
                -61.3480364248004,
                46.089730754289846
              ]
            ]
          ]
        },
        "placement_status": "map-derived-approximate",
        "alignment_status": "draft-supported-area",
        "fit_revision": "249b2be0b378adec894abc34520f83b009dbf8fd",
        "fit_sha256": "21c8c1acfbab6cc484af1af4eb0a27e6869579cb1b88aaf58173fbf9757f307e",
        "fit_path": "reports/fletcher/mabou-full-sheet/north-audit-20260909/candidate36/fit.json",
        "geographic_role": "reviewed-source-group",
        "geometry_meaning": "Approximate source-symbol group; individual feature unresolved. Outline is not a property, footprint or error bound.",
        "geographic_review_status": "approximate-placement-reviewed",
        "prior_locality_review": null,
        "source_crop": {
          "native_xywh": [
            6552,
            732,
            900,
            700
          ],
          "display_size": [
            900,
            700
          ],
          "rotation_degrees": 0
        },
        "source_context_url": "https://www.davidrumsey.com/luna/servlet/iiif/RUMSEY~8~1~2641~290009/6552,732,900,700/900,700/0/default.jpg",
        "source_url": "https://www.davidrumsey.com/luna/servlet/iiif/m/RUMSEY~8~1~2641~290009/manifest",
        "credit": "David Rumsey Map Collection, David Rumsey Map Center, Stanford University Libraries",
        "imagery_licence_url": "https://creativecommons.org/licenses/by-nc-sa/3.0/",
        "publication_status": "research-preview-only",
        "previous_placements": [],
        "placement_review": {
          "annotation_id": "F16-PHM-042",
          "status": "approximate-placement-reviewed",
          "reviewed_at": "2026-09-13",
          "reviewer": "Codex coordinator",
          "scene": "mabou-service-42-geography.jpg",
          "scene_sha256": "e633d1f2bc88c8f86e874f9984d83c3eb1826265bbe243c19e05a8f60d81e3bd",
          "evidence": "The weaving-mill pair projects beside the road/stream junction in the Glendyer corridor. The northern main drainage, eastern tributary and adjoining roads support approximate locality under the recorded 36-control fit. The group remains source-derived and is not moved to a control or split into individual mill buildings."
        }
      }
    },
    {
      "type": "Feature",
      "id": "F16-PHM-044",
      "geometry": {
        "type": "Polygon",
        "coordinates": [
          [
            [
              -61.355251230090445,
              46.080046308476696
            ],
            [
              -61.35526944394136,
              46.07973419147901
            ],
            [
              -61.35528825289958,
              46.079422690434214
            ],
            [
              -61.35530750014887,
              46.0791117934284
            ],
            [
              -61.35532702467475,
              46.07880148977387
            ],
            [
              -61.355346659411445,
              46.07849177005846
            ],
            [
              -61.35536622881797,
              46.078182626236355
            ],
            [
              -61.35494659350176,
              46.07817108765548
            ],
            [
              -61.354526168776154,
              46.07815959590736
            ],
            [
              -61.35450394346967,
              46.0784677430077
            ],
            [
              -61.35448156506431,
              46.078776442352236
            ],
            [
              -61.354459209117195,
              46.0790857011339
            ],
            [
              -61.35443704192642,
              46.0793955279255
            ],
            [
              -61.354415223183686,
              46.0797059325735
            ],
            [
              -61.35439390797147,
              46.08001692614032
            ],
            [
              -61.354822738655116,
              46.08003162169906
            ],
            [
              -61.355251230090445,
              46.080046308476696
            ]
          ]
        ]
      },
      "properties": {
        "annotation_id": "F16-PHM-044",
        "sheet": 16,
        "name": "Cheese Factory",
        "source_text": "Cheese Factory",
        "kind": "factory",
        "reading_status": "clear",
        "source_annotation": {
          "source_text": "Cheese Factory",
          "kind": "factory",
          "reading_status": "clear",
          "source_label_boxes_xywh": [
            [
              6925,
              1383,
              245,
              35
            ]
          ],
          "crop_ids": [
            "F16-R01C05"
          ],
          "raw_candidate_ids": [
            "F16-R01C05-03"
          ],
          "review_note": "Native whole-crop inspection; source-only lettering.",
          "id": "F16-PHM-044",
          "review_status": "source-reviewed",
          "geometry": null,
          "placement_status": "deferred",
          "crop_id": "F16-R01C05"
        },
        "source_review": {
          "annotation_id": "F16-PHM-044",
          "status": "unresolved",
          "source_anchor_xy": null,
          "candidate_symbol_regions_xywh": [
            [
              6931,
              1407,
              16,
              57
            ]
          ],
          "source_context_xywh": [
            6597,
            1050,
            900,
            700
          ],
          "note": "The vertical cluster of compact marks immediately below the Cheese Factory caption and east of the river supplies this bounded source group. The nearby rectilinear pattern and isolated eastern mark remain separate. No individual factory building or current footprint is selected.",
          "source_uncertainty_px": null,
          "reviewer": "Codex coordinator, native Mabou/Glendyer/eastern service contexts, 6x detail and source overlays, 2026-09-13",
          "pixel_convention": "Original 10822 x 7531 scan, continuous pixel edges, x right/y down. Native contexts at 1x; selected detail crops at recorded 6x scales and origins. No rotation.",
          "review_batch": "mabou-services-3-20260913"
        },
        "source_sha256": "d9a4c9a7c6f4e7057e32b57dcb26f6425e9b52015d360498e98e8e2de9a27f94",
        "source_dimensions_px": [
          10822,
          7531
        ],
        "source_geometry_native": {
          "type": "Polygon",
          "coordinates": [
            [
              [
                6931.0,
                1407.0
              ],
              [
                6939.0,
                1407.0
              ],
              [
                6947.0,
                1407.0
              ],
              [
                6947.0,
                1416.5
              ],
              [
                6947.0,
                1426.0
              ],
              [
                6947.0,
                1435.5
              ],
              [
                6947.0,
                1445.0
              ],
              [
                6947.0,
                1454.5
              ],
              [
                6947.0,
                1464.0
              ],
              [
                6939.0,
                1464.0
              ],
              [
                6931.0,
                1464.0
              ],
              [
                6931.0,
                1454.5
              ],
              [
                6931.0,
                1445.0
              ],
              [
                6931.0,
                1435.5
              ],
              [
                6931.0,
                1426.0
              ],
              [
                6931.0,
                1416.5
              ],
              [
                6931.0,
                1407.0
              ]
            ]
          ]
        },
        "map_derived_geometry": {
          "type": "Polygon",
          "coordinates": [
            [
              [
                -61.355251230090445,
                46.080046308476696
              ],
              [
                -61.35526944394136,
                46.07973419147901
              ],
              [
                -61.35528825289958,
                46.079422690434214
              ],
              [
                -61.35530750014887,
                46.0791117934284
              ],
              [
                -61.35532702467475,
                46.07880148977387
              ],
              [
                -61.355346659411445,
                46.07849177005846
              ],
              [
                -61.35536622881797,
                46.078182626236355
              ],
              [
                -61.35494659350176,
                46.07817108765548
              ],
              [
                -61.354526168776154,
                46.07815959590736
              ],
              [
                -61.35450394346967,
                46.0784677430077
              ],
              [
                -61.35448156506431,
                46.078776442352236
              ],
              [
                -61.354459209117195,
                46.0790857011339
              ],
              [
                -61.35443704192642,
                46.0793955279255
              ],
              [
                -61.354415223183686,
                46.0797059325735
              ],
              [
                -61.35439390797147,
                46.08001692614032
              ],
              [
                -61.354822738655116,
                46.08003162169906
              ],
              [
                -61.355251230090445,
                46.080046308476696
              ]
            ]
          ]
        },
        "placement_status": "map-derived-approximate",
        "alignment_status": "draft-supported-area",
        "fit_revision": "249b2be0b378adec894abc34520f83b009dbf8fd",
        "fit_sha256": "21c8c1acfbab6cc484af1af4eb0a27e6869579cb1b88aaf58173fbf9757f307e",
        "fit_path": "reports/fletcher/mabou-full-sheet/north-audit-20260909/candidate36/fit.json",
        "geographic_role": "reviewed-source-group",
        "geometry_meaning": "Approximate source-symbol group; individual feature unresolved. Outline is not a property, footprint or error bound.",
        "geographic_review_status": "approximate-placement-reviewed",
        "prior_locality_review": null,
        "source_crop": {
          "native_xywh": [
            6597,
            1050,
            900,
            700
          ],
          "display_size": [
            900,
            700
          ],
          "rotation_degrees": 0
        },
        "source_context_url": "https://www.davidrumsey.com/luna/servlet/iiif/RUMSEY~8~1~2641~290009/6597,1050,900,700/900,700/0/default.jpg",
        "source_url": "https://www.davidrumsey.com/luna/servlet/iiif/m/RUMSEY~8~1~2641~290009/manifest",
        "credit": "David Rumsey Map Collection, David Rumsey Map Center, Stanford University Libraries",
        "imagery_licence_url": "https://creativecommons.org/licenses/by-nc-sa/3.0/",
        "publication_status": "research-preview-only",
        "previous_placements": [],
        "placement_review": {
          "annotation_id": "F16-PHM-044",
          "status": "approximate-placement-reviewed",
          "reviewed_at": "2026-09-13",
          "reviewer": "Codex coordinator",
          "scene": "mabou-service-44-geography.jpg",
          "scene_sha256": "3ae0e8b5c20b3742bebf130fef9c26e762f2ccc751245ba975b480e9e431e029",
          "evidence": "The cheese-factory group remains east of the north-south road/channel corridor above the southern junction. Modern tributary and road order support approximate locality; the source group straddles a small drainage approach and individual buildings remain unresolved."
        }
      }
    },
    {
      "type": "Feature",
      "id": "F16-PHM-045",
      "geometry": {
        "type": "Point",
        "coordinates": [
          -61.357891331793894,
          46.07497413807631
        ]
      },
      "properties": {
        "annotation_id": "F16-PHM-045",
        "sheet": 16,
        "name": "Church",
        "source_text": "Church",
        "kind": "church",
        "reading_status": "clear",
        "source_annotation": {
          "source_text": "Church",
          "kind": "church",
          "reading_status": "clear",
          "source_label_boxes_xywh": [
            [
              6813,
              1527,
              99,
              31
            ]
          ],
          "crop_ids": [
            "F16-R01C05"
          ],
          "raw_candidate_ids": [
            "F16-R01C05-04"
          ],
          "review_note": "Native whole-crop inspection; source-only lettering.",
          "id": "F16-PHM-045",
          "review_status": "source-reviewed",
          "geometry": null,
          "placement_status": "deferred",
          "crop_id": "F16-R01C05"
        },
        "source_review": {
          "annotation_id": "F16-PHM-045",
          "status": "supported-source-association",
          "source_anchor_xy": [
            6883.5,
            1565
          ],
          "candidate_symbol_regions_xywh": [],
          "source_context_xywh": [
            6412,
            1192,
            900,
            700
          ],
          "note": "Native 6x detail confirms the church cross below Church beside the road at the western side of the river bend. Its cross centre supplies the source anchor; nearby hatching, the river and the separate eastern church remain distinct.",
          "source_uncertainty_px": 8,
          "reviewer": "Codex coordinator, native Mabou/Glendyer/eastern service contexts, 6x detail and source overlays, 2026-09-13",
          "pixel_convention": "Original 10822 x 7531 scan, continuous pixel edges, x right/y down. Native contexts at 1x; selected detail crops at recorded 6x scales and origins. No rotation.",
          "review_batch": "mabou-services-3-20260913"
        },
        "source_sha256": "d9a4c9a7c6f4e7057e32b57dcb26f6425e9b52015d360498e98e8e2de9a27f94",
        "source_dimensions_px": [
          10822,
          7531
        ],
        "source_geometry_native": {
          "type": "Point",
          "coordinates": [
            6883.5,
            1565
          ]
        },
        "map_derived_geometry": {
          "type": "Point",
          "coordinates": [
            -61.357891331793894,
            46.07497413807631
          ]
        },
        "placement_status": "map-derived-approximate",
        "alignment_status": "draft-supported-area",
        "fit_revision": "249b2be0b378adec894abc34520f83b009dbf8fd",
        "fit_sha256": "21c8c1acfbab6cc484af1af4eb0a27e6869579cb1b88aaf58173fbf9757f307e",
        "fit_path": "reports/fletcher/mabou-full-sheet/north-audit-20260909/candidate36/fit.json",
        "geographic_role": "reviewed-source-mark",
        "geometry_meaning": "Approximate historical mark location; not a surveyed site, current condition, ownership or access.",
        "geographic_review_status": "approximate-placement-reviewed",
        "prior_locality_review": null,
        "source_crop": {
          "native_xywh": [
            6412,
            1192,
            900,
            700
          ],
          "display_size": [
            900,
            700
          ],
          "rotation_degrees": 0
        },
        "source_context_url": "https://www.davidrumsey.com/luna/servlet/iiif/RUMSEY~8~1~2641~290009/6412,1192,900,700/900,700/0/default.jpg",
        "source_url": "https://www.davidrumsey.com/luna/servlet/iiif/m/RUMSEY~8~1~2641~290009/manifest",
        "credit": "David Rumsey Map Collection, David Rumsey Map Center, Stanford University Libraries",
        "imagery_licence_url": "https://creativecommons.org/licenses/by-nc-sa/3.0/",
        "publication_status": "research-preview-only",
        "previous_placements": [],
        "placement_review": {
          "annotation_id": "F16-PHM-045",
          "status": "approximate-placement-reviewed",
          "reviewed_at": "2026-09-13",
          "reviewer": "Codex coordinator",
          "scene": "mabou-service-45-geography.jpg",
          "scene_sha256": "100bce71987a124222c1c50c9f4f8db4557993ab51e25eeb997920d8edf3a8df",
          "evidence": "The western church glyph remains north of the east-west road/lowland corridor and west of the northern main channel. The source road is displaced from its modern counterpart, but the broader road/drainage setting supports approximate historical locality. No current church is identified."
        }
      }
    },
    {
      "type": "Feature",
      "id": "F16-PHM-046",
      "geometry": {
        "type": "Polygon",
        "coordinates": [
          [
            [
              -61.35735499142344,
              46.07400547002641
            ],
            [
              -61.35734900283361,
              46.07368678936887
            ],
            [
              -61.35734208055814,
              46.07336859955733
            ],
            [
              -61.35733431906622,
              46.07305088111309
            ],
            [
              -61.35732579758743,
              46.07273361592355
            ],
            [
              -61.35683032029152,
              46.07272782056657
            ],
            [
              -61.356333589098384,
              46.07272206940877
            ],
            [
              -61.35583560763112,
              46.0727163856213
            ],
            [
              -61.35533640104597,
              46.07271079109889
            ],
            [
              -61.354836019023715,
              46.072705306191125
            ],
            [
              -61.354839362871026,
              46.073020460087605
            ],
            [
              -61.35484185726557,
              46.0733360096843
            ],
            [
              -61.354843429745536,
              46.07365197131984
            ],
            [
              -61.354843994606725,
              46.0739683625311
            ],
            [
              -61.355349357879405,
              46.07397558642569
            ],
            [
              -61.355853151248304,
              46.07398293591654
            ],
            [
              -61.356355334401144,
              46.073990385962304
            ],
            [
              -61.35685592704932,
              46.07399790777411
            ],
            [
              -61.35735499142344,
              46.07400547002641
            ]
          ]
        ]
      },
      "properties": {
        "annotation_id": "F16-PHM-046",
        "sheet": 16,
        "name": "Tannery",
        "source_text": "Tannery",
        "kind": "tannery",
        "reading_status": "clear",
        "source_annotation": {
          "source_text": "Tannery",
          "kind": "tannery",
          "reading_status": "clear",
          "source_label_boxes_xywh": [
            [
              6940,
              1571,
              124,
              31
            ]
          ],
          "crop_ids": [
            "F16-R01C05"
          ],
          "raw_candidate_ids": [
            "F16-R01C05-05"
          ],
          "review_note": "Native whole-crop inspection; source-only lettering.",
          "id": "F16-PHM-046",
          "review_status": "source-reviewed",
          "geometry": null,
          "placement_status": "deferred",
          "crop_id": "F16-R01C05"
        },
        "source_review": {
          "annotation_id": "F16-PHM-046",
          "status": "unresolved",
          "source_anchor_xy": null,
          "candidate_symbol_regions_xywh": [
            [
              6894,
              1595,
              50,
              40
            ]
          ],
          "source_context_xywh": [
            6552,
            1236,
            900,
            700
          ],
          "note": "The compact cluster at the road/river bend beside Tannery and Shop supplies a shared bounded source group for both captions. The source does not distinguish their individual buildings. The nearby church cross and surrounding hatching remain separate.",
          "source_uncertainty_px": null,
          "reviewer": "Codex coordinator, native Mabou/Glendyer/eastern service contexts, 6x detail and source overlays, 2026-09-13",
          "pixel_convention": "Original 10822 x 7531 scan, continuous pixel edges, x right/y down. Native contexts at 1x; selected detail crops at recorded 6x scales and origins. No rotation.",
          "review_batch": "mabou-services-3-20260913"
        },
        "source_sha256": "d9a4c9a7c6f4e7057e32b57dcb26f6425e9b52015d360498e98e8e2de9a27f94",
        "source_dimensions_px": [
          10822,
          7531
        ],
        "source_geometry_native": {
          "type": "Polygon",
          "coordinates": [
            [
              [
                6894.0,
                1595.0
              ],
              [
                6904.0,
                1595.0
              ],
              [
                6914.0,
                1595.0
              ],
              [
                6924.0,
                1595.0
              ],
              [
                6934.0,
                1595.0
              ],
              [
                6944.0,
                1595.0
              ],
              [
                6944.0,
                1605.0
              ],
              [
                6944.0,
                1615.0
              ],
              [
                6944.0,
                1625.0
              ],
              [
                6944.0,
                1635.0
              ],
              [
                6934.0,
                1635.0
              ],
              [
                6924.0,
                1635.0
              ],
              [
                6914.0,
                1635.0
              ],
              [
                6904.0,
                1635.0
              ],
              [
                6894.0,
                1635.0
              ],
              [
                6894.0,
                1625.0
              ],
              [
                6894.0,
                1615.0
              ],
              [
                6894.0,
                1605.0
              ],
              [
                6894.0,
                1595.0
              ]
            ]
          ]
        },
        "map_derived_geometry": {
          "type": "Polygon",
          "coordinates": [
            [
              [
                -61.35735499142344,
                46.07400547002641
              ],
              [
                -61.35734900283361,
                46.07368678936887
              ],
              [
                -61.35734208055814,
                46.07336859955733
              ],
              [
                -61.35733431906622,
                46.07305088111309
              ],
              [
                -61.35732579758743,
                46.07273361592355
              ],
              [
                -61.35683032029152,
                46.07272782056657
              ],
              [
                -61.356333589098384,
                46.07272206940877
              ],
              [
                -61.35583560763112,
                46.0727163856213
              ],
              [
                -61.35533640104597,
                46.07271079109889
              ],
              [
                -61.354836019023715,
                46.072705306191125
              ],
              [
                -61.354839362871026,
                46.073020460087605
              ],
              [
                -61.35484185726557,
                46.0733360096843
              ],
              [
                -61.354843429745536,
                46.07365197131984
              ],
              [
                -61.354843994606725,
                46.0739683625311
              ],
              [
                -61.355349357879405,
                46.07397558642569
              ],
              [
                -61.355853151248304,
                46.07398293591654
              ],
              [
                -61.356355334401144,
                46.073990385962304
              ],
              [
                -61.35685592704932,
                46.07399790777411
              ],
              [
                -61.35735499142344,
                46.07400547002641
              ]
            ]
          ]
        },
        "placement_status": "map-derived-approximate",
        "alignment_status": "draft-supported-area",
        "fit_revision": "249b2be0b378adec894abc34520f83b009dbf8fd",
        "fit_sha256": "21c8c1acfbab6cc484af1af4eb0a27e6869579cb1b88aaf58173fbf9757f307e",
        "fit_path": "reports/fletcher/mabou-full-sheet/north-audit-20260909/candidate36/fit.json",
        "geographic_role": "reviewed-source-group",
        "geometry_meaning": "Approximate source-symbol group; individual feature unresolved. Outline is not a property, footprint or error bound.",
        "geographic_review_status": "approximate-placement-reviewed",
        "prior_locality_review": null,
        "source_crop": {
          "native_xywh": [
            6552,
            1236,
            900,
            700
          ],
          "display_size": [
            900,
            700
          ],
          "rotation_degrees": 0
        },
        "source_context_url": "https://www.davidrumsey.com/luna/servlet/iiif/RUMSEY~8~1~2641~290009/6552,1236,900,700/900,700/0/default.jpg",
        "source_url": "https://www.davidrumsey.com/luna/servlet/iiif/m/RUMSEY~8~1~2641~290009/manifest",
        "credit": "David Rumsey Map Collection, David Rumsey Map Center, Stanford University Libraries",
        "imagery_licence_url": "https://creativecommons.org/licenses/by-nc-sa/3.0/",
        "publication_status": "research-preview-only",
        "previous_placements": [],
        "placement_review": {
          "annotation_id": "F16-PHM-046",
          "status": "approximate-placement-reviewed",
          "reviewed_at": "2026-09-13",
          "reviewer": "Codex coordinator",
          "scene": "mabou-service-46-geography.jpg",
          "scene_sha256": "d707f3d5cc2b6a2167b9373376722e031ffef35e41c6ffc4e13ef984a45ea1c3",
          "evidence": "The shared tannery/shop group remains at the southern end of the northern drainage corridor beside the east-west road. Its overlap with frozen NSTDB polygon 4216 is a Swamp Area polygon (WASW40), not proof of open water or a present site condition. Modern road and channel layout differ locally; the broad junction context supports an approximate group without identifying individual buildings."
        }
      }
    },
    {
      "type": "Feature",
      "id": "F16-PHM-047",
      "geometry": {
        "type": "Polygon",
        "coordinates": [
          [
            [
              -61.35735499142344,
              46.07400547002641
            ],
            [
              -61.35734900283361,
              46.07368678936887
            ],
            [
              -61.35734208055814,
              46.07336859955733
            ],
            [
              -61.35733431906622,
              46.07305088111309
            ],
            [
              -61.35732579758743,
              46.07273361592355
            ],
            [
              -61.35683032029152,
              46.07272782056657
            ],
            [
              -61.356333589098384,
              46.07272206940877
            ],
            [
              -61.35583560763112,
              46.0727163856213
            ],
            [
              -61.35533640104597,
              46.07271079109889
            ],
            [
              -61.354836019023715,
              46.072705306191125
            ],
            [
              -61.354839362871026,
              46.073020460087605
            ],
            [
              -61.35484185726557,
              46.0733360096843
            ],
            [
              -61.354843429745536,
              46.07365197131984
            ],
            [
              -61.354843994606725,
              46.0739683625311
            ],
            [
              -61.355349357879405,
              46.07397558642569
            ],
            [
              -61.355853151248304,
              46.07398293591654
            ],
            [
              -61.356355334401144,
              46.073990385962304
            ],
            [
              -61.35685592704932,
              46.07399790777411
            ],
            [
              -61.35735499142344,
              46.07400547002641
            ]
          ]
        ]
      },
      "properties": {
        "annotation_id": "F16-PHM-047",
        "sheet": 16,
        "name": "Shop",
        "source_text": "Shop",
        "kind": "shop",
        "reading_status": "clear",
        "source_annotation": {
          "source_text": "Shop",
          "kind": "shop",
          "reading_status": "clear",
          "source_label_boxes_xywh": [
            [
              6941,
              1602,
              66,
              31
            ]
          ],
          "crop_ids": [
            "F16-R01C05"
          ],
          "raw_candidate_ids": [
            "F16-R01C05-05"
          ],
          "review_note": "Native whole-crop inspection; source-only lettering.",
          "id": "F16-PHM-047",
          "review_status": "source-reviewed",
          "geometry": null,
          "placement_status": "deferred",
          "crop_id": "F16-R01C05"
        },
        "source_review": {
          "annotation_id": "F16-PHM-047",
          "status": "unresolved",
          "source_anchor_xy": null,
          "candidate_symbol_regions_xywh": [
            [
              6894,
              1595,
              50,
              40
            ]
          ],
          "source_context_xywh": [
            6524,
            1267,
            900,
            700
          ],
          "note": "The compact cluster beside Shop and Tannery is shared with annotation46 as one bounded source group. Individual shop and tannery buildings cannot be distinguished from the caption arrangement; do not invent separate point sites or current property identities.",
          "source_uncertainty_px": null,
          "reviewer": "Codex coordinator, native Mabou/Glendyer/eastern service contexts, 6x detail and source overlays, 2026-09-13",
          "pixel_convention": "Original 10822 x 7531 scan, continuous pixel edges, x right/y down. Native contexts at 1x; selected detail crops at recorded 6x scales and origins. No rotation.",
          "review_batch": "mabou-services-3-20260913"
        },
        "source_sha256": "d9a4c9a7c6f4e7057e32b57dcb26f6425e9b52015d360498e98e8e2de9a27f94",
        "source_dimensions_px": [
          10822,
          7531
        ],
        "source_geometry_native": {
          "type": "Polygon",
          "coordinates": [
            [
              [
                6894.0,
                1595.0
              ],
              [
                6904.0,
                1595.0
              ],
              [
                6914.0,
                1595.0
              ],
              [
                6924.0,
                1595.0
              ],
              [
                6934.0,
                1595.0
              ],
              [
                6944.0,
                1595.0
              ],
              [
                6944.0,
                1605.0
              ],
              [
                6944.0,
                1615.0
              ],
              [
                6944.0,
                1625.0
              ],
              [
                6944.0,
                1635.0
              ],
              [
                6934.0,
                1635.0
              ],
              [
                6924.0,
                1635.0
              ],
              [
                6914.0,
                1635.0
              ],
              [
                6904.0,
                1635.0
              ],
              [
                6894.0,
                1635.0
              ],
              [
                6894.0,
                1625.0
              ],
              [
                6894.0,
                1615.0
              ],
              [
                6894.0,
                1605.0
              ],
              [
                6894.0,
                1595.0
              ]
            ]
          ]
        },
        "map_derived_geometry": {
          "type": "Polygon",
          "coordinates": [
            [
              [
                -61.35735499142344,
                46.07400547002641
              ],
              [
                -61.35734900283361,
                46.07368678936887
              ],
              [
                -61.35734208055814,
                46.07336859955733
              ],
              [
                -61.35733431906622,
                46.07305088111309
              ],
              [
                -61.35732579758743,
                46.07273361592355
              ],
              [
                -61.35683032029152,
                46.07272782056657
              ],
              [
                -61.356333589098384,
                46.07272206940877
              ],
              [
                -61.35583560763112,
                46.0727163856213
              ],
              [
                -61.35533640104597,
                46.07271079109889
              ],
              [
                -61.354836019023715,
                46.072705306191125
              ],
              [
                -61.354839362871026,
                46.073020460087605
              ],
              [
                -61.35484185726557,
                46.0733360096843
              ],
              [
                -61.354843429745536,
                46.07365197131984
              ],
              [
                -61.354843994606725,
                46.0739683625311
              ],
              [
                -61.355349357879405,
                46.07397558642569
              ],
              [
                -61.355853151248304,
                46.07398293591654
              ],
              [
                -61.356355334401144,
                46.073990385962304
              ],
              [
                -61.35685592704932,
                46.07399790777411
              ],
              [
                -61.35735499142344,
                46.07400547002641
              ]
            ]
          ]
        },
        "placement_status": "map-derived-approximate",
        "alignment_status": "draft-supported-area",
        "fit_revision": "249b2be0b378adec894abc34520f83b009dbf8fd",
        "fit_sha256": "21c8c1acfbab6cc484af1af4eb0a27e6869579cb1b88aaf58173fbf9757f307e",
        "fit_path": "reports/fletcher/mabou-full-sheet/north-audit-20260909/candidate36/fit.json",
        "geographic_role": "reviewed-source-group",
        "geometry_meaning": "Approximate source-symbol group; individual feature unresolved. Outline is not a property, footprint or error bound.",
        "geographic_review_status": "approximate-placement-reviewed",
        "prior_locality_review": null,
        "source_crop": {
          "native_xywh": [
            6524,
            1267,
            900,
            700
          ],
          "display_size": [
            900,
            700
          ],
          "rotation_degrees": 0
        },
        "source_context_url": "https://www.davidrumsey.com/luna/servlet/iiif/RUMSEY~8~1~2641~290009/6524,1267,900,700/900,700/0/default.jpg",
        "source_url": "https://www.davidrumsey.com/luna/servlet/iiif/m/RUMSEY~8~1~2641~290009/manifest",
        "credit": "David Rumsey Map Collection, David Rumsey Map Center, Stanford University Libraries",
        "imagery_licence_url": "https://creativecommons.org/licenses/by-nc-sa/3.0/",
        "publication_status": "research-preview-only",
        "previous_placements": [],
        "placement_review": {
          "annotation_id": "F16-PHM-047",
          "status": "approximate-placement-reviewed",
          "reviewed_at": "2026-09-13",
          "reviewer": "Codex coordinator",
          "scene": "mabou-service-47-geography.jpg",
          "scene_sha256": "555dc66cf7457d80974c86d49acdad216b5df13b31040d9ef38044222cfba5a8",
          "evidence": "This shop shares the tannery source group and its approximate southern drainage/road-junction locality. Polygon 4216 is a Swamp Area polygon (WASW40); overlap does not establish open water or the historical site’s condition. The individual shop and tannery remain unresolved and the complete group is retained."
        }
      }
    },
    {
      "type": "Feature",
      "id": "F16-PHM-048",
      "geometry": {
        "type": "Point",
        "coordinates": [
          -61.34855591943443,
          46.0710426942395
        ]
      },
      "properties": {
        "annotation_id": "F16-PHM-048",
        "sheet": 16,
        "name": "Church",
        "source_text": "Church",
        "kind": "church",
        "reading_status": "clear",
        "source_annotation": {
          "source_text": "Church",
          "kind": "church",
          "reading_status": "clear",
          "source_label_boxes_xywh": [
            [
              7008,
              1652,
              112,
              34
            ]
          ],
          "crop_ids": [
            "F16-R01C05"
          ],
          "raw_candidate_ids": [
            "F16-R01C05-06"
          ],
          "review_note": "Native whole-crop inspection; source-only lettering.",
          "id": "F16-PHM-048",
          "review_status": "source-reviewed",
          "geometry": null,
          "placement_status": "deferred",
          "crop_id": "F16-R01C05"
        },
        "source_review": {
          "annotation_id": "F16-PHM-048",
          "status": "supported-source-association",
          "source_anchor_xy": [
            7069.5,
            1687
          ],
          "candidate_symbol_regions_xywh": [],
          "source_context_xywh": [
            6614,
            1319,
            900,
            700
          ],
          "note": "Native 6x detail confirms the church cross immediately below Church at the eastern roadside bend. Its actual cross centre supplies the source anchor, separate from the nearby school/roadside marks and the western church.",
          "source_uncertainty_px": 8,
          "reviewer": "Codex coordinator, native Mabou/Glendyer/eastern service contexts, 6x detail and source overlays, 2026-09-13",
          "pixel_convention": "Original 10822 x 7531 scan, continuous pixel edges, x right/y down. Native contexts at 1x; selected detail crops at recorded 6x scales and origins. No rotation.",
          "review_batch": "mabou-services-3-20260913"
        },
        "source_sha256": "d9a4c9a7c6f4e7057e32b57dcb26f6425e9b52015d360498e98e8e2de9a27f94",
        "source_dimensions_px": [
          10822,
          7531
        ],
        "source_geometry_native": {
          "type": "Point",
          "coordinates": [
            7069.5,
            1687
          ]
        },
        "map_derived_geometry": {
          "type": "Point",
          "coordinates": [
            -61.34855591943443,
            46.0710426942395
          ]
        },
        "placement_status": "map-derived-approximate",
        "alignment_status": "draft-supported-area",
        "fit_revision": "249b2be0b378adec894abc34520f83b009dbf8fd",
        "fit_sha256": "21c8c1acfbab6cc484af1af4eb0a27e6869579cb1b88aaf58173fbf9757f307e",
        "fit_path": "reports/fletcher/mabou-full-sheet/north-audit-20260909/candidate36/fit.json",
        "geographic_role": "reviewed-source-mark",
        "geometry_meaning": "Approximate historical mark location; not a surveyed site, current condition, ownership or access.",
        "geographic_review_status": "approximate-placement-reviewed",
        "prior_locality_review": null,
        "source_crop": {
          "native_xywh": [
            6614,
            1319,
            900,
            700
          ],
          "display_size": [
            900,
            700
          ],
          "rotation_degrees": 0
        },
        "source_context_url": "https://www.davidrumsey.com/luna/servlet/iiif/RUMSEY~8~1~2641~290009/6614,1319,900,700/900,700/0/default.jpg",
        "source_url": "https://www.davidrumsey.com/luna/servlet/iiif/m/RUMSEY~8~1~2641~290009/manifest",
        "credit": "David Rumsey Map Collection, David Rumsey Map Center, Stanford University Libraries",
        "imagery_licence_url": "https://creativecommons.org/licenses/by-nc-sa/3.0/",
        "publication_status": "research-preview-only",
        "previous_placements": [],
        "placement_review": {
          "annotation_id": "F16-PHM-048",
          "status": "approximate-placement-reviewed",
          "reviewed_at": "2026-09-13",
          "reviewer": "Codex coordinator",
          "scene": "mabou-service-48-geography.jpg",
          "scene_sha256": "cc8ac85331b9d5fa0a368721a0b38b3fdeada1d4378799bfad9bc38aa0f651a5",
          "evidence": "The eastern church glyph remains at the road bend north of the main lowland river corridor. Modern roads and tributaries support the same broad locality with a small south/west offset retained. It is not matched to a present church or parcel."
        }
      }
    },
    {
      "type": "Feature",
      "id": "F16-PHM-049",
      "geometry": {
        "type": "Polygon",
        "coordinates": [
          [
            [
              -61.3464795339356,
              46.06971937462549
            ],
            [
              -61.34648531105851,
              46.06944313558513
            ],
            [
              -61.346490373008905,
              46.069166995480636
            ],
            [
              -61.34649474239925,
              46.06889094890943
            ],
            [
              -61.34649844119008,
              46.0686149906406
            ],
            [
              -61.346501490690905,
              46.0683391156119
            ],
            [
              -61.34650391156877,
              46.06806331892598
            ],
            [
              -61.34605043570286,
              46.06806581483271
            ],
            [
              -61.345597277439005,
              46.068068512041805
            ],
            [
              -61.34514447295221,
              46.06807141354136
            ],
            [
              -61.344692056592756,
              46.068074522022
            ],
            [
              -61.344240060805575,
              46.06807783987596
            ],
            [
              -61.343788516066276,
              46.068081369198005
            ],
            [
              -61.34333745083293,
              46.06808511178507
            ],
            [
              -61.343331286325395,
              46.06835970101263
            ],
            [
              -61.34332443478049,
              46.068634333355895
            ],
            [
              -61.343316877824336,
              46.068909013236954
            ],
            [
              -61.343308597007535,
              46.069183745232394
            ],
            [
              -61.343299573856854,
              46.06945853407473
            ],
            [
              -61.343289789936954,
              46.06973338465381
            ],
            [
              -61.34374366228851,
              46.06973068049373
            ],
            [
              -61.344198194988394,
              46.06972821451707
            ],
            [
              -61.3446533557473,
              46.06972598470362
            ],
            [
              -61.34510910942626,
              46.06972398868818
            ],
            [
              -61.345565418035,
              46.06972222376152
            ],
            [
              -61.34602224074681,
              46.06972068687164
            ],
            [
              -61.3464795339356,
              46.06971937462549
            ]
          ]
        ]
      },
      "properties": {
        "annotation_id": "F16-PHM-049",
        "sheet": 16,
        "name": "School",
        "source_text": "School",
        "kind": "school",
        "reading_status": "clear",
        "source_annotation": {
          "source_text": "School",
          "kind": "school",
          "reading_status": "clear",
          "source_label_boxes_xywh": [
            [
              7105,
              1703,
              85,
              32
            ]
          ],
          "crop_ids": [
            "F16-R01C05"
          ],
          "raw_candidate_ids": [
            "F16-R01C05-07"
          ],
          "review_note": "Native whole-crop inspection; source-only lettering.",
          "id": "F16-PHM-049",
          "review_status": "source-reviewed",
          "geometry": null,
          "placement_status": "deferred",
          "crop_id": "F16-R01C05"
        },
        "source_review": {
          "annotation_id": "F16-PHM-049",
          "status": "unresolved",
          "source_anchor_xy": null,
          "candidate_symbol_regions_xywh": [
            [
              7112,
              1730,
              65,
              54
            ]
          ],
          "source_context_xywh": [
            6697,
            1369,
            900,
            700
          ],
          "note": "The compact cluster immediately below School on the northeast side of the road supplies this bounded source group. The nearby church cross and the three marks farther north/west remain separate. No individual school building is selected.",
          "source_uncertainty_px": null,
          "reviewer": "Codex coordinator, native Mabou/Glendyer/eastern service contexts, 6x detail and source overlays, 2026-09-13",
          "pixel_convention": "Original 10822 x 7531 scan, continuous pixel edges, x right/y down. Native contexts at 1x; selected detail crops at recorded 6x scales and origins. No rotation.",
          "review_batch": "mabou-services-3-20260913"
        },
        "source_sha256": "d9a4c9a7c6f4e7057e32b57dcb26f6425e9b52015d360498e98e8e2de9a27f94",
        "source_dimensions_px": [
          10822,
          7531
        ],
        "source_geometry_native": {
          "type": "Polygon",
          "coordinates": [
            [
              [
                7112.0,
                1730.0
              ],
              [
                7121.285714285715,
                1730.0
              ],
              [
                7130.571428571428,
                1730.0
              ],
              [
                7139.857142857143,
                1730.0
              ],
              [
                7149.142857142857,
                1730.0
              ],
              [
                7158.428571428572,
                1730.0
              ],
              [
                7167.714285714285,
                1730.0
              ],
              [
                7177.0,
                1730.0
              ],
              [
                7177.0,
                1739.0
              ],
              [
                7177.0,
                1748.0
              ],
              [
                7177.0,
                1757.0
              ],
              [
                7177.0,
                1766.0
              ],
              [
                7177.0,
                1775.0
              ],
              [
                7177.0,
                1784.0
              ],
              [
                7167.714285714285,
                1784.0
              ],
              [
                7158.428571428572,
                1784.0
              ],
              [
                7149.142857142857,
                1784.0
              ],
              [
                7139.857142857143,
                1784.0
              ],
              [
                7130.571428571428,
                1784.0
              ],
              [
                7121.285714285715,
                1784.0
              ],
              [
                7112.0,
                1784.0
              ],
              [
                7112.0,
                1775.0
              ],
              [
                7112.0,
                1766.0
              ],
              [
                7112.0,
                1757.0
              ],
              [
                7112.0,
                1748.0
              ],
              [
                7112.0,
                1739.0
              ],
              [
                7112.0,
                1730.0
              ]
            ]
          ]
        },
        "map_derived_geometry": {
          "type": "Polygon",
          "coordinates": [
            [
              [
                -61.3464795339356,
                46.06971937462549
              ],
              [
                -61.34648531105851,
                46.06944313558513
              ],
              [
                -61.346490373008905,
                46.069166995480636
              ],
              [
                -61.34649474239925,
                46.06889094890943
              ],
              [
                -61.34649844119008,
                46.0686149906406
              ],
              [
                -61.346501490690905,
                46.0683391156119
              ],
              [
                -61.34650391156877,
                46.06806331892598
              ],
              [
                -61.34605043570286,
                46.06806581483271
              ],
              [
                -61.345597277439005,
                46.068068512041805
              ],
              [
                -61.34514447295221,
                46.06807141354136
              ],
              [
                -61.344692056592756,
                46.068074522022
              ],
              [
                -61.344240060805575,
                46.06807783987596
              ],
              [
                -61.343788516066276,
                46.068081369198005
              ],
              [
                -61.34333745083293,
                46.06808511178507
              ],
              [
                -61.343331286325395,
                46.06835970101263
              ],
              [
                -61.34332443478049,
                46.068634333355895
              ],
              [
                -61.343316877824336,
                46.068909013236954
              ],
              [
                -61.343308597007535,
                46.069183745232394
              ],
              [
                -61.343299573856854,
                46.06945853407473
              ],
              [
                -61.343289789936954,
                46.06973338465381
              ],
              [
                -61.34374366228851,
                46.06973068049373
              ],
              [
                -61.344198194988394,
                46.06972821451707
              ],
              [
                -61.3446533557473,
                46.06972598470362
              ],
              [
                -61.34510910942626,
                46.06972398868818
              ],
              [
                -61.345565418035,
                46.06972222376152
              ],
              [
                -61.34602224074681,
                46.06972068687164
              ],
              [
                -61.3464795339356,
                46.06971937462549
              ]
            ]
          ]
        },
        "placement_status": "map-derived-approximate",
        "alignment_status": "draft-supported-area",
        "fit_revision": "249b2be0b378adec894abc34520f83b009dbf8fd",
        "fit_sha256": "21c8c1acfbab6cc484af1af4eb0a27e6869579cb1b88aaf58173fbf9757f307e",
        "fit_path": "reports/fletcher/mabou-full-sheet/north-audit-20260909/candidate36/fit.json",
        "geographic_role": "reviewed-source-group",
        "geometry_meaning": "Approximate source-symbol group; individual feature unresolved. Outline is not a property, footprint or error bound.",
        "geographic_review_status": "approximate-placement-reviewed",
        "prior_locality_review": null,
        "source_crop": {
          "native_xywh": [
            6697,
            1369,
            900,
            700
          ],
          "display_size": [
            900,
            700
          ],
          "rotation_degrees": 0
        },
        "source_context_url": "https://www.davidrumsey.com/luna/servlet/iiif/RUMSEY~8~1~2641~290009/6697,1369,900,700/900,700/0/default.jpg",
        "source_url": "https://www.davidrumsey.com/luna/servlet/iiif/m/RUMSEY~8~1~2641~290009/manifest",
        "credit": "David Rumsey Map Collection, David Rumsey Map Center, Stanford University Libraries",
        "imagery_licence_url": "https://creativecommons.org/licenses/by-nc-sa/3.0/",
        "publication_status": "research-preview-only",
        "previous_placements": [],
        "placement_review": {
          "annotation_id": "F16-PHM-049",
          "status": "approximate-placement-reviewed",
          "reviewed_at": "2026-09-13",
          "reviewer": "Codex coordinator",
          "scene": "mabou-service-49-geography.jpg",
          "scene_sha256": "e475b87898f03082aa96f4207fc1a122890d216d8135239de3905abf69044fda",
          "evidence": "The school group remains in the road/tributary district southeast of the eastern church and north of the southern river crossing. The modern road crosses the group rather than passing beside all source marks. This supports approximate locality only; the source group is not split, shifted or interpreted as individual current buildings."
        }
      }
    },
    {
      "type": "Feature",
      "id": "F16-PHM-050",
      "geometry": {
        "type": "MultiPolygon",
        "coordinates": [
          [
            [
              [
                -61.39059880989709,
                46.07435425688475
              ],
              [
                -61.390571117888726,
                46.07408495889981
              ],
              [
                -61.3905436397969,
                46.07381589457327
              ],
              [
                -61.39051636984877,
                46.07354706197261
              ],
              [
                -61.39048930231362,
                46.07327845909937
              ],
              [
                -61.390462431511125,
                46.07301008389324
              ],
              [
                -61.39007869863842,
                46.07302197421924
              ],
              [
                -61.389694736741774,
                46.073033794617615
              ],
              [
                -61.389310531737095,
                46.073045536882304
              ],
              [
                -61.38892606962984,
                46.07305719287269
              ],
              [
                -61.3885413365198,
                46.07306875451625
              ],
              [
                -61.38815631860627,
                46.073080213811316
              ],
              [
                -61.38777100219246,
                46.07309156282978
              ],
              [
                -61.387798747983226,
                46.073361312490405
              ],
              [
                -61.38782669857587,
                46.07363131139571
              ],
              [
                -61.38785485978221,
                46.07390156130036
              ],
              [
                -61.387883237451724,
                46.07417206385619
              ],
              [
                -61.38791183746101,
                46.07444282060679
              ],
              [
                -61.38829660899396,
                46.07443049316408
              ],
              [
                -61.3886810495103,
                46.074418043250375
              ],
              [
                -61.389065173857404,
                46.074405479373354
              ],
              [
                -61.389448996981685,
                46.07439281011282
              ],
              [
                -61.38983253392508,
                46.074380044119586
              ],
              [
                -61.39021579982216,
                46.074367190114096
              ],
              [
                -61.39059880989709,
                46.07435425688475
              ]
            ]
          ],
          [
            [
              [
                -61.3823217246631,
                46.07600988462867
              ],
              [
                -61.38228895473401,
                46.07571530995148
              ],
              [
                -61.382256491153505,
                46.07542108670591
              ],
              [
                -61.38222432455596,
                46.07512721447511
              ],
              [
                -61.38219244560103,
                46.074833692556986
              ],
              [
                -61.38216084500309,
                46.07454051997618
              ],
              [
                -61.38181236171699,
                46.07454879535897
              ],
              [
                -61.381463437635745,
                46.07455687243916
              ],
              [
                -61.38111406421377,
                46.074564746451266
              ],
              [
                -61.380764233048076,
                46.07457241271551
              ],
              [
                -61.38079567384262,
                46.074866137048566
              ],
              [
                -61.380827391919894,
                46.075160225651
              ],
              [
                -61.38085939754572,
                46.07545467961232
              ],
              [
                -61.38089170110652,
                46.075749499731394
              ],
              [
                -61.38092431307775,
                46.07604468650277
              ],
              [
                -61.38127441921669,
                46.07603632200443
              ],
              [
                -61.38162401670983,
                46.076027729990884
              ],
              [
                -61.38197311525334,
                46.07601891574705
              ],
              [
                -61.3823217246631,
                46.07600988462867
              ]
            ]
          ]
        ]
      },
      "properties": {
        "annotation_id": "F16-PHM-050",
        "sheet": 16,
        "name": "Stage\nStables",
        "source_text": "Stage\nStables",
        "kind": "stage-stables",
        "reading_status": "clear",
        "source_annotation": {
          "source_text": "Stage\nStables",
          "kind": "stage-stables",
          "reading_status": "clear",
          "source_label_boxes_xywh": [
            [
              6240,
              1520,
              108,
              52
            ]
          ],
          "crop_ids": [
            "F16-R01C05"
          ],
          "raw_candidate_ids": [
            "F16-R01C05-08"
          ],
          "review_note": "Native whole-crop inspection; source-only lettering.",
          "id": "F16-PHM-050",
          "review_status": "source-reviewed",
          "geometry": null,
          "placement_status": "deferred",
          "crop_id": "F16-R01C05"
        },
        "source_review": {
          "annotation_id": "F16-PHM-050",
          "status": "unresolved",
          "source_anchor_xy": null,
          "candidate_symbol_regions_xywh": [
            [
              6180,
              1576,
              61,
              42
            ],
            [
              6370,
              1533,
              31,
              45
            ]
          ],
          "source_context_xywh": [
            5844,
            1196,
            900,
            700
          ],
          "note": "Two bounded clusters of compact roadside marks flank the Stage Stables caption. The exact stable building cannot be selected from those generic marks; retain both candidate groups. The more distant eastern mark and dense postal/school junction cluster remain separate, and no current stable or property is inferred.",
          "source_uncertainty_px": null,
          "reviewer": "Codex coordinator, native Mabou/Glendyer/eastern service contexts, 6x detail and source overlays, 2026-09-13",
          "pixel_convention": "Original 10822 x 7531 scan, continuous pixel edges, x right/y down. Native contexts at 1x; selected detail crops at recorded 6x scales and origins. No rotation.",
          "review_batch": "mabou-services-4-20260913"
        },
        "source_sha256": "d9a4c9a7c6f4e7057e32b57dcb26f6425e9b52015d360498e98e8e2de9a27f94",
        "source_dimensions_px": [
          10822,
          7531
        ],
        "source_geometry_native": {
          "type": "MultiPolygon",
          "coordinates": [
            [
              [
                [
                  6180.0,
                  1576.0
                ],
                [
                  6188.714285714285,
                  1576.0
                ],
                [
                  6197.428571428572,
                  1576.0
                ],
                [
                  6206.142857142857,
                  1576.0
                ],
                [
                  6214.857142857143,
                  1576.0
                ],
                [
                  6223.571428571428,
                  1576.0
                ],
                [
                  6232.285714285715,
                  1576.0
                ],
                [
                  6241.0,
                  1576.0
                ],
                [
                  6241.0,
                  1584.4
                ],
                [
                  6241.0,
                  1592.8
                ],
                [
                  6241.0,
                  1601.2
                ],
                [
                  6241.0,
                  1609.6
                ],
                [
                  6241.0,
                  1618.0
                ],
                [
                  6232.285714285715,
                  1618.0
                ],
                [
                  6223.571428571428,
                  1618.0
                ],
                [
                  6214.857142857143,
                  1618.0
                ],
                [
                  6206.142857142857,
                  1618.0
                ],
                [
                  6197.428571428572,
                  1618.0
                ],
                [
                  6188.714285714285,
                  1618.0
                ],
                [
                  6180.0,
                  1618.0
                ],
                [
                  6180.0,
                  1609.6
                ],
                [
                  6180.0,
                  1601.2
                ],
                [
                  6180.0,
                  1592.8
                ],
                [
                  6180.0,
                  1584.4
                ],
                [
                  6180.0,
                  1576.0
                ]
              ]
            ],
            [
              [
                [
                  6370.0,
                  1533.0
                ],
                [
                  6377.75,
                  1533.0
                ],
                [
                  6385.5,
                  1533.0
                ],
                [
                  6393.25,
                  1533.0
                ],
                [
                  6401.0,
                  1533.0
                ],
                [
                  6401.0,
                  1542.0
                ],
                [
                  6401.0,
                  1551.0
                ],
                [
                  6401.0,
                  1560.0
                ],
                [
                  6401.0,
                  1569.0
                ],
                [
                  6401.0,
                  1578.0
                ],
                [
                  6393.25,
                  1578.0
                ],
                [
                  6385.5,
                  1578.0
                ],
                [
                  6377.75,
                  1578.0
                ],
                [
                  6370.0,
                  1578.0
                ],
                [
                  6370.0,
                  1569.0
                ],
                [
                  6370.0,
                  1560.0
                ],
                [
                  6370.0,
                  1551.0
                ],
                [
                  6370.0,
                  1542.0
                ],
                [
                  6370.0,
                  1533.0
                ]
              ]
            ]
          ]
        },
        "map_derived_geometry": {
          "type": "MultiPolygon",
          "coordinates": [
            [
              [
                [
                  -61.39059880989709,
                  46.07435425688475
                ],
                [
                  -61.390571117888726,
                  46.07408495889981
                ],
                [
                  -61.3905436397969,
                  46.07381589457327
                ],
                [
                  -61.39051636984877,
                  46.07354706197261
                ],
                [
                  -61.39048930231362,
                  46.07327845909937
                ],
                [
                  -61.390462431511125,
                  46.07301008389324
                ],
                [
                  -61.39007869863842,
                  46.07302197421924
                ],
                [
                  -61.389694736741774,
                  46.073033794617615
                ],
                [
                  -61.389310531737095,
                  46.073045536882304
                ],
                [
                  -61.38892606962984,
                  46.07305719287269
                ],
                [
                  -61.3885413365198,
                  46.07306875451625
                ],
                [
                  -61.38815631860627,
                  46.073080213811316
                ],
                [
                  -61.38777100219246,
                  46.07309156282978
                ],
                [
                  -61.387798747983226,
                  46.073361312490405
                ],
                [
                  -61.38782669857587,
                  46.07363131139571
                ],
                [
                  -61.38785485978221,
                  46.07390156130036
                ],
                [
                  -61.387883237451724,
                  46.07417206385619
                ],
                [
                  -61.38791183746101,
                  46.07444282060679
                ],
                [
                  -61.38829660899396,
                  46.07443049316408
                ],
                [
                  -61.3886810495103,
                  46.074418043250375
                ],
                [
                  -61.389065173857404,
                  46.074405479373354
                ],
                [
                  -61.389448996981685,
                  46.07439281011282
                ],
                [
                  -61.38983253392508,
                  46.074380044119586
                ],
                [
                  -61.39021579982216,
                  46.074367190114096
                ],
                [
                  -61.39059880989709,
                  46.07435425688475
                ]
              ]
            ],
            [
              [
                [
                  -61.3823217246631,
                  46.07600988462867
                ],
                [
                  -61.38228895473401,
                  46.07571530995148
                ],
                [
                  -61.382256491153505,
                  46.07542108670591
                ],
                [
                  -61.38222432455596,
                  46.07512721447511
                ],
                [
                  -61.38219244560103,
                  46.074833692556986
                ],
                [
                  -61.38216084500309,
                  46.07454051997618
                ],
                [
                  -61.38181236171699,
                  46.07454879535897
                ],
                [
                  -61.381463437635745,
                  46.07455687243916
                ],
                [
                  -61.38111406421377,
                  46.074564746451266
                ],
                [
                  -61.380764233048076,
                  46.07457241271551
                ],
                [
                  -61.38079567384262,
                  46.074866137048566
                ],
                [
                  -61.380827391919894,
                  46.075160225651
                ],
                [
                  -61.38085939754572,
                  46.07545467961232
                ],
                [
                  -61.38089170110652,
                  46.075749499731394
                ],
                [
                  -61.38092431307775,
                  46.07604468650277
                ],
                [
                  -61.38127441921669,
                  46.07603632200443
                ],
                [
                  -61.38162401670983,
                  46.076027729990884
                ],
                [
                  -61.38197311525334,
                  46.07601891574705
                ],
                [
                  -61.3823217246631,
                  46.07600988462867
                ]
              ]
            ]
          ]
        },
        "placement_status": "map-derived-approximate",
        "alignment_status": "draft-supported-area",
        "fit_revision": "249b2be0b378adec894abc34520f83b009dbf8fd",
        "fit_sha256": "21c8c1acfbab6cc484af1af4eb0a27e6869579cb1b88aaf58173fbf9757f307e",
        "fit_path": "reports/fletcher/mabou-full-sheet/north-audit-20260909/candidate36/fit.json",
        "geographic_role": "reviewed-source-group",
        "geometry_meaning": "Approximate source-symbol group; individual feature unresolved. Outline is not a property, footprint or error bound.",
        "geographic_review_status": "approximate-placement-reviewed",
        "prior_locality_review": null,
        "source_crop": {
          "native_xywh": [
            5844,
            1196,
            900,
            700
          ],
          "display_size": [
            900,
            700
          ],
          "rotation_degrees": 0
        },
        "source_context_url": "https://www.davidrumsey.com/luna/servlet/iiif/RUMSEY~8~1~2641~290009/5844,1196,900,700/900,700/0/default.jpg",
        "source_url": "https://www.davidrumsey.com/luna/servlet/iiif/m/RUMSEY~8~1~2641~290009/manifest",
        "credit": "David Rumsey Map Collection, David Rumsey Map Center, Stanford University Libraries",
        "imagery_licence_url": "https://creativecommons.org/licenses/by-nc-sa/3.0/",
        "publication_status": "research-preview-only",
        "previous_placements": [],
        "placement_review": {
          "annotation_id": "F16-PHM-050",
          "status": "approximate-placement-reviewed",
          "reviewed_at": "2026-09-13",
          "reviewer": "Codex coordinator",
          "scene": "mabou-service-50-geography.jpg",
          "scene_sha256": "672e8cf7a14e7a483a39f73e4e2b3afb1643bd8806eea0059c2f733d4f71d64a",
          "evidence": "Both stable candidate groups remain along the east-west Mabou road corridor north of the harbour, with the eastern group beside the same tributary-crossing district. The modern highway cuts through their southern edges. Their broad locality is supported while the exact stable building remains unresolved; neither group is a current property or facility claim."
        }
      }
    },
    {
      "type": "Feature",
      "id": "F16-PHM-052",
      "geometry": {
        "type": "Polygon",
        "coordinates": [
          [
            [
              -61.39431711193126,
              46.07323811590894
            ],
            [
              -61.39428741832859,
              46.07292503011596
            ],
            [
              -61.39425796583382,
              46.07261221348833
            ],
            [
              -61.394228745430034,
              46.07229966183464
            ],
            [
              -61.3941997483087,
              46.07198737097443
            ],
            [
              -61.3941709658727,
              46.07167533673888
            ],
            [
              -61.39414238973876,
              46.07136355497059
            ],
            [
              -61.39411401173911,
              46.071052021523855
            ],
            [
              -61.394085823922964,
              46.07074073226458
            ],
            [
              -61.393665603758215,
              46.07075224609011
            ],
            [
              -61.393245305514434,
              46.07076378211827
            ],
            [
              -61.392824912477636,
              46.07077533046629
            ],
            [
              -61.392404407945705,
              46.070786881268305
            ],
            [
              -61.39198377524144,
              46.07079842468383
            ],
            [
              -61.3915629977249,
              46.07080995090672
            ],
            [
              -61.39114205880569,
              46.07082145017316
            ],
            [
              -61.390720941954406,
              46.070832912769546
            ],
            [
              -61.39029963071415,
              46.07084432904005
            ],
            [
              -61.3898781087109,
              46.07085568939383
            ],
            [
              -61.389456359664116,
              46.07086698431221
            ],
            [
              -61.38948664112038,
              46.07118086389767
            ],
            [
              -61.389517139237874,
              46.07149504239073
            ],
            [
              -61.3895478623237,
              46.07180952371353
            ],
            [
              -61.38957881886091,
              46.072124311698545
            ],
            [
              -61.389610017498875,
              46.07243941008157
            ],
            [
              -61.389641467041926,
              46.07275482249455
            ],
            [
              -61.38967317643689,
              46.07307055245781
            ],
            [
              -61.38970515475906,
              46.073386603372
            ],
            [
              -61.39012554763138,
              46.07337336855183
            ],
            [
              -61.390545657991716,
              46.073360047188324
            ],
            [
              -61.390965504863615,
              46.07334665036431
            ],
            [
              -61.39138510738647,
              46.07333318924988
            ],
            [
              -61.39180448480921,
              46.07331967509874
            ],
            [
              -61.39222365648192,
              46.0733061192432
            ],
            [
              -61.392642641848695,
              46.073292533089614
            ],
            [
              -61.39306146043893,
              46.073278928113155
            ],
            [
              -61.39348013185835,
              46.07326531585228
            ],
            [
              -61.39389867577953,
              46.0732517079023
            ],
            [
              -61.39431711193126,
              46.07323811590894
            ]
          ]
        ]
      },
      "properties": {
        "annotation_id": "F16-PHM-052",
        "sheet": 16,
        "name": "T. & P.O.",
        "source_text": "T. & P.O.",
        "kind": "telegraph-and-post-office",
        "reading_status": "clear",
        "source_annotation": {
          "source_text": "T. & P.O.",
          "kind": "telegraph-and-post-office",
          "reading_status": "clear",
          "source_label_boxes_xywh": [
            [
              6071,
              1582,
              105,
              36
            ]
          ],
          "crop_ids": [
            "F16-R01C04",
            "F16-R01C05"
          ],
          "raw_candidate_ids": [
            "F16-R01C05-10"
          ],
          "review_note": "Native whole-crop inspection; source-only lettering.",
          "id": "F16-PHM-052",
          "review_status": "source-reviewed",
          "geometry": null,
          "placement_status": "deferred",
          "crop_id": "F16-R01C04"
        },
        "source_review": {
          "annotation_id": "F16-PHM-052",
          "status": "unresolved",
          "source_anchor_xy": null,
          "candidate_symbol_regions_xywh": [
            [
              6093,
              1607,
              105,
              79
            ]
          ],
          "source_context_xywh": [
            5673,
            1250,
            900,
            700
          ],
          "note": "The dense compact-mark cluster around the junction below T. & P.O. and beside School supplies a shared bounded source group. The original telegraph/postal wording remains attached, but individual telegraph, postal and school buildings cannot be distinguished. No current address, property or facility is identified.",
          "source_uncertainty_px": null,
          "reviewer": "Codex coordinator, native Mabou/Glendyer/eastern service contexts, 6x detail and source overlays, 2026-09-13",
          "pixel_convention": "Original 10822 x 7531 scan, continuous pixel edges, x right/y down. Native contexts at 1x; selected detail crops at recorded 6x scales and origins. No rotation.",
          "review_batch": "mabou-services-4-20260913"
        },
        "source_sha256": "d9a4c9a7c6f4e7057e32b57dcb26f6425e9b52015d360498e98e8e2de9a27f94",
        "source_dimensions_px": [
          10822,
          7531
        ],
        "source_geometry_native": {
          "type": "Polygon",
          "coordinates": [
            [
              [
                6093.0,
                1607.0
              ],
              [
                6102.545454545455,
                1607.0
              ],
              [
                6112.090909090909,
                1607.0
              ],
              [
                6121.636363636364,
                1607.0
              ],
              [
                6131.181818181818,
                1607.0
              ],
              [
                6140.727272727273,
                1607.0
              ],
              [
                6150.272727272727,
                1607.0
              ],
              [
                6159.818181818182,
                1607.0
              ],
              [
                6169.363636363636,
                1607.0
              ],
              [
                6178.909090909091,
                1607.0
              ],
              [
                6188.454545454545,
                1607.0
              ],
              [
                6198.0,
                1607.0
              ],
              [
                6198.0,
                1616.875
              ],
              [
                6198.0,
                1626.75
              ],
              [
                6198.0,
                1636.625
              ],
              [
                6198.0,
                1646.5
              ],
              [
                6198.0,
                1656.375
              ],
              [
                6198.0,
                1666.25
              ],
              [
                6198.0,
                1676.125
              ],
              [
                6198.0,
                1686.0
              ],
              [
                6188.454545454545,
                1686.0
              ],
              [
                6178.909090909091,
                1686.0
              ],
              [
                6169.363636363636,
                1686.0
              ],
              [
                6159.818181818182,
                1686.0
              ],
              [
                6150.272727272727,
                1686.0
              ],
              [
                6140.727272727273,
                1686.0
              ],
              [
                6131.181818181818,
                1686.0
              ],
              [
                6121.636363636364,
                1686.0
              ],
              [
                6112.090909090909,
                1686.0
              ],
              [
                6102.545454545455,
                1686.0
              ],
              [
                6093.0,
                1686.0
              ],
              [
                6093.0,
                1676.125
              ],
              [
                6093.0,
                1666.25
              ],
              [
                6093.0,
                1656.375
              ],
              [
                6093.0,
                1646.5
              ],
              [
                6093.0,
                1636.625
              ],
              [
                6093.0,
                1626.75
              ],
              [
                6093.0,
                1616.875
              ],
              [
                6093.0,
                1607.0
              ]
            ]
          ]
        },
        "map_derived_geometry": {
          "type": "Polygon",
          "coordinates": [
            [
              [
                -61.39431711193126,
                46.07323811590894
              ],
              [
                -61.39428741832859,
                46.07292503011596
              ],
              [
                -61.39425796583382,
                46.07261221348833
              ],
              [
                -61.394228745430034,
                46.07229966183464
              ],
              [
                -61.3941997483087,
                46.07198737097443
              ],
              [
                -61.3941709658727,
                46.07167533673888
              ],
              [
                -61.39414238973876,
                46.07136355497059
              ],
              [
                -61.39411401173911,
                46.071052021523855
              ],
              [
                -61.394085823922964,
                46.07074073226458
              ],
              [
                -61.393665603758215,
                46.07075224609011
              ],
              [
                -61.393245305514434,
                46.07076378211827
              ],
              [
                -61.392824912477636,
                46.07077533046629
              ],
              [
                -61.392404407945705,
                46.070786881268305
              ],
              [
                -61.39198377524144,
                46.07079842468383
              ],
              [
                -61.3915629977249,
                46.07080995090672
              ],
              [
                -61.39114205880569,
                46.07082145017316
              ],
              [
                -61.390720941954406,
                46.070832912769546
              ],
              [
                -61.39029963071415,
                46.07084432904005
              ],
              [
                -61.3898781087109,
                46.07085568939383
              ],
              [
                -61.389456359664116,
                46.07086698431221
              ],
              [
                -61.38948664112038,
                46.07118086389767
              ],
              [
                -61.389517139237874,
                46.07149504239073
              ],
              [
                -61.3895478623237,
                46.07180952371353
              ],
              [
                -61.38957881886091,
                46.072124311698545
              ],
              [
                -61.389610017498875,
                46.07243941008157
              ],
              [
                -61.389641467041926,
                46.07275482249455
              ],
              [
                -61.38967317643689,
                46.07307055245781
              ],
              [
                -61.38970515475906,
                46.073386603372
              ],
              [
                -61.39012554763138,
                46.07337336855183
              ],
              [
                -61.390545657991716,
                46.073360047188324
              ],
              [
                -61.390965504863615,
                46.07334665036431
              ],
              [
                -61.39138510738647,
                46.07333318924988
              ],
              [
                -61.39180448480921,
                46.07331967509874
              ],
              [
                -61.39222365648192,
                46.0733061192432
              ],
              [
                -61.392642641848695,
                46.073292533089614
              ],
              [
                -61.39306146043893,
                46.073278928113155
              ],
              [
                -61.39348013185835,
                46.07326531585228
              ],
              [
                -61.39389867577953,
                46.0732517079023
              ],
              [
                -61.39431711193126,
                46.07323811590894
              ]
            ]
          ]
        },
        "placement_status": "map-derived-approximate",
        "alignment_status": "draft-supported-area",
        "fit_revision": "249b2be0b378adec894abc34520f83b009dbf8fd",
        "fit_sha256": "21c8c1acfbab6cc484af1af4eb0a27e6869579cb1b88aaf58173fbf9757f307e",
        "fit_path": "reports/fletcher/mabou-full-sheet/north-audit-20260909/candidate36/fit.json",
        "geographic_role": "reviewed-source-group",
        "geometry_meaning": "Approximate source-symbol group; individual feature unresolved. Outline is not a property, footprint or error bound.",
        "geographic_review_status": "approximate-placement-reviewed",
        "prior_locality_review": null,
        "source_crop": {
          "native_xywh": [
            5673,
            1250,
            900,
            700
          ],
          "display_size": [
            900,
            700
          ],
          "rotation_degrees": 0
        },
        "source_context_url": "https://www.davidrumsey.com/luna/servlet/iiif/RUMSEY~8~1~2641~290009/5673,1250,900,700/900,700/0/default.jpg",
        "source_url": "https://www.davidrumsey.com/luna/servlet/iiif/m/RUMSEY~8~1~2641~290009/manifest",
        "credit": "David Rumsey Map Collection, David Rumsey Map Center, Stanford University Libraries",
        "imagery_licence_url": "https://creativecommons.org/licenses/by-nc-sa/3.0/",
        "publication_status": "research-preview-only",
        "previous_placements": [],
        "placement_review": {
          "annotation_id": "F16-PHM-052",
          "status": "approximate-placement-reviewed",
          "reviewed_at": "2026-09-13",
          "reviewer": "Codex coordinator",
          "scene": "mabou-service-52-geography.jpg",
          "scene_sha256": "82b275a57e6045aa660d23a03b82574b09bf44a7efe8c86f09a69021870c99f8",
          "evidence": "The shared telegraph/postal and school cluster remains at the northern approach to the Mabou harbour crossing. Its western/southern edges overlap Coast River Water polygons 254 and 1578 (WACORV40); those bounding-group overlaps do not establish a building footprint or historical inundation. Shore, road and crossing order support approximate locality while individual facilities remain unresolved."
        }
      }
    },
    {
      "type": "Feature",
      "id": "F16-PHM-053",
      "geometry": {
        "type": "Polygon",
        "coordinates": [
          [
            [
              -61.39431711193126,
              46.07323811590894
            ],
            [
              -61.39428741832859,
              46.07292503011596
            ],
            [
              -61.39425796583382,
              46.07261221348833
            ],
            [
              -61.394228745430034,
              46.07229966183464
            ],
            [
              -61.3941997483087,
              46.07198737097443
            ],
            [
              -61.3941709658727,
              46.07167533673888
            ],
            [
              -61.39414238973876,
              46.07136355497059
            ],
            [
              -61.39411401173911,
              46.071052021523855
            ],
            [
              -61.394085823922964,
              46.07074073226458
            ],
            [
              -61.393665603758215,
              46.07075224609011
            ],
            [
              -61.393245305514434,
              46.07076378211827
            ],
            [
              -61.392824912477636,
              46.07077533046629
            ],
            [
              -61.392404407945705,
              46.070786881268305
            ],
            [
              -61.39198377524144,
              46.07079842468383
            ],
            [
              -61.3915629977249,
              46.07080995090672
            ],
            [
              -61.39114205880569,
              46.07082145017316
            ],
            [
              -61.390720941954406,
              46.070832912769546
            ],
            [
              -61.39029963071415,
              46.07084432904005
            ],
            [
              -61.3898781087109,
              46.07085568939383
            ],
            [
              -61.389456359664116,
              46.07086698431221
            ],
            [
              -61.38948664112038,
              46.07118086389767
            ],
            [
              -61.389517139237874,
              46.07149504239073
            ],
            [
              -61.3895478623237,
              46.07180952371353
            ],
            [
              -61.38957881886091,
              46.072124311698545
            ],
            [
              -61.389610017498875,
              46.07243941008157
            ],
            [
              -61.389641467041926,
              46.07275482249455
            ],
            [
              -61.38967317643689,
              46.07307055245781
            ],
            [
              -61.38970515475906,
              46.073386603372
            ],
            [
              -61.39012554763138,
              46.07337336855183
            ],
            [
              -61.390545657991716,
              46.073360047188324
            ],
            [
              -61.390965504863615,
              46.07334665036431
            ],
            [
              -61.39138510738647,
              46.07333318924988
            ],
            [
              -61.39180448480921,
              46.07331967509874
            ],
            [
              -61.39222365648192,
              46.0733061192432
            ],
            [
              -61.392642641848695,
              46.073292533089614
            ],
            [
              -61.39306146043893,
              46.073278928113155
            ],
            [
              -61.39348013185835,
              46.07326531585228
            ],
            [
              -61.39389867577953,
              46.0732517079023
            ],
            [
              -61.39431711193126,
              46.07323811590894
            ]
          ]
        ]
      },
      "properties": {
        "annotation_id": "F16-PHM-053",
        "sheet": 16,
        "name": "School",
        "source_text": "School",
        "kind": "school",
        "reading_status": "clear",
        "source_annotation": {
          "source_text": "School",
          "kind": "school",
          "reading_status": "clear",
          "source_label_boxes_xywh": [
            [
              6171,
              1656,
              92,
              32
            ]
          ],
          "crop_ids": [
            "F16-R01C04",
            "F16-R01C05"
          ],
          "raw_candidate_ids": [
            "F16-R01C05-11"
          ],
          "review_note": "Native whole-crop inspection; source-only lettering.",
          "id": "F16-PHM-053",
          "review_status": "source-reviewed",
          "geometry": null,
          "placement_status": "deferred",
          "crop_id": "F16-R01C04"
        },
        "source_review": {
          "annotation_id": "F16-PHM-053",
          "status": "unresolved",
          "source_anchor_xy": null,
          "candidate_symbol_regions_xywh": [
            [
              6093,
              1607,
              105,
              79
            ]
          ],
          "source_context_xywh": [
            5767,
            1322,
            900,
            700
          ],
          "note": "The compact junction cluster beside School is shared with the T. & P.O. annotation52. The source does not distinguish an individual school building within those marks. Preserve the bounded group rather than a lettering centre or an invented building footprint.",
          "source_uncertainty_px": null,
          "reviewer": "Codex coordinator, native Mabou/Glendyer/eastern service contexts, 6x detail and source overlays, 2026-09-13",
          "pixel_convention": "Original 10822 x 7531 scan, continuous pixel edges, x right/y down. Native contexts at 1x; selected detail crops at recorded 6x scales and origins. No rotation.",
          "review_batch": "mabou-services-4-20260913"
        },
        "source_sha256": "d9a4c9a7c6f4e7057e32b57dcb26f6425e9b52015d360498e98e8e2de9a27f94",
        "source_dimensions_px": [
          10822,
          7531
        ],
        "source_geometry_native": {
          "type": "Polygon",
          "coordinates": [
            [
              [
                6093.0,
                1607.0
              ],
              [
                6102.545454545455,
                1607.0
              ],
              [
                6112.090909090909,
                1607.0
              ],
              [
                6121.636363636364,
                1607.0
              ],
              [
                6131.181818181818,
                1607.0
              ],
              [
                6140.727272727273,
                1607.0
              ],
              [
                6150.272727272727,
                1607.0
              ],
              [
                6159.818181818182,
                1607.0
              ],
              [
                6169.363636363636,
                1607.0
              ],
              [
                6178.909090909091,
                1607.0
              ],
              [
                6188.454545454545,
                1607.0
              ],
              [
                6198.0,
                1607.0
              ],
              [
                6198.0,
                1616.875
              ],
              [
                6198.0,
                1626.75
              ],
              [
                6198.0,
                1636.625
              ],
              [
                6198.0,
                1646.5
              ],
              [
                6198.0,
                1656.375
              ],
              [
                6198.0,
                1666.25
              ],
              [
                6198.0,
                1676.125
              ],
              [
                6198.0,
                1686.0
              ],
              [
                6188.454545454545,
                1686.0
              ],
              [
                6178.909090909091,
                1686.0
              ],
              [
                6169.363636363636,
                1686.0
              ],
              [
                6159.818181818182,
                1686.0
              ],
              [
                6150.272727272727,
                1686.0
              ],
              [
                6140.727272727273,
                1686.0
              ],
              [
                6131.181818181818,
                1686.0
              ],
              [
                6121.636363636364,
                1686.0
              ],
              [
                6112.090909090909,
                1686.0
              ],
              [
                6102.545454545455,
                1686.0
              ],
              [
                6093.0,
                1686.0
              ],
              [
                6093.0,
                1676.125
              ],
              [
                6093.0,
                1666.25
              ],
              [
                6093.0,
                1656.375
              ],
              [
                6093.0,
                1646.5
              ],
              [
                6093.0,
                1636.625
              ],
              [
                6093.0,
                1626.75
              ],
              [
                6093.0,
                1616.875
              ],
              [
                6093.0,
                1607.0
              ]
            ]
          ]
        },
        "map_derived_geometry": {
          "type": "Polygon",
          "coordinates": [
            [
              [
                -61.39431711193126,
                46.07323811590894
              ],
              [
                -61.39428741832859,
                46.07292503011596
              ],
              [
                -61.39425796583382,
                46.07261221348833
              ],
              [
                -61.394228745430034,
                46.07229966183464
              ],
              [
                -61.3941997483087,
                46.07198737097443
              ],
              [
                -61.3941709658727,
                46.07167533673888
              ],
              [
                -61.39414238973876,
                46.07136355497059
              ],
              [
                -61.39411401173911,
                46.071052021523855
              ],
              [
                -61.394085823922964,
                46.07074073226458
              ],
              [
                -61.393665603758215,
                46.07075224609011
              ],
              [
                -61.393245305514434,
                46.07076378211827
              ],
              [
                -61.392824912477636,
                46.07077533046629
              ],
              [
                -61.392404407945705,
                46.070786881268305
              ],
              [
                -61.39198377524144,
                46.07079842468383
              ],
              [
                -61.3915629977249,
                46.07080995090672
              ],
              [
                -61.39114205880569,
                46.07082145017316
              ],
              [
                -61.390720941954406,
                46.070832912769546
              ],
              [
                -61.39029963071415,
                46.07084432904005
              ],
              [
                -61.3898781087109,
                46.07085568939383
              ],
              [
                -61.389456359664116,
                46.07086698431221
              ],
              [
                -61.38948664112038,
                46.07118086389767
              ],
              [
                -61.389517139237874,
                46.07149504239073
              ],
              [
                -61.3895478623237,
                46.07180952371353
              ],
              [
                -61.38957881886091,
                46.072124311698545
              ],
              [
                -61.389610017498875,
                46.07243941008157
              ],
              [
                -61.389641467041926,
                46.07275482249455
              ],
              [
                -61.38967317643689,
                46.07307055245781
              ],
              [
                -61.38970515475906,
                46.073386603372
              ],
              [
                -61.39012554763138,
                46.07337336855183
              ],
              [
                -61.390545657991716,
                46.073360047188324
              ],
              [
                -61.390965504863615,
                46.07334665036431
              ],
              [
                -61.39138510738647,
                46.07333318924988
              ],
              [
                -61.39180448480921,
                46.07331967509874
              ],
              [
                -61.39222365648192,
                46.0733061192432
              ],
              [
                -61.392642641848695,
                46.073292533089614
              ],
              [
                -61.39306146043893,
                46.073278928113155
              ],
              [
                -61.39348013185835,
                46.07326531585228
              ],
              [
                -61.39389867577953,
                46.0732517079023
              ],
              [
                -61.39431711193126,
                46.07323811590894
              ]
            ]
          ]
        },
        "placement_status": "map-derived-approximate",
        "alignment_status": "draft-supported-area",
        "fit_revision": "249b2be0b378adec894abc34520f83b009dbf8fd",
        "fit_sha256": "21c8c1acfbab6cc484af1af4eb0a27e6869579cb1b88aaf58173fbf9757f307e",
        "fit_path": "reports/fletcher/mabou-full-sheet/north-audit-20260909/candidate36/fit.json",
        "geographic_role": "reviewed-source-group",
        "geometry_meaning": "Approximate source-symbol group; individual feature unresolved. Outline is not a property, footprint or error bound.",
        "geographic_review_status": "approximate-placement-reviewed",
        "prior_locality_review": null,
        "source_crop": {
          "native_xywh": [
            5767,
            1322,
            900,
            700
          ],
          "display_size": [
            900,
            700
          ],
          "rotation_degrees": 0
        },
        "source_context_url": "https://www.davidrumsey.com/luna/servlet/iiif/RUMSEY~8~1~2641~290009/5767,1322,900,700/900,700/0/default.jpg",
        "source_url": "https://www.davidrumsey.com/luna/servlet/iiif/m/RUMSEY~8~1~2641~290009/manifest",
        "credit": "David Rumsey Map Collection, David Rumsey Map Center, Stanford University Libraries",
        "imagery_licence_url": "https://creativecommons.org/licenses/by-nc-sa/3.0/",
        "publication_status": "research-preview-only",
        "previous_placements": [],
        "placement_review": {
          "annotation_id": "F16-PHM-053",
          "status": "approximate-placement-reviewed",
          "reviewed_at": "2026-09-13",
          "reviewer": "Codex coordinator",
          "scene": "mabou-service-53-geography.jpg",
          "scene_sha256": "103f1563802fed18d1bc43a7022960b0aaa1e59cac1069b826fcbfd1f6cd5f0d",
          "evidence": "This school shares the telegraph/postal group at the northern Mabou crossing approach. The complete group partly overlaps Coast River Water polygons 254 and 1578 (WACORV40), with differing shore and road positions. Broad locality is supported; no individual school building or historical water condition is inferred."
        }
      }
    },
    {
      "type": "Feature",
      "id": "F16-PHM-054",
      "geometry": {
        "type": "Polygon",
        "coordinates": [
          [
            [
              -61.34287048280811,
              46.067113910511324
            ],
            [
              -61.34287443431873,
              46.06681929409332
            ],
            [
              -61.34287770217233,
              46.06652469634365
            ],
            [
              -61.34288030729663,
              46.06623011304405
            ],
            [
              -61.34242260615816,
              46.06623533577104
            ],
            [
              -61.34196530766653,
              46.06624075832421
            ],
            [
              -61.34196191080064,
              46.06653507759083
            ],
            [
              -61.34195784122256,
              46.06682940116226
            ],
            [
              -61.341953078447986,
              46.06712373310547
            ],
            [
              -61.342411539757656,
              46.067118715581586
            ],
            [
              -61.34287048280811,
              46.067113910511324
            ]
          ]
        ]
      },
      "properties": {
        "annotation_id": "F16-PHM-054",
        "sheet": 16,
        "name": "Forge",
        "source_text": "Forge",
        "kind": "forge",
        "reading_status": "clear",
        "source_annotation": {
          "source_text": "Forge",
          "kind": "forge",
          "reading_status": "clear",
          "source_label_boxes_xywh": [
            [
              7206,
              1816,
              88,
              34
            ]
          ],
          "crop_ids": [
            "F16-R01C05",
            "F16-R01C06"
          ],
          "raw_candidate_ids": [
            "F16-R01C05-12",
            "F16-R01C06-06"
          ],
          "review_note": "Native whole-crop inspection; source-only lettering.",
          "id": "F16-PHM-054",
          "review_status": "source-reviewed",
          "geometry": null,
          "placement_status": "deferred",
          "crop_id": "F16-R01C05"
        },
        "source_review": {
          "annotation_id": "F16-PHM-054",
          "status": "unresolved",
          "source_anchor_xy": null,
          "candidate_symbol_regions_xywh": [
            [
              7187,
              1816,
              19,
              29
            ]
          ],
          "source_context_xywh": [
            6800,
            1483,
            900,
            700
          ],
          "note": "The compact pair immediately left of Forge beside the road supplies this bounded source group. The postal marks farther south and the school cluster farther north remain separate. No individual forge building is selected.",
          "source_uncertainty_px": null,
          "reviewer": "Codex coordinator, native Mabou/Glendyer/eastern service contexts, 6x detail and source overlays, 2026-09-13",
          "pixel_convention": "Original 10822 x 7531 scan, continuous pixel edges, x right/y down. Native contexts at 1x; selected detail crops at recorded 6x scales and origins. No rotation.",
          "review_batch": "mabou-services-4-20260913"
        },
        "source_sha256": "d9a4c9a7c6f4e7057e32b57dcb26f6425e9b52015d360498e98e8e2de9a27f94",
        "source_dimensions_px": [
          10822,
          7531
        ],
        "source_geometry_native": {
          "type": "Polygon",
          "coordinates": [
            [
              [
                7187.0,
                1816.0
              ],
              [
                7196.5,
                1816.0
              ],
              [
                7206.0,
                1816.0
              ],
              [
                7206.0,
                1825.6666666666667
              ],
              [
                7206.0,
                1835.3333333333333
              ],
              [
                7206.0,
                1845.0
              ],
              [
                7196.5,
                1845.0
              ],
              [
                7187.0,
                1845.0
              ],
              [
                7187.0,
                1835.3333333333333
              ],
              [
                7187.0,
                1825.6666666666667
              ],
              [
                7187.0,
                1816.0
              ]
            ]
          ]
        },
        "map_derived_geometry": {
          "type": "Polygon",
          "coordinates": [
            [
              [
                -61.34287048280811,
                46.067113910511324
              ],
              [
                -61.34287443431873,
                46.06681929409332
              ],
              [
                -61.34287770217233,
                46.06652469634365
              ],
              [
                -61.34288030729663,
                46.06623011304405
              ],
              [
                -61.34242260615816,
                46.06623533577104
              ],
              [
                -61.34196530766653,
                46.06624075832421
              ],
              [
                -61.34196191080064,
                46.06653507759083
              ],
              [
                -61.34195784122256,
                46.06682940116226
              ],
              [
                -61.341953078447986,
                46.06712373310547
              ],
              [
                -61.342411539757656,
                46.067118715581586
              ],
              [
                -61.34287048280811,
                46.067113910511324
              ]
            ]
          ]
        },
        "placement_status": "map-derived-approximate",
        "alignment_status": "draft-supported-area",
        "fit_revision": "249b2be0b378adec894abc34520f83b009dbf8fd",
        "fit_sha256": "21c8c1acfbab6cc484af1af4eb0a27e6869579cb1b88aaf58173fbf9757f307e",
        "fit_path": "reports/fletcher/mabou-full-sheet/north-audit-20260909/candidate36/fit.json",
        "geographic_role": "reviewed-source-group",
        "geometry_meaning": "Approximate source-symbol group; individual feature unresolved. Outline is not a property, footprint or error bound.",
        "geographic_review_status": "approximate-placement-reviewed",
        "prior_locality_review": null,
        "source_crop": {
          "native_xywh": [
            6800,
            1483,
            900,
            700
          ],
          "display_size": [
            900,
            700
          ],
          "rotation_degrees": 0
        },
        "source_context_url": "https://www.davidrumsey.com/luna/servlet/iiif/RUMSEY~8~1~2641~290009/6800,1483,900,700/900,700/0/default.jpg",
        "source_url": "https://www.davidrumsey.com/luna/servlet/iiif/m/RUMSEY~8~1~2641~290009/manifest",
        "credit": "David Rumsey Map Collection, David Rumsey Map Center, Stanford University Libraries",
        "imagery_licence_url": "https://creativecommons.org/licenses/by-nc-sa/3.0/",
        "publication_status": "research-preview-only",
        "previous_placements": [],
        "placement_review": {
          "annotation_id": "F16-PHM-054",
          "status": "approximate-placement-reviewed",
          "reviewed_at": "2026-09-13",
          "reviewer": "Codex coordinator",
          "scene": "mabou-service-54-geography.jpg",
          "scene_sha256": "98f386fea14a3bcd7bd6fbfc9b5b93ba15d4950a4f7e4ca7a1a1a4cea85ffa76",
          "evidence": "The forge pair remains beside the road corridor north/east of the main river crossing and below the school district. The modern road passes through the group. Retain the approximate source group without selecting a present building or moving it off the road."
        }
      }
    },
    {
      "type": "Feature",
      "id": "F16-PHM-055",
      "geometry": {
        "type": "Polygon",
        "coordinates": [
          [
            [
              -61.34090984991889,
              46.06610199471055
            ],
            [
              -61.34091263908338,
              46.06584850232941
            ],
            [
              -61.34091495821786,
              46.065594998275884
            ],
            [
              -61.34091681974866,
              46.06534148040595
            ],
            [
              -61.34044752784121,
              46.06534810398972
            ],
            [
              -61.33997865404618,
              46.06535492718043
            ],
            [
              -61.339510209845436,
              46.06536194926473
            ],
            [
              -61.33904220503048,
              46.06536916923886
            ],
            [
              -61.33857464770248,
              46.06537658580987
            ],
            [
              -61.33857171825178,
              46.06562968994086
            ],
            [
              -61.338568330729736,
              46.06588276317955
            ],
            [
              -61.33856447337675,
              46.06613580741126
            ],
            [
              -61.3390325329892,
              46.06612862731761
            ],
            [
              -61.33950110971461,
              46.06612165481203
            ],
            [
              -61.339970195225675,
              46.06611489123517
            ],
            [
              -61.34043977932158,
              46.06610833762404
            ],
            [
              -61.34090984991889,
              46.06610199471055
            ]
          ]
        ]
      },
      "properties": {
        "annotation_id": "F16-PHM-055",
        "sheet": 16,
        "name": "P.O.",
        "source_text": "P.O.",
        "kind": "post-office",
        "reading_status": "clear",
        "source_annotation": {
          "source_text": "P.O.",
          "kind": "post-office",
          "reading_status": "clear",
          "source_label_boxes_xywh": [
            [
              7233,
              1867,
              60,
              32
            ]
          ],
          "crop_ids": [
            "F16-R01C05",
            "F16-R01C06"
          ],
          "raw_candidate_ids": [
            "F16-R01C05-13"
          ],
          "review_note": "Native whole-crop inspection; source-only lettering.",
          "id": "F16-PHM-055",
          "review_status": "source-reviewed",
          "geometry": null,
          "placement_status": "deferred",
          "crop_id": "F16-R01C05"
        },
        "source_review": {
          "annotation_id": "F16-PHM-055",
          "status": "unresolved",
          "source_anchor_xy": null,
          "candidate_symbol_regions_xywh": [
            [
              7228,
              1850,
              49,
              25
            ]
          ],
          "source_context_xywh": [
            6813,
            1533,
            900,
            700
          ],
          "note": "The three compact marks immediately above P.O. supply the bounded postal group. The forge pair, more eastern roadside pair and shops near the river remain separate. No individual postal building or modern facility is identified.",
          "source_uncertainty_px": null,
          "reviewer": "Codex coordinator, native Mabou/Glendyer/eastern service contexts, 6x detail and source overlays, 2026-09-13",
          "pixel_convention": "Original 10822 x 7531 scan, continuous pixel edges, x right/y down. Native contexts at 1x; selected detail crops at recorded 6x scales and origins. No rotation.",
          "review_batch": "mabou-services-4-20260913"
        },
        "source_sha256": "d9a4c9a7c6f4e7057e32b57dcb26f6425e9b52015d360498e98e8e2de9a27f94",
        "source_dimensions_px": [
          10822,
          7531
        ],
        "source_geometry_native": {
          "type": "Polygon",
          "coordinates": [
            [
              [
                7228.0,
                1850.0
              ],
              [
                7237.8,
                1850.0
              ],
              [
                7247.6,
                1850.0
              ],
              [
                7257.4,
                1850.0
              ],
              [
                7267.2,
                1850.0
              ],
              [
                7277.0,
                1850.0
              ],
              [
                7277.0,
                1858.3333333333333
              ],
              [
                7277.0,
                1866.6666666666667
              ],
              [
                7277.0,
                1875.0
              ],
              [
                7267.2,
                1875.0
              ],
              [
                7257.4,
                1875.0
              ],
              [
                7247.6,
                1875.0
              ],
              [
                7237.8,
                1875.0
              ],
              [
                7228.0,
                1875.0
              ],
              [
                7228.0,
                1866.6666666666667
              ],
              [
                7228.0,
                1858.3333333333333
              ],
              [
                7228.0,
                1850.0
              ]
            ]
          ]
        },
        "map_derived_geometry": {
          "type": "Polygon",
          "coordinates": [
            [
              [
                -61.34090984991889,
                46.06610199471055
              ],
              [
                -61.34091263908338,
                46.06584850232941
              ],
              [
                -61.34091495821786,
                46.065594998275884
              ],
              [
                -61.34091681974866,
                46.06534148040595
              ],
              [
                -61.34044752784121,
                46.06534810398972
              ],
              [
                -61.33997865404618,
                46.06535492718043
              ],
              [
                -61.339510209845436,
                46.06536194926473
              ],
              [
                -61.33904220503048,
                46.06536916923886
              ],
              [
                -61.33857464770248,
                46.06537658580987
              ],
              [
                -61.33857171825178,
                46.06562968994086
              ],
              [
                -61.338568330729736,
                46.06588276317955
              ],
              [
                -61.33856447337675,
                46.06613580741126
              ],
              [
                -61.3390325329892,
                46.06612862731761
              ],
              [
                -61.33950110971461,
                46.06612165481203
              ],
              [
                -61.339970195225675,
                46.06611489123517
              ],
              [
                -61.34043977932158,
                46.06610833762404
              ],
              [
                -61.34090984991889,
                46.06610199471055
              ]
            ]
          ]
        },
        "placement_status": "map-derived-approximate",
        "alignment_status": "draft-supported-area",
        "fit_revision": "249b2be0b378adec894abc34520f83b009dbf8fd",
        "fit_sha256": "21c8c1acfbab6cc484af1af4eb0a27e6869579cb1b88aaf58173fbf9757f307e",
        "fit_path": "reports/fletcher/mabou-full-sheet/north-audit-20260909/candidate36/fit.json",
        "geographic_role": "reviewed-source-group",
        "geometry_meaning": "Approximate source-symbol group; individual feature unresolved. Outline is not a property, footprint or error bound.",
        "geographic_review_status": "approximate-placement-reviewed",
        "prior_locality_review": null,
        "source_crop": {
          "native_xywh": [
            6813,
            1533,
            900,
            700
          ],
          "display_size": [
            900,
            700
          ],
          "rotation_degrees": 0
        },
        "source_context_url": "https://www.davidrumsey.com/luna/servlet/iiif/RUMSEY~8~1~2641~290009/6813,1533,900,700/900,700/0/default.jpg",
        "source_url": "https://www.davidrumsey.com/luna/servlet/iiif/m/RUMSEY~8~1~2641~290009/manifest",
        "credit": "David Rumsey Map Collection, David Rumsey Map Center, Stanford University Libraries",
        "imagery_licence_url": "https://creativecommons.org/licenses/by-nc-sa/3.0/",
        "publication_status": "research-preview-only",
        "previous_placements": [],
        "placement_review": {
          "annotation_id": "F16-PHM-055",
          "status": "approximate-placement-reviewed",
          "reviewed_at": "2026-09-13",
          "reviewer": "Codex coordinator",
          "scene": "mabou-service-55-geography.jpg",
          "scene_sha256": "afa181d709b0cb8b96fa99c11471352f01ed66f03460f5db11b5ac525ed0fa83",
          "evidence": "The postal group remains north of the east-west road and west of the Hillsboro drainage bend. The broader road and stream arrangement supports approximate locality, though minor roads differ. No individual postal building or current facility is identified."
        }
      }
    },
    {
      "type": "Feature",
      "id": "F16-PHM-056",
      "geometry": {
        "type": "Polygon",
        "coordinates": [
          [
            [
              -61.33572812161714,
              46.0648801133241
            ],
            [
              -61.33573020546013,
              46.06463734278059
            ],
            [
              -61.33573192785508,
              46.0643945208995
            ],
            [
              -61.33573329843933,
              46.06415164664731
            ],
            [
              -61.33573432680192,
              46.06390871904074
            ],
            [
              -61.335284414251895,
              46.06391743960739
            ],
            [
              -61.334834816310575,
              46.063926307462374
            ],
            [
              -61.334385528550506,
              46.06393531940311
            ],
            [
              -61.333936545421736,
              46.063944472009815
            ],
            [
              -61.33393546442254,
              46.064187289649276
            ],
            [
              -61.33393406073394,
              46.06443004481933
            ],
            [
              -61.333932325124316,
              46.064672738306314
            ],
            [
              -61.333930248320264,
              46.06491537094036
            ],
            [
              -61.334379153645855,
              46.064906325750115
            ],
            [
              -61.33482843007314,
              46.06489743203941
            ],
            [
              -61.33527808426193,
              46.064888693433154
            ],
            [
              -61.33572812161714,
              46.0648801133241
            ]
          ]
        ]
      },
      "properties": {
        "annotation_id": "F16-PHM-056",
        "sheet": 16,
        "name": "Shops",
        "source_text": "Shops",
        "kind": "shop",
        "reading_status": "clear",
        "source_annotation": {
          "source_text": "Shops",
          "kind": "shop",
          "reading_status": "clear",
          "source_label_boxes_xywh": [
            [
              7350,
              1879,
              82,
              32
            ]
          ],
          "crop_ids": [
            "F16-R01C05",
            "F16-R01C06"
          ],
          "raw_candidate_ids": [
            "F16-R01C05-14",
            "F16-R01C06-07"
          ],
          "review_note": "Native whole-crop inspection; source-only lettering.",
          "id": "F16-PHM-056",
          "review_status": "source-reviewed",
          "geometry": null,
          "placement_status": "deferred",
          "crop_id": "F16-R01C05"
        },
        "source_review": {
          "annotation_id": "F16-PHM-056",
          "status": "unresolved",
          "source_anchor_xy": null,
          "candidate_symbol_regions_xywh": [
            [
              7337,
              1893,
              38,
              32
            ]
          ],
          "source_context_xywh": [
            6941,
            1545,
            900,
            700
          ],
          "note": "The compact marks immediately below Shops on the northern side of the road/river district supply this bounded source group. The separate mill-ring glyph in the river and the more western postal marks are not treated as shops. No individual shop building is selected.",
          "source_uncertainty_px": null,
          "reviewer": "Codex coordinator, native Mabou/Glendyer/eastern service contexts, 6x detail and source overlays, 2026-09-13",
          "pixel_convention": "Original 10822 x 7531 scan, continuous pixel edges, x right/y down. Native contexts at 1x; selected detail crops at recorded 6x scales and origins. No rotation.",
          "review_batch": "mabou-services-4-20260913"
        },
        "source_sha256": "d9a4c9a7c6f4e7057e32b57dcb26f6425e9b52015d360498e98e8e2de9a27f94",
        "source_dimensions_px": [
          10822,
          7531
        ],
        "source_geometry_native": {
          "type": "Polygon",
          "coordinates": [
            [
              [
                7337.0,
                1893.0
              ],
              [
                7346.5,
                1893.0
              ],
              [
                7356.0,
                1893.0
              ],
              [
                7365.5,
                1893.0
              ],
              [
                7375.0,
                1893.0
              ],
              [
                7375.0,
                1901.0
              ],
              [
                7375.0,
                1909.0
              ],
              [
                7375.0,
                1917.0
              ],
              [
                7375.0,
                1925.0
              ],
              [
                7365.5,
                1925.0
              ],
              [
                7356.0,
                1925.0
              ],
              [
                7346.5,
                1925.0
              ],
              [
                7337.0,
                1925.0
              ],
              [
                7337.0,
                1917.0
              ],
              [
                7337.0,
                1909.0
              ],
              [
                7337.0,
                1901.0
              ],
              [
                7337.0,
                1893.0
              ]
            ]
          ]
        },
        "map_derived_geometry": {
          "type": "Polygon",
          "coordinates": [
            [
              [
                -61.33572812161714,
                46.0648801133241
              ],
              [
                -61.33573020546013,
                46.06463734278059
              ],
              [
                -61.33573192785508,
                46.0643945208995
              ],
              [
                -61.33573329843933,
                46.06415164664731
              ],
              [
                -61.33573432680192,
                46.06390871904074
              ],
              [
                -61.335284414251895,
                46.06391743960739
              ],
              [
                -61.334834816310575,
                46.063926307462374
              ],
              [
                -61.334385528550506,
                46.06393531940311
              ],
              [
                -61.333936545421736,
                46.063944472009815
              ],
              [
                -61.33393546442254,
                46.064187289649276
              ],
              [
                -61.33393406073394,
                46.06443004481933
              ],
              [
                -61.333932325124316,
                46.064672738306314
              ],
              [
                -61.333930248320264,
                46.06491537094036
              ],
              [
                -61.334379153645855,
                46.064906325750115
              ],
              [
                -61.33482843007314,
                46.06489743203941
              ],
              [
                -61.33527808426193,
                46.064888693433154
              ],
              [
                -61.33572812161714,
                46.0648801133241
              ]
            ]
          ]
        },
        "placement_status": "map-derived-approximate",
        "alignment_status": "draft-supported-area",
        "fit_revision": "249b2be0b378adec894abc34520f83b009dbf8fd",
        "fit_sha256": "21c8c1acfbab6cc484af1af4eb0a27e6869579cb1b88aaf58173fbf9757f307e",
        "fit_path": "reports/fletcher/mabou-full-sheet/north-audit-20260909/candidate36/fit.json",
        "geographic_role": "reviewed-source-group",
        "geometry_meaning": "Approximate source-symbol group; individual feature unresolved. Outline is not a property, footprint or error bound.",
        "geographic_review_status": "approximate-placement-reviewed",
        "prior_locality_review": null,
        "source_crop": {
          "native_xywh": [
            6941,
            1545,
            900,
            700
          ],
          "display_size": [
            900,
            700
          ],
          "rotation_degrees": 0
        },
        "source_context_url": "https://www.davidrumsey.com/luna/servlet/iiif/RUMSEY~8~1~2641~290009/6941,1545,900,700/900,700/0/default.jpg",
        "source_url": "https://www.davidrumsey.com/luna/servlet/iiif/m/RUMSEY~8~1~2641~290009/manifest",
        "credit": "David Rumsey Map Collection, David Rumsey Map Center, Stanford University Libraries",
        "imagery_licence_url": "https://creativecommons.org/licenses/by-nc-sa/3.0/",
        "publication_status": "research-preview-only",
        "previous_placements": [],
        "placement_review": {
          "annotation_id": "F16-PHM-056",
          "status": "approximate-placement-reviewed",
          "reviewed_at": "2026-09-13",
          "reviewer": "Codex coordinator",
          "scene": "mabou-service-56-geography.jpg",
          "scene_sha256": "6a9baeaf2db62a79cd34a649539f573dfcfa6e68c9f4bd2827e6a9eb65669c10",
          "evidence": "The shop group remains north of the tributary and beside the road bend west of Hillsboro. Modern road and drainage context support approximate locality with local offsets. The separate mill mark remains distinct; no individual shop or present property is inferred."
        }
      }
    },
    {
      "type": "Feature",
      "id": "F16-PHM-057",
      "geometry": {
        "type": "Point",
        "coordinates": [
          -61.33440981951062,
          46.063737487232764
        ]
      },
      "properties": {
        "annotation_id": "F16-PHM-057",
        "sheet": 16,
        "name": "Mill",
        "source_text": "Mill",
        "kind": "mill",
        "reading_status": "clear",
        "source_annotation": {
          "source_text": "Mill",
          "kind": "mill",
          "reading_status": "clear",
          "source_label_boxes_xywh": [
            [
              7305,
              1937,
              65,
              35
            ]
          ],
          "crop_ids": [
            "F16-R01C05",
            "F16-R01C06"
          ],
          "raw_candidate_ids": [
            "F16-R01C05-15",
            "F16-R01C06-08"
          ],
          "review_note": "Native whole-crop inspection; source-only lettering.",
          "id": "F16-PHM-057",
          "review_status": "source-reviewed",
          "geometry": null,
          "placement_status": "deferred",
          "crop_id": "F16-R01C05"
        },
        "source_review": {
          "annotation_id": "F16-PHM-057",
          "status": "supported-source-association",
          "source_anchor_xy": [
            7365,
            1931.5
          ],
          "candidate_symbol_regions_xywh": [],
          "source_context_xywh": [
            6887,
            1604,
            900,
            700
          ],
          "note": "Native 6x detail distinguishes the small ring-like mill mark in the thick watercourse below Shops and above Mill. Its actual centre supplies the source anchor; neighbouring shop squares, road lines and lettering are separate. No mill footprint or current operating site is inferred.",
          "source_uncertainty_px": 8,
          "reviewer": "Codex coordinator, native Mabou/Glendyer/eastern service contexts, 6x detail and source overlays, 2026-09-13",
          "pixel_convention": "Original 10822 x 7531 scan, continuous pixel edges, x right/y down. Native contexts at 1x; selected detail crops at recorded 6x scales and origins. No rotation.",
          "review_batch": "mabou-services-5-20260913"
        },
        "source_sha256": "d9a4c9a7c6f4e7057e32b57dcb26f6425e9b52015d360498e98e8e2de9a27f94",
        "source_dimensions_px": [
          10822,
          7531
        ],
        "source_geometry_native": {
          "type": "Point",
          "coordinates": [
            7365,
            1931.5
          ]
        },
        "map_derived_geometry": {
          "type": "Point",
          "coordinates": [
            -61.33440981951062,
            46.063737487232764
          ]
        },
        "placement_status": "map-derived-approximate",
        "alignment_status": "draft-supported-area",
        "fit_revision": "249b2be0b378adec894abc34520f83b009dbf8fd",
        "fit_sha256": "21c8c1acfbab6cc484af1af4eb0a27e6869579cb1b88aaf58173fbf9757f307e",
        "fit_path": "reports/fletcher/mabou-full-sheet/north-audit-20260909/candidate36/fit.json",
        "geographic_role": "reviewed-source-mark",
        "geometry_meaning": "Approximate historical mark location; not a surveyed site, current condition, ownership or access.",
        "geographic_review_status": "approximate-placement-reviewed",
        "prior_locality_review": null,
        "source_crop": {
          "native_xywh": [
            6887,
            1604,
            900,
            700
          ],
          "display_size": [
            900,
            700
          ],
          "rotation_degrees": 0
        },
        "source_context_url": "https://www.davidrumsey.com/luna/servlet/iiif/RUMSEY~8~1~2641~290009/6887,1604,900,700/900,700/0/default.jpg",
        "source_url": "https://www.davidrumsey.com/luna/servlet/iiif/m/RUMSEY~8~1~2641~290009/manifest",
        "credit": "David Rumsey Map Collection, David Rumsey Map Center, Stanford University Libraries",
        "imagery_licence_url": "https://creativecommons.org/licenses/by-nc-sa/3.0/",
        "publication_status": "research-preview-only",
        "previous_placements": [],
        "placement_review": {
          "annotation_id": "F16-PHM-057",
          "status": "approximate-placement-reviewed",
          "reviewed_at": "2026-09-13",
          "reviewer": "Codex coordinator",
          "scene": "mabou-service-57-geography.jpg",
          "scene_sha256": "fbf35de41cf74f7bd0c548195770b4d6ef3844ce1742b639244ea2f079011d54",
          "evidence": "The ring-like mill mark remains in the tributary/road-bend district west of Hillsboro. It projects slightly north of the modern channel, and the nearby crossing supports broad locality. Preserve the source-derived offset without asserting a present mill or surveyed historical footprint."
        }
      }
    },
    {
      "type": "Feature",
      "id": "F16-PHM-061",
      "geometry": {
        "type": "Polygon",
        "coordinates": [
          [
            [
              -61.327485271654375,
              46.06657324110385
            ],
            [
              -61.32748686489046,
              46.06632124925836
            ],
            [
              -61.32748816900756,
              46.06606916158858
            ],
            [
              -61.32748919404521,
              46.06581697805202
            ],
            [
              -61.32714640674409,
              46.065825275600396
            ],
            [
              -61.32680370272121,
              46.06583361287846
            ],
            [
              -61.326461069937615,
              46.06584198635983
            ],
            [
              -61.326460746069884,
              46.06609416293606
            ],
            [
              -61.32646017395454,
              46.066346239198694
            ],
            [
              -61.32645934346431,
              46.066598214961445
            ],
            [
              -61.32680122624285,
              46.06658985004833
            ],
            [
              -61.32714319787656,
              46.0665815241847
            ],
            [
              -61.327485271654375,
              46.06657324110385
            ]
          ]
        ]
      },
      "properties": {
        "annotation_id": "F16-PHM-061",
        "sheet": 16,
        "name": "Mills",
        "source_text": "Mills",
        "kind": "mill",
        "reading_status": "clear",
        "source_annotation": {
          "source_text": "Mills",
          "kind": "mill",
          "reading_status": "clear",
          "source_label_boxes_xywh": [
            [
              7533,
              1836,
              80,
              31
            ]
          ],
          "crop_ids": [
            "F16-R01C06"
          ],
          "raw_candidate_ids": [
            "F16-R01C06-02"
          ],
          "review_note": "Native whole-crop inspection; source-only lettering.",
          "id": "F16-PHM-061",
          "review_status": "source-reviewed",
          "geometry": null,
          "placement_status": "deferred",
          "crop_id": "F16-R01C06"
        },
        "source_review": {
          "annotation_id": "F16-PHM-061",
          "status": "unresolved",
          "source_anchor_xy": null,
          "candidate_symbol_regions_xywh": [
            [
              7512,
              1843,
              22,
              25
            ]
          ],
          "source_context_xywh": [
            7123,
            1501,
            900,
            700
          ],
          "note": "Native 6x detail confirms two compact marks immediately left of Mills beside the Hillsboro road/river corridor. Retain both as a bounded group, separate from the road strokes and nearby T.E. Fraser caption. No individual mill building, current residence or ownership is inferred.",
          "source_uncertainty_px": null,
          "reviewer": "Codex coordinator, native Mabou/Glendyer/eastern service contexts, 6x detail and source overlays, 2026-09-13",
          "pixel_convention": "Original 10822 x 7531 scan, continuous pixel edges, x right/y down. Native contexts at 1x; selected detail crops at recorded 6x scales and origins. No rotation.",
          "review_batch": "mabou-services-5-20260913"
        },
        "source_sha256": "d9a4c9a7c6f4e7057e32b57dcb26f6425e9b52015d360498e98e8e2de9a27f94",
        "source_dimensions_px": [
          10822,
          7531
        ],
        "source_geometry_native": {
          "type": "Polygon",
          "coordinates": [
            [
              [
                7512.0,
                1843.0
              ],
              [
                7519.333333333333,
                1843.0
              ],
              [
                7526.666666666667,
                1843.0
              ],
              [
                7534.0,
                1843.0
              ],
              [
                7534.0,
                1851.3333333333333
              ],
              [
                7534.0,
                1859.6666666666667
              ],
              [
                7534.0,
                1868.0
              ],
              [
                7526.666666666667,
                1868.0
              ],
              [
                7519.333333333333,
                1868.0
              ],
              [
                7512.0,
                1868.0
              ],
              [
                7512.0,
                1859.6666666666667
              ],
              [
                7512.0,
                1851.3333333333333
              ],
              [
                7512.0,
                1843.0
              ]
            ]
          ]
        },
        "map_derived_geometry": {
          "type": "Polygon",
          "coordinates": [
            [
              [
                -61.327485271654375,
                46.06657324110385
              ],
              [
                -61.32748686489046,
                46.06632124925836
              ],
              [
                -61.32748816900756,
                46.06606916158858
              ],
              [
                -61.32748919404521,
                46.06581697805202
              ],
              [
                -61.32714640674409,
                46.065825275600396
              ],
              [
                -61.32680370272121,
                46.06583361287846
              ],
              [
                -61.326461069937615,
                46.06584198635983
              ],
              [
                -61.326460746069884,
                46.06609416293606
              ],
              [
                -61.32646017395454,
                46.066346239198694
              ],
              [
                -61.32645934346431,
                46.066598214961445
              ],
              [
                -61.32680122624285,
                46.06658985004833
              ],
              [
                -61.32714319787656,
                46.0665815241847
              ],
              [
                -61.327485271654375,
                46.06657324110385
              ]
            ]
          ]
        },
        "placement_status": "map-derived-approximate",
        "alignment_status": "draft-supported-area",
        "fit_revision": "249b2be0b378adec894abc34520f83b009dbf8fd",
        "fit_sha256": "21c8c1acfbab6cc484af1af4eb0a27e6869579cb1b88aaf58173fbf9757f307e",
        "fit_path": "reports/fletcher/mabou-full-sheet/north-audit-20260909/candidate36/fit.json",
        "geographic_role": "reviewed-source-group",
        "geometry_meaning": "Approximate source-symbol group; individual feature unresolved. Outline is not a property, footprint or error bound.",
        "geographic_review_status": "approximate-placement-reviewed",
        "prior_locality_review": null,
        "source_crop": {
          "native_xywh": [
            7123,
            1501,
            900,
            700
          ],
          "display_size": [
            900,
            700
          ],
          "rotation_degrees": 0
        },
        "source_context_url": "https://www.davidrumsey.com/luna/servlet/iiif/RUMSEY~8~1~2641~290009/7123,1501,900,700/900,700/0/default.jpg",
        "source_url": "https://www.davidrumsey.com/luna/servlet/iiif/m/RUMSEY~8~1~2641~290009/manifest",
        "credit": "David Rumsey Map Collection, David Rumsey Map Center, Stanford University Libraries",
        "imagery_licence_url": "https://creativecommons.org/licenses/by-nc-sa/3.0/",
        "publication_status": "research-preview-only",
        "previous_placements": [],
        "placement_review": {
          "annotation_id": "F16-PHM-061",
          "status": "approximate-placement-reviewed",
          "reviewed_at": "2026-09-13",
          "reviewer": "Codex coordinator",
          "scene": "mabou-service-61-geography.jpg",
          "scene_sha256": "029469a856d39182e0a3d97ea26e69b17efc68d97a3e02b7543f30cd64cd97f4",
          "evidence": "The Hillsboro mill pair remains east of the north-south road/drainage corridor below the northern fork. Its source-derived position is displaced east/south of the modern road/stream junction. Neighbouring tributary and road order support approximate locality only; individual mills and current properties remain unresolved."
        }
      }
    },
    {
      "type": "Feature",
      "id": "F16-PHM-064",
      "geometry": null,
      "properties": {
        "annotation_id": "F16-PHM-064",
        "sheet": 16,
        "name": "School",
        "source_text": "School",
        "kind": "school",
        "reading_status": "clear",
        "source_annotation": {
          "source_text": "School",
          "kind": "school",
          "reading_status": "clear",
          "source_label_boxes_xywh": [
            [
              9089,
              1486,
              97,
              30
            ]
          ],
          "crop_ids": [
            "F16-R01C07"
          ],
          "raw_candidate_ids": [
            "F16-R01C07-01"
          ],
          "review_note": "Native whole-crop inspection; source-only lettering.",
          "id": "F16-PHM-064",
          "review_status": "source-reviewed",
          "geometry": null,
          "placement_status": "deferred",
          "crop_id": "F16-R01C07"
        },
        "source_review": {
          "annotation_id": "F16-PHM-064",
          "status": "supported-source-association",
          "source_anchor_xy": [
            9065,
            1497
          ],
          "candidate_symbol_regions_xywh": [],
          "source_context_xywh": [
            8687,
            1151,
            900,
            700
          ],
          "note": "Native 6x detail confirms the isolated filled square immediately left of School beside the northeastern road. Its actual centre supplies the source anchor, separate from geological hatching, the graticule and more distant marks.",
          "source_uncertainty_px": 8,
          "reviewer": "Codex coordinator, native Mabou/Glendyer/eastern service contexts, 6x detail and source overlays, 2026-09-13",
          "pixel_convention": "Original 10822 x 7531 scan, continuous pixel edges, x right/y down. Native contexts at 1x; selected detail crops at recorded 6x scales and origins. No rotation.",
          "review_batch": "mabou-services-5-20260913"
        },
        "source_sha256": "d9a4c9a7c6f4e7057e32b57dcb26f6425e9b52015d360498e98e8e2de9a27f94",
        "source_dimensions_px": [
          10822,
          7531
        ],
        "source_geometry_native": {
          "type": "Point",
          "coordinates": [
            9065,
            1497
          ]
        },
        "map_derived_geometry": null,
        "placement_status": "outside-supported-coverage",
        "alignment_status": "draft-supported-area",
        "fit_revision": "249b2be0b378adec894abc34520f83b009dbf8fd",
        "fit_sha256": "21c8c1acfbab6cc484af1af4eb0a27e6869579cb1b88aaf58173fbf9757f307e",
        "fit_path": "reports/fletcher/mabou-full-sheet/north-audit-20260909/candidate36/fit.json",
        "geographic_role": "reviewed-source-mark",
        "geometry_meaning": "Approximate historical mark location; not a surveyed site, current condition, ownership or access.",
        "geographic_review_status": "outside-supported-coverage",
        "prior_locality_review": null,
        "source_crop": {
          "native_xywh": [
            8687,
            1151,
            900,
            700
          ],
          "display_size": [
            900,
            700
          ],
          "rotation_degrees": 0
        },
        "source_context_url": "https://www.davidrumsey.com/luna/servlet/iiif/RUMSEY~8~1~2641~290009/8687,1151,900,700/900,700/0/default.jpg",
        "source_url": "https://www.davidrumsey.com/luna/servlet/iiif/m/RUMSEY~8~1~2641~290009/manifest",
        "credit": "David Rumsey Map Collection, David Rumsey Map Center, Stanford University Libraries",
        "imagery_licence_url": "https://creativecommons.org/licenses/by-nc-sa/3.0/",
        "publication_status": "research-preview-only",
        "previous_placements": [],
        "placement_review": {
          "annotation_id": "F16-PHM-064",
          "status": "outside-supported-coverage",
          "reviewed_at": "2026-09-13",
          "reviewer": "Codex coordinator",
          "scene": "mabou-services-5-20260913.jpg",
          "scene_sha256": "3a63f405342f1b298f39178f4e954cefdd4440e6d326fc208c549ef417eb6f05",
          "evidence": "The complete native source point, group or breakwater trace extends outside the current conservative control hull. Preserve its exact source geometry without public placement until local geographic support is established. Do not trim, extrapolate or move it to lettering."
        }
      }
    },
    {
      "type": "Feature",
      "id": "F16-PHM-069",
      "geometry": null,
      "properties": {
        "annotation_id": "F16-PHM-069",
        "sheet": 16,
        "name": "School",
        "source_text": "School",
        "kind": "school",
        "reading_status": "clear",
        "source_annotation": {
          "source_text": "School",
          "kind": "school",
          "reading_status": "clear",
          "source_label_boxes_xywh": [
            [
              9570,
              2023,
              91,
              32
            ]
          ],
          "crop_ids": [
            "F16-R01C07",
            "F16-R01C08"
          ],
          "raw_candidate_ids": [
            "F16-R01C07-07",
            "F16-R01C08-02"
          ],
          "review_note": "Native whole-crop inspection; source-only lettering.",
          "id": "F16-PHM-069",
          "review_status": "source-reviewed",
          "geometry": null,
          "placement_status": "deferred",
          "crop_id": "F16-R01C07"
        },
        "source_review": {
          "annotation_id": "F16-PHM-069",
          "status": "supported-source-association",
          "source_anchor_xy": [
            9579.5,
            2059
          ],
          "candidate_symbol_regions_xywh": [],
          "source_context_xywh": [
            9165,
            1689,
            900,
            700
          ],
          "note": "Native 6x detail confirms the compact school mark immediately below School and above the road near the eastern sheet edge. Its actual centre supplies the anchor; the entire point remains subject to the current coverage gate without moving it inward.",
          "source_uncertainty_px": 8,
          "reviewer": "Codex coordinator, native Mabou/Glendyer/eastern service contexts, 6x detail and source overlays, 2026-09-13",
          "pixel_convention": "Original 10822 x 7531 scan, continuous pixel edges, x right/y down. Native contexts at 1x; selected detail crops at recorded 6x scales and origins. No rotation.",
          "review_batch": "mabou-services-5-20260913"
        },
        "source_sha256": "d9a4c9a7c6f4e7057e32b57dcb26f6425e9b52015d360498e98e8e2de9a27f94",
        "source_dimensions_px": [
          10822,
          7531
        ],
        "source_geometry_native": {
          "type": "Point",
          "coordinates": [
            9579.5,
            2059
          ]
        },
        "map_derived_geometry": null,
        "placement_status": "outside-supported-coverage",
        "alignment_status": "draft-supported-area",
        "fit_revision": "249b2be0b378adec894abc34520f83b009dbf8fd",
        "fit_sha256": "21c8c1acfbab6cc484af1af4eb0a27e6869579cb1b88aaf58173fbf9757f307e",
        "fit_path": "reports/fletcher/mabou-full-sheet/north-audit-20260909/candidate36/fit.json",
        "geographic_role": "reviewed-source-mark",
        "geometry_meaning": "Approximate historical mark location; not a surveyed site, current condition, ownership or access.",
        "geographic_review_status": "outside-supported-coverage",
        "prior_locality_review": null,
        "source_crop": {
          "native_xywh": [
            9165,
            1689,
            900,
            700
          ],
          "display_size": [
            900,
            700
          ],
          "rotation_degrees": 0
        },
        "source_context_url": "https://www.davidrumsey.com/luna/servlet/iiif/RUMSEY~8~1~2641~290009/9165,1689,900,700/900,700/0/default.jpg",
        "source_url": "https://www.davidrumsey.com/luna/servlet/iiif/m/RUMSEY~8~1~2641~290009/manifest",
        "credit": "David Rumsey Map Collection, David Rumsey Map Center, Stanford University Libraries",
        "imagery_licence_url": "https://creativecommons.org/licenses/by-nc-sa/3.0/",
        "publication_status": "research-preview-only",
        "previous_placements": [],
        "placement_review": {
          "annotation_id": "F16-PHM-069",
          "status": "outside-supported-coverage",
          "reviewed_at": "2026-09-13",
          "reviewer": "Codex coordinator",
          "scene": "mabou-services-5-20260913.jpg",
          "scene_sha256": "3a63f405342f1b298f39178f4e954cefdd4440e6d326fc208c549ef417eb6f05",
          "evidence": "The complete native source point, group or breakwater trace extends outside the current conservative control hull. Preserve its exact source geometry without public placement until local geographic support is established. Do not trim, extrapolate or move it to lettering."
        }
      }
    },
    {
      "type": "Feature",
      "id": "F16-PHM-085",
      "geometry": null,
      "properties": {
        "annotation_id": "F16-PHM-085",
        "sheet": 16,
        "name": "Quarry",
        "source_text": "Quarry",
        "kind": "quarry",
        "reading_status": "clear",
        "source_annotation": {
          "source_text": "Quarry",
          "kind": "quarry",
          "reading_status": "clear",
          "source_label_boxes_xywh": [
            [
              3153,
              2570,
              105,
              35
            ]
          ],
          "crop_ids": [
            "F16-R02C02"
          ],
          "raw_candidate_ids": [
            "F16-R02C02-06"
          ],
          "review_note": "Parent inspection of full native coastal crop and label detail.",
          "id": "F16-PHM-085",
          "review_status": "source-reviewed",
          "geometry": null,
          "placement_status": "deferred",
          "crop_id": "F16-R02C02"
        },
        "source_review": {
          "annotation_id": "F16-PHM-085",
          "status": "supported-source-association",
          "source_anchor_xy": [
            3141,
            2591.5
          ],
          "candidate_symbol_regions_xywh": [],
          "source_context_xywh": [
            2755,
            2237,
            900,
            700
          ],
          "note": "Native 6x detail confirms the isolated hollow quarry circle beside Quarry in the Little Mabou district. Its centre supplies the source anchor. The separate filled Pit circle, heavy geological line, caption and dip arrow are not substituted for a quarry footprint.",
          "source_uncertainty_px": 8,
          "reviewer": "Codex coordinator, native Mabou/Glendyer/eastern service contexts, 6x detail and source overlays, 2026-09-13",
          "pixel_convention": "Original 10822 x 7531 scan, continuous pixel edges, x right/y down. Native contexts at 1x; selected detail crops at recorded 6x scales and origins. No rotation.",
          "review_batch": "mabou-services-5-20260913"
        },
        "source_sha256": "d9a4c9a7c6f4e7057e32b57dcb26f6425e9b52015d360498e98e8e2de9a27f94",
        "source_dimensions_px": [
          10822,
          7531
        ],
        "source_geometry_native": {
          "type": "Point",
          "coordinates": [
            3141,
            2591.5
          ]
        },
        "map_derived_geometry": null,
        "placement_status": "outside-supported-coverage",
        "alignment_status": "draft-supported-area",
        "fit_revision": "249b2be0b378adec894abc34520f83b009dbf8fd",
        "fit_sha256": "21c8c1acfbab6cc484af1af4eb0a27e6869579cb1b88aaf58173fbf9757f307e",
        "fit_path": "reports/fletcher/mabou-full-sheet/north-audit-20260909/candidate36/fit.json",
        "geographic_role": "reviewed-source-mark",
        "geometry_meaning": "Approximate historical mark location; not a surveyed site, current condition, ownership or access.",
        "geographic_review_status": "outside-supported-coverage",
        "prior_locality_review": null,
        "source_crop": {
          "native_xywh": [
            2755,
            2237,
            900,
            700
          ],
          "display_size": [
            900,
            700
          ],
          "rotation_degrees": 0
        },
        "source_context_url": "https://www.davidrumsey.com/luna/servlet/iiif/RUMSEY~8~1~2641~290009/2755,2237,900,700/900,700/0/default.jpg",
        "source_url": "https://www.davidrumsey.com/luna/servlet/iiif/m/RUMSEY~8~1~2641~290009/manifest",
        "credit": "David Rumsey Map Collection, David Rumsey Map Center, Stanford University Libraries",
        "imagery_licence_url": "https://creativecommons.org/licenses/by-nc-sa/3.0/",
        "publication_status": "research-preview-only",
        "previous_placements": [],
        "placement_review": {
          "annotation_id": "F16-PHM-085",
          "status": "outside-supported-coverage",
          "reviewed_at": "2026-09-13",
          "reviewer": "Codex coordinator",
          "scene": "mabou-services-5-20260913.jpg",
          "scene_sha256": "3a63f405342f1b298f39178f4e954cefdd4440e6d326fc208c549ef417eb6f05",
          "evidence": "The complete native source point, group or breakwater trace extends outside the current conservative control hull. Preserve its exact source geometry without public placement until local geographic support is established. Do not trim, extrapolate or move it to lettering."
        }
      }
    },
    {
      "type": "Feature",
      "id": "F16-PHM-086",
      "geometry": null,
      "properties": {
        "annotation_id": "F16-PHM-086",
        "sheet": 16,
        "name": "Pit",
        "source_text": "Pit",
        "kind": "pit",
        "reading_status": "clear",
        "source_annotation": {
          "source_text": "Pit",
          "kind": "pit",
          "reading_status": "clear",
          "source_label_boxes_xywh": [
            [
              3075,
              2602,
              55,
              30
            ]
          ],
          "crop_ids": [
            "F16-R02C02"
          ],
          "raw_candidate_ids": [
            "F16-R02C02-07"
          ],
          "review_note": "Parent inspection of full native coastal crop and label detail.",
          "id": "F16-PHM-086",
          "review_status": "source-reviewed",
          "geometry": null,
          "placement_status": "deferred",
          "crop_id": "F16-R02C02"
        },
        "source_review": {
          "annotation_id": "F16-PHM-086",
          "status": "supported-source-association",
          "source_anchor_xy": [
            3142,
            2627.5
          ],
          "candidate_symbol_regions_xywh": [],
          "source_context_xywh": [
            2652,
            2267,
            900,
            700
          ],
          "note": "Native 6x detail confirms the filled Pit circle below the quarry district near Little Mabou. Its actual centre supplies the source anchor, distinct from the hollow quarry circle and Black shale caption. No excavation dimensions, current condition or material quantity is inferred.",
          "source_uncertainty_px": 8,
          "reviewer": "Codex coordinator, native Mabou/Glendyer/eastern service contexts, 6x detail and source overlays, 2026-09-13",
          "pixel_convention": "Original 10822 x 7531 scan, continuous pixel edges, x right/y down. Native contexts at 1x; selected detail crops at recorded 6x scales and origins. No rotation.",
          "review_batch": "mabou-services-5-20260913"
        },
        "source_sha256": "d9a4c9a7c6f4e7057e32b57dcb26f6425e9b52015d360498e98e8e2de9a27f94",
        "source_dimensions_px": [
          10822,
          7531
        ],
        "source_geometry_native": {
          "type": "Point",
          "coordinates": [
            3142,
            2627.5
          ]
        },
        "map_derived_geometry": null,
        "placement_status": "outside-supported-coverage",
        "alignment_status": "draft-supported-area",
        "fit_revision": "249b2be0b378adec894abc34520f83b009dbf8fd",
        "fit_sha256": "21c8c1acfbab6cc484af1af4eb0a27e6869579cb1b88aaf58173fbf9757f307e",
        "fit_path": "reports/fletcher/mabou-full-sheet/north-audit-20260909/candidate36/fit.json",
        "geographic_role": "reviewed-source-mark",
        "geometry_meaning": "Approximate historical mark location; not a surveyed site, current condition, ownership or access.",
        "geographic_review_status": "outside-supported-coverage",
        "prior_locality_review": null,
        "source_crop": {
          "native_xywh": [
            2652,
            2267,
            900,
            700
          ],
          "display_size": [
            900,
            700
          ],
          "rotation_degrees": 0
        },
        "source_context_url": "https://www.davidrumsey.com/luna/servlet/iiif/RUMSEY~8~1~2641~290009/2652,2267,900,700/900,700/0/default.jpg",
        "source_url": "https://www.davidrumsey.com/luna/servlet/iiif/m/RUMSEY~8~1~2641~290009/manifest",
        "credit": "David Rumsey Map Collection, David Rumsey Map Center, Stanford University Libraries",
        "imagery_licence_url": "https://creativecommons.org/licenses/by-nc-sa/3.0/",
        "publication_status": "research-preview-only",
        "previous_placements": [],
        "placement_review": {
          "annotation_id": "F16-PHM-086",
          "status": "outside-supported-coverage",
          "reviewed_at": "2026-09-13",
          "reviewer": "Codex coordinator",
          "scene": "mabou-services-5-20260913.jpg",
          "scene_sha256": "3a63f405342f1b298f39178f4e954cefdd4440e6d326fc208c549ef417eb6f05",
          "evidence": "The complete native source point, group or breakwater trace extends outside the current conservative control hull. Preserve its exact source geometry without public placement until local geographic support is established. Do not trim, extrapolate or move it to lettering."
        }
      }
    }
  ]
}
