{
  "type": "FeatureCollection",
  "crs": {
    "type": "name",
    "properties": {
      "name": "EPSG:3857"
    }
  },
  "features": [
    {
      "type": "Feature",
      "properties": {},
      "geometry": {
        "type": "Polygon",
        "coordinates": [
          [
            [
              -6815268.72773323,
              5852025.55712177
            ],
            [
              -6815142.0146933,
              5852026.87792232
            ],
            [
              -6815015.27577066,
              5852028.15324903
            ],
            [
              -6814888.51210326,
              5852029.38302894
            ],
            [
              -6814761.72487267,
              5852030.5671988
            ],
            [
              -6814634.91530338,
              5852031.70570505
            ],
            [
              -6814508.08466201,
              5852032.79850367
            ],
            [
              -6814381.23425654,
              5852033.84556016
            ],
            [
              -6814254.36543544,
              5852034.84684947
            ],
            [
              -6814127.47958678,
              5852035.80235597
            ],
            [
              -6814000.57813726,
              5852036.71207348
            ],
            [
              -6813873.66255127,
              5852037.57600523
            ],
            [
              -6813746.73432979,
              5852038.39416394
            ],
            [
              -6813619.79500935,
              5852039.16657192
            ],
            [
              -6813492.8461609,
              5852039.89326113
            ],
            [
              -6813365.88938858,
              5852040.57427336
            ],
            [
              -6813238.92632852,
              5852041.20966041
            ],
            [
              -6813111.95864757,
              5852041.79948433
            ],
            [
              -6812984.98804189,
              5852042.34381765
            ],
            [
              -6812858.01623559,
              5852042.84274377
            ],
            [
              -6812731.04497928,
              5852043.2963573
            ],
            [
              -6812604.07604849,
              5852043.7047645
            ],
            [
              -6812477.1112421,
              5852044.06808379
            ],
            [
              -6812350.15238068,
              5852044.38644629
            ],
            [
              -6812223.2013047,
              5852044.65999651
            ],
            [
              -6812096.25987276,
              5852044.88889297
            ],
            [
              -6811969.32995964,
              5852045.07330909
            ],
            [
              -6811842.41345431,
              5852045.21343397
            ],
            [
              -6811715.51225782,
              5852045.30947341
            ],
            [
              -6811588.62828113,
              5852045.36165096
            ],
            [
              -6811461.7634428,
              5852045.37020904
            ],
            [
              -6811334.91966654,
              5852045.33541024
            ],
            [
              -6811208.09887875,
              5852045.25753869
            ],
            [
              -6811081.3030058,
              5852045.13690151
            ],
            [
              -6810954.53397133,
              5852044.97383048
            ],
            [
              -6810827.79369326,
              5852044.76868372
            ],
            [
              -6810701.08408083,
              5852044.5218476
            ],
            [
              -6810574.4070314,
              5852044.23373874
            ],
            [
              -6810447.76442712,
              5852043.90480616
            ],
            [
              -6810321.15813153,
              5852043.53553355
            ],
            [
              -6810194.58998594,
              5852043.12644177
            ],
            [
              -6810068.06180577,
              5852042.6780914
            ],
            [
              -6809941.57537672,
              5852042.19108554
            ],
            [
              -6809815.13245084,
              5852041.66607265
            ],
            [
              -6809688.73474254,
              5852041.10374962
            ],
            [
              -6809562.38392455,
              5852040.50486499
            ],
            [
              -6809436.08162383,
              5852039.87022222
            ],
            [
              -6809309.82941752,
              5852039.20068315
            ],
            [
              -6809183.62882902,
              5852038.49717149
            ],
            [
              -6809057.48132415,
              5852037.76067643
            ],
            [
              -6808931.38830764,
              5852036.99225624
            ],
            [
              -6808805.35111997,
              5852036.19304186
            ],
            [
              -6808679.37103475,
              5852035.36424038
            ],
            [
              -6808553.44925677,
              5852034.50713841
            ],
            [
              -6808427.58692108,
              5852033.6231051
            ],
            [
              -6808301.78509319,
              5852032.71359482
            ],
            [
              -6808176.04477098,
              5852031.78014929
            ],
            [
              -6808050.36688854,
              5852030.82439887
            ],
            [
              -6807924.75232261,
              5852029.84806294
            ],
            [
              -6807799.20190231,
              5852028.85294889
            ],
            [
              -6807673.7164229,
              5852027.8409494
            ],
            [
              -6807548.29666465,
              5852026.81403753
            ],
            [
              -6807422.94341825,
              5852025.77425894
            ],
            [
              -6807297.65751809,
              5852024.72372059
            ],
            [
              -6807172.43988573,
              5852023.66457486
            ],
            [
              -6807047.29158589,
              5852022.59899785
            ],
            [
              -6806922.21389832,
              5852021.5291605
            ],
            [
              -6806797.20840945,
              5852020.45719041
            ],
            [
              -6806672.27712912,
              5852019.38512204
            ],
            [
              -6806549.13149556,
              5852018.01412628
            ],
            [
              -6806426.0640752,
              5852016.64601147
            ],
            [
              -6806303.07899497,
              5852015.28202179
            ],
            [
              -6806180.18159665,
              5852013.92294996
            ],
            [
              -6806057.37879562,
              5852012.56897345
            ],
            [
              -6805934.67953919,
              5852011.21944383
            ],
            [
              -6805812.09539429,
              5852009.87261545
            ],
            [
              -6805689.64130281,
              5852008.52529564
            ],
            [
              -6805567.33655225,
              5852007.17239417
            ],
            [
              -6805445.20601525,
              5852005.80634736
            ],
            [
              -6805323.28169944,
              5852004.41639716
            ],
            [
              -6805201.60458056,
              5852002.98773759
            ],
            [
              -6805080.22646489,
              5852001.50064378
            ],
            [
              -6804959.21101654,
              5851999.92997855
            ],
            [
              -6804838.63174737,
              5851998.24608186
            ],
            [
              -6804718.56284436,
              5851996.41892752
            ],
            [
              -6804599.05898682,
              5851994.42730452
            ],
            [
              -6804480.12893205,
              5851992.27084131
            ],
            [
              -6804361.72135946,
              5851989.97642957
            ],
            [
              -6804243.73676062,
              5851987.59275205
            ],
            [
              -6804126.05438421,
              5851985.17793565
            ],
            [
              -6804008.55470754,
              5851982.78925046
            ],
            [
              -6803891.13070242,
              5851980.47793114
            ],
            [
              -6803773.69116418,
              5851978.28762992
            ],
            [
              -6803656.16041655,
              5851976.25453284
            ],
            [
              -6803538.47683028,
              5851974.40802736
            ],
            [
              -6803420.59114743,
              5851972.77146864
            ],
            [
              -6803302.46492292,
              5851971.36290223
            ],
            [
              -6803184.06914058,
              5851970.19571631
            ],
            [
              -6803065.38298504,
              5851969.27923075
            ],
            [
              -6802946.39273905,
              5851968.61923504
            ],
            [
              -6802827.09078265,
              5851968.21848424
            ],
            [
              -6802707.47467982,
              5851968.07715723
            ],
            [
              -6802587.54634578,
              5851968.19327879
            ],
            [
              -6802467.31129213,
              5851968.56310505
            ],
            [
              -6802346.77794867,
              5851969.18147159
            ],
            [
              -6802225.9570611,
              5851970.0421037
            ],
            [
              -6802104.86116252,
              5851971.13788901
            ],
            [
              -6801983.50411571,
              5851972.46111368
            ],
            [
              -6801861.90072199,
              5851974.00366395
            ],
            [
              -6801740.06639118,
              5851975.75719568
            ],
            [
              -6801618.01686708,
              5851977.7132747
            ],
            [
              -6801495.76800229,
              5851979.86349122
            ],
            [
              -6801373.33557608,
              5851982.19955134
            ],
            [
              -6801250.73514973,
              5851984.71334885
            ],
            [
              -6801127.98195361,
              5851987.39702015
            ],
            [
              -6801005.09080121,
              5851990.24298499
            ],
            [
              -6800882.07602553,
              5851993.24397527
            ],
            [
              -6800758.95143402,
              5851996.39305417
            ],
            [
              -6800635.73027864,
              5851999.68362716
            ],
            [
              -6800512.42523813,
              5852003.10944677
            ],
            [
              -6800389.04841015,
              5852006.66461203
            ],
            [
              -6800265.61131105,
              5852010.34356403
            ],
            [
              -6800142.1248818,
              5852014.14107832
            ],
            [
              -6800018.59949842,
              5852018.05225491
            ],
            [
              -6799895.0449859,
              5852022.07250659
            ],
            [
              -6799771.47063468,
              5852026.19754594
            ],
            [
              -6799647.88521883,
              5852030.42337162
            ],
            [
              -6799524.29701535,
              5852034.746254
            ],
            [
              -6799400.71382413,
              5852039.16272069
            ],
            [
              -6799277.14298819,
              5852043.66954194
            ],
            [
              -6799153.5914138,
              5852048.26371618
            ],
            [
              -6799030.06559035,
              5852052.94245584
            ],
            [
              -6798906.57160979,
              5852057.70317347
            ],
            [
              -6798783.11518541,
              5852062.54346822
            ],
            [
              -6798659.69769591,
              5852067.29861202
            ],
            [
              -6798536.32778686,
              5852072.12911986
            ],
            [
              -6798413.01016118,
              5852077.03306746
            ],
            [
              -6798289.74921035,
              5852082.00866864
            ],
            [
              -6798166.54902931,
              5852087.05426432
            ],
            [
              -6798043.41343061,
              5852092.16831206
            ],
            [
              -6797920.34595758,
              5852097.34937609
            ],
            [
              -6797797.34989692,
              5852102.59611792
            ],
            [
              -6797674.42829037,
              5852107.90728734
            ],
            [
              -6797551.58394569,
              5852113.28171395
            ],
            [
              -6797428.81944704,
              5852118.71829913
            ],
            [
              -6797306.13716453,
              5852124.21600846
            ],
            [
              -6797183.53926327,
              5852129.77386456
            ],
            [
              -6797061.02771177,
              5852135.39094031
            ],
            [
              -6796938.60428983,
              5852141.06635255
            ],
            [
              -6796816.27059583,
              5852146.79925601
            ],
            [
              -6796694.02805361,
              5852152.58883776
            ],
            [
              -6796571.87791889,
              5852158.43431184
            ],
            [
              -6796449.82128525,
              5852164.33491437
            ],
            [
              -6796327.85908971,
              5852170.28989885
            ],
            [
              -6796205.99211804,
              5852176.29853185
            ],
            [
              -6796084.22100966,
              5852182.36008891
            ],
            [
              -6795962.54626228,
              5852188.47385077
            ],
            [
              -6795840.96823632,
              5852194.63909986
            ],
            [
              -6795719.48715901,
              5852200.85511701
            ],
            [
              -6795598.10312833,
              5852207.1211784
            ],
            [
              -6795476.81611678,
              5852213.4365528
            ],
            [
              -6795355.6259749,
              5852219.80049897
            ],
            [
              -6795234.53243475,
              5852226.21226331
            ],
            [
              -6795113.53511316,
              5852232.67107769
            ],
            [
              -6794992.63351496,
              5852239.1761575
            ],
            [
              -6794871.82703602,
              5852245.72669988
            ],
            [
              -6794751.11496631,
              5852252.32188215
            ],
            [
              -6794630.49649285,
              5852258.96086037
            ],
            [
              -6794509.97070256,
              5852265.64276815
            ],
            [
              -6794389.53658519,
              5852272.36671554
            ],
            [
              -6794269.19303609,
              5852279.13178812
            ],
            [
              -6794148.93885904,
              5852285.93704626
            ],
            [
              -6794028.77276904,
              5852292.78152448
            ],
            [
              -6793908.69339511,
              5852299.66423099
            ],
            [
              -6793788.69928306,
              5852306.58414734
            ],
            [
              -6793668.78889832,
              5852313.5402282
            ],
            [
              -6793548.96062867,
              5852320.5314013
            ],
            [
              -6793429.21278713,
              5852327.55656741
            ],
            [
              -6793309.54361476,
              5852334.61460056
            ],
            [
              -6793189.95128348,
              5852341.70434822
            ],
            [
              -6793070.43389896,
              5852348.8246317
            ],
            [
              -6792950.9895035,
              5852355.9742466
            ],
            [
              -6792831.61607888,
              5852363.15196333
            ],
            [
              -6792712.3115493,
              5852370.35652778
            ],
            [
              -6792593.07378432,
              5852377.58666203
            ],
            [
              -6792473.90060173,
              5852384.84106513
            ],
            [
              -6792354.78977051,
              5852392.11841398
            ],
            [
              -6792235.7390138,
              5852399.41736429
            ],
            [
              -6792116.74601181,
              5852406.73655155
            ],
            [
              -6791997.80840478,
              5852414.07459211
            ],
            [
              -6791878.92379589,
              5852421.43008431
            ],
            [
              -6791760.08975424,
              5852428.80160964
            ],
            [
              -6791641.30381769,
              5852436.18773394
            ],
            [
              -6791522.56349581,
              5852443.58700869
            ],
            [
              -6791403.86627274,
              5852450.99797228
            ],
            [
              -6791285.20961005,
              5852458.41915137
            ],
            [
              -6791166.59094953,
              5852465.84906225
            ],
            [
              -6791048.00771601,
              5852473.28621223
            ],
            [
              -6790929.45732011,
              5852480.72910104
            ],
            [
              -6790810.93408306,
              5852488.0954785
            ],
            [
              -6790692.43850937,
              5852495.46458864
            ],
            [
              -6790573.96798335,
              5852502.83491669
            ],
            [
              -6790455.51988552,
              5852510.20494616
            ],
            [
              -6790337.0915952,
              5852517.5731603
            ],
            [
              -6790218.68049293,
              5852524.93804368
            ],
            [
              -6790100.28396293,
              5852532.2980837
            ],
            [
              -6789981.89939549,
              5852539.65177211
            ],
            [
              -6789863.5241893,
              5852546.9976066
            ],
            [
              -6789745.15575368,
              5852554.33409238
            ],
            [
              -6789626.79151084,
              5852561.65974365
            ],
            [
              -6789508.42889802,
              5852568.97308531
            ],
            [
              -6789390.06536961,
              5852576.27265443
            ],
            [
              -6789271.69839917,
              5852583.55700189
            ],
            [
              -6789153.32548151,
              5852590.82469398
            ],
            [
              -6789034.94413455,
              5852598.07431396
            ],
            [
              -6788916.55190128,
              5852605.30446373
            ],
            [
              -6788798.14635162,
              5852612.51376539
            ],
            [
              -6788679.72508421,
              5852619.70086289
            ],
            [
              -6788561.2857282,
              5852626.86442367
            ],
            [
              -6788442.82594497,
              5852634.00314027
            ],
            [
              -6788324.34342984,
              5852641.11573202
            ],
            [
              -6788205.83591374,
              5852648.20094669
            ],
            [
              -6788087.30116481,
              5852655.25756215
            ],
            [
              -6787968.73699007,
              5852662.28438804
            ],
            [
              -6787850.14123692,
              5852669.28026751
            ],
            [
              -6787731.51179479,
              5852676.24407888
            ],
            [
              -6787612.84659659,
              5852683.17473736
            ],
            [
              -6787494.14362031,
              5852690.07119678
            ],
            [
              -6787375.40089049,
              5852696.93245131
            ],
            [
              -6787256.61647973,
              5852703.75753717
            ],
            [
              -6787137.78851016,
              5852710.54553443
            ],
            [
              -6787018.91515494,
              5852717.29556864
            ],
            [
              -6786899.99463969,
              5852724.00681265
            ],
            [
              -6786781.02524398,
              5852730.67848828
            ],
            [
              -6786662.00530274,
              5852737.30986803
            ],
            [
              -6786542.93320772,
              5852743.90027677
            ],
            [
              -6786423.80740887,
              5852750.44909337
            ],
            [
              -6786304.62641575,
              5852756.95575234
            ],
            [
              -6786185.38879891,
              5852763.41974538
            ],
            [
              -6786066.09319122,
              5852769.84062291
            ],
            [
              -6785946.73828916,
              5852776.21799545
            ],
            [
              -6785827.32285409,
              5852782.55153504
            ],
            [
              -6785707.84571348,
              5852788.84097644
            ],
            [
              -6785588.30576198,
              5852795.08611829
            ],
            [
              -6785468.70196258,
              5852801.2868241
            ],
            [
              -6785349.03334747,
              5852807.44302307
            ],
            [
              -6785229.29901899,
              5852813.55471079
            ],
            [
              -6785109.49815035,
              5852819.62194967
            ],
            [
              -6784989.62998619,
              5852825.64486918
            ],
            [
              -6784869.69384305,
              5852831.62366585
            ],
            [
              -6784749.68910962,
              5852837.55860293
            ],
            [
              -6784629.61524679,
              5852843.45000985
            ],
            [
              -6784509.47178742,
              5852849.29828117
            ],
            [
              -6784389.25833596,
              5852855.10387535
            ],
            [
              -6784268.9745677,
              5852860.86731299
            ],
            [
              -6784148.62022771,
              5852866.58917461
            ],
            [
              -6784028.19512953,
              5852872.2700981
            ],
            [
              -6783907.69915337,
              5852877.91077555
            ],
            [
              -6783787.13224405,
              5852883.51194954
            ],
            [
              -6783666.49440842,
              5852889.07440895
            ],
            [
              -6783545.78571235,
              5852894.59898415
            ],
            [
              -6783425.00627737,
              5852900.08654147
            ],
            [
              -6783304.15627663,
              5852905.5379772
            ],
            [
              -6783183.23593053,
              5852910.95421084
            ],
            [
              -6783062.11612713,
              5852916.35452983
            ],
            [
              -6782940.92639801,
              5852921.72146376
            ],
            [
              -6782819.66707466,
              5852927.05595754
            ],
            [
              -6782698.33851282,
              5852932.35894548
            ],
            [
              -6782576.94108541,
              5852937.63134118
            ],
            [
              -6782455.47517486,
              5852942.87402675
            ],
            [
              -6782333.94116508,
              5852948.08784155
            ],
            [
              -6782212.33943288,
              5852953.27357029
            ],
            [
              -6782090.67033911,
              5852958.43193076
            ],
            [
              -6781968.93421938,
              5852963.56356113
            ],
            [
              -6781847.13137458,
              5852968.66900706
            ],
            [
              -6781725.26206123,
              5852973.74870858
            ],
            [
              -6781603.32648176,
              5852978.80298695
            ],
            [
              -6781481.32477485,
              5852983.83203178
            ],
            [
              -6781359.25700596,
              5852988.83588828
            ],
            [
              -6781237.12315824,
              5852993.81444514
            ],
            [
              -6781114.92312386,
              5852998.76742313
            ],
            [
              -6780992.65669608,
              5853003.69436449
            ],
            [
              -6780870.32356219,
              5853008.59462367
            ],
            [
              -6780747.92329751,
              5853013.46735943
            ],
            [
              -6780625.45536062,
              5853018.31152858
            ],
            [
              -6780502.91909014,
              5853023.12588176
            ],
            [
              -6780380.31370321,
              5853027.90896143
            ],
            [
              -6780257.63829582,
              5853032.65910234
            ],
            [
              -6780134.89184531,
              5853037.37443473
            ],
            [
              -6780012.07321514,
              5853042.05289057
            ],
            [
              -6779889.18116213,
              5853046.69221287
            ],
            [
              -6779766.21434621,
              5853051.28996845
            ],
            [
              -6779643.17134298,
              5853055.84356401
            ],
            [
              -6779520.05065879,
              5853060.35026579
            ],
            [
              -6779396.8507486,
              5853064.80722262
            ],
            [
              -6779273.57003647,
              5853069.21149237
            ],
            [
              -6779150.20693833,
              5853073.56007145
            ],
            [
              -6779026.75988703,
              5853077.84992724
            ],
            [
              -6778903.22735926,
              5853082.07803285
            ],
            [
              -6778779.60790381,
              5853086.24140388
            ],
            [
              -6778655.90017088,
              5853090.33713641
            ],
            [
              -6778532.10294175,
              5853094.36244571
            ],
            [
              -6778408.21515826,
              5853098.31470466
            ],
            [
              -6778284.23595137,
              5853102.19148138
            ],
            [
              -6778160.1646683,
              5853105.99057495
            ],
            [
              -6778036.00089737,
              5853109.71004859
            ],
            [
              -6777911.74449008,
              5853113.34825935
            ],
            [
              -6777787.39557976,
              5853116.90388376
            ],
            [
              -6777662.95459636,
              5853120.37593873
            ],
            [
              -6777538.42227694,
              5853123.76379714
            ],
            [
              -6777413.79967166,
              5853127.06719801
            ],
            [
              -6777289.08814509,
              5853130.28625085
            ],
            [
              -6777164.28937288,
              5853133.42143427
            ],
            [
              -6777039.40533395,
              5853136.47358915
            ],
            [
              -6776914.43829843,
              5853139.44390646
            ],
            [
              -6776789.39081176,
              5853142.33391043
            ],
            [
              -6776664.26567549,
              5853145.14543743
            ],
            [
              -6776539.06592516,
              5853147.88061143
            ],
            [
              -6776413.79480608,
              5853150.54181661
            ],
            [
              -6776288.45574739,
              5853153.1316679
            ],
            [
              -6776163.05233514,
              5853155.65298018
            ],
            [
              -6776037.58828488,
              5853158.10873687
            ],
            [
              -6775912.06741437,
              5853160.50205847
            ],
            [
              -6775786.49361684,
              5853162.83617175
            ],
            [
              -6775660.87083511,
              5853165.11437995
            ],
            [
              -6775535.20303713,
              5853167.34003448
            ],
            [
              -6775409.49419297,
              5853169.51650849
            ],
            [
              -6775283.74825362,
              5853171.64717238
            ],
            [
              -6775157.96913165,
              5853173.73537166
            ],
            [
              -6775032.16068384,
              5853175.78440701
            ],
            [
              -6774906.32669578,
              5853177.79751673
            ],
            [
              -6774898.42367514,
              5853043.85961657
            ],
            [
              -6774890.3879672,
              5852909.82903187
            ],
            [
              -6774882.21599348,
              5852775.70239042
            ],
            [
              -6774873.90405572,
              5852641.47619526
            ],
            [
              -6774865.44833451,
              5852507.14682338
            ],
            [
              -6774856.84488897,
              5852372.71052564
            ],
            [
              -6774848.08965758,
              5852238.1634281
            ],
            [
              -6774839.17846056,
              5852103.50153527
            ],
            [
              -6774830.10700421,
              5851968.72073561
            ],
            [
              -6774820.87088754,
              5851833.81680998
            ],
            [
              -6774811.46561183,
              5851698.78544351
            ],
            [
              -6774801.88659368,
              5851563.62224175
            ],
            [
              -6774792.12918218,
              5851428.32275183
            ],
            [
              -6774782.18868105,
              5851292.88248967
            ],
            [
              -6774772.06037645,
              5851157.29697409
            ],
            [
              -6774761.73957155,
              5851021.56176911
            ],
            [
              -6774751.22162851,
              5850885.67253534
            ],
            [
              -6774740.50201903,
              5850749.62509166
            ],
            [
              -6774729.57638403,
              5850613.41548824
            ],
            [
              -6774718.44060344,
              5850477.04009157
            ],
            [
              -6774707.09087614,
              5850340.49568206
            ],
            [
              -6774695.52381046,
              5850203.77956429
            ],
            [
              -6774683.73652459,
              5850066.88968931
            ],
            [
              -6774671.72675589,
              5849929.82478764
            ],
            [
              -6774659.49297734,
              5849792.58451081
            ],
            [
              -6774647.0345186,
              5849655.16957826
            ],
            [
              -6774634.35168821,
              5849517.58192521
            ],
            [
              -6774621.44589287,
              5849379.82484673
            ],
            [
              -6774608.31974905,
              5849241.9031318
            ],
            [
              -6774594.97718195,
              5849103.82318139
            ],
            [
              -6774581.42350681,
              5848965.59310423
            ],
            [
              -6774567.66548794,
              5848827.22278468
            ],
            [
              -6774553.71137181,
              5848688.72391803
            ],
            [
              -6774539.57089169,
              5848550.11001009
            ],
            [
              -6774525.25524267,
              5848411.39633958
            ],
            [
              -6774510.77702749,
              5848272.599884
            ],
            [
              -6774496.1501751,
              5848133.73921104
            ],
            [
              -6774481.38983513,
              5847994.83433957
            ],
            [
              -6774466.51225214,
              5847855.90657501
            ],
            [
              -6774451.53462442,
              5847716.97832479
            ],
            [
              -6774436.47495189,
              5847578.07289961
            ],
            [
              -6774421.3518776,
              5847439.2143061
            ],
            [
              -6774406.18452684,
              5847300.4270358
            ],
            [
              -6774390.99234738,
              5847161.73585474
            ],
            [
              -6774375.79495322,
              5847023.16559694
            ],
            [
              -6774360.61197424,
              5846884.74096448
            ],
            [
              -6774345.46291291,
              5846746.48633607
            ],
            [
              -6774330.36700915,
              5846608.42558531
            ],
            [
              -6774315.34311391,
              5846470.58190976
            ],
            [
              -6774300.40957178,
              5846332.97767133
            ],
            [
              -6774285.58411306,
              5846195.63424861
            ],
            [
              -6774270.8837552,
              5846058.57190159
            ],
            [
              -6774256.32471413,
              5845921.80964943
            ],
            [
              -6774241.92232552,
              5845785.36516169
            ],
            [
              -6774227.6909763,
              5845649.25466373
            ],
            [
              -6774213.64404682,
              5845513.49285707
            ],
            [
              -6774199.79386391,
              5845378.09285505
            ],
            [
              -6774186.15166503,
              5845243.06613465
            ],
            [
              -6774172.72757386,
              5845108.42250461
            ],
            [
              -6774159.53058716,
              5844974.17009027
            ],
            [
              -6774146.56857298,
              5844840.31533483
            ],
            [
              -6774133.84827979,
              5844706.86301693
            ],
            [
              -6774121.37535603,
              5844573.81628366
            ],
            [
              -6774109.15437949,
              5844441.17669818
            ],
            [
              -6774097.18889553,
              5844308.94430072
            ],
            [
              -6774085.48146308,
              5844177.11768126
            ],
            [
              -6774074.03370743,
              5844045.69406246
            ],
            [
              -6774062.84637829,
              5843914.66939078
            ],
            [
              -6774051.91941213,
              5843784.038434
            ],
            [
              -6774041.25199728,
              5843653.79488308
            ],
            [
              -6774030.84264076,
              5843523.93145668
            ],
            [
              -6774020.68923552,
              5843394.44000633
            ],
            [
              -6774010.78912718,
              5843265.31162076
            ],
            [
              -6774001.13917939,
              5843136.53672793
            ],
            [
              -6773991.73583689,
              5843008.1051935
            ],
            [
              -6773982.57518591,
              5842880.00641465
            ],
            [
              -6773973.6530112,
              5842752.22940853
            ],
            [
              -6773964.96484966,
              5842624.76289472
            ],
            [
              -6773956.50604003,
              5842497.59537125
            ],
            [
              -6773948.27176887,
              5842370.71518398
            ],
            [
              -6773940.25711268,
              5842244.11058929
            ],
            [
              -6773932.45707624,
              5842117.76981008
            ],
            [
              -6773924.86662735,
              5841991.68108533
            ],
            [
              -6773917.48072816,
              5841865.83271344
            ],
            [
              -6773910.29436321,
              5841740.21308962
            ],
            [
              -6773903.30256453,
              5841614.81073783
            ],
            [
              -6773896.50043389,
              5841489.61433749
            ],
            [
              -6773889.8831625,
              5841364.61274559
            ],
            [
              -6773883.4460484,
              5841239.79501434
            ],
            [
              -6773877.18451167,
              5841115.15040512
            ],
            [
              -6773871.0941077,
              5840990.66839873
            ],
            [
              -6773865.17053872,
              5840866.33870275
            ],
            [
              -6773859.4096637,
              5840742.15125591
            ],
            [
              -6773853.80750688,
              5840618.09623028
            ],
            [
              -6773848.3602649,
              5840494.16403112
            ],
            [
              -6773843.06431289,
              5840370.34529511
            ],
            [
              -6773837.91620943,
              5840246.63088683
            ],
            [
              -6773832.91270068,
              5840123.01189407
            ],
            [
              -6773828.05072362,
              5839999.47962183
            ],
            [
              -6773823.32740869,
              5839876.02558552
            ],
            [
              -6773818.74008167,
              5839752.64150333
            ],
            [
              -6773814.28626526,
              5839629.31928788
            ],
            [
              -6773809.96368002,
              5839506.05103749
            ],
            [
              -6773805.77024509,
              5839382.82902694
            ],
            [
              -6773801.70407863,
              5839259.64569793
            ],
            [
              -6773797.76349804,
              5839136.49364933
            ],
            [
              -6773793.94702006,
              5839013.36562727
            ],
            [
              -6773790.25336081,
              5838890.25451501
            ],
            [
              -6773786.68143585,
              5838767.15332286
            ],
            [
              -6773783.23036033,
              5838644.05517799
            ],
            [
              -6773779.89944916,
              5838520.95331421
            ],
            [
              -6773776.6882175,
              5838397.8410618
            ],
            [
              -6773773.59638132,
              5838274.71183732
            ],
            [
              -6773770.62385841,
              5838151.55913343
            ],
            [
              -6773767.77076952,
              5838028.37650874
            ],
            [
              -6773765.03744005,
              5837905.15757771
            ],
            [
              -6773762.424402,
              5837781.89600044
            ],
            [
              -6773759.93239652,
              5837658.58547261
            ],
            [
              -6773757.56237686,
              5837535.21971522
            ],
            [
              -6773755.31551191,
              5837411.79246443
            ],
            [
              -6773753.19319035,
              5837288.2974612
            ],
            [
              -6773751.1970254,
              5837164.72844094
            ],
            [
              -6773749.32886027,
              5837041.07912298
            ],
            [
              -6773747.59077437,
              5836917.34319984
            ],
            [
              -6773745.98509027,
              5836793.5143264
            ],
            [
              -6773744.51438149,
              5836669.5861088
            ],
            [
              -6773743.18148123,
              5836545.55209305
            ],
            [
              -6773741.98949189,
              5836421.40575337
            ],
            [
              -6773740.94179578,
              5836297.14048025
            ],
            [
              -6773740.04206667,
              5836172.74956801
            ],
            [
              -6773739.29428252,
              5836048.22620211
            ],
            [
              -6773738.70273935,
              5835923.5634459
            ],
            [
              -6773738.27206617,
              5835798.75422695
            ],
            [
              -6773738.00724119,
              5835673.79132295
            ],
            [
              -6773737.91360918,
              5835548.66734701
            ],
            [
              -6773737.99690004,
              5835423.37473253
            ],
            [
              -6773738.2632485,
              5835297.90571756
            ],
            [
              -6773738.71921489,
              5835172.25232874
            ],
            [
              -6773739.3718069,
              5835046.40636486
            ],
            [
              -6773740.22850207,
              5834920.35938009
            ],
            [
              -6773741.2972708,
              5834794.10266718
            ],
            [
              -6773742.58659943,
              5834667.62724074
            ],
            [
              -6773744.10551301,
              5834540.92382084
            ],
            [
              -6773745.86359681,
              5834413.98281754
            ],
            [
              -6773747.871016,
              5834286.79431666
            ],
            [
              -6773750.13853197,
              5834159.34806763
            ],
            [
              -6773752.67751401,
              5834031.63347417
            ],
            [
              -6773755.49994427,
              5833903.6395891
            ],
            [
              -6773758.61841363,
              5833775.35511447
            ],
            [
              -6773762.04610548,
              5833646.76840896
            ],
            [
              -6773765.79676368,
              5833517.86750449
            ],
            [
              -6773769.8846404,
              5833388.6401347
            ],
            [
              -6773774.32441855,
              5833259.07377824
            ],
            [
              -6773779.1311029,
              5833129.15572029
            ],
            [
              -6773784.31987333,
              5832998.87313617
            ],
            [
              -6773789.90589297,
              5832868.21320111
            ],
            [
              -6773795.90406416,
              5832737.16323026
            ],
            [
              -6773802.32872554,
              5832605.71085289
            ],
            [
              -6773809.19328496,
              5832473.84422364
            ],
            [
              -6773816.50978541,
              5832341.55227262
            ],
            [
              -6773824.28840494,
              5832208.82499352
            ],
            [
              -6773832.53689665,
              5832075.65376646
            ],
            [
              -6773841.25998118,
              5831942.03170807
            ],
            [
              -6773850.45871125,
              5831807.95403765
            ],
            [
              -6773860.12983474,
              5831673.41844402
            ],
            [
              -6773870.26518831,
              5831538.42543443
            ],
            [
              -6773880.8511567,
              5831402.97864524
            ],
            [
              -6773891.86823206,
              5831267.08509437
            ],
            [
              -6773903.29070263,
              5831130.75535868
            ],
            [
              -6773915.08649071,
              5830994.00366442
            ],
            [
              -6773927.21714779,
              5830856.84788634
            ],
            [
              -6773939.6380015,
              5830719.30945846
            ],
            [
              -6773952.29843696,
              5830581.4132067
            ],
            [
              -6773965.14228646,
              5830443.18711865
            ],
            [
              -6773978.10829739,
              5830304.6620684
            ],
            [
              -6773991.13064957,
              5830165.8715141
            ],
            [
              -6774004.13949904,
              5830026.85118297
            ],
            [
              -6774017.06153591,
              5829887.63875324
            ],
            [
              -6774029.82055636,
              5829748.27353644
            ],
            [
              -6774042.33806438,
              5829608.79615565
            ],
            [
              -6774054.53393374,
              5829469.24820827
            ],
            [
              -6774066.32717562,
              5829329.67189504
            ],
            [
              -6774077.63686828,
              5829190.10959156
            ],
            [
              -6774088.38330987,
              5829050.60333661
            ],
            [
              -6774098.4894476,
              5828911.19421414
            ],
            [
              -6774107.8826109,
              5828771.92161643
            ],
            [
              -6774116.49652697,
              5828632.82239584
            ],
            [
              -6774124.273525,
              5828493.9299419
            ],
            [
              -6774131.16675045,
              5828355.2732554
            ],
            [
              -6774137.14213696,
              5828216.8761211
            ],
            [
              -6774142.17985189,
              5828078.75649385
            ],
            [
              -6774146.27496966,
              5827940.92619755
            ],
            [
              -6774149.43723811,
              5827803.39099153
            ],
            [
              -6774151.6899589,
              5827666.15099583
            ],
            [
              -6774153.06815319,
              5827529.20140569
            ],
            [
              -6774153.61628124,
              5827392.53338666
            ],
            [
              -6774153.38580659,
              5827256.13503247
            ],
            [
              -6774152.43285333,
              5827119.99228522
            ],
            [
              -6774150.81612596,
              5826984.08974946
            ],
            [
              -6774148.59517836,
              5826848.4113658
            ],
            [
              -6774145.82905033,
              5826712.94093699
            ],
            [
              -6774142.57524548,
              5826577.66251771
            ],
            [
              -6774138.88900197,
              5826442.56068837
            ],
            [
              -6774134.82280019,
              5826307.62073606
            ],
            [
              -6774130.42605498,
              5826172.82876431
            ],
            [
              -6774125.74494684,
              5826038.17175039
            ],
            [
              -6774120.82235584,
              5825903.63756519
            ],
            [
              -6774115.69786988,
              5825769.21496703
            ],
            [
              -6774110.40784611,
              5825634.89357817
            ],
            [
              -6774104.9855099,
              5825500.66384998
            ],
            [
              -6774099.46107986,
              5825366.51702132
            ],
            [
              -6774093.8619104,
              5825232.44507315
            ],
            [
              -6774088.21264585,
              5825098.44068149
            ],
            [
              -6774082.53538125,
              5824964.49717016
            ],
            [
              -6774076.84982644,
              5824830.6084643
            ],
            [
              -6774071.17347069,
              5824696.76904526
            ],
            [
              -6774065.52174557,
              5824562.97390733
            ],
            [
              -6774185.68046659,
              5824562.03461522
            ],
            [
              -6774305.53885969,
              5824561.19426322
            ],
            [
              -6774425.09002716,
              5824560.45597951
            ],
            [
              -6774544.32849197,
              5824559.8224956
            ],
            [
              -6774663.25043109,
              5824559.29606949
            ],
            [
              -6774781.85391366,
              5824558.87840812
            ],
            [
              -6774900.13913963,
              5824558.57059126
            ],
            [
              -6775018.10867413,
              5824558.37299858
            ],
            [
              -6775135.76767238,
              5824558.28524234
            ],
            [
              -6775253.12409037,
              5824558.30610758
            ],
            [
              -6775370.18887657,
              5824558.43350182
            ],
            [
              -6775486.97614074,
              5824558.66441587
            ],
            [
              -6775603.50329667,
              5824558.99489704
            ],
            [
              -6775719.79117641,
              5824559.42003541
            ],
            [
              -6775835.86411464,
              5824559.9339635
            ],
            [
              -6775951.7500021,
              5824560.52986923
            ],
            [
              -6776067.48030756,
              5824561.20002133
            ],
            [
              -6776183.09006712,
              5824561.93580663
            ],
            [
              -6776298.61783843,
              5824562.72777814
            ],
            [
              -6776414.10561552,
              5824563.56571318
            ],
            [
              -6776529.59869629,
              5824564.43868128
            ],
            [
              -6776645.14549092,
              5824565.33512199
            ],
            [
              -6776760.79725391,
              5824566.24293366
            ],
            [
              -6776876.60771749,
              5824567.14957544
            ],
            [
              -6776992.63259858,
              5824568.0421851
            ],
            [
              -6777108.92894886,
              5824568.90771664
            ],
            [
              -6777225.55431809,
              5824569.73310108
            ],
            [
              -6777342.56570813,
              5824570.50543356
            ],
            [
              -6777460.01831163,
              5824571.21218723
            ],
            [
              -6777577.96405657,
              5824571.84145084
            ],
            [
              -6777696.45001555,
              5824572.3821815
            ],
            [
              -6777815.51678146,
              5824572.82445795
            ],
            [
              -6777935.19695069,
              5824573.15971386
            ],
            [
              -6778055.51387744,
              5824573.38092777
            ],
            [
              -6778176.48085592,
              5824573.48274695
            ],
            [
              -6778296.65502573,
              5824575.31799769
            ],
            [
              -6778417.4609434,
              5824577.03187567
            ],
            [
              -6778538.88444691,
              5824578.6236536
            ],
            [
              -6778660.90362456,
              5824580.09391752
            ],
            [
              -6778783.4902626,
              5824581.44434989
            ],
            [
              -6778906.61142871,
              5824582.67749168
            ],
            [
              -6779030.23104505,
              5824583.79650557
            ],
            [
              -6779154.31133637,
              5824584.80495686
            ],
            [
              -6779278.81407897,
              5824585.70662352
            ],
            [
              -6779403.70161525,
              5824586.50534041
            ],
            [
              -6779528.93762979,
              5824587.20487853
            ],
            [
              -6779654.48770409,
              5824587.80885685
            ],
            [
              -6779780.31967904,
              5824588.32068243
            ],
            [
              -6779906.40385921,
              5824588.74351395
            ],
            [
              -6780032.71309244,
              5824589.08024375
            ],
            [
              -6780159.22275565,
              5824589.33349374
            ],
            [
              -6780285.910673,
              5824589.50562154
            ],
            [
              -6780412.75698806,
              5824589.59873351
            ],
            [
              -6780539.74400706,
              5824589.61470221
            ],
            [
              -6780666.85602633,
              5824589.55518639
            ],
            [
              -6780794.07915371,
              5824589.42165208
            ],
            [
              -6780921.40113096,
              5824589.21539366
            ],
            [
              -6781048.8111622,
              5824588.93755428
            ],
            [
              -6781176.29975144,
              5824588.5891451
            ],
            [
              -6781303.85855135,
              5824588.1710631
            ],
            [
              -6781431.48022415,
              5824587.68410728
            ],
            [
              -6781559.15831516,
              5824587.12899319
            ],
            [
              -6781686.88713868,
              5824586.50636589
            ],
            [
              -6781814.66167587,
              5824585.81681126
            ],
            [
              -6781942.47748396,
              5824585.06086591
            ],
            [
              -6782070.33061588,
              5824584.23902577
            ],
            [
              -6782198.21754962,
              5824583.35175338
            ],
            [
              -6782326.13512627,
              5824582.39948412
            ],
            [
              -6782454.08049601,
              5824581.38263155
            ],
            [
              -6782582.05107115,
              5824580.30159173
            ],
            [
              -6782710.04448549,
              5824579.15674698
            ],
            [
              -6782838.05855928,
              5824577.94846884
            ],
            [
              -6782966.09126902,
              5824576.67712059
            ],
            [
              -6783094.14072171,
              5824575.34305925
            ],
            [
              -6783222.20513277,
              5824573.94663719
            ],
            [
              -6783350.28280739,
              5824572.48820337
            ],
            [
              -6783478.37212465,
              5824570.96810438
            ],
            [
              -6783606.47152425,
              5824569.38668516
            ],
            [
              -6783734.57949532,
              5824567.74428962
            ],
            [
              -6783862.69456716,
              5824566.04126098
            ],
            [
              -6783990.8153016,
              5824564.27794216
            ],
            [
              -6784118.94028674,
              5824562.45467591
            ],
            [
              -6784247.0681319,
              5824560.57180496
            ],
            [
              -6784375.19746359,
              5824558.62967211
            ],
            [
              -6784503.32692237,
              5824556.6286202
            ],
            [
              -6784631.45516045,
              5824554.56899218
            ],
            [
              -6784759.58083996,
              5824552.45113106
            ],
            [
              -6784887.70263172,
              5824550.2753799
            ],
            [
              -6785015.81921451,
              5824548.04208175
            ],
            [
              -6785143.92927469,
              5824545.75157971
            ],
            [
              -6785272.03150623,
              5824543.40421684
            ],
            [
              -6785400.12461087,
              5824541.00033621
            ],
            [
              -6785528.20729867,
              5824538.54028091
            ],
            [
              -6785656.27828862,
              5824536.02439407
            ],
            [
              -6785784.33630952,
              5824533.45301894
            ],
            [
              -6785912.38010086,
              5824530.82649894
            ],
            [
              -6786040.40841389,
              5824528.14517774
            ],
            [
              -6786168.42001278,
              5824525.40939942
            ],
            [
              -6786296.41367577,
              5824522.61950856
            ],
            [
              -6786424.38819643,
              5824519.77585036
            ],
            [
              -6786552.33997896,
              5824516.79556196
            ],
            [
              -6786680.27027198,
              5824513.76222005
            ],
            [
              -6786808.1779234,
              5824510.67617305
            ],
            [
              -6786936.0618017,
              5824507.53777079
            ],
            [
              -6787063.92079727,
              5824504.34736471
            ],
            [
              -6787191.75382368,
              5824501.10530812
            ],
            [
              -6787319.55981902,
              5824497.81195643
            ],
            [
              -6787447.33774714,
              5824494.46766742
            ],
            [
              -6787575.08659894,
              5824491.07280151
            ],
            [
              -6787702.80539354,
              5824487.62772198
            ],
            [
              -6787830.49317957,
              5824484.13279534
            ],
            [
              -6787958.14903627,
              5824480.58839151
            ],
            [
              -6788085.77207466,
              5824476.99488419
            ],
            [
              -6788213.36143866,
              5824473.3526511
            ],
            [
              -6788340.91630617,
              5824469.66207428
            ],
            [
              -6788468.43589006,
              5824465.92354038
            ],
            [
              -6788595.91943922,
              5824462.13744096
            ],
            [
              -6788723.36623952,
              5824458.30417276
            ],
            [
              -6788850.77561468,
              5824454.42413799
            ],
            [
              -6788978.14692721,
              5824450.49774461
            ],
            [
              -6789105.4795792,
              5824446.52540661
            ],
            [
              -6789232.77301313,
              5824442.50754424
            ],
            [
              -6789360.02671261,
              5824438.44458435
            ],
            [
              -6789487.24020311,
              5824434.33696054
            ],
            [
              -6789614.41305254,
              5824430.18511351
            ],
            [
              -6789741.54487194,
              5824425.9894912
            ],
            [
              -6789868.63531599,
              5824421.7505491
            ],
            [
              -6789995.68408351,
              5824417.46875038
            ],
            [
              -6790122.69091795,
              5824413.14456616
            ],
            [
              -6790249.65560777,
              5824408.77847568
            ],
            [
              -6790376.57798679,
              5824404.37096646
            ],
            [
              -6790503.45793452,
              5824399.92253449
            ],
            [
              -6790630.29537638,
              5824395.43368436
            ],
            [
              -6790757.09028387,
              5824390.90492941
            ],
            [
              -6790883.84267478,
              5824386.33679185
            ],
            [
              -6791010.5526132,
              5824381.72980287
            ],
            [
              -6791137.22020959,
              5824377.08450271
            ],
            [
              -6791263.84562072,
              5824372.40144077
            ],
            [
              -6791390.42904964,
              5824367.68117566
            ],
            [
              -6791516.97074547,
              5824362.92427523
            ],
            [
              -6791643.47100325,
              5824358.13131663
            ],
            [
              -6791769.93016368,
              5824353.3028863
            ],
            [
              -6791896.34861279,
              5824348.43957998
            ],
            [
              -6792022.72678161,
              5824343.54200271
            ],
            [
              -6792149.06514572,
              5824338.61076875
            ],
            [
              -6792275.3642248,
              5824333.64650162
            ],
            [
              -6792401.62458209,
              5824328.64983394
            ],
            [
              -6792527.8468238,
              5824323.62140744
            ],
            [
              -6792654.03159851,
              5824318.56187284
            ],
            [
              -6792780.17959645,
              5824313.47188974
            ],
            [
              -6792906.2915488,
              5824308.35212653
            ],
            [
              -6793032.36822686,
              5824303.20326026
            ],
            [
              -6793158.41044128,
              5824298.02597649
            ],
            [
              -6793284.41904113,
              5824292.8209692
            ],
            [
              -6793410.39491303,
              5824287.58894054
            ],
            [
              -6793536.33898014,
              5824282.33060078
            ],
            [
              -6793662.2522012,
              5824277.04666807
            ],
            [
              -6793788.13556947,
              5824271.73786827
            ],
            [
              -6793913.99011162,
              5824266.40493481
            ],
            [
              -6794039.81688671,
              5824261.04860846
            ],
            [
              -6794165.61698493,
              5824255.66963717
            ],
            [
              -6794291.39152653,
              5824250.26877586
            ],
            [
              -6794417.14166055,
              5824244.84678628
            ],
            [
              -6794542.86856362,
              5824239.40443675
            ],
            [
              -6794668.57343873,
              5824233.94250202
            ],
            [
              -6794796.22009492,
              5824228.2922993
            ],
            [
              -6794923.84667975,
              5824222.62355387
            ],
            [
              -6795051.45452939,
              5824216.93709656
            ],
            [
              -6795179.04500239,
              5824211.23376422
            ],
            [
              -6795306.61947834,
              5824205.51439962
            ],
            [
              -6795434.17935631,
              5824199.77985127
            ],
            [
              -6795561.72605352,
              5824194.03097325
            ],
            [
              -6795689.26100385,
              5824188.26862513
            ],
            [
              -6795816.78565638,
              5824182.49367181
            ],
            [
              -6795944.301474,
              5824176.70698345
            ],
            [
              -6796071.80993196,
              5824170.90943539
            ],
            [
              -6796199.31251646,
              5824165.10190808
            ],
            [
              -6796326.81072325,
              5824159.2852871
            ],
            [
              -6796454.30605621,
              5824153.46046308
            ],
            [
              -6796581.80002603,
              5824147.62833177
            ],
            [
              -6796709.29414885,
              5824141.78979408
            ],
            [
              -6796836.7899449,
              5824135.94575617
            ],
            [
              -6796964.28893723,
              5824130.09712953
            ],
            [
              -6797091.79265047,
              5824124.24483116
            ],
            [
              -6797219.30260952,
              5824118.38978373
            ],
            [
              -6797346.82033841,
              5824112.53291584
            ],
            [
              -6797474.3473591,
              5824106.67516222
            ],
            [
              -6797601.88519035,
              5824100.81746409
            ],
            [
              -6797729.4353466,
              5824094.96076947
            ],
            [
              -6797856.999337,
              5824089.10603361
            ],
            [
              -6797984.57866429,
              5824083.25421942
            ],
            [
              -6798112.17482391,
              5824077.40629796
            ],
            [
              -6798239.78930306,
              5824071.563249
            ],
            [
              -6798367.42357983,
              5824065.72606163
            ],
            [
              -6798495.07912238,
              5824059.89573494
            ],
            [
              -6798622.75738814,
              5824054.07327876
            ],
            [
              -6798750.45982316,
              5824048.25971441
            ],
            [
              -6798878.18786137,
              5824042.45607565
            ],
            [
              -6799005.94292402,
              5824036.66340957
            ],
            [
              -6799133.72641912,
              5824030.88277764
            ],
            [
              -6799261.53974095,
              5824025.11525679
            ],
            [
              -6799389.38426959,
              5824019.36194066
            ],
            [
              -6799517.26137061,
              5824013.62394083
            ],
            [
              -6799645.17239471,
              5824007.9023882
            ],
            [
              -6799773.11867748,
              5824002.19843453
            ],
            [
              -6799901.10153925,
              5823996.51325397
            ],
            [
              -6800029.12228493,
              5823990.8480448
            ],
            [
              -6800157.18220401,
              5823985.20403123
            ],
            [
              -6800285.28257054,
              5823979.58246534
            ],
            [
              -6800413.42464325,
              5823973.98462918
            ],
            [
              -6800541.60966568,
              5823968.41183693
            ],
            [
              -6800669.83886648,
              5823962.8654373
            ],
            [
              -6800798.11345966,
              5823957.34681598
            ],
            [
              -6800926.43464501,
              5823951.85739826
            ],
            [
              -6801054.80360857,
              5823946.39865185
            ],
            [
              -6801183.22152315,
              5823940.97208979
            ],
            [
              -6801311.68954896,
              5823935.57927349
            ],
            [
              -6801440.20883431,
              5823930.22181595
            ],
            [
              -6801568.78051641,
              5823924.90138506
            ],
            [
              -6801697.40572216,
              5823919.61970702
            ],
            [
              -6801826.0855691,
              5823914.37856979
            ],
            [
              -6801954.82116642,
              5823909.1798266
            ],
            [
              -6802083.61361594,
              5823904.02539938
            ],
            [
              -6802212.46401325,
              5823898.91728208
            ],
            [
              -6802341.37344879,
              5823893.85754378
            ],
            [
              -6802470.34300902,
              5823888.84833144
            ],
            [
              -6802599.37377749,
              5823883.89187207
            ],
            [
              -6802728.46683595,
              5823878.99047416
            ],
            [
              -6802857.62326534,
              5823874.1465281
            ],
            [
              -6802984.85292192,
              5823869.68016989
            ],
            [
              -6803112.14599217,
              5823865.27426061
            ],
            [
              -6803239.50351447,
              5823860.93130477
            ],
            [
              -6803366.92652834,
              5823856.65386917
            ],
            [
              -6803494.41607402,
              5823852.44457239
            ],
            [
              -6803621.97319159,
              5823848.30607043
            ],
            [
              -6803749.59891935,
              5823844.24103756
            ],
            [
              -6803877.29429151,
              5823840.25214163
            ],
            [
              -6804005.06033495,
              5823836.34201314
            ],
            [
              -6804132.89806499,
              5823832.51320724
            ],
            [
              -6804260.8084801,
              5823828.76815838
            ],
            [
              -6804388.79255549,
              5823825.10912717
            ],
            [
              -6804516.85123567,
              5823821.53814016
            ],
            [
              -6804644.98542613,
              5823818.05692302
            ],
            [
              -6804773.19598434,
              5823814.66682929
            ],
            [
              -6804901.48371054,
              5823811.36876683
            ],
            [
              -6805029.84933873,
              5823808.16312539
            ],
            [
              -6805158.2935285,
              5823805.04970907
            ],
            [
              -6805286.81685826,
              5823802.02767774
            ],
            [
              -6805415.41982054,
              5823799.09550138
            ],
            [
              -6805544.10281967,
              5823796.25093056
            ],
            [
              -6805672.86617232,
              5823793.49098525
            ],
            [
              -6805801.71011069,
              5823790.81196274
            ],
            [
              -6805930.63478835,
              5823788.20946408
            ],
            [
              -6806059.6402882,
              5823785.67843681
            ],
            [
              -6806188.72663182,
              5823783.2132311
            ],
            [
              -6806317.89378952,
              5823780.80766567
            ],
            [
              -6806447.14169027,
              5823778.45509975
            ],
            [
              -6806576.47023055,
              5823776.14850779
            ],
            [
              -6806705.8792816,
              5823773.88055444
            ],
            [
              -6806835.36869402,
              5823771.64366783
            ],
            [
              -6806964.93829956,
              5823769.4301102
            ],
            [
              -6807094.58790912,
              5823767.23204593
            ],
            [
              -6807224.31730703,
              5823765.04160704
            ],
            [
              -6807354.12624088,
              5823762.85095727
            ],
            [
              -6807484.01440705,
              5823760.65235552
            ],
            [
              -6807613.98143174,
              5823758.43821972
            ],
            [
              -6807744.02684786,
              5823756.20119155
            ],
            [
              -6807874.15006807,
              5823753.9342023
            ],
            [
              -6808004.35035509,
              5823751.63053918
            ],
            [
              -6808134.6267901,
              5823749.28391089
            ],
            [
              -6808264.97824117,
              5823746.88851038
            ],
            [
              -6808395.40333308,
              5823744.43907205
            ],
            [
              -6808525.90042088,
              5823741.93092052
            ],
            [
              -6808656.46756882,
              5823739.36000779
            ],
            [
              -6808787.10253635,
              5823736.72293623
            ],
            [
              -6808917.80277236,
              5823734.01696572
            ],
            [
              -6809048.5654181,
              5823731.24000415
            ],
            [
              -6809179.38731845,
              5823728.39058203
            ],
            [
              -6809310.26504083,
              5823725.46781302
            ],
            [
              -6809441.19490015,
              5823722.47134318
            ],
            [
              -6809572.17298796,
              5823719.40129233
            ],
            [
              -6809703.1952042,
              5823716.25819108
            ],
            [
              -6809834.25728942,
              5823713.04291675
            ],
            [
              -6809965.35485629,
              5823709.75663117
            ],
            [
              -6810096.48341901,
              5823706.40072242
            ],
            [
              -6810227.63841997,
              5823702.976752
            ],
            [
              -6810358.8152531,
              5823699.48640831
            ],
            [
              -6810490.00928389,
              5823695.93146678
            ],
            [
              -6810621.21586599,
              5823692.31375632
            ],
            [
              -6810752.43035484,
              5823688.63513192
            ],
            [
              -6810883.64811838,
              5823684.89745271
            ],
            [
              -6811014.86454543,
              5823681.10256468
            ],
            [
              -6811146.07505202,
              5823677.25228763
            ],
            [
              -6811277.27508604,
              5823673.34840544
            ],
            [
              -6811407.84328768,
              5823670.05600815
            ],
            [
              -6811538.39279574,
              5823666.71375767
            ],
            [
              -6811668.91922872,
              5823663.32327096
            ],
            [
              -6811799.41824277,
              5823659.8861154
            ],
            [
              -6811929.88553223,
              5823656.40380837
            ],
            [
              -6812060.31682992,
              5823652.87781755
            ],
            [
              -6812190.70790717,
              5823649.30956194
            ],
            [
              -6812321.05457393,
              5823645.70041326
            ],
            [
              -6812451.35267881,
              5823642.05169771
            ],
            [
              -6812581.59810929,
              5823638.36469792
            ],
            [
              -6812711.78679201,
              5823634.64065503
            ],
            [
              -6812841.91469325,
              5823630.88077081
            ],
            [
              -6812971.97781971,
              5823627.08620979
            ],
            [
              -6813101.9722194,
              5823623.2581014
            ],
            [
              -6813231.89398287,
              5823619.39754204
            ],
            [
              -6813361.73924474,
              5823615.50559703
            ],
            [
              -6813491.50418544,
              5823611.58330252
            ],
            [
              -6813621.18503327,
              5823607.63166735
            ],
            [
              -6813750.77806682,
              5823603.6516747
            ],
            [
              -6813880.27961759,
              5823599.64428372
            ],
            [
              -6814009.68607297,
              5823595.61043104
            ],
            [
              -6814138.99387954,
              5823591.55103218
            ],
            [
              -6814268.1995466,
              5823587.46698284
            ],
            [
              -6814397.29965002,
              5823583.35916015
            ],
            [
              -6814526.29083638,
              5823579.22842374
            ],
            [
              -6814655.16982733,
              5823575.07561681
            ],
            [
              -6814783.93342422,
              5823570.90156705
            ],
            [
              -6814912.57851299,
              5823566.70708754
            ],
            [
              -6815041.10206921,
              5823562.49297753
            ],
            [
              -6815169.5011633,
              5823558.26002316
            ],
            [
              -6815297.77296601,
              5823554.0089981
            ],
            [
              -6815425.91475386,
              5823549.74066418
            ],
            [
              -6815553.92391481,
              5823545.45577185
            ],
            [
              -6815681.79795393,
              5823541.15506075
            ],
            [
              -6815809.53449905,
              5823536.83926004
            ],
            [
              -6815937.13130647,
              5823532.50908883
            ],
            [
              -6816066.90552304,
              5823527.32335452
            ],
            [
              -6816196.53043474,
              5823522.1243704
            ],
            [
              -6816326.00416314,
              5823516.91286409
            ],
            [
              -6816455.32499226,
              5823511.68955343
            ],
            [
              -6816584.49137373,
              5823506.45514667
            ],
            [
              -6816713.50193151,
              5823501.21034259
            ],
            [
              -6816842.35546629,
              5823495.95583063
            ],
            [
              -6816971.05095929,
              5823490.69229099
            ],
            [
              -6817099.58757568,
              5823485.42039463
            ],
            [
              -6817227.96466731,
              5823480.14080336
            ],
            [
              -6817356.18177494,
              5823474.8541698
            ],
            [
              -6817484.23862977,
              5823469.56113739
            ],
            [
              -6817612.13515431,
              5823464.26234038
            ],
            [
              -6817739.87146256,
              5823458.95840374
            ],
            [
              -6817867.44785954,
              5823453.64994312
            ],
            [
              -6817994.86483997,
              5823448.33756478
            ],
            [
              -6818122.12308641,
              5823443.02186551
            ],
            [
              -6818249.22346651,
              5823437.70343253
            ],
            [
              -6818376.16702971,
              5823432.38284341
            ],
            [
              -6818502.95500317,
              5823427.06066591
            ],
            [
              -6818629.58878706,
              5823421.73745795
            ],
            [
              -6818756.06994931,
              5823416.41376743
            ],
            [
              -6818882.40021967,
              5823411.09013215
            ],
            [
              -6819008.58148332,
              5823405.76707967
            ],
            [
              -6819134.61577396,
              5823400.44512725
            ],
            [
              -6819260.50526647,
              5823395.12478162
            ],
            [
              -6819386.25226921,
              5823389.80653901
            ],
            [
              -6819511.85921599,
              5823384.49088491
            ],
            [
              -6819637.32865775,
              5823379.17829403
            ],
            [
              -6819762.66325409,
              5823373.8692302
            ],
            [
              -6819887.86576461,
              5823368.56414623
            ],
            [
              -6820012.93904014,
              5823363.26348384
            ],
            [
              -6820137.88601399,
              5823357.96767358
            ],
            [
              -6820262.70969321,
              5823352.67713472
            ],
            [
              -6820387.41314979,
              5823347.3922752
            ],
            [
              -6820511.99951216,
              5823342.11349155
            ],
            [
              -6820636.47195667,
              5823336.84116882
            ],
            [
              -6820760.83369937,
              5823331.57568056
            ],
            [
              -6820835.51294163,
              5823407.79460189
            ],
            [
              -6820910.08459594,
              5823484.00524044
            ],
            [
              -6820979.62431213,
              5823533.94151857
            ],
            [
              -6821049.09092654,
              5823583.87445287
            ],
            [
              -6821066.21375396,
              5823689.03709675
            ],
            [
              -6821083.27654084,
              5823794.19047016
            ],
            [
              -6821091.18576294,
              5823899.73284711
            ],
            [
              -6821099.04196244,
              5824005.26690045
            ],
            [
              -6821106.84369954,
              5824110.79265858
            ],
            [
              -6821099.82185748,
              5824199.31777275
            ],
            [
              -6821092.77149975,
              5824287.83837105
            ],
            [
              -6821085.69193985,
              5824376.35446191
            ],
            [
              -6821075.28464492,
              5824465.01185379
            ],
            [
              -6821064.84920225,
              5824553.66508735
            ],
            [
              -6821054.38492102,
              5824642.31417456
            ],
            [
              -6821058.71426293,
              5824730.30084662
            ],
            [
              -6821063.00056824,
              5824818.28206893
            ],
            [
              -6821067.2428562,
              5824906.25787299
            ],
            [
              -6821078.01815832,
              5824993.93499951
            ],
            [
              -6821088.74062287,
              5825081.60630755
            ],
            [
              -6821099.40911599,
              5825169.27184618
            ],
            [
              -6821147.59335191,
              5825272.87606728
            ],
            [
              -6821121.83338561,
              5825379.77830619
            ],
            [
              -6821096.03175536,
              5825486.67651294
            ],
            [
              -6821033.61399198,
              5825568.78424101
            ],
            [
              -6820971.18746998,
              5825650.89568116
            ],
            [
              -6820908.36726774,
              5825764.74605443
            ],
            [
              -6820845.52120472,
              5825878.59845104
            ],
            [
              -6820759.70124376,
              5825861.34454496
            ],
            [
              -6820673.80268788,
              5825844.09452259
            ],
            [
              -6820599.68443204,
              5825868.60667109
            ],
            [
              -6820525.53914207,
              5825893.12424619
            ],
            [
              -6820467.31531557,
              5825962.74410105
            ],
            [
              -6820409.08186896,
              5826032.36763092
            ],
            [
              -6820350.83829137,
              5826101.99486722
            ],
            [
              -6820288.19217068,
              5826197.37985791
            ],
            [
              -6820225.5262377,
              5826292.76852003
            ],
            [
              -6820199.75283063,
              5826390.86961987
            ],
            [
              -6820173.93887612,
              5826488.96827573
            ],
            [
              -6820148.08302576,
              5826587.06457833
            ],
            [
              -6820085.14631789,
              5826695.67964451
            ],
            [
              -6820022.1759536,
              5826804.29832046
            ],
            [
              -6819923.32422579,
              5826835.30820719
            ],
            [
              -6819824.40203641,
              5826866.32728438
            ],
            [
              -6819761.3908852,
              5826974.96843955
            ],
            [
              -6819698.34028982,
              5827083.61361879
            ],
            [
              -6819648.30838801,
              5827138.80112151
            ],
            [
              -6819598.26228315,
              5827193.99175189
            ],
            [
              -6819564.14729045,
              5827283.67329078
            ],
            [
              -6819529.99563314,
              5827373.35513129
            ],
            [
              -6819495.80595872,
              5827463.03738993
            ],
            [
              -6819436.93387252,
              5827553.88020497
            ],
            [
              -6819378.0246702,
              5827644.72757486
            ],
            [
              -6819319.07634806,
              5827735.57962173
            ],
            [
              -6819292.64936733,
              5827842.5084863
            ],
            [
              -6819266.14457737,
              5827949.43653999
            ],
            [
              -6819239.55849614,
              5828056.36403744
            ],
            [
              -6819237.48592683,
              5828162.1193232
            ],
            [
              -6819235.28979159,
              5828267.87107237
            ],
            [
              -6819257.51065707,
              5828372.44479947
            ],
            [
              -6819279.54365082,
              5828477.01271133
            ],
            [
              -6819350.3238859,
              5828579.22185861
            ],
            [
              -6819420.74755812,
              5828681.4226696
            ],
            [
              -6819478.62623161,
              5828784.20416778
            ],
            [
              -6819536.18766752,
              5828886.97874202
            ],
            [
              -6819527.50612103,
              5829001.73809015
            ],
            [
              -6819518.63267542,
              5829116.49661341
            ],
            [
              -6819509.55980252,
              5829231.25472579
            ],
            [
              -6819454.16074082,
              5829286.7160619
            ],
            [
              -6819398.72982172,
              5829342.18325227
            ],
            [
              -6819327.36423402,
              5829306.0987735
            ],
            [
              -6819255.85515334,
              5829270.01444552
            ],
            [
              -6819181.86911256,
              5829300.01396922
            ],
            [
              -6819107.83088701,
              5829330.01956106
            ],
            [
              -6819048.41663976,
              5829403.29576013
            ],
            [
              -6818988.9371776,
              5829476.57943795
            ],
            [
              -6818929.38811027,
              5829549.8707062
            ],
            [
              -6818837.22282419,
              5829624.76866939
            ],
            [
              -6818744.93649419,
              5829699.67988061
            ],
            [
              -6818652.51685564,
              5829774.60417537
            ],
            [
              -6818568.82254697,
              5829831.50892905
            ],
            [
              -6818485.00788916,
              5829888.4225491
            ],
            [
              -6818401.06171486,
              5829945.3447919
            ],
            [
              -6818330.20385681,
              5830028.02135096
            ],
            [
              -6818259.16975464,
              5830110.7084576
            ],
            [
              -6818187.93895835,
              5830193.40623774
            ],
            [
              -6818116.48619282,
              5830276.11483452
            ],
            [
              -6818049.62673393,
              5830384.99089459
            ],
            [
              -6817982.32954772,
              5830493.88272445
            ],
            [
              -6817908.77177998,
              5830484.30512126
            ],
            [
              -6817834.99644635,
              5830474.72534095
            ],
            [
              -6817781.63237357,
              5830543.32920986
            ],
            [
              -6817727.98028188,
              5830611.94054857
            ],
            [
              -6817648.23388646,
              5830695.01600565
            ],
            [
              -6817568.11822807,
              5830778.10238311
            ],
            [
              -6817544.74139714,
              5830884.8251661
            ],
            [
              -6817521.13625473,
              5830991.55790016
            ],
            [
              -6817497.33198028,
              5831098.30091979
            ],
            [
              -6817414.70035837,
              5831207.91862683
            ],
            [
              -6817331.84369854,
              5831317.55235701
            ],
            [
              -6817274.02018122,
              5831425.97377247
            ],
            [
              -6817216.07907886,
              5831534.40975907
            ],
            [
              -6817111.29614499,
              5831592.3176026
            ],
            [
              -6817006.30755357,
              5831650.22404437
            ],
            [
              -6816949.39011433,
              5831741.02012986
            ],
            [
              -6816892.42520839,
              5831831.82570517
            ],
            [
              -6816835.42161711,
              5831922.64064332
            ],
            [
              -6816766.32438071,
              5832005.23811168
            ],
            [
              -6816697.19080129,
              5832087.84137477
            ],
            [
              -6816628.02732141,
              5832170.44993974
            ],
            [
              -6816558.83984087,
              5832253.06328441
            ],
            [
              -6816501.73715954,
              5832343.9151557
            ],
            [
              -6816444.63569999,
              5832434.77470901
            ],
            [
              -6816387.54081593,
              5832525.64162068
            ],
            [
              -6816292.86250599,
              5832609.48486636
            ],
            [
              -6816198.14183686,
              5832693.32288502
            ],
            [
              -6816103.38334426,
              5832777.15412178
            ],
            [
              -6816008.59089371,
              5832860.97699068
            ],
            [
              -6815918.8853484,
              5832944.55192662
            ],
            [
              -6815829.16147245,
              5833028.1174396
            ],
            [
              -6815820.51081896,
              5833160.18922532
            ],
            [
              -6815811.87835476,
              5833292.28316326
            ],
            [
              -6815803.27880672,
              5833424.39977916
            ],
            [
              -6815794.72638405,
              5833556.53956138
            ],
            [
              -6815786.23478474,
              5833688.70295542
            ],
            [
              -6815777.81719951,
              5833820.89035798
            ],
            [
              -6815769.48631248,
              5833953.10211042
            ],
            [
              -6815761.25429847,
              5834085.33849173
            ],
            [
              -6815753.13281651,
              5834217.59971082
            ],
            [
              -6815745.13299972,
              5834349.88589837
            ],
            [
              -6815737.26544135,
              5834482.19709792
            ],
            [
              -6815729.54017713,
              5834614.53325657
            ],
            [
              -6815721.96666414,
              5834746.89421497
            ],
            [
              -6815714.55375618,
              5834879.27969685
            ],
            [
              -6815707.30967611,
              5835011.68929811
            ],
            [
              -6815700.24198535,
              5835144.12247543
            ],
            [
              -6815693.35755099,
              5835276.57853458
            ],
            [
              -6815686.66251089,
              5835409.05661862
            ],
            [
              -6815680.1622374,
              5835541.55569584
            ],
            [
              -6815673.86130025,
              5835674.07454797
            ],
            [
              -6815667.76342932,
              5835806.61175848
            ],
            [
              -6815661.87147807,
              5835939.16570152
            ],
            [
              -6815656.18738845,
              5836071.73453138
            ],
            [
              -6815650.71215827,
              5836204.31617306
            ],
            [
              -6815645.44581191,
              5836336.90831395
            ],
            [
              -6815640.38737555,
              5836469.5083971
            ],
            [
              -6815635.5348578,
              5836602.1136163
            ],
            [
              -6815630.885237,
              5836734.72091325
            ],
            [
              -6815626.43445611,
              5836867.32697732
            ],
            [
              -6815622.17742636,
              5836999.92824792
            ],
            [
              -6815618.10804063,
              5837132.52092012
            ],
            [
              -6815614.21919746,
              5837265.10095351
            ],
            [
              -6815610.50283648,
              5837397.66408477
            ],
            [
              -6815606.94998599,
              5837530.20584405
            ],
            [
              -6815603.5508231,
              5837662.72157533
            ],
            [
              -6815600.29474669,
              5837795.20646089
            ],
            [
              -6815597.17046315,
              5837927.65554986
            ],
            [
              -6815594.16608458,
              5838060.06379072
            ],
            [
              -6815591.26923867,
              5838192.42606766
            ],
            [
              -6815588.46718929,
              5838324.73724023
            ],
            [
              -6815585.74696606,
              5838456.99218604
            ],
            [
              -6815583.0955011,
              5838589.18584563
            ],
            [
              -6815580.49977046,
              5838721.31326889
            ],
            [
              -6815577.94693739,
              5838853.36966193
            ],
            [
              -6815575.4244944,
              5838985.3504336
            ],
            [
              -6815572.92040059,
              5839117.25124013
            ],
            [
              -6815570.42321096,
              5839249.06802716
            ],
            [
              -6815567.92219413,
              5839380.79706765
            ],
            [
              -6815565.40743552,
              5839512.43499481
            ],
            [
              -6815562.86992309,
              5839643.97882914
            ],
            [
              -6815560.30161379,
              5839775.42599865
            ],
            [
              -6815557.69547921,
              5839906.77435217
            ],
            [
              -6815555.04552995,
              5840038.02216525
            ],
            [
              -6815552.34681918,
              5840169.16813898
            ],
            [
              -6815549.5954263,
              5840300.21139204
            ],
            [
              -6815546.78842278,
              5840431.15144668
            ],
            [
              -6815543.92382242,
              5840561.9882094
            ],
            [
              -6815541.00051891,
              5840692.72194744
            ],
            [
              -6815538.01821364,
              5840823.35326186
            ],
            [
              -6815534.97733678,
              5840953.8830586
            ],
            [
              -6815531.87896448,
              5841084.31251816
            ],
            [
              -6815528.7247348,
              5841214.64306505
            ],
            [
              -6815525.51676468,
              5841344.8763377
            ],
            [
              -6815522.25756972,
              5841475.01415941
            ],
            [
              -6815518.94998831,
              5841605.05851093
            ],
            [
              -6815515.5971111,
              5841735.01150497
            ],
            [
              -6815512.20221655,
              5841864.87536289
            ],
            [
              -6815508.76871292,
              5841994.65239364
            ],
            [
              -6815505.30008675,
              5842124.34497507
            ],
            [
              -6815501.7998579,
              5842253.95553743
            ],
            [
              -6815498.27154063,
              5842383.48654909
            ],
            [
              -6815494.71861063,
              5842512.94050424
            ],
            [
              -6815491.14447728,
              5842642.3199124
            ],
            [
              -6815487.55246092,
              5842771.62728972
            ],
            [
              -6815483.94577444,
              5842900.86515161
            ],
            [
              -6815480.32750877,
              5843030.0360068
            ],
            [
              -6815476.70062178,
              5843159.14235242
            ],
            [
              -6815473.06793022,
              5843288.18667015
            ],
            [
              -6815469.43210415,
              5843417.17142309
            ],
            [
              -6815465.7956636,
              5843546.09905343
            ],
            [
              -6815462.16097715,
              5843674.97198052
            ],
            [
              -6815458.53026202,
              5843803.79259957
            ],
            [
              -6815454.90558544,
              5843932.56328059
            ],
            [
              -6815451.28886728,
              5844061.28636765
            ],
            [
              -6815447.68188334,
              5844189.9641784
            ],
            [
              -6815444.08626958,
              5844318.59900364
            ],
            [
              -6815440.50352682,
              5844447.19310714
            ],
            [
              -6815436.93502591,
              5844575.74872536
            ],
            [
              -6815433.3820133,
              5844704.26806737
            ],
            [
              -6815429.84561685,
              5844832.75331465
            ],
            [
              -6815426.32685186,
              5844961.2066209
            ],
            [
              -6815422.8266272,
              5845089.6301119
            ],
            [
              -6815419.34575157,
              5845218.02588521
            ],
            [
              -6815415.88493975,
              5845346.39600986
            ],
            [
              -6815412.44481888,
              5845474.74252606
            ],
            [
              -6815409.0259347,
              5845603.06744468
            ],
            [
              -6815405.62875775,
              5845731.37274684
            ],
            [
              -6815402.25368942,
              5845859.66038331
            ],
            [
              -6815398.90106799,
              5845987.93227395
            ],
            [
              -6815395.57117449,
              5846116.19030699
            ],
            [
              -6815392.26423845,
              5846244.43633836
            ],
            [
              -6815388.98044348,
              5846372.67219092
            ],
            [
              -6815385.7199327,
              5846500.89965366
            ],
            [
              -6815382.48281404,
              5846629.12048086
            ],
            [
              -6815379.26916523,
              5846757.33639129
            ],
            [
              -6815376.0790388,
              5846885.5490673
            ],
            [
              -6815372.91246668,
              5847013.76015396
            ],
            [
              -6815369.76946471,
              5847141.97125822
            ],
            [
              -6815366.65003692,
              5847270.18394804
            ],
            [
              -6815363.55417953,
              5847398.39975153
            ],
            [
              -6815360.48188483,
              5847526.62015619
            ],
            [
              -6815357.43314471,
              5847654.84660809
            ],
            [
              -6815354.40795406,
              5847783.08051117
            ],
            [
              -6815351.40631381,
              5847911.32322652
            ],
            [
              -6815348.42823387,
              5848039.57607178
            ],
            [
              -6815345.47373569,
              5848167.84032056
            ],
            [
              -6815342.5428547,
              5848296.11720197
            ],
            [
              -6815339.63564233,
              5848424.40790012
            ],
            [
              -6815336.752168,
              5848552.71355385
            ],
            [
              -6815333.89252065,
              5848681.03525641
            ],
            [
              -6815331.05681021,
              5848809.37405532
            ],
            [
              -6815328.24516867,
              5848937.7309522
            ],
            [
              -6815325.45775104,
              5849066.10690283
            ],
            [
              -6815322.69473596,
              5849194.5028172
            ],
            [
              -6815319.95632621,
              5849322.91955967
            ],
            [
              -6815317.24274888,
              5849451.35794925
            ],
            [
              -6815314.55425541,
              5849579.81875995
            ],
            [
              -6815311.89112139,
              5849708.30272119
            ],
            [
              -6815309.25364615,
              5849836.81051839
            ],
            [
              -6815306.64215219,
              5849965.34279351
            ],
            [
              -6815304.05698448,
              5850093.90014577
            ],
            [
              -6815301.49850945,
              5850222.48313244
            ],
            [
              -6815298.96711402,
              5850351.09226967
            ],
            [
              -6815296.46320434,
              5850479.72803339
            ],
            [
              -6815293.98720449,
              5850608.39086032
            ],
            [
              -6815291.53955501,
              5850737.08114897
            ],
            [
              -6815289.12071139,
              5850865.79926077
            ],
            [
              -6815286.73114241,
              5850994.5455212
            ],
            [
              -6815284.37132847,
              5851123.32022099
            ],
            [
              -6815282.04175983,
              5851252.12361732
            ],
            [
              -6815279.74293476,
              5851380.95593511
            ],
            [
              -6815277.47535775,
              5851509.81736827
            ],
            [
              -6815275.23953765,
              5851638.70808105
            ],
            [
              -6815273.03598577,
              5851767.62820928
            ],
            [
              -6815270.86521406,
              5851896.57786182
            ],
            [
              -6815268.72773323,
              5852025.55712177
            ]
          ]
        ]
      }
    },
    {
      "type": "Feature",
      "properties": {},
      "geometry": {
        "type": "Polygon",
        "coordinates": [
          [
            [
              -6820611.18571418,
              5839725.23131031
            ],
            [
              -6820493.78867004,
              5839731.93457581
            ],
            [
              -6820376.5690092,
              5839738.68280171
            ],
            [
              -6820259.5098604,
              5839745.47013647
            ],
            [
              -6820142.59030722,
              5839752.28950349
            ],
            [
              -6820025.78501522,
              5839759.13247556
            ],
            [
              -6819909.06382213,
              5839765.98913161
            ],
            [
              -6819792.39125233,
              5839772.84788216
            ],
            [
              -6819675.72589093,
              5839779.69524096
            ],
            [
              -6819559.01951078,
              5839786.51550615
            ],
            [
              -6819442.21577576,
              5839793.29028962
            ],
            [
              -6819325.2482277,
              5839799.99779323
            ],
            [
              -6819208.03710035,
              5839806.61167268
            ],
            [
              -6819090.48448263,
              5839813.09932311
            ],
            [
              -6818972.46887445,
              5839819.41995191
            ],
            [
              -6818853.84935754,
              5839825.52601797
            ],
            [
              -6818734.51019564,
              5839831.37882317
            ],
            [
              -6818614.438376,
              5839836.97563585
            ],
            [
              -6818493.71783752,
              5839842.34765457
            ],
            [
              -6818372.45125862,
              5839847.53261819
            ],
            [
              -6818250.72121714,
              5839852.56119896
            ],
            [
              -6818128.5883624,
              5839857.45635261
            ],
            [
              -6818006.09732559,
              5839862.23537873
            ],
            [
              -6817883.28170089,
              5839866.91165747
            ],
            [
              -6817760.16737903,
              5839871.49581103
            ],
            [
              -6817636.77472668,
              5839875.99646238
            ],
            [
              -6817513.12004335,
              5839880.4207422
            ],
            [
              -6817389.21656665,
              5839884.7746386
            ],
            [
              -6817265.07518756,
              5839889.06324619
            ],
            [
              -6817140.70497331,
              5839893.29094842
            ],
            [
              -6817016.11355847,
              5839897.46155428
            ],
            [
              -6816891.30744302,
              5839901.57840299
            ],
            [
              -6816766.29222328,
              5839905.64444546
            ],
            [
              -6816641.07277309,
              5839909.66230867
            ],
            [
              -6816515.65338762,
              5839913.63434718
            ],
            [
              -6816390.03789847,
              5839917.56268478
            ],
            [
              -6816264.22976656,
              5839921.44924856
            ],
            [
              -6816138.23215755,
              5839925.29579688
            ],
            [
              -6816140.43818222,
              5839794.18731437
            ],
            [
              -6816142.56592605,
              5839662.96779237
            ],
            [
              -6816144.62346204,
              5839531.6395169
            ],
            [
              -6816146.62053329,
              5839400.20541363
            ],
            [
              -6816148.56850151,
              5839268.66903362
            ],
            [
              -6816150.48025176,
              5839137.03452392
            ],
            [
              -6816152.37005623,
              5839005.3065842
            ],
            [
              -6816154.25340215,
              5838873.49041109
            ],
            [
              -6816156.14679056,
              5838741.59163255
            ],
            [
              -6816158.06751376,
              5838609.61623492
            ],
            [
              -6816160.03341968,
              5838477.57048561
            ],
            [
              -6816162.06267093,
              5838345.46085396
            ],
            [
              -6816164.17350623,
              5838213.29393285
            ],
            [
              -6816166.38401,
              5838081.07636324
            ],
            [
              -6816168.71189554,
              5837948.81476313
            ],
            [
              -6816171.17430562,
              5837816.51566243
            ],
            [
              -6816173.78763302,
              5837684.18544439
            ],
            [
              -6816176.56736297,
              5837551.83029432
            ],
            [
              -6816179.52793819,
              5837419.45615559
            ],
            [
              -6816182.6826467,
              5837287.06869304
            ],
            [
              -6816186.04353209,
              5837154.67326357
            ],
            [
              -6816189.62132525,
              5837022.27489354
            ],
            [
              -6816193.42539659,
              5836889.87826259
            ],
            [
              -6816316.25769859,
              5836884.42332575
            ],
            [
              -6816438.75397897,
              5836878.89984547
            ],
            [
              -6816560.90906871,
              5836873.30604341
            ],
            [
              -6816682.71809432,
              5836867.64013399
            ],
            [
              -6816804.17653943,
              5836861.90034167
            ],
            [
              -6816925.28031855,
              5836856.08492253
            ],
            [
              -6817046.02586504,
              5836850.19219093
            ],
            [
              -6817166.41023532,
              5836844.22055173
            ],
            [
              -6817286.43123159,
              5836838.16853896
            ],
            [
              -6817406.08754502,
              5836832.03486165
            ],
            [
              -6817525.3789213,
              5836825.81845718
            ],
            [
              -6817644.30634996,
              5836819.51855277
            ],
            [
              -6817762.87227841,
              5836813.13473524
            ],
            [
              -6817881.08085068,
              5836806.66702887
            ],
            [
              -6817998.93817026,
              5836800.11598097
            ],
            [
              -6818116.45258538,
              5836793.48275437
            ],
            [
              -6818233.63499442,
              5836786.76922564
            ],
            [
              -6818350.49916895,
              5836779.97808782
            ],
            [
              -6818467.06209249,
              5836773.11295642
            ],
            [
              -6818583.34431465,
              5836766.17847769
            ],
            [
              -6818699.37032384,
              5836759.18043961
            ],
            [
              -6818815.16894786,
              5836752.1258869
            ],
            [
              -6818930.77380021,
              5836745.02324478
            ],
            [
              -6819046.223805,
              5836737.88245936
            ],
            [
              -6819161.56385465,
              5836730.71516919
            ],
            [
              -6819276.84569051,
              5836723.5349317
            ],
            [
              -6819392.1291571,
              5836716.3575446
            ],
            [
              -6819507.48408817,
              5836709.20153062
            ],
            [
              -6819622.99327866,
              5836702.08890558
            ],
            [
              -6819738.75732657,
              5836695.04643644
            ],
            [
              -6819854.90241181,
              5836688.10767028
            ],
            [
              -6819971.59010712,
              5836681.3154972
            ],
            [
              -6820089.01174665,
              5836674.72065782
            ],
            [
              -6820207.30935367,
              5836668.36096246
            ],
            [
              -6820326.45594638,
              5836662.22984211
            ],
            [
              -6820446.30419564,
              5836656.28911886
            ],
            [
              -6820566.7079903,
              5836650.50092739
            ],
            [
              -6820563.33058652,
              5836783.40683513
            ],
            [
              -6820560.90495344,
              5836916.52276775
            ],
            [
              -6820559.46440013,
              5837049.85519491
            ],
            [
              -6820558.96945444,
              5837183.3914433
            ],
            [
              -6820559.32210153,
              5837317.1034355
            ],
            [
              -6820560.40113232,
              5837450.95697454
            ],
            [
              -6820562.08774865,
              5837584.91847076
            ],
            [
              -6820564.27511969,
              5837718.95745549
            ],
            [
              -6820566.86927974,
              5837853.04682281
            ],
            [
              -6820569.7872915,
              5837987.16235641
            ],
            [
              -6820572.95511604,
              5838121.28218306
            ],
            [
              -6820576.30588333,
              5838255.3863357
            ],
            [
              -6820579.77865584,
              5838389.45645112
            ],
            [
              -6820583.31761852,
              5838523.47558483
            ],
            [
              -6820586.87160519,
              5838657.42811951
            ],
            [
              -6820590.39387945,
              5838791.29974481
            ],
            [
              -6820593.84209959,
              5838925.07748863
            ],
            [
              -6820597.17840284,
              5839058.74978073
            ],
            [
              -6820600.36954811,
              5839192.30652962
            ],
            [
              -6820603.38705893,
              5839325.73919437
            ],
            [
              -6820606.20731434,
              5839459.04083402
            ],
            [
              -6820608.81154588,
              5839592.20612107
            ],
            [
              -6820611.18571418,
              5839725.23131031
            ]
          ]
        ]
      }
    }
  ]
}
