{"type": "FeatureCollection", "features": [{"type": "Feature", "id": 5098, "geometry": {"type": "LineString", "coordinates": [[-60.61193498827816, 47.03392596612432], [-60.611949561371404, 47.03383538668615], [-60.61193666111116, 47.033800020426234], [-60.61184584082712, 47.033682035049964], [-60.61183747175536, 47.033666354705815], [-60.61182154687095, 47.03363653185918], [-60.611816661168284, 47.03362685470634], [-60.6118082458126, 47.033610147478804], [-60.611811814480745, 47.03341224727175], [-60.61182565629414, 47.03336753979977], [-60.61185268842022, 47.03332220762026], [-60.61202648700955, 47.03314404883154], [-60.6120600780861, 47.03311395420153], [-60.61210600825438, 47.03307281392533], [-60.612253255126575, 47.03292919794371], [-60.612273471943695, 47.032919477536744], [-60.612307059281974, 47.032903322606984], [-60.61233426532322, 47.032897140713835], [-60.61234695095364, 47.032894255608646], [-60.612412742004494, 47.03289471912946], [-60.61245253037578, 47.032903009508495], [-60.61250403006756, 47.03291373098731], [-60.6125826811179, 47.03295046869542], [-60.612627752761504, 47.03297604879988], [-60.612646867133435, 47.032986904633276], [-60.612677144970846, 47.03300804548344], [-60.61271196708328, 47.033032358855166], [-60.6127469319672, 47.03304432821221], [-60.61276512046748, 47.033050566093515], [-60.61276551752963, 47.03301777208027], [-60.61276610086557, 47.032969593220976], [-60.61275444384178, 47.03290635528049], [-60.61274030385594, 47.03287664178169], [-60.61271593385303, 47.03282545865867], [-60.612703073416995, 47.03278919338557], [-60.612703338389615, 47.03275847544475], [-60.61270336307129, 47.032753202394225], [-60.612725356798585, 47.03271869901573], [-60.61273166902126, 47.03270879650079], [-60.612757095412945, 47.03269942764761], [-60.61290251697234, 47.03265566452609], [-60.61297445617517, 47.032621572809504], [-60.612995298019776, 47.03261170332377], [-60.613081483733005, 47.032565696660924], [-60.61319485195072, 47.03250517403171], [-60.61327439288333, 47.03247327448208], [-60.61339320155749, 47.03242562605393], [-60.61349216563664, 47.03240385055881], [-60.61371089544053, 47.03235574741966], [-60.61381608448749, 47.03233663922009], [-60.613863951962614, 47.03233494637988], [-60.613953899228726, 47.03233177295658], [-60.61400109453005, 47.032328329189404], [-60.61410904862618, 47.03237501794301], [-60.61415282111114, 47.03237099880403], [-60.614179795757316, 47.03236851934344], [-60.61418440603788, 47.03238260929076], [-60.61419293262137, 47.03240864189472], [-60.6142005375744, 47.03241077125604], [-60.61425658099367, 47.03242644625877], [-60.61428397560876, 47.03243609752797], [-60.61430044633215, 47.03244189439361], [-60.6142694451303, 47.03245851777935], [-60.61426141794596, 47.03246910457226], [-60.61424676115587, 47.03248845344089], [-60.614260322363776, 47.03249190385369], [-60.614286520353744, 47.03249857842275], [-60.614343701757434, 47.032510578407454], [-60.614357954475146, 47.03251357526072], [-60.61440139272135, 47.032515578562446], [-60.61449201286251, 47.0325141465974], [-60.61454989581652, 47.03247557627296], [-60.61455025140309, 47.03247202897716], [-60.61455586718026, 47.03241633262257], [-60.61460715559073, 47.03241821148035], [-60.61469471933844, 47.032443704430094], [-60.61469044969602, 47.03247068521596], [-60.61468490040395, 47.032505702667876], [-60.61469468417749, 47.032512988982305], [-60.614713194750315, 47.032526765644825]]}, "properties": {"OBJECTID": 5098, "FEAT_CODE": "WACO20", "FEAT_DESC": "Coast - Water to the right line", "RIVNAME_1": " ", "RIVNAME_2": " ", "ZVALUE": 0.4, "FID": null, "SHAPE_Length": 403.8280761936205}}, {"type": "Feature", "id": 7565, "geometry": {"type": "LineString", "coordinates": [[-60.62117252627027, 47.025073174892846], [-60.6211065127902, 47.025018716176085], [-60.62103736601166, 47.02498589851984], [-60.62102918193441, 47.024982011714165], [-60.620962885259324, 47.0249635350861], [-60.620952382018615, 47.024961786889975], [-60.62084531051742, 47.02494399251079], [-60.62083380085641, 47.02493646385379], [-60.620832522005394, 47.024935627336276], [-60.620832006563916, 47.0249176180922], [-60.62084629121418, 47.0248630195136], [-60.620849004847614, 47.02485792834255], [-60.620860625734835, 47.02483631069137], [-60.62089208365729, 47.02479505502416], [-60.62090115320467, 47.024783166535876], [-60.62091680666012, 47.024732115113075], [-60.620928856645506, 47.02469284981621], [-60.62092938740711, 47.02465781771076], [-60.6209295401832, 47.02464786769925], [-60.62094337186938, 47.024603158883025], [-60.620983099752166, 47.02456799660731], [-60.620984955638626, 47.024567990187194], [-60.621075217086094, 47.02456810245707], [-60.62109941674583, 47.024560452111864], [-60.62110191301461, 47.02455965806551], [-60.621101797121234, 47.02453265786131], [-60.62107630013924, 47.024514129377536], [-60.62104649821366, 47.02450392572139], [-60.62102315214583, 47.02449592607702], [-60.62093107530436, 47.024494912100884], [-60.620927324583526, 47.0244913604207], [-60.62089318966174, 47.02445902745635], [-60.62087029734123, 47.0244431898531], [-60.620866377976824, 47.02444047159698], [-60.620803563472805, 47.02431407607065], [-60.62077441453987, 47.02429392372991], [-60.62075121516412, 47.024277890734595], [-60.62059472599869, 47.02418644473922], [-60.62058350977228, 47.024176168380606], [-60.62055552599273, 47.024150532655305], [-60.62054266206649, 47.024114268154555], [-60.620542983194426, 47.02410053295163], [-60.62054562864064, 47.023988340104474], [-60.620534932278595, 47.02384412047088], [-60.62053202144329, 47.0238382554283], [-60.62050836477127, 47.02379048146158], [-60.62047600190505, 47.023744650311905], [-60.62043160442755, 47.02368179431188], [-60.620431837403416, 47.02365257853701], [-60.62043188859741, 47.023645803153634], [-60.620433065461874, 47.02364360480265], [-60.620446235721516, 47.02361910364026], [-60.62047214247676, 47.02361004903656], [-60.62047297123764, 47.02360976029176], [-60.620722914480716, 47.02361225665512], [-60.62072523882034, 47.02361266494459], [-60.62082736517343, 47.02363062662889], [-60.62086023141968, 47.023625172324486], [-60.620880396451206, 47.023621829799815], [-60.62090669227089, 47.0236223764033], [-60.620915296274724, 47.02361029825003], [-60.62091932470572, 47.02360464045502], [-60.62088179597295, 47.02357376681141], [-60.62084188020997, 47.02354093569117], [-60.620789532610864, 47.02350475038135], [-60.62060602615226, 47.02345863901727], [-60.620345644803386, 47.02336593270334], [-60.62029435128108, 47.023339497288056], [-60.62024013801528, 47.02331154325968], [-60.62022997577341, 47.02329651016846], [-60.62022779012703, 47.02329327898273], [-60.62021452603723, 47.023266023384714], [-60.620215781487595, 47.02318362520004], [-60.620215894581285, 47.02317605016848]]}, "properties": {"OBJECTID": 7565, "FEAT_CODE": "WACO20", "FEAT_DESC": "Coast - Water to the right line", "RIVNAME_1": " ", "RIVNAME_2": " ", "ZVALUE": 0.4, "FID": null, "SHAPE_Length": 326.2545468653336}}, {"type": "Feature", "id": 9495, "geometry": {"type": "LineString", "coordinates": [[-60.57551768101382, 47.03370030102937], [-60.575567859006995, 47.03374614433146], [-60.575607419705285, 47.033782295476435], [-60.57561891194909, 47.033798242641275], [-60.57565943110338, 47.03385449145034], [-60.57565613522004, 47.0340434153885], [-60.57564226355829, 47.03408810892965], [-60.57563637079365, 47.03409557049688], [-60.5756282986929, 47.034105811672866], [-60.57560205061383, 47.03413315342909], [-60.57557493566429, 47.03415057761569], [-60.57550708629327, 47.03417865799014], [-60.57540323309851, 47.03422163435924], [-60.575403058419816, 47.03422897406614], [-60.575401695542176, 47.03428460570216], [-60.57545361484873, 47.0343297929933], [-60.57546816916615, 47.03434497710437], [-60.57548003363743, 47.03435735945517], [-60.575524680544206, 47.03436522565988], [-60.575532241492404, 47.034366555728624], [-60.57566350947191, 47.0344035335307], [-60.575713236653854, 47.034421289480676], [-60.57574122875555, 47.03443127762849], [-60.5757676983389, 47.03444959384599], [-60.575793555473595, 47.03446748311866], [-60.575823950508166, 47.03452146559219], [-60.57583591338008, 47.03452674056384], [-60.57584409293315, 47.03454288751821], [-60.57589161806084, 47.034545046006045], [-60.57593898463004, 47.03453908377171], [-60.57593828853833, 47.034495764527136], [-60.575937807350904, 47.03446687566861], [-60.575937204949916, 47.03443078482421], [-60.575912782353925, 47.03439837414225], [-60.57590080130819, 47.03438246165264], [-60.57588474409571, 47.03437255533723], [-60.57584481955023, 47.03434790665721], [-60.57584029148932, 47.03431275858239], [-60.5758478993051, 47.034296496043545], [-60.57585557938455, 47.03428009104634], [-60.5758667859345, 47.034273587945826], [-60.5759222241527, 47.03424141080654], [-60.57596648827476, 47.0342013655995], [-60.575976795776064, 47.034192044673105], [-60.575963497948074, 47.03410554999706], [-60.57605781139168, 47.034066555746726], [-60.576077411455856, 47.034055496768026], [-60.57609057403555, 47.03404707322904], [-60.57612047791864, 47.03402793512709], [-60.57613375541081, 47.03401610329203], [-60.57617896464834, 47.03397581703879], [-60.57625713594781, 47.03395958191183], [-60.57631697038255, 47.03394715209163], [-60.576411944572264, 47.033948767264846], [-60.5764520353171, 47.03395173101845], [-60.57650701590732, 47.033955792979505]]}, "properties": {"OBJECTID": 9495, "FEAT_CODE": "WACO20", "FEAT_DESC": "Coast - Water to the right line", "RIVNAME_1": " ", "RIVNAME_2": " ", "ZVALUE": 0.4, "FID": null, "SHAPE_Length": 233.6249924746851}}, {"type": "Feature", "id": 10488, "geometry": {"type": "LineString", "coordinates": [[-60.59727575128139, 47.04142078806608], [-60.59731293983101, 47.04142608635992], [-60.59745542244382, 47.041443296088225], [-60.59752311147836, 47.04147090474128], [-60.59755903449048, 47.04148943229199], [-60.59756567048297, 47.04152457867772], [-60.597607507717505, 47.04154303236747], [-60.597618032939074, 47.04155079465997], [-60.597625549975646, 47.041556360988785], [-60.5976629879351, 47.04155317810697], [-60.59766662152616, 47.04153822561837], [-60.59766575287502, 47.041529721090036], [-60.59766414761045, 47.04151387570836], [-60.59766354470549, 47.04150824751967], [-60.59766170559271, 47.04149086735656], [-60.59770742931562, 47.04148580653962], [-60.597716823014245, 47.04148476180234], [-60.59778801371057, 47.041490656599024], [-60.597823488322746, 47.041487513451614], [-60.59785137280319, 47.041488638629986], [-60.59787484222469, 47.041489581149875], [-60.59794015679168, 47.041498250288456], [-60.597998754928376, 47.04150492459259], [-60.598015336423146, 47.04150681144304], [-60.59802186124817, 47.041508676228595], [-60.59807888115077, 47.04152499156868], [-60.598124706150486, 47.04154611153883], [-60.59815857323189, 47.04156059108893], [-60.59816416086887, 47.04156280516919], [-60.59816852005088, 47.04156452550948], [-60.59820009286872, 47.041564135132695], [-60.59820440034421, 47.04157052499912], [-60.59820822516799, 47.041576229793336], [-60.59819947555026, 47.041629186781044], [-60.598183861462395, 47.04165471398517], [-60.598172751680735, 47.04167286632742], [-60.59815076088938, 47.04170290332973], [-60.59814972303385, 47.041704321431205], [-60.59811888547403, 47.04173993230257], [-60.59811950835549, 47.04176974190125], [-60.59810409632911, 47.041787542975925], [-60.598076618231865, 47.041794660704454], [-60.59807118853107, 47.041819123720934], [-60.59807127409567, 47.04182278821259], [-60.598071538238614, 47.04183537471168], [-60.59806631468406, 47.0418693182674], [-60.59808408361302, 47.041869097203254], [-60.59810386449275, 47.041871564137686], [-60.59810861863965, 47.041878854306894], [-60.598109998014536, 47.041880971079806], [-60.59810859659236, 47.041908074419], [-60.59810318621706, 47.04192184672952], [-60.59810109152939, 47.0419271573279], [-60.59811908499171, 47.04193776707151], [-60.598130633985285, 47.04193563362289], [-60.598142660494204, 47.04193342020112], [-60.59815179745438, 47.04191464151194], [-60.59815591743683, 47.04190615168005], [-60.59815940775812, 47.04188441973286], [-60.59816490594459, 47.041866932570805], [-60.59816641908864, 47.041842324368396], [-60.59816467897249, 47.04183475547801], [-60.59816208174941, 47.04182340691377], [-60.5981667334887, 47.041818905910006], [-60.598183358917645, 47.04180281314986], [-60.598190875873264, 47.04178375748264], [-60.59821014680551, 47.0417879055575], [-60.59822061674369, 47.04179015909086], [-60.598215056689874, 47.04180785194031], [-60.59823192901641, 47.04180942088871], [-60.598240765311665, 47.04181023625644], [-60.59827602731776, 47.041808636378505], [-60.59828217439154, 47.04180836039943], [-60.59829427644186, 47.04180710246771], [-60.59831172224243, 47.0418052817201], [-60.598309970338306, 47.04181615205422], [-60.598308678897, 47.041817060877875], [-60.59829247023273, 47.04182856378294], [-60.598310262305525, 47.04183105194449], [-60.59833250982171, 47.04183077182974], [-60.59833987278263, 47.04183068334716], [-60.59834004747535, 47.041838813338245], [-60.59833239972637, 47.0418511078315], [-60.59831692553518, 47.041866189855675], [-60.59831535277522, 47.041868379669616], [-60.598291983439715, 47.04190038560613], [-60.5982845235067, 47.041920810362576], [-60.59828310821144, 47.0419479314109], [-60.59832244109963, 47.04194066641706], [-60.59832467333904, 47.04194079424972], [-60.598342204468565, 47.041941765056244], [-60.5983378605382, 47.04195788156208], [-60.59833670705173, 47.041962168000595], [-60.59836641693324, 47.041967210032965], [-60.5984135766773, 47.041957148482375], [-60.598442887276306, 47.041943229690474], [-60.59844518981478, 47.04193680753971], [-60.5984540870314, 47.04191193130213], [-60.59846775266645, 47.04190223786217], [-60.59846964298761, 47.04190089163969], [-60.59850499299816, 47.0418923191165], [-60.59851821756999, 47.04189215562441], [-60.59854445627866, 47.04189182422042], [-60.598570115080165, 47.041891507641175], [-60.59856581391622, 47.041875299736525], [-60.598552169677895, 47.04185373023249], [-60.59854540948872, 47.041843032272105], [-60.59853837870613, 47.041790275124654], [-60.59854525885917, 47.041741418545904], [-60.598532861636876, 47.04171582553904], [-60.59853335435059, 47.0417051447641], [-60.59853422691838, 47.04168600366179], [-60.59853952617624, 47.04167675562372], [-60.598547537877074, 47.04166280389081], [-60.59856384070976, 47.041656531491455], [-60.598573003476815, 47.041653007044005], [-60.598598971959014, 47.04165458679915], [-60.59862834038514, 47.04165638186897], [-60.59868565815998, 47.041661085118875], [-60.598728991961536, 47.04165647771103], [-60.598774449452, 47.041659987170135], [-60.59878924189541, 47.04165979354477], [-60.59880996046552, 47.04165955325544], [-60.5988174832018, 47.04164182955805], [-60.59882210554698, 47.04161510875513], [-60.59882452469103, 47.04160110267246], [-60.59880954079856, 47.041545739896094], [-60.59873972729096, 47.04151001510642], [-60.59873789460628, 47.04150743886814], [-60.59872142860651, 47.04148450529206], [-60.598697009913025, 47.041449579848134], [-60.59865140592421, 47.04142500003177], [-60.59863314147408, 47.04141514962208], [-60.5986027009074, 47.041407329556705], [-60.59855773684755, 47.04139576705013], [-60.598535630633144, 47.0413770707472], [-60.59853014354978, 47.04137115110231], [-60.598519469696456, 47.041359660084346], [-60.598509361320254, 47.04134759597845], [-60.598544872528834, 47.04134715315147], [-60.59860015964258, 47.04134781817101], [-60.59868122222338, 47.041354945445924], [-60.598726922461005, 47.041370636007606], [-60.59875150078879, 47.04138822323324], [-60.598752980414105, 47.04138928018982], [-60.59881244831753, 47.041402091816586], [-60.598824356389706, 47.0413919564957], [-60.5988318300382, 47.04138558882479], [-60.598835139248905, 47.04135439484134], [-60.5988366367861, 47.04133921751936], [-60.598836752191005, 47.04133811303223], [-60.59883816637032, 47.04131100995057], [-60.59883489940557, 47.04130753969611], [-60.59881798623312, 47.04128958233859], [-60.59875823157323, 47.041263220821534], [-60.598747890175794, 47.041241684633185], [-60.59878539049976, 47.04124121146824], [-60.59881296719685, 47.041239513189026], [-60.59881398195947, 47.041193449299726], [-60.59880156113774, 47.041165156048756], [-60.598790995490546, 47.04113278005795], [-60.59879098768435, 47.04113178097702], [-60.59878998556021, 47.041084018911995], [-60.59880047189495, 47.04102021821346], [-60.59880053647363, 47.041018779687626], [-60.59880185496022, 47.04099175559087], [-60.5988049856298, 47.040990930343035], [-60.598823449558466, 47.04098607113085], [-60.59884654454128, 47.040958693943736], [-60.598886181911986, 47.04096632891003], [-60.598925536784996, 47.0409617819458], [-60.598952870274594, 47.040947902540644], [-60.598965233137534, 47.04094669500586], [-60.598984380082555, 47.040944801851055], [-60.598991421332606, 47.04090407494666], [-60.59900078689733, 47.04088899067778]]}, "properties": {"OBJECTID": 10488, "FEAT_CODE": "WACO20", "FEAT_DESC": "Coast - Water to the right line", "RIVNAME_1": " ", "RIVNAME_2": " ", "ZVALUE": 0.4, "FID": null, "SHAPE_Length": 408.80858862689524}}, {"type": "Feature", "id": 11527, "geometry": {"type": "LineString", "coordinates": [[-60.59900078689733, 47.04088899067778], [-60.59901432302102, 47.04086721745639], [-60.59903580976512, 47.04085542919966], [-60.59905722952943, 47.04084366653166], [-60.599074996527, 47.04084201439252], [-60.599090714481726, 47.040840553249524], [-60.59911060229238, 47.040830072327616], [-60.59914339327952, 47.04081279764595], [-60.59915698550028, 47.040801797691415], [-60.59919092176711, 47.04080622622234], [-60.59920446742199, 47.040807995226864], [-60.599219530721605, 47.0408090941211], [-60.59925188750053, 47.040811464671435], [-60.59929801484232, 47.04081323312036], [-60.599305203296076, 47.04081350988518], [-60.59935646202873, 47.040811525259414], [-60.59939811094666, 47.0408218570189], [-60.59940504187472, 47.040819365605195], [-60.59941377817213, 47.0408162461115], [-60.599411662364716, 47.04079299265945], [-60.599411196524635, 47.04078782631658], [-60.5993964968046, 47.04077715986703], [-60.59938916606938, 47.04077184054153], [-60.59938084480213, 47.04075163367262], [-60.59935298133773, 47.04073978219619], [-60.5993053737235, 47.040728173534205], [-60.59926470307982, 47.04070895299829], [-60.599249569438115, 47.040701796136446], [-60.59924951088539, 47.04069958109178], [-60.59924939500757, 47.04069365715202], [-60.599247792141604, 47.04068918689946], [-60.599243112478106, 47.04067612981688], [-60.59922948605222, 47.04067058843515], [-60.59921724266873, 47.04066561601688], [-60.59923302203627, 47.040665425037425], [-60.59925805238685, 47.04066179239718], [-60.599284154897084, 47.040658029252484], [-60.59929481080166, 47.04064586978379], [-60.599322325141436, 47.040619449123355], [-60.599362015367795, 47.040556386893215], [-60.59949593095588, 47.040476402438706], [-60.59954928131812, 47.04043161614526], [-60.59960256971731, 47.04038410175334], [-60.59966858377086, 47.040325236175335], [-60.5997888382319, 47.04022696637435], [-60.5998959373688, 47.0401613488595], [-60.59996208955962, 47.04012080849071], [-60.59997404311914, 47.04011258184536], [-60.600000137851815, 47.04009460855178], [-60.60003672304062, 47.04006991679402], [-60.600054425973795, 47.040057950014244], [-60.600215760498365, 47.03992455310844], [-60.60030882237189, 47.03984462905154], [-60.60033311588126, 47.039834816238745], [-60.60037455669531, 47.03981808252361], [-60.60041527523942, 47.0397910385037], [-60.60042790525612, 47.039773304781264], [-60.600455757027916, 47.03970999397698], [-60.60044468250656, 47.03957567290493], [-60.600458224305136, 47.039566957549034], [-60.600476614906476, 47.039536133682596], [-60.60048526929958, 47.03952162833246], [-60.600513463585806, 47.039487653265404], [-60.60055206711478, 47.0394411354651], [-60.60056681478932, 47.03942197024303], [-60.600606584683845, 47.03937028430515], [-60.60061836235255, 47.03933163642233], [-60.600620477875594, 47.03932467934987], [-60.600635733640715, 47.039190001328876], [-60.60067618702847, 47.03910986504868], [-60.60070288256014, 47.039069676027275], [-60.60072983252141, 47.03902909636572]]}, "properties": {"OBJECTID": 11527, "FEAT_CODE": "WACO20", "FEAT_DESC": "Coast - Water to the right line", "RIVNAME_1": " ", "RIVNAME_2": " ", "ZVALUE": 0.4, "FID": null, "SHAPE_Length": 286.0305642359871}}, {"type": "Feature", "id": 11556, "geometry": {"type": "LineString", "coordinates": [[-60.60072983252141, 47.03902909636572], [-60.60075738562868, 47.0390017762451], [-60.600797541226086, 47.038957621701876], [-60.60094398793984, 47.038832901943735], [-60.60109122721362, 47.03869020009729], [-60.60110909697433, 47.038669507372084], [-60.601145393555456, 47.03862744064575], [-60.601175922025206, 47.03860714820743], [-60.6012254462247, 47.03857422295125], [-60.60142332723063, 47.03847667836583], [-60.601509394578606, 47.03843874126464], [-60.601583134095435, 47.0384062333018], [-60.60174217468321, 47.038352870545175], [-60.601861574409064, 47.038273479086996], [-60.601927655272796, 47.03823796667011], [-60.601944644865654, 47.038231024234975], [-60.60216635624739, 47.03814037612066], [-60.602272696597396, 47.03808770841089], [-60.60233840028495, 47.03806118711179], [-60.602629288688306, 47.03797368807635], [-60.60291712610907, 47.03787493832983], [-60.60303971994912, 47.03783289645652], [-60.60329115238817, 47.037744569442815], [-60.603437400684484, 47.03768283713243], [-60.603662086405606, 47.03760384844346], [-60.60378122610934, 47.037559546639336], [-60.60387453271526, 47.037533602340716]]}, "properties": {"OBJECTID": 11556, "FEAT_CODE": "WACO20", "FEAT_DESC": "Coast - Water to the right line", "RIVNAME_1": " ", "RIVNAME_2": " ", "ZVALUE": 0.4, "FID": null, "SHAPE_Length": 296.4420977692568}}, {"type": "Feature", "id": 11557, "geometry": {"type": "LineString", "coordinates": [[-60.60387453271526, 47.037533602340716], [-60.60396150471542, 47.03751448178219], [-60.604151069857636, 47.0374727967679], [-60.604283762666576, 47.03741977888352], [-60.604363755728656, 47.037386005140725], [-60.60442999581265, 47.03735804498908], [-60.60445915181184, 47.03733161245517], [-60.60450957371349, 47.03728591662495], [-60.604694467528596, 47.0372429900386], [-60.60494449947614, 47.037244622648], [-60.60505824465002, 47.03725579503672], [-60.605142396903375, 47.037264062310186], [-60.60526043491357, 47.03727373145138], [-60.605299378086485, 47.03725654773006], [-60.605313923666806, 47.03716685949877], [-60.60534227840512, 47.03712155653504], [-60.60542192225124, 47.037077326611076], [-60.60560630479501, 47.037016380345285], [-60.60577847488719, 47.03696329564977], [-60.605877142677436, 47.036946047156526], [-60.60597616870391, 47.03692873407729], [-60.60605216260645, 47.0369292796627], [-60.60610775953101, 47.03692968656626], [-60.6061871214553, 47.03692144723747], [-60.60621274288463, 47.03691720449242], [-60.606240168138434, 47.0369126574954], [-60.60633133782837, 47.036923239479435], [-60.606410394336564, 47.03693241616755], [-60.606528431897196, 47.036942083992145], [-60.60671207199352, 47.036935061958935], [-60.60672622047075, 47.036934520872435], [-60.60672648283253, 47.03690423486417], [-60.60672651427706, 47.0368985299936], [-60.60666192519304, 47.036871090581265], [-60.60656117811201, 47.03684273303836], [-60.60653062921603, 47.03683412987397], [-60.6064904944782, 47.03682618117216], [-60.60643929579235, 47.036816030245696], [-60.60643963283456, 47.03677525266647], [-60.60643988337995, 47.03674405748574], [-60.60644723176019, 47.036734275979406], [-60.60645387954528, 47.036725442741925], [-60.60647628332631, 47.03671044153346], [-60.60652037092003, 47.03668093700515], [-60.60658929100058, 47.036637750911815], [-60.606732995329374, 47.036547694534455], [-60.60686557486513, 47.03646767352324], [-60.60706500685728, 47.03633504552469], [-60.60717168575294, 47.03624548339539], [-60.60719511378888, 47.03623523706804], [-60.60725223935845, 47.03621027947361], [-60.60736426058766, 47.03615753681426], [-60.607384013072505, 47.03614823952833], [-60.60750354864004, 47.036094942872495], [-60.607529073653076, 47.03608136558916], [-60.607637038929724, 47.03602393926168], [-60.60768690412402, 47.03600767596291], [-60.60776928254665, 47.03598080713339], [-60.607900455986126, 47.035990748098094], [-60.60791529768673, 47.03599412703046], [-60.607978650471566, 47.03600858097311], [-60.60803044979454, 47.03602766202804], [-60.608136540820404, 47.03601008076424], [-60.608268421860586, 47.03597504881251], [-60.60845491641718, 47.03589614358399], [-60.60879703835124, 47.03589879202934], [-60.608808228659846, 47.035891097470596], [-60.608836421058925, 47.035871726106144], [-60.60883659263261, 47.03586258644652], [-60.608838211736476, 47.03577276270053], [-60.60885154533977, 47.035710046465844], [-60.608864768311854, 47.03568543976799], [-60.60886590165665, 47.035683348619784], [-60.608875773697456, 47.03567334070298], [-60.60894587295203, 47.03560222613605], [-60.60897257625967, 47.03559378472394], [-60.60911870264913, 47.03550504484599], [-60.60913105222512, 47.03548937413268], [-60.609132656971745, 47.03548733782521], [-60.609149861567225, 47.03519072174471], [-60.609177408398615, 47.03516339946599], [-60.60940167359922, 47.03509338999422], [-60.60948464628219, 47.035052286520155], [-60.60950801406134, 47.0350407155705], [-60.609526112498905, 47.03503660293816], [-60.60958780148112, 47.0350225835925], [-60.609771076888016, 47.03501561204165], [-60.60978422748965, 47.035015886669925], [-60.609800120042685, 47.034925326064624], [-60.60979920666817, 47.03491630773374], [-60.60983986383227, 47.034890150006255], [-60.60992743832089, 47.034868004752084], [-60.60994503825745, 47.03486355767062], [-60.61007703903932, 47.0348555149093], [-60.61012962815086, 47.034856612995405], [-60.61044515133585, 47.03489469816201], [-60.61044589192115, 47.03485336203984], [-60.61044693853342, 47.03479574365204], [-60.610459978743876, 47.03476901812814], [-60.61048484326158, 47.03475192568588], [-60.61049936017979, 47.034741942606516], [-60.61059256562662, 47.034686248182126], [-60.61063324472145, 47.03466194447791], [-60.61065764846729, 47.03464838808624], [-60.61071288099516, 47.034617701717366], [-60.61087273382556, 47.034457261086004], [-60.610939911507884, 47.034367761824214], [-60.61102075069518, 47.03429656418543], [-60.611496924614045, 47.034156214538974], [-60.611615247620065, 47.03412988605931], [-60.611641950187895, 47.034121435010434], [-60.6116769197181, 47.03410264532824], [-60.611708045439485, 47.03408592625105], [-60.611717808193134, 47.034078642583225], [-60.611827849317045, 47.03399663365349], [-60.611881694896226, 47.03396985945606], [-60.611929412646155, 47.033930565402045], [-60.61193498827816, 47.03392596612432]]}, "properties": {"OBJECTID": 11557, "FEAT_CODE": "WACO20", "FEAT_DESC": "Coast - Water to the right line", "RIVNAME_1": " ", "RIVNAME_2": " ", "ZVALUE": 0.4, "FID": null, "SHAPE_Length": 865.5733825899987}}, {"type": "Feature", "id": 11558, "geometry": {"type": "LineString", "coordinates": [[-60.566351257006055, 47.03206033204518], [-60.566393441468136, 47.03206207495309], [-60.56640279529336, 47.03206246282788], [-60.56647038939085, 47.032090393937054], [-60.56648250767914, 47.032095403219415], [-60.56649465574042, 47.03209570650977], [-60.56655780281089, 47.03209726511447], [-60.56659421013976, 47.03211519181357], [-60.566619649254996, 47.03212771071994], [-60.56668357383545, 47.03213474834892], [-60.566708928593734, 47.03213754621898], [-60.56683569314167, 47.032136110521776], [-60.56689412470901, 47.03210793406276], [-60.5669104215881, 47.03210007316681], [-60.567003281868345, 47.03208412962884], [-60.567049034857895, 47.03206673468962], [-60.567084032161226, 47.032053439753454], [-60.567123189916, 47.03204330199834], [-60.56715507566336, 47.03203504349126], [-60.567193764781365, 47.03202421180522], [-60.56724579880584, 47.032009650080994], [-60.56728101370076, 47.031990699162336], [-60.567312598987115, 47.031973704923104], [-60.56741128411801, 47.031950937416745], [-60.567450983450236, 47.031939596157486], [-60.567480308218386, 47.03193121113523], [-60.567584050796576, 47.03188318199703], [-60.56760618154163, 47.03187293418749], [-60.56763012245468, 47.031869771280235], [-60.567639788970915, 47.03186849183313], [-60.5677077554912, 47.03188013242855], [-60.56778075065039, 47.03189262678676], [-60.567878195185415, 47.03190409277411], [-60.56795927489666, 47.03191362706512], [-60.568205563822346, 47.031962299791346], [-60.568452307547574, 47.03204210115706], [-60.56859793778866, 47.03211355350376], [-60.56868647082557, 47.03220730788306], [-60.56870530630937, 47.0322747886306], [-60.56868198221174, 47.03230347782301], [-60.56864233110565, 47.03229985473213], [-60.56861625340588, 47.03227849441883], [-60.56857269020459, 47.032278990860405], [-60.568542012236954, 47.03229050616195], [-60.56853922728783, 47.03229154491005], [-60.568529808854706, 47.03232414719581], [-60.56855527584654, 47.03233896107801], [-60.56856177760264, 47.03234273491039], [-60.56856697766208, 47.03234532018216], [-60.56859369799899, 47.03235862180496], [-60.5686415261978, 47.03237839234197], [-60.56864690536543, 47.032393256431746], [-60.56864977735703, 47.032401308802086], [-60.568677830014806, 47.032422657065496], [-60.56868391307462, 47.03244520349199], [-60.56868621195595, 47.03245370265002], [-60.568690809710084, 47.03249561097018], [-60.56869543741726, 47.03253888781655], [-60.56871355933545, 47.032569357365404], [-60.568721838171136, 47.03258326612927], [-60.568738545294565, 47.03259968474348], [-60.56876405997919, 47.03262474976979], [-60.5687800428926, 47.03262495429205], [-60.56882149490566, 47.03262544784251], [-60.568858755701726, 47.03260202226047], [-60.56886138832456, 47.03259216997503], [-60.568868138753096, 47.03256671941411], [-60.568873296058264, 47.03251520909818], [-60.568874406189536, 47.032514530735014], [-60.56891841945804, 47.03248762185485], [-60.56896807476942, 47.03249789182804], [-60.56903435465152, 47.03255942380475], [-60.56905527172367, 47.03256806642147], [-60.56908218360559, 47.03257918517265], [-60.569108282920915, 47.03260326361908], [-60.56914330057591, 47.03261240368805], [-60.569157986780596, 47.03261623432394], [-60.569194304743206, 47.032660490181485], [-60.569216321473334, 47.03267650853405], [-60.5692232133732, 47.03267459407101], [-60.5692518217523, 47.03266662534547], [-60.56926755082361, 47.032659669981996], [-60.56928395936277, 47.03265948750487], [-60.569293282780585, 47.032659388535976], [-60.56932689099446, 47.03265493670258], [-60.56932382577594, 47.03262158327418], [-60.569339309960185, 47.03262523284956], [-60.56943103058249, 47.032634380123646], [-60.56947038937694, 47.03263488298209], [-60.56953625529084, 47.03263571473977], [-60.56978668312094, 47.03262843342698], [-60.570061866851425, 47.03268467210514], [-60.570078599499496, 47.03268691720089], [-60.570205751714134, 47.032703925515], [-60.57031022716592, 47.032722342140126], [-60.57045463697574, 47.03275960493585], [-60.570490944462485, 47.03276875397216], [-60.570493677723555, 47.03276943294152], [-60.57078249807609, 47.03284395790001], [-60.57088741648447, 47.03288364869034], [-60.57092613301513, 47.03289830227863], [-60.570951962091904, 47.03291153943495], [-60.57106891070607, 47.03297153576469], [-60.5713307989198, 47.03311747298976], [-60.57138177827607, 47.03315456085413], [-60.57139773574159, 47.033163448772186], [-60.57144725094043, 47.033191038299464], [-60.57145548270323, 47.03319643254717], [-60.57146000713543, 47.03319940831797], [-60.571489017510984, 47.03319969090075], [-60.57153894665668, 47.033200183349535], [-60.57154078721574, 47.03313266483114], [-60.571540909502325, 47.033128230782296], [-60.5715279455705, 47.033065860703296], [-60.57152876173973, 47.033047879466814], [-60.57154186156789, 47.03302025965964], [-60.571659951183825, 47.0329582763931], [-60.5716624135103, 47.03293911517941], [-60.57172950522459, 47.03287176615895], [-60.571744247370184, 47.032856969144966], [-60.57177661397661, 47.03283028003368], [-60.57183414056437, 47.03278285040261], [-60.5718422582537, 47.0327492843317], [-60.571845304079055, 47.032736695965916], [-60.57191633390809, 47.03272235513293], [-60.57197097669682, 47.03269612054705], [-60.57201454511964, 47.03267521255976], [-60.57207441766571, 47.0326729549506], [-60.57211740020582, 47.03267133794539], [-60.57222824046529, 47.03267278020611], [-60.57234307909255, 47.03267689896028], [-60.57245080736447, 47.03272981385651], [-60.57253407139223, 47.03273969720096], [-60.57262847997517, 47.03275518041251], [-60.57267296669203, 47.03276247738572], [-60.57274837775717, 47.0327751547898], [-60.57282879510392, 47.03275871765904], [-60.572874603452746, 47.03274935792203], [-60.57291850794931, 47.03276513777013], [-60.572962192190126, 47.03278084093644], [-60.57298038642939, 47.032795553601126], [-60.573018324144996, 47.03282622667555], [-60.57304848637827, 47.03281997281568], [-60.57310115788601, 47.03280903965734], [-60.57310056003932, 47.03277114902524], [-60.57317179195961, 47.03277033761108], [-60.57325491119294, 47.032772100012345], [-60.57327161521771, 47.03282605387619], [-60.57334707985987, 47.03283378241858], [-60.5733905244654, 47.032838231244305], [-60.57351719394654, 47.03283950390075], [-60.57361516140507, 47.032861271247], [-60.57365619599981, 47.03287039349994], [-60.573666069418266, 47.03287645233972], [-60.57370814964117, 47.03290228139858], [-60.57387484583844, 47.03293287588535], [-60.574029893311135, 47.032977118103055], [-60.57420898424518, 47.03304003924057], [-60.57425346681897, 47.0330605014498], [-60.57435251425257, 47.03310607613619], [-60.57453595241592, 47.03319332393886], [-60.574830941594946, 47.03332735558784], [-60.5749677892906, 47.03337910325143], [-60.57516685580189, 47.033454388154574], [-60.575231423563814, 47.03348185397621], [-60.575233623706445, 47.03348297150123], [-60.575322791679625, 47.03352787707427], [-60.57534850684718, 47.03355208093481], [-60.57536192618246, 47.03356471222153]]}, "properties": {"OBJECTID": 11558, "FEAT_CODE": "WACO20", "FEAT_DESC": "Coast - Water to the right line", "RIVNAME_1": " ", "RIVNAME_2": " ", "ZVALUE": 0.4, "FID": null, "SHAPE_Length": 888.2208993405635}}, {"type": "Feature", "id": 11559, "geometry": {"type": "LineString", "coordinates": [[-60.57536192618246, 47.03356471222153], [-60.57540110189036, 47.03360063930123], [-60.57551768101382, 47.03370030102937]]}, "properties": {"OBJECTID": 11559, "FEAT_CODE": "WACO20", "FEAT_DESC": "Coast - Water to the right line", "RIVNAME_1": " ", "RIVNAME_2": " ", "ZVALUE": 0.4, "FID": null, "SHAPE_Length": 19.169285764330375}}, {"type": "Feature", "id": 11565, "geometry": {"type": "LineString", "coordinates": [[-60.620795171039994, 47.02562779426076], [-60.62079552198364, 47.02558319220494], [-60.620795752159566, 47.02555581222958], [-60.62082203577895, 47.02555635859619], [-60.62086212843176, 47.02555119849452], [-60.62088821736089, 47.02554783511838], [-60.621138196524655, 47.02554943136884], [-60.62113859617263, 47.0255404404115], [-60.62112573155091, 47.02550417597121], [-60.62111545120424, 47.02549741083401], [-60.62109887930814, 47.025486519254244], [-60.62094290155216, 47.0254130829204], [-60.62086466825921, 47.025367360328175], [-60.62082045505727, 47.025355975121506], [-60.62072022748918, 47.02533016056192], [-60.62070524388079, 47.025313740396626], [-60.620695129992356, 47.0253026410362], [-60.62069537406387, 47.0252675489791], [-60.620735942409546, 47.02521349680819], [-60.62074822971668, 47.02520235016803], [-60.62077571126462, 47.02517742653207], [-60.62118271776636, 47.025180828931205], [-60.62120985788598, 47.025181051038714], [-60.62121041502797, 47.025153119902726], [-60.62121092769137, 47.025127077687706], [-60.62119274298708, 47.025101546794275], [-60.62117252627027, 47.025073174892846]]}, "properties": {"OBJECTID": 11565, "FEAT_CODE": "WACO20", "FEAT_DESC": "Coast - Water to the right line", "RIVNAME_1": " ", "RIVNAME_2": " ", "ZVALUE": 0.4, "FID": null, "SHAPE_Length": 141.0148762339572}}, {"type": "Feature", "id": 11595, "geometry": {"type": "LineString", "coordinates": [[-60.614713194750315, 47.032526765644825], [-60.614764483274804, 47.03252864443408], [-60.61481598449703, 47.03252781885629], [-60.61487479561342, 47.032526884607016], [-60.61494152678112, 47.03251776405713], [-60.61494094198839, 47.03249987934557], [-60.61494021729112, 47.032477456092764], [-60.614915433424045, 47.03244289544477], [-60.614863366963974, 47.03241683750472], [-60.614767836088646, 47.032388775849114], [-60.61475192547853, 47.03236037558871], [-60.61474692637914, 47.03235146113417], [-60.614754979936556, 47.03234323266249], [-60.6147736256829, 47.03232415584232], [-60.61480627781177, 47.0323236393992], [-60.61486424590183, 47.03232271458547], [-60.61486602447046, 47.032319133947375], [-60.61487905294714, 47.03229290263223], [-60.61498919521064, 47.032285793592756], [-60.615047686862276, 47.03226603515024], [-60.61506455181892, 47.03228247724336], [-60.615072107648025, 47.03228984309111], [-60.61515501929879, 47.03229391051142], [-60.61515607530502, 47.032293842522236], [-60.61526121093263, 47.03228684488251], [-60.61530955408038, 47.0322597114475], [-60.615315413444165, 47.032256413809776], [-60.61528302507354, 47.032230046111565], [-60.61524408613622, 47.03219206786506], [-60.615234184186306, 47.03218241233025], [-60.61523269251195, 47.0321367370142], [-60.615158948539325, 47.03212041469761], [-60.61515329155766, 47.032119171919035], [-60.615062138797065, 47.032083255386546], [-60.615061453071945, 47.03208298911869], [-60.61508878809405, 47.03207448745043], [-60.61511214501658, 47.032066055872136], [-60.61517869401526, 47.032051558832016], [-60.61519544569089, 47.03204130674679], [-60.61520575646507, 47.032034997120526], [-60.615267835619186, 47.032004433211824], [-60.61530335541259, 47.031976780618535], [-60.6153101321483, 47.03197150425931], [-60.61534548566459, 47.03196825417642], [-60.61541478774723, 47.03197260480985], [-60.61544819215653, 47.03197469564345], [-60.61545927315902, 47.031973252641286], [-60.61551884763025, 47.03196551252838], [-60.61550847318033, 47.03195051061329], [-60.61550229009743, 47.03194158052438], [-60.61544180301363, 47.031899508720386], [-60.615361442522875, 47.031852388212066], [-60.61532082792918, 47.031815391993476], [-60.61541039645907, 47.03178171104956], [-60.615486834698125, 47.03175528886483], [-60.61550005547193, 47.031750722698916], [-60.615558545951586, 47.03173097297047], [-60.615569194860605, 47.03173479452133], [-60.615594430539524, 47.031743860545554], [-60.61571357770178, 47.031771531554746], [-60.61576864845901, 47.03176797214023], [-60.615759552517375, 47.03173048073637], [-60.61572006872562, 47.031707979022634], [-60.61569528215321, 47.03169385579939], [-60.61568828429164, 47.03168607865053], [-60.615666663676876, 47.03166205019534], [-60.61566536678597, 47.03162174249818], [-60.61566370668576, 47.0315706821198], [-60.61564445007662, 47.0315591758791], [-60.61561547513315, 47.031541869640044], [-60.61559660836802, 47.031500349986096], [-60.615590017042024, 47.03148581385764], [-60.61561676662482, 47.03144968114257], [-60.61562022616785, 47.03144500160469], [-60.615678365802836, 47.03141450839063], [-60.61576389108958, 47.031378205150816], [-60.61576881973147, 47.031377182912706], [-60.615861776099386, 47.03135783601314], [-60.615912252826895, 47.03135900443793], [-60.61599982103356, 47.031361035421], [-60.61608648748489, 47.03135967283297], [-60.61620082583454, 47.03136055137739], [-60.61633896224915, 47.031366425060725], [-60.61645319603433, 47.03136462839534], [-60.61645307889407, 47.03136105325032], [-60.61645205393385, 47.031329696487745], [-60.61642642691963, 47.03126825581755], [-60.616404779451884, 47.03126166750469], [-60.61635079647549, 47.03124525352602], [-60.616255877081024, 47.0312147220447], [-60.61624724786859, 47.031211950538456], [-60.616258873933624, 47.031192655282716], [-60.61627342752916, 47.031168507401375], [-60.616311602529635, 47.03113027266986], [-60.6164008059431, 47.031085838232585], [-60.616471459295106, 47.031076672485646], [-60.61654623061865, 47.0310811363335], [-60.616578063373886, 47.031083041122606], [-60.6166648983335, 47.03108704516451], [-60.61669229695524, 47.03108123521643], [-60.61672486667379, 47.031112987852616], [-60.61677749901303, 47.03111214895087], [-60.616791815974146, 47.03111192510514], [-60.616818591921096, 47.03108729371103], [-60.61680907988486, 47.03103637583018], [-60.61673355900882, 47.030895080815824], [-60.616712418030026, 47.0308744642632], [-60.61666844535315, 47.03083159407152], [-60.61660496487467, 47.0308124086533], [-60.61660079590485, 47.030811151935616], [-60.61650895900694, 47.03077496132144], [-60.61652796241471, 47.03075314688821], [-60.61655842919192, 47.03072041208703], [-60.616620064341745, 47.030676420303124], [-60.616641074292474, 47.030658607308666], [-60.61668143977767, 47.03062436874094], [-60.616734679211405, 47.030564381371676], [-60.61678413581738, 47.030509831756326], [-60.61678703455171, 47.03050148680636], [-60.61680576583444, 47.030447656294854], [-60.6168325534445, 47.03041182106092], [-60.61685864109546, 47.03037692516786], [-60.616868820485266, 47.03032567935328], [-60.616914870662804, 47.03028732041529], [-60.61700680262785, 47.030205217420416], [-60.61706105324788, 47.03017747729966], [-60.61716356596848, 47.030218344369004], [-60.61716484614782, 47.03021885698103], [-60.6172157174352, 47.03020729909554], [-60.61721695144095, 47.030164218332565], [-60.61721756523962, 47.03014274987834], [-60.61721917643733, 47.03013435111482], [-60.61722429882825, 47.03010769395709], [-60.617307103092195, 47.0301090758119], [-60.61730749181139, 47.03011187367463], [-60.61731226139155, 47.030146638114175], [-60.617351564848626, 47.03014332565413], [-60.617353614852604, 47.03013630391102], [-60.61735864875266, 47.03011902213379], [-60.617356909087725, 47.03006527833745], [-60.61735847866213, 47.0300270731575], [-60.61735912026286, 47.03001148179757], [-60.617409263386506, 47.029978436434256], [-60.617418003851604, 47.02997634157009], [-60.617565683484635, 47.029941024845265], [-60.61761075251281, 47.02991285936382], [-60.617658379987034, 47.02988310025332], [-60.61775290785737, 47.029841979325006], [-60.61778660928165, 47.029827319039846], [-60.61779177972893, 47.029821748122195], [-60.61780184242205, 47.029810942467726], [-60.617879746572264, 47.02978283933785], [-60.618005673780175, 47.02977817075801], [-60.61800535417346, 47.02976820192598], [-60.61800445228752, 47.029740564428124], [-60.617948099058296, 47.02970379953811], [-60.61790658429086, 47.02968583692554], [-60.6178761746773, 47.02967267705141], [-60.61777203175883, 47.02962054560948], [-60.6177758359403, 47.02958269290741], [-60.61777798557009, 47.029561310410806], [-60.617799031600626, 47.02955419807414], [-60.61783644612984, 47.029541567896125], [-60.61783277740152, 47.02952582382653], [-60.61782272315378, 47.02948263409895], [-60.61784560000881, 47.02946395981276], [-60.617849588103454, 47.02946070409159], [-60.617870748919174, 47.02945722083263], [-60.61793974749195, 47.0294458509204], [-60.61797483939634, 47.02943454024574], [-60.61796584650347, 47.02939973293202], [-60.61800795704695, 47.02936143554935], [-60.618086704333, 47.02936020361827], [-60.61815742037612, 47.029353710919146], [-60.61821983136244, 47.029333915429575], [-60.61825517112236, 47.029353108319555], [-60.618267944982854, 47.029360042587946], [-60.61830750727222, 47.02936479852386], [-60.61831128509882, 47.02935443799493], [-60.61831835994404, 47.02933505682059], [-60.61829317296411, 47.02928706160639], [-60.618228774814234, 47.02924505386049], [-60.61822962619468, 47.029237458203255], [-60.61823182862315, 47.02921813762693], [-60.6182374072732, 47.02920901147638], [-60.61824680199931, 47.02919369225203], [-60.61828756638964, 47.029189770925726], [-60.618313579376704, 47.02918727048228], [-60.618419996901025, 47.029188287970676], [-60.6184751289084, 47.02918742831155], [-60.61854645522217, 47.02919974752525], [-60.618573023663, 47.02922735210614], [-60.61860761765249, 47.02926330399114], [-60.61861415046007, 47.02934541417489], [-60.61861424508667, 47.02934654105122], [-60.61865256804679, 47.02940398874644], [-60.61866393154046, 47.029421026792896], [-60.618727253987515, 47.029432504420015], [-60.618786803516315, 47.0294432915675], [-60.618785231182194, 47.02939492383089], [-60.61876372186664, 47.02933880690937], [-60.618732050206994, 47.029299883121794], [-60.61872269117778, 47.0292883763341], [-60.61871602417382, 47.02927907637758], [-60.61867316036753, 47.02921926641299], [-60.61864333336373, 47.02914983749022], [-60.61864518972517, 47.02910043417797], [-60.6186454524198, 47.02909334822648], [-60.618649079716384, 47.02909287474136], [-60.618668975849204, 47.02909030094505], [-60.6186890329763, 47.029094164965976], [-60.61872053436168, 47.029100237924546], [-60.61872843670555, 47.02910011435952], [-60.61875990103917, 47.02909962607563], [-60.618761012727845, 47.029084404457514], [-60.61876263098238, 47.02906193997471], [-60.61882183594864, 47.029087559717134], [-60.61883456824252, 47.02909306217529], [-60.61883603631105, 47.029138745964545], [-60.618845396637695, 47.02916737836223], [-60.61884914969008, 47.02917886750369], [-60.61892037217159, 47.02918849354504], [-60.61892966878042, 47.02916590982098], [-60.61894594990171, 47.02912626481292], [-60.61894576487079, 47.02912036644827], [-60.618945078868094, 47.02909940189942], [-60.61888673005498, 47.02901194811669], [-60.61885810505084, 47.028969038077236], [-60.6188509982414, 47.0289637066514], [-60.618805624758366, 47.028929537409994], [-60.618829721750366, 47.028907387599226], [-60.61883238431575, 47.02890493219881], [-60.61887029629853, 47.02885862780045], [-60.61884930656874, 47.02881863937553], [-60.61881641211052, 47.02877614445954], [-60.61885122990466, 47.02875678247471], [-60.61892606540429, 47.02875559457553], [-60.619048740086455, 47.028772500410234], [-60.619131866846075, 47.02878463277505], [-60.61913845830256, 47.028788531580155], [-60.619176055590835, 47.02881082189698], [-60.619244798612215, 47.028819370245834], [-60.61931054489651, 47.02882753224702], [-60.619377463804845, 47.02881969091791], [-60.619416519750075, 47.02881511270581], [-60.61941538805276, 47.028780199034905], [-60.619398052344394, 47.02874889000549], [-60.61939029191182, 47.02873487873023], [-60.61933009113085, 47.02870087825448], [-60.61927856117969, 47.02867462648325], [-60.619237944534035, 47.0286539382574], [-60.61921107108957, 47.02864768272997], [-60.61911885688454, 47.02862622713603], [-60.61911747477541, 47.02861854001458], [-60.61911404777659, 47.028599426290505], [-60.61914071030337, 47.02858793991053], [-60.619152907661274, 47.028582686088974], [-60.61915752577419, 47.02857828252296], [-60.619175833228525, 47.028560826811486], [-60.6191706737273, 47.028523264562786], [-60.619177948196274, 47.02851979817968], [-60.61918231845687, 47.02851771126623], [-60.61920208638826, 47.02852008430427], [-60.619245936919626, 47.02853553024735], [-60.61928406236528, 47.02855127105491], [-60.61928985236417, 47.02855365930345], [-60.61932059811298, 47.02853825314345], [-60.61932862097484, 47.02853423536407], [-60.619303939899616, 47.02850236856735], [-60.61927464599443, 47.028449050569506], [-60.61923703343826, 47.028382438605675], [-60.61919904118852, 47.02831844651468], [-60.61919119426935, 47.02830519836288], [-60.619222283079694, 47.02830071546892], [-60.61925392814494, 47.028296154144456], [-60.61933662497905, 47.028294859522184], [-60.61932009308762, 47.02827092859319], [-60.61929857046443, 47.028214811486606], [-60.61934538356196, 47.02820063945219], [-60.619390454914026, 47.028132723580285], [-60.61940936459347, 47.02810823393542], [-60.61941566718115, 47.028059751016215], [-60.61947867391966, 47.02805876668927], [-60.61954545015507, 47.028052335180256], [-60.6195563018488, 47.028022593336075], [-60.61952367066952, 47.02798246190105], [-60.61951527136333, 47.0279721630391], [-60.61946670316234, 47.027932600045744], [-60.619457461685165, 47.027909576705966], [-60.61944956005921, 47.027889865963495], [-60.61946033412406, 47.02785743173385], [-60.61947488694173, 47.02785218187284], [-60.619499271004386, 47.027843383795194], [-60.61955954860288, 47.027880076565275], [-60.61960768447271, 47.027907760502146], [-60.61962780610738, 47.027919338068706], [-60.61970786477982, 47.02795840399474], [-60.61977881218948, 47.027959978446866], [-60.61980581411615, 47.02796097194633], [-60.61983009620776, 47.027961863882055], [-60.619852852348615, 47.02793462838601], [-60.61985054588555, 47.02791605994204], [-60.619847509187046, 47.02789171678503], [-60.61983198488145, 47.027865251092074], [-60.61982249112762, 47.02784907997288], [-60.619770088833654, 47.02781227214208], [-60.619749625845216, 47.02780245135664], [-60.61969405985975, 47.027775818856405], [-60.619688561522864, 47.02772752246099], [-60.619694979110314, 47.02772201339051], [-60.61970771783985, 47.0277110922346], [-60.619746385765836, 47.02772054468986], [-60.619759352504715, 47.027723730112946], [-60.619831001811924, 47.02774680036781], [-60.619890317209645, 47.027753937377845], [-60.619900908545446, 47.027716135747085], [-60.619936349833935, 47.02771557685551], [-60.6199734422102, 47.027766078099084], [-60.61997539232025, 47.02776809848822], [-60.61999382095558, 47.02778726315981], [-60.62008437970871, 47.02778584350566], [-60.620143018755066, 47.02777149408306], [-60.62014533300746, 47.02776355085933], [-60.620150101042015, 47.02774719035208], [-60.62014828047628, 47.027690763125044], [-60.620143293183965, 47.02766411160281], [-60.620138752590336, 47.02763984517351], [-60.62013859138905, 47.02763873491247], [-60.620133760982924, 47.02760766801431], [-60.620077590490695, 47.0275762805192], [-60.62007270289873, 47.027546796299006], [-60.6200958885668, 47.02753297858513], [-60.620120187003614, 47.02753261090307], [-60.620174632367736, 47.0275317631492], [-60.62017415254688, 47.027516805398776], [-60.62017350096985, 47.02749683148826], [-60.620163882257344, 47.027443220869564], [-60.62016172767589, 47.02744165519435], [-60.62012757031576, 47.02741689893105], [-60.62011830302171, 47.02737403173425], [-60.620121355542864, 47.02735866147203], [-60.62012846466935, 47.027322803246804], [-60.6201329045602, 47.027307605820205], [-60.620135560444226, 47.02729849079646], [-60.6201742493505, 47.027276392132016], [-60.620188389537795, 47.027247861509096], [-60.62020381390254, 47.027216792796], [-60.62020552312102, 47.02717865346529], [-60.62020610047162, 47.027165670535396]]}, "properties": {"OBJECTID": 11595, "FEAT_CODE": "WACO20", "FEAT_DESC": "Coast - Water to the right line", "RIVNAME_1": " ", "RIVNAME_2": " ", "ZVALUE": 0.4, "FID": null, "SHAPE_Length": 1345.2999404416623}}, {"type": "Feature", "id": 11596, "geometry": {"type": "LineString", "coordinates": [[-60.57650701590732, 47.033955792979505], [-60.57652233850366, 47.033925834870146], [-60.57654714978064, 47.03392555029379], [-60.57658166687082, 47.03392515624647], [-60.57666950651875, 47.03392707010419], [-60.57674392000972, 47.03392869963197], [-60.577139179171795, 47.03397523342861], [-60.57764410079106, 47.03400540436567], [-60.57823655682988, 47.03407565417971], [-60.57830002876971, 47.034083179682696], [-60.57832400742466, 47.034084424978204], [-60.57870842634533, 47.03410441910502], [-60.57902812704297, 47.03416362973125], [-60.579114383346436, 47.034179601077646], [-60.57931358420525, 47.03421109111257], [-60.57935093575792, 47.03421700167183], [-60.57957265756715, 47.03429098515881], [-60.57970434821836, 47.034318967981584], [-60.57975209364453, 47.03433254959893], [-60.57976931300584, 47.03433744035192], [-60.58029377506616, 47.03444032191325], [-60.58063570644811, 47.03450604552343], [-60.58083192570658, 47.03455607137223], [-60.58100136511883, 47.034599267400004], [-60.58132970230867, 47.03467370088335], [-60.5813347027008, 47.03467548041673], [-60.581512357023556, 47.034738755668194], [-60.58168334552705, 47.03478177643099], [-60.581695865634885, 47.034784929734435], [-60.581774497394164, 47.03482168826879], [-60.58185093531073, 47.03485049003978], [-60.5819440172104, 47.03488556491415], [-60.58220659161876, 47.03495950641874], [-60.58227786953522, 47.0349862820556], [-60.582402019949015, 47.03503292895182], [-60.58252640466467, 47.0350895428522], [-60.58262387213436, 47.0351339070531], [-60.58271405983032, 47.0351797462889], [-60.582767987706866, 47.035207145102405], [-60.582822812717, 47.03523216903136], [-60.58302850766417, 47.03532603766274], [-60.58314713577317, 47.035380738463175], [-60.583394563025934, 47.03552725144381], [-60.58352379552655, 47.035609182554495], [-60.583539439784296, 47.03562419065593], [-60.583627257377735, 47.035708549986396], [-60.5836920259726, 47.03579001084814], [-60.58372216112847, 47.03583740723633], [-60.58374364420059, 47.03587119405497], [-60.58376731283593, 47.035927120210175], [-60.58379359730487, 47.03598924808131], [-60.583804237044056, 47.03613255204318], [-60.58380263111876, 47.036144793141865], [-60.58379011816742, 47.03624114511926], [-60.58377753461806, 47.03630670911125], [-60.58377462792033, 47.03632181151377], [-60.58377038572289, 47.03633180113696], [-60.58374811415928, 47.03638424665532], [-60.58364017831397, 47.036500758300825], [-60.58358641326736, 47.03655451873491], [-60.583572952760825, 47.0365902406177], [-60.58358579453663, 47.036626499806104], [-60.58360856972191, 47.036658496073315], [-60.58362416583221, 47.03668040558097], [-60.583670261127004, 47.03672592510534], [-60.58368843265309, 47.03674385730362], [-60.58369591880448, 47.03675326659277], [-60.58375320212831, 47.03682532713263], [-60.58377390660294, 47.036844302708914], [-60.58379238629394, 47.03686124247715], [-60.58381728505319, 47.036870416395224], [-60.58381828182841, 47.03687078840883], [-60.58383397117695, 47.036869652734175], [-60.5839239349529, 47.03686311953604], [-60.58397729394171, 47.03681834964056], [-60.58404339759036, 47.03678284800569], [-60.5840888947824, 47.03678303442962], [-60.58414868510041, 47.036783270547794], [-60.58414694607541, 47.03690922356774], [-60.58412990619528, 47.036973784603816], [-60.584118361695474, 47.03701751134053], [-60.584117553642805, 47.037060762755], [-60.584116525567325, 47.03711646450894], [-60.58413467605855, 47.03713749193793], [-60.58415530375931, 47.03716137942216], [-60.584187586173215, 47.03719098445328], [-60.58419448803172, 47.03719730362721], [-60.58424406568952, 47.03722227909888], [-60.58428585680573, 47.03724332851188], [-60.584345739699465, 47.037243566479475], [-60.58439115838373, 47.03724375112506], [-60.58445639661098, 47.037227129445554], [-60.58448067707241, 47.03724650433522], [-60.58453518482473, 47.03728998722475], [-60.58457101331089, 47.037321817806934], [-60.58458707382715, 47.03733607860541], [-60.58463737973483, 47.0374172336881], [-60.58466474658569, 47.03743939144815], [-60.58471611469325, 47.03748099014217], [-60.58476594232321, 47.03753017868297], [-60.58478039690944, 47.03754444156228], [-60.58481226031876, 47.03756088964599], [-60.58483312563507, 47.03757165209177], [-60.58497634157022, 47.03763586905674], [-60.585054081208106, 47.037668619804464], [-60.58510681229421, 47.03769082666516], [-60.58525084098392, 47.037737052903466], [-60.585343077001106, 47.03776419677621], [-60.585348241564745, 47.037767014511005], [-60.58539446369938, 47.037792278658344], [-60.585558883829535, 47.03790644717158], [-60.5855642190676, 47.037910150424764], [-60.585628489653466, 47.03797360111457], [-60.58566692113881, 47.03805540517273], [-60.585653462001055, 47.03809111831952], [-60.58564123466319, 47.03810712206298], [-60.58561288899615, 47.038144258041115], [-60.58554554092364, 47.038206732118226], [-60.58554566493032, 47.03823373252534], [-60.58557115564847, 47.03825226877943], [-60.585621733817064, 47.03826765353752], [-60.58566335213821, 47.0382803114814], [-60.58569846957524, 47.03829263429826], [-60.58571518584967, 47.03829850345488], [-60.585739775053675, 47.038281599553486], [-60.585754582147125, 47.038271436741866], [-60.5857901494652, 47.03821749844309], [-60.585795560876335, 47.038209306265394], [-60.585821806323864, 47.03818195313921], [-60.5858663832941, 47.038164345896824], [-60.58588881947403, 47.038155477889845], [-60.58590326398314, 47.03815159789659], [-60.5859541121171, 47.03813795657752], [-60.58608994149398, 47.03812234586008], [-60.5860996672186, 47.038121228086936], [-60.58611150246102, 47.038122953574046], [-60.58616505777401, 47.038130706510074], [-60.58622203750372, 47.03813112524537], [-60.58623085404144, 47.03813119418834], [-60.58632264501932, 47.038168227070315], [-60.58638853946852, 47.038195714518324], [-60.5864400672397, 47.03823206922397], [-60.58651739089157, 47.03828662441098], [-60.58663491054267, 47.03839529374565], [-60.58681585162504, 47.03858629351506], [-60.58681563061384, 47.038594694166584], [-60.58681392198202, 47.03865824693136], [-60.58668059482307, 47.03878322531255], [-60.58665398524787, 47.038818652292996], [-60.58665286621524, 47.03887263327138], [-60.58669083654406, 47.038935528794234], [-60.586690430922474, 47.03894451950392], [-60.586664185927525, 47.03897186383657], [-60.58661086748321, 47.0390157359005], [-60.58657106540138, 47.03905179361172], [-60.58654314007056, 47.03908720182066], [-60.58655598400077, 47.03912346969983], [-60.5865819793436, 47.03916001488871], [-60.58659161513433, 47.03916702151063], [-60.58659472509907, 47.03916928290696], [-60.58662375320796, 47.0391499886191], [-60.58667479268093, 47.03911607567654], [-60.58670788502612, 47.03909014461368], [-60.586755306277276, 47.03905297860578], [-60.586821312630484, 47.03899047553597], [-60.58684918572517, 47.03897256072353], [-60.58686198348225, 47.03896433524302], [-60.58688873233179, 47.038955000012486], [-60.58689169631286, 47.03895436955984], [-60.58692727682615, 47.03894681338994], [-60.58694311213096, 47.03895237581568], [-60.58695448907822, 47.03895638636439], [-60.58698243183809, 47.03899091168846], [-60.587005611186974, 47.03901955905567], [-60.58703002508466, 47.03909116792351], [-60.58704327491302, 47.03911844504233], [-60.587081917968355, 47.03913725823094], [-60.58726595076595, 47.03920143284644], [-60.58734449428354, 47.03921118785314], [-60.58738825846419, 47.03920664781232], [-60.587423848836494, 47.0392029613782], [-60.587498230551056, 47.03919203824363], [-60.58754178849798, 47.0391856489485], [-60.587577992184954, 47.039185584097524], [-60.587581282876315, 47.03918559046147], [-60.5875972306384, 47.03918866237089], [-60.587633483465275, 47.03919568095685], [-60.58765310299688, 47.0392136610304], [-60.58767267196319, 47.03923159503849], [-60.58767335352909, 47.0392325363274], [-60.58772471762034, 47.03930379512832], [-60.58774867345525, 47.03938529336991], [-60.58775981481802, 47.03954661495541], [-60.5877721685751, 47.03956487384037], [-60.587745518353024, 47.03960120913863], [-60.58771840440495, 47.03961863620923], [-60.58767981898651, 47.039627722162244], [-60.587631467228235, 47.03964115588558], [-60.58758648819666, 47.03965365275895], [-60.58758660005709, 47.03968065289933], [-60.58759892748038, 47.0396989112477], [-60.587631687595625, 47.03971040984253], [-60.587677989167105, 47.03972667546545], [-60.5877170920434, 47.03973559894045], [-60.58775656093246, 47.03973553085527], [-60.587782476853874, 47.03974204355813], [-60.58779562328458, 47.03974535337533], [-60.58786070956186, 47.03979082144985], [-60.587878887501816, 47.03981187584598], [-60.58789949279935, 47.03983573516805], [-60.587912743244765, 47.03986301219443], [-60.58792447086611, 47.03995325194962], [-60.58792724753436, 47.03995736013283], [-60.587936811617, 47.039971510541214], [-60.58796325427047, 47.03999816564818], [-60.587989557501935, 47.03999871995598], [-60.58802854855366, 47.03998064318609], [-60.588144275102415, 47.039919898061235], [-60.58816203317116, 47.03991056206116], [-60.58816559416035, 47.03990632645307], [-60.58821488783401, 47.039847772061954], [-60.58825227794412, 47.03983103836819], [-60.58825519345285, 47.039829731914274], [-60.58833414345399, 47.039830495542006], [-60.588361953370736, 47.03984171863685], [-60.588425938825075, 47.03986752680674], [-60.58852433314164, 47.03990535397634], [-60.58856957061091, 47.03992274872227], [-60.58866017261827, 47.03996727803645], [-60.58869964578163, 47.03998668411388], [-60.588773318554274, 47.040028885842844], [-60.58877792529374, 47.04003152968246], [-60.588987456063165, 47.040114237180106], [-60.58911834267139, 47.04016019066472], [-60.589155967216605, 47.040182941365934], [-60.58920932873442, 47.04021520276745], [-60.58931427707998, 47.04025251035313], [-60.58933413144964, 47.04026033491528], [-60.58935220128075, 47.040267446944085], [-60.589379749723065, 47.04028740256308], [-60.58942809181918, 47.04032238391228], [-60.58950379685528, 47.04035398184368], [-60.5895598733323, 47.040392608738344], [-60.589627852589075, 47.040413073785864], [-60.58963341144044, 47.04041474772297], [-60.589693328877374, 47.04044789389702], [-60.589698843148035, 47.04045873713691], [-60.58969949581275, 47.04046002877591], [-60.58970941685327, 47.04046860700999], [-60.58973969976948, 47.04049478461738], [-60.5898133365645, 47.040522334118045], [-60.58983153262633, 47.040533075429785], [-60.58988529980284, 47.04056482309726], [-60.589945070449865, 47.0405898397163], [-60.58997239181805, 47.040571894531254], [-60.58997309572881, 47.04056357603952], [-60.589975604257745, 47.040533904308475], [-60.59002310185102, 47.04053738821451], [-60.59001087743366, 47.040518574347416], [-60.58998010742805, 47.04049502333889], [-60.58997076676982, 47.04048787923205], [-60.58995815087688, 47.04044736890246], [-60.589935585459244, 47.04040563215231], [-60.58994660261571, 47.04036212773751], [-60.58995218686476, 47.040357394721575], [-60.589975770483406, 47.04033738199542], [-60.58998562357426, 47.040345715794885], [-60.58999787281973, 47.04035608888326], [-60.59003199482811, 47.04038412910273], [-60.5900618710065, 47.0403959622414], [-60.590095811334365, 47.040429497163196], [-60.59010317073175, 47.04043678852864], [-60.59016456007355, 47.040455971598696], [-60.590186667888055, 47.04046287153741], [-60.59024592632393, 47.040462148334846], [-60.59024362879911, 47.04045762733149], [-60.59024181440974, 47.04045407042138], [-60.59024943617925, 47.04043420753873], [-60.590260636009916, 47.040405051758896], [-60.59033616779039, 47.04042852815813], [-60.5904513392658, 47.04045692467545], [-60.590517334408446, 47.040429390374484], [-60.59055194873421, 47.040414946302946], [-60.590587822255685, 47.04041521551809], [-60.59059700025741, 47.04041808150257], [-60.59070464907464, 47.04045187194864], [-60.590717800828294, 47.04045214879049], [-60.590796447211396, 47.040488901357556], [-60.59085991442163, 47.04054233397099], [-60.59086113204349, 47.04054335851775], [-60.59088609058134, 47.04056062247481], [-60.590965818200104, 47.04061575616865], [-60.59097921044757, 47.04062764708504], [-60.5910177159738, 47.040661844769005], [-60.591029168742146, 47.040677924510184], [-60.591056097594425, 47.040715748206736], [-60.591071345391896, 47.0407548379256], [-60.591080882054484, 47.04077926464197], [-60.59108053273813, 47.04082063587735], [-60.59108027354316, 47.040851236897765], [-60.59106981569624, 47.040884970994945], [-60.591066411899895, 47.04089595044483], [-60.591061524901306, 47.04090215606927], [-60.5910524502006, 47.04091365511195], [-60.59102236442338, 47.040933648197324], [-60.59097238409314, 47.04096686542061], [-60.59101204057151, 47.04102169562856], [-60.591089008374986, 47.04106651199085], [-60.59111777688749, 47.041081615266485], [-60.591194465147275, 47.04112182705308], [-60.59128741622614, 47.04117859769692], [-60.59131029064445, 47.041189824193566], [-60.59129885523927, 47.041211649718896], [-60.59129342673794, 47.041237480336314], [-60.591287069952784, 47.04124358304487], [-60.591266278665444, 47.041263564810414], [-60.591276317678094, 47.04127157843595], [-60.591316104513204, 47.04128464572606], [-60.59140781394595, 47.041326901336085], [-60.59146363491162, 47.04135196002794], [-60.59144993343666, 47.0413589161064], [-60.591426411437986, 47.04136733038795], [-60.591422834082856, 47.04138771941796], [-60.59142138729178, 47.04139119868254], [-60.591417179050666, 47.04140133328194], [-60.591389465554904, 47.04140167701092], [-60.591387542124906, 47.04140170852863], [-60.59134389710865, 47.041392753725276], [-60.59131030892235, 47.04139317179026], [-60.59129392954024, 47.04140580402142], [-60.59128889668607, 47.041409693776686], [-60.59128915478003, 47.04142237916114], [-60.59128916811425, 47.04142325236967], [-60.59132319325882, 47.04144587260463], [-60.591411218529565, 47.04150037066159], [-60.59153721395658, 47.04157437709838], [-60.59155675970686, 47.04158585747407], [-60.59172409583032, 47.04163873041869], [-60.59185549421385, 47.041702690023634], [-60.592077796900256, 47.04179465977952], [-60.592038543535246, 47.04173083917658], [-60.592027397834016, 47.04171143627578], [-60.59201289437167, 47.041686203208165], [-60.592013419353506, 47.04167454221762], [-60.59200172318815, 47.041667366721725], [-60.5919853248882, 47.041657320527506], [-60.5919870602757, 47.04164509105132], [-60.59200279888437, 47.04164084154678], [-60.59201553061928, 47.04164782284712], [-60.592048727880524, 47.041666033809875], [-60.59206797072024, 47.04167196418318], [-60.59208251282406, 47.041676454771284], [-60.59208228529448, 47.041664255992444], [-60.59216985315548, 47.04169706462967], [-60.592205818093, 47.04171696263531], [-60.592241623253486, 47.04172871294167], [-60.5922508155827, 47.0417222018686], [-60.5922572063039, 47.04171768368998], [-60.592251483987425, 47.0417076461338], [-60.59224493289782, 47.04169613326351], [-60.5922025405985, 47.041650569170166], [-60.59221432831282, 47.04164635351306], [-60.59224801921179, 47.04165272278191], [-60.59225700670315, 47.04165719549102], [-60.592271969267046, 47.04166462865737], [-60.592291416473785, 47.0416753778941], [-60.59231990582025, 47.04169114093651], [-60.59237185521441, 47.04172033839132], [-60.59243964827542, 47.04175201991095], [-60.59245537413498, 47.04174776107676], [-60.59245614162331, 47.04173860697871], [-60.5924569793242, 47.041728770414046], [-60.59245489158741, 47.041725432771926], [-60.59244269842463, 47.04170589988814], [-60.59240867303703, 47.041683270984585], [-60.59239506654222, 47.04167027782314], [-60.5923764491303, 47.041652499641465], [-60.59237116445116, 47.04164473011027], [-60.592358136887725, 47.04162560263035], [-60.59232981557141, 47.04159206960093], [-60.59230821228653, 47.041574822549094], [-60.592299684326356, 47.041568037702454], [-60.59232337581859, 47.04156638524846], [-60.592366971993755, 47.04157262987335], [-60.592369643472544, 47.04157440492652], [-60.5923969972565, 47.041592582861604], [-60.592423101000406, 47.04161396522873], [-60.592478958364744, 47.041641741962664], [-60.59247912812695, 47.0416423574829], [-60.59248748613758, 47.04167280678452], [-60.592490836677705, 47.04167353420609], [-60.59252319765161, 47.04168049636848], [-60.59253014740913, 47.04168900285747], [-60.59254952487508, 47.04171270951169], [-60.5925756526027, 47.04171952255246], [-60.59258923648239, 47.04172307499709], [-60.59259704152938, 47.04171755163307], [-60.5925967736156, 47.04170420010148], [-60.592596596356, 47.04169585406292], [-60.59262610333233, 47.04168871732801], [-60.592625237316575, 47.04168748421354], [-60.59261389635823, 47.04167124500162], [-60.592604553919166, 47.04165886350827], [-60.592595645907885, 47.04164706710394], [-60.592607014961274, 47.04164952004855], [-60.59261349488512, 47.04165091623747], [-60.59264544675428, 47.04166813791154], [-60.592676165971945, 47.04167823323787], [-60.592701138547675, 47.04168643483737], [-60.59272940220405, 47.04169961024416], [-60.59275495815905, 47.04171152279566], [-60.5927545876667, 47.04170951716873], [-60.59275274127497, 47.041699354172856], [-60.59274837024576, 47.04167771802329], [-60.5927523962053, 47.0416798185302], [-60.59277632170593, 47.0416922727378], [-60.59281240646828, 47.04171448588088], [-60.59283032755757, 47.04172550890387], [-60.59288546189027, 47.04175327023164], [-60.592938073496015, 47.04177975458021], [-60.593021654755454, 47.0418098959369], [-60.59307955064074, 47.04184036102543], [-60.593141523001606, 47.041876194369365], [-60.59315502546216, 47.04188360571494], [-60.593187452749916, 47.04190138618793], [-60.59320880070679, 47.04191963561925], [-60.59322965394998, 47.041937469677336], [-60.593250160509655, 47.04194867298976], [-60.593263613226995, 47.041956020281575], [-60.59326721202113, 47.04193835842264], [-60.593268643818774, 47.041911219777816], [-60.59326172127604, 47.04186114634613], [-60.59326338055377, 47.04183772917686], [-60.59326480718497, 47.041817726832626], [-60.593242609359876, 47.041794959913], [-60.59321359278503, 47.04177920401369], [-60.593198673144165, 47.0417711059288], [-60.59318538396364, 47.041763051126686], [-60.59315268114786, 47.04174320402906], [-60.593143733689956, 47.041726430250094], [-60.593138319771136, 47.04171626423508], [-60.59314088675594, 47.041707489945125], [-60.59314387600582, 47.041697230658244], [-60.593170417101874, 47.04169690684643], [-60.59318930591398, 47.04169666509595], [-60.59324265662837, 47.04169736398057], [-60.59326700944995, 47.04169915395351], [-60.59332177760787, 47.041703167334596], [-60.593387094586674, 47.041709139349216], [-60.59344869199395, 47.041704737971315], [-60.59345612736334, 47.0417042103622], [-60.59348351602586, 47.0416903154226], [-60.59352234905457, 47.041657303697924], [-60.59356352344265, 47.04164188973495], [-60.59359825938841, 47.041647857612375], [-60.59361507244608, 47.04165073988783], [-60.593648133910605, 47.04165032807008], [-60.5936881234795, 47.04164983691597], [-60.593729573033684, 47.04165405605448], [-60.593759386017965, 47.04165708562024], [-60.593775080761674, 47.041651467063126], [-60.593776655693475, 47.04164806245725], [-60.593784544714886, 47.041631012731635], [-60.59383588834453, 47.04163038225141], [-60.59389486245456, 47.04161610729774], [-60.593977873505814, 47.041619130211366], [-60.59399447517483, 47.0416161764699], [-60.594034952167966, 47.04160894599922], [-60.59407603298147, 47.04158946222168], [-60.594140742410254, 47.04156562450069], [-60.59416004671508, 47.04156316850744], [-60.59417621295125, 47.04156111451181], [-60.59425756892893, 47.04158044508149], [-60.594323016214894, 47.04159317774126], [-60.59451581656627, 47.04165451014411], [-60.59453820984853, 47.04165859846997], [-60.59454357653965, 47.04165957518614], [-60.59455207067951, 47.04167355855773], [-60.59455991466594, 47.0416864843514], [-60.59456065196334, 47.041723072818755], [-60.59457508890707, 47.041722881266566], [-60.594578420836896, 47.041722852298335], [-60.594596189306095, 47.04172264076592], [-60.594608366340786, 47.04173874436276], [-60.59461328934055, 47.04174051268484], [-60.59463024748916, 47.041746610593904], [-60.59463230382652, 47.041750649477926], [-60.59464173521817, 47.04175374544242], [-60.59464422605593, 47.04175456272489], [-60.594658503212216, 47.041776074006876], [-60.59467396093286, 47.04175962424197], [-60.594673629834084, 47.04174268968549], [-60.5946734783875, 47.04173522612052], [-60.59467334641848, 47.041729085855344], [-60.594673000146024, 47.04171219597619], [-60.59468594525591, 47.04166730975667], [-60.59469530186695, 47.04164279443101], [-60.594698723859615, 47.04163344412376], [-60.59470278942298, 47.041622370484724], [-60.594743610684894, 47.04163880603957], [-60.59476237253351, 47.04164636371526], [-60.59478441841589, 47.041655250294646], [-60.59478661836231, 47.04165785231294], [-60.594794538742114, 47.04166732398185], [-60.59481191886965, 47.04167106392749], [-60.594824305411464, 47.04167372701705], [-60.59482425898185, 47.041671539222435], [-60.59482379097187, 47.04164798733692], [-60.5948076812783, 47.041633268001014], [-60.59477578602882, 47.0416174070103], [-60.59474175083537, 47.04159614648405], [-60.59475869674144, 47.041590806063866], [-60.59477318506304, 47.04158625092775], [-60.594798637728104, 47.041576463647104], [-60.59485056989686, 47.04158470034589], [-60.5948699547515, 47.04158777146805], [-60.59488575332438, 47.04159038025968], [-60.59492345327941, 47.04159659900194], [-60.59494322277527, 47.04161278110926], [-60.59494955886651, 47.04161796282963], [-60.59504680230842, 47.041641154381345], [-60.59505041876474, 47.04162484272653], [-60.59505988267764, 47.04161813915136], [-60.59506209923263, 47.04161656585905], [-60.59511578989889, 47.04163488255447], [-60.59512382002272, 47.04163225250857], [-60.59513736765626, 47.04162783054877], [-60.595178385239215, 47.0416056452713], [-60.5951927995278, 47.04160215043867], [-60.59520196964418, 47.04159993130711], [-60.595202641829644, 47.04160020640843], [-60.59525972420304, 47.041623606882375], [-60.595304696106965, 47.041641425333815], [-60.59533934688276, 47.04165514824991], [-60.59537427461685, 47.0416676890724], [-60.59540500454581, 47.041678728810915], [-60.59545498555826, 47.04170928739091], [-60.5954772743478, 47.041713652314236], [-60.59550058132633, 47.041718209609], [-60.59550217854369, 47.04171723524658], [-60.59552789385944, 47.041701603806246], [-60.59553759765274, 47.041679606498306], [-60.59554111589254, 47.04167162607493], [-60.59556372556024, 47.04161848348619], [-60.59556528505018, 47.04159814193433], [-60.595556693016576, 47.04156436722101], [-60.595533087507434, 47.04153570366181], [-60.59553238857979, 47.04153485204836], [-60.59553765828802, 47.04150225946017], [-60.59558119749465, 47.04150714277444], [-60.595606543096736, 47.04149299742595], [-60.595608527777344, 47.04149189621261], [-60.595609725910904, 47.041489842553844], [-60.595618070557954, 47.0414755290485], [-60.595665995911084, 47.04150203068683], [-60.59568244677643, 47.041534350611194], [-60.59568229339522, 47.041544498548504], [-60.59568158922394, 47.041588571104995], [-60.59571316204737, 47.04158818141498], [-60.595740554819365, 47.04157564491005], [-60.59574200282951, 47.041549874463605], [-60.59576848659363, 47.041546138127146], [-60.595773508004754, 47.04154542467216], [-60.59577752735599, 47.04154679599384], [-60.59583116843184, 47.04156504831657], [-60.59586880750715, 47.041569987573965], [-60.59586933248858, 47.04156855872027], [-60.595874417238996, 47.041555013654275], [-60.59591669612699, 47.04155630666327], [-60.59596924274806, 47.04155790531054], [-60.596006043294594, 47.04156216996492], [-60.596032576259226, 47.04156524703634], [-60.59606021053726, 47.04156490951724], [-60.596119623434916, 47.04157366272648], [-60.59620072581804, 47.04158078359644], [-60.59621684001085, 47.041573148681785], [-60.596230049508804, 47.04156687464423], [-60.59623737507125, 47.04155033487467], [-60.59624515319314, 47.04153280569173], [-60.5962628454777, 47.04153194435418], [-60.59628260910196, 47.041530982526076], [-60.596317342990574, 47.0415270413546], [-60.59634957577963, 47.0415233896201], [-60.59636531864121, 47.0415213804197], [-60.59638504613288, 47.04151887894262], [-60.59644890488862, 47.041514532437375], [-60.596457976722434, 47.04151391300862], [-60.59651086663292, 47.041492930487564], [-60.596535669140906, 47.04149262338181], [-60.596560208203506, 47.04149231973791], [-60.59660554912281, 47.0414890421746], [-60.59666873927769, 47.04148961309863], [-60.59670206385918, 47.04147836182157], [-60.59674504318232, 47.04145615418023], [-60.59677628017137, 47.04143950449213], [-60.59679984434232, 47.0414392163244], [-60.59682364565414, 47.041438924131626], [-60.596871144830885, 47.04143273102384], [-60.59689254397015, 47.041429940583846], [-60.59690290956859, 47.04142718846229], [-60.59695145972793, 47.04141430394353], [-60.59699856546489, 47.04140016518033], [-60.59703769649678, 47.041384788062494], [-60.597113095343545, 47.04140282162902], [-60.597160183796866, 47.04140694192322], [-60.597208006753625, 47.04141112261367], [-60.59727575128139, 47.04142078806608]]}, "properties": {"OBJECTID": 11596, "FEAT_CODE": "WACO20", "FEAT_DESC": "Coast - Water to the right line", "RIVNAME_1": " ", "RIVNAME_2": " ", "ZVALUE": 0.4, "FID": null, "SHAPE_Length": 2598.8846845024777}}, {"type": "Feature", "id": 12212, "geometry": {"type": "LineString", "coordinates": [[-60.62020610047162, 47.027165670535396], [-60.62029026131914, 47.0270890908438], [-60.62031882181571, 47.027075150855886], [-60.62037559290127, 47.027047443568996], [-60.6204130459782, 47.026987720211956], [-60.62041551952494, 47.026947778917226], [-60.620418215927046, 47.02690430554542], [-60.62040536203333, 47.026872243909416], [-60.620408109709494, 47.02686165490834], [-60.62041936990568, 47.026818269591004], [-60.62043783596328, 47.02678035265031], [-60.62047723971863, 47.026781531838715], [-60.62049698104318, 47.026782122247916], [-60.620535000490705, 47.02676234035209], [-60.620539594525006, 47.02675995206405], [-60.62055009393123, 47.02671946667804], [-60.62058981031581, 47.02672959759412], [-60.62059558275496, 47.02678595398948], [-60.62060413598985, 47.026790127476104], [-60.62064360367724, 47.02680940545286], [-60.620726636152575, 47.02681886192806], [-60.620797412732216, 47.02681506864086], [-60.62079693153665, 47.02680013786116], [-60.620796449899316, 47.026785513047166], [-60.62085156628659, 47.026784651923975], [-60.620865249845984, 47.026769637616056], [-60.62088071751295, 47.0267526805544], [-60.62088180089161, 47.02669870749996], [-60.62080406809249, 47.02667099380835], [-60.620785474147745, 47.02666324589174], [-60.62073816916051, 47.026643526065484], [-60.6207086015927, 47.02663069041535], [-60.62064897444702, 47.02660483787773], [-60.62062396040833, 47.02660532578343], [-60.62060155459709, 47.02660575991523], [-60.62057786300756, 47.026603440535624], [-60.62057767966336, 47.02659838813765], [-60.62057716049884, 47.02658194469091], [-60.62057540442791, 47.02652820058335], [-60.62054417824132, 47.02650175952028], [-60.62053489405402, 47.026493899133364], [-60.62053461088832, 47.02648487598506], [-60.620534035762255, 47.02646702748938], [-60.62058066450319, 47.026447487557256], [-60.62058912770766, 47.0264456926624], [-60.620635442223964, 47.026435883377935], [-60.620680983367535, 47.026420379462685], [-60.62070165602287, 47.02641333982438], [-60.62073623725596, 47.02638592700623], [-60.620786465727896, 47.02635557271315], [-60.620804488992626, 47.02630421960697], [-60.620827842105456, 47.02629579578338], [-60.620828004772164, 47.026300721761594], [-60.62082854511535, 47.02631728263834], [-60.62082599896684, 47.02636034517977], [-60.62082774294147, 47.02641407103414], [-60.620859935017066, 47.02643506954517], [-60.62091514191118, 47.026436901053195], [-60.621057994612606, 47.02646963091409], [-60.621125457883885, 47.026484703005906], [-60.62118072982694, 47.02648921751777], [-60.621179779530046, 47.02645967118628], [-60.62117916410331, 47.026440651952605], [-60.62117837402819, 47.02641667949451], [-60.621173268496385, 47.02640392941668], [-60.62116980877841, 47.02639530820991], [-60.62117130292288, 47.026389525740726], [-60.621173303347824, 47.02638182795188], [-60.621183489828134, 47.02637975385564], [-60.62121634595087, 47.0263730843357], [-60.62121605867358, 47.026364151096416], [-60.62121556505078, 47.02634890508532], [-60.62119065019426, 47.02630897048776], [-60.6211581850189, 47.026279903053954], [-60.62114463316452, 47.02628011634752], [-60.62108733103787, 47.02628101317367], [-60.6210342666839, 47.02625911292918], [-60.620961879167986, 47.02623403023858], [-60.62092928219813, 47.026222733544], [-60.6208770477359, 47.026213548436516], [-60.620798915920574, 47.02619482570642], [-60.62070670735372, 47.02616681103005], [-60.620667119684526, 47.02613988120403], [-60.62065747298868, 47.026109686118325], [-60.62065556970793, 47.02610365304235], [-60.620669286395994, 47.02603194408635], [-60.620676191677994, 47.02601871473148], [-60.62068367366197, 47.026004354458436], [-60.620722950573345, 47.02596071459509], [-60.6207639724645, 47.025915122155084], [-60.620800638448216, 47.02588432393422], [-60.6208172900106, 47.02587033424888], [-60.62089610498333, 47.02584407485161], [-60.621211827825164, 47.025847037503546], [-60.62125211243296, 47.02582897631071], [-60.62125235548481, 47.0257989328217], [-60.62125238296974, 47.0257929848798], [-60.62124004694062, 47.025774729967], [-60.62120627361353, 47.02575733439828], [-60.62118729729565, 47.02574753576526], [-60.621069564928085, 47.02570189228714], [-60.62082106814066, 47.02563733185658], [-60.620795171039994, 47.02562779426076]]}, "properties": {"OBJECTID": 12212, "FEAT_CODE": "WACO20", "FEAT_DESC": "Coast - Water to the right line", "RIVNAME_1": " ", "RIVNAME_2": " ", "ZVALUE": 0.4, "FID": null, "SHAPE_Length": 401.3597761858274}}, {"type": "Feature", "id": 32357, "geometry": {"type": "LineString", "coordinates": [[-60.605509914232556, 47.023934841757644], [-60.60544193724622, 47.024042310777176], [-60.60541713031155, 47.02409143175719], [-60.605414502473664, 47.02409663235276], [-60.605360812089366, 47.02414950466288], [-60.60526444683724, 47.02420670363104], [-60.60525536202251, 47.024212093094725], [-60.605239715687304, 47.024215302432275], [-60.60521551600595, 47.02422025864377]]}, "properties": {"OBJECTID": 32357, "FEAT_CODE": "WALK20", "FEAT_DESC": "Lake - Water to the right line", "RIVNAME_1": " ", "RIVNAME_2": " ", "ZVALUE": 99.9, "FID": null, "SHAPE_Length": 40.3398269624812}}, {"type": "Feature", "id": 32358, "geometry": {"type": "LineString", "coordinates": [[-60.60521551600595, 47.02422025864377], [-60.60518433818073, 47.02422734565507], [-60.6051357434745, 47.02423838787043], [-60.60485947645789, 47.02423620649301], [-60.60478095115769, 47.02422646382688], [-60.6047721111882, 47.02422491093754], [-60.60472872168996, 47.024217271430885], [-60.60468612275398, 47.02420314197853], [-60.60450567646668, 47.02414330890247], [-60.60440167364539, 47.02411503418036], [-60.60432353521619, 47.024090774469485], [-60.60428355734964, 47.02407836459512], [-60.60420661586304, 47.02404000999812], [-60.60410074870116, 47.0239872449488], [-60.603996223485076, 47.02394096037273], [-60.603957260074395, 47.023927059742604], [-60.603918503829306, 47.02391323543036], [-60.60387097770432, 47.0238839197377], [-60.60380068237029, 47.02384057441969], [-60.60379615136105, 47.023837428803546], [-60.60374835946143, 47.023804381795436]]}, "properties": {"OBJECTID": 32358, "FEAT_CODE": "WALK20", "FEAT_DESC": "Lake - Water to the right line", "RIVNAME_1": " ", "RIVNAME_2": " ", "ZVALUE": 99.9, "FID": null, "SHAPE_Length": 125.82443117148557}}, {"type": "Feature", "id": 32948, "geometry": {"type": "LineString", "coordinates": [[-60.593291833211076, 47.027626562731996], [-60.59327978038835, 47.02761040756841], [-60.593278178834915, 47.02760826806076], [-60.59326503021161, 47.027607991570044], [-60.59326518254191, 47.02759992242454], [-60.59326684840823, 47.02750903778938], [-60.59329144782361, 47.02747681570807], [-60.593307405436505, 47.02745589497733], [-60.59335521897265, 47.027402643757426], [-60.59342794391771, 47.027321640606665], [-60.593485681329526, 47.02728300583647], [-60.59349443384044, 47.027277142356375], [-60.593514815547636, 47.02725822246433], [-60.59356173225646, 47.02721466251788], [-60.5936663254571, 47.027136741065114], [-60.593681562993225, 47.02712538936963], [-60.59385469368313, 47.02699224026317], [-60.59386336487704, 47.026983207300674], [-60.59388092895034, 47.02696489405449], [-60.59393352283684, 47.02696599971401], [-60.59397260444744, 47.02697492064186], [-60.59397985234581, 47.02699256759652]]}, "properties": {"OBJECTID": 32948, "FEAT_CODE": "WALK20", "FEAT_DESC": "Lake - Water to the right line", "RIVNAME_1": " ", "RIVNAME_2": " ", "ZVALUE": 110.5, "FID": null, "SHAPE_Length": 100.24676844690339}}, {"type": "Feature", "id": 32949, "geometry": {"type": "LineString", "coordinates": [[-60.59397985234581, 47.02699256759652], [-60.59399870191987, 47.02703845518169], [-60.59403716598233, 47.02711936629862], [-60.59403649710472, 47.02715268554945], [-60.59403606865638, 47.027173338876324], [-60.594060749238885, 47.027209845792406], [-60.59402080132207, 47.027308007044795], [-60.59401918441664, 47.0273439701507], [-60.59400612487198, 47.027370693439366], [-60.59395269483321, 47.027388468711905], [-60.593847527469315, 47.02741505549437], [-60.593727810114984, 47.02747633445659], [-60.593634807512, 47.027521265337164], [-60.593568836386275, 47.02758378212299], [-60.59347512518254, 47.027618708781226], [-60.59339710351291, 47.02762696744641], [-60.5933961823002, 47.02762696607461], [-60.593291833211076, 47.027626562731996]]}, "properties": {"OBJECTID": 32949, "FEAT_CODE": "WALK20", "FEAT_DESC": "Lake - Water to the right line", "RIVNAME_1": " ", "RIVNAME_2": " ", "ZVALUE": 110.5, "FID": null, "SHAPE_Length": 107.44201672705185}}, {"type": "Feature", "id": 34164, "geometry": {"type": "LineString", "coordinates": [[-60.58348271445905, 47.02725158082394], [-60.58348393244202, 47.027224608703264], [-60.583497795990866, 47.02717990501896], [-60.583501023778794, 47.027175167554255], [-60.58351048214879, 47.027161274383175], [-60.58360111434309, 47.02708594710004], [-60.58361714012573, 47.02707263354061], [-60.58364157914075, 47.02705632985634], [-60.58372434127956, 47.027001102696154], [-60.58380358107791, 47.02696587850795], [-60.58384147819271, 47.026959605113085], [-60.583856621095855, 47.02695709901479], [-60.583885207122606, 47.02695737850264], [-60.58393555192474, 47.026957865329344], [-60.58402683207649, 47.026976899829506], [-60.584117173856654, 47.02710388779754]]}, "properties": {"OBJECTID": 34164, "FEAT_CODE": "WALK20", "FEAT_DESC": "Lake - Water to the right line", "RIVNAME_1": " ", "RIVNAME_2": " ", "ZVALUE": 171.7, "FID": null, "SHAPE_Length": 74.80071955438868}}, {"type": "Feature", "id": 34165, "geometry": {"type": "LineString", "coordinates": [[-60.584117173856654, 47.02710388779754], [-60.584107759055804, 47.02711011455256], [-60.583984206614254, 47.0271919737349], [-60.58394360007351, 47.027246012149405], [-60.58387719952302, 47.027317504590094], [-60.583849684799326, 47.02734392157854], [-60.58378359293561, 47.02737942336665], [-60.58367791798296, 47.027387991535434], [-60.58361917090702, 47.02738732720324], [-60.58358583805508, 47.02738694743061], [-60.58355634261521, 47.02737328473908], [-60.58354716481492, 47.02736901429353], [-60.583520364195174, 47.0273504678848], [-60.58349524464634, 47.02732383961372], [-60.583481999328725, 47.027296562119396], [-60.58348271445905, 47.02725158082394]]}, "properties": {"OBJECTID": 34165, "FEAT_CODE": "WALK20", "FEAT_DESC": "Lake - Water to the right line", "RIVNAME_1": " ", "RIVNAME_2": " ", "ZVALUE": 171.7, "FID": null, "SHAPE_Length": 73.49805053627212}}, {"type": "Feature", "id": 34240, "geometry": {"type": "LineString", "coordinates": [[-60.587127877660066, 47.02853572072825], [-60.5871651051693, 47.028533805762564], [-60.58718409881046, 47.028535223093144], [-60.58719594379255, 47.028536102749584], [-60.58720021382675, 47.02855961788118], [-60.58722295201993, 47.028570518387646], [-60.5872274238478, 47.02857262849575], [-60.5872673884309, 47.02857218408297], [-60.587296713377555, 47.02857185734221], [-60.58736583286203, 47.02856318119837], [-60.58745360209474, 47.02852268072548], [-60.58752223719963, 47.0284876713964], [-60.587565275001964, 47.02848357495729], [-60.58760709662523, 47.02847959685628], [-60.587596976983, 47.02849328743843], [-60.587593276291294, 47.028498303026176], [-60.58756110655627, 47.028528159497945], [-60.58752596936908, 47.028560779184254], [-60.58746879577326, 47.02864253836591], [-60.58743171107445, 47.028695581323696], [-60.58738420141655, 47.02876324432104], [-60.587350137545926, 47.028811752299994], [-60.5873143283144, 47.02890539083757], [-60.58728150465786, 47.02899119093689], [-60.58727788578393, 47.029248925872345], [-60.587277331249645, 47.02928807902537], [-60.58730164283216, 47.029332687967006], [-60.58730153521905, 47.02933945315287], [-60.58730093081543, 47.02937766932967], [-60.58729073714465, 47.029411093731795], [-60.58728702924631, 47.02942327257968], [-60.58724910837835, 47.029448724071], [-60.58719473761864, 47.02948522184931]]}, "properties": {"OBJECTID": 34240, "FEAT_CODE": "WALK20", "FEAT_DESC": "Lake - Water to the right line", "RIVNAME_1": " ", "RIVNAME_2": " ", "ZVALUE": 158.5, "FID": null, "SHAPE_Length": 162.86002132057084}}, {"type": "Feature", "id": 34241, "geometry": {"type": "LineString", "coordinates": [[-60.58719473761864, 47.02948522184931], [-60.587022908353596, 47.029501397762374], [-60.58701677806862, 47.029501331514375], [-60.58694397364572, 47.02950063350825], [-60.586942819600154, 47.029500249206095], [-60.586918040497046, 47.02949198740042], [-60.586884971505, 47.029464130372325], [-60.58685337268987, 47.02943752823326], [-60.5867619030697, 47.029364505367425], [-60.586711411374885, 47.02932870354053], [-60.586710888485875, 47.0293283325442]]}, "properties": {"OBJECTID": 34241, "FEAT_CODE": "WALK20", "FEAT_DESC": "Lake - Water to the right line", "RIVNAME_1": " ", "RIVNAME_2": " ", "ZVALUE": 158.5, "FID": null, "SHAPE_Length": 45.452933157932364}}, {"type": "Feature", "id": 34242, "geometry": {"type": "LineString", "coordinates": [[-60.586710888485875, 47.0293283325442], [-60.58671008442892, 47.02932777563385], [-60.586658559073705, 47.029292131973556], [-60.58658033730857, 47.0292463861261], [-60.58653008833137, 47.02919353570983], [-60.58652881908673, 47.02919220405039], [-60.586524976961904, 47.02918430266141], [-60.58651557178336, 47.02916492687856], [-60.58652902787009, 47.02912921352771], [-60.58654543388444, 47.02905873518513], [-60.58659917885092, 47.02900722272583], [-60.58663054269452, 47.028977160546596], [-60.58671138176004, 47.02897624631196], [-60.58676312798128, 47.028948035751206], [-60.58679524177809, 47.028930525330004], [-60.58694763452582, 47.02884449257037], [-60.587106813743986, 47.02871097851529], [-60.58711520022352, 47.02870508080768], [-60.58718283943191, 47.02865743370253], [-60.587170585004515, 47.02862068330058], [-60.58713808620202, 47.02861550753642], [-60.58710880214852, 47.02861084050077], [-60.587046928575056, 47.02859571318022], [-60.58703639909326, 47.02858375613652], [-60.587019398049414, 47.02856441823684], [-60.58702568160407, 47.028553202624764], [-60.58702682675379, 47.02855115693421], [-60.58705738798725, 47.02854530376607], [-60.587099725706615, 47.028537179065665], [-60.587127877660066, 47.02853572072825]]}, "properties": {"OBJECTID": 34242, "FEAT_CODE": "WALK20", "FEAT_DESC": "Lake - Water to the right line", "RIVNAME_1": " ", "RIVNAME_2": " ", "ZVALUE": 158.5, "FID": null, "SHAPE_Length": 131.35338950833815}}, {"type": "Feature", "id": 34243, "geometry": {"type": "LineString", "coordinates": [[-60.58450974603206, 47.03027361948826], [-60.5845073784259, 47.03047155355779], [-60.58449879509287, 47.03048500630999], [-60.58447905057729, 47.03051595207709], [-60.58445325524223, 47.030533406215554], [-60.58441296826476, 47.03055145442402], [-60.58438302441827, 47.03056167556669], [-60.58436082062397, 47.03056925228898], [-60.58429093560928, 47.030568578217064], [-60.58420294868856, 47.03056771100667], [-60.58416499807237, 47.03055616483259], [-60.58411076573937, 47.03053967634193], [-60.58403306061595, 47.0305119382132], [-60.58403189813416, 47.03051115773558], [-60.583993462071376, 47.03048500443386], [-60.58399857512508, 47.030209401587506], [-60.58399896897007, 47.0301881446147], [-60.58398634051797, 47.03008888601446]]}, "properties": {"OBJECTID": 34243, "FEAT_CODE": "WALK20", "FEAT_DESC": "Lake - Water to the right line", "RIVNAME_1": " ", "RIVNAME_2": " ", "ZVALUE": 173.1, "FID": null, "SHAPE_Length": 112.90253129000129}}, {"type": "Feature", "id": 34244, "geometry": {"type": "LineString", "coordinates": [[-60.58398634051797, 47.03008888601446], [-60.583978246746355, 47.0300684667923], [-60.5839615284031, 47.03002626724989], [-60.58396193435657, 47.03001727654422], [-60.583943673728605, 47.0299911621439], [-60.58392360782823, 47.02996247183606], [-60.5838325199547, 47.02988135533434], [-60.583822908510186, 47.02986714955852], [-60.58382016966588, 47.02986309606145], [-60.58382115503258, 47.02981591566361], [-60.58382129060507, 47.02980912407268], [-60.58384672040963, 47.02979976170678], [-60.58399443409503, 47.02980119704724], [-60.584004590456, 47.029801294448305], [-60.58401711682923, 47.02980720141319], [-60.584044540707765, 47.02982013630412], [-60.584095959826534, 47.02984731958194], [-60.584149112976064, 47.029865540162724], [-60.58416808536306, 47.02987093522402], [-60.58421407404936, 47.029884009951694], [-60.584220458791705, 47.02988864435326], [-60.584226817236974, 47.0298932781994], [-60.584254246348515, 47.02992504863288], [-60.584265590524645, 47.029938193032784], [-60.584304839557284, 47.03000201637132], [-60.5843601799862, 47.03008024518719], [-60.58441988866629, 47.03016463167988], [-60.58450974603206, 47.03027361948826]]}, "properties": {"OBJECTID": 34244, "FEAT_CODE": "WALK20", "FEAT_DESC": "Lake - Water to the right line", "RIVNAME_1": " ", "RIVNAME_2": " ", "ZVALUE": 173.1, "FID": null, "SHAPE_Length": 116.16887061873189}}, {"type": "Feature", "id": 34245, "geometry": {"type": "LineString", "coordinates": [[-60.57881632585907, 47.0293640836064], [-60.57884256988832, 47.02933674101884], [-60.57889597911067, 47.02931987228094], [-60.578955818160786, 47.02932030115392], [-60.578960449422866, 47.02932033612511], [-60.579010388593254, 47.02934118190081], [-60.57902632920166, 47.02934782758179], [-60.5790913955247, 47.02939330035038], [-60.57914417714247, 47.02941532210115], [-60.57915727546212, 47.02942079173421], [-60.579222639680204, 47.02943117354352], [-60.5792748968867, 47.02943947824134], [-60.57931350395041, 47.02945829334762], [-60.579320811554666, 47.0294727747546], [-60.579326801436906, 47.02948467249633]]}, "properties": {"OBJECTID": 34245, "FEAT_CODE": "WALK20", "FEAT_DESC": "Lake - Water to the right line", "RIVNAME_1": " ", "RIVNAME_2": " ", "ZVALUE": 191.2, "FID": null, "SHAPE_Length": 47.70035288097606}}, {"type": "Feature", "id": 34246, "geometry": {"type": "LineString", "coordinates": [[-60.579326801436906, 47.02948467249633], [-60.57931370653085, 47.029512293300094], [-60.57928153219338, 47.02953980754271], [-60.57927263272959, 47.02954742168924], [-60.579268621189684, 47.029550270607835], [-60.57924679554754, 47.02956577370158], [-60.5791973708093, 47.029573115650685], [-60.57919379292869, 47.02957365192535], [-60.579062221888435, 47.02957266882623], [-60.578996843153135, 47.02956318654654], [-60.578839558205715, 47.02949056496776], [-60.57881438628067, 47.029436036802224], [-60.57881509172147, 47.029409683840065], [-60.57881632585907, 47.0293640836064]]}, "properties": {"OBJECTID": 34246, "FEAT_CODE": "WALK20", "FEAT_DESC": "Lake - Water to the right line", "RIVNAME_1": " ", "RIVNAME_2": " ", "ZVALUE": 191.2, "FID": null, "SHAPE_Length": 59.049645532755235}}, {"type": "Feature", "id": 125494, "geometry": {"type": "LineString", "coordinates": [[-60.58465616456002, 47.027117063516], [-60.58475893793613, 47.02703309125352], [-60.58477641534001, 47.02701880924538], [-60.584829763488926, 47.026974038688834], [-60.58486992259702, 47.026929889725544], [-60.58493641894289, 47.02688539656695], [-60.58495268938386, 47.02686373665288], [-60.58497702420667, 47.02683135777361], [-60.5850306800761, 47.02675059650079], [-60.58505728480122, 47.02671516074844], [-60.58515160246088, 47.02660825953861], [-60.585159036567745, 47.02659838219597], [-60.58516560273622, 47.02658965644642], [-60.585186953356384, 47.02657557308716], [-60.585218503862066, 47.02655477548296], [-60.58537717578348, 47.02653832471678], [-60.58540341507583, 47.02651098052521], [-60.58545603271592, 47.02648996136036], [-60.58553609799835, 47.026457984130055], [-60.58560259320348, 47.02641349056005], [-60.58565190809661, 47.02637290919444], [-60.585655899490995, 47.02636961866251], [-60.58566023172229, 47.02636810817829], [-60.58568262900813, 47.0263602833062], [-60.58570269377279, 47.02635602693679], [-60.58572117766937, 47.02635209718787], [-60.585814205718975, 47.026361258928134], [-60.585833535497784, 47.026361333684214], [-60.585866826110404, 47.02636146893183], [-60.58591308783157, 47.02637572765455], [-60.58595770083927, 47.02638948362105], [-60.586040847342005, 47.02642631651886], [-60.586062214505105, 47.02643578445821], [-60.586140878294884, 47.02647163180797], [-60.58616927260429, 47.02647878213095], [-60.58617991718527, 47.02648146343096], [-60.58624569912991, 47.02648195083909], [-60.586272441754694, 47.026472615621586], [-60.58627566832007, 47.02646906595784], [-60.58631259929956, 47.02642846611972], [-60.58636548357681, 47.026410862887026], [-60.586391430701646, 47.026402239807354], [-60.586455243965744, 47.0264026045854], [-60.586509846555664, 47.02640292808744], [-60.58662865472361, 47.02639462523875], [-60.58667823507918, 47.026394833760726], [-60.586681300651364, 47.02639485340451], [-60.58673439805799, 47.026413962552695], [-60.586798558232736, 47.02645041256117], [-60.58679948927165, 47.026451071140706], [-60.586850885443454, 47.02648660404434], [-60.58691634706111, 47.0265230904252], [-60.587084462708134, 47.02667692275664], [-60.58711085807953, 47.02670447706229], [-60.587135533268935, 47.02674099437498], [-60.58715175665687, 47.026809676908634], [-60.58716095057215, 47.026848621621646], [-60.58717145881648, 47.02696583376158], [-60.58717034142775, 47.02701980587071], [-60.58716609882865, 47.02702545796928], [-60.58714373792352, 47.02705524213551], [-60.5870503185655, 47.02717206311668], [-60.58701089495989, 47.02721365455304], [-60.58698258104725, 47.02724352916325], [-60.58698214030166, 47.02727139963203], [-60.58698186885897, 47.027288510534554], [-60.586993286202876, 47.02741474112803], [-60.586993120185454, 47.02742280098015], [-60.586992168607345, 47.027468713228075], [-60.58697781169491, 47.02751099511847], [-60.58696485253723, 47.02754913081166]]}, "properties": {"OBJECTID": 125494, "FEAT_CODE": "WALK20", "FEAT_DESC": "Lake - Water to the right line", "RIVNAME_1": " ", "RIVNAME_2": " ", "ZVALUE": 168.2, "FID": null, "SHAPE_Length": 349.56302648075285}}, {"type": "Feature", "id": 125495, "geometry": {"type": "LineString", "coordinates": [[-60.58696485253723, 47.02754913081166], [-60.58680790960708, 47.02743963036203], [-60.586801333645305, 47.027429898480456], [-60.586795571969674, 47.02742137167211], [-60.58678938922534, 47.027399418063], [-60.58678309567822, 47.027377003154044], [-60.58677106458315, 47.02732276281476], [-60.58676272425127, 47.02731158984174], [-60.58675741213529, 47.02730447639752], [-60.58671914248932, 47.027277571566955], [-60.58670589751133, 47.02727739128195], [-60.5866007656413, 47.027275975404535], [-60.58654732022509, 47.02729374689884], [-60.58650396981855, 47.02730537775556], [-60.586482041137785, 47.027311268826054], [-60.58646199194307, 47.027314589735944], [-60.58642900114957, 47.02732004953717], [-60.586289285969094, 47.0273188400009], [-60.586284286706224, 47.027318797565265], [-60.58611369441911, 47.02730799135325], [-60.58606064082637, 47.027316780605965], [-60.586050251279886, 47.027320404169], [-60.58603389773882, 47.02732611576432], [-60.58599081035533, 47.02735058494424], [-60.585940699552225, 47.02737903663689], [-60.58583058654246, 47.02745973238865], [-60.585795061825756, 47.02748576490287], [-60.58577674143673, 47.0274980224449], [-60.58572857855716, 47.02753025883294], [-60.58567555388382, 47.0275419012885], [-60.58560891783961, 47.02755652332423], [-60.58552969103367, 47.02759175803317], [-60.585436799317925, 47.02760869684997], [-60.58520964669638, 47.02760678423438], [-60.585081585737285, 47.027605702121264], [-60.58498987053503, 47.02759656749398], [-60.584937265593275, 47.027574408177415], [-60.58485942374284, 47.02754161910774], [-60.58483393823564, 47.027523082761434], [-60.58473234845331, 47.02744376116764], [-60.58472969131325, 47.027441689256165], [-60.58471525603234, 47.02741043611228], [-60.5847045146218, 47.0273871532854], [-60.584654330890245, 47.0272160078834], [-60.584654353694845, 47.02721491945196], [-60.58465616456002, 47.027117063516]]}, "properties": {"OBJECTID": 125495, "FEAT_CODE": "WALK20", "FEAT_DESC": "Lake - Water to the right line", "RIVNAME_1": " ", "RIVNAME_2": " ", "ZVALUE": 168.2, "FID": null, "SHAPE_Length": 244.1867520674348}}, {"type": "Feature", "id": 179028, "geometry": {"type": "LineString", "coordinates": [[-60.571982814114584, 47.01976376827603], [-60.57195525688014, 47.01979108146373], [-60.57194013558184, 47.019804457589686], [-60.57191550112392, 47.019826226214704], [-60.57185893492687, 47.019882972582494], [-60.571835526453654, 47.01990643206988], [-60.571794926779184, 47.01996046639059], [-60.571769582406525, 47.02000252232902], [-60.57174085052683, 47.02005021194171], [-60.571660164071936, 47.02017539004041], [-60.57162040783051, 47.02021053467785], [-60.571590969176306, 47.020234640105976], [-60.5715657407697, 47.020255280140326], [-60.57153138679852, 47.02028156707844], [-60.571473039759056, 47.020326207414264], [-60.57133963397997, 47.02042416866011], [-60.571310636595534, 47.02045043421101], [-60.57129983613886, 47.02046022123179], [-60.5712592631372, 47.02051335599728], [-60.57121833209066, 47.020603380252496], [-60.571198407884346, 47.020648061888785], [-60.57119049763275, 47.02066578461536], [-60.57118955920814, 47.02077375621809], [-60.57118827727442, 47.020833907285834], [-60.571187279801876, 47.0208816993613], [-60.57119938421198, 47.02096294987226], [-60.57121139787377, 47.021017200576914], [-60.571248522080715, 47.02109808210514], [-60.57126145568701, 47.02116135161803], [-60.571264802508836, 47.021170826901596], [-60.57127427221858, 47.02119762076699], [-60.57131139663579, 47.02127850227655], [-60.571388551458796, 47.02140522968119], [-60.57142735801563, 47.02147804748175], [-60.57145101887496, 47.02159464041796], [-60.571488193520366, 47.021703429733485], [-60.57150968837415, 47.02179003604961], [-60.57151267085499, 47.021802032394866], [-60.57153719840896, 47.021928533918356], [-60.571535941670476, 47.021988136556814], [-60.571534932301724, 47.0220364863302], [-60.57153335925569, 47.022149466051275], [-60.57153316543513, 47.02216243891646], [-60.571546403438965, 47.02218971768048], [-60.571577340000836, 47.022255600963554], [-60.5716352072739, 47.02237878717686], [-60.57164517964265, 47.02241510392132], [-60.57164762955374, 47.0224240472017], [-60.57164577193155, 47.02252299998466], [-60.571630676143045, 47.02259467401214], [-60.57159055983845, 47.02266671708242], [-60.57144246009712, 47.022827361685096], [-60.571322693884156, 47.02294361089527], [-60.57131976167356, 47.02295138705438], [-60.57130922943627, 47.02297932233461], [-60.57128980624671, 47.02303382383179], [-60.571280577771226, 47.023059707939794], [-60.57125396596147, 47.023095140374814], [-60.57121416600629, 47.0231311928636], [-60.571187027732904, 47.023149515459686], [-60.57109380922113, 47.023202432849764], [-60.57089553766875, 47.023308916154775], [-60.57080191093383, 47.02337081493365], [-60.57070920296664, 47.0234417504258], [-60.57058925292147, 47.02350399922498], [-60.57053588354571, 47.02354876273182], [-60.57052274928726, 47.02354848392728], [-60.57042954216855, 47.02360141001759], [-60.57017699179289, 47.0237436279152], [-60.57013288775155, 47.02376865451328], [-60.570083784403934, 47.02379654471899], [-60.570041520412786, 47.023812926033756], [-60.56999135243313, 47.02383237926025], [-60.56991210864126, 47.02386759381881], [-60.56980534504428, 47.023929221850494], [-60.56969943412517, 47.02400075810809], [-60.56966381473605, 47.02401600247907], [-60.569512899376406, 47.0240804993742], [-60.569222216412456, 47.024221905370894], [-60.56916392928034, 47.02425349682277], [-60.569075137062214, 47.02430159296808], [-60.56896929157102, 47.02437223001093], [-60.568923742445584, 47.02439485863534], [-60.56891544871855, 47.02439897512674], [-60.56890392866189, 47.02440516491656], [-60.56884933785339, 47.02443446791038], [-60.56867806647719, 47.02449653346065], [-60.56861149832478, 47.02451311788493], [-60.56850941318365, 47.02452790380383], [-60.56849228422527, 47.02453038367511]]}, "properties": {"OBJECTID": 179028, "FEAT_CODE": "WARV50", "FEAT_DESC": "River - Single Line", "RIVNAME_1": " ", "RIVNAME_2": " ", "ZVALUE": 9999, "FID": null, "SHAPE_Length": 667.4427352769186}}, {"type": "Feature", "id": 179029, "geometry": {"type": "LineString", "coordinates": [[-60.57212603402197, 47.02591872117279], [-60.572113294311244, 47.02590944263706], [-60.57198358968821, 47.025809507810884], [-60.571944462611484, 47.02577268060065], [-60.57180157030759, 47.02567335671902], [-60.571710218887546, 47.02562732206408], [-60.57157938308337, 47.025581349492036], [-60.571396771898364, 47.025516279555596], [-60.57131852818635, 47.02547142265298], [-60.57123982666963, 47.02540765747835], [-60.57121800472169, 47.02538710798486], [-60.57120070039787, 47.02537083002629], [-60.57118607095249, 47.02536404908201], [-60.57116203208873, 47.02535291078225], [-60.57109013760243, 47.025297785285844], [-60.57101959123086, 47.025243696274465], [-60.57096728975295, 47.02520748905286], [-60.57090847272242, 47.02517623711857], [-60.5708631865793, 47.025152192789825], [-60.57077179646658, 47.02510704748513], [-60.570686240007554, 47.02507139418945], [-60.570485058606195, 47.02498756106783], [-60.5704455741077, 47.02498763182852], [-60.570353408712045, 47.02495957737547], [-60.570268106152696, 47.02494964912006], [-60.57018320957472, 47.02493976541714], [-60.570134962998075, 47.02493281958948], [-60.570051165716386, 47.024920754301476], [-60.5699730545197, 47.02490200621749], [-60.56982862523712, 47.024865642226736], [-60.569770714979946, 47.02484777289988], [-60.569737775163645, 47.02483761520408], [-60.56950163075773, 47.024763306116405], [-60.56944393002512, 47.02475183956694], [-60.569410331883645, 47.02474516851898], [-60.56930542813445, 47.02470784340347], [-60.56917468640833, 47.0246888679263], [-60.569155321376634, 47.024684946906795], [-60.568990815291926, 47.024651665158345], [-60.568908690031776, 47.02464075945653], [-60.56884561140689, 47.02463238211706], [-60.56876183221218, 47.024621963135516], [-60.56868857474918, 47.02461284752421], [-60.568544596487484, 47.02456659226811], [-60.5685172284932, 47.02454764329349], [-60.56849228422527, 47.02453038367511]]}, "properties": {"OBJECTID": 179029, "FEAT_CODE": "WARV50", "FEAT_DESC": "River - Single Line", "RIVNAME_1": " ", "RIVNAME_2": " ", "ZVALUE": 9999, "FID": null, "SHAPE_Length": 325.45321031060183}}, {"type": "Feature", "id": 180055, "geometry": {"type": "LineString", "coordinates": [[-60.57353370326537, 47.027468561758546], [-60.57358357626916, 47.02755870299875], [-60.57359601438391, 47.0276039631059], [-60.57366115265446, 47.02767643836929], [-60.57373813786914, 47.02774916473799], [-60.573816163247464, 47.02785701030568], [-60.5738844942562, 47.02797112980318], [-60.57389201808969, 47.02798370830059], [-60.57389488330478, 47.02798960057131], [-60.57391849918398, 47.02803826532808], [-60.5739261908592, 47.028055850981836], [-60.57393042489585, 47.028065515968386], [-60.573960322392935, 47.02809697225186], [-60.574033433804225, 47.02817388196115], [-60.57405982263588, 47.02820144815115], [-60.57407148686435, 47.0282637904333], [-60.57413260376533, 47.028570161505186], [-60.574156324438185, 47.02871465277746], [-60.57415437865319, 47.028786605786735], [-60.57415417382291, 47.028803898063934], [-60.57415198576479, 47.028984548253725], [-60.574150777331745, 47.02903704244457], [-60.57414931729868, 47.02910147334804], [-60.57414547825482, 47.02911589881904], [-60.57413503783051, 47.029155166374615], [-60.57413286859447, 47.02929010960779], [-60.57411868114804, 47.02937080242321], [-60.574083459840686, 47.02944514587919], [-60.574063375793315, 47.02948752075656], [-60.57405849020079, 47.029503255934806], [-60.574049503732105, 47.02953222312505], [-60.57396726976135, 47.02972034686716], [-60.57394070663942, 47.02978369669676], [-60.573925295833796, 47.02989136139191], [-60.57393442078664, 47.0301255360903], [-60.57392585039469, 47.030219054921496], [-60.57391878615682, 47.03029619099155], [-60.5739175617255, 47.03034961175739], [-60.57391610344607, 47.030413124757246], [-60.5739149856297, 47.03046709673814], [-60.573915863879634, 47.0304799483268], [-60.573926057209604, 47.03062930944979], [-60.573962875595065, 47.030746189586885], [-60.57397570915931, 47.03078245873248], [-60.57398781946332, 47.03086370893928], [-60.574013855819835, 47.03089936700508], [-60.57408342221925, 47.030986037710356], [-60.57411600097767, 47.03102661303985], [-60.57413014120016, 47.03105670935865], [-60.57414120951919, 47.0310802430868], [-60.574153215189796, 47.031109520222074], [-60.574167284664284, 47.031143790701385], [-60.57420460401158, 47.031278670924245], [-60.57426772254602, 47.031396099370625], [-60.57428374031597, 47.03141033373741], [-60.57431959699995, 47.031442195182464], [-60.57441068586404, 47.031523319298564], [-60.57445513926172, 47.03155020630295], [-60.57450164199721, 47.0315783426228], [-60.57453169048459, 47.03159112843361], [-60.574566207176204, 47.03160580878008], [-60.574924315734606, 47.03176766269312], [-60.57501118309086, 47.03180692223233], [-60.57517963297522, 47.03195268873254], [-60.57532169282863, 47.03207088008424], [-60.5753745147669, 47.03210742925013], [-60.575426341260176, 47.03214329135729], [-60.575445696586726, 47.03215737127898], [-60.57546456772136, 47.0321710989679], [-60.57555606695218, 47.03224323157156], [-60.575685292918344, 47.03232516249886], [-60.57575126744505, 47.03237965565982], [-60.57575771502895, 47.03238434586022], [-60.57576400970679, 47.03238892483025], [-60.57577499378747, 47.032524146620155], [-60.575776338669506, 47.03253019562139], [-60.57578701424269, 47.03257839687741], [-60.575823838299215, 47.032695267488194], [-60.575835544379494, 47.03278550818153], [-60.57584755179495, 47.03283975815386], [-60.57586421990241, 47.03288352369081], [-60.57588520358723, 47.03293865672035], [-60.57590649002992, 47.033016159356144], [-60.57591006000204, 47.033029166925246], [-60.57591006708058, 47.0330324968069], [-60.57591024586836, 47.03308316651143], [-60.57592135893128, 47.03312839825636], [-60.575923476679634, 47.03314034015068], [-60.57593392067117, 47.03319975857884], [-60.57590726585675, 47.03323609106732], [-60.57589848166287, 47.03324287945828], [-60.575826776376104, 47.03329828114634], [-60.57578743283836, 47.03332444565167], [-60.575707309326035, 47.03337855305015], [-60.57565683811516, 47.033412095196205], [-60.575627253506376, 47.03343174390038], [-60.575604966169266, 47.033438786199035], [-60.57560055948552, 47.0334401777354], [-60.57559984461577, 47.03344055856087], [-60.57553444149348, 47.03347567420625], [-60.57536192618246, 47.03356471222153]]}, "properties": {"OBJECTID": 180055, "FEAT_CODE": "WARV50", "FEAT_DESC": "River - Single Line", "RIVNAME_1": " ", "RIVNAME_2": " ", "ZVALUE": 9999, "FID": null, "SHAPE_Length": 765.1999110504212}}, {"type": "Feature", "id": 180200, "geometry": {"type": "LineString", "coordinates": [[-60.593291833211076, 47.027626562731996], [-60.59328747248571, 47.02763339147651], [-60.59328257329318, 47.02764107282825], [-60.59326617656317, 47.027666780934275], [-60.593263514570936, 47.027670954616156], [-60.59316070759708, 47.02772404826805], [-60.593091046821215, 47.02776002032431], [-60.59308473576914, 47.027764855203856], [-60.592905673474355, 47.02790191006712], [-60.592785030798396, 47.028009163870806], [-60.59275443247277, 47.02806238096473], [-60.59274362347017, 47.028081187086286], [-60.592722102345256, 47.028104357529884], [-60.592677220250685, 47.028152684543436], [-60.59267183766024, 47.02816086865994], [-60.592636270727475, 47.02821481814761], [-60.59260914295691, 47.02826402253002], [-60.592581815277065, 47.02831357367252], [-60.592563042645736, 47.028352001670555], [-60.592555720941974, 47.02836701143911], [-60.59252827081763, 47.02842132960763], [-60.59251035792556, 47.02844737468239], [-60.592473349921335, 47.02850116781577], [-60.59245985749931, 47.028537781021065], [-60.59245586701375, 47.02854837021836], [-60.59244640550874, 47.028573495147796], [-60.5924310994111, 47.028596301310515], [-60.59239279921387, 47.02865336096924], [-60.59233854516646, 47.02868911670145], [-60.592248433567796, 47.02875893626519], [-60.59224581552998, 47.028760960021536], [-60.59224308805424, 47.02876336844431], [-60.59220606552565, 47.02879612088453], [-60.59216506133524, 47.02885915309425], [-60.59212421184306, 47.028948286434456], [-60.59212369910926, 47.02899331700733], [-60.59212288398968, 47.029065249043356], [-60.59211995098251, 47.02921817497048], [-60.59212445929031, 47.02923088679645], [-60.59213279661054, 47.029254442306716], [-60.59219626916167, 47.02933587114645], [-60.5922614350614, 47.02940833630016], [-60.59230020171664, 47.02945324825475], [-60.592304445642654, 47.02945633428962], [-60.59235119298835, 47.02949031800942], [-60.592390781988115, 47.02951724868759], [-60.59244499943397, 47.029536441716594], [-60.59254753978658, 47.029572741868186], [-60.59261260943919, 47.02959558280894], [-60.5926265894145, 47.029600502485266], [-60.59271768962138, 47.02964827890629], [-60.59288759820706, 47.029737381516405], [-60.59289636853293, 47.02974078770705], [-60.593005314547554, 47.02978304469264], [-60.593096994257344, 47.02979308105305], [-60.59316278049128, 47.029793564559924], [-60.59325450109687, 47.02980269272749], [-60.59334946879968, 47.02981307700294], [-60.59343784838936, 47.02982274672104], [-60.59348251994156, 47.02983062443823], [-60.59349009429962, 47.029831944603494], [-60.5935822808499, 47.02985998077354], [-60.59359051028104, 47.02986253860604], [-60.59370040198908, 47.029896661470445], [-60.59373645751532, 47.029905311865086], [-60.59377851580393, 47.02991540234137], [-60.59387076897951, 47.02994254875057], [-60.5938900906785, 47.02995658883901], [-60.59390897784724, 47.02997034081186], [-60.59393583620898, 47.02998800405015], [-60.5939726450062, 47.03010576836071], [-60.59397883098992, 47.03021348467756], [-60.59398298164789, 47.030285971060195], [-60.59398014870803, 47.03042390631347], [-60.593979649475784, 47.030447887872334], [-60.5939791472201, 47.030546869282325], [-60.593976823641015, 47.030627813864136], [-60.59399986841286, 47.0306679490859], [-60.59400245596491, 47.030672458118765], [-60.59404119810607, 47.03071825988062], [-60.59404618453497, 47.030723278302446], [-60.59406763946259, 47.03074491358842], [-60.59407784501805, 47.03075065367017], [-60.59419729531402, 47.030817833308674], [-60.5942341633029, 47.030835067925466], [-60.594275930274655, 47.030854583325976], [-60.59445396143701, 47.03091363475889], [-60.594498988194886, 47.03092856596802], [-60.59450779425312, 47.030932647729784], [-60.5945376685859, 47.03094647752586], [-60.594586267657554, 47.030967144319305], [-60.59460224374379, 47.030973932554296], [-60.594838452114544, 47.031048190903014]]}, "properties": {"OBJECTID": 180200, "FEAT_CODE": "WARV50", "FEAT_DESC": "River - Single Line", "RIVNAME_1": " ", "RIVNAME_2": " ", "ZVALUE": 9999, "FID": null, "SHAPE_Length": 530.3051605370163}}, {"type": "Feature", "id": 180204, "geometry": {"type": "LineString", "coordinates": [[-60.58719473761864, 47.02948522184931], [-60.58720514658351, 47.02950335883708], [-60.58722036411842, 47.02952985852688], [-60.587271032042224, 47.02960292083648], [-60.58729622495438, 47.02966330608456], [-60.587297162789234, 47.0296655666736], [-60.587335492617136, 47.0297203703138], [-60.58734041652744, 47.02973785170729], [-60.58734797024482, 47.02976472978266], [-60.5873591912137, 47.029836960508604], [-60.58735847922202, 47.02988194186876], [-60.58737571164686, 47.02992389076573], [-60.5873845828071, 47.02994548703751], [-60.58741309683238, 47.029997023983256], [-60.58743446797669, 47.03003563138818], [-60.587453529682044, 47.03005861236614], [-60.587486897465716, 47.03009883152602], [-60.58756390519702, 47.03017154897254], [-60.58756528900681, 47.03017267605166], [-60.58764263339595, 47.03023530335539], [-60.58775963404673, 47.03032596221805], [-60.587811055594806, 47.030353143867714], [-60.58788888787643, 47.030407879922876], [-60.587902023986096, 47.030408156766214], [-60.58796790987933, 47.0304356431787], [-60.588059689117586, 47.03047267449309], [-60.58810460895502, 47.03048058654156], [-60.588164153877294, 47.03049107457896], [-60.58824278405934, 47.03052782865952], [-60.588478881820436, 47.03057510003392], [-60.58859659563031, 47.030620776695095], [-60.588692010925726, 47.03066096185735], [-60.58872705381239, 47.03067572100154], [-60.58874267680487, 47.03068302457679], [-60.58880568506793, 47.03071246571551], [-60.58889662840574, 47.030767486286756], [-60.58892165791662, 47.03077459202865], [-60.588961631754856, 47.030785954258874], [-60.58904958632187, 47.03078608818336], [-60.58905375831593, 47.03078609507233], [-60.58935635573969, 47.030788869127626], [-60.58943886789253, 47.030780968764354], [-60.589448887362124, 47.03078001888258], [-60.589567172292035, 47.030754612323214], [-60.589604125434086, 47.03073807596467], [-60.58960747090661, 47.03073656254856], [-60.589625550787396, 47.03072555923077], [-60.58991331262755, 47.03055041875298], [-60.59000564357336, 47.03048756820274], [-60.59012705329036, 47.030363243872785], [-60.59019213810465, 47.030319698879936], [-60.5901935764664, 47.03031873924458], [-60.590232546874276, 47.03030065228543], [-60.590259654779665, 47.03028323348254], [-60.590303628619914, 47.03026860857133], [-60.59031308890677, 47.03026546001802], [-60.5903652475225, 47.03024765967475], [-60.590395177437124, 47.03024794782469], [-60.5904441703242, 47.030248421312905], [-60.59055704187589, 47.030249078647266], [-60.59056258135197, 47.03024911426915], [-60.5905712062037, 47.030250780716145], [-60.590614786646064, 47.030259212537295], [-60.590630253940546, 47.030269392344], [-60.59064163088191, 47.030276876253936], [-60.59068077425239, 47.03031369733977], [-60.590705999235524, 47.03036732404096], [-60.59071879351136, 47.03039010054297], [-60.59073158901222, 47.0304128500714], [-60.59074119793555, 47.03041984679047], [-60.59074434622428, 47.03042212688298], [-60.59076397974452, 47.030454658567855], [-60.590782303062966, 47.030485011843886], [-60.59079555245699, 47.03051229755251], [-60.59080977936658, 47.03053950484368], [-60.59083311735344, 47.03058418251563], [-60.59085444687723, 47.030650083183744], [-60.59087126087488, 47.03070197592718], [-60.590895588184935, 47.03074806929617], [-60.590947651718736, 47.03084669025362], [-60.59118146692728, 47.030973983500274], [-60.591210269598264, 47.0310010745368], [-60.59122061116788, 47.03101080441346], [-60.591311725884715, 47.03109190654526], [-60.5913133851275, 47.03109305737363], [-60.59136405943245, 47.031128123048774], [-60.59137421037193, 47.03114618222369], [-60.59138965011355, 47.031173648943415], [-60.59141483571334, 47.03122817457667], [-60.59142610289056, 47.03129950591759], [-60.59146453892295, 47.03138130819027], [-60.5914740282545, 47.03139623068612], [-60.59151616509208, 47.03146248808597], [-60.5915401368401, 47.03154398595412], [-60.59154793701014, 47.031558422934765], [-60.59157901837608, 47.03161589836277], [-60.59160541844047, 47.031643451696745], [-60.591708369045335, 47.03172481155532], [-60.59173718966291, 47.031740113789205], [-60.591812506626574, 47.03178009841354], [-60.591888018367406, 47.031809908912486], [-60.59202199733167, 47.031862799682166], [-60.59213971710007, 47.03190847279608], [-60.592163678227635, 47.03192296174625], [-60.592230692659925, 47.03196348236934], [-60.59230977290751, 47.03199034390386], [-60.59235574245513, 47.032004512850264], [-60.592400647507624, 47.032018353410805], [-60.59243496481975, 47.0320264636866], [-60.59248009202163, 47.03203712314767], [-60.59257966510522, 47.03207541266133], [-60.59262370788575, 47.03209233074515], [-60.59281924196881, 47.03219274452018], [-60.5929880859291, 47.032301595926164], [-60.59305358593915, 47.03233806154013], [-60.593066331264765, 47.03234732883844], [-60.59311905933497, 47.03237453555571], [-60.593432708305166, 47.03251252021428], [-60.59348390795416, 47.03253333214238], [-60.59358911196091, 47.03257610380983], [-60.59361529306899, 47.03259041414598], [-60.59364049825542, 47.0326041820002], [-60.593673984083395, 47.032627573174516], [-60.59377066380842, 47.032695120423575], [-60.59408515264669, 47.032814213473515]]}, "properties": {"OBJECTID": 180204, "FEAT_CODE": "WARV50", "FEAT_DESC": "River - Single Line", "RIVNAME_1": " ", "RIVNAME_2": " ", "ZVALUE": 9999, "FID": null, "SHAPE_Length": 767.8996052463842}}, {"type": "Feature", "id": 180351, "geometry": {"type": "LineString", "coordinates": [[-60.58817466189881, 47.02526451654113], [-60.58821647345352, 47.02518127235746], [-60.58825562417232, 47.025103335659], [-60.58828222592907, 47.025067899093365], [-60.5883097909547, 47.02504058217077], [-60.58834871714018, 47.02502340384418], [-60.58856113184185, 47.02495318548408], [-60.58874553030842, 47.02489137577126], [-60.58895080666068, 47.024806940424824], [-60.58902443433713, 47.02477666099441], [-60.589103262422704, 47.0247504237472], [-60.5891116927955, 47.024747622568874], [-60.5892101596166, 47.02471487848364], [-60.589302513672365, 47.02467993572654], [-60.58939490786304, 47.024644975741744], [-60.58958021419431, 47.0245921830867], [-60.58965109337986, 47.02456067546243], [-60.589659446666495, 47.02455695469386], [-60.58967517141208, 47.024549105508825], [-60.58987216261529, 47.024450743128966], [-60.589952609294265, 47.02438854226318], [-60.59001618058949, 47.02433519226412], [-60.59005929161123, 47.02429899600453], [-60.59017860305882, 47.024191716998054], [-60.59019781079607, 47.024176363683196], [-60.590245509581585, 47.02413823011212], [-60.5902465873091, 47.02413767684952], [-60.590378951056294, 47.024068145447394], [-60.59048490977459, 47.02402357995638], [-60.5907771700006, 47.02384614713563], [-60.59083070531504, 47.02380405050703], [-60.5908562999498, 47.02378391791661], [-60.590924001527746, 47.02371244880907], [-60.59093706269185, 47.02369505814409], [-60.59096482949278, 47.02365824158891], [-60.5909768222953, 47.02364967472432], [-60.59103146229978, 47.023604955465075], [-60.591204603287025, 47.023522926445516], [-60.59121705474092, 47.02351703299565], [-60.59123942682147, 47.023505921769505], [-60.59152127088052, 47.0233659478142], [-60.591601700859975, 47.02330374543667], [-60.591663203272816, 47.02323547517565], [-60.5916820558766, 47.023214543584004], [-60.591698622203154, 47.023197919532855], [-60.591761992928056, 47.023134332160275], [-60.591828478858915, 47.023089834778396], [-60.59186877086775, 47.02307178406571], [-60.59201478851937, 47.022956065773336], [-60.59202419316883, 47.02294710237314], [-60.592135784949704, 47.02284072082096], [-60.592216771894066, 47.02267863771118]]}, "properties": {"OBJECTID": 180351, "FEAT_CODE": "WARV50", "FEAT_DESC": "River - Single Line", "RIVNAME_1": " ", "RIVNAME_2": " ", "ZVALUE": 9999, "FID": null, "SHAPE_Length": 433.11667942970956}}, {"type": "Feature", "id": 180352, "geometry": {"type": "LineString", "coordinates": [[-60.58696485253723, 47.02754913081166], [-60.58697017832419, 47.02756849254994], [-60.58697728887888, 47.02759438939439], [-60.58699762188709, 47.02768517981525], [-60.58700139134197, 47.02770198894202], [-60.58700114389021, 47.027711270978564], [-60.586999462914605, 47.027773942498435], [-60.586999561540175, 47.02780094240758], [-60.58698570031403, 47.027845655553094], [-60.58693154258832, 47.02790839959237], [-60.58691798812013, 47.02791712209095], [-60.586851996453326, 47.02797961658879], [-60.58683888643854, 47.028002414317974], [-60.58681056809773, 47.02805163723441], [-60.586809641325466, 47.02805467744774], [-60.58680897821978, 47.028056832292016], [-60.586840513801405, 47.02809094751345], [-60.58691523787962, 47.02811032356543], [-60.58700822552865, 47.028147597209745], [-60.58703192872647, 47.028163944663994], [-60.58704460389477, 47.0281726802084], [-60.58704466450227, 47.028175714242195], [-60.58704519880674, 47.02820560310324], [-60.58704422613492, 47.028221628306], [-60.58704323788113, 47.02823770717587], [-60.58706249880656, 47.02826792784517], [-60.58708022399942, 47.02829572232698], [-60.58708912729578, 47.02831805724597], [-60.587094388622305, 47.02833126211233], [-60.58709931948892, 47.02834362307901], [-60.58710307876587, 47.02835307057839], [-60.58710691143685, 47.02836293359162], [-60.58712059144064, 47.028398130183355], [-60.587098756062524, 47.02843229906363], [-60.587093750168464, 47.02846801064624], [-60.58709251053844, 47.02847682180094], [-60.587127877660066, 47.02853572072825]]}, "properties": {"OBJECTID": 180352, "FEAT_CODE": "WARV50", "FEAT_DESC": "River - Single Line", "RIVNAME_1": " ", "RIVNAME_2": " ", "ZVALUE": 9999, "FID": null, "SHAPE_Length": 125.52179308751639}}, {"type": "Feature", "id": 180353, "geometry": {"type": "LineString", "coordinates": [[-60.584117173856654, 47.02710388779754], [-60.584118495917934, 47.02710433867], [-60.58414309223691, 47.02711253423637], [-60.58417782557627, 47.027122410649376], [-60.58420806315091, 47.027131004253064], [-60.58421225993162, 47.02713103884053], [-60.5843396285148, 47.02713198132725], [-60.58447200554296, 47.027114976823015], [-60.58452461236116, 47.027116087083805], [-60.58453007220112, 47.02711613031749], [-60.58465616456002, 47.027117063516]]}, "properties": {"OBJECTID": 180353, "FEAT_CODE": "WARV50", "FEAT_DESC": "River - Single Line", "RIVNAME_1": " ", "RIVNAME_2": " ", "ZVALUE": 9999, "FID": null, "SHAPE_Length": 41.78423626944242}}, {"type": "Feature", "id": 180354, "geometry": {"type": "LineString", "coordinates": [[-60.58450974603206, 47.03027361948826], [-60.584733431525024, 47.030274740354926], [-60.584796426189065, 47.0302886776756], [-60.58490414396748, 47.03031253995551], [-60.58503501638003, 47.03035849795634], [-60.585232363262016, 47.03035996202523], [-60.585430436952535, 47.03031644471649], [-60.5855066393768, 47.03029582409285], [-60.58565562008588, 47.03025550038291], [-60.585747201448484, 47.03023853374198], [-60.58583764959233, 47.03019300642697], [-60.585853595066766, 47.030184982438186], [-60.58587801834668, 47.03017342056667], [-60.58594639311772, 47.030141043479404], [-60.586079084671255, 47.03008804664053], [-60.586173679714385, 47.03003723395532], [-60.58621127220244, 47.03001704047017], [-60.58625945366137, 47.02998502025937], [-60.58629132609921, 47.02996383318623], [-60.58631877020128, 47.02990951638058], [-60.58634619998887, 47.02985609919364], [-60.58635018955349, 47.02984176649046], [-60.58638859722041, 47.02970399662033], [-60.58642951011185, 47.029613975719954], [-60.586442966380346, 47.029578262384916], [-60.58647001774052, 47.02953293653349], [-60.58653682326397, 47.02945245187679], [-60.58654033672415, 47.02945013215774], [-60.58658971368117, 47.02941756106285], [-60.58665703553585, 47.02935509477182], [-60.58667544002067, 47.02934594361385], [-60.586710888485875, 47.0293283325442]]}, "properties": {"OBJECTID": 180354, "FEAT_CODE": "WARV50", "FEAT_DESC": "River - Single Line", "RIVNAME_1": " ", "RIVNAME_2": " ", "ZVALUE": 9999, "FID": null, "SHAPE_Length": 229.31504214160347}}, {"type": "Feature", "id": 180806, "geometry": {"type": "LineString", "coordinates": [[-60.61326791824028, 47.02413918224014], [-60.61327718569618, 47.024133219997424], [-60.61328146715172, 47.02413046551073], [-60.61331287133556, 47.02409525829819], [-60.61332164103839, 47.02408540698714], [-60.61340193536553, 47.023996188709766], [-60.61351656643328, 47.02392698977656], [-60.61353448694361, 47.023916150349976], [-60.613760189907694, 47.023783176451424], [-60.613880653080564, 47.02373427510978], [-60.61393308442083, 47.02371298700548], [-60.61407760646918, 47.02365930445252], [-60.61414496207127, 47.023624711471555], [-60.614169787106526, 47.023596845269005], [-60.6141851216985, 47.023579652347024], [-60.614262200113885, 47.023516473309094], [-60.61435859150798, 47.023437480094245], [-60.614479068182234, 47.02330321133208], [-60.614501411645534, 47.02328731635852], [-60.614504890880404, 47.02328484208155], [-60.61463829950385, 47.02321472850224], [-60.61466959722018, 47.02320402370909], [-60.61469039090062, 47.023196915683755], [-60.61472349795039, 47.02317779826981], [-60.61478363402492, 47.023143063451975], [-60.61481831913692, 47.023111271928634], [-60.6148508494643, 47.02308146932492], [-60.61502544499917, 47.02288442397171], [-60.61504533665741, 47.022862115316926], [-60.615065629612516, 47.02283936505725], [-60.615088495126045, 47.02280524832592], [-60.61511918316624, 47.02275948754777], [-60.61513182175203, 47.02272186397302], [-60.6151464945183, 47.022678163279195], [-60.6151489731874, 47.02253422660112], [-60.61515004854715, 47.0224802623846], [-60.615114828452306, 47.02234834612948], [-60.615075614120684, 47.022201524830734], [-60.61507634288933, 47.02216065632856], [-60.6150773914233, 47.02210256988447], [-60.61509086667828, 47.022065953665034]]}, "properties": {"OBJECTID": 180806, "FEAT_CODE": "WARV50", "FEAT_DESC": "River - Single Line", "RIVNAME_1": " ", "RIVNAME_2": " ", "ZVALUE": 9999, "FID": null, "SHAPE_Length": 290.2783170620319}}, {"type": "Feature", "id": 180807, "geometry": {"type": "LineString", "coordinates": [[-60.61160687221108, 47.02912792245378], [-60.611620200622454, 47.02906520574086], [-60.61174134860311, 47.028886857536136], [-60.61179559064608, 47.02885108338314], [-60.61185073268302, 47.02878983306893], [-60.61187592123516, 47.02876186696931], [-60.611886044950076, 47.02874499760051], [-60.61192994027504, 47.02867210151535], [-60.61198394597976, 47.02858233575697], [-60.61201341011123, 47.02839396595692], [-60.61208292768781, 47.02813353776528], [-60.61209838569338, 47.028052866891294], [-60.6121056107653, 47.02799447741374], [-60.61211281865811, 47.027936177569536], [-60.612153963872004, 47.0278101553508], [-60.61219563535564, 47.0277021246265], [-60.612296170570005, 47.027511034780055], [-60.61231787104174, 47.027469784891345], [-60.61237188755837, 47.02738002816397], [-60.61239050586566, 47.0273615451002], [-60.612399415448955, 47.02735270469841], [-60.61244445286931, 47.02731699919754], [-60.612545414904, 47.02723695996755], [-60.61258595283084, 47.027183809969415], [-60.612671643956205, 47.02703718149538], [-60.61268000717654, 47.02702288511952], [-60.61282929343764, 47.0267443218687], [-60.6128435929601, 47.02671643441281], [-60.61288407072095, 47.02663747315667], [-60.61295261867707, 47.02654615637651], [-60.61299179829195, 47.02649393182494], [-60.61300232716058, 47.0264703213539], [-60.613019600835415, 47.026431516798006], [-60.6130333274222, 47.02635981793911], [-60.61304854703706, 47.026225137350714], [-60.613055779701305, 47.02584020056057], [-60.61305716506699, 47.0257663544684], [-60.613060103229856, 47.025523435525116], [-60.613055430634894, 47.02515283822319], [-60.613054882451074, 47.02510936032606], [-60.613046966489264, 47.02478522157846], [-60.61304896209499, 47.024634840422756], [-60.6130503054638, 47.024533311691094], [-60.613066037166085, 47.02441664028391], [-60.61310609919282, 47.024344590696174], [-60.61315469462335, 47.024273888957964], [-60.61316097202915, 47.024264741622645], [-60.61320024543274, 47.02421066509391], [-60.61322028585489, 47.02418947576921], [-60.61326791824028, 47.02413918224014]]}, "properties": {"OBJECTID": 180807, "FEAT_CODE": "WARV50", "FEAT_DESC": "River - Single Line", "RIVNAME_1": " ", "RIVNAME_2": " ", "ZVALUE": 9999, "FID": null, "SHAPE_Length": 581.5427886321559}}, {"type": "Feature", "id": 180808, "geometry": {"type": "LineString", "coordinates": [[-60.60761923759542, 47.023645978916385], [-60.607643018671816, 47.02364566607097], [-60.60764557336171, 47.023645629477905], [-60.60773683118416, 47.02366463558395], [-60.60779109933289, 47.02368651319536], [-60.60782862683818, 47.02370164240347], [-60.60785861918587, 47.02370693089224], [-60.60788085599172, 47.02371084237668], [-60.60805240918751, 47.023729726563154], [-60.60839405192014, 47.02374135669003], [-60.608507700401, 47.02374287650566], [-60.6085124220757, 47.023742939168066], [-60.608538641314965, 47.02374755468705], [-60.60861688154453, 47.02376132049058], [-60.608642957381726, 47.02376590599149], [-60.60866911130715, 47.023770511116545], [-60.60868225913651, 47.02377078582167], [-60.608765281786674, 47.02379415467587], [-60.608813538939835, 47.02380772587546], [-60.608831611895496, 47.02381617580754], [-60.608892161066635, 47.023844465610054], [-60.60894358761833, 47.02387163787292], [-60.60912715439965, 47.02394566697749], [-60.60917940381571, 47.02395972638571], [-60.60929750401548, 47.023991521963325], [-60.609409116124915, 47.02402302891331], [-60.609493748154854, 47.02404691681171], [-60.609577751516184, 47.02405836352374], [-60.60970433212649, 47.02407561299084], [-60.60983508853166, 47.0240945423934], [-60.61007148323094, 47.02410577836674], [-60.61010067293038, 47.02410606390945], [-60.610150410931894, 47.024106526528975], [-60.61020385885903, 47.02408874407569], [-60.61040033228658, 47.02409039850734], [-60.610637954932926, 47.02409240769674], [-60.61077194160492, 47.02410944162214], [-60.61078191256702, 47.024110720680895], [-60.61091226854268, 47.02413863076222], [-60.61107661579749, 47.02420903379561], [-60.61114856877655, 47.024239855236914], [-60.611168724506435, 47.02424558549318], [-60.611213558904325, 47.024258319299264], [-60.61146322796895, 47.02429591832852], [-60.6118578813502, 47.02429965409716], [-60.61190421072729, 47.024299828847305], [-60.61191051342879, 47.02429985236366], [-60.61207895242405, 47.02426236608864], [-60.612147128131454, 47.02424719381788], [-60.61225434454568, 47.0242035343681], [-60.61229291488515, 47.02419443982891], [-60.61242094913293, 47.024195355938396], [-60.612424474794246, 47.02419538449008], [-60.612440299422495, 47.02419554361658], [-60.612674406566434, 47.02419789820212], [-60.612898042432434, 47.0241998629272], [-60.61326791824028, 47.02413918224014]]}, "properties": {"OBJECTID": 180808, "FEAT_CODE": "WARV50", "FEAT_DESC": "River - Single Line", "RIVNAME_1": " ", "RIVNAME_2": " ", "ZVALUE": 9999, "FID": null, "SHAPE_Length": 448.15801323216493}}, {"type": "Feature", "id": 180810, "geometry": {"type": "LineString", "coordinates": [[-60.605509914232556, 47.023934841757644], [-60.60563644967545, 47.02395483056711], [-60.60581176610841, 47.02398255313487], [-60.60585137614025, 47.02398259877822], [-60.605902579889516, 47.023982652942614], [-60.606004454269005, 47.02398379396702], [-60.60608804509184, 47.0239847324651], [-60.60625775995376, 47.023985582346704], [-60.606320397334315, 47.02396509613397], [-60.606337906802835, 47.023959360821685], [-60.60635528202212, 47.023951624860516], [-60.60641712733739, 47.02392412959487], [-60.606542696913074, 47.02388538594647], [-60.60658926798853, 47.02387102508118], [-60.606608188474574, 47.02386169252764], [-60.606641750717756, 47.02384512476047], [-60.606655300601794, 47.02383640883351], [-60.60670822591875, 47.02380060953816], [-60.60678876076133, 47.02376540553755], [-60.6068349401196, 47.023741848124146], [-60.606893806175016, 47.0237118065065], [-60.60706681788378, 47.02366862768766], [-60.60711886231582, 47.02365987959762], [-60.60717156974853, 47.02365101935529], [-60.607316678133756, 47.023643244879544], [-60.60752106341578, 47.02363685332873], [-60.607540712581155, 47.02363623814985], [-60.60754576431596, 47.023636865706514], [-60.60761923759542, 47.023645978916385]]}, "properties": {"OBJECTID": 180810, "FEAT_CODE": "WARV50", "FEAT_DESC": "River - Single Line", "RIVNAME_1": " ", "RIVNAME_2": " ", "ZVALUE": 9999, "FID": null, "SHAPE_Length": 171.36397866708668}}, {"type": "Feature", "id": 180949, "geometry": {"type": "LineString", "coordinates": [[-60.60391044954994, 47.02750287621167], [-60.60391173336303, 47.02744892547177], [-60.60391195265362, 47.02743991279485], [-60.60391393937005, 47.02727796753871], [-60.60391753827812, 47.02726637082945], [-60.60392778636257, 47.02723325207854], [-60.603955183704805, 47.02717983901849], [-60.603962520169276, 47.0271661877253], [-60.6040226581014, 47.02705436185208], [-60.60409064196798, 47.02694689384904], [-60.604157914270516, 47.02688441625819], [-60.60418858677241, 47.0268566116272], [-60.60419770891433, 47.02684834326383], [-60.60423983777318, 47.02681804265153], [-60.604370410648535, 47.02672416859346], [-60.60442425236247, 47.02669739780878], [-60.604578800417634, 47.02663417287988], [-60.60459585329028, 47.0266271953775], [-60.60460023454234, 47.02662546022128], [-60.60466284368407, 47.026600690670755], [-60.60468867089913, 47.0265823327263], [-60.60478265453224, 47.0265114145173], [-60.60482854998284, 47.026471338312724], [-60.6049155061341, 47.026395404324376], [-60.604955498526294, 47.0263634208729], [-60.60498238795289, 47.02634190834746], [-60.60505007435665, 47.026270430627015], [-60.60509789079385, 47.02621359287335], [-60.605102894997366, 47.02620764107598], [-60.60510952914683, 47.02619085226589], [-60.605131095703044, 47.02613623700099], [-60.60514970733448, 47.0260523662687], [-60.605159120920426, 47.026009933696585], [-60.60516040025916, 47.025946641598026], [-60.60516127905881, 47.025902887533825], [-60.605173947529025, 47.02580506955912], [-60.60517535111023, 47.02579429080356], [-60.605175753441856, 47.02578529995117], [-60.60521660464553, 47.02569617100847], [-60.605239264150335, 47.02564624021102], [-60.605257470447555, 47.025606124430176], [-60.60532644098214, 47.02541768288548], [-60.60533506999729, 47.02537660176951], [-60.605341505898224, 47.02534600391434], [-60.605344279405664, 47.02516607651496], [-60.60538872124653, 47.02487902965224], [-60.60539067018788, 47.02476135095184], [-60.60539258023743, 47.0246451293178], [-60.6053931429478, 47.024577844533134], [-60.60539318201299, 47.02457314773033], [-60.60536937812928, 47.024428661338845], [-60.60537058496825, 47.024401688771356], [-60.60531967627037, 47.02432414780677], [-60.60530528618559, 47.02430222147135], [-60.60530105018925, 47.024298362146155], [-60.60521551600595, 47.02422025864377]]}, "properties": {"OBJECTID": 180949, "FEAT_CODE": "WARV50", "FEAT_DESC": "River - Single Line", "RIVNAME_1": " ", "RIVNAME_2": " ", "ZVALUE": 9999, "FID": null, "SHAPE_Length": 405.03005606167574}}, {"type": "Feature", "id": 180950, "geometry": {"type": "LineString", "coordinates": [[-60.60170450882013, 47.026478452693425], [-60.60172777629713, 47.0264414672806], [-60.601744171981174, 47.026415388976666], [-60.60187865450471, 47.02626341938114], [-60.60189889490401, 47.02624317214719], [-60.60193239075717, 47.02620964974106], [-60.60198528086825, 47.02617476081803], [-60.601993939546986, 47.02615334398177], [-60.602000081393946, 47.02613816490358], [-60.602041900044505, 47.02604401776204], [-60.60206741197148, 47.02598659696047], [-60.60208130000477, 47.02594099164418], [-60.60212555671064, 47.02571693706004], [-60.60217948233168, 47.02560017636244], [-60.602192926239134, 47.02556447892426], [-60.602299591741975, 47.02547490295847], [-60.60255312974726, 47.02527953033182], [-60.60264664514806, 47.025189696583666], [-60.602671668571496, 47.025146682245776], [-60.60268799621863, 47.025118577542464], [-60.602706065558316, 47.02508097008853], [-60.60271411989193, 47.02506422015906], [-60.60272957775924, 47.02498355047674], [-60.60273341439386, 47.024736600789225], [-60.60273377079849, 47.02471366010733], [-60.602734872354695, 47.02465968753976], [-60.60269678582885, 47.02456979698494], [-60.602684336726966, 47.024524539859634], [-60.602684539943546, 47.0245061945973], [-60.60268562784941, 47.02440757634558], [-60.60272577045877, 47.02436342079424], [-60.60277950389289, 47.02430965068976], [-60.60279123927083, 47.0243017971416], [-60.60284598240914, 47.02426514677437], [-60.60291312907709, 47.02420278425611], [-60.602966180767964, 47.02416687234326], [-60.60311200219158, 47.0241141307623], [-60.60314634187681, 47.02409139779857], [-60.6032055811661, 47.02405219563073], [-60.60322656344458, 47.02404091797251], [-60.603271668216195, 47.02401668254417], [-60.603536987454376, 47.02391064724472], [-60.60354211674033, 47.023908072860586], [-60.60374835946143, 47.023804381795436]]}, "properties": {"OBJECTID": 180950, "FEAT_CODE": "WARV50", "FEAT_DESC": "River - Single Line", "RIVNAME_1": " ", "RIVNAME_2": " ", "ZVALUE": 9999, "FID": null, "SHAPE_Length": 359.1648555307856}}, {"type": "Feature", "id": 180951, "geometry": {"type": "LineString", "coordinates": [[-60.603598531552656, 47.030441805981525], [-60.6035981288907, 47.030450796816204], [-60.603597957293545, 47.0304590365505], [-60.60359592682176, 47.03055874189471], [-60.60360458571571, 47.0307380445656], [-60.60360547786562, 47.03075691670534], [-60.6036054669175, 47.030762451024124], [-60.60360528870476, 47.03081991659913], [-60.603617759363125, 47.03084210891209], [-60.60363088937031, 47.03086544893595], [-60.60365557738087, 47.0309019718927], [-60.60365532236709, 47.03093705468698], [-60.6036560138002, 47.030946302409255], [-60.60366597424311, 47.03108126594099], [-60.603665549367804, 47.03111573322798], [-60.603664980218895, 47.03116223851004], [-60.603649628576925, 47.03126990826484], [-60.60364699089877, 47.03143019293071], [-60.603645035686036, 47.03154878929247], [-60.60364433730578, 47.031593770990234], [-60.60366489395315, 47.03166847231104], [-60.60366923998617, 47.03168428501765], [-60.60370803109403, 47.031729193570506], [-60.60373523325257, 47.03176807295339], [-60.603746379344706, 47.03178399202797], [-60.60386461912472, 47.031847662457345], [-60.603917976572404, 47.03187885503325], [-60.603942859847216, 47.03189339680811], [-60.603972249924325, 47.03190370427853], [-60.60404652817493, 47.03192976420976], [-60.60425949401412, 47.03201436059649], [-60.604347859226856, 47.03204946247836], [-60.60445001067703, 47.032081505113574], [-60.604464664823524, 47.03208610447359], [-60.60449137321914, 47.03209928044265], [-60.604687447246015, 47.03219606745648], [-60.60472710087269, 47.03221291600831], [-60.604752029722, 47.03222350788282], [-60.60485573052068, 47.032259470258445], [-60.604857014247116, 47.03225990208919], [-60.60496131320405, 47.0323330798366], [-60.60507778601238, 47.03241481853967], [-60.605107774605045, 47.03244264180463], [-60.605156136724226, 47.03248754313978], [-60.605218873671305, 47.03254034960061], [-60.605285491775255, 47.03259643196877], [-60.60534991374568, 47.03268688152634], [-60.60535643394888, 47.03270030085332], [-60.605363171540056, 47.03271415669266], [-60.60536175929431, 47.03276365008245], [-60.60536086535891, 47.032795092798025], [-60.60534642872383, 47.03291179015164], [-60.60533385452639, 47.03298922669395], [-60.60533188463236, 47.03300147847019], [-60.605304847212594, 47.03304680901408], [-60.605294277240375, 47.033064172419294], [-60.60527783683737, 47.03309124019113], [-60.60523036588092, 47.03313110360242], [-60.605224512281374, 47.03313602071251], [-60.60505138874264, 47.03326918704389], [-60.60490324964018, 47.03340287594121], [-60.60477038001789, 47.03351888567277], [-60.60467645088797, 47.03361770268274], [-60.604596515766495, 47.03369794104277], [-60.604436835141094, 47.03379537274283], [-60.60433085431733, 47.033839959658685], [-60.60410538030866, 47.03393693167887], [-60.60400023174048, 47.033962628263794], [-60.60374861764533, 47.03399695746553], [-60.60364388465425, 47.0340136631631], [-60.603484858931886, 47.03406702886904], [-60.60340469585473, 47.034104992096594], [-60.60339206779754, 47.03411098216173], [-60.60331242684023, 47.03415521074373], [-60.60325908039659, 47.034182495327784], [-60.602861135166954, 47.034386040103556], [-60.602755179435455, 47.03442971716206], [-60.60274275176523, 47.03443798816565], [-60.60267514776066, 47.03448293637799], [-60.60258121266174, 47.034581760542416], [-60.60252801784402, 47.034652640379754], [-60.60250798436203, 47.0346981619661], [-60.60250017137223, 47.0347159518322], [-60.6024848160933, 47.03482362130822], [-60.60247898446954, 47.03489823800845], [-60.60246937674795, 47.03502128162049], [-60.60245192265122, 47.03526389602025], [-60.60244047761741, 47.03530427893431], [-60.602423778689484, 47.03536320725569], [-60.60241494497048, 47.035372930394665], [-60.602383627629536, 47.0354073534777], [-60.602344924538855, 47.035458252464906], [-60.60232907633091, 47.035479104727386], [-60.60225040962071, 47.035566729408316], [-60.60220854064435, 47.03561336837137], [-60.60213219249061, 47.03570975282591], [-60.60207459703673, 47.03578244809427], [-60.6020069599507, 47.03588182273524], [-60.60193981938048, 47.03597040862757], [-60.60192631816053, 47.036007022713434], [-60.60192351802706, 47.03618694922252], [-60.6019487569189, 47.03624057365038], [-60.60201304577499, 47.03630400648066], [-60.60208626739165, 47.036362856813234], [-60.602194735360065, 47.03645001022774], [-60.6022800639441, 47.03650071776111], [-60.602285769411914, 47.0365041130138], [-60.602369486583264, 47.03652733898528], [-60.60258740514603, 47.03658782513387], [-60.60291568038352, 47.036635197419116], [-60.60292072159482, 47.036636085933814], [-60.602967921549855, 47.036644390839356], [-60.60299606979606, 47.03665808325817], [-60.603006568662465, 47.03666319872691], [-60.603030013048716, 47.03667229299798], [-60.603242035703346, 47.03675452261567], [-60.603333044224755, 47.03680952395227], [-60.60342489444809, 47.03688335128718], [-60.60350203158987, 47.036945351434625], [-60.603562831090805, 47.037004165694306], [-60.603567637837166, 47.03700881995984], [-60.60359313439039, 47.037027352305785], [-60.603593677190766, 47.03702816460443], [-60.603605479920134, 47.03704560930105], [-60.60364478429672, 47.037108527089856], [-60.60365773262193, 47.03713654289484], [-60.60366998505366, 47.03716305025192], [-60.603720722828925, 47.037235206645924], [-60.60372088786135, 47.03723681196875], [-60.60372163520103, 47.03724422500406], [-60.6037596243393, 47.037307124214], [-60.60375947902049, 47.0373144825634], [-60.603758510311174, 47.037361087430064], [-60.603823945747436, 47.03745836243175], [-60.60387453271526, 47.037533602340716]]}, "properties": {"OBJECTID": 180951, "FEAT_CODE": "WARV50", "FEAT_DESC": "River - Single Line", "RIVNAME_1": " ", "RIVNAME_2": " ", "ZVALUE": 9999, "FID": null, "SHAPE_Length": 1044.3578176920646}}, {"type": "Feature", "id": 263400, "geometry": {"type": "LineString", "coordinates": [[-60.59408515264669, 47.032814213473515], [-60.59409320119025, 47.03301867501139], [-60.59409436591555, 47.033048388074796], [-60.594095016127234, 47.033059686822774], [-60.594104689594765, 47.03322859941068], [-60.594153594010805, 47.03339970452628], [-60.59416492690662, 47.033498934669176], [-60.594163252087704, 47.03361257818983], [-60.594161092523464, 47.03375983277528], [-60.5941602944422, 47.033810949826076], [-60.59415897315135, 47.03389477720747], [-60.59419664695647, 47.033993661096176], [-60.59423683448562, 47.03405684372734], [-60.5942482796866, 47.034074839847065], [-60.59427338044157, 47.03410236523758], [-60.59435170500254, 47.03417510570718], [-60.594533002783464, 47.034329203855904], [-60.59458979770875, 47.03436848237188], [-60.59463768220725, 47.03440159808826], [-60.59467592047456, 47.03442939948257], [-60.59468416304838, 47.034437537052696], [-60.594740198048456, 47.03449284521085], [-60.594765833146525, 47.03453748032154], [-60.594778682120825, 47.03457373839515], [-60.594790420138885, 47.034663986704], [-60.59478759625391, 47.03484391264016], [-60.594796812602894, 47.035078087171364], [-60.59483529674395, 47.035158989329105], [-60.59488642484426, 47.03522215864151], [-60.59497751133581, 47.0353041660999], [-60.59514490161778, 47.03539471518301], [-60.5951471376787, 47.03539592307044], [-60.59514956857311, 47.03539718904713], [-60.59525131319865, 47.03545030760851], [-60.59535164991305, 47.035478819512456], [-60.595381283266356, 47.03548723545167], [-60.595605067190355, 47.03551623476886], [-60.595853980868775, 47.03557185936367], [-60.59589953301631, 47.035579880602384], [-60.595906232814556, 47.03558105624454], [-60.595932116856574, 47.03559059918865], [-60.59595610509434, 47.03560747270285], [-60.595971671701186, 47.035618427794525], [-60.59601086338239, 47.03565433909542], [-60.59604190345408, 47.03570615185317], [-60.59608678130134, 47.03578103237027], [-60.596124863881386, 47.035870924906774], [-60.59615926435459, 47.035977145750195], [-60.596163009290095, 47.03598871645991], [-60.59617357870464, 47.03610502891675], [-60.59623755918393, 47.036204464583285], [-60.59636703347841, 47.03634037275597], [-60.59645772017818, 47.036431369875444], [-60.59646410681764, 47.03644449892598], [-60.59647097425155, 47.03645864598987], [-60.59648261256905, 47.036521885215926], [-60.59653455215708, 47.03656706329002], [-60.59663843038296, 47.03665744634363], [-60.59675582377329, 47.036740004747585], [-60.59685990010839, 47.03676738793409], [-60.59687207489424, 47.03676858848031], [-60.5969647438975, 47.03677768854388], [-60.597122675594086, 47.03677831348022], [-60.59717242852032, 47.03678368662269], [-60.59721569719456, 47.03678835666567], [-60.59725476020738, 47.036797276047245], [-60.597264244456326, 47.03680416159775], [-60.59729301468427, 47.036825076888434], [-60.59731479488708, 47.036862998025306], [-60.59731865297697, 47.036869711469805], [-60.597320749431844, 47.03687403012749], [-60.59733190759319, 47.03689698749258], [-60.59733063271039, 47.036959370597636], [-60.59732969211027, 47.037004932103585], [-60.59732617238367, 47.037229839708864], [-60.59732214511187, 47.03743673813384], [-60.59733499604637, 47.0374730049387], [-60.59737270251494, 47.0375200526598], [-60.59745090805663, 47.03761762640125], [-60.59747732719173, 47.037645178739254], [-60.5976461980837, 47.037754014672856], [-60.59780338916189, 47.037800510335344], [-60.59783641874878, 47.037806324130806], [-60.59785563048887, 47.03780970609256], [-60.597947325364, 47.0378197298306], [-60.598052615927216, 47.03782013062778], [-60.598112808180595, 47.03781495932072], [-60.59814513097424, 47.03781218190142], [-60.59822527625817, 47.037785966015086], [-60.598237931061554, 47.03778381076511], [-60.59827701025557, 47.037777143417735], [-60.59833469969815, 47.037777580009084], [-60.598342806066384, 47.037777633116534], [-60.59834761370501, 47.03777932686477], [-60.59837000672972, 47.03778720312849], [-60.59840870648992, 47.037805113748135], [-60.598487858687086, 47.03785027695527], [-60.59861662983808, 47.037923766913195], [-60.598773523113806, 47.038006252020416], [-60.59877870982118, 47.038008592650336], [-60.5989954454489, 47.03810629973742], [-60.59941452716856, 47.038271677320395], [-60.599425560111925, 47.03827662433332], [-60.599557762761606, 47.038335885372085], [-60.599574976090565, 47.038350366212285], [-60.59962245459303, 47.03839032872266], [-60.59964795038489, 47.038408861930634], [-60.599661865426995, 47.038427908203886], [-60.59967399480502, 47.038444505226444], [-60.59971204524365, 47.03853528676398], [-60.59971164141157, 47.03854428655112], [-60.59971791170083, 47.03855269736248], [-60.59972530066416, 47.03856258051361], [-60.59978958951835, 47.0386260145723], [-60.599821960690335, 47.03867145570913], [-60.59982799186552, 47.038679915495464], [-60.59991868877628, 47.038770901026695], [-60.59995788417793, 47.03880683802035], [-60.59998664378446, 47.038827743399324], [-60.599996115592404, 47.03883462845836], [-60.599997146328676, 47.0388351270321], [-60.59999999350074, 47.03883650962414], [-60.600061707153266, 47.038863172562095], [-60.60010070614538, 47.038880017965404], [-60.6001317505079, 47.03889078405574], [-60.6002057002292, 47.038916416580754], [-60.600278571834764, 47.03892294803107], [-60.600323700450616, 47.03892698994188], [-60.60042829106753, 47.038972388147975], [-60.60072983252141, 47.03902909636572]]}, "properties": {"OBJECTID": 263400, "FEAT_CODE": "WARV50", "FEAT_DESC": "River - Single Line", "RIVNAME_1": "French Brook", "RIVNAME_2": " ", "ZVALUE": 9999, "FID": null, "SHAPE_Length": 970.6893644735691}}, {"type": "Feature", "id": 263530, "geometry": {"type": "LineString", "coordinates": [[-60.594838452114544, 47.031048190903014], [-60.594838483986216, 47.03105831575008], [-60.59483854148871, 47.03107519058727], [-60.59487540650237, 47.031192055835604], [-60.59495254171398, 47.03129176874601], [-60.59496651936766, 47.03131666646013], [-60.594978135149134, 47.03133730288487], [-60.59498163219417, 47.03138424455723], [-60.59498879090148, 47.031480615157705], [-60.594988195360635, 47.03154950103988], [-60.59498785904182, 47.03158948671975], [-60.59491867843402, 47.0317230310327], [-60.59483213480209, 47.03183143544893], [-60.594811283369445, 47.031857554109216], [-60.594771533040195, 47.031892706844005], [-60.59474992006115, 47.03190999920626], [-60.594704633683264, 47.031946205482654], [-60.59458438930061, 47.032044470240166], [-60.59450514865576, 47.03207970185774], [-60.594438653425485, 47.03212420056748], [-60.594402651941245, 47.032154419373754], [-60.59438530783869, 47.03216897562011], [-60.59426202453779, 47.03226132664222], [-60.59417147213879, 47.03232915859111], [-60.594131768792415, 47.032392227818036], [-60.594116699711364, 47.032463905198185], [-60.594102136997996, 47.03255359175411], [-60.59408808063663, 47.03266128748499], [-60.59408515264669, 47.032814213473515]]}, "properties": {"OBJECTID": 263530, "FEAT_CODE": "WARV50", "FEAT_DESC": "River - Single Line", "RIVNAME_1": "French Brook", "RIVNAME_2": " ", "ZVALUE": 9999, "FID": null, "SHAPE_Length": 221.63661606747633}}, {"type": "Feature", "id": 263531, "geometry": {"type": "LineString", "coordinates": [[-60.59551115980671, 47.02313666512644], [-60.595519458798194, 47.02314058317765], [-60.59555110978688, 47.023155493977264], [-60.59566719787182, 47.023237135395505], [-60.59569325233008, 47.02326853225545], [-60.595719630884865, 47.023300331885736], [-60.595769016009264, 47.02338274977895], [-60.59579554527055, 47.02342701655707], [-60.5958862999887, 47.023545013625665], [-60.59601614823879, 47.02367192210952], [-60.59602057879629, 47.02367963755854], [-60.5960417791765, 47.023716565927245], [-60.59606575484559, 47.02379806301075], [-60.59608928629777, 47.02397764288176], [-60.596100608330055, 47.024076872735485], [-60.59611651178079, 47.024111314023976], [-60.596125795713235, 47.02413139742038], [-60.596147102052434, 47.02418003605142], [-60.59617712197159, 47.0242485661052], [-60.59619204153513, 47.02426155043993], [-60.59622904938195, 47.024293753175336], [-60.59634560815155, 47.02439429324899], [-60.5963599812092, 47.02440919192914], [-60.59642357163216, 47.02447512419849], [-60.596519515468245, 47.024619768578816], [-60.59652587543584, 47.02462936037647], [-60.596563951552874, 47.02471925279591], [-60.596638148556366, 47.02497189066911], [-60.59664999219238, 47.02508912995515], [-60.59668303765676, 47.025466893500806], [-60.596677302411706, 47.02579974624215], [-60.59667633883394, 47.02585519753763], [-60.596674786722794, 47.025943681810546], [-60.596697459842474, 47.02614214194476], [-60.59674647016833, 47.02634025516691], [-60.59675252657357, 47.02643105002253], [-60.59675669920919, 47.02649345760946], [-60.59675427404894, 47.02666439288625], [-60.59675371310042, 47.02671146530669], [-60.59675328305731, 47.026745365539185], [-60.59673902688612, 47.026799061831966], [-60.59672526485192, 47.026870767045104], [-60.596725088400675, 47.026881436478114], [-60.596723466266, 47.026969721284026], [-60.596735103256414, 47.02703296054823], [-60.59674328372945, 47.02704978997471], [-60.59674835533101, 47.02706023663165], [-60.596850705109425, 47.02721357348322], [-60.59694057030981, 47.027322551676626], [-60.59705758091049, 47.02741320124554], [-60.59710650677185, 47.02748252391174], [-60.59713431136719, 47.02752190351676], [-60.597146671922715, 47.0275664034399], [-60.59715922857285, 47.027611519428675], [-60.59715911512886, 47.027647460139825], [-60.59715903238059, 47.02767451021441], [-60.59715810323632, 47.027720117017], [-60.59715681765696, 47.027782454982], [-60.59711511635499, 47.02789047068189], [-60.59699328208421, 47.02814168323256], [-60.59698055644124, 47.02815836167852], [-60.596952727716, 47.02819483639331], [-60.59691162592008, 47.028230870430576], [-60.59688717431278, 47.02824723966946], [-60.5968451379496, 47.02827536169916], [-60.59681355315702, 47.02830725787867], [-60.59679274937892, 47.02832826632167], [-60.59676135382432, 47.02835741268314], [-60.596725453210475, 47.0283907480926], [-60.59671842225587, 47.02840253349118], [-60.59669841105993, 47.02843607654583], [-60.596684961907656, 47.02847179122354], [-60.59662648557287, 47.02877744745279], [-60.59651803324633, 47.02896504565769], [-60.59645164699144, 47.02903654564325], [-60.59638404899298, 47.02913501795399], [-60.59633958984068, 47.0292088502066], [-60.59633000365746, 47.02922477557756], [-60.59632208551914, 47.029242535832985], [-60.59630219337212, 47.029287186415566], [-60.59629095854368, 47.029301430292634], [-60.59628823696476, 47.02930488285048], [-60.59630547853374, 47.02936758289549], [-60.596313112668895, 47.02939540697998], [-60.5963264815173, 47.02944968336478], [-60.596377593061845, 47.029512851725045], [-60.596496777542676, 47.02965715613216], [-60.59660978251973, 47.0297940052429], [-60.59660877791738, 47.02987497757287], [-60.596567427673584, 47.02994610341532], [-60.59650032275034, 47.0300625846771], [-60.59645349082153, 47.03010190893635], [-60.596446980974896, 47.03010736077463], [-60.59642829397827, 47.03012605579244], [-60.5963932352419, 47.03016112763303], [-60.596354775070914, 47.03018636382234], [-60.59632677122517, 47.030204728170936], [-60.5962870283631, 47.0302239438861], [-60.59623395442284, 47.03024956606517], [-60.59619864774553, 47.03025938968892], [-60.596140656793615, 47.03027551331884], [-60.59607355324908, 47.030290275618846], [-60.59606222764849, 47.03029276452009], [-60.59602193146326, 47.0303108166151], [-60.595981635251164, 47.03032886869536], [-60.595941886446305, 47.03036403087086], [-60.595929161359216, 47.030380970187274], [-60.59590128928563, 47.03041807367787], [-60.59590117895657, 47.03045392444824], [-60.59590109147299, 47.03048106440594], [-60.59589197697344, 47.030492635000485], [-60.59588713420399, 47.030498769771235], [-60.59588227828405, 47.03050490426557], [-60.59587317692561, 47.03051647513462], [-60.59584657727773, 47.030551913476444], [-60.59580413028549, 47.030571252207906], [-60.59576729928147, 47.03058804511029], [-60.59574485582971, 47.030595133044166], [-60.5957405965399, 47.03059648345514], [-60.595710083685795, 47.03060154802381], [-60.59568755462552, 47.03060526842155], [-60.59541146165754, 47.03065706357598], [-60.595370791782784, 47.030665847343194], [-60.59533171679298, 47.03067428663509], [-60.59522496766163, 47.03073593860404], [-60.595205973568355, 47.03074124505688], [-60.59506634796847, 47.0307803018845], [-60.59497395970159, 47.03081526656494], [-60.5949123150746, 47.03084266987576], [-60.5948947347088, 47.03085048978268], [-60.594892572074414, 47.03085321611247], [-60.59488076386092, 47.03086819474002], [-60.594861318810814, 47.03089407298742], [-60.59484016524046, 47.030922237139656], [-60.594839726244416, 47.03094986466921], [-60.59483944633783, 47.030967218376794], [-60.59483887741993, 47.031013840632376], [-60.594838452114544, 47.031048190903014]]}, "properties": {"OBJECTID": 263531, "FEAT_CODE": "WARV50", "FEAT_DESC": "River - Single Line", "RIVNAME_1": "French Brook", "RIVNAME_2": " ", "ZVALUE": 9999, "FID": null, "SHAPE_Length": 1006.2028473114974}}]}