{"type": "FeatureCollection", "features": [{"type": "Feature", "id": 195499, "geometry": {"type": "LineString", "coordinates": [[-61.163280490850774, 45.998605332671175], [-61.16326758331574, 45.9986051251651], [-61.16322823544005, 45.99862339363971], [-61.16318988053809, 45.99865067856669], [-61.163150959851336, 45.9986950553377], [-61.1631377545325, 45.99870384353113], [-61.1630868020183, 45.998756667318744], [-61.163085598648884, 45.99875790804122], [-61.163084571050966, 45.99876203175026], [-61.163072195185016, 45.99881169554943], [-61.16306046294207, 45.99883684332844], [-61.16305968502826, 45.99883849591377], [-61.163055922816156, 45.99884369171692], [-61.16304615239987, 45.9988571703851], [-61.16299491912825, 45.998883357132634], [-61.162930450923376, 45.998919222599824], [-61.162839231274866, 45.99898255942075], [-61.16272225174977, 45.99904458187205], [-61.16265778318286, 45.99908044717893], [-61.16259301667646, 45.99912530815899], [-61.162489596565976, 45.99920644948941], [-61.162450972803825, 45.99924183029332], [-61.16243657571037, 45.99928660124145], [-61.162436178408534, 45.99937659986115], [-61.16245531175067, 45.99941773386597], [-61.16246149731225, 45.99943101008456], [-61.162461545464645, 45.999433846016764], [-61.16246189414316, 45.99945802696991], [-61.162461715670005, 45.999498517352386], [-61.162461695806485, 45.999503017283274], [-61.16244887410086, 45.99953882206866], [-61.16242244624847, 45.99955728906257], [-61.162384567965425, 45.999591988793945], [-61.162383822193036, 45.9995926698374], [-61.16234417542336, 45.99961993369866], [-61.16231845874834, 45.99965553105931], [-61.16230937782838, 45.999680937416066], [-61.16230566332387, 45.999691318249596], [-61.162301673769186, 45.99970493483902], [-61.16229254355925, 45.99973611872272], [-61.16226580443802, 45.999763590174126], [-61.1622020293627, 45.999817476376876], [-61.16217502261406, 45.99985302595104], [-61.16214939184761, 45.99992462665529], [-61.16210975792878, 45.99995188164035], [-61.162085061539685, 45.99997772081659], [-61.16208433889251, 45.99997848323458], [-61.16205100985224, 46.000010339873874], [-61.162048408201976, 46.00001285416303], [-61.162018975241665, 46.00004132627773], [-61.16200676224549, 46.00005913080283], [-61.161954901931125, 46.00010419904234], [-61.16189012074018, 46.000149059382046], [-61.16183817462268, 46.000158115187624], [-61.16179915267216, 46.0001664968613], [-61.16172137754083, 46.00017514604223], [-61.16167041093962, 46.00019322703222], [-61.16163137204621, 46.00020250842593], [-61.16159203969323, 46.0002198675331], [-61.16154047693254, 46.00025593987187], [-61.1615140650337, 46.000273515861366], [-61.16144959425432, 46.000309380445806], [-61.161372215466095, 46.00034503726626], [-61.16136880620829, 46.0003485375985], [-61.161345475593045, 46.00037250848818], [-61.16100971708091, 46.00048861130909], [-61.16085484725919, 46.0005239204953], [-61.16067415730263, 46.00055971384389], [-61.160505782683515, 46.000612806140055], [-61.16038936376682, 46.00065773426877], [-61.16031128951203, 46.000675378172524], [-61.160234207753724, 46.00070203850441], [-61.16016943739669, 46.00074689804025], [-61.16015563458065, 46.00077367726381], [-61.1601310803348, 46.00080765475578], [-61.16012991625725, 46.000809265100024], [-61.16011668012957, 46.000818952495926], [-61.16005250611283, 46.00084582056987], [-61.160000277393756, 46.000862980437915], [-61.1598323834371, 46.00086297653582], [-61.15975470452532, 46.000907627924114], [-61.15972827884887, 46.0009252032777], [-61.15972761196597, 46.00092584057193], [-61.15968963489934, 46.00096149186628], [-61.159651008422856, 46.00099686267215], [-61.159627770731745, 46.00102072670028], [-61.15962426738586, 46.00102433347062], [-61.15962347463952, 46.00102603979616], [-61.159611755043265, 46.00105113341489], [-61.1595724340798, 46.001068501009264], [-61.15954756761067, 46.00107800098845], [-61.15953406278234, 46.00109578443717], [-61.15948181644411, 46.00111385283435], [-61.15941765499193, 46.00114071175279], [-61.15931444464781, 46.00117595102537], [-61.15926286632378, 46.00121203108238], [-61.159158786560425, 46.001274248702394], [-61.15915796387395, 46.00127491048438], [-61.159080479792344, 46.00133779056132], [-61.15896377669738, 46.00139081310396], [-61.15891161449683, 46.00144486658909], [-61.15888707269275, 46.00147882601055], [-61.15888589476118, 46.001480463120245], [-61.158859750083074, 46.001489942351334], [-61.158822017887196, 46.00149833479104], [-61.15867937152939, 46.001515828011634], [-61.15858865574798, 46.00152517555046], [-61.15854963267156, 46.001533547094624], [-61.158528951672054, 46.00154144921937], [-61.15852479163964, 46.001543047260746], [-61.158497768182194, 46.001578613690484], [-61.1584969618877, 46.00158033779073], [-61.15848524225773, 46.00160541329075], [-61.15844621507097, 46.001614684783114], [-61.15834260814005, 46.001622915288486], [-61.15825318325337, 46.00163227436891], [-61.15814929057159, 46.00164950059096], [-61.1580580077178, 46.00167592151239], [-61.157967673300185, 46.001712285201954], [-61.157916448529356, 46.001738451800215], [-61.157890303569545, 46.0017479308047], [-61.157876798046345, 46.00176571404504], [-61.157812920533516, 46.00178358514088], [-61.157709326118514, 46.00179181527362], [-61.15763181696923, 46.001792365510134], [-61.15759339095865, 46.001782745358945], [-61.15751551699194, 46.00175538808851], [-61.15746475036325, 46.001728467932544], [-61.15743923264404, 46.00171905590274], [-61.15738091995662, 46.001710915057586], [-61.15737366959661, 46.00170989807442], [-61.157335907166974, 46.00171918958533], [-61.15730075288375, 46.001734724493], [-61.15729658473665, 46.0017365653722], [-61.15729199916964, 46.001739308569164], [-61.157205666028624, 46.00179089303062], [-61.15716664257003, 46.001799264096], [-61.15711497976001, 46.00179933082457], [-61.15708916329403, 46.00179891439615], [-61.157051110545474, 46.001772226137746], [-61.15702479536314, 46.00175377365166], [-61.156999247831074, 46.00174526109242], [-61.15692236624066, 46.0017269199237], [-61.15688361171573, 46.00172719478216], [-61.15684428944164, 46.00174456141541], [-61.156779419642675, 46.00175341542675], [-61.156728055714716, 46.001744486303586], [-61.15665147306722, 46.00171714927681], [-61.15659323104908, 46.00169945964041], [-61.15656069018151, 46.00168958307728], [-61.15652283228555, 46.00166287078447], [-61.15647117090164, 46.0016629372446], [-61.15643213455231, 46.001671306951074], [-61.156405703403706, 46.001689781496594], [-61.15636737294021, 46.001716164468746], [-61.156341638849405, 46.00175175119495], [-61.15629101318176, 46.00182088701189], [-61.15628888854804, 46.00182380488921], [-61.15628726453454, 46.001826037806865], [-61.15624961839698, 46.00187807420243], [-61.15621100171646, 46.00191345300099], [-61.1561789129515, 46.00194671401369], [-61.15615884897501, 46.00196751438053], [-61.15615128293709, 46.00197172151469], [-61.15609435991681, 46.00200337564223], [-61.156055131948975, 46.00205675451881], [-61.156017471850156, 46.002116972063796], [-61.15601557565338, 46.00212001062934], [-61.15600315632246, 46.00218281366904], [-61.156001380675384, 46.002184945129684], [-61.1559506909473, 46.00224587940425], [-61.15592496924418, 46.00228146623406], [-61.155898918934334, 46.00232693930106], [-61.155886351909906, 46.00238446565059], [-61.15588520828304, 46.00238973048353], [-61.15588336903204, 46.002392220935555], [-61.15584598042942, 46.00244309128636], [-61.155820527654626, 46.002470581984674], [-61.155780905230394, 46.00249695290378], [-61.155703221113704, 46.0025415924455], [-61.15561229924189, 46.00259592778068], [-61.1555482154432, 46.00265880576662], [-61.15554457192961, 46.002663121187666], [-61.15549577959289, 46.00272095371501], [-61.15536682459452, 46.00279267582031], [-61.15531396458434, 46.00282872439452], [-61.15525008505586, 46.00284659402316], [-61.1550945254652, 46.002863883261874], [-61.1549524725208, 46.002863389415815], [-61.15488830660598, 46.00289025471444], [-61.154784368081046, 46.00290836818367], [-61.15477116014421, 46.00291716436426], [-61.154746035704285, 46.00293475957775], [-61.15472795471978, 46.00294406208116], [-61.154693474039064, 46.00296182118636], [-61.154689819916285, 46.00296334625454], [-61.15462929497952, 46.00298868612694], [-61.15460263931854, 46.0030130969543], [-61.1545906767868, 46.00302405534826], [-61.154586252392285, 46.00303941973644], [-61.154577520327464, 46.00306974537522], [-61.15457706309601, 46.00311805265763], [-61.154577016296265, 46.003123731215275], [-61.15456291067562, 46.00315951436253], [-61.154524766372106, 46.00325790369342], [-61.15455028427634, 46.00326731637507], [-61.15458080128269, 46.00330272222859], [-61.15458883473486, 46.003312041494894]]}, "properties": {"OBJECTID": 195499, "FEAT_CODE": "WARV50", "FEAT_DESC": "River - Single Line", "RIVNAME_1": " ", "RIVNAME_2": " ", "ZVALUE": 9999, "FID": null, "SHAPE_Length": 968.416327779214}}, {"type": "Feature", "id": 196219, "geometry": {"type": "LineString", "coordinates": [[-61.167803212189625, 46.00004961889454], [-61.167803508914396, 46.00004063215446], [-61.16777828686611, 46.000022235676894], [-61.167759341157826, 46.00000932214622], [-61.167726523218626, 45.99998629459118], [-61.16769645893114, 45.999973742767125], [-61.16766155412076, 45.99995916019508], [-61.16758496859405, 45.999931821450595], [-61.16756220144671, 45.999920043662875], [-61.16753290779589, 45.99990488501031], [-61.167482137834725, 45.999877969250456], [-61.167439478697126, 45.99986551235949], [-61.167416901908766, 45.9998589218836], [-61.16735291419661, 45.99984079455139], [-61.16732169111108, 45.99983009614426], [-61.16730056940536, 45.99982285394861], [-61.16724950252494, 45.99980493382139], [-61.16719843567804, 45.99978701367175], [-61.167176768638086, 45.99978259786226], [-61.16710735458102, 45.99976845156751], [-61.16704367712843, 45.99974132853934], [-61.16699201610877, 45.99974139976384], [-61.16696649731397, 45.99973199884437], [-61.16695738916239, 45.99972818950959], [-61.16690152948943, 45.999704846033445], [-61.166824944402954, 45.99967751578484], [-61.166746771423824, 45.99965916050528], [-61.1666824998791, 45.999650028741776], [-61.16663143336419, 45.99963210834309], [-61.16656587109209, 45.99962295580165], [-61.16654899461755, 45.99961817572477], [-61.16650189685024, 45.999604828207424], [-61.16645478619832, 45.99959148046382], [-61.166437922651134, 45.99958670057795], [-61.16639919929344, 45.999586079114955], [-61.166390036773294, 45.999581962845205], [-61.166359762843044, 45.99956834524425], [-61.16628346257606, 45.99953201870251], [-61.16623757978085, 45.999515909421554], [-61.16620558726622, 45.999504667329106], [-61.16610315756447, 45.99947782181887], [-61.16608146521987, 45.99947339639441], [-61.166012077365245, 45.99945925885349], [-61.165922258271806, 45.99944161611008], [-61.16586855135987, 45.999418414691284], [-61.16585732074802, 45.999413572139744], [-61.165827620159064, 45.99940683998358], [-61.165780396312954, 45.99939614529133], [-61.16568840283923, 45.99936966496586], [-61.165651201099564, 45.999358960116915], [-61.16562607339434, 45.99934907014848], [-61.16556068627455, 45.999323304917276], [-61.16547149207752, 45.99928677080095], [-61.16544226269242, 45.99927164864344], [-61.16541942002307, 45.999259833211774], [-61.165381304635375, 45.9992412201646], [-61.16536889045818, 45.99923038222681], [-61.1653298404037, 45.9991962912933], [-61.165289306081085, 45.999153581032616], [-61.165278673676625, 45.99914236667521], [-61.16526276828725, 45.99912892551929], [-61.16521459938663, 45.999088234747376], [-61.1651987218738, 45.99907160785275], [-61.16518838560479, 45.99906081226558], [-61.165124412776784, 45.99904267491898], [-61.16506254572246, 45.999024517353625], [-61.16503360105551, 45.999016024032095], [-61.16491770000268, 45.99900606204347], [-61.16480137097364, 45.998969991609464], [-61.16477177590191, 45.998953441326], [-61.16473668942967, 45.99893385065926], [-61.16469335449056, 45.998923515002026], [-61.16465982189506, 45.998915514916895], [-61.16464297132443, 45.99891074397399], [-61.16459584911752, 45.998897386274685], [-61.164531268395066, 45.998897248832215], [-61.1643637204122, 45.99888735659394], [-61.16428621524775, 45.99888791140777], [-61.16423359164409, 45.99887806536561], [-61.16410533599439, 45.99885080308548], [-61.163975815530875, 45.99882352033521], [-61.16387279292539, 45.998814664293626], [-61.163834367814054, 45.99880504625175], [-61.16376980012186, 45.99880490858785], [-61.163705827776944, 45.99878677945316], [-61.1636332215698, 45.99874271607147], [-61.16361594031433, 45.9987322317362], [-61.163600298814536, 45.998721368732326], [-61.16356418030143, 45.99869629781093], [-61.163546721495244, 45.99868844775816], [-61.163524732503525, 45.99867856277452], [-61.16348475496752, 45.99866317734059], [-61.16338318546194, 45.99862408452739], [-61.16334362780844, 45.998615915195586], [-61.16329339838594, 45.9986055401758], [-61.163280490850774, 45.998605332671175]]}, "properties": {"OBJECTID": 196219, "FEAT_CODE": "WARV50", "FEAT_DESC": "River - Single Line", "RIVNAME_1": " ", "RIVNAME_2": " ", "ZVALUE": 9999, "FID": null, "SHAPE_Length": 396.11026877599056}}, {"type": "Feature", "id": 199056, "geometry": {"type": "LineString", "coordinates": [[-61.16104966910914, 46.0108173192206], [-61.161010609973644, 46.01082659106823], [-61.16098578204882, 46.01083519192232], [-61.160920603911585, 46.01085304380621], [-61.160817372210424, 46.010889184106226], [-61.16073927066959, 46.01090682785002], [-61.16068730104225, 46.010915891749505], [-61.16059787838281, 46.01092435265543], [-61.16054592162824, 46.01093341669782], [-61.160493670548824, 46.010950576414146], [-61.160480444918804, 46.01096026400826], [-61.16042919941356, 46.01098644037015], [-61.160364416943395, 46.011031299761356], [-61.160325045991925, 46.011049575838896], [-61.160260178668864, 46.011058431865685], [-61.160105888657164, 46.011075739375414], [-61.15996351603831, 46.01108424712365], [-61.159872814882675, 46.0110926868716], [-61.1598218375622, 46.0111107668439], [-61.15982164936185, 46.01115576623604], [-61.15971779339014, 46.01120990545649], [-61.15962689102366, 46.011263335190506], [-61.15952364483325, 46.0112994740868], [-61.159420428360214, 46.01133471331996], [-61.15933002553551, 46.011334147958024], [-61.159317115068454, 46.01133393996165], [-61.15923959226512, 46.0113345000834], [-61.15917501008034, 46.011334359603296], [-61.159097218881335, 46.011343006739594], [-61.159045577012456, 46.01134217464003], [-61.159032653668056, 46.011387112834136], [-61.15903243493176, 46.01138786535029]]}, "properties": {"OBJECTID": 199056, "FEAT_CODE": "WARV50", "FEAT_DESC": "River - Single Line", "RIVNAME_1": " ", "RIVNAME_2": " ", "ZVALUE": 9999, "FID": null, "SHAPE_Length": 179.15494650735533}}, {"type": "Feature", "id": 254258, "geometry": {"type": "LineString", "coordinates": [[-61.144085763819234, 46.0123134109581], [-61.14409768463803, 46.01230459511447], [-61.144213939775504, 46.01230469240892], [-61.14426588307295, 46.01229653562625], [-61.14437043170875, 46.01226043167399], [-61.1444346264262, 46.01223357277679], [-61.144448138863176, 46.01221579126079], [-61.144511945207135, 46.01216192455492], [-61.14455157961411, 46.01213556676862], [-61.14462900242368, 46.01209903105187], [-61.144720234661975, 46.012036600118314], [-61.14481115261057, 46.01198317349468], [-61.144849137634, 46.01192887831486], [-61.144875860618484, 46.01190232876715], [-61.14487666749342, 46.011900604774716], [-61.14488838294292, 46.01187552163499], [-61.144889498766396, 46.01180353586262], [-61.144894908781914, 46.011795883287185], [-61.14491526216413, 46.0117670521884], [-61.14491616472519, 46.01174006538402], [-61.14491538775464, 46.011686049849835], [-61.14492889990035, 46.011668268270974], [-61.14496784439817, 46.01162389816377], [-61.14498069723618, 46.01158720485201], [-61.14501044940986, 46.011551955981375], [-61.145033153710514, 46.0115250531324], [-61.1450327651665, 46.01149804536397], [-61.14503336683027, 46.011480054159016], [-61.14503358024937, 46.01143504618967], [-61.14503317819237, 46.01140805620243], [-61.14503512178295, 46.01127307145358], [-61.14504854605883, 46.011219286484575], [-61.14506129809448, 46.0111465895762], [-61.14508794634701, 46.0110840188127], [-61.14510016725521, 46.01106621624839], [-61.14512598785788, 46.01106663544974], [-61.145138928240456, 46.01106594548785], [-61.14515252795584, 46.01108416725197], [-61.145190745091014, 46.011138790616705], [-61.14521667073606, 46.011174313402776], [-61.14525481304322, 46.01119293358202], [-61.14529327333131, 46.01120165837461], [-61.145344944746746, 46.011201597125655], [-61.145370765415976, 46.01120201627265], [-61.145422737297665, 46.01119296837931], [-61.14543685038029, 46.01118308992112], [-61.14544786875445, 46.01117536634659], [-61.14546136769155, 46.0111575844892], [-61.14546999338074, 46.01114569985109], [-61.145500655135315, 46.01110331922836], [-61.14553882183382, 46.01105746021841], [-61.14555312772377, 46.011040267479075], [-61.145565975775824, 46.01100447406967], [-61.145579298478, 46.01091468543824], [-61.14559242139589, 46.01086989599906], [-61.14559284668821, 46.01077989802618], [-61.145593673708454, 46.010716908035704], [-61.145580574408854, 46.01064469151863], [-61.14556856641073, 46.01061749515185], [-61.14556816438755, 46.01059049616334], [-61.14556899172703, 46.01052749717583], [-61.14558041378976, 46.01050305723347], [-61.14558152599707, 46.01050069915693], [-61.145608998910994, 46.010477959810885], [-61.1456466073407, 46.010446852500294], [-61.14567302909749, 46.01042928035907], [-61.14569887948342, 46.01042879986579], [-61.14576343027151, 46.01042984750893], [-61.14580219081569, 46.01042957651649], [-61.14586645808117, 46.01043871993933], [-61.145969812416055, 46.01043859708743], [-61.145996234068754, 46.010421024869814], [-61.14601365072334, 46.01039693417423], [-61.14602196600962, 46.010385440477734], [-61.14602157697463, 46.01035843270034], [-61.14603530070537, 46.01029565197991], [-61.146044535651036, 46.01028292213713], [-61.146048842208955, 46.01027697069294], [-61.146125943935964, 46.010250320280676], [-61.14614789620827, 46.01024472715988], [-61.14622886551622, 46.01022409775706], [-61.146277913405775, 46.01019737907509], [-61.14629463599351, 46.010188253887435], [-61.146299759274264, 46.01017950753254], [-61.14632068115157, 46.01014367402053], [-61.14634645572287, 46.01010719019695], [-61.14634725603336, 46.010044199761914], [-61.14635998920354, 46.00997239343947], [-61.14637350015617, 46.00995462066693], [-61.14639935031963, 46.00995414001166], [-61.1464764511314, 46.00992749834766], [-61.14655424233819, 46.00991885080796], [-61.146631732665575, 46.00991920782364], [-61.14665755275689, 46.009919626670964], [-61.146734366072785, 46.00990197165739], [-61.146877714743816, 46.00990249672478], [-61.14697976419124, 46.00990235179478]]}, "properties": {"OBJECTID": 254258, "FEAT_CODE": "WARV50", "FEAT_DESC": "River - Single Line", "RIVNAME_1": "Ainslie Glen Brook", "RIVNAME_2": " ", "ZVALUE": 9999, "FID": null, "SHAPE_Length": 440.7446777510709}}, {"type": "Feature", "id": 254259, "geometry": {"type": "LineString", "coordinates": [[-61.14697976419124, 46.00990235179478], [-61.14708310464547, 46.00990222771104], [-61.14712213525727, 46.00989386021107], [-61.14725126996742, 46.00989415429257], [-61.147302966010194, 46.00989409255815], [-61.14734199658539, 46.00988572498246], [-61.14736483920308, 46.00987512379251], [-61.147381357626884, 46.00986746221458], [-61.14741971093423, 46.00984108265293], [-61.14751033940302, 46.009795749614035], [-61.14754997069141, 46.009769390729865], [-61.14760186110905, 46.00970703062854], [-61.14764013258058, 46.00966104660086], [-61.14769297407871, 46.009625901354745], [-61.147726341425994, 46.00961769384557], [-61.14773074344838, 46.009616613149774], [-61.14773200382687, 46.00961639057014], [-61.14778271378522, 46.00960755515642], [-61.14782174409015, 46.00959918741227], [-61.147834654069975, 46.00959939670113], [-61.147912474666555, 46.00958984866384], [-61.14800278457438, 46.009554419607426], [-61.14806796510053, 46.00953657513001], [-61.148131554280454, 46.00952770531063], [-61.14819613413899, 46.00952785200191], [-61.14824816412973, 46.009555696768274], [-61.14828692377673, 46.00955543391892], [-61.148364100762905, 46.009564776169356], [-61.14837702364864, 46.00956498560605], [-61.14839116397727, 46.009564710744364], [-61.148402873627155, 46.00956450449434], [-61.14842839331797, 46.00957391856185], [-61.14851948369879, 46.009592495678106], [-61.148557943432735, 46.009601219364825], [-61.14867419335323, 46.009601303038856], [-61.14868981833478, 46.00959795602933], [-61.14871323643872, 46.00959293519718], [-61.148726133513605, 46.00959314417614], [-61.14873638193313, 46.009590277071595], [-61.148790022867665, 46.00957527836525], [-61.148829083028126, 46.00956601071176], [-61.14889395022123, 46.00955716117507], [-61.14895833146684, 46.00952416441747], [-61.14899778298981, 46.009503940451495], [-61.14912656504358, 46.009477225232985], [-61.14916492145763, 46.00944994508608], [-61.14921716154244, 46.00943279036979], [-61.14930789134523, 46.009423459500745], [-61.14934692130588, 46.009415091229776], [-61.14942405031625, 46.00938753898276], [-61.14947599017577, 46.009379379774096], [-61.14956602900942, 46.009352036530444], [-61.14963457895599, 46.009336549855796], [-61.14964413166185, 46.00933440044186], [-61.149670238972675, 46.009325813770374], [-61.14968343574771, 46.00931703600647], [-61.149722208446235, 46.009316763880925], [-61.14979969801987, 46.009317118735225], [-61.14982914060395, 46.00931038613703], [-61.150031384762734, 46.009264167386796], [-61.15026469202287, 46.00920134126659], [-61.150355691245956, 46.009183913486936], [-61.15052279748787, 46.00913081566069], [-61.15069122469262, 46.00907682992191], [-61.15077704917132, 46.00906040710536], [-61.15078222328688, 46.00905941079263], [-61.15082558532495, 46.00904933003629], [-61.15089808102454, 46.009032475387876], [-61.15098937932612, 46.00900606045492], [-61.15102818785018, 46.008992305733045], [-61.1510403574473, 46.00898798443208], [-61.15112547570435, 46.00895515103326], [-61.1511568142429, 46.00894306648145], [-61.15127393227117, 46.00891706013903], [-61.151531857393955, 46.00889063173117], [-61.15177737973288, 46.00880999916786], [-61.15194546192962, 46.008765915536195], [-61.152089434761436, 46.00870418777415], [-61.152153827313875, 46.0086765806894], [-61.15216386674069, 46.00867377290043], [-61.15221771455849, 46.00865871292609], [-61.15230871232072, 46.00864128356635], [-61.15242458109568, 46.00861435579152], [-61.15255423246717, 46.00856064929627], [-61.15263162836243, 46.00852499875658], [-61.15282617049809, 46.00846244063676], [-61.153046944734655, 46.008310301351216], [-61.153163904437505, 46.00821138654213], [-61.15318923821674, 46.008148792622116], [-61.15322168879639, 46.008083100558494], [-61.15322940175189, 46.008067528377126], [-61.153320211632476, 46.00797810025274], [-61.15348892150498, 46.0077990171364], [-61.15354079596612, 46.007753953010685], [-61.15365715481248, 46.007673028960454], [-61.15376126602873, 46.00761080790685], [-61.15380032401775, 46.00760153851708], [-61.153850970659015, 46.00759335642106], [-61.15391614708322, 46.007575508537705], [-61.153981323466475, 46.00755766061648], [-61.15401909042858, 46.00754837029203], [-61.15418796607171, 46.0075582991207], [-61.154224951334015, 46.00756473795751], [-61.154239334909676, 46.00756722945244], [-61.154329731718086, 46.00756778975434], [-61.15448474907043, 46.0075675937296], [-61.15467867448972, 46.00752302256917], [-61.15469158403649, 46.00752323107626], [-61.15474252970298, 46.007506052923844], [-61.15482022191852, 46.00746140609285], [-61.1549240621913, 46.00740728004464], [-61.15502760309426, 46.007362149558254], [-61.15511850356647, 46.00730871442413], [-61.155222014814896, 46.00726446533036], [-61.155261370860856, 46.007246217763445], [-61.155299705741854, 46.007219835252315], [-61.15532645197092, 46.007192365571925], [-61.155351023686585, 46.007150270980404], [-61.15535247554257, 46.007147783284424], [-61.15536312646717, 46.00713589459088], [-61.155416863707245, 46.007075918870406], [-61.15548430575006, 46.007005822816346], [-61.15549446022427, 46.00699526716865], [-61.15549618505938, 46.006993503917144], [-61.155573347454826, 46.00691463625018], [-61.15561115463306, 46.006870703156665], [-61.15561231000097, 46.00686936273389], [-61.15561376183759, 46.00686687503417], [-61.15563833318528, 46.00682478037311], [-61.15567768938041, 46.006806514663324], [-61.15571543856473, 46.006798123539674], [-61.155793210913934, 46.00678947840325], [-61.15592256871448, 46.00674476382849], [-61.156077475948365, 46.00670856190008], [-61.15621974269703, 46.00666405532803], [-61.15633614772033, 46.00662003130146], [-61.1564529072023, 46.00656611233474], [-61.15653139824523, 46.006458472882564], [-61.15653131644389, 46.00642633980663], [-61.15653130297499, 46.00642246937775], [-61.15653205050118, 46.00641824220758], [-61.156545611560844, 46.006341695821526], [-61.15657067161137, 46.006287197164006], [-61.15659768546957, 46.00625164005867], [-61.15660939468209, 46.006226546599756], [-61.15661020080795, 46.00622483151174], [-61.156611342929935, 46.00622349986553], [-61.1566491620168, 46.006179557616534], [-61.15668848753681, 46.00616219111161], [-61.156726551996385, 46.006143904198545], [-61.15680493393335, 46.00611726722343], [-61.156830059207024, 46.00609967157833], [-61.15685650527338, 46.00608119718598], [-61.15689410837329, 46.00603830442841], [-61.1568954362941, 46.006036822768266], [-61.15689693389223, 46.00603373275723], [-61.156921786776735, 46.005982344848896], [-61.1569214348827, 46.00595833485871], [-61.156921392397535, 46.005955337009325], [-61.15692161113864, 46.005954584496656], [-61.156934504600436, 46.00591055507021], [-61.15692249224982, 46.00588335081138], [-61.1568913073246, 46.00583958236911], [-61.156884237014395, 46.00582963077141], [-61.15688425495768, 46.00582520281848], [-61.15688444035471, 46.00578463158804], [-61.15689654735243, 46.00574328062471], [-61.15689755284153, 46.00573984065606], [-61.156897542094036, 46.005736276287514], [-61.15689745732038, 46.005703837143685], [-61.15690933285973, 46.00567061889021], [-61.15691027093001, 46.00566804188112], [-61.15691057007447, 46.005659037213476], [-61.15691143971383, 46.00565657610689], [-61.15692341295104, 46.005622360373046], [-61.15693642216615, 46.005570178364756], [-61.156936824503354, 46.00556856476639], [-61.15693742248259, 46.005550564426166], [-61.15695012726067, 46.00547877443053]]}, "properties": {"OBJECTID": 254259, "FEAT_CODE": "WARV50", "FEAT_DESC": "River - Single Line", "RIVNAME_1": "Ainslie Glen Brook", "RIVNAME_2": " ", "ZVALUE": 9999, "FID": null, "SHAPE_Length": 1007.332709393598}}, {"type": "Feature", "id": 269145, "geometry": {"type": "LineString", "coordinates": [[-61.178752132382826, 46.01111167862905], [-61.17871526989648, 46.011105276704996], [-61.178700755994726, 46.01110275921799], [-61.17860722407914, 46.011072790667015], [-61.17855886674867, 46.011057294966704], [-61.17852069638178, 46.01103958552529], [-61.17840347637584, 46.01102961624639], [-61.17824937721677, 46.01100195790264], [-61.17813312339316, 46.01100190428157], [-61.178131656025165, 46.01100174587577], [-61.178043015645756, 46.01099236695965], [-61.177965493414895, 46.010992930803596], [-61.1778880007341, 46.010992595017974], [-61.17788653336715, 46.010992436609044], [-61.17779789304985, 46.010983057503545], [-61.177743776684665, 46.010975372030245], [-61.1777336064307, 46.01097393175241], [-61.1777251154309, 46.01097249125554], [-61.17768093929601, 46.01096499129528], [-61.17760403775386, 46.01094666378178], [-61.1775529443618, 46.0109287478857], [-61.1775007429577, 46.010909959246455], [-61.17743721556687, 46.01087379899064], [-61.17737839999635, 46.010826724276214], [-61.17735919341312, 46.01081135107348], [-61.177338508372586, 46.01078711580833], [-61.17728204934614, 46.01072100661529], [-61.17725061720155, 46.01068733838414], [-61.17723090272382, 46.01066619674792], [-61.17721855393323, 46.010648898820016], [-61.177210840359805, 46.01064345647264], [-61.17717941841441, 46.01062127299968], [-61.17714065756299, 46.010621554639], [-61.1771148367035, 46.01062114267353], [-61.177063165423206, 46.010621218301644], [-61.176959852429015, 46.01062046991125], [-61.17684389511225, 46.01061141922534], [-61.176727642448185, 46.01061135519041], [-61.17661141876695, 46.010610409452376], [-61.176508371959514, 46.01060156446731], [-61.176379208611465, 46.0106013030205], [-61.17628880610145, 46.0106007600904], [-61.176159346987426, 46.010609494156455], [-61.17606863576984, 46.01061794660668], [-61.17599115657434, 46.01061760974839], [-61.17588880927051, 46.01062677633672], [-61.17574672255672, 46.0106263078444], [-61.17568244963266, 46.01061718115576], [-61.17559105194751, 46.01060762130014], [-61.175501507515165, 46.0105809900487], [-61.1754104058227, 46.01056243429223], [-61.17530768483443, 46.010543692895304], [-61.175101621585306, 46.01052510091468], [-61.17506313094484, 46.01051638568172], [-61.175037932254575, 46.01050334650625], [-61.17501108245475, 46.01048945290709], [-61.1749729432391, 46.010470842725745], [-61.174954080780864, 46.010445034053355], [-61.17494698573224, 46.01043532620332], [-61.17494468383088, 46.01042716199685], [-61.17493426419083, 46.010390120575025], [-61.174934433952444, 46.01034923409181], [-61.1749344530187, 46.01034512117556], [-61.174934661585006, 46.01034427846178], [-61.17494784815423, 46.010291332248904], [-61.174960651328, 46.01025553483105], [-61.17495833652094, 46.01024737041847], [-61.17494792981213, 46.01021032920338], [-61.17493758737991, 46.01018154245717], [-61.1749349123454, 46.01017411932986], [-61.174916592381166, 46.01015812984271], [-61.174883417461764, 46.010129194371494], [-61.174807419230206, 46.01008386894848], [-61.17477907054763, 46.01006921330913], [-61.17475534515075, 46.01005694464657], [-61.17473010368305, 46.010038540430266], [-61.17472589588921, 46.01003412597385], [-61.17470389273581, 46.0100111292367], [-61.17463928247849, 46.010011888101396], [-61.17461520692629, 46.01000829928209], [-61.17451074225641, 46.00999273347899], [-61.17440740093264, 46.00999288237343], [-61.174304089218296, 46.009992131599105], [-61.174213658163254, 46.009992486617115], [-61.17409774521081, 46.009982533800084], [-61.17404606165307, 46.009982607866], [-61.174024988798934, 46.00997766283503], [-61.173967871714034, 46.009964257307054], [-61.17390358696708, 46.00995512942603], [-61.17383900609642, 46.00995499725963], [-61.17377472138359, 46.00994586930655], [-61.173697526447164, 46.00993653495047], [-61.17355515832223, 46.009945059714674], [-61.17343901304671, 46.00998100498308], [-61.17341289632315, 46.009989587934015], [-61.17339995644543, 46.00999028110791], [-61.17338734240893, 46.00998107895737], [-61.173354231770396, 46.00995218006971], [-61.17333586188493, 46.00993615352773], [-61.17325815867481, 46.00986380735939], [-61.17319446667165, 46.00983668758752], [-61.17313580268786, 46.00981888267359], [-61.173103663286284, 46.009809134271684], [-61.17296159170725, 46.00980866255319], [-61.17287119030933, 46.00980812593393], [-61.172806313614664, 46.00981697993623], [-61.172787491802914, 46.009812718711466], [-61.1727678496671, 46.009808264354525], [-61.172751246134055, 46.00980293154101], [-61.17265281350282, 46.00977132263894], [-61.172647202732314, 46.00977068387077], [-61.172497091000096, 46.009753531088705], [-61.17233010098447, 46.00972566754991], [-61.172221027561584, 46.00971319409516], [-61.172174391933105, 46.00970786677389], [-61.17208396520231, 46.00970732012539], [-61.172012766308626, 46.00969871059342], [-61.172006783826546, 46.00969798484217], [-61.17190379503809, 46.0096882365774], [-61.17182655825558, 46.00967980033421], [-61.171658561694, 46.00964291022116], [-61.17155611063219, 46.00961606932648], [-61.17150447001021, 46.009615242880216], [-61.17144532408048, 46.009606987898124], [-61.171438895098845, 46.00960609296234], [-61.171336147668995, 46.00958824761159], [-61.17131062422244, 46.00957882960777], [-61.171222222870256, 46.00953056712151], [-61.171195158585256, 46.009515778140205], [-61.17117139657216, 46.009504651206285], [-61.17103996785954, 46.00944310815456], [-61.170923613274674, 46.00940703463526], [-61.17087825941948, 46.00939418489735], [-61.17085962634771, 46.009388909321004], [-61.170743672785754, 46.00937985249443], [-61.17066618255306, 46.00937951184408], [-61.17051120209539, 46.009378830385735], [-61.17050520675968, 46.009378104349906], [-61.17043400859209, 46.00936949294388], [-61.17036873083825, 46.0093513475837], [-61.17034162843952, 46.00933654878848], [-61.17025326676675, 46.0092882951848], [-61.17019955878013, 46.00925969554272], [-61.17015044624782, 46.0092335366033], [-61.170039789414766, 46.009186878859516], [-61.170021762667794, 46.00917928173175], [-61.169974677469035, 46.00915549531435], [-61.16993156845469, 46.009133734673156], [-61.1697901517983, 46.00903516420104], [-61.169753890008025, 46.00900945395885], [-61.16970053871545, 46.00897162529557], [-61.1696699797944, 46.00895041662349], [-61.16964875241604, 46.008935693779826], [-61.16962742013822, 46.008920627233145], [-61.16960963484012, 46.0089080656396], [-61.16949417226563, 46.00884502149122], [-61.16935190943359, 46.008772529323174], [-61.16924482250286, 46.008715595445516], [-61.169198311721296, 46.00869086385824], [-61.16905632046721, 46.008609384184965], [-61.169050956501756, 46.00860753412926], [-61.16897969272064, 46.00858294579868], [-61.16892966339864, 46.00856777023231], [-61.16888889326877, 46.008555398184626], [-61.168811998130735, 46.008537064838556], [-61.168707962600664, 46.00851919647154], [-61.168541262733235, 46.008482322543294], [-61.16839878190723, 46.008454837122414], [-61.16824371422906, 46.00841814923694], [-61.16817944521747, 46.00840901838027], [-61.16807639115854, 46.008400165660184], [-61.167922007458195, 46.008381498278936], [-61.16775339393013, 46.00836348453497], [-61.167624562990966, 46.008353317973715], [-61.16749540523, 46.00835304656111], [-61.16734109471097, 46.00837127256523], [-61.16717261299511, 46.008388370978714], [-61.16700482769124, 46.008423481291125], [-61.166848928586425, 46.008450681631096], [-61.16669464733818, 46.008468007182685], [-61.16655287680635, 46.00845853182939], [-61.16644857461852, 46.008448757561965], [-61.16631971403146, 46.00843948910145], [-61.16623017774335, 46.008412850692125], [-61.16611327616499, 46.00839387340666], [-61.16601012113366, 46.00834901525033], [-61.16595845211017, 46.00834908588705], [-61.16586805332964, 46.00834854376231], [-61.16584322754406, 46.00835713670789], [-61.165816783298055, 46.00837561320233], [-61.16580357604007, 46.00838440166151], [-61.16575181701772, 46.00842938319265], [-61.16572529619811, 46.00844704839254], [-61.16562275487233, 46.00850121410201], [-61.16546639102875, 46.00858149896815], [-61.1652860926879, 46.0086434072957], [-61.16511748390595, 46.00874240507055], [-61.16504009546708, 46.00877806418425], [-61.16494920185747, 46.0088315073076], [-61.16481905361469, 46.00893923180462], [-61.16478069248644, 46.00896650812777], [-61.164780394882165, 46.008975503834264], [-61.164779387946744, 46.008976657723224], [-61.164741467951195, 46.00901988098116], [-61.16471442749418, 46.00905635761603], [-61.16470231410303, 46.00911015695176], [-61.16470191991385, 46.009200155486056], [-61.16470065829679, 46.009273426181686], [-61.16470053233637, 46.009281137575194], [-61.16471307794581, 46.00937044391782], [-61.16471770648354, 46.009390616354274], [-61.164725493295165, 46.00942464626905], [-61.164713316848136, 46.00946629393365], [-61.16471238613877, 46.00946943815384], [-61.16468847880271, 46.00951466857924], [-61.164660024180755, 46.00956850242053], [-61.16463457233459, 46.00959599506659], [-61.16456982461557, 46.00963995735804], [-61.164516976701655, 46.009676010348926], [-61.164439858415, 46.009702672906464], [-61.16415592985198, 46.009773715066665], [-61.16398750039004, 46.00982771161348], [-61.16388330904982, 46.009853938731595], [-61.16381943688314, 46.00987181325878], [-61.16375424783959, 46.00988966658552], [-61.16368966724678, 46.00988952868283], [-61.163547893717585, 46.00988004955561], [-61.16347637452996, 46.00987139354933], [-61.16347070080733, 46.0098707083158], [-61.16342927222429, 46.00986145590572], [-61.16339248526173, 46.00985324114705], [-61.16331588782167, 46.00982591740334], [-61.16330297767664, 46.00982570986243], [-61.163255925644606, 46.009809184599646], [-61.16322508960419, 46.00979835630911], [-61.1630710020498, 46.00977067764961], [-61.1630328191342, 46.00976600452332], [-61.162851013445106, 46.00974373922131], [-61.162734792552925, 46.009742770400095], [-61.1626443919097, 46.0097422166951], [-61.1626195220115, 46.00975171727875], [-61.16258022152577, 46.00976908621998], [-61.162528637414574, 46.00980515861604], [-61.16252769128168, 46.00980837457421], [-61.162515528392376, 46.00984995021793], [-61.16251454166206, 46.00991522387388], [-61.16251443555933, 46.00992193652997], [-61.162527543916866, 46.00999415123479], [-61.16253110689117, 46.01000045487394], [-61.162553165411595, 46.01003956572224], [-61.162589815702646, 46.010091682922386], [-61.162603743238186, 46.01011148296181], [-61.162607143060306, 46.010118423009125], [-61.16261705056455, 46.010138698425976], [-61.16261615666253, 46.01016568550711], [-61.162603246443524, 46.01016547788599], [-61.162539062634075, 46.0101923471706], [-61.162448052364496, 46.0102097844777], [-61.162397089578626, 46.01022786583432], [-61.162306665693386, 46.01026892973393], [-61.162125646897586, 46.010329696414985], [-61.162073990962305, 46.01035153768053], [-61.16205051390329, 46.01036148356858], [-61.162010077748945, 46.01038192120973], [-61.16197653952389, 46.010402352800604], [-61.16195540678477, 46.010415225538985], [-61.16188647994689, 46.01046397933612], [-61.16177409450264, 46.010544849653094], [-61.1616947285246, 46.01060456897567], [-61.16163679321205, 46.010642815897675], [-61.161627773029316, 46.01064878208805], [-61.16156550882207, 46.01068980347274], [-61.16152223633072, 46.010710843335715], [-61.16147157911869, 46.01071890265548], [-61.161468034023, 46.010719466641646], [-61.161355136880985, 46.01072494024817], [-61.1612712436712, 46.01072481419848], [-61.16126900165693, 46.010724256088174], [-61.161241534205516, 46.01071740568795], [-61.161234505928626, 46.010713548373616], [-61.16121014719416, 46.01070020464469], [-61.161186035981466, 46.01067939449163], [-61.16118353720256, 46.01067723016083], [-61.16114653680155, 46.010660640793496], [-61.16111367954234, 46.01064726826791], [-61.16108453118787, 46.01063540450681], [-61.16098805342481, 46.01060342999046], [-61.160955689817804, 46.010592702507275], [-61.160938200777174, 46.01058800175709], [-61.16083321555255, 46.01055977837804], [-61.16075601927569, 46.010549355191976], [-61.160702863455384, 46.01055018256005], [-61.16065607753542, 46.010559527906544], [-61.16062037138174, 46.01057481192191], [-61.16058167015829, 46.01059627604231], [-61.16056385311831, 46.01060614173979], [-61.160478349260345, 46.010643683208514], [-61.16043623391113, 46.01065241062634], [-61.16040076507319, 46.01065469269277], [-61.16039183446803, 46.01065327983002], [-61.160361714993996, 46.01064850163079], [-61.16030421768616, 46.01063105992715], [-61.16027493455498, 46.010625602134496], [-61.16023823134044, 46.01061875578289], [-61.16015809501155, 46.01061480120128], [-61.16013213366062, 46.01061473415163], [-61.160056471076935, 46.01061454174103], [-61.15993697519192, 46.01062190578489], [-61.15986139769676, 46.01062382072898], [-61.1598082543253, 46.010622712776794], [-61.159800433431144, 46.01062133574223], [-61.15971063881054, 46.01060558765701], [-61.15964384298019, 46.0105861507464], [-61.15957343661386, 46.0105595182513], [-61.15955885370957, 46.01055327101722], [-61.15950217718097, 46.01052901076213], [-61.15946357643632, 46.01050733679531], [-61.159442158116676, 46.01049531812566], [-61.15942297050595, 46.01047368686766], [-61.15941111281513, 46.010459275074346], [-61.159389062661404, 46.010440216836436], [-61.15937723245724, 46.010435877025856], [-61.159343656902294, 46.010423536474256], [-61.15924284705188, 46.01038279621913], [-61.15923807981628, 46.010380874312574], [-61.15922410705966, 46.01037609494454], [-61.159093422449146, 46.01033139003571], [-61.158974882430165, 46.01028077834285]]}, "properties": {"OBJECTID": 269145, "FEAT_CODE": "WARV50", "FEAT_DESC": "River - Single Line", "RIVNAME_1": "MacDonalds Brook", "RIVNAME_2": " ", "ZVALUE": 9999, "FID": null, "SHAPE_Length": 1843.189486914545}}, {"type": "Feature", "id": 272422, "geometry": {"type": "LineString", "coordinates": [[-61.13030675772131, 46.002534725939725], [-61.13033840696975, 46.00252379523752], [-61.13035902709874, 46.0025166802632], [-61.13046262614675, 46.0025084750175], [-61.130578860596934, 46.0025085768788], [-61.13068219975464, 46.00250846763318], [-61.13079800931306, 46.00248246086379], [-61.13088873034925, 46.00247314448703], [-61.130902159672424, 46.00246862092447], [-61.13093967836554, 46.002455976977586], [-61.13097809534743, 46.002436219316046], [-61.13099225048372, 46.00242893546192], [-61.13104383473649, 46.002392877259894], [-61.131095800754565, 46.00238382678559], [-61.13113384045169, 46.00236644803291], [-61.13117259527576, 46.00236618191912], [-61.13127589097918, 46.002366971475794], [-61.13136726637807, 46.00237656647628], [-61.13144417046872, 46.00239401617662], [-61.13152172867656, 46.00243039557778], [-61.13157308882234, 46.002439335981464], [-61.13172774486089, 46.00244906551281], [-61.13179201326115, 46.002458216900465], [-61.131920629498914, 46.00251252287299], [-61.132011399567894, 46.002540108463045], [-61.132101866894914, 46.00257668953271], [-61.13223010133517, 46.0026039874083], [-61.132372245396134, 46.00264050402101], [-61.132448803616946, 46.002667865941845], [-61.13269343309721, 46.0027672697702], [-61.13279683981806, 46.00280316171907], [-61.13292633570412, 46.002831379476945], [-61.13297739377024, 46.00284931481217], [-61.133131526063565, 46.00291303688692], [-61.133196480766365, 46.00294019969869], [-61.13327399124057, 46.00293966607037], [-61.13341572780612, 46.002949182220306], [-61.13360972875362, 46.00294155099988], [-61.133726475923915, 46.00288765502653], [-61.13375629721331, 46.00287192325266], [-61.13377776921705, 46.002860591341395], [-61.13381586995491, 46.00284099857082], [-61.13383034038248, 46.00283354850612], [-61.133894912156535, 46.00283370316307], [-61.13404987231956, 46.002834434013224], [-61.134113839379964, 46.00285257067127], [-61.134204005849426, 46.00289815465922], [-61.13430741383188, 46.002934045258485], [-61.13442271167189, 46.002962029462836], [-61.13445151737727, 46.00296727909232], [-61.13450239411386, 46.002971034995184], [-61.13460688736844, 46.00296697181996], [-61.13468176894414, 46.00295973394247], [-61.13477052769189, 46.00294732227391], [-61.1348499977496, 46.002934983909334], [-61.134862981077106, 46.00293296374013], [-61.134946215062676, 46.002925069998874], [-61.13504799050497, 46.00292616434276], [-61.13519788600544, 46.00293233726876], [-61.1353996546587, 46.00295258733637], [-61.13555338441456, 46.00298840701701], [-61.13567192662549, 46.003021717197036], [-61.13579054263612, 46.00307436153241], [-61.13582970534674, 46.00309925689097], [-61.13587713562656, 46.00314217112554], [-61.13590733615513, 46.003166650212826], [-61.135944753620336, 46.003196980359604], [-61.13599021961311, 46.00324646886475], [-61.13600194267573, 46.00328503826036], [-61.136005967765584, 46.00329824466], [-61.13600875583005, 46.00334865694473], [-61.13600575680345, 46.003410630459435], [-61.13601029415851, 46.00346625557086], [-61.13605373897485, 46.00352478357629], [-61.136099391043835, 46.0035652835718], [-61.13617303625235, 46.003595637633175], [-61.13636513613117, 46.003643890818914], [-61.136492719913754, 46.00366570098036], [-61.136679579389686, 46.003695795158194], [-61.13679050839991, 46.00371742336455], [-61.136886798715004, 46.00373113531965], [-61.1369735418358, 46.00375646416436], [-61.1370803880805, 46.00380006773462], [-61.137142479878655, 46.00385488514859], [-61.13718603531554, 46.003908239234846], [-61.13719478528148, 46.00391998354339], [-61.13724036409359, 46.00398116503058], [-61.1373335932064, 46.00405953128174], [-61.1374359984139, 46.0041431143302], [-61.13752932065439, 46.00420256288963], [-61.137536907913315, 46.004207393835436], [-61.137627119984906, 46.0042483045897], [-61.13772697062874, 46.00426987730222], [-61.137858640030565, 46.00427622666916], [-61.137897225353335, 46.00428258887593], [-61.13799930156424, 46.00429942735936], [-61.13809874416728, 46.00431623183273], [-61.13815290265066, 46.00432538588405], [-61.13828402167665, 46.00436122942363], [-61.13830438372967, 46.00436679951356], [-61.1384778988076, 46.00442131665773], [-61.13855353611013, 46.0044574259515], [-61.13859936370492, 46.0044792967681], [-61.13870025281341, 46.004546167050755], [-61.13878607200478, 46.004624510392475], [-61.13884985424581, 46.00469100105021], [-61.13895794284459, 46.004770823091874], [-61.13910690387952, 46.00486123831141], [-61.139184166753545, 46.00490205301939], [-61.13930203158769, 46.004956131428706], [-61.13944409253467, 46.005007767693776], [-61.13952523716739, 46.00503952878042], [-61.139665816489476, 46.00507180757434], [-61.13975667669057, 46.00508037940558], [-61.13991659236178, 46.00507140843316], [-61.14003231951542, 46.00505328440049], [-61.140033955381256, 46.005053032016605], [-61.14016249310945, 46.005033424311115], [-61.14034323244431, 46.00500392856897], [-61.14046803034705, 46.00500263866046], [-61.14047888343482, 46.00500252728855], [-61.1405976050437, 46.00501258697308], [-61.140698706917476, 46.00503582453578], [-61.140703064579505, 46.00503683150369], [-61.140771215073656, 46.00506979331566], [-61.14083142453824, 46.005113867484454], [-61.140846375758315, 46.005124821372235], [-61.14094699553397, 46.00520986627848], [-61.14106609706057, 46.00530150315436], [-61.14115578107086, 46.005376037370766], [-61.14118314072184, 46.005397903687815], [-61.141218034849906, 46.00542580590568], [-61.14126019354185, 46.005467030027816], [-61.141292872582106, 46.00549898241022], [-61.14131477239738, 46.00551650263593], [-61.14138444569203, 46.00557227810735], [-61.14149286794379, 46.00563921445049], [-61.14150107457481, 46.00564330816537], [-61.14158495409772, 46.00568525582936], [-61.14166237325371, 46.00571956493576], [-61.1417638813719, 46.00575926106421], [-61.14186016288058, 46.0057795480343], [-61.141976614855366, 46.00581423972647], [-61.14202880598107, 46.005834763567734], [-61.142131633626406, 46.00587518286515], [-61.142236717461394, 46.005913415633934], [-61.14227751307289, 46.00592826376215], [-61.14244166906509, 46.005998319542805], [-61.14255074250739, 46.00603159461078], [-61.142643285984086, 46.00605437628746], [-61.142754647886456, 46.00606444008526], [-61.14283067800586, 46.00607545953702], [-61.142891673204375, 46.0060953700529], [-61.14299136555252, 46.00613379350291], [-61.143090922058825, 46.00618129615671], [-61.14317737135107, 46.006232581922305], [-61.143198330199624, 46.00624158102368], [-61.143232723069175, 46.006256333752084], [-61.14326904392233, 46.00626480845593], [-61.143336417924466, 46.00628053816225], [-61.14341538141525, 46.00629963333444], [-61.143441954565276, 46.00630605947755], [-61.1434626148896, 46.006310472427636], [-61.14356236570116, 46.00633173238435], [-61.14363627488525, 46.00635828769096], [-61.14369333676047, 46.006391157582684], [-61.143735424054064, 46.00643034551009], [-61.14376612692033, 46.00648050007103], [-61.14379329533953, 46.00652086766586], [-61.143830705741564, 46.00656009657892], [-61.14387269925879, 46.0066032521487], [-61.143921074889434, 46.00665292873673], [-61.14396747795606, 46.0067090626149], [-61.14401663093853, 46.006767167251226], [-61.14403662226969, 46.00678308986099], [-61.14406430076926, 46.00680513166981], [-61.14413119407336, 46.006844137372816], [-61.144134234830794, 46.006845905860615], [-61.14417374877402, 46.006872847152806], [-61.144192807222765, 46.00689889813765], [-61.14421160729121, 46.00693923770571], [-61.14422318275573, 46.00696658021525], [-61.144240332572316, 46.00699524633475], [-61.14426777061603, 46.00701946230695], [-61.14428898831075, 46.00703000449519], [-61.144318625616656, 46.00703674121671], [-61.14432829599583, 46.007039949451695], [-61.14434266767338, 46.007044710125214], [-61.144364949027306, 46.00705975182078], [-61.14437573591931, 46.007067037408255], [-61.14445307222697, 46.0071104967668], [-61.14449958648086, 46.007128191123954], [-61.1445629876026, 46.00715229804317], [-61.14463218545557, 46.00718421248531], [-61.144671821473096, 46.007202497111464], [-61.144695203415885, 46.00721128327108], [-61.14474940416018, 46.00723164948532], [-61.14480639042455, 46.00726026035373], [-61.1448360652031, 46.00727515199541], [-61.14492790832066, 46.007339439713064], [-61.14498062434391, 46.00740730431041], [-61.14500743918647, 46.007467169935325], [-61.14501017762921, 46.007521631374104], [-61.14501261576458, 46.00759164078717], [-61.14501545520275, 46.00763960550917], [-61.14502935983617, 46.007674564164304], [-61.145043920367826, 46.007711153555185], [-61.14507806012377, 46.007777555436995], [-61.145128947557986, 46.00784411220257], [-61.14516242840456, 46.00788270984146], [-61.14517996498029, 46.007902921631526], [-61.14520519572613, 46.00794720863793], [-61.14521175836709, 46.00799585483003], [-61.14521015736919, 46.00803408092826], [-61.14521441914818, 46.00804723683024], [-61.14522070886751, 46.008066572989904], [-61.14525320665063, 46.00812067148858], [-61.14527625354879, 46.00815262835374], [-61.14527952452162, 46.008157172699185], [-61.145320459806165, 46.00820809596904], [-61.14534410977931, 46.008237470468444], [-61.14537076386193, 46.0082558051232], [-61.14540299403042, 46.008274257288036], [-61.14542614702651, 46.00828024942717], [-61.145472659033864, 46.008280662403735], [-61.14551271552547, 46.00827712736769], [-61.145527826629035, 46.00827369144484], [-61.1455566431611, 46.00826713879586], [-61.14564176294764, 46.00824321098982], [-61.14565876601913, 46.00824036378781], [-61.14570055314587, 46.00823335558376], [-61.145773140880486, 46.00823269756419], [-61.14588571484818, 46.008233696474825], [-61.14596044566009, 46.00824427872649], [-61.145963698272666, 46.00824473653125], [-61.14605452798819, 46.008263680411304], [-61.14618963667619, 46.00830502487145], [-61.14625411116103, 46.00834191095727], [-61.146294387572105, 46.00837856640739], [-61.14632846241327, 46.00844890006754], [-61.146346556170876, 46.00847758117736], [-61.14639260199109, 46.008503934630156], [-61.14639715431105, 46.008504152494744], [-61.14645582738854, 46.008507084497204], [-61.14649637351461, 46.00850745427213], [-61.146571191046206, 46.00850810998869], [-61.146657910779744, 46.00850781566818], [-61.146682881492445, 46.00850773470572], [-61.14680015745554, 46.008513381236455], [-61.14681492345806, 46.00851408877189], [-61.146819472775924, 46.00851439657586], [-61.146924596169285, 46.00852152895199], [-61.147062327334126, 46.0085226827184], [-61.14717026676094, 46.00852362319909], [-61.14729847840277, 46.008536376940995], [-61.14737263003154, 46.008553879252716], [-61.147433580562804, 46.00858028495955], [-61.147466271622406, 46.00862596149629], [-61.14747295654456, 46.008667526147875], [-61.147468402965366, 46.00871414685717], [-61.14746538414278, 46.0087159700102], [-61.147417571731744, 46.00874481535453], [-61.14740478731494, 46.00875090839743], [-61.147366854070704, 46.00876898731689], [-61.14733638883285, 46.00880634036613], [-61.147335156350415, 46.0088084354957], [-61.147311405896794, 46.00884893958871], [-61.1473032554317, 46.00886943654417], [-61.147291875515116, 46.00889806257531], [-61.14724734036691, 46.00899236755256], [-61.14719150967386, 46.00909304168856], [-61.14716595721561, 46.0091372157279], [-61.14713941751502, 46.00918310184475], [-61.147131089134994, 46.009194613412994], [-61.147113686865154, 46.00921868651498], [-61.147102293378055, 46.009243073075154], [-61.1471011665491, 46.00924548493269], [-61.14710053241362, 46.00938048199029], [-61.147138060310546, 46.00941709256057], [-61.147215427830496, 46.00949845159232], [-61.14722746646197, 46.00952474823795], [-61.1472281565468, 46.009542760407065], [-61.147214103870304, 46.00961543648016], [-61.14718876266766, 46.009678028947455], [-61.14717452861452, 46.00979480446793], [-61.14714886276652, 46.009855897578824], [-61.147147866228536, 46.0098582755476], [-61.14697976419124, 46.00990235179478]]}, "properties": {"OBJECTID": 272422, "FEAT_CODE": "WARV50", "FEAT_DESC": "River - Single Line", "RIVNAME_1": "Mullach Brook", "RIVNAME_2": " ", "ZVALUE": 9999, "FID": null, "SHAPE_Length": 1818.2340909755985}}, {"type": "Feature", "id": 277267, "geometry": {"type": "LineString", "coordinates": [[-61.15903243493176, 46.01138786535029], [-61.159019823017616, 46.0113786616465], [-61.15895474870598, 46.011315509720426], [-61.15893356366772, 46.01129801342109], [-61.15887806805153, 46.01125217072571], [-61.15877454845009, 46.01117939867428], [-61.158712893445895, 46.0111292174074], [-61.15869782541689, 46.01111695892228], [-61.15858260364067, 46.011007987159324], [-61.15857762442981, 46.01100116554508], [-61.158556656206, 46.01097247606564], [-61.1585489183747, 46.010938635534295], [-61.15854425951691, 46.010918273351585], [-61.15854421545212, 46.01090520393685], [-61.15854415011178, 46.01088226964735], [-61.158556286512486, 46.01084081100945], [-61.1585572622984, 46.01083748755655], [-61.15858331525852, 46.01079199598386], [-61.158636353139876, 46.01071184642351], [-61.15869164659538, 46.01065013018154], [-61.15870074138784, 46.01063998019946], [-61.15872669781288, 46.01055847609399], [-61.158753914130365, 46.01047792833622], [-61.15879278004225, 46.01039665025931], [-61.15883111550418, 46.01037026658443], [-61.15888368204392, 46.01034321217636], [-61.15894815339094, 46.010307349092585], [-61.158974882430165, 46.01028077834285]]}, "properties": {"OBJECTID": 277267, "FEAT_CODE": "WARV50", "FEAT_DESC": "River - Single Line", "RIVNAME_1": "Skye River", "RIVNAME_2": " ", "ZVALUE": 9999, "FID": null, "SHAPE_Length": 146.32771347398946}}, {"type": "Feature", "id": 277268, "geometry": {"type": "LineString", "coordinates": [[-61.158974882430165, 46.01028077834285], [-61.15903955536523, 46.010199916025094], [-61.15909133083666, 46.01011884585714], [-61.15913077610914, 46.01002047607238], [-61.1591317734676, 46.00995539162394], [-61.15913187333883, 46.009948489859994], [-61.15913279414864, 46.00994526452129], [-61.1591450146616, 46.00990280811663], [-61.15913379152577, 46.0098723946515], [-61.159131978079444, 46.00986748716884], [-61.159093352499895, 46.00978586043212], [-61.15909342401413, 46.009779813257325], [-61.159094151528755, 46.00972286089887], [-61.159105901221245, 46.009697704846914], [-61.15910666560866, 46.009696079074615], [-61.15913338165788, 46.00966949907583], [-61.15913460230129, 46.00966735862642], [-61.159159433272656, 46.00962401634318], [-61.15918485795649, 46.00959742452591], [-61.15918545499199, 46.00957943317135], [-61.15918582729734, 46.00957794508908], [-61.15919885192736, 46.009525655099345], [-61.1591886719289, 46.009497283554175], [-61.159185858153634, 46.009489434796556], [-61.15918124480613, 46.00948326713678], [-61.159172254150675, 46.00947121463481], [-61.159147001278924, 46.00945370683105], [-61.159134104160735, 46.00945349902853], [-61.159127369916966, 46.009448575263015], [-61.159108868252, 46.00943509144085], [-61.159086170772234, 46.00941959590418], [-61.15906971293017, 46.00940835912714], [-61.15904448997334, 46.00938995173373], [-61.15903187850121, 46.00938074803503], [-61.15900602892459, 46.009381222559], [-61.159000422567644, 46.009377343015665], [-61.15897950179225, 46.009362803136774], [-61.158916129054134, 46.00932668004698], [-61.158872503641575, 46.009296086427355], [-61.1588517510588, 46.009281540234696], [-61.15884778967765, 46.00927596809921], [-61.158825834379165, 46.00924512063821], [-61.15880840031519, 46.00922749574602], [-61.15879958929902, 46.00921859627969], [-61.158793247117515, 46.00920497534092], [-61.15877426954374, 46.00916419431592], [-61.158732665743116, 46.00909721724787], [-61.15872399644693, 46.009083270785794], [-61.15871603372114, 46.00906671656818], [-61.15867203699557, 46.00897532759107], [-61.158672483631165, 46.00892684916055], [-61.15867253757023, 46.008921332730715], [-61.15867305533564, 46.00891896494641], [-61.15868624662192, 46.00885855025454], [-61.15869899310034, 46.008785851726095], [-61.15871218029069, 46.0087329523717], [-61.1587124037971, 46.00873205592494], [-61.158726112153225, 46.008669291431964], [-61.158751738496576, 46.0085977005152], [-61.15877808876246, 46.00854321318607], [-61.158778791097205, 46.00844421912998], [-61.15876595665337, 46.008363907945935], [-61.15876301413464, 46.00835410399551], [-61.15874153332291, 46.00828250994643], [-61.15871523483788, 46.00821908269849], [-61.15870515719144, 46.00815845500055], [-61.15870338000969, 46.00814778778107], [-61.1586776658866, 46.008066368962275], [-61.158639012293555, 46.00798564164406], [-61.158637712980926, 46.00797770027275], [-61.15862718746327, 46.00791344715049], [-61.158589472601044, 46.00780483342503], [-61.158577235446344, 46.00770653985886], [-61.15856443129242, 46.00762532908154], [-61.15856513424463, 46.00752632602149], [-61.15857844784937, 46.00743653570077], [-61.158591362661504, 46.00736965419801], [-61.158592485037936, 46.007363857970844], [-61.158594016373215, 46.00736169553251], [-61.15863041034201, 46.00731046627144], [-61.158656742529935, 46.007256896718445], [-61.158683487139285, 46.00722942622746], [-61.158682878683905, 46.007213512554785], [-61.158682793636295, 46.00721140506938], [-61.15872202230561, 46.00715804334447], [-61.15876157991198, 46.00709476836614], [-61.158813449188685, 46.007049710762054], [-61.15886558766618, 46.00699653902966], [-61.15890454761961, 46.00695126435147], [-61.15890484615533, 46.00694226867144], [-61.158916681448815, 46.00692502543931], [-61.1589170617207, 46.006924464536205], [-61.15891765878738, 46.0069064731759], [-61.15891776188327, 46.006884684648895], [-61.1589186673821, 46.00668147715407], [-61.15889699542691, 46.006617989477334], [-61.15889394595692, 46.006609074852676], [-61.15885499445717, 46.00653734327905], [-61.158845321206186, 46.00652135553096], [-61.1588170225345, 46.006474627968764], [-61.15871413467738, 46.006383864995676], [-61.158663253121894, 46.00632095957947], [-61.158599190834124, 46.0062668061948], [-61.158572380221294, 46.00625736458916], [-61.15853423230916, 46.0062396578049], [-61.15845673388532, 46.00623930873127], [-61.15841800605938, 46.00623868449485], [-61.15836574186704, 46.0062567430839], [-61.158301859286816, 46.00627461436425], [-61.15828896291355, 46.006274406477374], [-61.158210867165415, 46.00629204859181], [-61.15813375959715, 46.006319607124475], [-61.15804245577437, 46.00634603668459], [-61.15795255189966, 46.00640849070969], [-61.15790058609374, 46.00641755340478], [-61.15784891897292, 46.00641762040046], [-61.15784394869222, 46.0064163791976], [-61.15781048944462, 46.00640800927656], [-61.15777133715265, 46.00638126755025], [-61.157746414698316, 46.00635386421299], [-61.15772037414375, 46.00628234043074], [-61.157687891165814, 46.00622784969383], [-61.15768244646313, 46.00621872540325], [-61.15767537506708, 46.00620880083932], [-61.15764419026262, 46.00616500560621], [-61.157644376905104, 46.006124380394446], [-61.15764439269742, 46.00612001541041], [-61.157646653140176, 46.00611534460375], [-61.15767074279063, 46.006065528312874], [-61.15769532796756, 46.006031515870916], [-61.15769646521598, 46.00602994112197], [-61.15771190876609, 46.006004394737936], [-61.15773471900818, 46.0059666544642], [-61.15777366216161, 46.005922279942695], [-61.15778668446427, 46.00587007105032], [-61.1577870597661, 46.00586849301511], [-61.157788254587565, 46.005832510310626], [-61.15778545409052, 46.00582466172765], [-61.15777526223156, 46.00579629884766], [-61.1577650703826, 46.0057679359668], [-61.15776225698268, 46.005760087175105], [-61.15775944358351, 46.00575223838336], [-61.15774925175008, 46.00572387550111], [-61.157750446590036, 46.00568789279647], [-61.157739478729106, 46.00567395419036], [-61.157736814086334, 46.005670572041005], [-61.15773321558667, 46.0056641956703], [-61.15771119817695, 46.0056251655257], [-61.15766577838126, 46.00559309340968], [-61.15763421529572, 46.00557081224798], [-61.157596055547764, 46.00555309595616], [-61.15754471785186, 46.00554326758333], [-61.1574791502849, 46.00553410975302], [-61.15722215252713, 46.005533565068795], [-61.15716329609083, 46.005525343347436], [-61.157156572121494, 46.0055244068461], [-61.157150009898906, 46.005523616961185], [-61.157079385169396, 46.005515061367326], [-61.157042825508, 46.005508711321696], [-61.15702801901568, 46.00550613235224], [-61.156996969545354, 46.00549522692171], [-61.15695012726067, 46.00547877443053]]}, "properties": {"OBJECTID": 277268, "FEAT_CODE": "WARV50", "FEAT_DESC": "River - Single Line", "RIVNAME_1": "Skye River", "RIVNAME_2": " ", "ZVALUE": 9999, "FID": null, "SHAPE_Length": 707.9978507587185}}, {"type": "Feature", "id": 278677, "geometry": {"type": "LineString", "coordinates": [[-61.15695012726067, 46.00547877443053], [-61.15689907162655, 46.00546084987328], [-61.15687197323658, 46.00544570591178], [-61.15683440084167, 46.00542470465951], [-61.156758125190606, 46.00538836318436], [-61.15667993455927, 46.00537000974955], [-61.15661595715035, 46.005351876585024], [-61.156573174015016, 46.00533182623011], [-61.15653837763297, 46.00531552292563], [-61.15653578429663, 46.00531466203668], [-61.15651282855556, 46.00530701023907], [-61.15647343801151, 46.00528592552771], [-61.15646079821817, 46.00527916921487], [-61.15630680555682, 46.00517137852749], [-61.156280892402634, 46.005134958382826], [-61.15625597123554, 46.005107554734245], [-61.1562296339001, 46.00504503530036], [-61.15623035935836, 46.004988226889296], [-61.156230435945425, 46.00498203578536], [-61.15623145526621, 46.00497856904387], [-61.156243548748165, 46.004937244927554], [-61.156269301427606, 46.004900758490265], [-61.15629571719901, 46.00488318378527], [-61.156347287391874, 46.00484712295366], [-61.156387210187894, 46.00481175619901], [-61.1564390797653, 46.00476668166144], [-61.15645129531422, 46.00474888678381], [-61.15645159392574, 46.004739900108376], [-61.15646513084396, 46.00472120850036], [-61.15645478624122, 46.00467686715442], [-61.156452694613385, 46.004667904913525], [-61.156452610548186, 46.00466577043987], [-61.15645200124392, 46.00464990173695], [-61.15642708050051, 46.00462248912984], [-61.156400474458124, 46.00456805683925], [-61.15636321256475, 46.00452335313571], [-61.15634122147599, 46.00448435014463], [-61.15633759858882, 46.004477937332965], [-61.156298054268014, 46.004424187280605], [-61.156286639799916, 46.00437900960734], [-61.15628687264728, 46.00437822132135], [-61.156299752399796, 46.00433421873575], [-61.156299143438915, 46.00431834103618], [-61.15629905937974, 46.004316206562386], [-61.1562741385588, 46.00428880291945], [-61.15626944923613, 46.004285721079896], [-61.156261485587926, 46.00428050728592], [-61.15620917059017, 46.00426165304219], [-61.15619653084305, 46.004253348614334], [-61.15614519461034, 46.00424351963228], [-61.155990702391385, 46.00418972340641], [-61.15596371925135, 46.00417463508848], [-61.155926033670504, 46.00415357770198], [-61.15590595770803, 46.00414789836763], [-61.15586204500295, 46.00413544392808], [-61.155706305333915, 46.00408072623099], [-61.155642030370565, 46.00407159810782], [-61.155616322863786, 46.00406515277463], [-61.15560360345839, 46.00406196827667], [-61.155526215726724, 46.00409762097919], [-61.1554099771131, 46.00409754445189], [-61.15537658768718, 46.00408596176307], [-61.155306552739106, 46.00406167272408], [-61.15528133343293, 46.00404326453888], [-61.15526035257363, 46.004028677990526], [-61.15525482326974, 46.00402483550525], [-61.155229274986525, 46.00401632254171], [-61.1551652996245, 46.00399818859136], [-61.15510034546282, 46.00397103830392], [-61.155059418058016, 46.00395154837097], [-61.15502404683637, 46.00393470428816], [-61.15498618311222, 46.00390814441045], [-61.154959678197834, 46.00388956238405], [-61.154924061110115, 46.00387467640763], [-61.15489469844856, 46.003862411565706], [-61.15485686065334, 46.003835852063425], [-61.15483034290831, 46.00381726979951], [-61.154766667084786, 46.003790139966476], [-61.1547560186801, 46.00378255157753], [-61.15471493822912, 46.00375330251073], [-61.154680511280496, 46.00371700549887], [-61.154663777902016, 46.003699373271346], [-61.15463744329083, 46.003636844497194], [-61.15462589212809, 46.00362028602088], [-61.15457457132424, 46.003546724065664], [-61.15457414289804, 46.003535529528584], [-61.15457389177516, 46.003528712096575]]}, "properties": {"OBJECTID": 278677, "FEAT_CODE": "WARV50", "FEAT_DESC": "River - Single Line", "RIVNAME_1": "Skye River", "RIVNAME_2": " ", "ZVALUE": 9999, "FID": null, "SHAPE_Length": 339.0033966983198}}, {"type": "Feature", "id": 278678, "geometry": {"type": "LineString", "coordinates": [[-61.15457389177516, 46.003528712096575], [-61.15456186786156, 46.00350151639114], [-61.15457468241728, 46.003465721392494], [-61.15459943929477, 46.00343899377751], [-61.15460013627269, 46.00343823099255], [-61.15466492715336, 46.00339337495855], [-61.154665382456905, 46.0033925002638], [-61.15467872038167, 46.00336659625148], [-61.154669731366425, 46.003354552408254], [-61.15466511931492, 46.00334837557939], [-61.154614352675026, 46.003321454162695], [-61.15458883473486, 46.003312041494894]]}, "properties": {"OBJECTID": 278678, "FEAT_CODE": "WARV50", "FEAT_DESC": "River - Single Line", "RIVNAME_1": "Skye River", "RIVNAME_2": " ", "ZVALUE": 9999, "FID": null, "SHAPE_Length": 30.5929227779537}}, {"type": "Feature", "id": 278679, "geometry": {"type": "LineString", "coordinates": [[-61.15458883473486, 46.003312041494894], [-61.154499657837704, 46.003299476432176], [-61.15445899681273, 46.00329374334305], [-61.154408230324876, 46.00326682183676], [-61.15439206926046, 46.003259558384826], [-61.154368782347646, 46.00324908364717], [-61.154330954412615, 46.00322147106847], [-61.15430540664372, 46.00321295790489], [-61.15429033947293, 46.003202318922774], [-61.15426628761224, 46.003185333447625], [-61.154162959485674, 46.003185464218866], [-61.15412453345474, 46.003175833901885], [-61.15407183621885, 46.00313862948522], [-61.15404755718797, 46.00312148728492], [-61.15396985888216, 46.00305002800434]]}, "properties": {"OBJECTID": 278679, "FEAT_CODE": "WARV50", "FEAT_DESC": "River - Single Line", "RIVNAME_1": "Skye River", "RIVNAME_2": " ", "ZVALUE": 19.6, "FID": null, "SHAPE_Length": 59.20025775070079}}, {"type": "Feature", "id": 278680, "geometry": {"type": "LineString", "coordinates": [[-61.152638681414984, 46.003270624787426], [-61.152548983465415, 46.003288075433645], [-61.152159934823544, 46.003413191037325], [-61.15216053400745, 46.00339519973436], [-61.15213531606293, 46.00337679087293], [-61.1520699589099, 46.003322639847894], [-61.152031503208754, 46.00331390839624], [-61.15195400904989, 46.00331355497321], [-61.15186431083183, 46.00333100507739], [-61.15181206027678, 46.00334906089469], [-61.15170874896646, 46.00334828966753], [-61.1516318499718, 46.00333084470963], [-61.15154126307239, 46.00325827521072], [-61.15146460188976, 46.00319493145086], [-61.15136108986731, 46.003123052731496], [-61.15133615912834, 46.00309564784197], [-61.15132347131626, 46.00305044005424], [-61.1513103789445, 46.00297822422549], [-61.15132349517817, 46.002933433970405], [-61.15135051096072, 46.00289786911655], [-61.15147947125917, 46.00282615162864], [-61.15151912559091, 46.00279889166816], [-61.151527438560926, 46.00278739752191], [-61.15154485033958, 46.002763305879846], [-61.151556199045466, 46.00273899913493], [-61.15155736696348, 46.00273650689159], [-61.15155898083086, 46.002610526028775], [-61.15151986391141, 46.002582891659664], [-61.151456191162325, 46.00255576002161], [-61.151377719859696, 46.00254638989803], [-61.15109358598311, 46.002546292375584], [-61.151017096898485, 46.0025549550789], [-61.15092640858905, 46.0025633879257], [-61.15088765351332, 46.00256366074065], [-61.150849227913014, 46.00255404732732], [-61.150822390470545, 46.0025455035086], [-61.150797173356736, 46.0025270943617], [-61.15079747316038, 46.00251809871573], [-61.15079941345631, 46.002266116158864], [-61.15078602211986, 46.00220289592015], [-61.150774012951175, 46.002175709047], [-61.15077431305469, 46.00216670440496]]}, "properties": {"OBJECTID": 278680, "FEAT_CODE": "WARV50", "FEAT_DESC": "River - Single Line", "RIVNAME_1": "Skye River", "RIVNAME_2": " ", "ZVALUE": 9999, "FID": null, "SHAPE_Length": 287.3539660151015}}, {"type": "Feature", "id": 278812, "geometry": {"type": "LineString", "coordinates": [[-61.15396985888216, 46.00305002800434], [-61.153839214585616, 46.0030319231283], [-61.15371800117728, 46.00300869621436], [-61.153672261956466, 46.00300226874711], [-61.15358924230625, 46.002990603519336], [-61.15341004624348, 46.00296560215452], [-61.15332610616283, 46.00295908814415], [-61.15327739922039, 46.002955294698324], [-61.15318165840625, 46.00297272016977], [-61.15302349681037, 46.003027406596004], [-61.15294367132659, 46.003055583734515], [-61.15289732881346, 46.00307193546277], [-61.15282888416653, 46.00310236663038], [-61.15278227985365, 46.00312308832084], [-61.15272336280212, 46.00317342055914], [-61.15271393068942, 46.00318633677599], [-61.15268788047001, 46.00322201656769], [-61.15264414371138, 46.00326522280617], [-61.152638681414984, 46.003270624787426]]}, "properties": {"OBJECTID": 278812, "FEAT_CODE": "WARV50", "FEAT_DESC": "River - Single Line", "RIVNAME_1": "Skye River", "RIVNAME_2": " ", "ZVALUE": 9999, "FID": null, "SHAPE_Length": 117.46477736052714}}, {"type": "Feature", "id": 278813, "geometry": {"type": "LineString", "coordinates": [[-61.15077431305469, 46.00216670440496], [-61.15076038378037, 46.002158378499196], [-61.15072186720247, 46.00211275257297], [-61.15069692014881, 46.002086247324506], [-61.15069721996408, 46.00207725167836], [-61.15067131191433, 46.00204083031997]]}, "properties": {"OBJECTID": 278813, "FEAT_CODE": "WARV50", "FEAT_DESC": "River - Single Line", "RIVNAME_1": "Skye River", "RIVNAME_2": " ", "ZVALUE": 9999, "FID": null, "SHAPE_Length": 16.344819261518793}}, {"type": "Feature", "id": 278814, "geometry": {"type": "LineString", "coordinates": [[-61.15067131191433, 46.00204083031997], [-61.15065839076373, 46.00204062116893], [-61.15060664951431, 46.00200467268588], [-61.15055519466108, 46.00195974631691], [-61.15046591510835, 46.001887197108175], [-61.15042736897137, 46.001842470651624], [-61.15036330609495, 46.00178833958565], [-61.15031188222457, 46.00174249555571], [-61.150234599223445, 46.00169713288295], [-61.15014431191388, 46.001616484653894], [-61.15013170397595, 46.001607271014095], [-61.15013131286798, 46.00158026318189], [-61.15009377102266, 46.00154455337089], [-61.15008036773335, 46.001481332847646], [-61.15008078519821, 46.0013913346061], [-61.15008138501379, 46.001373343317844], [-61.15008180247073, 46.00128334507464], [-61.15008321082037, 46.001202363374986], [-61.150082519827315, 46.00118435118563], [-61.15008323717584, 46.00108535729493], [-61.15008434560605, 46.00101337123721], [-61.15005834726755, 46.000940946267576], [-61.15004630902079, 46.00091464989056]]}, "properties": {"OBJECTID": 278814, "FEAT_CODE": "WARV50", "FEAT_DESC": "River - Single Line", "RIVNAME_1": "Skye River", "RIVNAME_2": " ", "ZVALUE": 9999, "FID": null, "SHAPE_Length": 142.73898733040917}}, {"type": "Feature", "id": 278815, "geometry": {"type": "LineString", "coordinates": [[-61.15004630902079, 46.00091464989056], [-61.15004552687673, 46.0008606342206], [-61.15004642660038, 46.00083364728624], [-61.1500214192716, 46.000770238853654], [-61.15002033723876, 46.00072521882749], [-61.15000862895735, 46.000689027237186], [-61.149982300949645, 46.0006264974595], [-61.14995699416116, 46.000572075662355], [-61.14989314203741, 46.000472945225034], [-61.1498678351024, 46.00041853240477], [-61.149830190250874, 46.000346818824816], [-61.14981710035659, 46.00027460283145], [-61.14981811805408, 46.000166613289714], [-61.149857572045065, 46.00006824668561], [-61.149870105914665, 46.00004054809979], [-61.14987070577027, 46.00002255680941], [-61.149873677229024, 46.00001090427555], [-61.149897538528194, 45.99991499430227], [-61.149923289815945, 45.999762393761195], [-61.14992481598755, 45.99960040942768], [-61.1499252335955, 45.9995104111621], [-61.1499133436987, 45.99940220358956], [-61.14990106222727, 45.99926700616437], [-61.149903750123094, 45.99879902350635], [-61.14989102145806, 45.9987547149154], [-61.14986541534162, 45.998709297738245], [-61.14984061794823, 45.99860089012258], [-61.1498239994531, 45.99853574536685], [-61.14981549043268, 45.998502386708765], [-61.14981671715073, 45.99834938899887], [-61.14984147372797, 45.9983261545849], [-61.14985539109586, 45.99831311321834], [-61.149875606816806, 45.99829553858408], [-61.14990724644041, 45.99826805037285], [-61.14994589027928, 45.998232674124274], [-61.15001164366448, 45.9981968367872], [-61.1500829139674, 45.998138839493855], [-61.150088635359744, 45.998134179867414], [-61.15017952507072, 45.998080748424535], [-61.15020626925103, 45.998053279872835], [-61.150219085533664, 45.998017476358136], [-61.150245916527965, 45.997909913708334], [-61.15027159124471, 45.997837425299856], [-61.150280806489725, 45.997822867671175], [-61.150311108231165, 45.9977750615466], [-61.15036258435079, 45.99770299083579], [-61.15039351860305, 45.99766022621111], [-61.15040184420768, 45.99764872334212], [-61.15044158214268, 45.99754136059141], [-61.15046781314036, 45.99745178017977], [-61.150473044745695, 45.997444376450986], [-61.15049356594995, 45.99741529500396], [-61.1505198883352, 45.997361718081486], [-61.150546722343705, 45.997305575289936], [-61.150558756437086, 45.997280442671865], [-61.15056367309708, 45.997272025783836], [-61.15058477890909, 45.99723586138449], [-61.150662667910375, 45.99714621707717], [-61.15078020713218, 45.99702931292453], [-61.15093556784222, 45.99694002229489], [-61.150949299481, 45.99692866088155], [-61.151000627766926, 45.99688617214718], [-61.151038732503736, 45.99685994931357], [-61.15105211504706, 45.99681410129784], [-61.15110395093544, 45.99676993763649], [-61.15121931655182, 45.99669923345396], [-61.151221280750796, 45.99669803216915], [-61.15128605365589, 45.99665316871897], [-61.15129832297915, 45.9966403435199], [-61.151311475322416, 45.99662659655508], [-61.15132971629646, 45.99660197831136], [-61.15133853108794, 45.996590123267765], [-61.1513635486434, 45.99653652503171], [-61.15137235080956, 45.99652466078062], [-61.15139059112271, 45.99650006051715], [-61.15141867738042, 45.9964714163241], [-61.151442726080944, 45.99644690103255], [-61.1514668453752, 45.99642879523903], [-61.1515976922286, 45.99633060159136], [-61.15164710844481, 45.996285003455256], [-61.151676300056806, 45.99625806017563], [-61.15174094916899, 45.99617811048522], [-61.15180631989013, 45.99611526439424], [-61.15182012323543, 45.9960955335632], [-61.15184429939959, 45.99606097568166], [-61.15185869087378, 45.996016214947915], [-61.15188432929963, 45.9959718701584], [-61.15191076271062, 45.99592614314384], [-61.1519235770658, 45.99589034839682], [-61.151924912280926, 45.995656347791176], [-61.151898900612935, 45.99558393196431], [-61.15183485651722, 45.995529792967815], [-61.15179700505555, 45.995503079179336], [-61.151732349088704, 45.99546693124284], [-61.151552700965325, 45.9953938298772], [-61.1514486044182, 45.99533992469253], [-61.1512820716384, 45.99522202356036], [-61.151269042649425, 45.99518671974799], [-61.15127065611835, 45.995060747733], [-61.151296706891394, 45.99501526667652], [-61.15133344143565, 45.994977797931966], [-61.15134884079858, 45.994962098206216], [-61.151425556750105, 45.99490753635574], [-61.151439648912415, 45.9948717623324], [-61.15143988570088, 45.99478517226423], [-61.151439984513694, 45.99474576063266], [-61.15140175489345, 45.99469203906216], [-61.15135059300673, 45.99463810822371], [-61.15122157048073, 45.99455681596918], [-61.15113141555993, 45.99451125454865], [-61.15110590223995, 45.99450184115921], [-61.15106704794318, 45.994466110384565], [-61.151068246644925, 45.994430127744195], [-61.15097740078861, 45.99436655399921], [-61.15090004808098, 45.99428519754596], [-61.15087570375271, 45.99424070103493], [-61.15083719237185, 45.99419507516911], [-61.15079865108197, 45.99415034885683], [-61.15073459678346, 45.994096209062924], [-61.15059298269507, 45.99400571176702], [-61.15054093585703, 45.993978767765114], [-61.15038761515953, 45.99385207866206], [-61.15030996423148, 45.993779717483704], [-61.15028432995856, 45.99373519995811], [-61.150233812817866, 45.9936623689738]]}, "properties": {"OBJECTID": 278815, "FEAT_CODE": "WARV50", "FEAT_DESC": "River - Single Line", "RIVNAME_1": "Skye River", "RIVNAME_2": " ", "ZVALUE": 9999, "FID": null, "SHAPE_Length": 925.7358703882086}}, {"type": "Feature", "id": 279213, "geometry": {"type": "LineString", "coordinates": [[-61.16394043642118, 46.01749356447357], [-61.16382718305412, 46.01744578799845], [-61.16381175342415, 46.01743929369662], [-61.16377271539344, 46.017420098320564], [-61.163645228589054, 46.01735741313442], [-61.16350322390957, 46.01727592646592], [-61.16334889966419, 46.01717714067595], [-61.1633391618993, 46.01716846968828], [-61.163297450704974, 46.01713131122957], [-61.163263134376436, 46.01709516268288], [-61.163246282885716, 46.01707738585118], [-61.16322037238017, 46.017063990619995], [-61.16319419520805, 46.01705045608864], [-61.16319032245414, 46.01704997980578], [-61.163116992718436, 46.01704110547635], [-61.163026580464226, 46.01704054290014], [-61.1629628852086, 46.01701342640314], [-61.162911009713156, 46.01694148854277], [-61.16288578210591, 46.01692308195007], [-61.16284701692606, 46.01692335867194], [-61.16280857955343, 46.01691374012827], [-61.16279142420883, 46.01690241168399], [-61.162782031013535, 46.01689621231945], [-61.162774870884334, 46.01688616965743], [-61.162743762774404, 46.016842494141066], [-61.16274446375769, 46.016743734188225], [-61.16274447548409, 46.016742600316796], [-61.16271883401394, 46.01669808565019], [-61.16266775330674, 46.01668016331397], [-61.16262163028419, 46.01665687539461], [-61.162577540391936, 46.01663461020585], [-61.1624479665591, 46.01660732498386], [-61.16235844896575, 46.01657978383783], [-61.16234512131513, 46.016570686005025], [-61.16231928680664, 46.016553061566185], [-61.16229508341231, 46.01652441977237], [-61.16228075126623, 46.016507430358075], [-61.16227501556465, 46.016495340465745], [-61.16225539545425, 46.01645391970324], [-61.1622673687331, 46.016420459509], [-61.162268208322956, 46.01641812388919], [-61.1622688906653, 46.01641741482637], [-61.16232038213301, 46.01636406017301], [-61.162371683204846, 46.01630241299458], [-61.162372853911236, 46.01630100074823], [-61.16242443138324, 46.016264928346196], [-61.16248892071521, 46.01622905458047], [-61.162567314113346, 46.016202422864446], [-61.16264411854819, 46.01618475701823], [-61.16266992887666, 46.01618517208382], [-61.162692187571295, 46.01619257740307], [-61.162695496813384, 46.016193683674985], [-61.162760779876315, 46.016211834382], [-61.162799216757385, 46.01622145293545], [-61.16282532510171, 46.0162128722811], [-61.16282610466974, 46.01621195776735], [-61.16286430148363, 46.01616759657829], [-61.162864196011185, 46.01613529217032], [-61.16286420228031, 46.01613159307505], [-61.16281282404284, 46.01612266649455], [-61.16270940228893, 46.016085901563855], [-61.162684145328676, 46.01606839449931], [-61.16254205820488, 46.01606790958326], [-61.16250332342961, 46.01606728662911], [-61.16248299626829, 46.01606163142865], [-61.16243804062422, 46.016049135778324], [-61.162387655630035, 46.01604922545812], [-61.16230926207021, 46.01607586604917], [-61.162231563412796, 46.016120518718324], [-61.16216737244788, 46.01614738766116], [-61.16208987299243, 46.01614704105226], [-61.16194679267281, 46.01613753894158], [-61.16184344021548, 46.016137676297504], [-61.16180500356779, 46.016128057425675], [-61.161766835284176, 46.01611034242912], [-61.16175829344556, 46.016098342368615], [-61.16174091391517, 46.01607391446307], [-61.16174180842712, 46.0160469274232], [-61.16176694937787, 46.01602933996885], [-61.161818812223224, 46.01598427195269], [-61.16188479203681, 46.01590342911938], [-61.16193584398035, 46.01580525418592], [-61.16193683418776, 46.01574029566741], [-61.16193693821468, 46.01573325896736], [-61.16192840900778, 46.01572126812253], [-61.16191101660319, 46.015696840034266], [-61.161860235227984, 46.015669921670444], [-61.161821513656896, 46.01566929869707], [-61.161782438288164, 46.015678570543976], [-61.16174350411858, 46.01572294651293], [-61.161714932542026, 46.01577700270417], [-61.16169113064882, 46.01582200914707], [-61.1616751742606, 46.015847016751], [-61.161639353358574, 46.015903080393386], [-61.16158717934182, 46.01595714379922], [-61.16154784826266, 46.015974511880856], [-61.161471043794634, 46.01599217698977], [-61.16135358712297, 46.01602808884933], [-61.161289992343754, 46.016036965939044], [-61.16121219481029, 46.01604561441462], [-61.16113905983079, 46.01603675994708], [-61.16113499379187, 46.016036271483], [-61.16111514396118, 46.01602947166022], [-61.16108262306457, 46.01601832767205], [-61.16104445509365, 46.01600061243841], [-61.16103603577124, 46.01599466261636], [-61.16100532410931, 46.01597298116608], [-61.160976344439995, 46.01591036641191], [-61.16096795310285, 46.01589227539076], [-61.16096835373508, 46.01580227706159], [-61.160994095694505, 46.01576578944651], [-61.16103343970265, 46.01574842176313], [-61.16112285719662, 46.015739960431134], [-61.16122650714502, 46.01573082803816], [-61.16126466594608, 46.01571764442366], [-61.161278792680456, 46.01571275950108], [-61.161289487413, 46.015705407216245], [-61.16131711723084, 46.01568639283634], [-61.16134287211677, 46.015649896349814], [-61.161342964499966, 46.01564282346081], [-61.16134396651504, 46.01557791913794], [-61.161356780047264, 46.015542114431014], [-61.16135682986921, 46.01553671494588], [-61.16135727826558, 46.015488119579615], [-61.16137009146848, 46.015452323865894], [-61.16139680900959, 46.01542575238431], [-61.161461595906474, 46.015380892505064], [-61.161590871198726, 46.01530016831106], [-61.16167697763831, 46.01523295214735], [-61.161682374802474, 46.015228745759224], [-61.16168329988811, 46.01522733856818], [-61.161694621508126, 46.01521003280182], [-61.16169521784661, 46.015192041439654], [-61.16168479814002, 46.015163819296134], [-61.16168217819391, 46.01515672976663], [-61.16166986316588, 46.01513853066064], [-61.161666439736244, 46.01513151820744], [-61.16165655518392, 46.015111315097776], [-61.16166815218045, 46.01508648036387], [-61.16166906962974, 46.01508452402086], [-61.161673959417016, 46.01507808635106], [-61.16168257762475, 46.01506673140642], [-61.161721924915476, 46.01504846348958], [-61.16191619546701, 46.01499487704113], [-61.161941322965, 46.014977289329615], [-61.16194133179256, 46.014972735229335], [-61.16194152246574, 46.01493229014472], [-61.16193132783463, 46.01490390063446], [-61.161928512524085, 46.01489607892857], [-61.16187802999751, 46.01486016489728], [-61.161800037127065, 46.01479680679789], [-61.16170752820921, 46.01475360117157], [-61.16168427375323, 46.01474274145316], [-61.161556294096776, 46.014706480376816], [-61.16145227941714, 46.01468770571339], [-61.16141381401768, 46.01467898629182], [-61.16138514047626, 46.01465857980275], [-61.161362070721324, 46.01464215169398], [-61.16135134975156, 46.014587175244095], [-61.1613499260572, 46.01457985294392], [-61.16135052249437, 46.01456186158323], [-61.16135924413083, 46.014548555222476], [-61.16136278176967, 46.01454315786226], [-61.16141431548226, 46.01450798525133], [-61.16146659949565, 46.01448992560202], [-61.161570532324916, 46.01447179696995], [-61.161724832018486, 46.014454469635545], [-61.16180292508855, 46.01443683408665], [-61.16181643257876, 46.01441905044714], [-61.161828350800974, 46.01441024171647], [-61.161802927591864, 46.01431982789053], [-61.16178765168606, 46.01430093312285], [-61.161752048995396, 46.014256905987665], [-61.16171391181427, 46.01423829141922], [-61.16170041284852, 46.014235941110634], [-61.161662535522694, 46.01422936434767], [-61.16163668339066, 46.0142298484286], [-61.161610264729795, 46.01424742429982], [-61.16154508273811, 46.014265276472614], [-61.16129968115715, 46.01426402755756], [-61.161145650602364, 46.01427324921676], [-61.161054944366754, 46.014281689823164], [-61.1609903587136, 46.014281550317776], [-61.160951893671346, 46.01427283074539], [-61.16094618638492, 46.01426885967186], [-61.160925376798616, 46.01425440295731], [-61.160849073208006, 46.014218072832236], [-61.16074612525296, 46.014128210900516], [-61.16064261080706, 46.01405544066712], [-61.16048851288684, 46.01402775838537], [-61.16044844077993, 46.014018814757755], [-61.16041029222289, 46.014010298108495], [-61.160372454044136, 46.013982687424324], [-61.16036787202054, 46.01397789739528], [-61.160346235878926, 46.0139552638296], [-61.16034642283394, 46.013914575667066], [-61.160346436644566, 46.01391026465922], [-61.160348686982026, 46.01389694418008], [-61.16037375612377, 46.01374869589152], [-61.16036064984238, 46.01367648101359], [-61.160361843320146, 46.013640498306444], [-61.16037376159754, 46.01363168972735], [-61.160399881680966, 46.0136231188145], [-61.160438943194585, 46.01361383821546], [-61.160529350071634, 46.013614393759966], [-61.16056781458955, 46.01362311346773], [-61.16063210114224, 46.013632248878686], [-61.16074833008045, 46.01363321996052], [-61.16083846853712, 46.01364187137198], [-61.16090401643442, 46.013651926982135], [-61.160968601352586, 46.013652066525324], [-61.16104574370108, 46.01362450666054], [-61.1610853456721, 46.01359814262614], [-61.16108651021418, 46.01359613626144], [-61.161111410854346, 46.01355265069393], [-61.1611235285226, 46.013498860841466], [-61.16108230075006, 46.01344023418003], [-61.161072949980735, 46.013426933973875], [-61.16106683783853, 46.013420760272055], [-61.16104670189279, 46.01340041010418], [-61.16102207271217, 46.013364020756946], [-61.16098414606192, 46.01333090055393], [-61.16097059991841, 46.01331907189221], [-61.16093744713636, 46.013295866040664], [-61.16081532781439, 46.01321037581343], [-61.16072610189719, 46.01317383757979], [-61.16071099352235, 46.013167051008686], [-61.160686644883405, 46.013156101464894], [-61.1606091496481, 46.01315575391423], [-61.160584320609786, 46.01316435466112], [-61.16051923732451, 46.01321820976594], [-61.16051691027376, 46.01322060243004], [-61.16049249063119, 46.013245680629524], [-61.16045345952058, 46.013254052687984], [-61.160375964154774, 46.013253704977124], [-61.160337798292375, 46.0132359895312], [-61.1603125732045, 46.01321758239705], [-61.16030519598805, 46.013207491075384], [-61.160286623958314, 46.013182062681516], [-61.160286540608034, 46.01314952459803], [-61.16028652637394, 46.013146059183356], [-61.160288185838326, 46.01314159466399], [-61.160313473886546, 46.0130735891921], [-61.16032589117231, 46.01301078576107], [-61.160364824489974, 46.012966410243635], [-61.160429907619395, 46.01291255522235], [-61.16050760311493, 46.01286790370897], [-61.16054605450054, 46.01283298887698], [-61.16054755877, 46.01283164502233], [-61.16057378151573, 46.01274206238161], [-61.16057216189846, 46.012737536065124], [-61.16056077294155, 46.01270585101762], [-61.16054845880466, 46.01268765179701], [-61.16052580976226, 46.01267220233857], [-61.1605093005258, 46.01266091994626], [-61.160472568602515, 46.012641265524984], [-61.16045726134123, 46.012633080642566], [-61.16041909587299, 46.01261536522802], [-61.160403156787304, 46.01260948328927], [-61.16039358559108, 46.01260595400025], [-61.160290226844694, 46.012606089842], [-61.16025179291139, 46.01259647048277], [-61.160241358296496, 46.01256016552125], [-61.16023905282143, 46.01255217197046], [-61.16020012576865, 46.01247953227414], [-61.160175467999125, 46.01244403332537], [-61.160169798790676, 46.01244008982626], [-61.1601489522456, 46.012425605368485], [-61.160100557709065, 46.0124086251714], [-61.1600978762972, 46.01240768194203], [-61.160059442535704, 46.01239806252034], [-61.159956097096064, 46.01239819827351], [-61.15982573644906, 46.012433900753884], [-61.15978799689282, 46.01244229338752], [-61.15972311494682, 46.012451148873566], [-61.159696582407825, 46.01243362058939], [-61.15968562725851, 46.012421581493626], [-61.15967164345144, 46.01240621743663], [-61.15965425304603, 46.012381789021845], [-61.159645724831016, 46.01236979801508], [-61.15964327518934, 46.01236109109155], [-61.1596330151211, 46.01232459987405], [-61.15962308332142, 46.01229768145665], [-61.15961997770494, 46.01228927898296], [-61.159633089693024, 46.01224448777544], [-61.15963444823491, 46.012098035794644], [-61.15963458898705, 46.01208250322762], [-61.15963307558153, 46.01207711456167], [-61.159621879643325, 46.01203729608863], [-61.159599947491465, 46.01200648516634], [-61.15959596122085, 46.01200087665663], [-61.15957897032702, 46.01198271000015], [-61.15951985005196, 46.011919546307816], [-61.159454787457115, 46.01185639486215], [-61.159411292767814, 46.01180700155831], [-61.1593913016635, 46.01178426829722], [-61.15933614228553, 46.01173021380394], [-61.15926244245918, 46.01165798561474], [-61.15922184318899, 46.011607765838555], [-61.15921156912868, 46.011595062632544], [-61.15919060120977, 46.0115803600301], [-61.15914718831185, 46.011549922960576], [-61.1591229766653, 46.011521253333264], [-61.159108658465165, 46.0115042997316], [-61.15908980308803, 46.01148783105193], [-61.159057188331175, 46.01145936803144], [-61.159032233172546, 46.01143286452137], [-61.159032409680364, 46.01139251819385], [-61.15903243507645, 46.01138863939427], [-61.15903243493176, 46.01138786535029]]}, "properties": {"OBJECTID": 279213, "FEAT_CODE": "WARV50", "FEAT_DESC": "River - Single Line", "RIVNAME_1": "Skye River", "RIVNAME_2": " ", "ZVALUE": 9999, "FID": null, "SHAPE_Length": 1382.5577921740785}}, {"type": "Feature", "id": 287583, "geometry": {"type": "LineString", "coordinates": [[-61.160800765380145, 45.99245319685349], [-61.160810873373684, 45.99251407702005], [-61.16081260727575, 45.992524491522104], [-61.16081251217097, 45.99253905281774], [-61.16081170987442, 45.99266848524876], [-61.160799798756926, 45.992702549446115], [-61.160798872221804, 45.99270518068074], [-61.16077266030929, 45.99279476382028], [-61.160758673258165, 45.9928665337339], [-61.160757359322915, 45.99286955475404], [-61.16071951197963, 45.992956817444494], [-61.160706801932214, 45.99302862590935], [-61.160667934852206, 45.99317704863091], [-61.16066688763922, 45.993180982995405], [-61.160614904060196, 45.99330708927621], [-61.16056257799493, 45.99340611648384], [-61.16052377064528, 45.99348647825658], [-61.1604066291407, 45.993630418409005], [-61.160276619945904, 45.99377413323364], [-61.1601983554015, 45.99383676755046], [-61.160081438813066, 45.99393569943931], [-61.15997775660296, 45.994024934791696], [-61.15991605148398, 45.9940959810674], [-61.15989988699073, 45.99411458578968], [-61.159782969577265, 45.99421350835594], [-61.159778345908045, 45.994217034085786], [-61.159666379854066, 45.99430253552038], [-61.15958748715401, 45.99438406936473], [-61.15952310664968, 45.994455936376696], [-61.15939271415219, 45.994571751430804], [-61.159302911909265, 45.99467110133367], [-61.15926180921852, 45.99473337066441], [-61.15923764853894, 45.994769955482155], [-61.1591197592084, 45.994975967745255], [-61.1590786428727, 45.995038245788145], [-61.15905449513966, 45.995074821773756], [-61.15901534294034, 45.99516508701819], [-61.15898854268362, 45.995272670252376], [-61.15898812711343, 45.99536266862853], [-61.15899148930031, 45.995369536190566], [-61.159001429339966, 45.995389884500845], [-61.159013142504705, 45.99542607527287], [-61.15910374382321, 45.99549773911795], [-61.15921983077176, 45.99557971407307], [-61.159283499551975, 45.99560684135182], [-61.15948999446553, 45.9956884724891], [-61.15992763668708, 45.995887232660074], [-61.15995315219432, 45.99589664410914], [-61.16000421305943, 45.995914567420215], [-61.16003142038658, 45.99592865035977], [-61.16005626641255, 45.9959415071982], [-61.16009439063349, 45.99596012217925], [-61.16011037736735, 45.995971045232416], [-61.160133537170154, 45.995986854066274], [-61.16016579437767, 45.99601728221079], [-61.16017235570633, 45.99602348121443], [-61.16019760292732, 45.99604098874361], [-61.160236038378024, 45.99605060818278], [-61.16026043055401, 45.996061576562326], [-61.160275470340444, 45.996068344110874], [-61.1603259350855, 45.996104258690046], [-61.16036472771838, 45.99614089435531], [-61.16042818384718, 45.99620408259466], [-61.16045476172048, 45.99623053999327], [-61.160530938613945, 45.99634787302185], [-61.160595699567935, 45.99642001967573], [-61.160620619138776, 45.99644742239076], [-61.16063661902295, 45.99645834558086], [-61.160659766271046, 45.996474154104284], [-61.160702936102226, 45.99652835710394], [-61.16071059811688, 45.99653797598684], [-61.16072456451465, 45.9965545367459], [-61.16080130166201, 45.996645642134204], [-61.160838532270816, 45.99669124399357], [-61.16090359212288, 45.99675439477473], [-61.16094288469217, 45.99677635846306], [-61.160968255699224, 45.99679053762491], [-61.16105777075014, 45.996817179890044], [-61.16106537995269, 45.99682254966029], [-61.16109688824739, 45.99684482002561], [-61.161133788248314, 45.99689729285114], [-61.161147452965366, 45.9969167288632], [-61.16115573242047, 45.99692837376624], [-61.16117336567724, 45.996953147944105], [-61.161203678712724, 45.99697875623011], [-61.16123744646053, 45.997007282269315], [-61.161269168694396, 45.99703869154144], [-61.16130119060234, 45.99707041164458], [-61.16133100501041, 45.99709782097281], [-61.16134005336848, 45.99710613904925], [-61.16135930018452, 45.99711963453168], [-61.16140441961095, 45.99715127736885], [-61.16144337784557, 45.99718529617831], [-61.16145587876381, 45.997196207947596], [-61.16145743946356, 45.99720055330485], [-61.16146888460227, 45.9972324192574], [-61.16148139307257, 45.997322625585994], [-61.1614924267183, 45.99737081182788], [-61.16149380292197, 45.997376828309335], [-61.161518455145895, 45.997412326974676], [-61.16154616112193, 45.99743205188831], [-61.16157018283275, 45.997449161367484], [-61.1616483508987, 45.99746752012372], [-61.16170000973316, 45.9974674512841], [-61.16175067581815, 45.997458365944304], [-61.16177647742586, 45.99745878108201], [-61.1618002358242, 45.99746668776126], [-61.161802036677905, 45.99746729276794], [-61.16185114118888, 45.99749209615697], [-61.16189223116316, 45.99751284636371], [-61.161996031913056, 45.99757571973706], [-61.1620338599793, 45.99760332980292], [-61.16207493719773, 45.99762407973821], [-61.16212404197092, 45.997648883013206], [-61.162253372889744, 45.99772116734075], [-61.16234059430241, 45.99777111900546], [-61.16239405266552, 45.99780173450995], [-61.16243726345224, 45.99782475075514], [-61.162496844773294, 45.99785649074811], [-61.162514366811045, 45.99786436898134], [-61.162536291655336, 45.99787422612818], [-61.16261287207882, 45.99790155919108], [-61.16265258708177, 45.9979111983901], [-61.16278113762334, 45.997929466548364], [-61.16283755252723, 45.997937493122436], [-61.16284539356643, 45.997938600262394], [-61.16287544242331, 45.99795116212254], [-61.16291035759104, 45.99796574633152], [-61.16293557678051, 45.99798415284762], [-61.16294271742645, 45.99799393420422], [-61.16296152033836, 45.99801968996154], [-61.16296160372283, 45.99805228212266], [-61.162961620531625, 45.99805567558246], [-61.16297363458499, 45.998082870265016], [-61.16298031107583, 45.99809223913332], [-61.163011890670504, 45.99813658834342], [-61.16301159259419, 45.99814559305383], [-61.162999377300196, 45.99818806803014], [-61.16299845752606, 45.998191275421185], [-61.16299844852202, 45.99819466846586], [-61.162998557144576, 45.99822727903283], [-61.163011693917625, 45.9982985852237], [-61.16302370774683, 45.99832578889678], [-61.16303957237788, 45.99834238888811], [-61.16304992010742, 45.99835321185738], [-61.163087481235074, 45.99838891772975], [-61.16308918654933, 45.99839241034111], [-61.163100785868856, 45.9984161421478], [-61.163112051273686, 45.99845620449596], [-61.16311349558038, 45.99846134000238], [-61.16311504472673, 45.99846564914817], [-61.16312650277747, 45.99849755113652], [-61.16316496042165, 45.99852451390786], [-61.16319087208347, 45.99854268848514], [-61.16322902892341, 45.998560402883086], [-61.16324151789052, 45.998571305261166], [-61.163280490850774, 45.998605332671175]]}, "properties": {"OBJECTID": 287583, "FEAT_CODE": "WARV55", "FEAT_DESC": "River - Single Line Indefinite", "RIVNAME_1": " ", "RIVNAME_2": " ", "ZVALUE": 9999, "FID": null, "SHAPE_Length": 882.1001435586244}}, {"type": "Feature", "id": 287627, "geometry": {"type": "LineString", "coordinates": [[-61.140658123096465, 45.9991124565024], [-61.140671030584855, 45.99911266656369], [-61.14072238927926, 45.99912160283436], [-61.14091615152648, 45.999158057799335], [-61.141083432447346, 45.999176980609064], [-61.141289538762514, 45.99923163679511], [-61.14167680256529, 45.999313540732174], [-61.14194776620479, 45.9993593500913], [-61.142075985541, 45.999386636679304], [-61.14219257098571, 45.99941463399556], [-61.14229560353728, 45.99942350976316], [-61.14238598696379, 45.99942407031831], [-61.14256738524594, 45.99940632742211], [-61.1426448607815, 45.99940668691948], [-61.14271696878195, 45.99938992115311], [-61.1427607016063, 45.99937976847397], [-61.14282667870956, 45.999363280995404], [-61.14290265849296, 45.99934427392009], [-61.14291252220022, 45.99934204911827], [-61.142980748932835, 45.99932664217614], [-61.143148193821865, 45.99930056210256], [-61.14330409028998, 45.99927340305781], [-61.14344643474886, 45.99926490663896], [-61.14356950437518, 45.99924115601177], [-61.14362711353882, 45.99923004040903], [-61.14366814159207, 45.999222363575285], [-61.14376876861094, 45.99920354037877], [-61.14395046697547, 45.99917679065638], [-61.144052767393944, 45.99916855198657], [-61.14413470332687, 45.999151764966236], [-61.14427252906672, 45.999123519013125], [-61.144441289357985, 45.99909745840932], [-61.144621997100195, 45.999061691025105], [-61.1448417149385, 45.999017556294824], [-61.144958556892426, 45.99899965238028], [-61.14512572508006, 45.99898256541886], [-61.145267767620055, 45.99898307133316], [-61.14542271796199, 45.99898377759942], [-61.14552603773613, 45.998983663611256], [-61.14564226530815, 45.99898375003343], [-61.14571913915957, 45.99900209868813], [-61.145758851825896, 45.99901174372622], [-61.14586127026084, 45.999038607318376], [-61.14589999278909, 45.99903923573422], [-61.146054972775175, 45.999039059573924], [-61.14610630259232, 45.999048884003294], [-61.14617157283771, 45.999067044063985], [-61.146325427118086, 45.99913884430262], [-61.146454710261445, 45.9992120458024], [-61.14654461123917, 45.9992657072118], [-61.146711746170695, 45.99936563293775], [-61.1468400832575, 45.99942890909673], [-61.14691732188741, 45.999474264369496], [-61.14717407314936, 45.99963683734082], [-61.14734193047308, 45.999753874806984], [-61.14743180346057, 45.999808426107265], [-61.14750875570435, 45.999862776835165], [-61.14758573361402, 45.999917136927216], [-61.14766269936731, 45.999971478768636], [-61.14770529448563, 46.00001087151889], [-61.14774038522767, 46.000042942187434], [-61.147752692141616, 46.00006115171656], [-61.147880808649454, 46.0001694256313], [-61.14807406434887, 46.000376869761496], [-61.148188643611384, 46.000503833946176], [-61.14827923876853, 46.00057550622967], [-61.148394929501634, 46.000630484204834], [-61.14847249705443, 46.000666843243074], [-61.148536466604455, 46.00068497186483], [-61.14855859799705, 46.000692080886616], [-61.148678303217075, 46.00073049070208], [-61.14877177102581, 46.00077415457757], [-61.14879402528787, 46.000784550727396], [-61.148948470536574, 46.00083926502717], [-61.149064792637255, 46.00087535149704], [-61.14920693083033, 46.00091185605907], [-61.14927120064743, 46.000920997631624], [-61.149348091347356, 46.00093934410616], [-61.14940013110536, 46.00096628850131], [-61.1494905169917, 46.00096685246975], [-61.14952957093662, 46.00095758446996], [-61.149582186526544, 46.00094286578952], [-61.14959345001402, 46.00093971802962], [-61.14965861954869, 46.00092188145372], [-61.1496751445699, 46.00091431864864], [-61.149696652906755, 46.00090448741646], [-61.149735406816475, 46.00090421498805], [-61.14982579261338, 46.00090477868972], [-61.15004630902079, 46.00091464989056]]}, "properties": {"OBJECTID": 287627, "FEAT_CODE": "WARV55", "FEAT_DESC": "River - Single Line Indefinite", "RIVNAME_1": " ", "RIVNAME_2": " ", "ZVALUE": 9999, "FID": null, "SHAPE_Length": 825.1415611445566}}, {"type": "Feature", "id": 308536, "geometry": {"type": "LineString", "coordinates": [[-61.15396985888216, 46.00305002800434], [-61.15393173198158, 46.00303141095872], [-61.15392620286897, 46.0030275684114], [-61.15390522274957, 46.00301298162285], [-61.15386796389783, 46.00296827713992], [-61.15384958475344, 46.002935686372055], [-61.153842365568984, 46.002922861016174], [-61.153816237974205, 46.00281533290136], [-61.15377770550327, 46.00276970775707], [-61.15370159820585, 46.00268927350117], [-61.15366248014197, 46.00266163984917], [-61.15366277948263, 46.00265264418889], [-61.15361111592293, 46.00265270932073], [-61.15344345281968, 46.00260679722133], [-61.15330190586404, 46.00255231551184], [-61.15318656911105, 46.00252524080028], [-61.152992461198124, 46.00249780160952], [-61.15288915142309, 46.00249703147349], [-61.15264378532733, 46.00249667352021], [-61.15259242173794, 46.002487733542594], [-61.15251484888922, 46.00245137723368]]}, "properties": {"OBJECTID": 308536, "FEAT_CODE": "WARVSP50", "FEAT_DESC": "River Split - Single Line", "RIVNAME_1": " ", "RIVNAME_2": " ", "ZVALUE": 9999, "FID": null, "SHAPE_Length": 145.28587919612}}, {"type": "Feature", "id": 308798, "geometry": {"type": "LineString", "coordinates": [[-61.15251484888922, 46.00245137723368], [-61.15243826744073, 46.00242403740218], [-61.15232223967764, 46.00237894964503], [-61.152257887659495, 46.00233381547169], [-61.15220551982113, 46.002315867580094], [-61.15210312209551, 46.002288109987624], [-61.152063675566275, 46.00227037102077], [-61.152000302501456, 46.00223424403332], [-61.15197409390737, 46.002206818609814], [-61.15196109323442, 46.0021706063251], [-61.151922545686524, 46.00212588035398], [-61.15188501936564, 46.00208927133787], [-61.151820668339184, 46.00204412793086], [-61.15176830091904, 46.00202617984425], [-61.151627448933, 46.00198969929077], [-61.15154956483928, 46.00196233778546], [-61.1514849145498, 46.00192618984527], [-61.15145996720751, 46.00189968475839], [-61.151383502726965, 46.001791341614286], [-61.15135729464463, 46.00176391605502], [-61.15134468616865, 46.00175471154142], [-61.151267506833904, 46.00174536224469], [-61.15117708964421, 46.00174569922782], [-61.151099310560944, 46.00175435011157], [-61.15106028657157, 46.001762710081785], [-61.15103384072015, 46.001781183147465], [-61.15093480405602, 46.001858019697785], [-61.150930428936, 46.001861414081446], [-61.1508785580503, 46.001906477117274], [-61.15081317926693, 46.00196932249755], [-61.150808474846436, 46.00197329657909], [-61.15074939096475, 46.00202319308431], [-61.15067131191433, 46.00204083031997]]}, "properties": {"OBJECTID": 308798, "FEAT_CODE": "WARVSP50", "FEAT_DESC": "River Split - Single Line", "RIVNAME_1": " ", "RIVNAME_2": " ", "ZVALUE": 19.3, "FID": null, "SHAPE_Length": 190.44368250522135}}, {"type": "Feature", "id": 308799, "geometry": {"type": "LineString", "coordinates": [[-61.15251484888922, 46.00245137723368], [-61.152326750288395, 46.00249171783068], [-61.152308018463025, 46.00249573513435], [-61.152269293383256, 46.00249510885351], [-61.15211490237956, 46.00247731098943], [-61.15201190519418, 46.00246754461708], [-61.151895564868624, 46.00243146086959], [-61.15179188917, 46.002403682326126], [-61.15167595388899, 46.00239460640203], [-61.15159908618516, 46.002376261874396], [-61.151470229766446, 46.00236697669552], [-61.15145732144242, 46.00236676784252], [-61.151405566458116, 46.00233081950202], [-61.15130295494816, 46.00223196279311], [-61.1512509301353, 46.002204119464814], [-61.15119986649447, 46.0021861922151], [-61.1511226736809, 46.002176842603596], [-61.15104448566787, 46.00215937638516], [-61.15077431305469, 46.00216670440496]]}, "properties": {"OBJECTID": 308799, "FEAT_CODE": "WARVSP50", "FEAT_DESC": "River Split - Single Line", "RIVNAME_1": " ", "RIVNAME_2": " ", "ZVALUE": 9999, "FID": null, "SHAPE_Length": 146.85149220595616}}, {"type": "Feature", "id": 308810, "geometry": {"type": "LineString", "coordinates": [[-61.15457389177516, 46.003528712096575], [-61.1545667098417, 46.00353456341964], [-61.15450883136925, 46.003581664171236], [-61.15441820584924, 46.00362700284039], [-61.15440532302801, 46.00362679473304], [-61.15440290628716, 46.00362839378348], [-61.15439208933978, 46.00363558145254], [-61.154373730036035, 46.00363887607217], [-61.154341402971255, 46.003644681198615], [-61.15430656861363, 46.00364471249503], [-61.15428975198602, 46.00364472884063], [-61.154250034452936, 46.00363508670331], [-61.15417285196135, 46.00362573932558], [-61.15399204127495, 46.003625518161286], [-61.15395388404682, 46.003607800684804], [-61.15390936311328, 46.003589197326036], [-61.15388891804197, 46.00358064951404], [-61.15385553124067, 46.003570947524956], [-61.153760999213056, 46.0035434805366], [-61.153676555440406, 46.00352180180983], [-61.153618851158356, 46.0035069815101], [-61.153515728455076, 46.00346211253296], [-61.15345076284081, 46.00343496111819], [-61.15338678875567, 46.00341682618893], [-61.15319396848463, 46.00338940815996], [-61.15307736884818, 46.00336142188034], [-61.15285890840541, 46.00328948635914], [-61.152793344347955, 46.00328032588776], [-61.152716162324644, 46.00327098653208], [-61.152638681414984, 46.003270624787426]]}, "properties": {"OBJECTID": 308810, "FEAT_CODE": "WARVSP50", "FEAT_DESC": "River Split - Single Line", "RIVNAME_1": " ", "RIVNAME_2": " ", "ZVALUE": 19.9, "FID": null, "SHAPE_Length": 163.4488447558803}}]}