{
  "type": "FeatureCollection",
  "features": [
    {
      "type": "Feature",
      "id": "F19-JUD-004",
      "geometry": {
        "type": "Point",
        "coordinates": [
          -61.476598261391864,
          45.91713322204572
        ]
      },
      "properties": {
        "annotation_id": "F19-JUD-004",
        "sheet": 19,
        "source_text": "School",
        "kind": "school",
        "reading_status": "clear",
        "placement_status": "map-derived-approximate",
        "geographic_role": "reviewed-source-mark",
        "geometry_meaning": "Approximate historical mark location; not a surveyed site, current condition, ownership or access.",
        "fit_revision": "a6619d96ba8fa8279ea6a8027654a92b15942b9d",
        "fit_sha256": "fabbe2df06d4283c3ddbd3f9c259be5d966eb6391fdf6785711d5167891f0ca5",
        "source_sha256": "8a6588e2029c433ac85e190c9e10d1b4cda7dbba555f7824cfe6c5960163d724",
        "source_dimensions_px": [
          10815,
          7549
        ],
        "source_geometry_native": {
          "type": "Point",
          "coordinates": [
            4022,
            1338
          ]
        },
        "source_crop": {
          "native_xywh": [
            3742,
            1127,
            660,
            450
          ],
          "display_size": [
            660,
            450
          ],
          "rotation_degrees": 0
        },
        "source_context_url": "https://www.davidrumsey.com/luna/servlet/iiif/RUMSEY~8~1~2644~290012/3742,1127,660,450/660,450/0/default.jpg",
        "source_url": "https://www.davidrumsey.com/luna/servlet/iiif/m/RUMSEY~8~1~2644~290012/manifest",
        "credit": "David Rumsey Map Collection, David Rumsey Map Center, Stanford University Libraries",
        "imagery_licence_url": "https://creativecommons.org/licenses/by-nc-sa/3.0/",
        "source_note": "The single compact black building mark immediately above-left of School, below the road.",
        "placement_note": "The northern coastal road, elongated inlet and two eastern tributary sequence match the modern corridor. Sh. Mill group spans the inland road/stream crossing; School 007 is beside the next southeastern road/stream crossing. Shop 011 remains near the southern road junction, with visible local stream/road offset. Exact building sites are not resolved. Shop 009/P.O.010 share three printed marks and cannot be assigned individually.",
        "source_excerpt": "excerpts/F19-JUD-004.jpg",
        "evidence_url": "https://github.com/dfakkeldy/ns-marks-the-spot/blob/nightly/reports/fletcher/feature-geography/sheet-19-features.geojson",
        "evidence_sha256": "5bae00b1a80a1b5de63336465cc36ef510763bc4f9b9957d2ba56ba0559221cf"
      }
    },
    {
      "type": "Feature",
      "id": "F19-JUD-005",
      "geometry": {
        "type": "Point",
        "coordinates": [
          -61.47836972196032,
          45.90941281484245
        ]
      },
      "properties": {
        "annotation_id": "F19-JUD-005",
        "sheet": 19,
        "source_text": "Forge",
        "kind": "forge",
        "reading_status": "clear",
        "placement_status": "map-derived-approximate",
        "geographic_role": "reviewed-source-mark",
        "geometry_meaning": "Approximate historical mark location; not a surveyed site, current condition, ownership or access.",
        "fit_revision": "a6619d96ba8fa8279ea6a8027654a92b15942b9d",
        "fit_sha256": "fabbe2df06d4283c3ddbd3f9c259be5d966eb6391fdf6785711d5167891f0ca5",
        "source_sha256": "8a6588e2029c433ac85e190c9e10d1b4cda7dbba555f7824cfe6c5960163d724",
        "source_dimensions_px": [
          10815,
          7549
        ],
        "source_geometry_native": {
          "type": "Point",
          "coordinates": [
            3986,
            1567
          ]
        },
        "source_crop": {
          "native_xywh": [
            3707,
            1331,
            660,
            450
          ],
          "display_size": [
            660,
            450
          ],
          "rotation_degrees": 0
        },
        "source_context_url": "https://www.davidrumsey.com/luna/servlet/iiif/RUMSEY~8~1~2644~290012/3707,1331,660,450/660,450/0/default.jpg",
        "source_url": "https://www.davidrumsey.com/luna/servlet/iiif/m/RUMSEY~8~1~2644~290012/manifest",
        "credit": "David Rumsey Map Collection, David Rumsey Map Center, Stanford University Libraries",
        "imagery_licence_url": "https://creativecommons.org/licenses/by-nc-sa/3.0/",
        "source_note": "The isolated building mark directly left of Forge, south of the stream; other buildings lie north of that stream.",
        "placement_note": "The northern coastal road, elongated inlet and two eastern tributary sequence match the modern corridor. Sh. Mill group spans the inland road/stream crossing; School 007 is beside the next southeastern road/stream crossing. Shop 011 remains near the southern road junction, with visible local stream/road offset. Exact building sites are not resolved. Shop 009/P.O.010 share three printed marks and cannot be assigned individually.",
        "source_excerpt": "excerpts/F19-JUD-005.jpg",
        "evidence_url": "https://github.com/dfakkeldy/ns-marks-the-spot/blob/nightly/reports/fletcher/feature-geography/sheet-19-features.geojson",
        "evidence_sha256": "5bae00b1a80a1b5de63336465cc36ef510763bc4f9b9957d2ba56ba0559221cf"
      }
    },
    {
      "type": "Feature",
      "id": "F19-JUD-006",
      "geometry": {
        "type": "Polygon",
        "coordinates": [
          [
            [
              -61.46413581865607,
              45.911526931598026
            ],
            [
              -61.46413975546009,
              45.91119546514743
            ],
            [
              -61.464143736116824,
              45.910863944698804
            ],
            [
              -61.46414775055254,
              45.91053238238894
            ],
            [
              -61.4641517891922,
              45.910200789853675
            ],
            [
              -61.46415584293667,
              45.909869178245316
            ],
            [
              -61.464159903140384,
              45.9095375582508
            ],
            [
              -61.46416396159013,
              45.909205940108585
            ],
            [
              -61.46416801048424,
              45.90887433362517
            ],
            [
              -61.46417204241249,
              45.90854274819104
            ],
            [
              -61.4637422355864,
              45.90855353950599
            ],
            [
              -61.46331286909838,
              45.90856371819455
            ],
            [
              -61.46288392754601,
              45.908573294635495
            ],
            [
              -61.46245539530282,
              45.90858227940451
            ],
            [
              -61.46202725655004,
              45.90859068324494
            ],
            [
              -61.461599495305876,
              45.90859851704132
            ],
            [
              -61.46117209545352,
              45.90860579179354
            ],
            [
              -61.46074504076676,
              45.908612518594076
            ],
            [
              -61.4603183149333,
              45.908618708606696
            ],
            [
              -61.45989190157683,
              45.90862437304652
            ],
            [
              -61.45946578427722,
              45.908629523162666
            ],
            [
              -61.459464629259095,
              45.908959777398735
            ],
            [
              -61.45946349537005,
              45.90929000573557
            ],
            [
              -61.45946238879869,
              45.9096201992349
            ],
            [
              -61.45946131596968,
              45.90995034867851
            ],
            [
              -61.45946028354814,
              45.910280444566084
            ],
            [
              -61.45945929844356,
              45.910610477113956
            ],
            [
              -61.45945836781354,
              45.910940436254904
            ],
            [
              -61.45945749906523,
              45.9112703116392
            ],
            [
              -61.459456699856304,
              45.911600092636924
            ],
            [
              -61.45988022256724,
              45.911596241300025
            ],
            [
              -61.460304059011094,
              45.911591870670634
            ],
            [
              -61.460728227868536,
              45.91158696741495
            ],
            [
              -61.46115274793841,
              45.91158151807064
            ],
            [
              -61.46157763812496,
              45.91157550905911
            ],
            [
              -61.46200291742082,
              45.91156892670118
            ],
            [
              -61.46242860488797,
              45.91156175723588
            ],
            [
              -61.4628547196333,
              45.91155398684297
            ],
            [
              -61.463281280780514,
              45.91154560166967
            ],
            [
              -61.46370830743714,
              45.91153658786143
            ],
            [
              -61.46413581865607,
              45.911526931598026
            ]
          ]
        ]
      },
      "properties": {
        "annotation_id": "F19-JUD-006",
        "sheet": 19,
        "source_text": "Sh. Mill",
        "kind": "mill",
        "reading_status": "clear",
        "placement_status": "map-derived-approximate",
        "geographic_role": "reviewed-source-group",
        "geometry_meaning": "Approximate source-symbol group; individual feature unresolved. Outline is not a property, footprint or error bound.",
        "fit_revision": "a6619d96ba8fa8279ea6a8027654a92b15942b9d",
        "fit_sha256": "fabbe2df06d4283c3ddbd3f9c259be5d966eb6391fdf6785711d5167891f0ca5",
        "source_sha256": "8a6588e2029c433ac85e190c9e10d1b4cda7dbba555f7824cfe6c5960163d724",
        "source_dimensions_px": [
          10815,
          7549
        ],
        "source_geometry_native": {
          "type": "Polygon",
          "coordinates": [
            [
              [
                4310.0,
                1525.0
              ],
              [
                4320.0,
                1525.0
              ],
              [
                4330.0,
                1525.0
              ],
              [
                4340.0,
                1525.0
              ],
              [
                4350.0,
                1525.0
              ],
              [
                4360.0,
                1525.0
              ],
              [
                4370.0,
                1525.0
              ],
              [
                4380.0,
                1525.0
              ],
              [
                4390.0,
                1525.0
              ],
              [
                4400.0,
                1525.0
              ],
              [
                4410.0,
                1525.0
              ],
              [
                4420.0,
                1525.0
              ],
              [
                4420.0,
                1535.0
              ],
              [
                4420.0,
                1545.0
              ],
              [
                4420.0,
                1555.0
              ],
              [
                4420.0,
                1565.0
              ],
              [
                4420.0,
                1575.0
              ],
              [
                4420.0,
                1585.0
              ],
              [
                4420.0,
                1595.0
              ],
              [
                4420.0,
                1605.0
              ],
              [
                4420.0,
                1615.0
              ],
              [
                4410.0,
                1615.0
              ],
              [
                4400.0,
                1615.0
              ],
              [
                4390.0,
                1615.0
              ],
              [
                4380.0,
                1615.0
              ],
              [
                4370.0,
                1615.0
              ],
              [
                4360.0,
                1615.0
              ],
              [
                4350.0,
                1615.0
              ],
              [
                4340.0,
                1615.0
              ],
              [
                4330.0,
                1615.0
              ],
              [
                4320.0,
                1615.0
              ],
              [
                4310.0,
                1615.0
              ],
              [
                4310.0,
                1605.0
              ],
              [
                4310.0,
                1595.0
              ],
              [
                4310.0,
                1585.0
              ],
              [
                4310.0,
                1575.0
              ],
              [
                4310.0,
                1565.0
              ],
              [
                4310.0,
                1555.0
              ],
              [
                4310.0,
                1545.0
              ],
              [
                4310.0,
                1535.0
              ],
              [
                4310.0,
                1525.0
              ]
            ]
          ]
        },
        "source_crop": {
          "native_xywh": [
            3955,
            1325,
            660,
            450
          ],
          "display_size": [
            660,
            450
          ],
          "rotation_degrees": 0
        },
        "source_context_url": "https://www.davidrumsey.com/luna/servlet/iiif/RUMSEY~8~1~2644~290012/3955,1325,660,450/660,450/0/default.jpg",
        "source_url": "https://www.davidrumsey.com/luna/servlet/iiif/m/RUMSEY~8~1~2644~290012/manifest",
        "credit": "David Rumsey Map Collection, David Rumsey Map Center, Stanford University Libraries",
        "imagery_licence_url": "https://creativecommons.org/licenses/by-nc-sa/3.0/",
        "source_note": "Sh. Mill lettering lies west of the road/stream crossing. Two printed marks southwest of the road and two on the eastern stream bank form the immediate candidate group. Lettering does not uniquely select one mill building. Retain the group; its rectangle is neither a site footprint nor positional uncertainty.",
        "placement_note": "The northern coastal road, elongated inlet and two eastern tributary sequence match the modern corridor. Sh. Mill group spans the inland road/stream crossing; School 007 is beside the next southeastern road/stream crossing. Shop 011 remains near the southern road junction, with visible local stream/road offset. Exact building sites are not resolved. Shop 009/P.O.010 share three printed marks and cannot be assigned individually.",
        "source_excerpt": "excerpts/F19-JUD-006.jpg",
        "evidence_url": "https://github.com/dfakkeldy/ns-marks-the-spot/blob/nightly/reports/fletcher/feature-geography/sheet-19-features.geojson",
        "evidence_sha256": "5bae00b1a80a1b5de63336465cc36ef510763bc4f9b9957d2ba56ba0559221cf"
      }
    },
    {
      "type": "Feature",
      "id": "F19-JUD-007",
      "geometry": {
        "type": "Point",
        "coordinates": [
          -61.44681986983314,
          45.90212723398293
        ]
      },
      "properties": {
        "annotation_id": "F19-JUD-007",
        "sheet": 19,
        "source_text": "School",
        "kind": "school",
        "reading_status": "clear",
        "placement_status": "map-derived-approximate",
        "geographic_role": "reviewed-source-mark",
        "geometry_meaning": "Approximate historical mark location; not a surveyed site, current condition, ownership or access.",
        "fit_revision": "a6619d96ba8fa8279ea6a8027654a92b15942b9d",
        "fit_sha256": "fabbe2df06d4283c3ddbd3f9c259be5d966eb6391fdf6785711d5167891f0ca5",
        "source_sha256": "8a6588e2029c433ac85e190c9e10d1b4cda7dbba555f7824cfe6c5960163d724",
        "source_dimensions_px": [
          10815,
          7549
        ],
        "source_geometry_native": {
          "type": "Point",
          "coordinates": [
            4715,
            1813
          ]
        },
        "source_crop": {
          "native_xywh": [
            4342,
            1588,
            660,
            450
          ],
          "display_size": [
            660,
            450
          ],
          "rotation_degrees": 0
        },
        "source_context_url": "https://www.davidrumsey.com/luna/servlet/iiif/RUMSEY~8~1~2644~290012/4342,1588,660,450/660,450/0/default.jpg",
        "source_url": "https://www.davidrumsey.com/luna/servlet/iiif/m/RUMSEY~8~1~2644~290012/manifest",
        "credit": "David Rumsey Map Collection, David Rumsey Map Center, Stanford University Libraries",
        "imagery_licence_url": "https://creativecommons.org/licenses/by-nc-sa/3.0/",
        "source_note": "The isolated compact building mark immediately right of School lies west of the double-line road and east of the south-running watercourse, just south of the crossing. The upstream western stream bend and the southward road junction distinguish this mark from houses farther northeast.",
        "placement_note": "The northern coastal road, elongated inlet and two eastern tributary sequence match the modern corridor. Sh. Mill group spans the inland road/stream crossing; School 007 is beside the next southeastern road/stream crossing. Shop 011 remains near the southern road junction, with visible local stream/road offset. Exact building sites are not resolved. Shop 009/P.O.010 share three printed marks and cannot be assigned individually.",
        "source_excerpt": "excerpts/F19-JUD-007.jpg",
        "evidence_url": "https://github.com/dfakkeldy/ns-marks-the-spot/blob/nightly/reports/fletcher/feature-geography/sheet-19-features.geojson",
        "evidence_sha256": "5bae00b1a80a1b5de63336465cc36ef510763bc4f9b9957d2ba56ba0559221cf"
      }
    },
    {
      "type": "Feature",
      "id": "F19-JUD-008",
      "geometry": {
        "type": "Point",
        "coordinates": [
          -61.483630260036776,
          45.89959201626559
        ]
      },
      "properties": {
        "annotation_id": "F19-JUD-008",
        "sheet": 19,
        "source_text": "Stage\nStables",
        "kind": "stables",
        "reading_status": "clear",
        "placement_status": "map-derived-approximate",
        "geographic_role": "reviewed-source-mark",
        "geometry_meaning": "Approximate historical mark location; not a surveyed site, current condition, ownership or access.",
        "fit_revision": "a6619d96ba8fa8279ea6a8027654a92b15942b9d",
        "fit_sha256": "fabbe2df06d4283c3ddbd3f9c259be5d966eb6391fdf6785711d5167891f0ca5",
        "source_sha256": "8a6588e2029c433ac85e190c9e10d1b4cda7dbba555f7824cfe6c5960163d724",
        "source_dimensions_px": [
          10815,
          7549
        ],
        "source_geometry_native": {
          "type": "Point",
          "coordinates": [
            3873,
            1854
          ]
        },
        "source_crop": {
          "native_xywh": [
            3491,
            1627,
            660,
            450
          ],
          "display_size": [
            660,
            450
          ],
          "rotation_degrees": 0
        },
        "source_context_url": "https://www.davidrumsey.com/luna/servlet/iiif/RUMSEY~8~1~2644~290012/3491,1627,660,450/660,450/0/default.jpg",
        "source_url": "https://www.davidrumsey.com/luna/servlet/iiif/m/RUMSEY~8~1~2644~290012/manifest",
        "credit": "David Rumsey Map Collection, David Rumsey Map Center, Stanford University Libraries",
        "imagery_licence_url": "https://creativecommons.org/licenses/by-nc-sa/3.0/",
        "source_note": "The isolated building mark immediately right of Stage Stables, west of the main road. This is a symbol association, not a footprint.",
        "placement_note": "The northern coastal road, elongated inlet and two eastern tributary sequence match the modern corridor. Sh. Mill group spans the inland road/stream crossing; School 007 is beside the next southeastern road/stream crossing. Shop 011 remains near the southern road junction, with visible local stream/road offset. Exact building sites are not resolved. Shop 009/P.O.010 share three printed marks and cannot be assigned individually.",
        "source_excerpt": "excerpts/F19-JUD-008.jpg",
        "evidence_url": "https://github.com/dfakkeldy/ns-marks-the-spot/blob/nightly/reports/fletcher/feature-geography/sheet-19-features.geojson",
        "evidence_sha256": "5bae00b1a80a1b5de63336465cc36ef510763bc4f9b9957d2ba56ba0559221cf"
      }
    },
    {
      "type": "Feature",
      "id": "F19-JUD-009",
      "geometry": {
        "type": "Polygon",
        "coordinates": [
          [
            [
              -61.483046158495284,
              45.89915064711234
            ],
            [
              -61.48304844459854,
              45.8988784507672
            ],
            [
              -61.48305061645198,
              45.89860641349613
            ],
            [
              -61.48305267424752,
              45.89833453422467
            ],
            [
              -61.48305461826791,
              45.898062811773215
            ],
            [
              -61.4830564488839,
              45.89779124486066
            ],
            [
              -61.48260479199047,
              45.89782418133084
            ],
            [
              -61.482153516188966,
              45.8978567144271
            ],
            [
              -61.48170262607383,
              45.897888835826556
            ],
            [
              -61.48170057033474,
              45.89816095422706
            ],
            [
              -61.48169839925868,
              45.89843322771385
            ],
            [
              -61.48169611254449,
              45.89870565740176
            ],
            [
              -61.48169370997852,
              45.89897824430306
            ],
            [
              -61.481691191437086,
              45.89925098932342
            ],
            [
              -61.48214244276202,
              45.8992179703721
            ],
            [
              -61.48259410013343,
              45.89918452005135
            ],
            [
              -61.483046158495284,
              45.89915064711234
            ]
          ]
        ]
      },
      "properties": {
        "annotation_id": "F19-JUD-009",
        "sheet": 19,
        "source_text": "Shop",
        "kind": "shop",
        "reading_status": "clear",
        "placement_status": "map-derived-approximate",
        "geographic_role": "reviewed-source-group",
        "geometry_meaning": "Approximate source-symbol group; individual feature unresolved. Outline is not a property, footprint or error bound.",
        "fit_revision": "a6619d96ba8fa8279ea6a8027654a92b15942b9d",
        "fit_sha256": "fabbe2df06d4283c3ddbd3f9c259be5d966eb6391fdf6785711d5167891f0ca5",
        "source_sha256": "8a6588e2029c433ac85e190c9e10d1b4cda7dbba555f7824cfe6c5960163d724",
        "source_dimensions_px": [
          10815,
          7549
        ],
        "source_geometry_native": {
          "type": "Polygon",
          "coordinates": [
            [
              [
                3886.0,
                1869.0
              ],
              [
                3896.0,
                1869.0
              ],
              [
                3906.0,
                1869.0
              ],
              [
                3916.0,
                1869.0
              ],
              [
                3916.0,
                1877.4
              ],
              [
                3916.0,
                1885.8
              ],
              [
                3916.0,
                1894.2
              ],
              [
                3916.0,
                1902.6
              ],
              [
                3916.0,
                1911.0
              ],
              [
                3906.0,
                1911.0
              ],
              [
                3896.0,
                1911.0
              ],
              [
                3886.0,
                1911.0
              ],
              [
                3886.0,
                1902.6
              ],
              [
                3886.0,
                1894.2
              ],
              [
                3886.0,
                1885.8
              ],
              [
                3886.0,
                1877.4
              ],
              [
                3886.0,
                1869.0
              ]
            ]
          ]
        },
        "source_crop": {
          "native_xywh": [
            3609,
            1632,
            660,
            450
          ],
          "display_size": [
            660,
            450
          ],
          "rotation_degrees": 0
        },
        "source_context_url": "https://www.davidrumsey.com/luna/servlet/iiif/RUMSEY~8~1~2644~290012/3609,1632,660,450/660,450/0/default.jpg",
        "source_url": "https://www.davidrumsey.com/luna/servlet/iiif/m/RUMSEY~8~1~2644~290012/manifest",
        "credit": "David Rumsey Map Collection, David Rumsey Map Center, Stanford University Libraries",
        "imagery_licence_url": "https://creativecommons.org/licenses/by-nc-sa/3.0/",
        "source_note": "Shop and P.O. sit beside a row of three compact marks east of the coastal road, southeast of Stage Stables and north of the brook. The source supports the shared service cluster but does not unambiguously assign each service to one of those three marks. Both annotations deliberately share this group.",
        "placement_note": "The northern coastal road, elongated inlet and two eastern tributary sequence match the modern corridor. Sh. Mill group spans the inland road/stream crossing; School 007 is beside the next southeastern road/stream crossing. Shop 011 remains near the southern road junction, with visible local stream/road offset. Exact building sites are not resolved. Shop 009/P.O.010 share three printed marks and cannot be assigned individually.",
        "source_excerpt": "excerpts/F19-JUD-009.jpg",
        "evidence_url": "https://github.com/dfakkeldy/ns-marks-the-spot/blob/nightly/reports/fletcher/feature-geography/sheet-19-features.geojson",
        "evidence_sha256": "5bae00b1a80a1b5de63336465cc36ef510763bc4f9b9957d2ba56ba0559221cf"
      }
    },
    {
      "type": "Feature",
      "id": "F19-JUD-010",
      "geometry": {
        "type": "Polygon",
        "coordinates": [
          [
            [
              -61.483046158495284,
              45.89915064711234
            ],
            [
              -61.48304844459854,
              45.8988784507672
            ],
            [
              -61.48305061645198,
              45.89860641349613
            ],
            [
              -61.48305267424752,
              45.89833453422467
            ],
            [
              -61.48305461826791,
              45.898062811773215
            ],
            [
              -61.4830564488839,
              45.89779124486066
            ],
            [
              -61.48260479199047,
              45.89782418133084
            ],
            [
              -61.482153516188966,
              45.8978567144271
            ],
            [
              -61.48170262607383,
              45.897888835826556
            ],
            [
              -61.48170057033474,
              45.89816095422706
            ],
            [
              -61.48169839925868,
              45.89843322771385
            ],
            [
              -61.48169611254449,
              45.89870565740176
            ],
            [
              -61.48169370997852,
              45.89897824430306
            ],
            [
              -61.481691191437086,
              45.89925098932342
            ],
            [
              -61.48214244276202,
              45.8992179703721
            ],
            [
              -61.48259410013343,
              45.89918452005135
            ],
            [
              -61.483046158495284,
              45.89915064711234
            ]
          ]
        ]
      },
      "properties": {
        "annotation_id": "F19-JUD-010",
        "sheet": 19,
        "source_text": "P.O.",
        "kind": "post-office",
        "reading_status": "clear",
        "placement_status": "map-derived-approximate",
        "geographic_role": "reviewed-source-group",
        "geometry_meaning": "Approximate source-symbol group; individual feature unresolved. Outline is not a property, footprint or error bound.",
        "fit_revision": "a6619d96ba8fa8279ea6a8027654a92b15942b9d",
        "fit_sha256": "fabbe2df06d4283c3ddbd3f9c259be5d966eb6391fdf6785711d5167891f0ca5",
        "source_sha256": "8a6588e2029c433ac85e190c9e10d1b4cda7dbba555f7824cfe6c5960163d724",
        "source_dimensions_px": [
          10815,
          7549
        ],
        "source_geometry_native": {
          "type": "Polygon",
          "coordinates": [
            [
              [
                3886.0,
                1869.0
              ],
              [
                3896.0,
                1869.0
              ],
              [
                3906.0,
                1869.0
              ],
              [
                3916.0,
                1869.0
              ],
              [
                3916.0,
                1877.4
              ],
              [
                3916.0,
                1885.8
              ],
              [
                3916.0,
                1894.2
              ],
              [
                3916.0,
                1902.6
              ],
              [
                3916.0,
                1911.0
              ],
              [
                3906.0,
                1911.0
              ],
              [
                3896.0,
                1911.0
              ],
              [
                3886.0,
                1911.0
              ],
              [
                3886.0,
                1902.6
              ],
              [
                3886.0,
                1894.2
              ],
              [
                3886.0,
                1885.8
              ],
              [
                3886.0,
                1877.4
              ],
              [
                3886.0,
                1869.0
              ]
            ]
          ]
        },
        "source_crop": {
          "native_xywh": [
            3605,
            1661,
            660,
            450
          ],
          "display_size": [
            660,
            450
          ],
          "rotation_degrees": 0
        },
        "source_context_url": "https://www.davidrumsey.com/luna/servlet/iiif/RUMSEY~8~1~2644~290012/3605,1661,660,450/660,450/0/default.jpg",
        "source_url": "https://www.davidrumsey.com/luna/servlet/iiif/m/RUMSEY~8~1~2644~290012/manifest",
        "credit": "David Rumsey Map Collection, David Rumsey Map Center, Stanford University Libraries",
        "imagery_licence_url": "https://creativecommons.org/licenses/by-nc-sa/3.0/",
        "source_note": "Shop and P.O. sit beside a row of three compact marks east of the coastal road, southeast of Stage Stables and north of the brook. The source supports the shared service cluster but does not unambiguously assign each service to one of those three marks. Both annotations deliberately share this group.",
        "placement_note": "The northern coastal road, elongated inlet and two eastern tributary sequence match the modern corridor. Sh. Mill group spans the inland road/stream crossing; School 007 is beside the next southeastern road/stream crossing. Shop 011 remains near the southern road junction, with visible local stream/road offset. Exact building sites are not resolved. Shop 009/P.O.010 share three printed marks and cannot be assigned individually.",
        "source_excerpt": "excerpts/F19-JUD-010.jpg",
        "evidence_url": "https://github.com/dfakkeldy/ns-marks-the-spot/blob/nightly/reports/fletcher/feature-geography/sheet-19-features.geojson",
        "evidence_sha256": "5bae00b1a80a1b5de63336465cc36ef510763bc4f9b9957d2ba56ba0559221cf"
      }
    },
    {
      "type": "Feature",
      "id": "F19-JUD-011",
      "geometry": {
        "type": "Point",
        "coordinates": [
          -61.463391774116516,
          45.89807120772254
        ]
      },
      "properties": {
        "annotation_id": "F19-JUD-011",
        "sheet": 19,
        "source_text": "Shop",
        "kind": "shop",
        "reading_status": "clear",
        "placement_status": "map-derived-approximate",
        "geographic_role": "reviewed-source-mark",
        "geometry_meaning": "Approximate historical mark location; not a surveyed site, current condition, ownership or access.",
        "fit_revision": "a6619d96ba8fa8279ea6a8027654a92b15942b9d",
        "fit_sha256": "fabbe2df06d4283c3ddbd3f9c259be5d966eb6391fdf6785711d5167891f0ca5",
        "source_sha256": "8a6588e2029c433ac85e190c9e10d1b4cda7dbba555f7824cfe6c5960163d724",
        "source_dimensions_px": [
          10815,
          7549
        ],
        "source_geometry_native": {
          "type": "Point",
          "coordinates": [
            4330,
            1933
          ]
        },
        "source_crop": {
          "native_xywh": [
            3999,
            1731,
            660,
            450
          ],
          "display_size": [
            660,
            450
          ],
          "rotation_degrees": 0
        },
        "source_context_url": "https://www.davidrumsey.com/luna/servlet/iiif/RUMSEY~8~1~2644~290012/3999,1731,660,450/660,450/0/default.jpg",
        "source_url": "https://www.davidrumsey.com/luna/servlet/iiif/m/RUMSEY~8~1~2644~290012/manifest",
        "credit": "David Rumsey Map Collection, David Rumsey Map Center, Stanford University Libraries",
        "imagery_licence_url": "https://creativecommons.org/licenses/by-nc-sa/3.0/",
        "source_note": "Single building mark immediately above Shop, on the south side of the east-west road just west of its stream crossing. Distinct from the four marks north of the junction.",
        "placement_note": "The northern coastal road, elongated inlet and two eastern tributary sequence match the modern corridor. Sh. Mill group spans the inland road/stream crossing; School 007 is beside the next southeastern road/stream crossing. Shop 011 remains near the southern road junction, with visible local stream/road offset. Exact building sites are not resolved. Shop 009/P.O.010 share three printed marks and cannot be assigned individually.",
        "source_excerpt": "excerpts/F19-JUD-011.jpg",
        "evidence_url": "https://github.com/dfakkeldy/ns-marks-the-spot/blob/nightly/reports/fletcher/feature-geography/sheet-19-features.geojson",
        "evidence_sha256": "5bae00b1a80a1b5de63336465cc36ef510763bc4f9b9957d2ba56ba0559221cf"
      }
    },
    {
      "type": "Feature",
      "id": "F19-JUD-013",
      "geometry": {
        "type": "Point",
        "coordinates": [
          -61.48896166342427,
          45.88720711858138
        ]
      },
      "properties": {
        "annotation_id": "F19-JUD-013",
        "sheet": 19,
        "source_text": "Forge",
        "kind": "forge",
        "reading_status": "clear",
        "placement_status": "map-derived-approximate",
        "geographic_role": "reviewed-source-mark",
        "geometry_meaning": "Approximate historical mark location; not a surveyed site, current condition, ownership or access.",
        "fit_revision": "a6619d96ba8fa8279ea6a8027654a92b15942b9d",
        "fit_sha256": "fabbe2df06d4283c3ddbd3f9c259be5d966eb6391fdf6785711d5167891f0ca5",
        "source_sha256": "8a6588e2029c433ac85e190c9e10d1b4cda7dbba555f7824cfe6c5960163d724",
        "source_dimensions_px": [
          10815,
          7549
        ],
        "source_geometry_native": {
          "type": "Point",
          "coordinates": [
            3755,
            2230
          ]
        },
        "source_crop": {
          "native_xywh": [
            3360,
            2003,
            660,
            450
          ],
          "display_size": [
            660,
            450
          ],
          "rotation_degrees": 0
        },
        "source_context_url": "https://www.davidrumsey.com/luna/servlet/iiif/RUMSEY~8~1~2644~290012/3360,2003,660,450/660,450/0/default.jpg",
        "source_url": "https://www.davidrumsey.com/luna/servlet/iiif/m/RUMSEY~8~1~2644~290012/manifest",
        "credit": "David Rumsey Map Collection, David Rumsey Map Center, Stanford University Libraries",
        "imagery_licence_url": "https://creativecommons.org/licenses/by-nc-sa/3.0/",
        "source_note": "The compact rectangular mark immediately east of the coastal road and opposite Forge is the closest aligned mark; the two marks farther south and the eastern house column are separate. The coast and southern cross-road provide broader context.",
        "placement_note": "The coastal road, southern inlet, small northern brook and Rory Chisholm brook sequence constrain the district. Forge 013 remains east of the coastal road, though nearby cross-road placement differs. Mill 021 remains a source group beside the eastern brook/crossing; no individual mill building is selected. Church 015 uses the explicit corrected modern coordinate east of Highway 19, not either TPS prediction.",
        "source_excerpt": "excerpts/F19-JUD-013.jpg",
        "evidence_url": "https://github.com/dfakkeldy/ns-marks-the-spot/blob/nightly/reports/fletcher/feature-geography/sheet-19-features.geojson",
        "evidence_sha256": "5bae00b1a80a1b5de63336465cc36ef510763bc4f9b9957d2ba56ba0559221cf"
      }
    },
    {
      "type": "Feature",
      "id": "F19-JUD-015",
      "geometry": {
        "type": "Point",
        "coordinates": [
          -61.4906198,
          45.8787475
        ]
      },
      "properties": {
        "annotation_id": "F19-JUD-015",
        "sheet": 19,
        "source_text": "R.C. Church",
        "kind": "church",
        "reading_status": "clear",
        "placement_status": "locally-reviewed-approximate",
        "geographic_role": "reviewed-source-mark",
        "geometry_meaning": "Approximate historical mark location; not a surveyed site, current condition, ownership or access.",
        "fit_revision": "a6619d96ba8fa8279ea6a8027654a92b15942b9d",
        "fit_sha256": "fabbe2df06d4283c3ddbd3f9c259be5d966eb6391fdf6785711d5167891f0ca5",
        "source_sha256": "8a6588e2029c433ac85e190c9e10d1b4cda7dbba555f7824cfe6c5960163d724",
        "source_dimensions_px": [
          10815,
          7549
        ],
        "source_geometry_native": {
          "type": "Point",
          "coordinates": [
            3701,
            2537
          ]
        },
        "source_crop": {
          "native_xywh": [
            3445,
            2269,
            660,
            450
          ],
          "display_size": [
            660,
            450
          ],
          "rotation_degrees": 0
        },
        "source_context_url": "https://www.davidrumsey.com/luna/servlet/iiif/RUMSEY~8~1~2644~290012/3445,2269,660,450/660,450/0/default.jpg",
        "source_url": "https://www.davidrumsey.com/luna/servlet/iiif/m/RUMSEY~8~1~2644~290012/manifest",
        "credit": "David Rumsey Map Collection, David Rumsey Map Center, Stanford University Libraries",
        "imagery_licence_url": "https://creativecommons.org/licenses/by-nc-sa/3.0/",
        "source_note": "Distinct cross-like church symbol below the R.C. Church lettering beside the stream and coastal road.",
        "placement_note": "The coastal road, southern inlet, small northern brook and Rory Chisholm brook sequence constrain the district. Forge 013 remains east of the coastal road, though nearby cross-road placement differs. Mill 021 remains a source group beside the eastern brook/crossing; no individual mill building is selected. Church 015 uses the explicit corrected modern coordinate east of Highway 19, not either TPS prediction.",
        "source_excerpt": "excerpts/F19-JUD-015.jpg",
        "evidence_url": "https://github.com/dfakkeldy/ns-marks-the-spot/blob/nightly/reports/fletcher/feature-geography/sheet-19-features.geojson",
        "evidence_sha256": "5bae00b1a80a1b5de63336465cc36ef510763bc4f9b9957d2ba56ba0559221cf",
        "placement_correction": {
          "reviewed_at": "2026-09-06",
          "status": "locally-reviewed-approximate",
          "reason": "User identifies the church as east of Highway 19; the frozen map-derived point is on the wrong side. Use the mapped modern church as an approximate preview location, supported by the recorded historical site-continuity account.",
          "geometry": {
            "type": "Point",
            "coordinates": [
              -61.4906198,
              45.8787475
            ]
          },
          "modern_reference": {
            "provider": "OpenStreetMap",
            "type": "node",
            "id": 1325630467,
            "version": 2,
            "timestamp": "2019-10-24T20:40:42Z",
            "name": "St Andrew's Catholic Parish Church",
            "geometry_lonlat": [
              -61.4906198,
              45.8787475
            ],
            "url": "https://www.openstreetmap.org/node/1325630467",
            "version_url": "https://www.openstreetmap.org/api/0.6/node/1325630467/2.json",
            "retrieved_at": "2026-09-06",
            "raw_response_sha256": "94013cf5584f56708bed956ec1185f8c90133d2053e214e76c139d0bf8ada865",
            "attribution": "© OpenStreetMap contributors",
            "license": "ODbL 1.0",
            "rights_url": "https://www.openstreetmap.org/copyright"
          },
          "highway_side_check": {
            "provider": "Province of Nova Scotia NSTDB",
            "layer": "highways",
            "object_id": 156236,
            "route_number": 19,
            "segment_lonlat": [
              [
                -61.49115754203206,
                45.87871005089895
              ],
              [
                -61.49115806672944,
                45.87888106978337
              ]
            ],
            "side": "east",
            "meaning": "Longitude comparison at the church latitude against the recorded Route 19 segment; does not establish a surveyed setback."
          },
          "historical_footprint_status": "unresolved"
        }
      }
    },
    {
      "type": "Feature",
      "id": "F19-JUD-017",
      "geometry": {
        "type": "Polygon",
        "coordinates": [
          [
            [
              -61.46312108812689,
              45.88091555068164
            ],
            [
              -61.46311625236466,
              45.880642643672935
            ],
            [
              -61.46311138809204,
              45.880369726078655
            ],
            [
              -61.46310650109942,
              45.88009679112788
            ],
            [
              -61.46310159748249,
              45.87982383181882
            ],
            [
              -61.46274871013338,
              45.87983240487239
            ],
            [
              -61.46239593874276,
              45.879840787289446
            ],
            [
              -61.462043283863366,
              45.87984897722808
            ],
            [
              -61.46169074605503,
              45.8798569728078
            ],
            [
              -61.46169617643452,
              45.88012971579296
            ],
            [
              -61.46170157533704,
              45.880402445676374
            ],
            [
              -61.4617069367721,
              45.88067516953458
            ],
            [
              -61.46171225510294,
              45.880947894173254
            ],
            [
              -61.46206427986922,
              45.88094011556777
            ],
            [
              -61.46241642703241,
              45.88093213102829
            ],
            [
              -61.46276869649197,
              45.88092394219262
            ],
            [
              -61.46312108812689,
              45.88091555068164
            ]
          ]
        ]
      },
      "properties": {
        "annotation_id": "F19-JUD-017",
        "sheet": 19,
        "source_text": "Barytes",
        "kind": "mineral-annotation",
        "reading_status": "clear",
        "placement_status": "map-derived-approximate",
        "geographic_role": "reviewed-source-group",
        "geometry_meaning": "Approximate source-symbol group; individual feature unresolved. Outline is not a property, footprint or error bound.",
        "fit_revision": "a6619d96ba8fa8279ea6a8027654a92b15942b9d",
        "fit_sha256": "fabbe2df06d4283c3ddbd3f9c259be5d966eb6391fdf6785711d5167891f0ca5",
        "source_sha256": "8a6588e2029c433ac85e190c9e10d1b4cda7dbba555f7824cfe6c5960163d724",
        "source_dimensions_px": [
          10815,
          7549
        ],
        "source_geometry_native": {
          "type": "Polygon",
          "coordinates": [
            [
              [
                4333.0,
                2463.0
              ],
              [
                4341.0,
                2463.0
              ],
              [
                4349.0,
                2463.0
              ],
              [
                4357.0,
                2463.0
              ],
              [
                4365.0,
                2463.0
              ],
              [
                4365.0,
                2471.5
              ],
              [
                4365.0,
                2480.0
              ],
              [
                4365.0,
                2488.5
              ],
              [
                4365.0,
                2497.0
              ],
              [
                4357.0,
                2497.0
              ],
              [
                4349.0,
                2497.0
              ],
              [
                4341.0,
                2497.0
              ],
              [
                4333.0,
                2497.0
              ],
              [
                4333.0,
                2488.5
              ],
              [
                4333.0,
                2480.0
              ],
              [
                4333.0,
                2471.5
              ],
              [
                4333.0,
                2463.0
              ]
            ]
          ]
        },
        "source_crop": {
          "native_xywh": [
            4002,
            2281,
            660,
            450
          ],
          "display_size": [
            660,
            450
          ],
          "rotation_degrees": 0
        },
        "source_context_url": "https://www.davidrumsey.com/luna/servlet/iiif/RUMSEY~8~1~2644~290012/4002,2281,660,450/660,450/0/default.jpg",
        "source_url": "https://www.davidrumsey.com/luna/servlet/iiif/m/RUMSEY~8~1~2644~290012/manifest",
        "credit": "David Rumsey Map Collection, David Rumsey Map Center, Stanford University Libraries",
        "imagery_licence_url": "https://creativecommons.org/licenses/by-nc-sa/3.0/",
        "source_note": "Two dark rounded source marks immediately above Barytes sit south of the road at the stream bend. Retain their group, without selecting an exact mineral opening or claiming a current deposit.",
        "placement_note": "The two Barytes marks remain south of the road/tributary junction, between the western approach and southeastern drainage. Modern roads and streams differ locally, including the small bend beside the group. This supports an approximate source group, not a current mineral opening or proven deposit.",
        "source_excerpt": "excerpts/F19-JUD-017.jpg",
        "evidence_url": "https://github.com/dfakkeldy/ns-marks-the-spot/blob/nightly/reports/fletcher/feature-geography/sheet-19-features.geojson",
        "evidence_sha256": "5bae00b1a80a1b5de63336465cc36ef510763bc4f9b9957d2ba56ba0559221cf"
      }
    },
    {
      "type": "Feature",
      "id": "F19-JUD-018",
      "geometry": {
        "type": "Point",
        "coordinates": [
          -61.49080108401613,
          45.87517787225128
        ]
      },
      "properties": {
        "annotation_id": "F19-JUD-018",
        "sheet": 19,
        "source_text": "Shop",
        "kind": "shop",
        "reading_status": "clear",
        "placement_status": "map-derived-approximate",
        "geographic_role": "reviewed-source-mark",
        "geometry_meaning": "Approximate historical mark location; not a surveyed site, current condition, ownership or access.",
        "fit_revision": "a6619d96ba8fa8279ea6a8027654a92b15942b9d",
        "fit_sha256": "fabbe2df06d4283c3ddbd3f9c259be5d966eb6391fdf6785711d5167891f0ca5",
        "source_sha256": "8a6588e2029c433ac85e190c9e10d1b4cda7dbba555f7824cfe6c5960163d724",
        "source_dimensions_px": [
          10815,
          7549
        ],
        "source_geometry_native": {
          "type": "Point",
          "coordinates": [
            3712,
            2608
          ]
        },
        "source_crop": {
          "native_xywh": [
            3324,
            2369,
            660,
            450
          ],
          "display_size": [
            660,
            450
          ],
          "rotation_degrees": 0
        },
        "source_context_url": "https://www.davidrumsey.com/luna/servlet/iiif/RUMSEY~8~1~2644~290012/3324,2369,660,450/660,450/0/default.jpg",
        "source_url": "https://www.davidrumsey.com/luna/servlet/iiif/m/RUMSEY~8~1~2644~290012/manifest",
        "credit": "David Rumsey Map Collection, David Rumsey Map Center, Stanford University Libraries",
        "imagery_licence_url": "https://creativecommons.org/licenses/by-nc-sa/3.0/",
        "source_note": "Isolated mark east of coastal road, opposite Shop and south of east-west cross-road.",
        "placement_note": "The two coastal brooks, inlet and cross-road constrain the shop district south of the church. The printed mark is east of the historical road, but this fit predicts just west of Highway 19: road-side agreement is unresolved. Retain the source projection as approximate; do not snap it across the highway or claim a present shop site.",
        "source_excerpt": "excerpts/F19-JUD-018.jpg",
        "evidence_url": "https://github.com/dfakkeldy/ns-marks-the-spot/blob/nightly/reports/fletcher/feature-geography/sheet-19-features.geojson",
        "evidence_sha256": "5bae00b1a80a1b5de63336465cc36ef510763bc4f9b9957d2ba56ba0559221cf"
      }
    },
    {
      "type": "Feature",
      "id": "F19-JUD-019",
      "geometry": {
        "type": "Polygon",
        "coordinates": [
          [
            [
              -61.47385184077171,
              45.875844384523056
            ],
            [
              -61.47385075681023,
              45.87552154303551
            ],
            [
              -61.4738498534907,
              45.875198485713895
            ],
            [
              -61.47384914098286,
              45.8748752025647
            ],
            [
              -61.47384862948798,
              45.87455168361977
            ],
            [
              -61.473848329223664,
              45.87422791894982
            ],
            [
              -61.473848250408444,
              45.873903898678535
            ],
            [
              -61.473848403244936,
              45.87357961299652
            ],
            [
              -61.47340163983059,
              45.87359527110134
            ],
            [
              -61.4729549347656,
              45.87361080812584
            ],
            [
              -61.4725082869656,
              45.873626224225376
            ],
            [
              -61.47206169541585,
              45.87364151949945
            ],
            [
              -61.47161515917412,
              45.873656693988586
            ],
            [
              -61.47116867737425,
              45.87367174767178
            ],
            [
              -61.47116908930841,
              45.87399643877551
            ],
            [
              -61.47116974195747,
              45.87432085352137
            ],
            [
              -61.471170623692714,
              45.874645002846435
            ],
            [
              -61.47117172288899,
              45.87496889775336
            ],
            [
              -61.4711730279468,
              45.87529254929127
            ],
            [
              -61.47117452731316,
              45.87561596853779
            ],
            [
              -61.47117620950114,
              45.87593916658127
            ],
            [
              -61.471621894302224,
              45.875923789660845
            ],
            [
              -61.4720676802871,
              45.875908243429755
            ],
            [
              -61.47251356763851,
              45.8758925288915
            ],
            [
              -61.47295955661076,
              45.8758766469851
            ],
            [
              -61.47340564752616,
              45.87586059858862
            ],
            [
              -61.47385184077171,
              45.875844384523056
            ]
          ]
        ]
      },
      "properties": {
        "annotation_id": "F19-JUD-019",
        "sheet": 19,
        "source_text": "School",
        "kind": "school",
        "reading_status": "clear",
        "placement_status": "map-derived-approximate",
        "geographic_role": "reviewed-source-group",
        "geometry_meaning": "Approximate source-symbol group; individual feature unresolved. Outline is not a property, footprint or error bound.",
        "fit_revision": "a6619d96ba8fa8279ea6a8027654a92b15942b9d",
        "fit_sha256": "fabbe2df06d4283c3ddbd3f9c259be5d966eb6391fdf6785711d5167891f0ca5",
        "source_sha256": "8a6588e2029c433ac85e190c9e10d1b4cda7dbba555f7824cfe6c5960163d724",
        "source_dimensions_px": [
          10815,
          7549
        ],
        "source_geometry_native": {
          "type": "Polygon",
          "coordinates": [
            [
              [
                4090.0,
                2610.0
              ],
              [
                4100.0,
                2610.0
              ],
              [
                4110.0,
                2610.0
              ],
              [
                4120.0,
                2610.0
              ],
              [
                4130.0,
                2610.0
              ],
              [
                4140.0,
                2610.0
              ],
              [
                4150.0,
                2610.0
              ],
              [
                4150.0,
                2620.0
              ],
              [
                4150.0,
                2630.0
              ],
              [
                4150.0,
                2640.0
              ],
              [
                4150.0,
                2650.0
              ],
              [
                4150.0,
                2660.0
              ],
              [
                4150.0,
                2670.0
              ],
              [
                4150.0,
                2680.0
              ],
              [
                4140.0,
                2680.0
              ],
              [
                4130.0,
                2680.0
              ],
              [
                4120.0,
                2680.0
              ],
              [
                4110.0,
                2680.0
              ],
              [
                4100.0,
                2680.0
              ],
              [
                4090.0,
                2680.0
              ],
              [
                4090.0,
                2670.0
              ],
              [
                4090.0,
                2660.0
              ],
              [
                4090.0,
                2650.0
              ],
              [
                4090.0,
                2640.0
              ],
              [
                4090.0,
                2630.0
              ],
              [
                4090.0,
                2620.0
              ],
              [
                4090.0,
                2610.0
              ]
            ]
          ]
        },
        "source_crop": {
          "native_xywh": [
            3852,
            2402,
            660,
            450
          ],
          "display_size": [
            660,
            450
          ],
          "rotation_degrees": 0
        },
        "source_context_url": "https://www.davidrumsey.com/luna/servlet/iiif/RUMSEY~8~1~2644~290012/3852,2402,660,450/660,450/0/default.jpg",
        "source_url": "https://www.davidrumsey.com/luna/servlet/iiif/m/RUMSEY~8~1~2644~290012/manifest",
        "credit": "David Rumsey Map Collection, David Rumsey Map Center, Stanford University Libraries",
        "imagery_licence_url": "https://creativecommons.org/licenses/by-nc-sa/3.0/",
        "source_note": "School beside four compact marks straddling the road; individual mark not yet resolved.",
        "placement_note": "The school group remains beside the inland road above Rory Chisholm Brook. Road approach and southern drainage identify the broad corridor. Four source marks straddle the road, and the lettering does not uniquely choose one. Current stream and road positions differ locally; no school building is selected.",
        "source_excerpt": "excerpts/F19-JUD-019.jpg",
        "evidence_url": "https://github.com/dfakkeldy/ns-marks-the-spot/blob/nightly/reports/fletcher/feature-geography/sheet-19-features.geojson",
        "evidence_sha256": "5bae00b1a80a1b5de63336465cc36ef510763bc4f9b9957d2ba56ba0559221cf"
      }
    },
    {
      "type": "Feature",
      "id": "F19-JUD-021",
      "geometry": {
        "type": "Polygon",
        "coordinates": [
          [
            [
              -61.45863847096889,
              45.870465073251715
            ],
            [
              -61.45863697174302,
              45.87018064691189
            ],
            [
              -61.45863591944321,
              45.86989576221791
            ],
            [
              -61.458635329277726,
              45.86961040700147
            ],
            [
              -61.45826080200419,
              45.8696218761103
            ],
            [
              -61.4578862243258,
              45.86963334731061
            ],
            [
              -61.45751159624519,
              45.86964482065462
            ],
            [
              -61.45751282632232,
              45.86992985597397
            ],
            [
              -61.457514544749515,
              45.87021439564917
            ],
            [
              -61.457516734478716,
              45.870498453325915
            ],
            [
              -61.457890677697414,
              45.87048734653623
            ],
            [
              -61.45826459000372,
              45.87047621966895
            ],
            [
              -61.45863847096889,
              45.870465073251715
            ]
          ]
        ]
      },
      "properties": {
        "annotation_id": "F19-JUD-021",
        "sheet": 19,
        "source_text": "Mill",
        "kind": "mill",
        "reading_status": "clear",
        "placement_status": "map-derived-approximate",
        "geographic_role": "reviewed-source-group",
        "geometry_meaning": "Approximate source-symbol group; individual feature unresolved. Outline is not a property, footprint or error bound.",
        "fit_revision": "a6619d96ba8fa8279ea6a8027654a92b15942b9d",
        "fit_sha256": "fabbe2df06d4283c3ddbd3f9c259be5d966eb6391fdf6785711d5167891f0ca5",
        "source_sha256": "8a6588e2029c433ac85e190c9e10d1b4cda7dbba555f7824cfe6c5960163d724",
        "source_dimensions_px": [
          10815,
          7549
        ],
        "source_geometry_native": {
          "type": "Polygon",
          "coordinates": [
            [
              [
                4430.0,
                2790.0
              ],
              [
                4438.333333333333,
                2790.0
              ],
              [
                4446.666666666667,
                2790.0
              ],
              [
                4455.0,
                2790.0
              ],
              [
                4455.0,
                2798.6666666666665
              ],
              [
                4455.0,
                2807.3333333333335
              ],
              [
                4455.0,
                2816.0
              ],
              [
                4446.666666666667,
                2816.0
              ],
              [
                4438.333333333333,
                2816.0
              ],
              [
                4430.0,
                2816.0
              ],
              [
                4430.0,
                2807.3333333333335
              ],
              [
                4430.0,
                2798.6666666666665
              ],
              [
                4430.0,
                2790.0
              ]
            ]
          ]
        },
        "source_crop": {
          "native_xywh": [
            4044,
            2577,
            660,
            450
          ],
          "display_size": [
            660,
            450
          ],
          "rotation_degrees": 0
        },
        "source_context_url": "https://www.davidrumsey.com/luna/servlet/iiif/RUMSEY~8~1~2644~290012/4044,2577,660,450/660,450/0/default.jpg",
        "source_url": "https://www.davidrumsey.com/luna/servlet/iiif/m/RUMSEY~8~1~2644~290012/manifest",
        "credit": "David Rumsey Map Collection, David Rumsey Map Center, Stanford University Libraries",
        "imagery_licence_url": "https://creativecommons.org/licenses/by-nc-sa/3.0/",
        "source_note": "Multiple printed marks between the road and brook. The worker junction proposal is not an individual mill mark and is not adopted.",
        "placement_note": "The coastal road, southern inlet, small northern brook and Rory Chisholm brook sequence constrain the district. Forge 013 remains east of the coastal road, though nearby cross-road placement differs. Mill 021 remains a source group beside the eastern brook/crossing; no individual mill building is selected. Church 015 uses the explicit corrected modern coordinate east of Highway 19, not either TPS prediction.",
        "source_excerpt": "excerpts/F19-JUD-021.jpg",
        "evidence_url": "https://github.com/dfakkeldy/ns-marks-the-spot/blob/nightly/reports/fletcher/feature-geography/sheet-19-features.geojson",
        "evidence_sha256": "5bae00b1a80a1b5de63336465cc36ef510763bc4f9b9957d2ba56ba0559221cf"
      }
    },
    {
      "type": "Feature",
      "id": "F19-JUD-024",
      "geometry": {
        "type": "Point",
        "coordinates": [
          -61.49049768207359,
          45.86268415723927
        ]
      },
      "properties": {
        "annotation_id": "F19-JUD-024",
        "sheet": 19,
        "source_text": "Shop",
        "kind": "shop",
        "reading_status": "clear",
        "placement_status": "map-derived-approximate",
        "geographic_role": "reviewed-source-mark",
        "geometry_meaning": "Approximate historical mark location; not a surveyed site, current condition, ownership or access.",
        "fit_revision": "a6619d96ba8fa8279ea6a8027654a92b15942b9d",
        "fit_sha256": "fabbe2df06d4283c3ddbd3f9c259be5d966eb6391fdf6785711d5167891f0ca5",
        "source_sha256": "8a6588e2029c433ac85e190c9e10d1b4cda7dbba555f7824cfe6c5960163d724",
        "source_dimensions_px": [
          10815,
          7549
        ],
        "source_geometry_native": {
          "type": "Point",
          "coordinates": [
            3721,
            2997
          ]
        },
        "source_crop": {
          "native_xywh": [
            3427,
            2789,
            660,
            450
          ],
          "display_size": [
            660,
            450
          ],
          "rotation_degrees": 0
        },
        "source_context_url": "https://www.davidrumsey.com/luna/servlet/iiif/RUMSEY~8~1~2644~290012/3427,2789,660,450/660,450/0/default.jpg",
        "source_url": "https://www.davidrumsey.com/luna/servlet/iiif/m/RUMSEY~8~1~2644~290012/manifest",
        "credit": "David Rumsey Map Collection, David Rumsey Map Center, Stanford University Libraries",
        "imagery_licence_url": "https://creativecommons.org/licenses/by-nc-sa/3.0/",
        "source_note": "Mark immediately above-left of Shop east of coastal road and north of Graham River.",
        "placement_note": "The source shop mark is east of the coastal road and north of the printed Graham River. Modern drainage differs in this part of the fit, including the watercourse immediately beside the predicted point. The coastal corridor and sequence south of Rory Chisholm Brook support approximate locality only; exact bank/road-side placement remains unresolved.",
        "source_excerpt": "excerpts/F19-JUD-024.jpg",
        "evidence_url": "https://github.com/dfakkeldy/ns-marks-the-spot/blob/nightly/reports/fletcher/feature-geography/sheet-19-features.geojson",
        "evidence_sha256": "5bae00b1a80a1b5de63336465cc36ef510763bc4f9b9957d2ba56ba0559221cf"
      }
    },
    {
      "type": "Feature",
      "id": "F19-JUD-035",
      "geometry": {
        "type": "LineString",
        "coordinates": [
          [
            -61.27724106262628,
            45.915814087618514
          ],
          [
            -61.27707001825143,
            45.91557434132583
          ],
          [
            -61.2768989698711,
            45.91533457513641
          ],
          [
            -61.27707648851522,
            45.91518062272265
          ],
          [
            -61.277254002990254,
            45.91502669714043
          ],
          [
            -61.27717567271532,
            45.9148045597614
          ],
          [
            -61.27709733992905,
            45.914582413182345
          ],
          [
            -61.277066365607695,
            45.914392737404
          ],
          [
            -61.277035390298295,
            45.91420305860828
          ],
          [
            -61.27723458353385,
            45.91401813834167
          ],
          [
            -61.27743377689101,
            45.91383325242117
          ]
        ]
      },
      "properties": {
        "annotation_id": "F19-JUD-035",
        "sheet": 19,
        "source_text": "Falls",
        "kind": "waterfall-annotation",
        "reading_status": "clear",
        "placement_status": "map-derived-approximate",
        "geographic_role": "reviewed-source-line",
        "geometry_meaning": "Approximate traced portion of a historical linear feature. Endpoints delimit reviewed source evidence, not its full extent or an exact falls site. No current condition or access is asserted.",
        "fit_revision": "a6619d96ba8fa8279ea6a8027654a92b15942b9d",
        "fit_sha256": "fabbe2df06d4283c3ddbd3f9c259be5d966eb6391fdf6785711d5167891f0ca5",
        "source_sha256": "8a6588e2029c433ac85e190c9e10d1b4cda7dbba555f7824cfe6c5960163d724",
        "source_dimensions_px": [
          10815,
          7549
        ],
        "source_geometry_native": {
          "type": "LineString",
          "coordinates": [
            [
              8440.0,
              1351.0
            ],
            [
              8443.5,
              1358.5
            ],
            [
              8447.0,
              1366.0
            ],
            [
              8443.0,
              1371.0
            ],
            [
              8439.0,
              1376.0
            ],
            [
              8440.5,
              1383.0
            ],
            [
              8442.0,
              1390.0
            ],
            [
              8442.5,
              1396.0
            ],
            [
              8443.0,
              1402.0
            ],
            [
              8438.5,
              1408.0
            ],
            [
              8434,
              1414
            ]
          ]
        },
        "source_crop": {
          "native_xywh": [
            8157,
            1162,
            660,
            450
          ],
          "display_size": [
            660,
            450
          ],
          "rotation_degrees": 0
        },
        "source_context_url": "https://www.davidrumsey.com/luna/servlet/iiif/RUMSEY~8~1~2644~290012/8157,1162,660,450/660,450/0/default.jpg",
        "source_url": "https://www.davidrumsey.com/luna/servlet/iiif/m/RUMSEY~8~1~2644~290012/manifest",
        "credit": "David Rumsey Map Collection, David Rumsey Map Center, Stanford University Libraries",
        "imagery_licence_url": "https://creativecommons.org/licenses/by-nc-sa/3.0/",
        "source_note": "Falls is beside the separate south-running tributary below the junction associated with Fall 30. Trace the adjacent visible stream reach without inventing a precise fall point or extent.",
        "placement_note": "The reviewed southern tributary reach remains below the northern stream junction and east of the western branch. Modern tributary topology supports the locality, with visible bend offsets. The line carries the historical Falls annotation; it does not identify a precise drop, waterfall extent or present condition.",
        "source_excerpt": "excerpts/F19-JUD-035.jpg",
        "evidence_url": "https://github.com/dfakkeldy/ns-marks-the-spot/blob/nightly/reports/fletcher/feature-geography/sheet-19-features.geojson",
        "evidence_sha256": "5bae00b1a80a1b5de63336465cc36ef510763bc4f9b9957d2ba56ba0559221cf"
      }
    },
    {
      "type": "Feature",
      "id": "F19-JUD-036",
      "geometry": {
        "type": "LineString",
        "coordinates": [
          [
            -61.30708991992728,
            45.90302689679268
          ],
          [
            -61.30740811839098,
            45.90295742059633
          ],
          [
            -61.30772629381307,
            45.90288794574153
          ],
          [
            -61.30785723879554,
            45.902720153185705
          ],
          [
            -61.30798821174489,
            45.90255236590497
          ],
          [
            -61.308026267983735,
            45.90235097539104
          ],
          [
            -61.30806439729012,
            45.90214956331808
          ],
          [
            -61.30796560255874,
            45.901960021833624
          ],
          [
            -61.3078669033508,
            45.90177042189902
          ],
          [
            -61.307882930214255,
            45.90158388207511
          ],
          [
            -61.307899029113365,
            45.90139731617449
          ],
          [
            -61.30814665460772,
            45.90127940935707
          ],
          [
            -61.308394270945385,
            45.90116151523747
          ]
        ]
      },
      "properties": {
        "annotation_id": "F19-JUD-036",
        "sheet": 19,
        "source_text": "Falls",
        "kind": "waterfall-annotation",
        "reading_status": "clear",
        "placement_status": "map-derived-approximate",
        "geographic_role": "reviewed-source-line",
        "geometry_meaning": "Approximate traced portion of a historical linear feature. Endpoints delimit reviewed source evidence, not its full extent or an exact falls site. No current condition or access is asserted.",
        "fit_revision": "a6619d96ba8fa8279ea6a8027654a92b15942b9d",
        "fit_sha256": "fabbe2df06d4283c3ddbd3f9c259be5d966eb6391fdf6785711d5167891f0ca5",
        "source_sha256": "8a6588e2029c433ac85e190c9e10d1b4cda7dbba555f7824cfe6c5960163d724",
        "source_dimensions_px": [
          10815,
          7549
        ],
        "source_geometry_native": {
          "type": "LineString",
          "coordinates": [
            [
              7779.0,
              1782.0
            ],
            [
              7772.0,
              1784.5
            ],
            [
              7765.0,
              1787.0
            ],
            [
              7762.0,
              1792.5
            ],
            [
              7759.0,
              1798.0
            ],
            [
              7758.0,
              1804.5
            ],
            [
              7757.0,
              1811.0
            ],
            [
              7759.0,
              1817.0
            ],
            [
              7761.0,
              1823.0
            ],
            [
              7760.5,
              1829.0
            ],
            [
              7760.0,
              1835.0
            ],
            [
              7754.5,
              1839.0
            ],
            [
              7749,
              1843
            ]
          ]
        },
        "source_crop": {
          "native_xywh": [
            7480,
            1607,
            660,
            450
          ],
          "display_size": [
            660,
            450
          ],
          "rotation_degrees": 0
        },
        "source_context_url": "https://www.davidrumsey.com/luna/servlet/iiif/RUMSEY~8~1~2644~290012/7480,1607,660,450/660,450/0/default.jpg",
        "source_url": "https://www.davidrumsey.com/luna/servlet/iiif/m/RUMSEY~8~1~2644~290012/manifest",
        "credit": "David Rumsey Map Collection, David Rumsey Map Center, Stanford University Libraries",
        "imagery_licence_url": "https://creativecommons.org/licenses/by-nc-sa/3.0/",
        "source_note": "Falls is immediately east of the small tributary bend. The source supports this adjacent stream reach, but no separate symbol fixes the exact falls position. Endpoints delimit reviewed linework, not the waterfall extent.",
        "placement_note": "The source reach is at the bend between the western confluence and northeastern fork. The modern stream is west of the projected trace and has different bend detail. Preserve the approximate historical reach and explicit offset; no exact waterfall site or modern channel segment is substituted.",
        "source_excerpt": "excerpts/F19-JUD-036.jpg",
        "evidence_url": "https://github.com/dfakkeldy/ns-marks-the-spot/blob/nightly/reports/fletcher/feature-geography/sheet-19-features.geojson",
        "evidence_sha256": "5bae00b1a80a1b5de63336465cc36ef510763bc4f9b9957d2ba56ba0559221cf"
      }
    },
    {
      "type": "Feature",
      "id": "F19-JUD-040",
      "geometry": {
        "type": "LineString",
        "coordinates": [
          [
            -61.315650931973416,
            45.87668884754233
          ],
          [
            -61.31536487619447,
            45.876873171853354
          ],
          [
            -61.31508205246849,
            45.87699293722459
          ],
          [
            -61.31470858696364,
            45.87707730473415
          ],
          [
            -61.314565792334264,
            45.87716936286872
          ],
          [
            -61.31446770813487,
            45.87729519260135
          ]
        ]
      },
      "properties": {
        "annotation_id": "F19-JUD-040",
        "sheet": 19,
        "source_text": "Brook runs\nunderground",
        "kind": "hydrology-annotation",
        "reading_status": "clear",
        "placement_status": "map-derived-approximate",
        "geographic_role": "reviewed-source-line",
        "geometry_meaning": "Approximate traced portion of a historical linear feature. Endpoints delimit reviewed source evidence, not its full extent or an exact falls site. No current condition or access is asserted.",
        "fit_revision": "a6619d96ba8fa8279ea6a8027654a92b15942b9d",
        "fit_sha256": "fabbe2df06d4283c3ddbd3f9c259be5d966eb6391fdf6785711d5167891f0ca5",
        "source_sha256": "8a6588e2029c433ac85e190c9e10d1b4cda7dbba555f7824cfe6c5960163d724",
        "source_dimensions_px": [
          10815,
          7549
        ],
        "source_geometry_native": {
          "type": "LineString",
          "coordinates": [
            [
              7593.0,
              2622.0
            ],
            [
              7599.0,
              2616.0
            ],
            [
              7605.0,
              2612.0
            ],
            [
              7613.0,
              2609.0
            ],
            [
              7616.0,
              2606.0
            ],
            [
              7618,
              2602
            ]
          ]
        },
        "source_crop": {
          "native_xywh": [
            7185,
            2369,
            660,
            450
          ],
          "display_size": [
            660,
            450
          ],
          "rotation_degrees": 0
        },
        "source_context_url": "https://www.davidrumsey.com/luna/servlet/iiif/RUMSEY~8~1~2644~290012/7185,2369,660,450/660,450/0/default.jpg",
        "source_url": "https://www.davidrumsey.com/luna/servlet/iiif/m/RUMSEY~8~1~2644~290012/manifest",
        "credit": "David Rumsey Map Collection, David Rumsey Map Center, Stanford University Libraries",
        "imagery_licence_url": "https://creativecommons.org/licenses/by-nc-sa/3.0/",
        "source_note": "The short visible brook stroke immediately east of the road lies beside Brook runs underground. Only that printed stroke is traced. The diagonal dotted geological boundary is explicitly rejected as a brook path. No subsurface route, modern flow, direction, entrance or exit is inferred.",
        "placement_note": "The short visible historical brook stroke is in the road-and-tributary district south of the northern confluence. Current road and stream lines differ locally and do not establish an underground route. Only the inspected source stroke is retained; the dotted geological boundary was rejected and no modern flow direction, sink, spring or subsurface connection is asserted.",
        "source_excerpt": "excerpts/F19-JUD-040.jpg",
        "evidence_url": "https://github.com/dfakkeldy/ns-marks-the-spot/blob/nightly/reports/fletcher/feature-geography/sheet-19-features.geojson",
        "evidence_sha256": "5bae00b1a80a1b5de63336465cc36ef510763bc4f9b9957d2ba56ba0559221cf"
      }
    },
    {
      "type": "Feature",
      "id": "F19-JUD-041",
      "geometry": {
        "type": "Polygon",
        "coordinates": [
          [
            [
              -61.28847118925424,
              45.894845137390185
            ],
            [
              -61.28846641024558,
              45.89458101192817
            ],
            [
              -61.28846178161383,
              45.894316820337075
            ],
            [
              -61.28845730412426,
              45.894052561977006
            ],
            [
              -61.288030405563354,
              45.89403976173222
            ],
            [
              -61.28760346319179,
              45.89402701872987
            ],
            [
              -61.28717647717809,
              45.894014334407096
            ],
            [
              -61.28674944767356,
              45.8940017101778
            ],
            [
              -61.286322374812265,
              45.89398914743252
            ],
            [
              -61.285895258710575,
              45.89397664753828
            ],
            [
              -61.28546809946765,
              45.89396421183881
            ],
            [
              -61.285472609109455,
              45.89422865434131
            ],
            [
              -61.28547726661541,
              45.89449303460441
            ],
            [
              -61.2854820712759,
              45.89475735321976
            ],
            [
              -61.28590921822889,
              45.894769715800976
            ],
            [
              -61.28633632193051,
              45.894782140002185
            ],
            [
              -61.28676338232775,
              45.89479462447656
            ],
            [
              -61.28719039935173,
              45.89480716785506
            ],
            [
              -61.28761737291739,
              45.894819768746345
            ],
            [
              -61.28804430292381,
              45.89483242573673
            ],
            [
              -61.28847118925424,
              45.894845137390185
            ]
          ]
        ]
      },
      "properties": {
        "annotation_id": "F19-JUD-041",
        "sheet": 19,
        "source_text": "Falls",
        "kind": "waterfall-annotation",
        "reading_status": "clear",
        "placement_status": "map-derived-approximate",
        "geographic_role": "reviewed-source-group",
        "geometry_meaning": "Approximate source-symbol group; individual feature unresolved. Outline is not a property, footprint or error bound.",
        "fit_revision": "a6619d96ba8fa8279ea6a8027654a92b15942b9d",
        "fit_sha256": "fabbe2df06d4283c3ddbd3f9c259be5d966eb6391fdf6785711d5167891f0ca5",
        "source_sha256": "8a6588e2029c433ac85e190c9e10d1b4cda7dbba555f7824cfe6c5960163d724",
        "source_dimensions_px": [
          10815,
          7549
        ],
        "source_geometry_native": {
          "type": "Polygon",
          "coordinates": [
            [
              [
                8180.0,
                2025.0
              ],
              [
                8189.285714285715,
                2025.0
              ],
              [
                8198.57142857143,
                2025.0
              ],
              [
                8207.857142857143,
                2025.0
              ],
              [
                8217.142857142857,
                2025.0
              ],
              [
                8226.42857142857,
                2025.0
              ],
              [
                8235.714285714286,
                2025.0
              ],
              [
                8245.0,
                2025.0
              ],
              [
                8245.0,
                2033.3333333333333
              ],
              [
                8245.0,
                2041.6666666666667
              ],
              [
                8245.0,
                2050.0
              ],
              [
                8235.714285714286,
                2050.0
              ],
              [
                8226.42857142857,
                2050.0
              ],
              [
                8217.142857142857,
                2050.0
              ],
              [
                8207.857142857143,
                2050.0
              ],
              [
                8198.57142857143,
                2050.0
              ],
              [
                8189.285714285715,
                2050.0
              ],
              [
                8180.0,
                2050.0
              ],
              [
                8180.0,
                2041.6666666666667
              ],
              [
                8180.0,
                2033.3333333333333
              ],
              [
                8180.0,
                2025.0
              ]
            ]
          ]
        },
        "source_crop": {
          "native_xywh": [
            7853,
            1797,
            660,
            450
          ],
          "display_size": [
            660,
            450
          ],
          "rotation_degrees": 0
        },
        "source_context_url": "https://www.davidrumsey.com/luna/servlet/iiif/RUMSEY~8~1~2644~290012/7853,1797,660,450/660,450/0/default.jpg",
        "source_url": "https://www.davidrumsey.com/luna/servlet/iiif/m/RUMSEY~8~1~2644~290012/manifest",
        "credit": "David Rumsey Map Collection, David Rumsey Map Center, Stanford University Libraries",
        "imagery_licence_url": "https://creativecommons.org/licenses/by-nc-sa/3.0/",
        "source_note": "Falls lies above the short western tributary/main-stream junction. Both adjoining source reaches remain candidates; the lettering does not uniquely fix a fall point or one arm. Keep their junction group, not a waterfall footprint or search-box centre.",
        "placement_note": "The western tributary and northern main stream join inside the projected source group. Falls 041 stays distinct from the two southern labelled reaches. Modern junction topology supports the approximate group; the source does not select an exact fall point or arm.",
        "source_excerpt": "excerpts/F19-JUD-041.jpg",
        "evidence_url": "https://github.com/dfakkeldy/ns-marks-the-spot/blob/nightly/reports/fletcher/feature-geography/sheet-19-features.geojson",
        "evidence_sha256": "5bae00b1a80a1b5de63336465cc36ef510763bc4f9b9957d2ba56ba0559221cf"
      }
    },
    {
      "type": "Feature",
      "id": "F19-JUD-042",
      "geometry": {
        "type": "LineString",
        "coordinates": [
          [
            -61.285715902330594,
            45.893654172020725
          ],
          [
            -61.28551786269473,
            45.89348973233114
          ],
          [
            -61.28531986509385,
            45.893325271621904
          ],
          [
            -61.28507590000466,
            45.8931594539058
          ],
          [
            -61.28483197164084,
            45.89299362163056
          ],
          [
            -61.284703117652946,
            45.89283110382175
          ],
          [
            -61.28457431206105,
            45.89266856264433
          ]
        ]
      },
      "properties": {
        "annotation_id": "F19-JUD-042",
        "sheet": 19,
        "source_text": "Fall",
        "kind": "waterfall-annotation",
        "reading_status": "clear",
        "placement_status": "map-derived-approximate",
        "geographic_role": "reviewed-source-line",
        "geometry_meaning": "Approximate traced portion of a historical linear feature. Endpoints delimit reviewed source evidence, not its full extent or an exact falls site. No current condition or access is asserted.",
        "fit_revision": "a6619d96ba8fa8279ea6a8027654a92b15942b9d",
        "fit_sha256": "fabbe2df06d4283c3ddbd3f9c259be5d966eb6391fdf6785711d5167891f0ca5",
        "source_sha256": "8a6588e2029c433ac85e190c9e10d1b4cda7dbba555f7824cfe6c5960163d724",
        "source_dimensions_px": [
          10815,
          7549
        ],
        "source_geometry_native": {
          "type": "LineString",
          "coordinates": [
            [
              8239.5,
              2060.0
            ],
            [
              8243.75,
              2065.0
            ],
            [
              8248.0,
              2070.0
            ],
            [
              8253.25,
              2075.0
            ],
            [
              8258.5,
              2080.0
            ],
            [
              8261.25,
              2085.0
            ],
            [
              8264,
              2090
            ]
          ]
        },
        "source_crop": {
          "native_xywh": [
            7881,
            1859,
            660,
            450
          ],
          "display_size": [
            660,
            450
          ],
          "rotation_degrees": 0
        },
        "source_context_url": "https://www.davidrumsey.com/luna/servlet/iiif/RUMSEY~8~1~2644~290012/7881,1859,660,450/660,450/0/default.jpg",
        "source_url": "https://www.davidrumsey.com/luna/servlet/iiif/m/RUMSEY~8~1~2644~290012/manifest",
        "credit": "David Rumsey Map Collection, David Rumsey Map Center, Stanford University Libraries",
        "imagery_licence_url": "https://creativecommons.org/licenses/by-nc-sa/3.0/",
        "source_note": "Fall is beside the main stream immediately south of the western tributary junction and north of Falls 043. Trace this adjacent source reach only; no precise drop point is drawn.",
        "placement_note": "The short main-stream reach lies immediately south of the western junction and north of the next eastern tributary. Modern stream order and orientation agree broadly, with a local offset. Retain the historical reach without an exact drop site.",
        "source_excerpt": "excerpts/F19-JUD-042.jpg",
        "evidence_url": "https://github.com/dfakkeldy/ns-marks-the-spot/blob/nightly/reports/fletcher/feature-geography/sheet-19-features.geojson",
        "evidence_sha256": "5bae00b1a80a1b5de63336465cc36ef510763bc4f9b9957d2ba56ba0559221cf"
      }
    },
    {
      "type": "Feature",
      "id": "F19-JUD-043",
      "geometry": {
        "type": "LineString",
        "coordinates": [
          [
            -61.28422480627592,
            45.8923407556481
          ],
          [
            -61.28407313164123,
            45.89217748603036
          ],
          [
            -61.283921503803285,
            45.89201419597219
          ],
          [
            -61.283620335297016,
            45.891846596146266
          ],
          [
            -61.28331919666055,
            45.89167899963446
          ],
          [
            -61.28311015612457,
            45.891514026365094
          ],
          [
            -61.282901157546114,
            45.8913490420043
          ],
          [
            -61.28271522015608,
            45.89118469899009
          ],
          [
            -61.28252932731913,
            45.89102034302835
          ]
        ]
      },
      "properties": {
        "annotation_id": "F19-JUD-043",
        "sheet": 19,
        "source_text": "Falls",
        "kind": "waterfall-annotation",
        "reading_status": "clear",
        "placement_status": "map-derived-approximate",
        "geographic_role": "reviewed-source-line",
        "geometry_meaning": "Approximate traced portion of a historical linear feature. Endpoints delimit reviewed source evidence, not its full extent or an exact falls site. No current condition or access is asserted.",
        "fit_revision": "a6619d96ba8fa8279ea6a8027654a92b15942b9d",
        "fit_sha256": "fabbe2df06d4283c3ddbd3f9c259be5d966eb6391fdf6785711d5167891f0ca5",
        "source_sha256": "8a6588e2029c433ac85e190c9e10d1b4cda7dbba555f7824cfe6c5960163d724",
        "source_dimensions_px": [
          10815,
          7549
        ],
        "source_geometry_native": {
          "type": "LineString",
          "coordinates": [
            [
              8271.5,
              2100.0
            ],
            [
              8274.75,
              2105.0
            ],
            [
              8278.0,
              2110.0
            ],
            [
              8284.5,
              2115.0
            ],
            [
              8291.0,
              2120.0
            ],
            [
              8295.5,
              2125.0
            ],
            [
              8300.0,
              2130.0
            ],
            [
              8304.0,
              2135.0
            ],
            [
              8308,
              2140
            ]
          ]
        },
        "source_crop": {
          "native_xywh": [
            8015,
            1899,
            660,
            450
          ],
          "display_size": [
            660,
            450
          ],
          "rotation_degrees": 0
        },
        "source_context_url": "https://www.davidrumsey.com/luna/servlet/iiif/RUMSEY~8~1~2644~290012/8015,1899,660,450/660,450/0/default.jpg",
        "source_url": "https://www.davidrumsey.com/luna/servlet/iiif/m/RUMSEY~8~1~2644~290012/manifest",
        "credit": "David Rumsey Map Collection, David Rumsey Map Center, Stanford University Libraries",
        "imagery_licence_url": "https://creativecommons.org/licenses/by-nc-sa/3.0/",
        "source_note": "Falls is immediately east of the same main stream farther south than Fall 042, beside the small eastern tributary. Retain the adjacent printed reach; endpoints do not establish the falls extent.",
        "placement_note": "The labelled reach lies south of Fall 042 near the next eastern tributary and above the mill district. Its projection is west of the modern channel, so exact channel-side agreement is unresolved. The stream sequence supports approximate historical locality only.",
        "source_excerpt": "excerpts/F19-JUD-043.jpg",
        "evidence_url": "https://github.com/dfakkeldy/ns-marks-the-spot/blob/nightly/reports/fletcher/feature-geography/sheet-19-features.geojson",
        "evidence_sha256": "5bae00b1a80a1b5de63336465cc36ef510763bc4f9b9957d2ba56ba0559221cf"
      }
    },
    {
      "type": "Feature",
      "id": "F19-JUD-044",
      "geometry": {
        "type": "LineString",
        "coordinates": [
          [
            -61.296670304580466,
            45.88784799706886
          ],
          [
            -61.296440682334726,
            45.887704676510545
          ],
          [
            -61.29621106994782,
            45.88756132965548
          ],
          [
            -61.29598151200547,
            45.887362121288824
          ],
          [
            -61.295751998471694,
            45.88716285948144
          ],
          [
            -61.295522361323535,
            45.88707527939248
          ],
          [
            -61.295292713329026,
            45.88698769743352
          ],
          [
            -61.29506301767289,
            45.88692406222701
          ],
          [
            -61.294833307845266,
            45.886860432651154
          ]
        ]
      },
      "properties": {
        "annotation_id": "F19-JUD-044",
        "sheet": 19,
        "source_text": "Fall",
        "kind": "waterfall-annotation",
        "reading_status": "clear",
        "placement_status": "map-derived-approximate",
        "geographic_role": "reviewed-source-line",
        "geometry_meaning": "Approximate traced portion of a historical linear feature. Endpoints delimit reviewed source evidence, not its full extent or an exact falls site. No current condition or access is asserted.",
        "fit_revision": "a6619d96ba8fa8279ea6a8027654a92b15942b9d",
        "fit_sha256": "fabbe2df06d4283c3ddbd3f9c259be5d966eb6391fdf6785711d5167891f0ca5",
        "source_sha256": "8a6588e2029c433ac85e190c9e10d1b4cda7dbba555f7824cfe6c5960163d724",
        "source_dimensions_px": [
          10815,
          7549
        ],
        "source_geometry_native": {
          "type": "LineString",
          "coordinates": [
            [
              8000.0,
              2253.5
            ],
            [
              8005.0,
              2257.75
            ],
            [
              8010.0,
              2262.0
            ],
            [
              8015.0,
              2268.0
            ],
            [
              8020.0,
              2274.0
            ],
            [
              8025.0,
              2276.5
            ],
            [
              8030.0,
              2279.0
            ],
            [
              8035.0,
              2280.75
            ],
            [
              8040,
              2282.5
            ]
          ]
        },
        "source_crop": {
          "native_xywh": [
            7710,
            1997,
            660,
            450
          ],
          "display_size": [
            660,
            450
          ],
          "rotation_degrees": 0
        },
        "source_context_url": "https://www.davidrumsey.com/luna/servlet/iiif/RUMSEY~8~1~2644~290012/7710,1997,660,450/660,450/0/default.jpg",
        "source_url": "https://www.davidrumsey.com/luna/servlet/iiif/m/RUMSEY~8~1~2644~290012/manifest",
        "credit": "David Rumsey Map Collection, David Rumsey Map Center, Stanford University Libraries",
        "imagery_licence_url": "https://creativecommons.org/licenses/by-nc-sa/3.0/",
        "source_note": "Fall sits above the stream east of the geological strike lines, upstream of the Diogenes Brook junction. Trace the visible stream section below the label. The strike lines are not falls symbols or a measured drop.",
        "placement_note": "The reach remains east of the western tributary junction and west of the Diogenes Brook confluence. Modern stream order and orientation support the district, with differing bend detail. Geological strike strokes are not mapped as falls, and no precise drop is asserted.",
        "source_excerpt": "excerpts/F19-JUD-044.jpg",
        "evidence_url": "https://github.com/dfakkeldy/ns-marks-the-spot/blob/nightly/reports/fletcher/feature-geography/sheet-19-features.geojson",
        "evidence_sha256": "5bae00b1a80a1b5de63336465cc36ef510763bc4f9b9957d2ba56ba0559221cf"
      }
    },
    {
      "type": "Feature",
      "id": "F19-JUD-046",
      "geometry": {
        "type": "Polygon",
        "coordinates": [
          [
            [
              -61.275826601083565,
              45.887846490634914
            ],
            [
              -61.27582540627062,
              45.88753799766113
            ],
            [
              -61.27582441144689,
              45.88722943133843
            ],
            [
              -61.27582361531902,
              45.88692079137903
            ],
            [
              -61.27541803208145,
              45.88691087313085
            ],
            [
              -61.27501242776115,
              45.88690105335353
            ],
            [
              -61.27460680222982,
              45.88689133249385
            ],
            [
              -61.27420115534617,
              45.88688171097586
            ],
            [
              -61.273795486956836,
              45.88687218920114
            ],
            [
              -61.27379618698718,
              45.887180734360754
            ],
            [
              -61.27379708945205,
              45.88748921151064
            ],
            [
              -61.273798195708814,
              45.88779762090431
            ],
            [
              -61.27420392782768,
              45.887807201174844
            ],
            [
              -61.274609634272316,
              45.887816878729055
            ],
            [
              -61.27501531520041,
              45.88782665313179
            ],
            [
              -61.2754209707591,
              45.8878365239265
            ],
            [
              -61.275826601083565,
              45.887846490634914
            ]
          ]
        ]
      },
      "properties": {
        "annotation_id": "F19-JUD-046",
        "sheet": 19,
        "source_text": "Colin Chisholm's Mill",
        "kind": "mill",
        "reading_status": "clear",
        "placement_status": "map-derived-approximate",
        "geographic_role": "reviewed-source-group",
        "geometry_meaning": "Approximate source-symbol group; individual feature unresolved. Outline is not a property, footprint or error bound.",
        "fit_revision": "a6619d96ba8fa8279ea6a8027654a92b15942b9d",
        "fit_sha256": "fabbe2df06d4283c3ddbd3f9c259be5d966eb6391fdf6785711d5167891f0ca5",
        "source_sha256": "8a6588e2029c433ac85e190c9e10d1b4cda7dbba555f7824cfe6c5960163d724",
        "source_dimensions_px": [
          10815,
          7549
        ],
        "source_geometry_native": {
          "type": "Polygon",
          "coordinates": [
            [
              [
                8453.0,
                2234.0
              ],
              [
                8461.8,
                2234.0
              ],
              [
                8470.6,
                2234.0
              ],
              [
                8479.4,
                2234.0
              ],
              [
                8488.2,
                2234.0
              ],
              [
                8497.0,
                2234.0
              ],
              [
                8497.0,
                2243.6666666666665
              ],
              [
                8497.0,
                2253.3333333333335
              ],
              [
                8497.0,
                2263.0
              ],
              [
                8488.2,
                2263.0
              ],
              [
                8479.4,
                2263.0
              ],
              [
                8470.6,
                2263.0
              ],
              [
                8461.8,
                2263.0
              ],
              [
                8453.0,
                2263.0
              ],
              [
                8453.0,
                2253.3333333333335
              ],
              [
                8453.0,
                2243.6666666666665
              ],
              [
                8453.0,
                2234.0
              ]
            ]
          ]
        },
        "source_crop": {
          "native_xywh": [
            8259,
            1990,
            660,
            450
          ],
          "display_size": [
            660,
            450
          ],
          "rotation_degrees": 0
        },
        "source_context_url": "https://www.davidrumsey.com/luna/servlet/iiif/RUMSEY~8~1~2644~290012/8259,1990,660,450/660,450/0/default.jpg",
        "source_url": "https://www.davidrumsey.com/luna/servlet/iiif/m/RUMSEY~8~1~2644~290012/manifest",
        "credit": "David Rumsey Map Collection, David Rumsey Map Center, Stanford University Libraries",
        "imagery_licence_url": "https://creativecommons.org/licenses/by-nc-sa/3.0/",
        "source_note": "Two compact marks immediately below the Colin Chisholm mill lettering lie beside the road and stream crossing. Keep the immediate candidate group; the rounded shape farther west is not assumed to be a mill building.",
        "placement_note": "The western tributary, eastward road and eastern Diogenes drainage preserve the mill district’s topology. The projected group lies near the road bend, but the modern watercourse is north of the historical crossing and the small pond differs. Retain an approximate source group; exact bank and mill buildings remain unresolved.",
        "source_excerpt": "excerpts/F19-JUD-046.jpg",
        "evidence_url": "https://github.com/dfakkeldy/ns-marks-the-spot/blob/nightly/reports/fletcher/feature-geography/sheet-19-features.geojson",
        "evidence_sha256": "5bae00b1a80a1b5de63336465cc36ef510763bc4f9b9957d2ba56ba0559221cf"
      }
    },
    {
      "type": "Feature",
      "id": "F19-JUD-048",
      "geometry": {
        "type": "Polygon",
        "coordinates": [
          [
            [
              -61.31188625591943,
              45.87121716250986
            ],
            [
              -61.311898449411245,
              45.87097969972086
            ],
            [
              -61.311910705502264,
              45.87074221148432
            ],
            [
              -61.31192302161142,
              45.87050469871301
            ],
            [
              -61.311468085916786,
              45.870488018612775
            ],
            [
              -61.31101309629674,
              45.87047123507867
            ],
            [
              -61.31055805734868,
              45.870454356035374
            ],
            [
              -61.31010297371661,
              45.87043738937533
            ],
            [
              -61.31009138927122,
              45.8706750572398
            ],
            [
              -61.310079861539464,
              45.87091269652452
            ],
            [
              -61.31006839299239,
              45.871150306355595
            ],
            [
              -61.31052293319429,
              45.87116715869971
            ],
            [
              -61.310977426662056,
              45.87118392397965
            ],
            [
              -61.311431869014505,
              45.87120059449458
            ],
            [
              -61.31188625591943,
              45.87121716250986
            ]
          ]
        ]
      },
      "properties": {
        "annotation_id": "F19-JUD-048",
        "sheet": 19,
        "source_text": "P.O.",
        "kind": "post-office",
        "reading_status": "clear",
        "placement_status": "map-derived-approximate",
        "geographic_role": "reviewed-source-group",
        "geometry_meaning": "Approximate source-symbol group; individual feature unresolved. Outline is not a property, footprint or error bound.",
        "fit_revision": "a6619d96ba8fa8279ea6a8027654a92b15942b9d",
        "fit_sha256": "fabbe2df06d4283c3ddbd3f9c259be5d966eb6391fdf6785711d5167891f0ca5",
        "source_sha256": "8a6588e2029c433ac85e190c9e10d1b4cda7dbba555f7824cfe6c5960163d724",
        "source_dimensions_px": [
          10815,
          7549
        ],
        "source_geometry_native": {
          "type": "Polygon",
          "coordinates": [
            [
              [
                7680.0,
                2787.0
              ],
              [
                7689.75,
                2787.0
              ],
              [
                7699.5,
                2787.0
              ],
              [
                7709.25,
                2787.0
              ],
              [
                7719.0,
                2787.0
              ],
              [
                7719.0,
                2794.3333333333335
              ],
              [
                7719.0,
                2801.6666666666665
              ],
              [
                7719.0,
                2809.0
              ],
              [
                7709.25,
                2809.0
              ],
              [
                7699.5,
                2809.0
              ],
              [
                7689.75,
                2809.0
              ],
              [
                7680.0,
                2809.0
              ],
              [
                7680.0,
                2801.6666666666665
              ],
              [
                7680.0,
                2794.3333333333335
              ],
              [
                7680.0,
                2787.0
              ]
            ]
          ]
        },
        "source_crop": {
          "native_xywh": [
            7361,
            2543,
            660,
            450
          ],
          "display_size": [
            660,
            450
          ],
          "rotation_degrees": 0
        },
        "source_context_url": "https://www.davidrumsey.com/luna/servlet/iiif/RUMSEY~8~1~2644~290012/7361,2543,660,450/660,450/0/default.jpg",
        "source_url": "https://www.davidrumsey.com/luna/servlet/iiif/m/RUMSEY~8~1~2644~290012/manifest",
        "credit": "David Rumsey Map Collection, David Rumsey Map Center, Stanford University Libraries",
        "imagery_licence_url": "https://creativecommons.org/licenses/by-nc-sa/3.0/",
        "source_note": "P.O. lettering is above two nearby compact marks east of the north-south road, north of the church junction. The two marks cannot be assigned uniquely to the service.",
        "placement_note": "The postal group remains between the western stream/road corridor and eastern branch, north of the church and school district. Modern road approaches diverge locally; the printed two-mark service group is an approximate locality, not an identified modern postal site.",
        "source_excerpt": "excerpts/F19-JUD-048.jpg",
        "evidence_url": "https://github.com/dfakkeldy/ns-marks-the-spot/blob/nightly/reports/fletcher/feature-geography/sheet-19-features.geojson",
        "evidence_sha256": "5bae00b1a80a1b5de63336465cc36ef510763bc4f9b9957d2ba56ba0559221cf"
      }
    },
    {
      "type": "Feature",
      "id": "F19-JUD-050",
      "geometry": {
        "type": "Polygon",
        "coordinates": [
          [
            [
              -61.39291818678302,
              45.85782563778057
            ],
            [
              -61.39292121975378,
              45.857504844268014
            ],
            [
              -61.392924074186254,
              45.857183692713946
            ],
            [
              -61.39292671919395,
              45.85686218155808
            ],
            [
              -61.392929124540295,
              45.856540308287535
            ],
            [
              -61.39293126062975,
              45.85621806922012
            ],
            [
              -61.392933098478885,
              45.85589545926642
            ],
            [
              -61.39250707321959,
              45.85589770128092
            ],
            [
              -61.392081171880186,
              45.85589955626684
            ],
            [
              -61.391655366676964,
              45.855901008025604
            ],
            [
              -61.39122963174868,
              45.855902043003745
            ],
            [
              -61.390803943319526,
              45.85590265071317
            ],
            [
              -61.390378279851134,
              45.855902824127114
            ],
            [
              -61.38995262217545,
              45.855902560033925
            ],
            [
              -61.38952695359825,
              45.85590185932626
            ],
            [
              -61.389101259966054,
              45.85590072721046
            ],
            [
              -61.388675529690225,
              45.85589917332121
            ],
            [
              -61.38824975372456,
              45.85589721173472
            ],
            [
              -61.387823925496356,
              45.855894860878315
            ],
            [
              -61.38739804079285,
              45.85589214334311
            ],
            [
              -61.38740200622969,
              45.856211919861884
            ],
            [
              -61.38740568526584,
              45.85653139380274
            ],
            [
              -61.38740910381175,
              45.8568505694541
            ],
            [
              -61.38741228764117,
              45.85716945012159
            ],
            [
              -61.387415262413846,
              45.85748803830483
            ],
            [
              -61.387418053685515,
              45.85780633585258
            ],
            [
              -61.38784147866038,
              45.85780892677822
            ],
            [
              -61.388264803176,
              45.8578113699887
            ],
            [
              -61.38868803480995,
              45.85781364937754
            ],
            [
              -61.38911118286223,
              45.85781575122446
            ],
            [
              -61.38953425841103,
              45.85781766427446
            ],
            [
              -61.38995727435294,
              45.85781937978227
            ],
            [
              -61.390380245427856,
              45.85782089152078
            ],
            [
              -61.39080318822821,
              45.857822195753684
            ],
            [
              -61.39122612119345,
              45.857823291174704
            ],
            [
              -61.391649064591,
              45.85782417881521
            ],
            [
              -61.39207204048655,
              45.8578248619253
            ],
            [
              -61.39249507270466,
              45.85782534583211
            ],
            [
              -61.39291818678302,
              45.85782563778057
            ]
          ]
        ]
      },
      "properties": {
        "annotation_id": "F19-JUD-050",
        "sheet": 19,
        "source_text": "School",
        "kind": "school",
        "reading_status": "clear",
        "placement_status": "map-derived-approximate",
        "geographic_role": "reviewed-source-group",
        "geometry_meaning": "Approximate source-symbol group; individual feature unresolved. Outline is not a property, footprint or error bound.",
        "fit_revision": "a6619d96ba8fa8279ea6a8027654a92b15942b9d",
        "fit_sha256": "fabbe2df06d4283c3ddbd3f9c259be5d966eb6391fdf6785711d5167891f0ca5",
        "source_sha256": "8a6588e2029c433ac85e190c9e10d1b4cda7dbba555f7824cfe6c5960163d724",
        "source_dimensions_px": [
          10815,
          7549
        ],
        "source_geometry_native": {
          "type": "Polygon",
          "coordinates": [
            [
              [
                5900.0,
                3180.0
              ],
              [
                5909.615384615385,
                3180.0
              ],
              [
                5919.2307692307695,
                3180.0
              ],
              [
                5928.846153846154,
                3180.0
              ],
              [
                5938.461538461538,
                3180.0
              ],
              [
                5948.076923076923,
                3180.0
              ],
              [
                5957.692307692308,
                3180.0
              ],
              [
                5967.307692307692,
                3180.0
              ],
              [
                5976.923076923077,
                3180.0
              ],
              [
                5986.538461538462,
                3180.0
              ],
              [
                5996.153846153846,
                3180.0
              ],
              [
                6005.7692307692305,
                3180.0
              ],
              [
                6015.384615384615,
                3180.0
              ],
              [
                6025.0,
                3180.0
              ],
              [
                6025.0,
                3190.0
              ],
              [
                6025.0,
                3200.0
              ],
              [
                6025.0,
                3210.0
              ],
              [
                6025.0,
                3220.0
              ],
              [
                6025.0,
                3230.0
              ],
              [
                6025.0,
                3240.0
              ],
              [
                6015.384615384615,
                3240.0
              ],
              [
                6005.7692307692305,
                3240.0
              ],
              [
                5996.153846153846,
                3240.0
              ],
              [
                5986.538461538462,
                3240.0
              ],
              [
                5976.923076923077,
                3240.0
              ],
              [
                5967.307692307692,
                3240.0
              ],
              [
                5957.692307692308,
                3240.0
              ],
              [
                5948.076923076923,
                3240.0
              ],
              [
                5938.461538461538,
                3240.0
              ],
              [
                5928.846153846154,
                3240.0
              ],
              [
                5919.2307692307695,
                3240.0
              ],
              [
                5909.615384615385,
                3240.0
              ],
              [
                5900.0,
                3240.0
              ],
              [
                5900.0,
                3230.0
              ],
              [
                5900.0,
                3220.0
              ],
              [
                5900.0,
                3210.0
              ],
              [
                5900.0,
                3200.0
              ],
              [
                5900.0,
                3190.0
              ],
              [
                5900.0,
                3180.0
              ]
            ]
          ]
        },
        "source_crop": {
          "native_xywh": [
            5651,
            2983,
            660,
            450
          ],
          "display_size": [
            660,
            450
          ],
          "rotation_degrees": 0
        },
        "source_context_url": "https://www.davidrumsey.com/luna/servlet/iiif/RUMSEY~8~1~2644~290012/5651,2983,660,450/660,450/0/default.jpg",
        "source_url": "https://www.davidrumsey.com/luna/servlet/iiif/m/RUMSEY~8~1~2644~290012/manifest",
        "credit": "David Rumsey Map Collection, David Rumsey Map Center, Stanford University Libraries",
        "imagery_licence_url": "https://creativecommons.org/licenses/by-nc-sa/3.0/",
        "source_note": "School lettering near northwest pair of marks and southeast crossing mark; keep source group pending final review.",
        "placement_note": "The road bend, small north-south tributary crossing and southern river junction retain their order in the modern reference. The three candidate source marks span the school locality. The source cannot assign a unique school building; keep a group outline, not a footprint or error bound.",
        "source_excerpt": "excerpts/F19-JUD-050.jpg",
        "evidence_url": "https://github.com/dfakkeldy/ns-marks-the-spot/blob/nightly/reports/fletcher/feature-geography/sheet-19-features.geojson",
        "evidence_sha256": "5bae00b1a80a1b5de63336465cc36ef510763bc4f9b9957d2ba56ba0559221cf"
      }
    },
    {
      "type": "Feature",
      "id": "F19-JUD-051",
      "geometry": {
        "type": "LineString",
        "coordinates": [
          [
            -61.38888767974267,
            45.848905604705195
          ],
          [
            -61.38859443193291,
            45.848794102004526
          ],
          [
            -61.38830074212219,
            45.84868190189325
          ],
          [
            -61.388006661191824,
            45.84856911475277
          ],
          [
            -61.387735483230045,
            45.848399776399354
          ],
          [
            -61.387463810734474,
            45.84823007413908
          ],
          [
            -61.38737382389183,
            45.84806105909174
          ],
          [
            -61.3872835660415,
            45.84789193608346
          ],
          [
            -61.38729560439264,
            45.84772315839099
          ],
          [
            -61.38730748837523,
            45.84755421421784
          ]
        ]
      },
      "properties": {
        "annotation_id": "F19-JUD-051",
        "sheet": 19,
        "source_text": "Falls",
        "kind": "waterfall-annotation",
        "reading_status": "clear",
        "placement_status": "map-derived-approximate",
        "geographic_role": "reviewed-source-line",
        "geometry_meaning": "Approximate traced portion of a historical linear feature. Endpoints delimit reviewed source evidence, not its full extent or an exact falls site. No current condition or access is asserted.",
        "fit_revision": "a6619d96ba8fa8279ea6a8027654a92b15942b9d",
        "fit_sha256": "fabbe2df06d4283c3ddbd3f9c259be5d966eb6391fdf6785711d5167891f0ca5",
        "source_sha256": "8a6588e2029c433ac85e190c9e10d1b4cda7dbba555f7824cfe6c5960163d724",
        "source_dimensions_px": [
          10815,
          7549
        ],
        "source_geometry_native": {
          "type": "LineString",
          "coordinates": [
            [
              5987.5,
              3455.0
            ],
            [
              5993.833333333333,
              3458.3333333333335
            ],
            [
              6000.166666666667,
              3461.6666666666665
            ],
            [
              6006.5,
              3465.0
            ],
            [
              6012.25,
              3470.0
            ],
            [
              6018.0,
              3475.0
            ],
            [
              6019.75,
              3480.0
            ],
            [
              6021.5,
              3485.0
            ],
            [
              6021.0,
              3490.0
            ],
            [
              6020.5,
              3495
            ]
          ]
        },
        "source_crop": {
          "native_xywh": [
            5737,
            3250,
            660,
            450
          ],
          "display_size": [
            660,
            450
          ],
          "rotation_degrees": 0
        },
        "source_context_url": "https://www.davidrumsey.com/luna/servlet/iiif/RUMSEY~8~1~2644~290012/5737,3250,660,450/660,450/0/default.jpg",
        "source_url": "https://www.davidrumsey.com/luna/servlet/iiif/m/RUMSEY~8~1~2644~290012/manifest",
        "credit": "David Rumsey Map Collection, David Rumsey Map Center, Stanford University Libraries",
        "imagery_licence_url": "https://creativecommons.org/licenses/by-nc-sa/3.0/",
        "source_note": "Falls labels the curving main stream south of the Dennistown tributary junction. Trace the visible adjacent bend; the printed source does not locate an exact drop or quantify a modern waterfall.",
        "placement_note": "The curved main reach south of the Dennistown tributary junction and north of Old River Denys Road is recognizable in the modern stream network. The projected bend follows the same broad location, but neither an exact falls point nor a current height is established.",
        "source_excerpt": "excerpts/F19-JUD-051.jpg",
        "evidence_url": "https://github.com/dfakkeldy/ns-marks-the-spot/blob/nightly/reports/fletcher/feature-geography/sheet-19-features.geojson",
        "evidence_sha256": "5bae00b1a80a1b5de63336465cc36ef510763bc4f9b9957d2ba56ba0559221cf"
      }
    },
    {
      "type": "Feature",
      "id": "F19-JUD-057",
      "geometry": {
        "type": "Point",
        "coordinates": [
          -61.31448960160216,
          45.867319980605906
        ]
      },
      "properties": {
        "annotation_id": "F19-JUD-057",
        "sheet": 19,
        "source_text": "School",
        "kind": "school",
        "reading_status": "clear",
        "placement_status": "map-derived-approximate",
        "geographic_role": "reviewed-source-mark",
        "geometry_meaning": "Approximate historical mark location; not a surveyed site, current condition, ownership or access.",
        "fit_revision": "a6619d96ba8fa8279ea6a8027654a92b15942b9d",
        "fit_sha256": "fabbe2df06d4283c3ddbd3f9c259be5d966eb6391fdf6785711d5167891f0ca5",
        "source_sha256": "8a6588e2029c433ac85e190c9e10d1b4cda7dbba555f7824cfe6c5960163d724",
        "source_dimensions_px": [
          10815,
          7549
        ],
        "source_geometry_native": {
          "type": "Point",
          "coordinates": [
            7629,
            2910
          ]
        },
        "source_crop": {
          "native_xywh": [
            7255,
            2697,
            660,
            450
          ],
          "display_size": [
            660,
            450
          ],
          "rotation_degrees": 0
        },
        "source_context_url": "https://www.davidrumsey.com/luna/servlet/iiif/RUMSEY~8~1~2644~290012/7255,2697,660,450/660,450/0/default.jpg",
        "source_url": "https://www.davidrumsey.com/luna/servlet/iiif/m/RUMSEY~8~1~2644~290012/manifest",
        "credit": "David Rumsey Map Collection, David Rumsey Map Center, Stanford University Libraries",
        "imagery_licence_url": "https://creativecommons.org/licenses/by-nc-sa/3.0/",
        "source_note": "Filled mark immediately right of School west of main road, just south of western branch crossing.",
        "placement_note": "The school mark sits west of the north-south road just below its western junction. The western stream corridor and eastern valley constrain this district, while modern branch and road linework differ. Keep the direct source-symbol projection approximate; no present school site is inferred.",
        "source_excerpt": "excerpts/F19-JUD-057.jpg",
        "evidence_url": "https://github.com/dfakkeldy/ns-marks-the-spot/blob/nightly/reports/fletcher/feature-geography/sheet-19-features.geojson",
        "evidence_sha256": "5bae00b1a80a1b5de63336465cc36ef510763bc4f9b9957d2ba56ba0559221cf"
      }
    },
    {
      "type": "Feature",
      "id": "F19-JUD-058",
      "geometry": {
        "type": "Point",
        "coordinates": [
          -61.31240900361075,
          45.86841245596135
        ]
      },
      "properties": {
        "annotation_id": "F19-JUD-058",
        "sheet": 19,
        "source_text": "Church",
        "kind": "church",
        "reading_status": "clear",
        "placement_status": "map-derived-approximate",
        "geographic_role": "reviewed-source-mark",
        "geometry_meaning": "Approximate historical mark location; not a surveyed site, current condition, ownership or access.",
        "fit_revision": "a6619d96ba8fa8279ea6a8027654a92b15942b9d",
        "fit_sha256": "fabbe2df06d4283c3ddbd3f9c259be5d966eb6391fdf6785711d5167891f0ca5",
        "source_sha256": "8a6588e2029c433ac85e190c9e10d1b4cda7dbba555f7824cfe6c5960163d724",
        "source_dimensions_px": [
          10815,
          7549
        ],
        "source_geometry_native": {
          "type": "Point",
          "coordinates": [
            7672,
            2874
          ]
        },
        "source_crop": {
          "native_xywh": [
            7363,
            2671,
            660,
            450
          ],
          "display_size": [
            660,
            450
          ],
          "rotation_degrees": 0
        },
        "source_context_url": "https://www.davidrumsey.com/luna/servlet/iiif/RUMSEY~8~1~2644~290012/7363,2671,660,450/660,450/0/default.jpg",
        "source_url": "https://www.davidrumsey.com/luna/servlet/iiif/m/RUMSEY~8~1~2644~290012/manifest",
        "credit": "David Rumsey Map Collection, David Rumsey Map Center, Stanford University Libraries",
        "imagery_licence_url": "https://creativecommons.org/licenses/by-nc-sa/3.0/",
        "source_note": "Cross-like church symbol south of diagonal road and east of main road, above Church lettering.",
        "placement_note": "The printed cross-like church symbol is south of the diagonal road and east of the north-south road, northeast of School 057. The broader western stream/eastern valley topology is recognizable, but nearby modern road linework diverges and does not verify the church road-side relation. No modern church coordinate or continuing site identity is substituted.",
        "source_excerpt": "excerpts/F19-JUD-058.jpg",
        "evidence_url": "https://github.com/dfakkeldy/ns-marks-the-spot/blob/nightly/reports/fletcher/feature-geography/sheet-19-features.geojson",
        "evidence_sha256": "5bae00b1a80a1b5de63336465cc36ef510763bc4f9b9957d2ba56ba0559221cf"
      }
    },
    {
      "type": "Feature",
      "id": "F19-JUD-061",
      "geometry": {
        "type": "Point",
        "coordinates": [
          -61.2794706455747,
          45.86719835371861
        ]
      },
      "properties": {
        "annotation_id": "F19-JUD-061",
        "sheet": 19,
        "source_text": "Gold Mine",
        "kind": "mine-annotation",
        "reading_status": "clear",
        "placement_status": "map-derived-approximate",
        "geographic_role": "reviewed-source-mark",
        "geometry_meaning": "Approximate historical mark location; not a surveyed site, current condition, ownership or access.",
        "fit_revision": "a6619d96ba8fa8279ea6a8027654a92b15942b9d",
        "fit_sha256": "fabbe2df06d4283c3ddbd3f9c259be5d966eb6391fdf6785711d5167891f0ca5",
        "source_sha256": "8a6588e2029c433ac85e190c9e10d1b4cda7dbba555f7824cfe6c5960163d724",
        "source_dimensions_px": [
          10815,
          7549
        ],
        "source_geometry_native": {
          "type": "Point",
          "coordinates": [
            8379,
            2878
          ]
        },
        "source_crop": {
          "native_xywh": [
            8064,
            2636,
            660,
            450
          ],
          "display_size": [
            660,
            450
          ],
          "rotation_degrees": 0
        },
        "source_context_url": "https://www.davidrumsey.com/luna/servlet/iiif/RUMSEY~8~1~2644~290012/8064,2636,660,450/660,450/0/default.jpg",
        "source_url": "https://www.davidrumsey.com/luna/servlet/iiif/m/RUMSEY~8~1~2644~290012/manifest",
        "credit": "David Rumsey Map Collection, David Rumsey Map Center, Stanford University Libraries",
        "imagery_licence_url": "https://creativecommons.org/licenses/by-nc-sa/3.0/",
        "source_note": "Coordinator native 4x review identifies the compact dark oval beneath Gold at the brook/road, despite geological overprinting. Its centre is approximate printed-symbol placement, not a surveyed mine entrance. The worker alternative regions omitted this mark.",
        "placement_note": "Gold Mine 061 remains north of the east-west road and beside the northern tributary junction, west of the major eastern valley. Modern road and watercourses support locality only; no mine footprint or present opening is established. Reprojection moves this annotation approximately 151 ground metres from the earlier 39-control pilot coordinate. Both revisions are retained; this is not a newly verified mine opening.",
        "source_excerpt": "excerpts/F19-JUD-061.jpg",
        "evidence_url": "https://github.com/dfakkeldy/ns-marks-the-spot/blob/nightly/reports/fletcher/feature-geography/sheet-19-features.geojson",
        "evidence_sha256": "5bae00b1a80a1b5de63336465cc36ef510763bc4f9b9957d2ba56ba0559221cf"
      }
    },
    {
      "type": "Feature",
      "id": "F19-JUD-062",
      "geometry": {
        "type": "Polygon",
        "coordinates": [
          [
            [
              -61.27010226450964,
              45.865483116678085
            ],
            [
              -61.27010733898424,
              45.86525772796517
            ],
            [
              -61.27011241925533,
              45.86503234083411
            ],
            [
              -61.26970144691127,
              45.86502899140808
            ],
            [
              -61.269290599166155,
              45.86502579389479
            ],
            [
              -61.26928544137765,
              45.86525100963181
            ],
            [
              -61.26928028881788,
              45.86547622805635
            ],
            [
              -61.26969121525506,
              45.86547959651197
            ],
            [
              -61.27010226450964,
              45.865483116678085
            ]
          ]
        ]
      },
      "properties": {
        "annotation_id": "F19-JUD-062",
        "sheet": 19,
        "source_text": "Quartz\nMill",
        "kind": "mill",
        "reading_status": "tentative",
        "placement_status": "map-derived-approximate",
        "geographic_role": "reviewed-source-group",
        "geometry_meaning": "Approximate source-symbol group; individual feature unresolved. Outline is not a property, footprint or error bound.",
        "fit_revision": "a6619d96ba8fa8279ea6a8027654a92b15942b9d",
        "fit_sha256": "fabbe2df06d4283c3ddbd3f9c259be5d966eb6391fdf6785711d5167891f0ca5",
        "source_sha256": "8a6588e2029c433ac85e190c9e10d1b4cda7dbba555f7824cfe6c5960163d724",
        "source_dimensions_px": [
          10815,
          7549
        ],
        "source_geometry_native": {
          "type": "Polygon",
          "coordinates": [
            [
              [
                8584.0,
                2927.0
              ],
              [
                8593.0,
                2927.0
              ],
              [
                8602.0,
                2927.0
              ],
              [
                8602.0,
                2934.0
              ],
              [
                8602.0,
                2941.0
              ],
              [
                8593.0,
                2941.0
              ],
              [
                8584.0,
                2941.0
              ],
              [
                8584.0,
                2934.0
              ],
              [
                8584.0,
                2927.0
              ]
            ]
          ]
        },
        "source_crop": {
          "native_xywh": [
            8237,
            2665,
            660,
            450
          ],
          "display_size": [
            660,
            450
          ],
          "rotation_degrees": 0
        },
        "source_context_url": "https://www.davidrumsey.com/luna/servlet/iiif/RUMSEY~8~1~2644~290012/8237,2665,660,450/660,450/0/default.jpg",
        "source_url": "https://www.davidrumsey.com/luna/servlet/iiif/m/RUMSEY~8~1~2644~290012/manifest",
        "credit": "David Rumsey Map Collection, David Rumsey Map Center, Stanford University Libraries",
        "imagery_licence_url": "https://creativecommons.org/licenses/by-nc-sa/3.0/",
        "source_note": "Quartz Mill lettering is above two adjacent compact marks on the north side of the east-west road, west of the railway. Both remain candidate mill marks; no precise individual building is selected.",
        "placement_note": "The mill group remains immediately north of the east-west road, west of the main eastern valley and near the small northern tributary. The modern road/stream approach supports this approximate corridor. The two source marks cannot be assigned individually; no present mill building is established.",
        "source_excerpt": "excerpts/F19-JUD-062.jpg",
        "evidence_url": "https://github.com/dfakkeldy/ns-marks-the-spot/blob/nightly/reports/fletcher/feature-geography/sheet-19-features.geojson",
        "evidence_sha256": "5bae00b1a80a1b5de63336465cc36ef510763bc4f9b9957d2ba56ba0559221cf"
      }
    },
    {
      "type": "Feature",
      "id": "F19-JUD-068",
      "geometry": {
        "type": "Polygon",
        "coordinates": [
          [
            [
              -61.27602664122093,
              45.84419563254327
            ],
            [
              -61.27603610728436,
              45.84389004463622
            ],
            [
              -61.27604557947825,
              45.84358456650627
            ],
            [
              -61.276055052535135,
              45.84327919270321
            ],
            [
              -61.275655004126975,
              45.843281002674075
            ],
            [
              -61.27525513579582,
              45.84328298278936
            ],
            [
              -61.274855443359264,
              45.8432851293433
            ],
            [
              -61.27445592272534,
              45.84328743872983
            ],
            [
              -61.27444651289941,
              45.8435926636059
            ],
            [
              -61.27443710743086,
              45.843897989857076
            ],
            [
              -61.2744277108762,
              45.844203422290846
            ],
            [
              -61.27482718473773,
              45.84420123034482
            ],
            [
              -61.27522682834858,
              45.844199198987496
            ],
            [
              -61.27562664578481,
              45.84419733181778
            ],
            [
              -61.27602664122093,
              45.84419563254327
            ]
          ]
        ]
      },
      "properties": {
        "annotation_id": "F19-JUD-068",
        "sheet": 19,
        "source_text": "MᶜLennan's Mill",
        "kind": "mill",
        "reading_status": "clear",
        "placement_status": "map-derived-approximate",
        "geographic_role": "reviewed-source-group",
        "geometry_meaning": "Approximate source-symbol group; individual feature unresolved. Outline is not a property, footprint or error bound.",
        "fit_revision": "a6619d96ba8fa8279ea6a8027654a92b15942b9d",
        "fit_sha256": "fabbe2df06d4283c3ddbd3f9c259be5d966eb6391fdf6785711d5167891f0ca5",
        "source_sha256": "8a6588e2029c433ac85e190c9e10d1b4cda7dbba555f7824cfe6c5960163d724",
        "source_dimensions_px": [
          10815,
          7549
        ],
        "source_geometry_native": {
          "type": "Polygon",
          "coordinates": [
            [
              [
                8466.0,
                3592.0
              ],
              [
                8474.75,
                3592.0
              ],
              [
                8483.5,
                3592.0
              ],
              [
                8492.25,
                3592.0
              ],
              [
                8501.0,
                3592.0
              ],
              [
                8501.0,
                3601.6666666666665
              ],
              [
                8501.0,
                3611.3333333333335
              ],
              [
                8501.0,
                3621.0
              ],
              [
                8492.25,
                3621.0
              ],
              [
                8483.5,
                3621.0
              ],
              [
                8474.75,
                3621.0
              ],
              [
                8466.0,
                3621.0
              ],
              [
                8466.0,
                3611.3333333333335
              ],
              [
                8466.0,
                3601.6666666666665
              ],
              [
                8466.0,
                3592.0
              ]
            ]
          ]
        },
        "source_crop": {
          "native_xywh": [
            8261,
            3406,
            660,
            450
          ],
          "display_size": [
            660,
            450
          ],
          "rotation_degrees": 0
        },
        "source_context_url": "https://www.davidrumsey.com/luna/servlet/iiif/RUMSEY~8~1~2644~290012/8261,3406,660,450/660,450/0/default.jpg",
        "source_url": "https://www.davidrumsey.com/luna/servlet/iiif/m/RUMSEY~8~1~2644~290012/manifest",
        "credit": "David Rumsey Map Collection, David Rumsey Map Center, Stanford University Libraries",
        "imagery_licence_url": "https://creativecommons.org/licenses/by-nc-sa/3.0/",
        "source_note": "McLennan’s Mill lettering follows the road bend and watercourse crossing. A rounded mark west of the crossing and an adjacent mark near the watercourse form the immediate candidate group. The source does not establish one unique mill building.",
        "placement_note": "The road bend, north-south watercourse and western valley retain their relative order around the mill group. The current crossing is offset and modern water polygons occupy the southwestern reach. This supports approximate locality only; exact bank, footprint and individual mill remain unresolved.",
        "source_excerpt": "excerpts/F19-JUD-068.jpg",
        "evidence_url": "https://github.com/dfakkeldy/ns-marks-the-spot/blob/nightly/reports/fletcher/feature-geography/sheet-19-features.geojson",
        "evidence_sha256": "5bae00b1a80a1b5de63336465cc36ef510763bc4f9b9957d2ba56ba0559221cf"
      }
    },
    {
      "type": "Feature",
      "id": "F19-JUD-069",
      "geometry": {
        "type": "Polygon",
        "coordinates": [
          [
            [
              -61.299897217572706,
              45.84316409821608
            ],
            [
              -61.29990418826377,
              45.84284237878156
            ],
            [
              -61.299910928535795,
              45.84252066594519
            ],
            [
              -61.29991743112735,
              45.84219895384228
            ],
            [
              -61.299923689269065,
              45.84187723704813
            ],
            [
              -61.29992969667949,
              45.841555510572675
            ],
            [
              -61.29993544755946,
              45.84123376985366
            ],
            [
              -61.299940936584306,
              45.84091201074803
            ],
            [
              -61.29994615889556,
              45.84059022952199
            ],
            [
              -61.29953494149972,
              45.84057867476078
            ],
            [
              -61.299123932683,
              45.840567301155225
            ],
            [
              -61.298713138204825,
              45.840556114274435
            ],
            [
              -61.29830256374591,
              45.84054511965887
            ],
            [
              -61.29789221489509,
              45.84053432280643
            ],
            [
              -61.297482097136516,
              45.84052372915606
            ],
            [
              -61.297475859709316,
              45.840844210701825
            ],
            [
              -61.2974693772041,
              45.84116467601427
            ],
            [
              -61.297462654727696,
              45.841485129297936
            ],
            [
              -61.29745569787347,
              45.84180557518837
            ],
            [
              -61.29744851274026,
              45.84212601877253
            ],
            [
              -61.29744110595071,
              45.842446465609285
            ],
            [
              -61.29743348467161,
              45.84276692175115
            ],
            [
              -61.29742565663283,
              45.84308739376607
            ],
            [
              -61.29783698834072,
              45.84309964539654
            ],
            [
              -61.29824856765531,
              45.8431121195649
            ],
            [
              -61.29866038740783,
              45.84312480906595
            ],
            [
              -61.299072440420765,
              45.84313770673384
            ],
            [
              -61.29948471952476,
              45.843150805461335
            ],
            [
              -61.299897217572706,
              45.84316409821608
            ]
          ]
        ]
      },
      "properties": {
        "annotation_id": "F19-JUD-069",
        "sheet": 19,
        "source_text": "Fall 25",
        "kind": "waterfall-annotation",
        "reading_status": "tentative",
        "placement_status": "map-derived-approximate",
        "geographic_role": "reviewed-source-group",
        "geometry_meaning": "Approximate source-symbol group; individual feature unresolved. Outline is not a property, footprint or error bound.",
        "fit_revision": "a6619d96ba8fa8279ea6a8027654a92b15942b9d",
        "fit_sha256": "fabbe2df06d4283c3ddbd3f9c259be5d966eb6391fdf6785711d5167891f0ca5",
        "source_sha256": "8a6588e2029c433ac85e190c9e10d1b4cda7dbba555f7824cfe6c5960163d724",
        "source_dimensions_px": [
          10815,
          7549
        ],
        "source_geometry_native": {
          "type": "Polygon",
          "coordinates": [
            [
              [
                7955.0,
                3635.0
              ],
              [
                7963.666666666667,
                3635.0
              ],
              [
                7972.333333333333,
                3635.0
              ],
              [
                7981.0,
                3635.0
              ],
              [
                7989.666666666667,
                3635.0
              ],
              [
                7998.333333333333,
                3635.0
              ],
              [
                8007.0,
                3635.0
              ],
              [
                8007.0,
                3645.0
              ],
              [
                8007.0,
                3655.0
              ],
              [
                8007.0,
                3665.0
              ],
              [
                8007.0,
                3675.0
              ],
              [
                8007.0,
                3685.0
              ],
              [
                8007.0,
                3695.0
              ],
              [
                8007.0,
                3705.0
              ],
              [
                8007.0,
                3715.0
              ],
              [
                7998.333333333333,
                3715.0
              ],
              [
                7989.666666666667,
                3715.0
              ],
              [
                7981.0,
                3715.0
              ],
              [
                7972.333333333333,
                3715.0
              ],
              [
                7963.666666666667,
                3715.0
              ],
              [
                7955.0,
                3715.0
              ],
              [
                7955.0,
                3705.0
              ],
              [
                7955.0,
                3695.0
              ],
              [
                7955.0,
                3685.0
              ],
              [
                7955.0,
                3675.0
              ],
              [
                7955.0,
                3665.0
              ],
              [
                7955.0,
                3655.0
              ],
              [
                7955.0,
                3645.0
              ],
              [
                7955.0,
                3635.0
              ]
            ]
          ]
        },
        "source_crop": {
          "native_xywh": [
            7729,
            3438,
            660,
            450
          ],
          "display_size": [
            660,
            450
          ],
          "rotation_degrees": 0
        },
        "source_context_url": "https://www.davidrumsey.com/luna/servlet/iiif/RUMSEY~8~1~2644~290012/7729,3438,660,450/660,450/0/default.jpg",
        "source_url": "https://www.davidrumsey.com/luna/servlet/iiif/m/RUMSEY~8~1~2644~290012/manifest",
        "credit": "David Rumsey Map Collection, David Rumsey Map Center, Stanford University Libraries",
        "imagery_licence_url": "https://creativecommons.org/licenses/by-nc-sa/3.0/",
        "source_note": "Fall 25 is beside the West Branch reach partly overprinted by geological strike marks above the railway junction. Retain the bounded source reach group where the exact fall position is obscured. The hatching is not a falls symbol and 25 is historical wording, not a modern measurement.",
        "placement_note": "The West Branch enters the projected group from the north and turns toward the southeastern valley junction. Modern topology supports this approximate reach region; the historical railway/road positions and local bend differ. Geological overprint obscures the exact source fall position. The group is not a waterfall footprint, and 25 remains historical wording.",
        "source_excerpt": "excerpts/F19-JUD-069.jpg",
        "evidence_url": "https://github.com/dfakkeldy/ns-marks-the-spot/blob/nightly/reports/fletcher/feature-geography/sheet-19-features.geojson",
        "evidence_sha256": "5bae00b1a80a1b5de63336465cc36ef510763bc4f9b9957d2ba56ba0559221cf"
      }
    },
    {
      "type": "Feature",
      "id": "F19-JUD-070",
      "geometry": {
        "type": "LineString",
        "coordinates": [
          [
            -61.26950984029191,
            45.86744153204088
          ],
          [
            -61.269076844082754,
            45.86738902417952
          ],
          [
            -61.268643992506476,
            45.86733671724404
          ],
          [
            -61.268254345673824,
            45.867397515756515
          ],
          [
            -61.26786477211638,
            45.8674583998072
          ],
          [
            -61.26749884459884,
            45.86748743556863
          ],
          [
            -61.26713298884368,
            45.86751656313751
          ],
          [
            -61.26674707407489,
            45.867433247261815
          ],
          [
            -61.266361285934074,
            45.86735010990376
          ],
          [
            -61.2660583064401,
            45.86730515874525
          ],
          [
            -61.265755397295884,
            45.867260305550346
          ],
          [
            -61.26545255815792,
            45.867215549757425
          ]
        ]
      },
      "properties": {
        "annotation_id": "F19-JUD-070",
        "sheet": 19,
        "source_text": "Falls",
        "kind": "waterfall-annotation",
        "reading_status": "tentative",
        "placement_status": "map-derived-approximate",
        "geographic_role": "reviewed-source-line",
        "geometry_meaning": "Approximate traced portion of a historical linear feature. Endpoints delimit reviewed source evidence, not its full extent or an exact falls site. No current condition or access is asserted.",
        "fit_revision": "a6619d96ba8fa8279ea6a8027654a92b15942b9d",
        "fit_sha256": "fabbe2df06d4283c3ddbd3f9c259be5d966eb6391fdf6785711d5167891f0ca5",
        "source_sha256": "8a6588e2029c433ac85e190c9e10d1b4cda7dbba555f7824cfe6c5960163d724",
        "source_dimensions_px": [
          10815,
          7549
        ],
        "source_geometry_native": {
          "type": "LineString",
          "coordinates": [
            [
              8596.0,
              2866.0
            ],
            [
              8605.5,
              2867.5
            ],
            [
              8615.0,
              2869.0
            ],
            [
              8623.5,
              2867.0
            ],
            [
              8632.0,
              2865.0
            ],
            [
              8640.0,
              2864.0
            ],
            [
              8648.0,
              2863.0
            ],
            [
              8656.5,
              2865.5
            ],
            [
              8665.0,
              2868.0
            ],
            [
              8671.666666666666,
              2869.3333333333335
            ],
            [
              8678.333333333334,
              2870.6666666666665
            ],
            [
              8685,
              2872
            ]
          ]
        },
        "source_crop": {
          "native_xywh": [
            8307,
            2660,
            660,
            450
          ],
          "display_size": [
            660,
            450
          ],
          "rotation_degrees": 0
        },
        "source_context_url": "https://www.davidrumsey.com/luna/servlet/iiif/RUMSEY~8~1~2644~290012/8307,2660,660,450/660,450/0/default.jpg",
        "source_url": "https://www.davidrumsey.com/luna/servlet/iiif/m/RUMSEY~8~1~2644~290012/manifest",
        "credit": "David Rumsey Map Collection, David Rumsey Map Center, Stanford University Libraries",
        "imagery_licence_url": "https://creativecommons.org/licenses/by-nc-sa/3.0/",
        "source_note": "The tentative Falls reading lies below the lower of two small tributaries west of the main watercourse and railway, above the Quartz Mill district. Wider native context separates this stream from the road, railway and mill marks. Trace only that adjacent tributary; do not assign an exact drop point or silently upgrade the reading.",
        "placement_note": "The lower small historical tributary approaches the main valley above the mill district. The modern reference does not resolve this small tributary, and the projected trace crosses the modern main channel near its eastern end. Retain approximate historical evidence only; no current tributary, exact drop or upgraded reading is claimed.",
        "source_excerpt": "excerpts/F19-JUD-070.jpg",
        "evidence_url": "https://github.com/dfakkeldy/ns-marks-the-spot/blob/nightly/reports/fletcher/feature-geography/sheet-19-features.geojson",
        "evidence_sha256": "5bae00b1a80a1b5de63336465cc36ef510763bc4f9b9957d2ba56ba0559221cf"
      }
    },
    {
      "type": "Feature",
      "id": "F19-JUD-071",
      "geometry": {
        "type": "Point",
        "coordinates": [
          -61.43605344281125,
          45.83560421154273
        ]
      },
      "properties": {
        "annotation_id": "F19-JUD-071",
        "sheet": 19,
        "source_text": "School",
        "kind": "school",
        "reading_status": "clear",
        "placement_status": "map-derived-approximate",
        "geographic_role": "reviewed-source-mark",
        "geometry_meaning": "Approximate historical mark location; not a surveyed site, current condition, ownership or access.",
        "fit_revision": "a6619d96ba8fa8279ea6a8027654a92b15942b9d",
        "fit_sha256": "fabbe2df06d4283c3ddbd3f9c259be5d966eb6391fdf6785711d5167891f0ca5",
        "source_sha256": "8a6588e2029c433ac85e190c9e10d1b4cda7dbba555f7824cfe6c5960163d724",
        "source_dimensions_px": [
          10815,
          7549
        ],
        "source_geometry_native": {
          "type": "Point",
          "coordinates": [
            4974,
            3788
          ]
        },
        "source_crop": {
          "native_xywh": [
            4681,
            3545,
            660,
            450
          ],
          "display_size": [
            660,
            450
          ],
          "rotation_degrees": 0
        },
        "source_context_url": "https://www.davidrumsey.com/luna/servlet/iiif/RUMSEY~8~1~2644~290012/4681,3545,660,450/660,450/0/default.jpg",
        "source_url": "https://www.davidrumsey.com/luna/servlet/iiif/m/RUMSEY~8~1~2644~290012/manifest",
        "credit": "David Rumsey Map Collection, David Rumsey Map Center, Stanford University Libraries",
        "imagery_licence_url": "https://creativecommons.org/licenses/by-nc-sa/3.0/",
        "source_note": "The isolated filled building mark directly below School lies north of the road, east of the western watercourse crossing, and west of School 073. The two marks northeast of the lettering are separate.",
        "placement_note": "The western crossing, north-of-road source school and southern drainage corridor are recognizable in the modern reference. Nearby road and tributary lines differ locally. The source mark supports an approximate historical point, not a surveyed or continuing school site.",
        "source_excerpt": "excerpts/F19-JUD-071.jpg",
        "evidence_url": "https://github.com/dfakkeldy/ns-marks-the-spot/blob/nightly/reports/fletcher/feature-geography/sheet-19-features.geojson",
        "evidence_sha256": "5bae00b1a80a1b5de63336465cc36ef510763bc4f9b9957d2ba56ba0559221cf"
      }
    },
    {
      "type": "Feature",
      "id": "F19-JUD-072",
      "geometry": {
        "type": "Polygon",
        "coordinates": [
          [
            [
              -61.41949152136199,
              45.836582639959175
            ],
            [
              -61.41948329209492,
              45.83624778381609
            ],
            [
              -61.419474808347886,
              45.83591340493125
            ],
            [
              -61.419466057972066,
              45.835579519390784
            ],
            [
              -61.41898960197112,
              45.83559878369475
            ],
            [
              -61.41851321670721,
              45.83561804754708
            ],
            [
              -61.418036921844006,
              45.835637305879615
            ],
            [
              -61.417560736161946,
              45.83565655453543
            ],
            [
              -61.41708467749852,
              45.8356757902286
            ],
            [
              -61.416608762691126,
              45.83569501049756
            ],
            [
              -61.41613300752434,
              45.83571421365633
            ],
            [
              -61.41565742668155,
              45.83573339874156
            ],
            [
              -61.41518203370012,
              45.83575256545868
            ],
            [
              -61.414706840931245,
              45.835771714126906
            ],
            [
              -61.41423185950442,
              45.83579084562394
            ],
            [
              -61.41424094596521,
              45.836123760605744
            ],
            [
              -61.41424980093287,
              45.83645705052884
            ],
            [
              -61.414258427719915,
              45.83679069965117
            ],
            [
              -61.41473351829643,
              45.83677160357684
            ],
            [
              -61.41520878726797,
              45.836752544351
            ],
            [
              -61.41568422032756,
              45.83673352094746
            ],
            [
              -61.41615980200209,
              45.836714532684574
            ],
            [
              -61.41663551571442,
              45.836695579281404
            ],
            [
              -61.4171113438511,
              45.83667666091561
            ],
            [
              -61.4175872678346,
              45.83665777827973
            ],
            [
              -61.418063268200775,
              45.836638932637086
            ],
            [
              -61.41853932467895,
              45.8366201258752
            ],
            [
              -61.41901541627597,
              45.836601360555456
            ],
            [
              -61.41949152136199,
              45.836582639959175
            ]
          ]
        ]
      },
      "properties": {
        "annotation_id": "F19-JUD-072",
        "sheet": 19,
        "source_text": "School",
        "kind": "school",
        "reading_status": "clear",
        "placement_status": "map-derived-approximate",
        "geographic_role": "reviewed-source-group",
        "geometry_meaning": "Approximate source-symbol group; individual feature unresolved. Outline is not a property, footprint or error bound.",
        "fit_revision": "a6619d96ba8fa8279ea6a8027654a92b15942b9d",
        "fit_sha256": "fabbe2df06d4283c3ddbd3f9c259be5d966eb6391fdf6785711d5167891f0ca5",
        "source_sha256": "8a6588e2029c433ac85e190c9e10d1b4cda7dbba555f7824cfe6c5960163d724",
        "source_dimensions_px": [
          10815,
          7549
        ],
        "source_geometry_native": {
          "type": "Polygon",
          "coordinates": [
            [
              [
                5325.0,
                3776.0
              ],
              [
                5335.0,
                3776.0
              ],
              [
                5345.0,
                3776.0
              ],
              [
                5355.0,
                3776.0
              ],
              [
                5365.0,
                3776.0
              ],
              [
                5375.0,
                3776.0
              ],
              [
                5385.0,
                3776.0
              ],
              [
                5395.0,
                3776.0
              ],
              [
                5405.0,
                3776.0
              ],
              [
                5415.0,
                3776.0
              ],
              [
                5425.0,
                3776.0
              ],
              [
                5435.0,
                3776.0
              ],
              [
                5435.0,
                3785.6666666666665
              ],
              [
                5435.0,
                3795.3333333333335
              ],
              [
                5435.0,
                3805.0
              ],
              [
                5425.0,
                3805.0
              ],
              [
                5415.0,
                3805.0
              ],
              [
                5405.0,
                3805.0
              ],
              [
                5395.0,
                3805.0
              ],
              [
                5385.0,
                3805.0
              ],
              [
                5375.0,
                3805.0
              ],
              [
                5365.0,
                3805.0
              ],
              [
                5355.0,
                3805.0
              ],
              [
                5345.0,
                3805.0
              ],
              [
                5335.0,
                3805.0
              ],
              [
                5325.0,
                3805.0
              ],
              [
                5325.0,
                3795.3333333333335
              ],
              [
                5325.0,
                3785.6666666666665
              ],
              [
                5325.0,
                3776.0
              ]
            ]
          ]
        },
        "source_crop": {
          "native_xywh": [
            5044,
            3544,
            660,
            450
          ],
          "display_size": [
            660,
            450
          ],
          "rotation_degrees": 0
        },
        "source_context_url": "https://www.davidrumsey.com/luna/servlet/iiif/RUMSEY~8~1~2644~290012/5044,3544,660,450/660,450/0/default.jpg",
        "source_url": "https://www.davidrumsey.com/luna/servlet/iiif/m/RUMSEY~8~1~2644~290012/manifest",
        "credit": "David Rumsey Map Collection, David Rumsey Map Center, Stanford University Libraries",
        "imagery_licence_url": "https://creativecommons.org/licenses/by-nc-sa/3.0/",
        "source_note": "School is north of the road just west of a south-running junction. A faint possible mark below the lettering and a clearer mark southeast of that junction cannot be uniquely assigned. Keep their candidate region; neither the faint mark nor an exact school site is confirmed.",
        "placement_note": "The school candidate region lies near the north-south road approach, between western and eastern drainage corridors. Modern linework does not reproduce the historical east-west road and junction exactly. The source itself is ambiguous, including a faint possible mark; retain the candidate group only.",
        "source_excerpt": "excerpts/F19-JUD-072.jpg",
        "evidence_url": "https://github.com/dfakkeldy/ns-marks-the-spot/blob/nightly/reports/fletcher/feature-geography/sheet-19-features.geojson",
        "evidence_sha256": "5bae00b1a80a1b5de63336465cc36ef510763bc4f9b9957d2ba56ba0559221cf"
      }
    },
    {
      "type": "Feature",
      "id": "F19-JUD-073",
      "geometry": {
        "type": "Point",
        "coordinates": [
          -61.429816216843356,
          45.833710156694565
        ]
      },
      "properties": {
        "annotation_id": "F19-JUD-073",
        "sheet": 19,
        "source_text": "School",
        "kind": "school",
        "reading_status": "clear",
        "placement_status": "map-derived-approximate",
        "geographic_role": "reviewed-source-mark",
        "geometry_meaning": "Approximate historical mark location; not a surveyed site, current condition, ownership or access.",
        "fit_revision": "a6619d96ba8fa8279ea6a8027654a92b15942b9d",
        "fit_sha256": "fabbe2df06d4283c3ddbd3f9c259be5d966eb6391fdf6785711d5167891f0ca5",
        "source_sha256": "8a6588e2029c433ac85e190c9e10d1b4cda7dbba555f7824cfe6c5960163d724",
        "source_dimensions_px": [
          10815,
          7549
        ],
        "source_geometry_native": {
          "type": "Point",
          "coordinates": [
            5107,
            3847
          ]
        },
        "source_crop": {
          "native_xywh": [
            4760,
            3603,
            660,
            450
          ],
          "display_size": [
            660,
            450
          ],
          "rotation_degrees": 0
        },
        "source_context_url": "https://www.davidrumsey.com/luna/servlet/iiif/RUMSEY~8~1~2644~290012/4760,3603,660,450/660,450/0/default.jpg",
        "source_url": "https://www.davidrumsey.com/luna/servlet/iiif/m/RUMSEY~8~1~2644~290012/manifest",
        "credit": "David Rumsey Map Collection, David Rumsey Map Center, Stanford University Libraries",
        "imagery_licence_url": "https://creativecommons.org/licenses/by-nc-sa/3.0/",
        "source_note": "The compact filled mark immediately below School lies north of the curving road and east of School 071. It is distinct from the northwestern pair of building marks.",
        "placement_note": "The source mark lies north of the eastern curved road section, southeast of School 071 and north of the southern stream corridor. The modern road ends nearby and does not reproduce the entire printed curve; the cause of this difference is unproven. Retain approximate historical locality with this limit.",
        "source_excerpt": "excerpts/F19-JUD-073.jpg",
        "evidence_url": "https://github.com/dfakkeldy/ns-marks-the-spot/blob/nightly/reports/fletcher/feature-geography/sheet-19-features.geojson",
        "evidence_sha256": "5bae00b1a80a1b5de63336465cc36ef510763bc4f9b9957d2ba56ba0559221cf"
      }
    },
    {
      "type": "Feature",
      "id": "F19-JUD-074",
      "geometry": {
        "type": "Polygon",
        "coordinates": [
          [
            [
              -61.48163261730472,
              45.83478881538216
            ],
            [
              -61.48165531206115,
              45.83444052917377
            ],
            [
              -61.48167770104445,
              45.834092385675866
            ],
            [
              -61.48169977164585,
              45.83374439251202
            ],
            [
              -61.48172151124476,
              45.833396557212794
            ],
            [
              -61.48174290721471,
              45.833048887216535
            ],
            [
              -61.4817639469315,
              45.83270138987027
            ],
            [
              -61.481784617782075,
              45.8323540724299
            ],
            [
              -61.48180490717519,
              45.832006942061305
            ],
            [
              -61.4818248025541,
              45.83166000584107
            ],
            [
              -61.48184429141077,
              45.83131327075683
            ],
            [
              -61.48145321410931,
              45.83131120022408
            ],
            [
              -61.48106213183135,
              45.83130915187829
            ],
            [
              -61.48067103481097,
              45.83130712888364
            ],
            [
              -61.48027991290481,
              45.83130513434805
            ],
            [
              -61.47988875558862,
              45.83130317131916
            ],
            [
              -61.47986883039758,
              45.83165007876189
            ],
            [
              -61.47984848242192,
              45.83199719837571
            ],
            [
              -61.47982772552369,
              45.832344523182954
            ],
            [
              -61.47980657350977,
              45.83269204611759
            ],
            [
              -61.479785040123446,
              45.833039760023674
            ],
            [
              -61.47976313903764,
              45.83338765765452
            ],
            [
              -61.479740883850134,
              45.83373573167196
            ],
            [
              -61.47971828807996,
              45.83408397464514
            ],
            [
              -61.47969536516519,
              45.83443237904977
            ],
            [
              -61.47967212846215,
              45.83478093726727
            ],
            [
              -61.480064320145374,
              45.83478250112433
            ],
            [
              -61.480456455970646,
              45.83478407355868
            ],
            [
              -61.480848544930794,
              45.83478565191022
            ],
            [
              -61.48124059583516,
              45.83478723344978
            ],
            [
              -61.48163261730472,
              45.83478881538216
            ]
          ]
        ]
      },
      "properties": {
        "annotation_id": "F19-JUD-074",
        "sheet": 19,
        "source_text": "Forge",
        "kind": "forge",
        "reading_status": "clear",
        "placement_status": "map-derived-approximate",
        "geographic_role": "reviewed-source-group",
        "geometry_meaning": "Approximate source-symbol group; individual feature unresolved. Outline is not a property, footprint or error bound.",
        "fit_revision": "a6619d96ba8fa8279ea6a8027654a92b15942b9d",
        "fit_sha256": "fabbe2df06d4283c3ddbd3f9c259be5d966eb6391fdf6785711d5167891f0ca5",
        "source_sha256": "8a6588e2029c433ac85e190c9e10d1b4cda7dbba555f7824cfe6c5960163d724",
        "source_dimensions_px": [
          10815,
          7549
        ],
        "source_geometry_native": {
          "type": "Polygon",
          "coordinates": [
            [
              [
                3960.0,
                3808.0
              ],
              [
                3969.0,
                3808.0
              ],
              [
                3978.0,
                3808.0
              ],
              [
                3987.0,
                3808.0
              ],
              [
                3996.0,
                3808.0
              ],
              [
                4005.0,
                3808.0
              ],
              [
                4005.0,
                3817.9
              ],
              [
                4005.0,
                3827.8
              ],
              [
                4005.0,
                3837.7
              ],
              [
                4005.0,
                3847.6
              ],
              [
                4005.0,
                3857.5
              ],
              [
                4005.0,
                3867.4
              ],
              [
                4005.0,
                3877.3
              ],
              [
                4005.0,
                3887.2
              ],
              [
                4005.0,
                3897.1
              ],
              [
                4005.0,
                3907.0
              ],
              [
                3996.0,
                3907.0
              ],
              [
                3987.0,
                3907.0
              ],
              [
                3978.0,
                3907.0
              ],
              [
                3969.0,
                3907.0
              ],
              [
                3960.0,
                3907.0
              ],
              [
                3960.0,
                3897.1
              ],
              [
                3960.0,
                3887.2
              ],
              [
                3960.0,
                3877.3
              ],
              [
                3960.0,
                3867.4
              ],
              [
                3960.0,
                3857.5
              ],
              [
                3960.0,
                3847.6
              ],
              [
                3960.0,
                3837.7
              ],
              [
                3960.0,
                3827.8
              ],
              [
                3960.0,
                3817.9
              ],
              [
                3960.0,
                3808.0
              ]
            ]
          ]
        },
        "source_crop": {
          "native_xywh": [
            3639,
            3646,
            660,
            450
          ],
          "display_size": [
            660,
            450
          ],
          "rotation_degrees": 0
        },
        "source_context_url": "https://www.davidrumsey.com/luna/servlet/iiif/RUMSEY~8~1~2644~290012/3639,3646,660,450/660,450/0/default.jpg",
        "source_url": "https://www.davidrumsey.com/luna/servlet/iiif/m/RUMSEY~8~1~2644~290012/manifest",
        "credit": "David Rumsey Map Collection, David Rumsey Map Center, Stanford University Libraries",
        "imagery_licence_url": "https://creativecommons.org/licenses/by-nc-sa/3.0/",
        "source_note": "Forge lettering is among several marks west of the coastal road around the eastern road junction. Marks above and below the lettering remain candidates; no individual forge building can be selected.",
        "placement_note": "The coastal road corridor and eastern road approaches constrain the forge group west of Highway 19, north of the Chisholm brook district. Modern branch connections differ. Source marks above and below the label remain unresolved as individual buildings.",
        "source_excerpt": "excerpts/F19-JUD-074.jpg",
        "evidence_url": "https://github.com/dfakkeldy/ns-marks-the-spot/blob/nightly/reports/fletcher/feature-geography/sheet-19-features.geojson",
        "evidence_sha256": "5bae00b1a80a1b5de63336465cc36ef510763bc4f9b9957d2ba56ba0559221cf"
      }
    },
    {
      "type": "Feature",
      "id": "F19-JUD-077",
      "geometry": {
        "type": "Polygon",
        "coordinates": [
          [
            [
              -61.445894578699345,
              45.82244809670875
            ],
            [
              -61.44587509697828,
              45.82212533012914
            ],
            [
              -61.44585468022515,
              45.82180356062966
            ],
            [
              -61.44583338479896,
              45.82148275536724
            ],
            [
              -61.445811277076025,
              45.8211628739452
            ],
            [
              -61.445788433968026,
              45.82084386798141
            ],
            [
              -61.4457649433357,
              45.82052568076034
            ],
            [
              -61.445740904272895,
              45.820208246989495
            ],
            [
              -61.44571642723478,
              45.819891492682885
            ],
            [
              -61.44525391733383,
              45.81989012309263
            ],
            [
              -61.444791455106035,
              45.81988890382434
            ],
            [
              -61.44432896872001,
              45.81988789583354
            ],
            [
              -61.44386638881112,
              45.81988715834288
            ],
            [
              -61.443403648483944,
              45.81988674888489
            ],
            [
              -61.44294068325159,
              45.819886723394546
            ],
            [
              -61.44247743091238,
              45.81988713635273
            ],
            [
              -61.44201383136613,
              45.819888040983166
            ],
            [
              -61.44203920656512,
              45.820202318543174
            ],
            [
              -61.44206391075879,
              45.820517677919135
            ],
            [
              -61.44208784009912,
              45.820834189559264
            ],
            [
              -61.44211090790469,
              45.82115190849521
            ],
            [
              -61.44213304370609,
              45.8214708753482
            ],
            [
              -61.44215419200136,
              45.82179111759176
            ],
            [
              -61.44217431082156,
              45.822112650974155
            ],
            [
              -61.44219337020168,
              45.82243548101535
            ],
            [
              -61.44265625827692,
              45.82243616433652
            ],
            [
              -61.44311895586099,
              45.82243721753907
            ],
            [
              -61.44358152649443,
              45.822438581124004
            ],
            [
              -61.444044031790874,
              45.822440197621326
            ],
            [
              -61.44450653173867,
              45.82244201123559
            ],
            [
              -61.44496908490688,
              45.82244396757187
            ],
            [
              -61.445431748562214,
              45.822446013436625
            ],
            [
              -61.445894578699345,
              45.82244809670875
            ]
          ]
        ]
      },
      "properties": {
        "annotation_id": "F19-JUD-077",
        "sheet": 19,
        "source_text": "Mill",
        "kind": "mill",
        "reading_status": "clear",
        "placement_status": "map-derived-approximate",
        "geographic_role": "reviewed-source-group",
        "geometry_meaning": "Approximate source-symbol group; individual feature unresolved. Outline is not a property, footprint or error bound.",
        "fit_revision": "a6619d96ba8fa8279ea6a8027654a92b15942b9d",
        "fit_sha256": "fabbe2df06d4283c3ddbd3f9c259be5d966eb6391fdf6785711d5167891f0ca5",
        "source_sha256": "8a6588e2029c433ac85e190c9e10d1b4cda7dbba555f7824cfe6c5960163d724",
        "source_dimensions_px": [
          10815,
          7549
        ],
        "source_geometry_native": {
          "type": "Polygon",
          "coordinates": [
            [
              [
                4760.0,
                4170.0
              ],
              [
                4770.0,
                4170.0
              ],
              [
                4780.0,
                4170.0
              ],
              [
                4790.0,
                4170.0
              ],
              [
                4800.0,
                4170.0
              ],
              [
                4810.0,
                4170.0
              ],
              [
                4820.0,
                4170.0
              ],
              [
                4830.0,
                4170.0
              ],
              [
                4840.0,
                4170.0
              ],
              [
                4840.0,
                4180.0
              ],
              [
                4840.0,
                4190.0
              ],
              [
                4840.0,
                4200.0
              ],
              [
                4840.0,
                4210.0
              ],
              [
                4840.0,
                4220.0
              ],
              [
                4840.0,
                4230.0
              ],
              [
                4840.0,
                4240.0
              ],
              [
                4840.0,
                4250.0
              ],
              [
                4830.0,
                4250.0
              ],
              [
                4820.0,
                4250.0
              ],
              [
                4810.0,
                4250.0
              ],
              [
                4800.0,
                4250.0
              ],
              [
                4790.0,
                4250.0
              ],
              [
                4780.0,
                4250.0
              ],
              [
                4770.0,
                4250.0
              ],
              [
                4760.0,
                4250.0
              ],
              [
                4760.0,
                4240.0
              ],
              [
                4760.0,
                4230.0
              ],
              [
                4760.0,
                4220.0
              ],
              [
                4760.0,
                4210.0
              ],
              [
                4760.0,
                4200.0
              ],
              [
                4760.0,
                4190.0
              ],
              [
                4760.0,
                4180.0
              ],
              [
                4760.0,
                4170.0
              ]
            ]
          ]
        },
        "source_crop": {
          "native_xywh": [
            4398,
            3980,
            660,
            450
          ],
          "display_size": [
            660,
            450
          ],
          "rotation_degrees": 0
        },
        "source_context_url": "https://www.davidrumsey.com/luna/servlet/iiif/RUMSEY~8~1~2644~290012/4398,3980,660,450/660,450/0/default.jpg",
        "source_url": "https://www.davidrumsey.com/luna/servlet/iiif/m/RUMSEY~8~1~2644~290012/manifest",
        "credit": "David Rumsey Map Collection, David Rumsey Map Center, Stanford University Libraries",
        "imagery_licence_url": "https://creativecommons.org/licenses/by-nc-sa/3.0/",
        "source_note": "The singular Mill label points toward a brook bend, but the reviewed native pixels do not separate a facility mark from the stream line. A marks this ambiguous bend only.",
        "placement_note": "Western crossing 078, separate eastern crossing 079 and northeastern stream bend 077 retain their relative order. Current stream geometry visibly differs within the group rectangles. These remain approximate bounded source groups; neither individual buildings nor private residences are identified.",
        "source_excerpt": "excerpts/F19-JUD-077.jpg",
        "evidence_url": "https://github.com/dfakkeldy/ns-marks-the-spot/blob/nightly/reports/fletcher/feature-geography/sheet-19-features.geojson",
        "evidence_sha256": "5bae00b1a80a1b5de63336465cc36ef510763bc4f9b9957d2ba56ba0559221cf"
      }
    },
    {
      "type": "Feature",
      "id": "F19-JUD-078",
      "geometry": {
        "type": "Polygon",
        "coordinates": [
          [
            [
              -61.47752057751618,
              45.815253192053476
            ],
            [
              -61.47751188473865,
              45.81493493178636
            ],
            [
              -61.47750320909314,
              45.814617066020034
            ],
            [
              -61.4774946241022,
              45.81429960333003
            ],
            [
              -61.477486207016085,
              45.81398255421142
            ],
            [
              -61.477478038984295,
              45.81366593130128
            ],
            [
              -61.477470205138985,
              45.813349749551
            ],
            [
              -61.477462794433244,
              45.813034026278494
            ],
            [
              -61.47745589896252,
              45.812718780978216
            ],
            [
              -61.47744961235481,
              45.812404034705516
            ],
            [
              -61.4774440267184,
              45.8120898088082
            ],
            [
              -61.47743922776651,
              45.81177612283668
            ],
            [
              -61.47698923383183,
              45.811777928713674
            ],
            [
              -61.47653932229798,
              45.811780237543786
            ],
            [
              -61.47608954880429,
              45.811783095193135
            ],
            [
              -61.47563999341507,
              45.81178655902601
            ],
            [
              -61.47519077829558,
              45.8117907057444
            ],
            [
              -61.47474209592311,
              45.81179564389123
            ],
            [
              -61.47429416810145,
              45.81180149567779
            ],
            [
              -61.47384696286869,
              45.81180827149619
            ],
            [
              -61.47340018313933,
              45.811815864858595
            ],
            [
              -61.47295355460756,
              45.81182417995949
            ],
            [
              -61.47250687437012,
              45.8118331531694
            ],
            [
              -61.47205998285116,
              45.81184274051466
            ],
            [
              -61.47161274577259,
              45.81185290958563
            ],
            [
              -61.471165044938395,
              45.811863635325
            ],
            [
              -61.470716773279825,
              45.81187489767063
            ],
            [
              -61.47026783202727,
              45.811886680105665
            ],
            [
              -61.469818129048726,
              45.81189896868217
            ],
            [
              -61.46936757789265,
              45.81191175131141
            ],
            [
              -61.468916097293864,
              45.81192501720818
            ],
            [
              -61.468928950810174,
              45.81223706671403
            ],
            [
              -61.468942887366914,
              45.81254931151643
            ],
            [
              -61.46895784292086,
              45.81286174780066
            ],
            [
              -61.4689737428203,
              45.813174372287826
            ],
            [
              -61.468990502508994,
              45.813487182787185
            ],
            [
              -61.46900802825255,
              45.813800178730396
            ],
            [
              -61.46902621782031,
              45.81411336165009
            ],
            [
              -61.46904496109065,
              45.81442673557711
            ],
            [
              -61.469064140580016,
              45.814740307345026
            ],
            [
              -61.46908363192502,
              45.815054086793836
            ],
            [
              -61.46910330436615,
              45.81536808687279
            ],
            [
              -61.469549975275314,
              45.815357222931986
            ],
            [
              -61.46999569469692,
              45.81534688461451
            ],
            [
              -61.47044057957591,
              45.81533707257645
            ],
            [
              -61.470884743240035,
              45.81532778886827
            ],
            [
              -61.47132829519791,
              45.815319036745066
            ],
            [
              -61.47177134082216,
              45.815310820378464
            ],
            [
              -61.472213980852835,
              45.81530314446502
            ],
            [
              -61.47265631068177,
              45.8152960137273
            ],
            [
              -61.47309841941475,
              45.81528943231885
            ],
            [
              -61.473540388761435,
              45.81528340315856
            ],
            [
              -61.473982291861425,
              45.815277927246825
            ],
            [
              -61.47442419220366,
              45.81527300303576
            ],
            [
              -61.4748661428275,
              45.815268625934934
            ],
            [
              -61.47530818596971,
              45.81526478802817
            ],
            [
              -61.47575035325738,
              45.81526147804334
            ],
            [
              -61.47619266644675,
              45.81525868157427
            ],
            [
              -61.4766351386052,
              45.815256381510686
            ],
            [
              -61.47707777557271,
              45.815254558598845
            ],
            [
              -61.47752057751618,
              45.815253192053476
            ]
          ]
        ]
      },
      "properties": {
        "annotation_id": "F19-JUD-078",
        "sheet": 19,
        "source_text": "Mills",
        "kind": "mill",
        "reading_status": "clear",
        "placement_status": "map-derived-approximate",
        "geographic_role": "reviewed-source-group",
        "geometry_meaning": "Approximate source-symbol group; individual feature unresolved. Outline is not a property, footprint or error bound.",
        "fit_revision": "a6619d96ba8fa8279ea6a8027654a92b15942b9d",
        "fit_sha256": "fabbe2df06d4283c3ddbd3f9c259be5d966eb6391fdf6785711d5167891f0ca5",
        "source_sha256": "8a6588e2029c433ac85e190c9e10d1b4cda7dbba555f7824cfe6c5960163d724",
        "source_dimensions_px": [
          10815,
          7549
        ],
        "source_geometry_native": {
          "type": "Polygon",
          "coordinates": [
            [
              [
                4065.0,
                4375.0
              ],
              [
                4075.0,
                4375.0
              ],
              [
                4085.0,
                4375.0
              ],
              [
                4095.0,
                4375.0
              ],
              [
                4105.0,
                4375.0
              ],
              [
                4115.0,
                4375.0
              ],
              [
                4125.0,
                4375.0
              ],
              [
                4135.0,
                4375.0
              ],
              [
                4145.0,
                4375.0
              ],
              [
                4155.0,
                4375.0
              ],
              [
                4165.0,
                4375.0
              ],
              [
                4175.0,
                4375.0
              ],
              [
                4185.0,
                4375.0
              ],
              [
                4195.0,
                4375.0
              ],
              [
                4205.0,
                4375.0
              ],
              [
                4215.0,
                4375.0
              ],
              [
                4225.0,
                4375.0
              ],
              [
                4235.0,
                4375.0
              ],
              [
                4245.0,
                4375.0
              ],
              [
                4255.0,
                4375.0
              ],
              [
                4255.0,
                4384.545454545455
              ],
              [
                4255.0,
                4394.090909090909
              ],
              [
                4255.0,
                4403.636363636364
              ],
              [
                4255.0,
                4413.181818181818
              ],
              [
                4255.0,
                4422.727272727273
              ],
              [
                4255.0,
                4432.272727272727
              ],
              [
                4255.0,
                4441.818181818182
              ],
              [
                4255.0,
                4451.363636363636
              ],
              [
                4255.0,
                4460.909090909091
              ],
              [
                4255.0,
                4470.454545454545
              ],
              [
                4255.0,
                4480.0
              ],
              [
                4245.0,
                4480.0
              ],
              [
                4235.0,
                4480.0
              ],
              [
                4225.0,
                4480.0
              ],
              [
                4215.0,
                4480.0
              ],
              [
                4205.0,
                4480.0
              ],
              [
                4195.0,
                4480.0
              ],
              [
                4185.0,
                4480.0
              ],
              [
                4175.0,
                4480.0
              ],
              [
                4165.0,
                4480.0
              ],
              [
                4155.0,
                4480.0
              ],
              [
                4145.0,
                4480.0
              ],
              [
                4135.0,
                4480.0
              ],
              [
                4125.0,
                4480.0
              ],
              [
                4115.0,
                4480.0
              ],
              [
                4105.0,
                4480.0
              ],
              [
                4095.0,
                4480.0
              ],
              [
                4085.0,
                4480.0
              ],
              [
                4075.0,
                4480.0
              ],
              [
                4065.0,
                4480.0
              ],
              [
                4065.0,
                4470.454545454545
              ],
              [
                4065.0,
                4460.909090909091
              ],
              [
                4065.0,
                4451.363636363636
              ],
              [
                4065.0,
                4441.818181818182
              ],
              [
                4065.0,
                4432.272727272727
              ],
              [
                4065.0,
                4422.727272727273
              ],
              [
                4065.0,
                4413.181818181818
              ],
              [
                4065.0,
                4403.636363636364
              ],
              [
                4065.0,
                4394.090909090909
              ],
              [
                4065.0,
                4384.545454545455
              ],
              [
                4065.0,
                4375.0
              ]
            ]
          ]
        },
        "source_crop": {
          "native_xywh": [
            3831,
            4182,
            660,
            450
          ],
          "display_size": [
            660,
            450
          ],
          "rotation_degrees": 0
        },
        "source_context_url": "https://www.davidrumsey.com/luna/servlet/iiif/RUMSEY~8~1~2644~290012/3831,4182,660,450/660,450/0/default.jpg",
        "source_url": "https://www.davidrumsey.com/luna/servlet/iiif/m/RUMSEY~8~1~2644~290012/manifest",
        "credit": "David Rumsey Map Collection, David Rumsey Map Center, Stanford University Libraries",
        "imagery_licence_url": "https://creativecommons.org/licenses/by-nc-sa/3.0/",
        "source_note": "Plural Mills lies among several building-like dots and branching lines. Region B bounds the candidate cluster; no unique printed mill symbol is supported.",
        "placement_note": "Western crossing 078, separate eastern crossing 079 and northeastern stream bend 077 retain their relative order. Current stream geometry visibly differs within the group rectangles. These remain approximate bounded source groups; neither individual buildings nor private residences are identified.",
        "source_excerpt": "excerpts/F19-JUD-078.jpg",
        "evidence_url": "https://github.com/dfakkeldy/ns-marks-the-spot/blob/nightly/reports/fletcher/feature-geography/sheet-19-features.geojson",
        "evidence_sha256": "5bae00b1a80a1b5de63336465cc36ef510763bc4f9b9957d2ba56ba0559221cf"
      }
    },
    {
      "type": "Feature",
      "id": "F19-JUD-079",
      "geometry": {
        "type": "Polygon",
        "coordinates": [
          [
            [
              -61.464189433504444,
              45.816660513882475
            ],
            [
              -61.4641611968566,
              45.81633556311093
            ],
            [
              -61.464133158618296,
              45.81601063858159
            ],
            [
              -61.46410553186634,
              45.815685683700366
            ],
            [
              -61.46407850829393,
              45.81536064905719
            ],
            [
              -61.464052260158596,
              45.815035492169095
            ],
            [
              -61.464026941556874,
              45.814710177343784
            ],
            [
              -61.46400268928811,
              45.81438467559145
            ],
            [
              -61.46397962348381,
              45.814058964531164
            ],
            [
              -61.463957848125226,
              45.813733028258675
            ],
            [
              -61.46393745153255,
              45.81340685715074
            ],
            [
              -61.46346979039721,
              45.81342529808701
            ],
            [
              -61.46300046467807,
              45.813444117621195
            ],
            [
              -61.462529507829224,
              45.813463286195244
            ],
            [
              -61.46205696956441,
              45.813482769888246
            ],
            [
              -61.46158291558497,
              45.81350253030358
            ],
            [
              -61.46110742703922,
              45.81352252449831
            ],
            [
              -61.46063059979907,
              45.8135427049266
            ],
            [
              -61.460152543667384,
              45.8135630193615
            ],
            [
              -61.459673381632136,
              45.81358341075456
            ],
            [
              -61.45969033178405,
              45.81390992348544
            ],
            [
              -61.45970919375059,
              45.81423571633173
            ],
            [
              -61.459729880166364,
              45.81456080169572
            ],
            [
              -61.459752272014654,
              45.81488520875589
            ],
            [
              -61.45977621883656,
              45.81520898308694
            ],
            [
              -61.45980154002218,
              45.81553218555467
            ],
            [
              -61.45982802692828,
              45.81585489065957
            ],
            [
              -61.45985544551535,
              45.81617718454713
            ],
            [
              -61.459883539247976,
              45.81649916289414
            ],
            [
              -61.459912032146526,
              45.816820928818395
            ],
            [
              -61.4603945322134,
              45.8168021063839
            ],
            [
              -61.46087577597824,
              45.81678332602281
            ],
            [
              -61.4613555091962,
              45.81676468367153
            ],
            [
              -61.46183347934123,
              45.81674627272155
            ],
            [
              -61.46230944300413,
              45.816728182566116
            ],
            [
              -61.46278317774398,
              45.81671049605289
            ],
            [
              -61.46325449787468,
              45.81669328597159
            ],
            [
              -61.46372327144414,
              45.81667661122845
            ],
            [
              -61.464189433504444,
              45.816660513882475
            ]
          ]
        ]
      },
      "properties": {
        "annotation_id": "F19-JUD-079",
        "sheet": 19,
        "source_text": "Mills",
        "kind": "mill",
        "reading_status": "clear",
        "placement_status": "map-derived-approximate",
        "geographic_role": "reviewed-source-group",
        "geometry_meaning": "Approximate source-symbol group; individual feature unresolved. Outline is not a property, footprint or error bound.",
        "fit_revision": "a6619d96ba8fa8279ea6a8027654a92b15942b9d",
        "fit_sha256": "fabbe2df06d4283c3ddbd3f9c259be5d966eb6391fdf6785711d5167891f0ca5",
        "source_sha256": "8a6588e2029c433ac85e190c9e10d1b4cda7dbba555f7824cfe6c5960163d724",
        "source_dimensions_px": [
          10815,
          7549
        ],
        "source_geometry_native": {
          "type": "Polygon",
          "coordinates": [
            [
              [
                4365.0,
                4340.0
              ],
              [
                4375.0,
                4340.0
              ],
              [
                4385.0,
                4340.0
              ],
              [
                4395.0,
                4340.0
              ],
              [
                4405.0,
                4340.0
              ],
              [
                4415.0,
                4340.0
              ],
              [
                4425.0,
                4340.0
              ],
              [
                4435.0,
                4340.0
              ],
              [
                4445.0,
                4340.0
              ],
              [
                4455.0,
                4340.0
              ],
              [
                4455.0,
                4350.0
              ],
              [
                4455.0,
                4360.0
              ],
              [
                4455.0,
                4370.0
              ],
              [
                4455.0,
                4380.0
              ],
              [
                4455.0,
                4390.0
              ],
              [
                4455.0,
                4400.0
              ],
              [
                4455.0,
                4410.0
              ],
              [
                4455.0,
                4420.0
              ],
              [
                4455.0,
                4430.0
              ],
              [
                4455.0,
                4440.0
              ],
              [
                4445.0,
                4440.0
              ],
              [
                4435.0,
                4440.0
              ],
              [
                4425.0,
                4440.0
              ],
              [
                4415.0,
                4440.0
              ],
              [
                4405.0,
                4440.0
              ],
              [
                4395.0,
                4440.0
              ],
              [
                4385.0,
                4440.0
              ],
              [
                4375.0,
                4440.0
              ],
              [
                4365.0,
                4440.0
              ],
              [
                4365.0,
                4430.0
              ],
              [
                4365.0,
                4420.0
              ],
              [
                4365.0,
                4410.0
              ],
              [
                4365.0,
                4400.0
              ],
              [
                4365.0,
                4390.0
              ],
              [
                4365.0,
                4380.0
              ],
              [
                4365.0,
                4370.0
              ],
              [
                4365.0,
                4360.0
              ],
              [
                4365.0,
                4350.0
              ],
              [
                4365.0,
                4340.0
              ]
            ]
          ]
        },
        "source_crop": {
          "native_xywh": [
            4050,
            4182,
            660,
            450
          ],
          "display_size": [
            660,
            450
          ],
          "rotation_degrees": 0
        },
        "source_context_url": "https://www.davidrumsey.com/luna/servlet/iiif/RUMSEY~8~1~2644~290012/4050,4182,660,450/660,450/0/default.jpg",
        "source_url": "https://www.davidrumsey.com/luna/servlet/iiif/m/RUMSEY~8~1~2644~290012/manifest",
        "credit": "David Rumsey Map Collection, David Rumsey Map Center, Stanford University Libraries",
        "imagery_licence_url": "https://creativecommons.org/licenses/by-nc-sa/3.0/",
        "source_note": "Plural Mills lies beside a dense group of four building-like dots near a junction. Region C bounds that cluster; the source does not identify one dot as the anchor.",
        "placement_note": "Western crossing 078, separate eastern crossing 079 and northeastern stream bend 077 retain their relative order. Current stream geometry visibly differs within the group rectangles. These remain approximate bounded source groups; neither individual buildings nor private residences are identified.",
        "source_excerpt": "excerpts/F19-JUD-079.jpg",
        "evidence_url": "https://github.com/dfakkeldy/ns-marks-the-spot/blob/nightly/reports/fletcher/feature-geography/sheet-19-features.geojson",
        "evidence_sha256": "5bae00b1a80a1b5de63336465cc36ef510763bc4f9b9957d2ba56ba0559221cf"
      }
    },
    {
      "type": "Feature",
      "id": "F19-JUD-082",
      "geometry": {
        "type": "Polygon",
        "coordinates": [
          [
            [
              -61.47883090789123,
              45.80991011448552
            ],
            [
              -61.47883287403712,
              45.80961753034135
            ],
            [
              -61.478835502587145,
              45.809325351039604
            ],
            [
              -61.47883877581106,
              45.80903356184406
            ],
            [
              -61.478386218748675,
              45.809034824901715
            ],
            [
              -61.47793368576428,
              45.80903650384951
            ],
            [
              -61.477930680000796,
              45.809328090704476
            ],
            [
              -61.477928360044,
              45.80962006433125
            ],
            [
              -61.477926752758435,
              45.80991244344912
            ],
            [
              -61.47837883136149,
              45.8099110737259
            ],
            [
              -61.47883090789123,
              45.80991011448552
            ]
          ]
        ]
      },
      "properties": {
        "annotation_id": "F19-JUD-082",
        "sheet": 19,
        "source_text": "P.O.",
        "kind": "post-office",
        "reading_status": "clear",
        "placement_status": "map-derived-approximate",
        "geographic_role": "reviewed-source-group",
        "geometry_meaning": "Approximate source-symbol group; individual feature unresolved. Outline is not a property, footprint or error bound.",
        "fit_revision": "a6619d96ba8fa8279ea6a8027654a92b15942b9d",
        "fit_sha256": "fabbe2df06d4283c3ddbd3f9c259be5d966eb6391fdf6785711d5167891f0ca5",
        "source_sha256": "8a6588e2029c433ac85e190c9e10d1b4cda7dbba555f7824cfe6c5960163d724",
        "source_dimensions_px": [
          10815,
          7549
        ],
        "source_geometry_native": {
          "type": "Polygon",
          "coordinates": [
            [
              [
                4034.0,
                4537.0
              ],
              [
                4044.0,
                4537.0
              ],
              [
                4054.0,
                4537.0
              ],
              [
                4054.0,
                4546.0
              ],
              [
                4054.0,
                4555.0
              ],
              [
                4054.0,
                4564.0
              ],
              [
                4044.0,
                4564.0
              ],
              [
                4034.0,
                4564.0
              ],
              [
                4034.0,
                4555.0
              ],
              [
                4034.0,
                4546.0
              ],
              [
                4034.0,
                4537.0
              ]
            ]
          ]
        },
        "source_crop": {
          "native_xywh": [
            3772,
            4330,
            660,
            450
          ],
          "display_size": [
            660,
            450
          ],
          "rotation_degrees": 0
        },
        "source_context_url": "https://www.davidrumsey.com/luna/servlet/iiif/RUMSEY~8~1~2644~290012/3772,4330,660,450/660,450/0/default.jpg",
        "source_url": "https://www.davidrumsey.com/luna/servlet/iiif/m/RUMSEY~8~1~2644~290012/manifest",
        "credit": "David Rumsey Map Collection, David Rumsey Map Center, Stanford University Libraries",
        "imagery_licence_url": "https://creativecommons.org/licenses/by-nc-sa/3.0/",
        "source_note": "P.O. lettering is immediately east of a pair of compact marks, east of the coastal road and south of the Chisholm mills road. The service cannot be uniquely assigned to one of the pair.",
        "placement_note": "The P.O. pair remains east of the coastal road corridor and south of the Chisholm brook/mills sequence. The modern highway bends west while local road and stream positions differ. Preserve the pair as one approximate service group, without selecting an individual building.",
        "source_excerpt": "excerpts/F19-JUD-082.jpg",
        "evidence_url": "https://github.com/dfakkeldy/ns-marks-the-spot/blob/nightly/reports/fletcher/feature-geography/sheet-19-features.geojson",
        "evidence_sha256": "5bae00b1a80a1b5de63336465cc36ef510763bc4f9b9957d2ba56ba0559221cf"
      }
    },
    {
      "type": "Feature",
      "id": "F19-JUD-087",
      "geometry": {
        "type": "Point",
        "coordinates": [
          -61.47081087902505,
          45.79046062572036
        ]
      },
      "properties": {
        "annotation_id": "F19-JUD-087",
        "sheet": 19,
        "source_text": "School",
        "kind": "school",
        "reading_status": "clear",
        "placement_status": "map-derived-approximate",
        "geographic_role": "reviewed-source-mark",
        "geometry_meaning": "Approximate historical mark location; not a surveyed site, current condition, ownership or access.",
        "fit_revision": "a6619d96ba8fa8279ea6a8027654a92b15942b9d",
        "fit_sha256": "fabbe2df06d4283c3ddbd3f9c259be5d966eb6391fdf6785711d5167891f0ca5",
        "source_sha256": "8a6588e2029c433ac85e190c9e10d1b4cda7dbba555f7824cfe6c5960163d724",
        "source_dimensions_px": [
          10815,
          7549
        ],
        "source_geometry_native": {
          "type": "Point",
          "coordinates": [
            4233,
            5157
          ]
        },
        "source_crop": {
          "native_xywh": [
            3968,
            4931,
            660,
            450
          ],
          "display_size": [
            660,
            450
          ],
          "rotation_degrees": 0
        },
        "source_context_url": "https://www.davidrumsey.com/luna/servlet/iiif/RUMSEY~8~1~2644~290012/3968,4931,660,450/660,450/0/default.jpg",
        "source_url": "https://www.davidrumsey.com/luna/servlet/iiif/m/RUMSEY~8~1~2644~290012/manifest",
        "credit": "David Rumsey Map Collection, David Rumsey Map Center, Stanford University Libraries",
        "imagery_licence_url": "https://creativecommons.org/licenses/by-nc-sa/3.0/",
        "source_note": "Single filled mark immediately left of School, east of the rising road bend and inland from the coastal road junction. The other small mark at the road bend is farther west.",
        "placement_note": "The school is inland from the coastal junction, east of the road bend and above the south-flowing tributary corridor. Modern road and stream geometry supports this district but differs around the bend. No current school identity or exact footprint is inferred.",
        "source_excerpt": "excerpts/F19-JUD-087.jpg",
        "evidence_url": "https://github.com/dfakkeldy/ns-marks-the-spot/blob/nightly/reports/fletcher/feature-geography/sheet-19-features.geojson",
        "evidence_sha256": "5bae00b1a80a1b5de63336465cc36ef510763bc4f9b9957d2ba56ba0559221cf"
      }
    },
    {
      "type": "Feature",
      "id": "F19-JUD-089",
      "geometry": {
        "type": "Point",
        "coordinates": [
          -61.47821683652508,
          45.784723807541894
        ]
      },
      "properties": {
        "annotation_id": "F19-JUD-089",
        "sheet": 19,
        "source_text": "Shop",
        "kind": "shop",
        "reading_status": "clear",
        "placement_status": "map-derived-approximate",
        "geographic_role": "reviewed-source-mark",
        "geometry_meaning": "Approximate historical mark location; not a surveyed site, current condition, ownership or access.",
        "fit_revision": "a6619d96ba8fa8279ea6a8027654a92b15942b9d",
        "fit_sha256": "fabbe2df06d4283c3ddbd3f9c259be5d966eb6391fdf6785711d5167891f0ca5",
        "source_sha256": "8a6588e2029c433ac85e190c9e10d1b4cda7dbba555f7824cfe6c5960163d724",
        "source_dimensions_px": [
          10815,
          7549
        ],
        "source_geometry_native": {
          "type": "Point",
          "coordinates": [
            4078,
            5344
          ]
        },
        "source_crop": {
          "native_xywh": [
            3794,
            5109,
            660,
            450
          ],
          "display_size": [
            660,
            450
          ],
          "rotation_degrees": 0
        },
        "source_context_url": "https://www.davidrumsey.com/luna/servlet/iiif/RUMSEY~8~1~2644~290012/3794,5109,660,450/660,450/0/default.jpg",
        "source_url": "https://www.davidrumsey.com/luna/servlet/iiif/m/RUMSEY~8~1~2644~290012/manifest",
        "credit": "David Rumsey Map Collection, David Rumsey Map Center, Stanford University Libraries",
        "imagery_licence_url": "https://creativecommons.org/licenses/by-nc-sa/3.0/",
        "source_note": "Compact mark directly left of Shop, east of the coastal road. The two marks farther north and the one southeast below the lettering are separate.",
        "placement_note": "The shop remains beside the narrow coastal road, west of modern Highway 19 and south of the school cross-road. The two modern road lines must remain distinct. The source supports a mark east of its coastal road, not a claim that the shop lay east of today’s Highway 19.",
        "source_excerpt": "excerpts/F19-JUD-089.jpg",
        "evidence_url": "https://github.com/dfakkeldy/ns-marks-the-spot/blob/nightly/reports/fletcher/feature-geography/sheet-19-features.geojson",
        "evidence_sha256": "5bae00b1a80a1b5de63336465cc36ef510763bc4f9b9957d2ba56ba0559221cf"
      }
    },
    {
      "type": "Feature",
      "id": "F19-JUD-091",
      "geometry": {
        "type": "Point",
        "coordinates": [
          -61.409023011856284,
          45.78495910308449
        ]
      },
      "properties": {
        "annotation_id": "F19-JUD-091",
        "sheet": 19,
        "source_text": "School",
        "kind": "school",
        "reading_status": "clear",
        "placement_status": "map-derived-approximate",
        "geographic_role": "reviewed-source-mark",
        "geometry_meaning": "Approximate historical mark location; not a surveyed site, current condition, ownership or access.",
        "fit_revision": "a6619d96ba8fa8279ea6a8027654a92b15942b9d",
        "fit_sha256": "fabbe2df06d4283c3ddbd3f9c259be5d966eb6391fdf6785711d5167891f0ca5",
        "source_sha256": "8a6588e2029c433ac85e190c9e10d1b4cda7dbba555f7824cfe6c5960163d724",
        "source_dimensions_px": [
          10815,
          7549
        ],
        "source_geometry_native": {
          "type": "Point",
          "coordinates": [
            5571,
            5389
          ]
        },
        "source_crop": {
          "native_xywh": [
            5269,
            5143,
            660,
            450
          ],
          "display_size": [
            660,
            450
          ],
          "rotation_degrees": 0
        },
        "source_context_url": "https://www.davidrumsey.com/luna/servlet/iiif/RUMSEY~8~1~2644~290012/5269,5143,660,450/660,450/0/default.jpg",
        "source_url": "https://www.davidrumsey.com/luna/servlet/iiif/m/RUMSEY~8~1~2644~290012/manifest",
        "credit": "David Rumsey Map Collection, David Rumsey Map Center, Stanford University Libraries",
        "imagery_licence_url": "https://creativecommons.org/licenses/by-nc-sa/3.0/",
        "source_note": "Single filled mark directly beneath School and north of the road, between the small western tributary and the larger northeastern stream junction. It is not the lettering centre.",
        "placement_note": "The school remains north of the east-west road, west of the major northeastern stream junction and above a southern road branch. Smaller historical tributaries are not reproduced in modern linework. Approximate district is supported; exact bank and building footprint are unresolved.",
        "source_excerpt": "excerpts/F19-JUD-091.jpg",
        "evidence_url": "https://github.com/dfakkeldy/ns-marks-the-spot/blob/nightly/reports/fletcher/feature-geography/sheet-19-features.geojson",
        "evidence_sha256": "5bae00b1a80a1b5de63336465cc36ef510763bc4f9b9957d2ba56ba0559221cf"
      }
    },
    {
      "type": "Feature",
      "id": "F19-JUD-094",
      "geometry": {
        "type": "Point",
        "coordinates": [
          -61.34549608916363,
          45.83391640739757
        ]
      },
      "properties": {
        "annotation_id": "F19-JUD-094",
        "sheet": 19,
        "source_text": "Gold Mine",
        "kind": "mine-annotation",
        "reading_status": "clear",
        "placement_status": "map-derived-approximate",
        "geographic_role": "reviewed-source-mark",
        "geometry_meaning": "Approximate historical mark location; not a surveyed site, current condition, ownership or access.",
        "fit_revision": "a6619d96ba8fa8279ea6a8027654a92b15942b9d",
        "fit_sha256": "fabbe2df06d4283c3ddbd3f9c259be5d966eb6391fdf6785711d5167891f0ca5",
        "source_sha256": "8a6588e2029c433ac85e190c9e10d1b4cda7dbba555f7824cfe6c5960163d724",
        "source_dimensions_px": [
          10815,
          7549
        ],
        "source_geometry_native": {
          "type": "Point",
          "coordinates": [
            6955,
            3930
          ]
        },
        "source_crop": {
          "native_xywh": [
            6727,
            3704,
            660,
            450
          ],
          "display_size": [
            660,
            450
          ],
          "rotation_degrees": 0
        },
        "source_context_url": "https://www.davidrumsey.com/luna/servlet/iiif/RUMSEY~8~1~2644~290012/6727,3704,660,450/660,450/0/default.jpg",
        "source_url": "https://www.davidrumsey.com/luna/servlet/iiif/m/RUMSEY~8~1~2644~290012/manifest",
        "credit": "David Rumsey Map Collection, David Rumsey Map Center, Stanford University Libraries",
        "imagery_licence_url": "https://creativecommons.org/licenses/by-nc-sa/3.0/",
        "source_note": "Coordinator native 4x review confirms the oval mine mark west of the road, immediately before Gold Mine. Initial worker crosshair was about 20 native pixels north; corrected before use.",
        "placement_note": "Gold Mine 094 remains west of the curving road and Glendale Brook. The user corroborated this source feature in the earlier pilot; this new fit is not newly user-validated. Plumbago 103 remains in the western tributary corridor; Red Bridge 117 remains at the main valley crossing. Current road, rail and stream alignments differ locally; no current opening or modern bridge identity is asserted.",
        "source_excerpt": "excerpts/F19-JUD-094.jpg",
        "evidence_url": "https://github.com/dfakkeldy/ns-marks-the-spot/blob/nightly/reports/fletcher/feature-geography/sheet-19-features.geojson",
        "evidence_sha256": "5bae00b1a80a1b5de63336465cc36ef510763bc4f9b9957d2ba56ba0559221cf"
      }
    },
    {
      "type": "Feature",
      "id": "F19-JUD-099",
      "geometry": {
        "type": "Point",
        "coordinates": [
          -61.317447300033535,
          45.81504823938072
        ]
      },
      "properties": {
        "annotation_id": "F19-JUD-099",
        "sheet": 19,
        "source_text": "P.O.",
        "kind": "post-office",
        "reading_status": "clear",
        "placement_status": "map-derived-approximate",
        "geographic_role": "reviewed-source-mark",
        "geometry_meaning": "Approximate historical mark location; not a surveyed site, current condition, ownership or access.",
        "fit_revision": "a6619d96ba8fa8279ea6a8027654a92b15942b9d",
        "fit_sha256": "fabbe2df06d4283c3ddbd3f9c259be5d966eb6391fdf6785711d5167891f0ca5",
        "source_sha256": "8a6588e2029c433ac85e190c9e10d1b4cda7dbba555f7824cfe6c5960163d724",
        "source_dimensions_px": [
          10815,
          7549
        ],
        "source_geometry_native": {
          "type": "Point",
          "coordinates": [
            7561,
            4505.5
          ]
        },
        "source_crop": {
          "native_xywh": [
            7201,
            4290,
            660,
            450
          ],
          "display_size": [
            660,
            450
          ],
          "rotation_degrees": 0
        },
        "source_context_url": "https://www.davidrumsey.com/luna/servlet/iiif/RUMSEY~8~1~2644~290012/7201,4290,660,450/660,450/0/default.jpg",
        "source_url": "https://www.davidrumsey.com/luna/servlet/iiif/m/RUMSEY~8~1~2644~290012/manifest",
        "credit": "David Rumsey Map Collection, David Rumsey Map Center, Stanford University Libraries",
        "imagery_licence_url": "https://creativecommons.org/licenses/by-nc-sa/3.0/",
        "source_note": "Single compact mark immediately right of P.O., north of the road approaching Glendale from the west. It is distinct from the school mark farther southwest.",
        "placement_note": "The postal mark remains northeast of School 100, north of the east-west road corridor and west of the eastern main valley approach. The modern road sits farther south and small tributaries differ. Preserve an approximate historical mark without a current service identity.",
        "source_excerpt": "excerpts/F19-JUD-099.jpg",
        "evidence_url": "https://github.com/dfakkeldy/ns-marks-the-spot/blob/nightly/reports/fletcher/feature-geography/sheet-19-features.geojson",
        "evidence_sha256": "5bae00b1a80a1b5de63336465cc36ef510763bc4f9b9957d2ba56ba0559221cf"
      }
    },
    {
      "type": "Feature",
      "id": "F19-JUD-100",
      "geometry": {
        "type": "Point",
        "coordinates": [
          -61.320064019742134,
          45.81409452143887
        ]
      },
      "properties": {
        "annotation_id": "F19-JUD-100",
        "sheet": 19,
        "source_text": "School",
        "kind": "school",
        "reading_status": "clear",
        "placement_status": "map-derived-approximate",
        "geographic_role": "reviewed-source-mark",
        "geometry_meaning": "Approximate historical mark location; not a surveyed site, current condition, ownership or access.",
        "fit_revision": "a6619d96ba8fa8279ea6a8027654a92b15942b9d",
        "fit_sha256": "fabbe2df06d4283c3ddbd3f9c259be5d966eb6391fdf6785711d5167891f0ca5",
        "source_sha256": "8a6588e2029c433ac85e190c9e10d1b4cda7dbba555f7824cfe6c5960163d724",
        "source_dimensions_px": [
          10815,
          7549
        ],
        "source_geometry_native": {
          "type": "Point",
          "coordinates": [
            7502,
            4534.5
          ]
        },
        "source_crop": {
          "native_xywh": [
            7170,
            4325,
            660,
            450
          ],
          "display_size": [
            660,
            450
          ],
          "rotation_degrees": 0
        },
        "source_context_url": "https://www.davidrumsey.com/luna/servlet/iiif/RUMSEY~8~1~2644~290012/7170,4325,660,450/660,450/0/default.jpg",
        "source_url": "https://www.davidrumsey.com/luna/servlet/iiif/m/RUMSEY~8~1~2644~290012/manifest",
        "credit": "David Rumsey Map Collection, David Rumsey Map Center, Stanford University Libraries",
        "imagery_licence_url": "https://creativecommons.org/licenses/by-nc-sa/3.0/",
        "source_note": "The compact mark above-right of School lies north of the road, southwest of the P.O. mark and east of the river crossing. Use the mark rather than the lettering centre.",
        "placement_note": "The school mark remains southwest of P.O.099 and northeast of the western river/road crossing. Modern tributary and road lines differ immediately beside the projected point. The broader Glendale river-junction locality is supported; exact bank/footprint is not.",
        "source_excerpt": "excerpts/F19-JUD-100.jpg",
        "evidence_url": "https://github.com/dfakkeldy/ns-marks-the-spot/blob/nightly/reports/fletcher/feature-geography/sheet-19-features.geojson",
        "evidence_sha256": "5bae00b1a80a1b5de63336465cc36ef510763bc4f9b9957d2ba56ba0559221cf"
      }
    },
    {
      "type": "Feature",
      "id": "F19-JUD-102",
      "geometry": {
        "type": "Point",
        "coordinates": [
          -61.324195271649714,
          45.809533279577025
        ]
      },
      "properties": {
        "annotation_id": "F19-JUD-102",
        "sheet": 19,
        "source_text": "R.C.Ch.",
        "kind": "church",
        "reading_status": "clear",
        "placement_status": "map-derived-approximate",
        "geographic_role": "reviewed-source-mark",
        "geometry_meaning": "Approximate historical mark location; not a surveyed site, current condition, ownership or access.",
        "fit_revision": "a6619d96ba8fa8279ea6a8027654a92b15942b9d",
        "fit_sha256": "fabbe2df06d4283c3ddbd3f9c259be5d966eb6391fdf6785711d5167891f0ca5",
        "source_sha256": "8a6588e2029c433ac85e190c9e10d1b4cda7dbba555f7824cfe6c5960163d724",
        "source_dimensions_px": [
          10815,
          7549
        ],
        "source_geometry_native": {
          "type": "Point",
          "coordinates": [
            7404.5,
            4677.5
          ]
        },
        "source_crop": {
          "native_xywh": [
            7019,
            4431,
            660,
            450
          ],
          "display_size": [
            660,
            450
          ],
          "rotation_degrees": 0
        },
        "source_context_url": "https://www.davidrumsey.com/luna/servlet/iiif/RUMSEY~8~1~2644~290012/7019,4431,660,450/660,450/0/default.jpg",
        "source_url": "https://www.davidrumsey.com/luna/servlet/iiif/m/RUMSEY~8~1~2644~290012/manifest",
        "credit": "David Rumsey Map Collection, David Rumsey Map Center, Stanford University Libraries",
        "imagery_licence_url": "https://creativecommons.org/licenses/by-nc-sa/3.0/",
        "source_note": "The cross immediately right of R.C.Ch. lies east of the road and west of the main river and railway, south of Glendale Mills. This is the printed church symbol, without assuming a continuing modern church identity.",
        "placement_note": "The church symbol remains southeast of the western road approach and west of the main river, south of the Glendale crossing. Modern road and river bends support the broad locality. This source church does not receive the separate Judique church correction and is not identified with a current church.",
        "source_excerpt": "excerpts/F19-JUD-102.jpg",
        "evidence_url": "https://github.com/dfakkeldy/ns-marks-the-spot/blob/nightly/reports/fletcher/feature-geography/sheet-19-features.geojson",
        "evidence_sha256": "5bae00b1a80a1b5de63336465cc36ef510763bc4f9b9957d2ba56ba0559221cf"
      }
    },
    {
      "type": "Feature",
      "id": "F19-JUD-103",
      "geometry": {
        "type": "Point",
        "coordinates": [
          -61.34656877581893,
          45.80931819038785
        ]
      },
      "properties": {
        "annotation_id": "F19-JUD-103",
        "sheet": 19,
        "source_text": "Plumbago Mine",
        "kind": "mine-annotation",
        "reading_status": "clear",
        "placement_status": "map-derived-approximate",
        "geographic_role": "reviewed-source-mark",
        "geometry_meaning": "Approximate historical mark location; not a surveyed site, current condition, ownership or access.",
        "fit_revision": "a6619d96ba8fa8279ea6a8027654a92b15942b9d",
        "fit_sha256": "fabbe2df06d4283c3ddbd3f9c259be5d966eb6391fdf6785711d5167891f0ca5",
        "source_sha256": "8a6588e2029c433ac85e190c9e10d1b4cda7dbba555f7824cfe6c5960163d724",
        "source_dimensions_px": [
          10815,
          7549
        ],
        "source_geometry_native": {
          "type": "Point",
          "coordinates": [
            6917,
            4665
          ]
        },
        "source_crop": {
          "native_xywh": [
            6556,
            4425,
            660,
            450
          ],
          "display_size": [
            660,
            450
          ],
          "rotation_degrees": 0
        },
        "source_context_url": "https://www.davidrumsey.com/luna/servlet/iiif/RUMSEY~8~1~2644~290012/6556,4425,660,450/660,450/0/default.jpg",
        "source_url": "https://www.davidrumsey.com/luna/servlet/iiif/m/RUMSEY~8~1~2644~290012/manifest",
        "credit": "David Rumsey Map Collection, David Rumsey Map Center, Stanford University Libraries",
        "imagery_licence_url": "https://creativecommons.org/licenses/by-nc-sa/3.0/",
        "source_note": "Coordinator native 4x review identifies the isolated filled mark immediately under Mine and above C. The separate southeastern building cluster proposed by the worker is not adopted as the annotation anchor.",
        "placement_note": "Gold Mine 094 remains west of the curving road and Glendale Brook. The user corroborated this source feature in the earlier pilot; this new fit is not newly user-validated. Plumbago 103 remains in the western tributary corridor; Red Bridge 117 remains at the main valley crossing. Current road, rail and stream alignments differ locally; no current opening or modern bridge identity is asserted.",
        "source_excerpt": "excerpts/F19-JUD-103.jpg",
        "evidence_url": "https://github.com/dfakkeldy/ns-marks-the-spot/blob/nightly/reports/fletcher/feature-geography/sheet-19-features.geojson",
        "evidence_sha256": "5bae00b1a80a1b5de63336465cc36ef510763bc4f9b9957d2ba56ba0559221cf"
      }
    },
    {
      "type": "Feature",
      "id": "F19-JUD-109",
      "geometry": {
        "type": "LineString",
        "coordinates": [
          [
            -61.31003126950323,
            45.810643051004185
          ],
          [
            -61.30980566112082,
            45.81061947371777
          ],
          [
            -61.3095800877443,
            45.81059587628519
          ],
          [
            -61.30935245713092,
            45.81052428775237
          ],
          [
            -61.3091249054658,
            45.81045266573318
          ],
          [
            -61.30889913531612,
            45.810420999145535
          ],
          [
            -61.30867340572042,
            45.81038931317213
          ],
          [
            -61.30845005508781,
            45.81041361095176
          ],
          [
            -61.308226699556336,
            45.81043790969461
          ],
          [
            -61.308007619013146,
            45.810566252741914
          ],
          [
            -61.307788472174664,
            45.81069463540083
          ],
          [
            -61.307339637380096,
            45.81069526662043
          ]
        ]
      },
      "properties": {
        "annotation_id": "F19-JUD-109",
        "sheet": 19,
        "source_text": "Fall",
        "kind": "falls-annotation",
        "reading_status": "clear",
        "placement_status": "map-derived-approximate",
        "geographic_role": "reviewed-source-line",
        "geometry_meaning": "Approximate traced portion of a historical linear feature. Endpoints delimit reviewed source evidence, not its full extent or an exact falls site. No current condition or access is asserted.",
        "fit_revision": "a6619d96ba8fa8279ea6a8027654a92b15942b9d",
        "fit_sha256": "fabbe2df06d4283c3ddbd3f9c259be5d966eb6391fdf6785711d5167891f0ca5",
        "source_sha256": "8a6588e2029c433ac85e190c9e10d1b4cda7dbba555f7824cfe6c5960163d724",
        "source_dimensions_px": [
          10815,
          7549
        ],
        "source_geometry_native": {
          "type": "LineString",
          "coordinates": [
            [
              7720.0,
              4644.5
            ],
            [
              7725.0,
              4645.25
            ],
            [
              7730.0,
              4646.0
            ],
            [
              7735.0,
              4648.25
            ],
            [
              7740.0,
              4650.5
            ],
            [
              7745.0,
              4651.5
            ],
            [
              7750.0,
              4652.5
            ],
            [
              7755.0,
              4651.75
            ],
            [
              7760.0,
              4651.0
            ],
            [
              7765.0,
              4647.0
            ],
            [
              7770.0,
              4643.0
            ],
            [
              7780,
              4643
            ]
          ]
        },
        "source_crop": {
          "native_xywh": [
            7410,
            4438,
            660,
            450
          ],
          "display_size": [
            660,
            450
          ],
          "rotation_degrees": 0
        },
        "source_context_url": "https://www.davidrumsey.com/luna/servlet/iiif/RUMSEY~8~1~2644~290012/7410,4438,660,450/660,450/0/default.jpg",
        "source_url": "https://www.davidrumsey.com/luna/servlet/iiif/m/RUMSEY~8~1~2644~290012/manifest",
        "credit": "David Rumsey Map Collection, David Rumsey Map Center, Stanford University Libraries",
        "imagery_licence_url": "https://creativecommons.org/licenses/by-nc-sa/3.0/",
        "source_note": "Fall is below the small river bend east of the Glendale road crossing and west of Fall 6. Trace the adjacent printed river section, without an exact drop point.",
        "placement_note": "The first labelled river reach remains east of the Glendale road crossing and west of the following two annotations. It projects north of the modern river; the road approaches and eastern drainage sequence support the broad locality, not a precise present falls site.",
        "source_excerpt": "excerpts/F19-JUD-109.jpg",
        "evidence_url": "https://github.com/dfakkeldy/ns-marks-the-spot/blob/nightly/reports/fletcher/feature-geography/sheet-19-features.geojson",
        "evidence_sha256": "5bae00b1a80a1b5de63336465cc36ef510763bc4f9b9957d2ba56ba0559221cf"
      }
    },
    {
      "type": "Feature",
      "id": "F19-JUD-110",
      "geometry": {
        "type": "LineString",
        "coordinates": [
          [
            -61.30461246727919,
            45.80968825330934
          ],
          [
            -61.30438777520064,
            45.809664356727296
          ],
          [
            -61.30416311116003,
            45.80964045899743
          ],
          [
            -61.303937685048744,
            45.80959248948957
          ],
          [
            -61.30371230702417,
            45.80954451376429
          ],
          [
            -61.30348954207122,
            45.80957679180744
          ],
          [
            -61.3032667623188,
            45.80960908509368
          ],
          [
            -61.30304045466726,
            45.80952900557159
          ],
          [
            -61.30281422333175,
            45.8094489140386
          ],
          [
            -61.302589039687355,
            45.809400931722905
          ],
          [
            -61.30236390253024,
            45.80935294774675
          ]
        ]
      },
      "properties": {
        "annotation_id": "F19-JUD-110",
        "sheet": 19,
        "source_text": "Fall 6",
        "kind": "falls-annotation",
        "reading_status": "clear",
        "placement_status": "map-derived-approximate",
        "geographic_role": "reviewed-source-line",
        "geometry_meaning": "Approximate traced portion of a historical linear feature. Endpoints delimit reviewed source evidence, not its full extent or an exact falls site. No current condition or access is asserted.",
        "fit_revision": "a6619d96ba8fa8279ea6a8027654a92b15942b9d",
        "fit_sha256": "fabbe2df06d4283c3ddbd3f9c259be5d966eb6391fdf6785711d5167891f0ca5",
        "source_sha256": "8a6588e2029c433ac85e190c9e10d1b4cda7dbba555f7824cfe6c5960163d724",
        "source_dimensions_px": [
          10815,
          7549
        ],
        "source_geometry_native": {
          "type": "LineString",
          "coordinates": [
            [
              7840.0,
              4674.5
            ],
            [
              7845.0,
              4675.25
            ],
            [
              7850.0,
              4676.0
            ],
            [
              7855.0,
              4677.5
            ],
            [
              7860.0,
              4679.0
            ],
            [
              7865.0,
              4678.0
            ],
            [
              7870.0,
              4677.0
            ],
            [
              7875.0,
              4679.5
            ],
            [
              7880.0,
              4682.0
            ],
            [
              7885.0,
              4683.5
            ],
            [
              7890,
              4685
            ]
          ]
        },
        "source_crop": {
          "native_xywh": [
            7541,
            4474,
            660,
            450
          ],
          "display_size": [
            660,
            450
          ],
          "rotation_degrees": 0
        },
        "source_context_url": "https://www.davidrumsey.com/luna/servlet/iiif/RUMSEY~8~1~2644~290012/7541,4474,660,450/660,450/0/default.jpg",
        "source_url": "https://www.davidrumsey.com/luna/servlet/iiif/m/RUMSEY~8~1~2644~290012/manifest",
        "credit": "David Rumsey Map Collection, David Rumsey Map Center, Stanford University Libraries",
        "imagery_licence_url": "https://creativecommons.org/licenses/by-nc-sa/3.0/",
        "source_note": "Fall 6 sits below the next printed river section east of Fall 109 and west of Falls 18. Retain this source reach; the printed 6 does not establish current height or the falls extent.",
        "placement_note": "The middle source reach preserves its order between Fall 109 and Falls 18. The modern river is south of the projection and has different local bends. This is approximate historical evidence; the printed 6 is not a verified modern measurement.",
        "source_excerpt": "excerpts/F19-JUD-110.jpg",
        "evidence_url": "https://github.com/dfakkeldy/ns-marks-the-spot/blob/nightly/reports/fletcher/feature-geography/sheet-19-features.geojson",
        "evidence_sha256": "5bae00b1a80a1b5de63336465cc36ef510763bc4f9b9957d2ba56ba0559221cf"
      }
    },
    {
      "type": "Feature",
      "id": "F19-JUD-111",
      "geometry": {
        "type": "LineString",
        "coordinates": [
          [
            -61.29839548450989,
            45.80790996722701
          ],
          [
            -61.29812609731024,
            45.80782986841335
          ],
          [
            -61.2978567884878,
            45.80774978045795
          ],
          [
            -61.2976973772633,
            45.80758893410859
          ],
          [
            -61.29753806900061,
            45.807428057392535
          ],
          [
            -61.29757940143852,
            45.807266797219874
          ],
          [
            -61.297620740180065,
            45.80710551901521
          ],
          [
            -61.297863184779736,
            45.806976169008266
          ],
          [
            -61.298105561725464,
            45.80684685915077
          ],
          [
            -61.29827910009375,
            45.80662092056104
          ],
          [
            -61.29800810511358,
            45.80642768966821
          ]
        ]
      },
      "properties": {
        "annotation_id": "F19-JUD-111",
        "sheet": 19,
        "source_text": "Falls 18",
        "kind": "falls-annotation",
        "reading_status": "clear",
        "placement_status": "map-derived-approximate",
        "geographic_role": "reviewed-source-line",
        "geometry_meaning": "Approximate traced portion of a historical linear feature. Endpoints delimit reviewed source evidence, not its full extent or an exact falls site. No current condition or access is asserted.",
        "fit_revision": "a6619d96ba8fa8279ea6a8027654a92b15942b9d",
        "fit_sha256": "fabbe2df06d4283c3ddbd3f9c259be5d966eb6391fdf6785711d5167891f0ca5",
        "source_sha256": "8a6588e2029c433ac85e190c9e10d1b4cda7dbba555f7824cfe6c5960163d724",
        "source_dimensions_px": [
          10815,
          7549
        ],
        "source_geometry_native": {
          "type": "LineString",
          "coordinates": [
            [
              7978.0,
              4730.0
            ],
            [
              7984.0,
              4732.5
            ],
            [
              7990.0,
              4735.0
            ],
            [
              7993.5,
              4740.0
            ],
            [
              7997.0,
              4745.0
            ],
            [
              7996.0,
              4750.0
            ],
            [
              7995.0,
              4755.0
            ],
            [
              7989.5,
              4759.0
            ],
            [
              7984.0,
              4763.0
            ],
            [
              7980.0,
              4770.0
            ],
            [
              7986,
              4776
            ]
          ]
        },
        "source_crop": {
          "native_xywh": [
            7720,
            4515,
            660,
            450
          ],
          "display_size": [
            660,
            450
          ],
          "rotation_degrees": 0
        },
        "source_context_url": "https://www.davidrumsey.com/luna/servlet/iiif/RUMSEY~8~1~2644~290012/7720,4515,660,450/660,450/0/default.jpg",
        "source_url": "https://www.davidrumsey.com/luna/servlet/iiif/m/RUMSEY~8~1~2644~290012/manifest",
        "credit": "David Rumsey Map Collection, David Rumsey Map Center, Stanford University Libraries",
        "imagery_licence_url": "https://creativecommons.org/licenses/by-nc-sa/3.0/",
        "source_note": "Falls 18 is beside the following river bend east of Fall 6 and west of the eastern road crossing. Retain the adjacent printed reach without turning historical height wording into a present measurement.",
        "placement_note": "The eastern bend remains after Fall 6 and before the eastern road/valley crossing. Modern river direction and tributary context support locality, with differing bend detail. Retain the source reach and historical 18 wording without asserting a present drop height or falls extent.",
        "source_excerpt": "excerpts/F19-JUD-111.jpg",
        "evidence_url": "https://github.com/dfakkeldy/ns-marks-the-spot/blob/nightly/reports/fletcher/feature-geography/sheet-19-features.geojson",
        "evidence_sha256": "5bae00b1a80a1b5de63336465cc36ef510763bc4f9b9957d2ba56ba0559221cf"
      }
    },
    {
      "type": "Feature",
      "id": "F19-JUD-112",
      "geometry": {
        "type": "MultiPolygon",
        "coordinates": [
          [
            [
              [
                -61.275415505062696,
                45.80546425021009
              ],
              [
                -61.27541717456864,
                45.80519455906994
              ],
              [
                -61.27541883574314,
                45.804924776036415
              ],
              [
                -61.27542048888994,
                45.804654901122674
              ],
              [
                -61.27503868639312,
                45.804661728000404
              ],
              [
                -61.274656881647715,
                45.80466866630207
              ],
              [
                -61.27427507455952,
                45.80467571530936
              ],
              [
                -61.273893265026274,
                45.80468287427699
              ],
              [
                -61.27351145293697,
                45.80469014243371
              ],
              [
                -61.273509396742696,
                45.804959943163915
              ],
              [
                -61.27350732635513,
                45.805229653717305
              ],
              [
                -61.27350524159289,
                45.80549927391804
              ],
              [
                -61.273887294591404,
                45.80549205008726
              ],
              [
                -61.274269347295444,
                45.80548493511064
              ],
              [
                -61.274651399851805,
                45.805477929692216
              ],
              [
                -61.2750334523981,
                45.80547103450895
              ],
              [
                -61.275415505062696,
                45.80546425021009
              ]
            ]
          ],
          [
            [
              [
                -61.27336760999774,
                45.80605155370163
              ],
              [
                -61.27336979649444,
                45.80577673363312
              ],
              [
                -61.273371967193285,
                45.80550181933447
              ],
              [
                -61.27292771870861,
                45.80551039867127
              ],
              [
                -61.27248346926821,
                45.805519122637804
              ],
              [
                -61.2724811061249,
                45.80579400302164
              ],
              [
                -61.27247872451637,
                45.80606878980717
              ],
              [
                -61.27292316669057,
                45.806060099505046
              ],
              [
                -61.27336760999774,
                45.80605155370163
              ]
            ]
          ],
          [
            [
              [
                -61.27211523083047,
                45.80694803303145
              ],
              [
                -61.272118195255636,
                45.80662511111368
              ],
              [
                -61.272121131982594,
                45.806302059019934
              ],
              [
                -61.27212404131032,
                45.805978877109965
              ],
              [
                -61.27172407479903,
                45.80598692865157
              ],
              [
                -61.271324108161544,
                45.805995094543505
              ],
              [
                -61.27092414112367,
                45.80600337382128
              ],
              [
                -61.27052417339697,
                45.80601176549122
              ],
              [
                -61.27012420467853,
                45.80602026853053
              ],
              [
                -61.270120795735075,
                45.80634336367019
              ],
              [
                -61.27011735195719,
                45.80666633063082
              ],
              [
                -61.27011387328676,
                45.8069891687799
              ],
              [
                -61.27051414048233,
                45.806980716381766
              ],
              [
                -61.27091440948286,
                45.80697237567627
              ],
              [
                -61.27131468064753,
                45.80696414761008
              ],
              [
                -61.27171495432028,
                45.80695603309975
              ],
              [
                -61.27211523083047,
                45.80694803303145
              ]
            ]
          ]
        ]
      },
      "properties": {
        "annotation_id": "F19-JUD-112",
        "sheet": 19,
        "source_text": "Coal",
        "kind": "mineral-annotation",
        "reading_status": "clear",
        "placement_status": "map-derived-approximate",
        "geographic_role": "reviewed-source-group",
        "geometry_meaning": "Approximate source-symbol group; individual feature unresolved. Outline is not a property, footprint or error bound.",
        "fit_revision": "a6619d96ba8fa8279ea6a8027654a92b15942b9d",
        "fit_sha256": "fabbe2df06d4283c3ddbd3f9c259be5d966eb6391fdf6785711d5167891f0ca5",
        "source_sha256": "8a6588e2029c433ac85e190c9e10d1b4cda7dbba555f7824cfe6c5960163d724",
        "source_dimensions_px": [
          10815,
          7549
        ],
        "source_geometry_native": {
          "type": "MultiPolygon",
          "coordinates": [
            [
              [
                [
                  8494.0,
                  4812.0
                ],
                [
                  8502.6,
                  4812.0
                ],
                [
                  8511.2,
                  4812.0
                ],
                [
                  8519.8,
                  4812.0
                ],
                [
                  8528.4,
                  4812.0
                ],
                [
                  8537.0,
                  4812.0
                ],
                [
                  8537.0,
                  4820.333333333333
                ],
                [
                  8537.0,
                  4828.666666666667
                ],
                [
                  8537.0,
                  4837.0
                ],
                [
                  8528.4,
                  4837.0
                ],
                [
                  8519.8,
                  4837.0
                ],
                [
                  8511.2,
                  4837.0
                ],
                [
                  8502.6,
                  4837.0
                ],
                [
                  8494.0,
                  4837.0
                ],
                [
                  8494.0,
                  4828.666666666667
                ],
                [
                  8494.0,
                  4820.333333333333
                ],
                [
                  8494.0,
                  4812.0
                ]
              ]
            ],
            [
              [
                [
                  8540.0,
                  4795.0
                ],
                [
                  8550.0,
                  4795.0
                ],
                [
                  8560.0,
                  4795.0
                ],
                [
                  8560.0,
                  4803.5
                ],
                [
                  8560.0,
                  4812.0
                ],
                [
                  8550.0,
                  4812.0
                ],
                [
                  8540.0,
                  4812.0
                ],
                [
                  8540.0,
                  4803.5
                ],
                [
                  8540.0,
                  4795.0
                ]
              ]
            ],
            [
              [
                [
                  8568.0,
                  4768.0
                ],
                [
                  8577.0,
                  4768.0
                ],
                [
                  8586.0,
                  4768.0
                ],
                [
                  8595.0,
                  4768.0
                ],
                [
                  8604.0,
                  4768.0
                ],
                [
                  8613.0,
                  4768.0
                ],
                [
                  8613.0,
                  4778.0
                ],
                [
                  8613.0,
                  4788.0
                ],
                [
                  8613.0,
                  4798.0
                ],
                [
                  8604.0,
                  4798.0
                ],
                [
                  8595.0,
                  4798.0
                ],
                [
                  8586.0,
                  4798.0
                ],
                [
                  8577.0,
                  4798.0
                ],
                [
                  8568.0,
                  4798.0
                ],
                [
                  8568.0,
                  4788.0
                ],
                [
                  8568.0,
                  4778.0
                ],
                [
                  8568.0,
                  4768.0
                ]
              ]
            ]
          ]
        },
        "source_crop": {
          "native_xywh": [
            8148,
            4560,
            660,
            450
          ],
          "display_size": [
            660,
            450
          ],
          "rotation_degrees": 0
        },
        "source_context_url": "https://www.davidrumsey.com/luna/servlet/iiif/RUMSEY~8~1~2644~290012/8148,4560,660,450/660,450/0/default.jpg",
        "source_url": "https://www.davidrumsey.com/luna/servlet/iiif/m/RUMSEY~8~1~2644~290012/manifest",
        "credit": "David Rumsey Map Collection, David Rumsey Map Center, Stanford University Libraries",
        "imagery_licence_url": "https://creativecommons.org/licenses/by-nc-sa/3.0/",
        "source_note": "Three bold coal-related source strokes cross the stream corridor beside Coal. Keep their separated source regions, including gaps. They do not define a continuous coal deposit, mine opening, property or modern resource extent.",
        "placement_note": "The three bold source strokes retain their southwest-to-northeast order around the tributary junction north of the larger southern river. Modern drainage supports the approximate locality while bank detail differs. Separate polygons describe the printed strokes, not a continuous coal deposit, mine opening or resource boundary.",
        "source_excerpt": "excerpts/F19-JUD-112.jpg",
        "evidence_url": "https://github.com/dfakkeldy/ns-marks-the-spot/blob/nightly/reports/fletcher/feature-geography/sheet-19-features.geojson",
        "evidence_sha256": "5bae00b1a80a1b5de63336465cc36ef510763bc4f9b9957d2ba56ba0559221cf"
      }
    },
    {
      "type": "Feature",
      "id": "F19-JUD-117",
      "geometry": {
        "type": "Point",
        "coordinates": [
          -61.332310191707755,
          45.80300843198399
        ]
      },
      "properties": {
        "annotation_id": "F19-JUD-117",
        "sheet": 19,
        "source_text": "Red Bridge",
        "kind": "bridge",
        "reading_status": "clear",
        "placement_status": "map-derived-approximate",
        "geographic_role": "reviewed-source-mark",
        "geometry_meaning": "Approximate historical mark location; not a surveyed site, current condition, ownership or access.",
        "fit_revision": "a6619d96ba8fa8279ea6a8027654a92b15942b9d",
        "fit_sha256": "fabbe2df06d4283c3ddbd3f9c259be5d966eb6391fdf6785711d5167891f0ca5",
        "source_sha256": "8a6588e2029c433ac85e190c9e10d1b4cda7dbba555f7824cfe6c5960163d724",
        "source_dimensions_px": [
          10815,
          7549
        ],
        "source_geometry_native": {
          "type": "Point",
          "coordinates": [
            7219,
            4888
          ]
        },
        "source_crop": {
          "native_xywh": [
            6994,
            4688,
            660,
            450
          ],
          "display_size": [
            660,
            450
          ],
          "rotation_degrees": 0
        },
        "source_context_url": "https://www.davidrumsey.com/luna/servlet/iiif/RUMSEY~8~1~2644~290012/6994,4688,660,450/660,450/0/default.jpg",
        "source_url": "https://www.davidrumsey.com/luna/servlet/iiif/m/RUMSEY~8~1~2644~290012/manifest",
        "credit": "David Rumsey Map Collection, David Rumsey Map Center, Stanford University Libraries",
        "imagery_licence_url": "https://creativecommons.org/licenses/by-nc-sa/3.0/",
        "source_note": "Coordinator native 4x review selects the road-centre/river crossing west of the railway and label. This locates the printed crossing, not a proven modern bridge. Worker crosshair was refined within the width of the printed linework.",
        "placement_note": "Gold Mine 094 remains west of the curving road and Glendale Brook. The user corroborated this source feature in the earlier pilot; this new fit is not newly user-validated. Plumbago 103 remains in the western tributary corridor; Red Bridge 117 remains at the main valley crossing. Current road, rail and stream alignments differ locally; no current opening or modern bridge identity is asserted.",
        "source_excerpt": "excerpts/F19-JUD-117.jpg",
        "evidence_url": "https://github.com/dfakkeldy/ns-marks-the-spot/blob/nightly/reports/fletcher/feature-geography/sheet-19-features.geojson",
        "evidence_sha256": "5bae00b1a80a1b5de63336465cc36ef510763bc4f9b9957d2ba56ba0559221cf"
      }
    },
    {
      "type": "Feature",
      "id": "F19-JUD-118",
      "geometry": {
        "type": "Point",
        "coordinates": [
          -61.3308515459492,
          45.79691040042025
        ]
      },
      "properties": {
        "annotation_id": "F19-JUD-118",
        "sheet": 19,
        "source_text": "Shop",
        "kind": "shop",
        "reading_status": "clear",
        "placement_status": "map-derived-approximate",
        "geographic_role": "reviewed-source-mark",
        "geometry_meaning": "Approximate historical mark location; not a surveyed site, current condition, ownership or access.",
        "fit_revision": "a6619d96ba8fa8279ea6a8027654a92b15942b9d",
        "fit_sha256": "fabbe2df06d4283c3ddbd3f9c259be5d966eb6391fdf6785711d5167891f0ca5",
        "source_sha256": "8a6588e2029c433ac85e190c9e10d1b4cda7dbba555f7824cfe6c5960163d724",
        "source_dimensions_px": [
          10815,
          7549
        ],
        "source_geometry_native": {
          "type": "Point",
          "coordinates": [
            7245,
            5086
          ]
        },
        "source_crop": {
          "native_xywh": [
            6955,
            4868,
            660,
            450
          ],
          "display_size": [
            660,
            450
          ],
          "rotation_degrees": 0
        },
        "source_context_url": "https://www.davidrumsey.com/luna/servlet/iiif/RUMSEY~8~1~2644~290012/6955,4868,660,450/660,450/0/default.jpg",
        "source_url": "https://www.davidrumsey.com/luna/servlet/iiif/m/RUMSEY~8~1~2644~290012/manifest",
        "credit": "David Rumsey Map Collection, David Rumsey Map Center, Stanford University Libraries",
        "imagery_licence_url": "https://creativecommons.org/licenses/by-nc-sa/3.0/",
        "source_note": "Isolated compact mark immediately left of Shop, east of the north-south road and east of the railway, south of Red Bridge.",
        "placement_note": "The source shop remains east of the north-south road and east of the western river corridor, south of Red Bridge. Modern linework places the road farther west near this mark. Preserve approximate historical locality without selecting a present building.",
        "source_excerpt": "excerpts/F19-JUD-118.jpg",
        "evidence_url": "https://github.com/dfakkeldy/ns-marks-the-spot/blob/nightly/reports/fletcher/feature-geography/sheet-19-features.geojson",
        "evidence_sha256": "5bae00b1a80a1b5de63336465cc36ef510763bc4f9b9957d2ba56ba0559221cf"
      }
    },
    {
      "type": "Feature",
      "id": "F19-JUD-119",
      "geometry": {
        "type": "Point",
        "coordinates": [
          -61.33042668212884,
          45.790424539769184
        ]
      },
      "properties": {
        "annotation_id": "F19-JUD-119",
        "sheet": 19,
        "source_text": "Forge",
        "kind": "forge",
        "reading_status": "clear",
        "placement_status": "map-derived-approximate",
        "geographic_role": "reviewed-source-mark",
        "geometry_meaning": "Approximate historical mark location; not a surveyed site, current condition, ownership or access.",
        "fit_revision": "a6619d96ba8fa8279ea6a8027654a92b15942b9d",
        "fit_sha256": "fabbe2df06d4283c3ddbd3f9c259be5d966eb6391fdf6785711d5167891f0ca5",
        "source_sha256": "8a6588e2029c433ac85e190c9e10d1b4cda7dbba555f7824cfe6c5960163d724",
        "source_dimensions_px": [
          10815,
          7549
        ],
        "source_geometry_native": {
          "type": "Point",
          "coordinates": [
            7249,
            5288
          ]
        },
        "source_crop": {
          "native_xywh": [
            6982,
            5058,
            660,
            450
          ],
          "display_size": [
            660,
            450
          ],
          "rotation_degrees": 0
        },
        "source_context_url": "https://www.davidrumsey.com/luna/servlet/iiif/RUMSEY~8~1~2644~290012/6982,5058,660,450/660,450/0/default.jpg",
        "source_url": "https://www.davidrumsey.com/luna/servlet/iiif/m/RUMSEY~8~1~2644~290012/manifest",
        "credit": "David Rumsey Map Collection, David Rumsey Map Center, Stanford University Libraries",
        "imagery_licence_url": "https://creativecommons.org/licenses/by-nc-sa/3.0/",
        "source_note": "Single filled mark immediately left of Forge, west of the curving road and east of the railway and river. The shop mark farther south is distinct.",
        "placement_note": "Forge remains between the northern shop and southern shop along the curving road east of the river valley. The source mark is west of its road, but the projected point nearly overlaps the modern road; exact road-side agreement is unresolved. No current roadside building is inferred.",
        "source_excerpt": "excerpts/F19-JUD-119.jpg",
        "evidence_url": "https://github.com/dfakkeldy/ns-marks-the-spot/blob/nightly/reports/fletcher/feature-geography/sheet-19-features.geojson",
        "evidence_sha256": "5bae00b1a80a1b5de63336465cc36ef510763bc4f9b9957d2ba56ba0559221cf"
      }
    },
    {
      "type": "Feature",
      "id": "F19-JUD-120",
      "geometry": {
        "type": "Point",
        "coordinates": [
          -61.32695675112001,
          45.78645945304846
        ]
      },
      "properties": {
        "annotation_id": "F19-JUD-120",
        "sheet": 19,
        "source_text": "Shop",
        "kind": "shop",
        "reading_status": "clear",
        "placement_status": "map-derived-approximate",
        "geographic_role": "reviewed-source-mark",
        "geometry_meaning": "Approximate historical mark location; not a surveyed site, current condition, ownership or access.",
        "fit_revision": "a6619d96ba8fa8279ea6a8027654a92b15942b9d",
        "fit_sha256": "fabbe2df06d4283c3ddbd3f9c259be5d966eb6391fdf6785711d5167891f0ca5",
        "source_sha256": "8a6588e2029c433ac85e190c9e10d1b4cda7dbba555f7824cfe6c5960163d724",
        "source_dimensions_px": [
          10815,
          7549
        ],
        "source_geometry_native": {
          "type": "Point",
          "coordinates": [
            7324,
            5403
          ]
        },
        "source_crop": {
          "native_xywh": [
            6949,
            5175,
            660,
            450
          ],
          "display_size": [
            660,
            450
          ],
          "rotation_degrees": 0
        },
        "source_context_url": "https://www.davidrumsey.com/luna/servlet/iiif/RUMSEY~8~1~2644~290012/6949,5175,660,450/660,450/0/default.jpg",
        "source_url": "https://www.davidrumsey.com/luna/servlet/iiif/m/RUMSEY~8~1~2644~290012/manifest",
        "credit": "David Rumsey Map Collection, David Rumsey Map Center, Stanford University Libraries",
        "imagery_licence_url": "https://creativecommons.org/licenses/by-nc-sa/3.0/",
        "source_note": "Single compact mark directly right of Shop, west of the diagonal road and north of the river approach to Blue Bridge.",
        "placement_note": "The shop remains west of the diagonal road and north of the Kingsville river crossing district. The modern road bend and western river sequence support approximate locality; local tributaries and river bends differ.",
        "source_excerpt": "excerpts/F19-JUD-120.jpg",
        "evidence_url": "https://github.com/dfakkeldy/ns-marks-the-spot/blob/nightly/reports/fletcher/feature-geography/sheet-19-features.geojson",
        "evidence_sha256": "5bae00b1a80a1b5de63336465cc36ef510763bc4f9b9957d2ba56ba0559221cf"
      }
    },
    {
      "type": "Feature",
      "id": "F19-JUD-122",
      "geometry": {
        "type": "Polygon",
        "coordinates": [
          [
            [
              -61.31868856601728,
              45.78116424752967
            ],
            [
              -61.318686709041664,
              45.78081924788524
            ],
            [
              -61.31868501328805,
              45.780473891180804
            ],
            [
              -61.3186834812009,
              45.78012818993771
            ],
            [
              -61.31829094864745,
              45.780117483957255
            ],
            [
              -61.31789850084025,
              45.78010689918402
            ],
            [
              -61.31750613300611,
              45.780096441254734
            ],
            [
              -61.31711384038127,
              45.78008611568984
            ],
            [
              -61.31672161821308,
              45.780075927894636
            ],
            [
              -61.31672216350681,
              45.78042109614714
            ],
            [
              -61.31672287272394,
              45.78076593487115
            ],
            [
              -61.31672374378453,
              45.78111043277636
            ],
            [
              -61.317116538703345,
              45.781120921929144
            ],
            [
              -61.317509413704556,
              45.781131553208375
            ],
            [
              -61.31790237346595,
              45.78114232144562
            ],
            [
              -61.318295422672946,
              45.78115322135476
            ],
            [
              -61.31868856601728,
              45.78116424752967
            ]
          ]
        ]
      },
      "properties": {
        "annotation_id": "F19-JUD-122",
        "sheet": 19,
        "source_text": "MᶜIntosh's Shop",
        "kind": "shop",
        "reading_status": "clear",
        "placement_status": "map-derived-approximate",
        "geographic_role": "reviewed-source-group",
        "geometry_meaning": "Approximate source-symbol group; individual feature unresolved. Outline is not a property, footprint or error bound.",
        "fit_revision": "a6619d96ba8fa8279ea6a8027654a92b15942b9d",
        "fit_sha256": "fabbe2df06d4283c3ddbd3f9c259be5d966eb6391fdf6785711d5167891f0ca5",
        "source_sha256": "8a6588e2029c433ac85e190c9e10d1b4cda7dbba555f7824cfe6c5960163d724",
        "source_dimensions_px": [
          10815,
          7549
        ],
        "source_geometry_native": {
          "type": "Polygon",
          "coordinates": [
            [
              [
                7510.0,
                5550.0
              ],
              [
                7519.0,
                5550.0
              ],
              [
                7528.0,
                5550.0
              ],
              [
                7537.0,
                5550.0
              ],
              [
                7546.0,
                5550.0
              ],
              [
                7555.0,
                5550.0
              ],
              [
                7555.0,
                5560.0
              ],
              [
                7555.0,
                5570.0
              ],
              [
                7555.0,
                5580.0
              ],
              [
                7546.0,
                5580.0
              ],
              [
                7537.0,
                5580.0
              ],
              [
                7528.0,
                5580.0
              ],
              [
                7519.0,
                5580.0
              ],
              [
                7510.0,
                5580.0
              ],
              [
                7510.0,
                5570.0
              ],
              [
                7510.0,
                5560.0
              ],
              [
                7510.0,
                5550.0
              ]
            ]
          ]
        },
        "source_crop": {
          "native_xywh": [
            7297,
            5304,
            660,
            450
          ],
          "display_size": [
            660,
            450
          ],
          "rotation_degrees": 0
        },
        "source_context_url": "https://www.davidrumsey.com/luna/servlet/iiif/RUMSEY~8~1~2644~290012/7297,5304,660,450/660,450/0/default.jpg",
        "source_url": "https://www.davidrumsey.com/luna/servlet/iiif/m/RUMSEY~8~1~2644~290012/manifest",
        "credit": "David Rumsey Map Collection, David Rumsey Map Center, Stanford University Libraries",
        "imagery_licence_url": "https://creativecommons.org/licenses/by-nc-sa/3.0/",
        "source_note": "McIntosh’s Shop and the nearby Shop lettering face two compact marks south of the Kingsville road junction. Both labels retain the shared candidate group because the source does not uniquely assign either shop to one building.",
        "placement_note": "The shared shop group remains northeast of the river bend and southeast of the historical road junction. Modern branch connections differ, so the group is an approximate source locality only. McIntosh’s Shop and Shop 123 cannot be uniquely assigned to the two candidate buildings.",
        "source_excerpt": "excerpts/F19-JUD-122.jpg",
        "evidence_url": "https://github.com/dfakkeldy/ns-marks-the-spot/blob/nightly/reports/fletcher/feature-geography/sheet-19-features.geojson",
        "evidence_sha256": "5bae00b1a80a1b5de63336465cc36ef510763bc4f9b9957d2ba56ba0559221cf"
      }
    },
    {
      "type": "Feature",
      "id": "F19-JUD-123",
      "geometry": {
        "type": "Polygon",
        "coordinates": [
          [
            [
              -61.31868856601728,
              45.78116424752967
            ],
            [
              -61.318686709041664,
              45.78081924788524
            ],
            [
              -61.31868501328805,
              45.780473891180804
            ],
            [
              -61.3186834812009,
              45.78012818993771
            ],
            [
              -61.31829094864745,
              45.780117483957255
            ],
            [
              -61.31789850084025,
              45.78010689918402
            ],
            [
              -61.31750613300611,
              45.780096441254734
            ],
            [
              -61.31711384038127,
              45.78008611568984
            ],
            [
              -61.31672161821308,
              45.780075927894636
            ],
            [
              -61.31672216350681,
              45.78042109614714
            ],
            [
              -61.31672287272394,
              45.78076593487115
            ],
            [
              -61.31672374378453,
              45.78111043277636
            ],
            [
              -61.317116538703345,
              45.781120921929144
            ],
            [
              -61.317509413704556,
              45.781131553208375
            ],
            [
              -61.31790237346595,
              45.78114232144562
            ],
            [
              -61.318295422672946,
              45.78115322135476
            ],
            [
              -61.31868856601728,
              45.78116424752967
            ]
          ]
        ]
      },
      "properties": {
        "annotation_id": "F19-JUD-123",
        "sheet": 19,
        "source_text": "Shop",
        "kind": "shop",
        "reading_status": "clear",
        "placement_status": "map-derived-approximate",
        "geographic_role": "reviewed-source-group",
        "geometry_meaning": "Approximate source-symbol group; individual feature unresolved. Outline is not a property, footprint or error bound.",
        "fit_revision": "a6619d96ba8fa8279ea6a8027654a92b15942b9d",
        "fit_sha256": "fabbe2df06d4283c3ddbd3f9c259be5d966eb6391fdf6785711d5167891f0ca5",
        "source_sha256": "8a6588e2029c433ac85e190c9e10d1b4cda7dbba555f7824cfe6c5960163d724",
        "source_dimensions_px": [
          10815,
          7549
        ],
        "source_geometry_native": {
          "type": "Polygon",
          "coordinates": [
            [
              [
                7510.0,
                5550.0
              ],
              [
                7519.0,
                5550.0
              ],
              [
                7528.0,
                5550.0
              ],
              [
                7537.0,
                5550.0
              ],
              [
                7546.0,
                5550.0
              ],
              [
                7555.0,
                5550.0
              ],
              [
                7555.0,
                5560.0
              ],
              [
                7555.0,
                5570.0
              ],
              [
                7555.0,
                5580.0
              ],
              [
                7546.0,
                5580.0
              ],
              [
                7537.0,
                5580.0
              ],
              [
                7528.0,
                5580.0
              ],
              [
                7519.0,
                5580.0
              ],
              [
                7510.0,
                5580.0
              ],
              [
                7510.0,
                5570.0
              ],
              [
                7510.0,
                5560.0
              ],
              [
                7510.0,
                5550.0
              ]
            ]
          ]
        },
        "source_crop": {
          "native_xywh": [
            7202,
            5357,
            660,
            450
          ],
          "display_size": [
            660,
            450
          ],
          "rotation_degrees": 0
        },
        "source_context_url": "https://www.davidrumsey.com/luna/servlet/iiif/RUMSEY~8~1~2644~290012/7202,5357,660,450/660,450/0/default.jpg",
        "source_url": "https://www.davidrumsey.com/luna/servlet/iiif/m/RUMSEY~8~1~2644~290012/manifest",
        "credit": "David Rumsey Map Collection, David Rumsey Map Center, Stanford University Libraries",
        "imagery_licence_url": "https://creativecommons.org/licenses/by-nc-sa/3.0/",
        "source_note": "McIntosh’s Shop and the nearby Shop lettering face two compact marks south of the Kingsville road junction. Both labels retain the shared candidate group because the source does not uniquely assign either shop to one building.",
        "placement_note": "The shared shop group remains northeast of the river bend and southeast of the historical road junction. Modern branch connections differ, so the group is an approximate source locality only. McIntosh’s Shop and Shop 123 cannot be uniquely assigned to the two candidate buildings.",
        "source_excerpt": "excerpts/F19-JUD-123.jpg",
        "evidence_url": "https://github.com/dfakkeldy/ns-marks-the-spot/blob/nightly/reports/fletcher/feature-geography/sheet-19-features.geojson",
        "evidence_sha256": "5bae00b1a80a1b5de63336465cc36ef510763bc4f9b9957d2ba56ba0559221cf"
      }
    },
    {
      "type": "Feature",
      "id": "F19-JUD-135",
      "geometry": {
        "type": "LineString",
        "coordinates": [
          [
            -61.256114217470845,
            45.9127642640264
          ],
          [
            -61.25627016966769,
            45.912639667948234
          ],
          [
            -61.25642610939887,
            45.91251509447595
          ],
          [
            -61.25637116015758,
            45.912324480626594
          ],
          [
            -61.256639713349806,
            45.91213812303696
          ],
          [
            -61.256672813533726,
            45.9118537445423
          ]
        ]
      },
      "properties": {
        "annotation_id": "F19-JUD-135",
        "sheet": 19,
        "source_text": "Falls",
        "kind": "falls",
        "reading_status": "clear",
        "placement_status": "map-derived-approximate",
        "geographic_role": "reviewed-source-line",
        "geometry_meaning": "Approximate traced portion of a historical linear feature. Endpoints delimit reviewed source evidence, not its full extent or an exact falls site. No current condition or access is asserted.",
        "fit_revision": "a6619d96ba8fa8279ea6a8027654a92b15942b9d",
        "fit_sha256": "fabbe2df06d4283c3ddbd3f9c259be5d966eb6391fdf6785711d5167891f0ca5",
        "source_sha256": "8a6588e2029c433ac85e190c9e10d1b4cda7dbba555f7824cfe6c5960163d724",
        "source_dimensions_px": [
          10815,
          7549
        ],
        "source_geometry_native": {
          "type": "LineString",
          "coordinates": [
            [
              8896.0,
              1436.0
            ],
            [
              8892.5,
              1440.0
            ],
            [
              8889.0,
              1444.0
            ],
            [
              8890.0,
              1450.0
            ],
            [
              8884.0,
              1456.0
            ],
            [
              8883,
              1465
            ]
          ]
        },
        "source_crop": {
          "native_xywh": [
            8609,
            1218,
            660,
            450
          ],
          "display_size": [
            660,
            450
          ],
          "rotation_degrees": 0
        },
        "source_context_url": "https://www.davidrumsey.com/luna/servlet/iiif/RUMSEY~8~1~2644~290012/8609,1218,660,450/660,450/0/default.jpg",
        "source_url": "https://www.davidrumsey.com/luna/servlet/iiif/m/RUMSEY~8~1~2644~290012/manifest",
        "credit": "David Rumsey Map Collection, David Rumsey Map Center, Stanford University Libraries",
        "imagery_licence_url": "https://creativecommons.org/licenses/by-nc-sa/3.0/",
        "source_note": "Falls labels the south-running tributary below the previous river junction. Trace the visible bend immediately left of the lettering; it is separate from the eastern main stem and the vertical graticule.",
        "placement_note": "The short source tributary is south of the northern river and west of its eastern main stem. Modern drainage supports the broad northern junction district but does not preserve the small southern arm in the same shape. Retain the historical reach with that difference, not a current falls point.",
        "source_excerpt": "excerpts/F19-JUD-135.jpg",
        "evidence_url": "https://github.com/dfakkeldy/ns-marks-the-spot/blob/nightly/reports/fletcher/feature-geography/sheet-19-features.geojson",
        "evidence_sha256": "5bae00b1a80a1b5de63336465cc36ef510763bc4f9b9957d2ba56ba0559221cf"
      }
    },
    {
      "type": "Feature",
      "id": "F19-JUD-136",
      "geometry": {
        "type": "LineString",
        "coordinates": [
          [
            -61.26453941245824,
            45.90824506425947
          ],
          [
            -61.264531320278834,
            45.908055258811515
          ],
          [
            -61.26429117364666,
            45.90782968952228
          ],
          [
            -61.264329273050635,
            45.90764069465167
          ],
          [
            -61.26441222337824,
            45.90742088952277
          ],
          [
            -61.26449389659776,
            45.90716945037295
          ]
        ]
      },
      "properties": {
        "annotation_id": "F19-JUD-136",
        "sheet": 19,
        "source_text": "Fall",
        "kind": "falls",
        "reading_status": "clear",
        "placement_status": "map-derived-approximate",
        "geographic_role": "reviewed-source-line",
        "geometry_meaning": "Approximate traced portion of a historical linear feature. Endpoints delimit reviewed source evidence, not its full extent or an exact falls site. No current condition or access is asserted.",
        "fit_revision": "a6619d96ba8fa8279ea6a8027654a92b15942b9d",
        "fit_sha256": "fabbe2df06d4283c3ddbd3f9c259be5d966eb6391fdf6785711d5167891f0ca5",
        "source_sha256": "8a6588e2029c433ac85e190c9e10d1b4cda7dbba555f7824cfe6c5960163d724",
        "source_dimensions_px": [
          10815,
          7549
        ],
        "source_geometry_native": {
          "type": "LineString",
          "coordinates": [
            [
              8709.0,
              1583.0
            ],
            [
              8709.0,
              1589.0
            ],
            [
              8714.0,
              1596.0
            ],
            [
              8713.0,
              1602.0
            ],
            [
              8711.0,
              1609.0
            ],
            [
              8709,
              1617
            ]
          ]
        },
        "source_crop": {
          "native_xywh": [
            8415,
            1336,
            660,
            450
          ],
          "display_size": [
            660,
            450
          ],
          "rotation_degrees": 0
        },
        "source_context_url": "https://www.davidrumsey.com/luna/servlet/iiif/RUMSEY~8~1~2644~290012/8415,1336,660,450/660,450/0/default.jpg",
        "source_url": "https://www.davidrumsey.com/luna/servlet/iiif/m/RUMSEY~8~1~2644~290012/manifest",
        "credit": "David Rumsey Map Collection, David Rumsey Map Center, Stanford University Libraries",
        "imagery_licence_url": "https://creativecommons.org/licenses/by-nc-sa/3.0/",
        "source_note": "Fall sits beside the small tributary partly crossed by red report text. The stored path follows the visible stroke below that overprint to its western tributary junction. No exact drop position is invented under the report lettering.",
        "placement_note": "The visible tributary stroke meets the western branch below the red report text. Modern drainage supports the broad junction and downstream sequence; the source stroke is locally offset. The report overprint is not reconstructed into a hidden exact falls position.",
        "source_excerpt": "excerpts/F19-JUD-136.jpg",
        "evidence_url": "https://github.com/dfakkeldy/ns-marks-the-spot/blob/nightly/reports/fletcher/feature-geography/sheet-19-features.geojson",
        "evidence_sha256": "5bae00b1a80a1b5de63336465cc36ef510763bc4f9b9957d2ba56ba0559221cf"
      }
    },
    {
      "type": "Feature",
      "id": "F19-JUD-137",
      "geometry": {
        "type": "LineString",
        "coordinates": [
          [
            -61.26582744082854,
            45.90096305717168
          ],
          [
            -61.26552855769008,
            45.900862306838484
          ],
          [
            -61.265372998675076,
            45.90062503438887
          ],
          [
            -61.26521711663539,
            45.90037507819857
          ],
          [
            -61.265006664645696,
            45.900149401306486
          ],
          [
            -61.26462399232122,
            45.90002814410335
          ],
          [
            -61.26421374974991,
            45.89991277313122
          ],
          [
            -61.26391247629869,
            45.89973614816952
          ],
          [
            -61.26381178398722,
            45.89946821987887
          ],
          [
            -61.26363742079591,
            45.899205250934244
          ],
          [
            -61.263365563555055,
            45.89907988966836
          ],
          [
            -61.26327480789504,
            45.89882477800571
          ],
          [
            -61.26333256725914,
            45.89858502419885
          ],
          [
            -61.26318818008295,
            45.89838593456864
          ]
        ]
      },
      "properties": {
        "annotation_id": "F19-JUD-137",
        "sheet": 19,
        "source_text": "Fall 8'",
        "kind": "falls",
        "reading_status": "clear",
        "placement_status": "map-derived-approximate",
        "geographic_role": "reviewed-source-line",
        "geometry_meaning": "Approximate traced portion of a historical linear feature. Endpoints delimit reviewed source evidence, not its full extent or an exact falls site. No current condition or access is asserted.",
        "fit_revision": "a6619d96ba8fa8279ea6a8027654a92b15942b9d",
        "fit_sha256": "fabbe2df06d4283c3ddbd3f9c259be5d966eb6391fdf6785711d5167891f0ca5",
        "source_sha256": "8a6588e2029c433ac85e190c9e10d1b4cda7dbba555f7824cfe6c5960163d724",
        "source_dimensions_px": [
          10815,
          7549
        ],
        "source_geometry_native": {
          "type": "LineString",
          "coordinates": [
            [
              8675.0,
              1814.0
            ],
            [
              8681.4,
              1817.0
            ],
            [
              8684.6,
              1824.4
            ],
            [
              8687.8,
              1832.2
            ],
            [
              8692.2,
              1839.2
            ],
            [
              8700.4,
              1842.8
            ],
            [
              8709.2,
              1846.2
            ],
            [
              8715.6,
              1851.6
            ],
            [
              8717.6,
              1860.0
            ],
            [
              8721.2,
              1868.2
            ],
            [
              8727.0,
              1872.0
            ],
            [
              8728.8,
              1880.0
            ],
            [
              8727.4,
              1887.6
            ],
            [
              8730.4,
              1893.8
            ]
          ]
        },
        "source_crop": {
          "native_xywh": [
            8461,
            1576,
            660,
            450
          ],
          "display_size": [
            660,
            450
          ],
          "rotation_degrees": 0
        },
        "source_context_url": "https://www.davidrumsey.com/luna/servlet/iiif/RUMSEY~8~1~2644~290012/8461,1576,660,450/660,450/0/default.jpg",
        "source_url": "https://www.davidrumsey.com/luna/servlet/iiif/m/RUMSEY~8~1~2644~290012/manifest",
        "credit": "David Rumsey Map Collection, David Rumsey Map Center, Stanford University Libraries",
        "imagery_licence_url": "https://creativecommons.org/licenses/by-nc-sa/3.0/",
        "source_note": "The curved stream associated with Fall 8 crosses straight geological strike marks. Enlarged native pixels distinguish the curved watercourse from the diagonal strokes; only the watercourse is traced. The exact drop and extent are unresolved, and the printed 8 is not a modern measurement.",
        "placement_note": "The curved source stream below Fall 8 follows the same broad southwest tributary corridor in the modern reference, with different bend detail. Its path through geological strike marks was checked in enlarged native pixels. No strike line becomes hydrography and no modern height is inferred.",
        "source_excerpt": "excerpts/F19-JUD-137.jpg",
        "evidence_url": "https://github.com/dfakkeldy/ns-marks-the-spot/blob/nightly/reports/fletcher/feature-geography/sheet-19-features.geojson",
        "evidence_sha256": "5bae00b1a80a1b5de63336465cc36ef510763bc4f9b9957d2ba56ba0559221cf"
      }
    },
    {
      "type": "Feature",
      "id": "F19-JUD-138",
      "geometry": {
        "type": "LineString",
        "coordinates": [
          [
            -61.25333392357474,
            45.902916329906084
          ],
          [
            -61.25307544674149,
            45.90281813800345
          ],
          [
            -61.2528169722425,
            45.90271998084055
          ],
          [
            -61.25248329970282,
            45.90265263254703
          ],
          [
            -61.252149620692464,
            45.9025853464504
          ],
          [
            -61.251884811680675,
            45.90250308141013
          ],
          [
            -61.25162000548815,
            45.902420854466314
          ],
          [
            -61.25138513291954,
            45.90233425195956
          ],
          [
            -61.25115026721818,
            45.90224767907753
          ],
          [
            -61.250778791809104,
            45.90222140545055
          ],
          [
            -61.250380987012356,
            45.902353314575166
          ],
          [
            -61.24993455980256,
            45.90242462923418
          ]
        ]
      },
      "properties": {
        "annotation_id": "F19-JUD-138",
        "sheet": 19,
        "source_text": "Fall 30'",
        "kind": "falls",
        "reading_status": "clear",
        "placement_status": "map-derived-approximate",
        "geographic_role": "reviewed-source-line",
        "geometry_meaning": "Approximate traced portion of a historical linear feature. Endpoints delimit reviewed source evidence, not its full extent or an exact falls site. No current condition or access is asserted.",
        "fit_revision": "a6619d96ba8fa8279ea6a8027654a92b15942b9d",
        "fit_sha256": "fabbe2df06d4283c3ddbd3f9c259be5d966eb6391fdf6785711d5167891f0ca5",
        "source_sha256": "8a6588e2029c433ac85e190c9e10d1b4cda7dbba555f7824cfe6c5960163d724",
        "source_dimensions_px": [
          10815,
          7549
        ],
        "source_geometry_native": {
          "type": "LineString",
          "coordinates": [
            [
              8946.7,
              1746.0
            ],
            [
              8952.2,
              1749.0
            ],
            [
              8957.7,
              1752.0
            ],
            [
              8964.85,
              1754.0
            ],
            [
              8972.0,
              1756.0
            ],
            [
              8977.65,
              1758.5
            ],
            [
              8983.3,
              1761.0
            ],
            [
              8988.3,
              1763.65
            ],
            [
              8993.3,
              1766.3
            ],
            [
              9001.3,
              1767.0
            ],
            [
              9010.0,
              1762.7
            ],
            [
              9019.7,
              1760.3
            ]
          ]
        },
        "source_crop": {
          "native_xywh": [
            8670,
            1553,
            660,
            450
          ],
          "display_size": [
            660,
            450
          ],
          "rotation_degrees": 0
        },
        "source_context_url": "https://www.davidrumsey.com/luna/servlet/iiif/RUMSEY~8~1~2644~290012/8670,1553,660,450/660,450/0/default.jpg",
        "source_url": "https://www.davidrumsey.com/luna/servlet/iiif/m/RUMSEY~8~1~2644~290012/manifest",
        "credit": "David Rumsey Map Collection, David Rumsey Map Center, Stanford University Libraries",
        "imagery_licence_url": "https://creativecommons.org/licenses/by-nc-sa/3.0/",
        "source_note": "Fall 30 lies below the West Branch bend crossing the vertical graticule. Trace the curved river above the lettering; the graticule and geological arrows are separate. The source height remains historical wording.",
        "placement_note": "The West Branch reach remains east of the western tributary junction and above the southern stream/railway district. The projected bend is south of the modern channel. Preserve the approximate historical reach, graticule distinction and original Fall 30 wording without a modern height claim.",
        "source_excerpt": "excerpts/F19-JUD-138.jpg",
        "evidence_url": "https://github.com/dfakkeldy/ns-marks-the-spot/blob/nightly/reports/fletcher/feature-geography/sheet-19-features.geojson",
        "evidence_sha256": "5bae00b1a80a1b5de63336465cc36ef510763bc4f9b9957d2ba56ba0559221cf"
      }
    },
    {
      "type": "Feature",
      "id": "F19-JUD-146",
      "geometry": {
        "type": "Polygon",
        "coordinates": [
          [
            [
              -61.26093369711729,
              45.870963887104345
            ],
            [
              -61.26094209790374,
              45.87065512744497
            ],
            [
              -61.26095051975352,
              45.87034635983861
            ],
            [
              -61.260958959142116,
              45.87003758551169
            ],
            [
              -61.26054137209605,
              45.87003535476691
            ],
            [
              -61.26012386336439,
              45.87003324884507
            ],
            [
              -61.25970643191092,
              45.87003126655455
            ],
            [
              -61.259289076694174,
              45.87002940671237
            ],
            [
              -61.25887179666486,
              45.87002766814439
            ],
            [
              -61.258454590764266,
              45.870026049685606
            ],
            [
              -61.2584455210937,
              45.87033419768882
            ],
            [
              -61.25843645713614,
              45.87064234366615
            ],
            [
              -61.25842740279863,
              45.870950486506615
            ],
            [
              -61.258844939978324,
              45.87095241449449
            ],
            [
              -61.259262547302335,
              45.87095446318609
            ],
            [
              -61.25968022573104,
              45.87095663368164
            ],
            [
              -61.26009797621534,
              45.870958927088964
            ],
            [
              -61.26051579969835,
              45.87096134452268
            ],
            [
              -61.26093369711729,
              45.870963887104345
            ]
          ]
        ]
      },
      "properties": {
        "annotation_id": "F19-JUD-146",
        "sheet": 19,
        "source_text": "Tannery",
        "kind": "tannery",
        "reading_status": "clear",
        "placement_status": "map-derived-approximate",
        "geographic_role": "reviewed-source-group",
        "geometry_meaning": "Approximate source-symbol group; individual feature unresolved. Outline is not a property, footprint or error bound.",
        "fit_revision": "a6619d96ba8fa8279ea6a8027654a92b15942b9d",
        "fit_sha256": "fabbe2df06d4283c3ddbd3f9c259be5d966eb6391fdf6785711d5167891f0ca5",
        "source_sha256": "8a6588e2029c433ac85e190c9e10d1b4cda7dbba555f7824cfe6c5960163d724",
        "source_dimensions_px": [
          10815,
          7549
        ],
        "source_geometry_native": {
          "type": "Polygon",
          "coordinates": [
            [
              [
                8782.0,
                2754.0
              ],
              [
                8791.166666666666,
                2754.0
              ],
              [
                8800.333333333334,
                2754.0
              ],
              [
                8809.5,
                2754.0
              ],
              [
                8818.666666666666,
                2754.0
              ],
              [
                8827.833333333334,
                2754.0
              ],
              [
                8837.0,
                2754.0
              ],
              [
                8837.0,
                2763.6666666666665
              ],
              [
                8837.0,
                2773.3333333333335
              ],
              [
                8837.0,
                2783.0
              ],
              [
                8827.833333333334,
                2783.0
              ],
              [
                8818.666666666666,
                2783.0
              ],
              [
                8809.5,
                2783.0
              ],
              [
                8800.333333333334,
                2783.0
              ],
              [
                8791.166666666666,
                2783.0
              ],
              [
                8782.0,
                2783.0
              ],
              [
                8782.0,
                2773.3333333333335
              ],
              [
                8782.0,
                2763.6666666666665
              ],
              [
                8782.0,
                2754.0
              ]
            ]
          ]
        },
        "source_crop": {
          "native_xywh": [
            8421,
            2536,
            660,
            450
          ],
          "display_size": [
            660,
            450
          ],
          "rotation_degrees": 0
        },
        "source_context_url": "https://www.davidrumsey.com/luna/servlet/iiif/RUMSEY~8~1~2644~290012/8421,2536,660,450/660,450/0/default.jpg",
        "source_url": "https://www.davidrumsey.com/luna/servlet/iiif/m/RUMSEY~8~1~2644~290012/manifest",
        "credit": "David Rumsey Map Collection, David Rumsey Map Center, Stanford University Libraries",
        "imagery_licence_url": "https://creativecommons.org/licenses/by-nc-sa/3.0/",
        "source_note": "Tannery and P.O. lie west of the River Denys crossroads. The rounded western mark and two marks north of the road are nearby candidates for the services, without unique assignment. Both annotations share the source group, separate from the school marks south of the road.",
        "placement_note": "The tannery/postal group remains at the eastern road approach east of the railway/main valley corridor, with the school candidates to the south. The modern crossroads and small watercourse positions differ. Keep the shared service group; no tannery building or current postal site is selected.",
        "source_excerpt": "excerpts/F19-JUD-146.jpg",
        "evidence_url": "https://github.com/dfakkeldy/ns-marks-the-spot/blob/nightly/reports/fletcher/feature-geography/sheet-19-features.geojson",
        "evidence_sha256": "5bae00b1a80a1b5de63336465cc36ef510763bc4f9b9957d2ba56ba0559221cf"
      }
    },
    {
      "type": "Feature",
      "id": "F19-JUD-147",
      "geometry": {
        "type": "Polygon",
        "coordinates": [
          [
            [
              -61.26093369711729,
              45.870963887104345
            ],
            [
              -61.26094209790374,
              45.87065512744497
            ],
            [
              -61.26095051975352,
              45.87034635983861
            ],
            [
              -61.260958959142116,
              45.87003758551169
            ],
            [
              -61.26054137209605,
              45.87003535476691
            ],
            [
              -61.26012386336439,
              45.87003324884507
            ],
            [
              -61.25970643191092,
              45.87003126655455
            ],
            [
              -61.259289076694174,
              45.87002940671237
            ],
            [
              -61.25887179666486,
              45.87002766814439
            ],
            [
              -61.258454590764266,
              45.870026049685606
            ],
            [
              -61.2584455210937,
              45.87033419768882
            ],
            [
              -61.25843645713614,
              45.87064234366615
            ],
            [
              -61.25842740279863,
              45.870950486506615
            ],
            [
              -61.258844939978324,
              45.87095241449449
            ],
            [
              -61.259262547302335,
              45.87095446318609
            ],
            [
              -61.25968022573104,
              45.87095663368164
            ],
            [
              -61.26009797621534,
              45.870958927088964
            ],
            [
              -61.26051579969835,
              45.87096134452268
            ],
            [
              -61.26093369711729,
              45.870963887104345
            ]
          ]
        ]
      },
      "properties": {
        "annotation_id": "F19-JUD-147",
        "sheet": 19,
        "source_text": "P.O.",
        "kind": "post-office",
        "reading_status": "clear",
        "placement_status": "map-derived-approximate",
        "geographic_role": "reviewed-source-group",
        "geometry_meaning": "Approximate source-symbol group; individual feature unresolved. Outline is not a property, footprint or error bound.",
        "fit_revision": "a6619d96ba8fa8279ea6a8027654a92b15942b9d",
        "fit_sha256": "fabbe2df06d4283c3ddbd3f9c259be5d966eb6391fdf6785711d5167891f0ca5",
        "source_sha256": "8a6588e2029c433ac85e190c9e10d1b4cda7dbba555f7824cfe6c5960163d724",
        "source_dimensions_px": [
          10815,
          7549
        ],
        "source_geometry_native": {
          "type": "Polygon",
          "coordinates": [
            [
              [
                8782.0,
                2754.0
              ],
              [
                8791.166666666666,
                2754.0
              ],
              [
                8800.333333333334,
                2754.0
              ],
              [
                8809.5,
                2754.0
              ],
              [
                8818.666666666666,
                2754.0
              ],
              [
                8827.833333333334,
                2754.0
              ],
              [
                8837.0,
                2754.0
              ],
              [
                8837.0,
                2763.6666666666665
              ],
              [
                8837.0,
                2773.3333333333335
              ],
              [
                8837.0,
                2783.0
              ],
              [
                8827.833333333334,
                2783.0
              ],
              [
                8818.666666666666,
                2783.0
              ],
              [
                8809.5,
                2783.0
              ],
              [
                8800.333333333334,
                2783.0
              ],
              [
                8791.166666666666,
                2783.0
              ],
              [
                8782.0,
                2783.0
              ],
              [
                8782.0,
                2773.3333333333335
              ],
              [
                8782.0,
                2763.6666666666665
              ],
              [
                8782.0,
                2754.0
              ]
            ]
          ]
        },
        "source_crop": {
          "native_xywh": [
            8402,
            2558,
            660,
            450
          ],
          "display_size": [
            660,
            450
          ],
          "rotation_degrees": 0
        },
        "source_context_url": "https://www.davidrumsey.com/luna/servlet/iiif/RUMSEY~8~1~2644~290012/8402,2558,660,450/660,450/0/default.jpg",
        "source_url": "https://www.davidrumsey.com/luna/servlet/iiif/m/RUMSEY~8~1~2644~290012/manifest",
        "credit": "David Rumsey Map Collection, David Rumsey Map Center, Stanford University Libraries",
        "imagery_licence_url": "https://creativecommons.org/licenses/by-nc-sa/3.0/",
        "source_note": "Tannery and P.O. lie west of the River Denys crossroads. The rounded western mark and two marks north of the road are nearby candidates for the services, without unique assignment. Both annotations share the source group, separate from the school marks south of the road.",
        "placement_note": "The tannery/postal group remains at the eastern road approach east of the railway/main valley corridor, with the school candidates to the south. The modern crossroads and small watercourse positions differ. Keep the shared service group; no tannery building or current postal site is selected.",
        "source_excerpt": "excerpts/F19-JUD-147.jpg",
        "evidence_url": "https://github.com/dfakkeldy/ns-marks-the-spot/blob/nightly/reports/fletcher/feature-geography/sheet-19-features.geojson",
        "evidence_sha256": "5bae00b1a80a1b5de63336465cc36ef510763bc4f9b9957d2ba56ba0559221cf"
      }
    },
    {
      "type": "Feature",
      "id": "F19-JUD-148",
      "geometry": {
        "type": "Polygon",
        "coordinates": [
          [
            [
              -61.25981575756974,
              45.870191358673885
            ],
            [
              -61.259822676489826,
              45.86994669398333
            ],
            [
              -61.25982960047782,
              45.86970202744919
            ],
            [
              -61.25983652789131,
              45.869457359700746
            ],
            [
              -61.25943830401753,
              45.86945573743199
            ],
            [
              -61.25904015095597,
              45.869454225622036
            ],
            [
              -61.25864206773017,
              45.86945282321999
            ],
            [
              -61.25824405335431,
              45.86945152918342
            ],
            [
              -61.25823681436503,
              45.86969587746637
            ],
            [
              -61.25822957347152,
              45.86994022622516
            ],
            [
              -61.25822233242042,
              45.8701845748698
            ],
            [
              -61.25862058820154,
              45.87018610642947
            ],
            [
              -61.25901891038074,
              45.870187746916166
            ],
            [
              -61.259417299869355,
              45.87018949732894
            ],
            [
              -61.25981575756974,
              45.870191358673885
            ]
          ]
        ]
      },
      "properties": {
        "annotation_id": "F19-JUD-148",
        "sheet": 19,
        "source_text": "School",
        "kind": "school",
        "reading_status": "clear",
        "placement_status": "map-derived-approximate",
        "geographic_role": "reviewed-source-group",
        "geometry_meaning": "Approximate source-symbol group; individual feature unresolved. Outline is not a property, footprint or error bound.",
        "fit_revision": "a6619d96ba8fa8279ea6a8027654a92b15942b9d",
        "fit_sha256": "fabbe2df06d4283c3ddbd3f9c259be5d966eb6391fdf6785711d5167891f0ca5",
        "source_sha256": "8a6588e2029c433ac85e190c9e10d1b4cda7dbba555f7824cfe6c5960163d724",
        "source_dimensions_px": [
          10815,
          7549
        ],
        "source_geometry_native": {
          "type": "Polygon",
          "coordinates": [
            [
              [
                8807.0,
                2778.0
              ],
              [
                8815.75,
                2778.0
              ],
              [
                8824.5,
                2778.0
              ],
              [
                8833.25,
                2778.0
              ],
              [
                8842.0,
                2778.0
              ],
              [
                8842.0,
                2785.6666666666665
              ],
              [
                8842.0,
                2793.3333333333335
              ],
              [
                8842.0,
                2801.0
              ],
              [
                8833.25,
                2801.0
              ],
              [
                8824.5,
                2801.0
              ],
              [
                8815.75,
                2801.0
              ],
              [
                8807.0,
                2801.0
              ],
              [
                8807.0,
                2793.3333333333335
              ],
              [
                8807.0,
                2785.6666666666665
              ],
              [
                8807.0,
                2778.0
              ]
            ]
          ]
        },
        "source_crop": {
          "native_xywh": [
            8531,
            2584,
            660,
            450
          ],
          "display_size": [
            660,
            450
          ],
          "rotation_degrees": 0
        },
        "source_context_url": "https://www.davidrumsey.com/luna/servlet/iiif/RUMSEY~8~1~2644~290012/8531,2584,660,450/660,450/0/default.jpg",
        "source_url": "https://www.davidrumsey.com/luna/servlet/iiif/m/RUMSEY~8~1~2644~290012/manifest",
        "credit": "David Rumsey Map Collection, David Rumsey Map Center, Stanford University Libraries",
        "imagery_licence_url": "https://creativecommons.org/licenses/by-nc-sa/3.0/",
        "source_note": "Three compact marks south of the east-west road and east of the north-south road precede School. Their shared region is retained; the lettering does not uniquely establish the school building.",
        "placement_note": "The school’s three source candidates remain south of the shared tannery/postal group and south of the east-west road. Modern drainage includes a small water feature near the group and the north-south road differs locally. Approximate district only; the school building is unresolved.",
        "source_excerpt": "excerpts/F19-JUD-148.jpg",
        "evidence_url": "https://github.com/dfakkeldy/ns-marks-the-spot/blob/nightly/reports/fletcher/feature-geography/sheet-19-features.geojson",
        "evidence_sha256": "5bae00b1a80a1b5de63336465cc36ef510763bc4f9b9957d2ba56ba0559221cf"
      }
    },
    {
      "type": "Feature",
      "id": "F19-JUD-151",
      "geometry": {
        "type": "LineString",
        "coordinates": [
          [
            -61.25676498232509,
            45.84369984602828
          ],
          [
            -61.25654688913882,
            45.84345309308531
          ],
          [
            -61.25660064875718,
            45.84317028827246
          ],
          [
            -61.25665058541777,
            45.8430128313516
          ],
          [
            -61.25670052574871,
            45.8428553825409
          ],
          [
            -61.25675238930386,
            45.84263529221103
          ]
        ]
      },
      "properties": {
        "annotation_id": "F19-JUD-151",
        "sheet": 19,
        "source_text": "Falls",
        "kind": "falls",
        "reading_status": "clear",
        "placement_status": "map-derived-approximate",
        "geographic_role": "reviewed-source-line",
        "geometry_meaning": "Approximate traced portion of a historical linear feature. Endpoints delimit reviewed source evidence, not its full extent or an exact falls site. No current condition or access is asserted.",
        "fit_revision": "a6619d96ba8fa8279ea6a8027654a92b15942b9d",
        "fit_sha256": "fabbe2df06d4283c3ddbd3f9c259be5d966eb6391fdf6785711d5167891f0ca5",
        "source_sha256": "8a6588e2029c433ac85e190c9e10d1b4cda7dbba555f7824cfe6c5960163d724",
        "source_dimensions_px": [
          10815,
          7549
        ],
        "source_geometry_native": {
          "type": "LineString",
          "coordinates": [
            [
              8891.0,
              3615.0
            ],
            [
              8896.0,
              3623.0
            ],
            [
              8895.0,
              3632.0
            ],
            [
              8894.0,
              3637.0
            ],
            [
              8893.0,
              3642.0
            ],
            [
              8892,
              3649
            ]
          ]
        },
        "source_crop": {
          "native_xywh": [
            8624,
            3401,
            660,
            450
          ],
          "display_size": [
            660,
            450
          ],
          "rotation_degrees": 0
        },
        "source_context_url": "https://www.davidrumsey.com/luna/servlet/iiif/RUMSEY~8~1~2644~290012/8624,3401,660,450/660,450/0/default.jpg",
        "source_url": "https://www.davidrumsey.com/luna/servlet/iiif/m/RUMSEY~8~1~2644~290012/manifest",
        "credit": "David Rumsey Map Collection, David Rumsey Map Center, Stanford University Libraries",
        "imagery_licence_url": "https://creativecommons.org/licenses/by-nc-sa/3.0/",
        "source_note": "Falls is beside the small south-running tributary east of the mill district and north of the road. Trace the printed stroke immediately left of the lettering after the upper bend; no exact drop point is shown.",
        "placement_note": "The source tributary runs south from the northern brook and crosses the east-west road below the falls annotation. The projected stroke lies east of the modern channel near a local road approach, so exact channel alignment is unresolved. The northern junction and southern crossing support approximate locality only.",
        "source_excerpt": "excerpts/F19-JUD-151.jpg",
        "evidence_url": "https://github.com/dfakkeldy/ns-marks-the-spot/blob/nightly/reports/fletcher/feature-geography/sheet-19-features.geojson",
        "evidence_sha256": "5bae00b1a80a1b5de63336465cc36ef510763bc4f9b9957d2ba56ba0559221cf"
      }
    },
    {
      "type": "Feature",
      "id": "F19-JUD-154",
      "geometry": {
        "type": "LineString",
        "coordinates": [
          [
            -61.23844877495187,
            45.784741237530156
          ],
          [
            -61.238228762615435,
            45.78484418300171
          ],
          [
            -61.238008707149724,
            45.78494710951117
          ],
          [
            -61.23771962265067,
            45.784924765798266
          ],
          [
            -61.23743049977758,
            45.784902412211075
          ],
          [
            -61.2371632218003,
            45.7848634002255
          ],
          [
            -61.23689590049621,
            45.78482438964649
          ],
          [
            -61.23663322024964,
            45.78502412306795
          ],
          [
            -61.23648050348199,
            45.785172488945676
          ],
          [
            -61.236327693231615,
            45.78532087478634
          ]
        ]
      },
      "properties": {
        "annotation_id": "F19-JUD-154",
        "sheet": 19,
        "source_text": "Falls 15",
        "kind": "falls",
        "reading_status": "clear",
        "placement_status": "map-derived-approximate",
        "geographic_role": "reviewed-source-line",
        "geometry_meaning": "Approximate traced portion of a historical linear feature. Endpoints delimit reviewed source evidence, not its full extent or an exact falls site. No current condition or access is asserted.",
        "fit_revision": "a6619d96ba8fa8279ea6a8027654a92b15942b9d",
        "fit_sha256": "fabbe2df06d4283c3ddbd3f9c259be5d966eb6391fdf6785711d5167891f0ca5",
        "source_sha256": "8a6588e2029c433ac85e190c9e10d1b4cda7dbba555f7824cfe6c5960163d724",
        "source_dimensions_px": [
          10815,
          7549
        ],
        "source_geometry_native": {
          "type": "LineString",
          "coordinates": [
            [
              9330.0,
              5485.0
            ],
            [
              9335.0,
              5482.0
            ],
            [
              9340.0,
              5479.0
            ],
            [
              9346.5,
              5480.0
            ],
            [
              9353.0,
              5481.0
            ],
            [
              9359.0,
              5482.5
            ],
            [
              9365.0,
              5484.0
            ],
            [
              9371.0,
              5478.0
            ],
            [
              9374.5,
              5473.5
            ],
            [
              9378,
              5469
            ]
          ]
        },
        "source_crop": {
          "native_xywh": [
            8988,
            5239,
            660,
            450
          ],
          "display_size": [
            660,
            450
          ],
          "rotation_degrees": 0
        },
        "source_context_url": "https://www.davidrumsey.com/luna/servlet/iiif/RUMSEY~8~1~2644~290012/8988,5239,660,450/660,450/0/default.jpg",
        "source_url": "https://www.davidrumsey.com/luna/servlet/iiif/m/RUMSEY~8~1~2644~290012/manifest",
        "credit": "David Rumsey Map Collection, David Rumsey Map Center, Stanford University Libraries",
        "imagery_licence_url": "https://creativecommons.org/licenses/by-nc-sa/3.0/",
        "source_note": "Falls 15 is above the small tributary bend west of Big Brook and the eastern road. Trace the adjacent source stroke below/right of the wording, keeping the geological angle arrows separate. No present height or exact falls extent is asserted.",
        "placement_note": "The source reach is west of the eastern Big Brook valley and road, before the smaller brook joins the main valley. Its projection is south of the modern tributary bend. The district is supported, while exact channel, drop position and printed height remain unverified.",
        "source_excerpt": "excerpts/F19-JUD-154.jpg",
        "evidence_url": "https://github.com/dfakkeldy/ns-marks-the-spot/blob/nightly/reports/fletcher/feature-geography/sheet-19-features.geojson",
        "evidence_sha256": "5bae00b1a80a1b5de63336465cc36ef510763bc4f9b9957d2ba56ba0559221cf"
      }
    },
    {
      "type": "Feature",
      "id": "F19-JUD-158",
      "geometry": {
        "type": "Point",
        "coordinates": [
          -61.30172827979331,
          45.76448059392552
        ]
      },
      "properties": {
        "annotation_id": "F19-JUD-158",
        "sheet": 19,
        "source_text": "School",
        "kind": "school",
        "reading_status": "clear",
        "placement_status": "map-derived-approximate",
        "geographic_role": "reviewed-source-mark",
        "geometry_meaning": "Approximate historical mark location; not a surveyed site, current condition, ownership or access.",
        "fit_revision": "a6619d96ba8fa8279ea6a8027654a92b15942b9d",
        "fit_sha256": "fabbe2df06d4283c3ddbd3f9c259be5d966eb6391fdf6785711d5167891f0ca5",
        "source_sha256": "8a6588e2029c433ac85e190c9e10d1b4cda7dbba555f7824cfe6c5960163d724",
        "source_dimensions_px": [
          10815,
          7549
        ],
        "source_geometry_native": {
          "type": "Point",
          "coordinates": [
            7907,
            6026
          ]
        },
        "source_crop": {
          "native_xywh": [
            7625,
            5780,
            660,
            450
          ],
          "display_size": [
            660,
            450
          ],
          "rotation_degrees": 0
        },
        "source_context_url": "https://www.davidrumsey.com/luna/servlet/iiif/RUMSEY~8~1~2644~290012/7625,5780,660,450/660,450/0/default.jpg",
        "source_url": "https://www.davidrumsey.com/luna/servlet/iiif/m/RUMSEY~8~1~2644~290012/manifest",
        "credit": "David Rumsey Map Collection, David Rumsey Map Center, Stanford University Libraries",
        "imagery_licence_url": "https://creativecommons.org/licenses/by-nc-sa/3.0/",
        "source_note": "Single compact mark directly below-left of School, east of the diagonal road at its small western spur. It is distinct from the southern cluster of marks.",
        "placement_note": "The school remains east of the main meandering river and north of the next southern tributary/road sequence. It is east of the historical road, whereas the current projection is west of the modern road. Keep this road-side disagreement explicit; the point represents approximate historical locality only.",
        "source_excerpt": "excerpts/F19-JUD-158.jpg",
        "evidence_url": "https://github.com/dfakkeldy/ns-marks-the-spot/blob/nightly/reports/fletcher/feature-geography/sheet-19-features.geojson",
        "evidence_sha256": "5bae00b1a80a1b5de63336465cc36ef510763bc4f9b9957d2ba56ba0559221cf"
      }
    },
    {
      "type": "Feature",
      "id": "F19-JUD-162",
      "geometry": {
        "type": "LineString",
        "coordinates": [
          [
            -61.28534574464782,
            45.7547866238404
          ],
          [
            -61.285529524882115,
            45.75459468220415
          ],
          [
            -61.28571328286254,
            45.75440284007182
          ],
          [
            -61.285759865267764,
            45.75423646676895
          ],
          [
            -61.28580640539944,
            45.75407019146208
          ],
          [
            -61.285898605429175,
            45.753900990719636
          ],
          [
            -61.28599077123811,
            45.75373188399825
          ],
          [
            -61.28612853850143,
            45.753576140523315
          ],
          [
            -61.28626627829165,
            45.75342047887662
          ]
        ]
      },
      "properties": {
        "annotation_id": "F19-JUD-162",
        "sheet": 19,
        "source_text": "Fall 20",
        "kind": "falls",
        "reading_status": "clear",
        "placement_status": "map-derived-approximate",
        "geographic_role": "reviewed-source-line",
        "geometry_meaning": "Approximate traced portion of a historical linear feature. Endpoints delimit reviewed source evidence, not its full extent or an exact falls site. No current condition or access is asserted.",
        "fit_revision": "a6619d96ba8fa8279ea6a8027654a92b15942b9d",
        "fit_sha256": "fabbe2df06d4283c3ddbd3f9c259be5d966eb6391fdf6785711d5167891f0ca5",
        "source_sha256": "8a6588e2029c433ac85e190c9e10d1b4cda7dbba555f7824cfe6c5960163d724",
        "source_dimensions_px": [
          10815,
          7549
        ],
        "source_geometry_native": {
          "type": "LineString",
          "coordinates": [
            [
              8280.0,
              6333.0
            ],
            [
              8276.0,
              6338.5
            ],
            [
              8272.0,
              6344.0
            ],
            [
              8271.0,
              6349.0
            ],
            [
              8270.0,
              6354.0
            ],
            [
              8268.0,
              6359.0
            ],
            [
              8266.0,
              6364.0
            ],
            [
              8263.0,
              6368.5
            ],
            [
              8260,
              6373
            ]
          ]
        },
        "source_crop": {
          "native_xywh": [
            7893,
            6121,
            660,
            450
          ],
          "display_size": [
            660,
            450
          ],
          "rotation_degrees": 0
        },
        "source_context_url": "https://www.davidrumsey.com/luna/servlet/iiif/RUMSEY~8~1~2644~290012/7893,6121,660,450/660,450/0/default.jpg",
        "source_url": "https://www.davidrumsey.com/luna/servlet/iiif/m/RUMSEY~8~1~2644~290012/manifest",
        "credit": "David Rumsey Map Collection, David Rumsey Map Center, Stanford University Libraries",
        "imagery_licence_url": "https://creativecommons.org/licenses/by-nc-sa/3.0/",
        "source_note": "Fall 20 is immediately left of the stream south of the Old Road crossing and north of Princeville. Trace that visible stroke; it is not the road line or the printed text. Twenty remains historical source wording.",
        "placement_note": "The reach lies below the historical Old Road crossing and above the southern Princeville river junction. Modern roads differ and cross the projected reach locally, but the northern tributary and southern main-river sequence are recognizable. Retain approximate historical evidence; no current falls height or exact road-side site is asserted.",
        "source_excerpt": "excerpts/F19-JUD-162.jpg",
        "evidence_url": "https://github.com/dfakkeldy/ns-marks-the-spot/blob/nightly/reports/fletcher/feature-geography/sheet-19-features.geojson",
        "evidence_sha256": "5bae00b1a80a1b5de63336465cc36ef510763bc4f9b9957d2ba56ba0559221cf"
      }
    }
  ]
}
