{"type": "FeatureCollection", "features": [{"type": "Feature", "id": 52022, "geometry": {"type": "LineString", "coordinates": [[-60.03439630290945, 45.92807685550378], [-60.034568767050885, 45.92815689696535], [-60.03457503533578, 45.92815980502271], [-60.034663658707615, 45.92821521168251], [-60.03466935361186, 45.92821798783221], [-60.03470262962345, 45.92823422548451], [-60.03477857066468, 45.92826140008141], [-60.03481754117403, 45.92828042283418], [-60.03482829471628, 45.928285571557915], [-60.03485527206913, 45.92829850429637], [-60.034914921602955, 45.92832956711471], [-60.03494438864595, 45.92834491370599], [-60.03502059902846, 45.928390987893515], [-60.035021230411196, 45.92839196737912], [-60.035032520478566, 45.92840930814939], [-60.035097849854864, 45.928468105933625], [-60.03513344405468, 45.92850013712103], [-60.03515763036392, 45.92855477019763], [-60.03516549141974, 45.92872276793528], [-60.03516606465761, 45.92873499695665], [-60.03516210950718, 45.92890591915826], [-60.03510804017323, 45.9289765218174], [-60.035097604980564, 45.92901571050925], [-60.03509352362996, 45.929031049962106], [-60.03509265637723, 45.92906496959725], [-60.03508750142327, 45.929264915333796], [-60.035045533679984, 45.92939882906552], [-60.035029692017574, 45.929425474200784], [-60.035018614983024, 45.929444043301366], [-60.03499786868908, 45.92946252331998], [-60.03497934269281, 45.929479035804825], [-60.03493969401243, 45.92949689892946], [-60.03488721192251, 45.92951353768114], [-60.034865301076515, 45.92951878320583], [-60.03474479779339, 45.929547633681786], [-60.03460452981077, 45.92959831978063], [-60.03457513462604, 45.92960894238399], [-60.034511011607734, 45.9296261787048], [-60.03445881053665, 45.92966172631441], [-60.034313368208046, 45.929776759651176]]}, "properties": {"OBJECTID": 52022, "FEAT_CODE": "WALK20", "FEAT_DESC": "Lake - Water to the right line", "RIVNAME_1": " ", "RIVNAME_2": " ", "ZVALUE": 72.6, "FID": null, "SHAPE_Length": 249.68879598955124}}, {"type": "Feature", "id": 52080, "geometry": {"type": "LineString", "coordinates": [[-60.034313368208046, 45.929776759651176], [-60.03424492208345, 45.9298228032183], [-60.03420901293175, 45.92984696479947], [-60.03408784214342, 45.92989701221339], [-60.034038870208505, 45.92991723408047], [-60.0340002274338, 45.929916230253646], [-60.033987541509006, 45.9299163507492], [-60.033974430034206, 45.929916469189436], [-60.03392386540166, 45.92989715396392], [-60.03384836134072, 45.92978898263211], [-60.03384227508481, 45.929746394577116], [-60.03383802870198, 45.92971670751344], [-60.033800962391986, 45.92966173955471], [-60.03377982915186, 45.92964056061476], [-60.033737290850006, 45.929597979640974], [-60.03373057368097, 45.929532405052896], [-60.03372712184704, 45.92949870625142], [-60.03372739071613, 45.92948907334046], [-60.033729820792544, 45.92939976716512], [-60.03373896236169, 45.929370580924015], [-60.033743811273325, 45.92935512644802], [-60.033811441508796, 45.929247973303326], [-60.03385215245794, 45.92918602506452], [-60.033851561633256, 45.929165910846685], [-60.03384529961457, 45.92895181627079], [-60.03384814830498, 45.92882588755393], [-60.03386483713046, 45.92868230770558], [-60.033908294033374, 45.92852052148022], [-60.034003902350115, 45.928324095648115], [-60.034070572258216, 45.92823491006684], [-60.03411180549088, 45.92819772760083], [-60.03414916305287, 45.928164044780665], [-60.034164715163314, 45.92815346773887], [-60.034175930963826, 45.92814583834101], [-60.03419976541595, 45.92813837470425], [-60.03439630290945, 45.92807685550378]]}, "properties": {"OBJECTID": 52080, "FEAT_CODE": "WALK20", "FEAT_DESC": "Lake - Water to the right line", "RIVNAME_1": " ", "RIVNAME_2": " ", "ZVALUE": 72.6, "FID": null, "SHAPE_Length": 260.85550088962117}}, {"type": "Feature", "id": 135143, "geometry": {"type": "LineString", "coordinates": [[-60.04740202099063, 45.93912130699861], [-60.047406895333914, 45.938932415783924], [-60.04741584613409, 45.93889919118947], [-60.047421355192384, 45.93887878477252], [-60.04744855399273, 45.938852485642265], [-60.0474883503234, 45.93880761053431], [-60.0474980666797, 45.9388056295816], [-60.047527477227305, 45.93879962147332], [-60.047645228154344, 45.938719867685414], [-60.047707682476435, 45.93868413815374], [-60.04773704700753, 45.93866733681562], [-60.04781308816502, 45.938630347385455], [-60.047828423595284, 45.938622886176056], [-60.04798388152484, 45.93856209961461], [-60.0480755430617, 45.93853656687196], [-60.0482436437473, 45.9385292116671], [-60.048540145677514, 45.938533276122776], [-60.04855350607834, 45.93852462065816], [-60.048618099958205, 45.938498387796685], [-60.04864125750603, 45.93847140786783], [-60.048671746111516, 45.938435859629365], [-60.048698622779526, 45.93839155923012], [-60.048699132828055, 45.93836154567027], [-60.04869923073368, 45.93835557165484], [-60.04870449995682, 45.93831999259016], [-60.04871531228887, 45.93824707737773], [-60.04872685098686, 45.9382280238595], [-60.04874217641811, 45.938202767642416], [-60.04880883526501, 45.93811358228842], [-60.04887453938962, 45.9380423738641], [-60.04890873498419, 45.93801134977829], [-60.049138833029694, 45.93780258207473], [-60.049284267442104, 45.937687529751166], [-60.04938701016719, 45.93761846631709], [-60.04953309823303, 45.93752024410436], [-60.04961219416455, 45.93747717584746], [-60.04974299300328, 45.937405956796056], [-60.04985472933981, 45.93735214769837], [-60.049925677668035, 45.937317959538], [-60.050095933104835, 45.937221558129345], [-60.050241145468206, 45.93713979289113], [-60.050331304592376, 45.9370890262163], [-60.0504490483679, 45.937009260341135], [-60.05056772379444, 45.93691241684532], [-60.0506155638487, 45.93685664140677], [-60.05067498124442, 45.936787384738544], [-60.050763462026424, 45.93670623259126], [-60.05082007584884, 45.93665431102376], [-60.050864958754914, 45.93660417462104], [-60.05089961209974, 45.936565457053405], [-60.05107190097047, 45.93640609193599], [-60.05113712327359, 45.93634387057974], [-60.05121713540287, 45.936246027851915], [-60.0512844069116, 45.93612085356312], [-60.05130500696648, 45.93610386096103], [-60.05133836895185, 45.93607634293772], [-60.051386778465506, 45.93604336296479], [-60.051390565839014, 45.936040787526935], [-60.051526025655306, 45.93596476334167], [-60.05186124383175, 45.93577661625808], [-60.05207065008831, 45.93567132186819], [-60.05209718755142, 45.93565352833013], [-60.052109439789426, 45.935645311879526], [-60.05212335082229, 45.9356335469254], [-60.05216211246218, 45.935600767574094], [-60.05221377301588, 45.93554587316801], [-60.052229097497154, 45.93552959027494], [-60.05230767653645, 45.93545871225269], [-60.05236082551526, 45.93540517932652], [-60.0523886385718, 45.93534289157001], [-60.0523889056509, 45.93533201646744], [-60.052390828476696, 45.935252939853676], [-60.052433284627476, 45.93510912259719], [-60.05243658403737, 45.934989973839706], [-60.05244176048641, 45.93480331334001], [-60.05248150214656, 45.93475933514775], [-60.05254610222236, 45.93473310921845], [-60.05258413471125, 45.934713821137954], [-60.05265082688314, 45.93468000745377], [-60.05269086846213, 45.9346529944858], [-60.052716380892086, 45.93463578639922], [-60.0530049767296, 45.93442360637755], [-60.053124629385074, 45.93430789269229], [-60.053319131752986, 45.93417722504811], [-60.0534523313924, 45.93408772900616], [-60.05351884933958, 45.934025539713105], [-60.053547353521424, 45.933987409717105], [-60.0535591136491, 45.933971673721516], [-60.05357576685137, 45.93390986275093], [-60.053588018478536, 45.93386440970606], [-60.053654046706875, 45.933811208522094], [-60.05375843315652, 45.9337400953576], [-60.05384789584708, 45.93371057687548], [-60.053862154410744, 45.933705868322086], [-60.0540324271594, 45.93360855238079], [-60.05406798783861, 45.93358865997877], [-60.05411084697012, 45.93356468047834], [-60.054162912297556, 45.93355611387785], [-60.054292732559084, 45.93354056146143], [-60.05438252553182, 45.933550078664915], [-60.054410271275756, 45.93355399874906], [-60.05452335741804, 45.93356991329011], [-60.05462633346051, 45.93359867212072], [-60.05477853895359, 45.93367190470043], [-60.05484233247762, 45.933709553530775], [-60.05484678009244, 45.933709362225564], [-60.05485527550238, 45.93370897830245], [-60.05494692556277, 45.93368344874108], [-60.05496772235586, 45.9336692778081], [-60.054999105016925, 45.933647891224545], [-60.055090559854584, 45.93357734338003], [-60.055092994879935, 45.933575939049746], [-60.05527418827669, 45.93347136922997], [-60.05536694355435, 45.933400854702086], [-60.05548624071367, 45.93326711871187], [-60.05553391730754, 45.933187970834396], [-60.05556685680155, 45.93313328517982], [-60.055588329208426, 45.93311000471756], [-60.05563255961054, 45.93306206380293], [-60.05565926220714, 45.93304475973645], [-60.05579469859636, 45.93298232111452], [-60.05586817549947, 45.932948437474955], [-60.05598529954107, 45.93290465319294], [-60.05606795391767, 45.93286383239964], [-60.05623298417666, 45.932782327466235], [-60.05629945296163, 45.93275678664756], [-60.05632516854753, 45.93274690966308], [-60.05644195599329, 45.93268510557923], [-60.056455948578886, 45.93268224401492], [-60.056481077883205, 45.932677104317484], [-60.056543283188546, 45.932656313891016], [-60.05655855553401, 45.932651208096274], [-60.05676827765463, 45.93256391486398], [-60.05678108039045, 45.93255818732801], [-60.05692418546302, 45.93249411787386], [-60.05714587174009, 45.93242422490571], [-60.057286985271716, 45.93238094958172], [-60.05731372127726, 45.932372745824786], [-60.05748370579316, 45.93232942226216], [-60.05758291268294, 45.93228875692157], [-60.057822568655894, 45.932190541075244], [-60.05806969213431, 45.9321033001243], [-60.0580771883993, 45.93209790375911], [-60.05808176133942, 45.93209461027159], [-60.05814812006938, 45.93205941665279], [-60.058191344503996, 45.93204651604784], [-60.05826476488752, 45.93202461850942], [-60.05837956935581, 45.93199534434541], [-60.05849881911279, 45.93196494247238], [-60.05862880742177, 45.931921495887735], [-60.05873210780166, 45.93189534532468], [-60.058887258497016, 45.93188854093932], [-60.059016309154465, 45.931863053413274], [-60.05921075268306, 45.93182036628328], [-60.05927569687353, 45.93181213805755], [-60.05941218105558, 45.931798281588534], [-60.059431322748736, 45.93179634434327], [-60.05950866022715, 45.93179743598905], [-60.05959935430875, 45.93178987972392], [-60.05979224687568, 45.931801138623044], [-60.05990019496478, 45.931817581588206], [-60.05998418835448, 45.931830383360854], [-60.060005992642246, 45.93183541821316], [-60.06002369371834, 45.93183950133057], [-60.06003995161828, 45.931848677756705], [-60.06007379391446, 45.931867802824975], [-60.060078533468804, 45.931877942781426], [-60.060086538223274, 45.93189512445039], [-60.060095234837526, 45.93190776051363], [-60.06009851676989, 45.931912534448436], [-60.06011017211759, 45.931984841167576], [-60.06014677857276, 45.93204878049562], [-60.06019726407597, 45.932094193426174], [-60.06021282847772, 45.932111119684905], [-60.0602472748199, 45.932148585936226], [-60.060247137044605, 45.93217558486886], [-60.06025704201288, 45.93225684732979], [-60.06024258267072, 45.93231049800758], [-60.06020269166739, 45.932379893395584], [-60.060175812877674, 45.932426662694084], [-60.060109641209074, 45.93250687543907], [-60.06008280187304, 45.9325511885054], [-60.06001330153444, 45.932613601859984], [-60.06000290105971, 45.93262293793987], [-60.05997400362105, 45.932666162890975], [-60.05994967166447, 45.93270257475746], [-60.059882086526564, 45.93280974444954], [-60.05985471104074, 45.932863944563564], [-60.05984074035323, 45.932908588942524], [-60.05983932590293, 45.932954600744836], [-60.059837137066395, 45.93302549789088], [-60.059844351488, 45.933068599602386], [-60.05985968169031, 45.93316019972633], [-60.05989567471914, 45.93326013563129]]}, "properties": {"OBJECTID": 135143, "FEAT_CODE": "WALK20", "FEAT_DESC": "Lake - Water to the right line", "RIVNAME_1": " ", "RIVNAME_2": " ", "ZVALUE": 83.6, "FID": null, "SHAPE_Length": 1561.6158573029018}}, {"type": "Feature", "id": 135144, "geometry": {"type": "LineString", "coordinates": [[-60.05989567471914, 45.93326013563129], [-60.05994905242778, 45.93347258844632], [-60.059966006631875, 45.93354007215335], [-60.059986942894795, 45.93356811776743], [-60.06004069387025, 45.93364010426735], [-60.060093273786094, 45.93369057561936], [-60.06011680746257, 45.9337131705819], [-60.060281765184506, 45.93381372661767], [-60.06033225280833, 45.933859130529065], [-60.06039419670242, 45.93393183183994], [-60.06040557490037, 45.93394840726891], [-60.060419347491575, 45.93396849165696], [-60.06042896549492, 45.93410373363962], [-60.06044028353314, 45.93415803897124], [-60.060463328784294, 45.934191584289636], [-60.06047741405079, 45.93421209975844], [-60.06054064673371, 45.93428483416508], [-60.060604017239115, 45.93433056961176], [-60.06066530305735, 45.93435864574469], [-60.06070603417499, 45.93437730889754], [-60.060782287677, 45.934423366887025], [-60.060789576820405, 45.93460267091752], [-60.06078885818788, 45.934627728713075], [-60.06078801295702, 45.93465664460297], [-60.06072599002559, 45.93476350791089], [-60.06069433982481, 45.934818039210995], [-60.0606660605011, 45.93488932680389], [-60.060651477395474, 45.934969949796965], [-60.06063798203076, 45.93500560567442], [-60.06059709778742, 45.93509546148259], [-60.060526441047415, 45.93521994204165], [-60.0605160281162, 45.935238287668966], [-60.060434132220536, 45.9353720917016], [-60.060395161624136, 45.935425993410114], [-60.06029339029939, 45.93549385865466], [-60.0602106326966, 45.93554905415538], [-60.06006708011127, 45.93562906565172], [-60.059949387334605, 45.93570794267999], [-60.05985625493001, 45.935789036168686], [-60.059816862310015, 45.935823341021035], [-60.05981014421226, 45.93582792046036], [-60.05976467083509, 45.93585890042171], [-60.05967335552564, 45.935902462118726], [-60.05960733077901, 45.93595565785856], [-60.059574262492845, 45.935975508157796], [-60.05937150988132, 45.93609719814948], [-60.05932559271349, 45.93613046171542], [-60.059201134527655, 45.93622062177373], [-60.05895244165463, 45.936361829665735], [-60.05885034381423, 45.936437992967576], [-60.05884632731757, 45.93644100379092], [-60.05876789355391, 45.93648488757682], [-60.05851379922337, 45.93660330930254], [-60.05842930841416, 45.93664268041601], [-60.05832718786245, 45.93668292938424], [-60.058142089372716, 45.9367558915285], [-60.05813175975231, 45.93676167393536], [-60.058063655095744, 45.936799765815586], [-60.058042780443095, 45.936822468081196], [-60.05795688871742, 45.93691583468109], [-60.057918053637096, 45.93694273656441], [-60.057840094229554, 45.936977631112555], [-60.05780144572111, 45.93697663521657], [-60.05758995050248, 45.93698015898819], [-60.05750447438177, 45.93698158356282], [-60.05740179240587, 45.93697173666179], [-60.05735068936543, 45.9369623188981], [-60.057298821520625, 45.93694298049643], [-60.05723435982417, 45.936942219214096], [-60.057184929278606, 45.93695384339883], [-60.05701359429809, 45.93699413443112], [-60.056922275507, 45.93703768483378], [-60.05689684623396, 45.937055031011845], [-60.05685624585057, 45.93709089685381], [-60.0568213287279, 45.93714904219826], [-60.056802484344146, 45.93718041035688], [-60.05679041203342, 45.937197416749676], [-60.056789937842794, 45.937198088588886], [-60.05671164105441, 45.93721497202581], [-60.05669875817613, 45.9372146399334], [-60.05668981501855, 45.937210314023645], [-60.05662202896908, 45.9371775587875], [-60.05655947053506, 45.937140851901006], [-60.05651283228218, 45.937095113533196], [-60.056457684205235, 45.93704101001921], [-60.05642794553571, 45.937030108427244], [-60.05630456291553, 45.93698485768353], [-60.056248383032205, 45.936949755203585], [-60.05621590310223, 45.93692947603122], [-60.0562041127353, 45.93688415893842], [-60.05617891594389, 45.936848397098984], [-60.05602688757428, 45.936747268453885], [-60.055988667285426, 45.9367381912447], [-60.05589939255412, 45.93671878777727], [-60.055862203432795, 45.936718251892145], [-60.055822048423, 45.93671769352275], [-60.05561530542231, 45.93672406341711], [-60.05536910980658, 45.93679332131829], [-60.05530371766731, 45.93682619802427], [-60.055159704689835, 45.936898630779496], [-60.05498885438236, 45.93703103668662], [-60.054923440164906, 45.93704825117394], [-60.05484560647425, 45.937056144452576], [-60.054782771829636, 45.93708067105903], [-60.05475474038865, 45.937091604058374], [-60.05466692061895, 45.937141147453126], [-60.05450605407878, 45.93723191134599], [-60.05445930912905, 45.93724420668535], [-60.05444063996224, 45.9372491165582], [-60.054324122601834, 45.93725691160787], [-60.05413122607597, 45.93724563438921], [-60.053990835747975, 45.93721680987436], [-60.05387593635255, 45.937169741195206], [-60.05383111230193, 45.93714555150299], [-60.05377434877878, 45.9371149151521], [-60.05373536493592, 45.937095907579554], [-60.05351616697299, 45.93709384254085], [-60.05343063417672, 45.937098520896264], [-60.053258702542784, 45.937107909068736], [-60.05320562835284, 45.937122785799815], [-60.05310287134535, 45.937151591622694], [-60.0528694207187, 45.937175268873496], [-60.05257324679827, 45.93718923478086], [-60.05254558454163, 45.93718906075159], [-60.05248298506106, 45.93718869588651], [-60.052409622466215, 45.93716554207446], [-60.05239288647844, 45.93716026758263], [-60.052266011535586, 45.93709578655712], [-60.052227028247444, 45.937076778482144], [-60.05221973939791, 45.937075564211085], [-60.05211194166607, 45.937057596739244], [-60.05208110233747, 45.93706016682952], [-60.05202123727473, 45.93706516479281], [-60.05191481550781, 45.9370968992021], [-60.051904578125175, 45.93709995617771], [-60.05179984810907, 45.937153057110415], [-60.05144629483311, 45.93737344850173], [-60.05140414637242, 45.93741216169299], [-60.05134051514909, 45.937470634938045], [-60.0513380020403, 45.93754256761839], [-60.051388282604876, 45.9376158726785], [-60.051387909259304, 45.93763750101455], [-60.05138766354081, 45.93765185998182], [-60.05139158677561, 45.93767031397429], [-60.0513990214088, 45.93770525814484], [-60.05138466027242, 45.93773278982659], [-60.05130741450093, 45.937784529878904], [-60.05130575550118, 45.93778564814108], [-60.05105815384777, 45.9378809718126], [-60.051040519570954, 45.93788484576041], [-60.05098114283749, 45.937897884524396], [-60.05094149240573, 45.93791576215271], [-60.05089368642639, 45.93794778543137], [-60.050862573122714, 45.93796863778711], [-60.050784466000394, 45.93803051716526], [-60.05067830228316, 45.938110582500215], [-60.050599859924716, 45.938154460448516], [-60.05054670652828, 45.938207992427444], [-60.050525084073655, 45.93823693857311], [-60.05052030792063, 45.93824331378897], [-60.05050457925653, 45.938248713014616], [-60.05046907523602, 45.93826089205897], [-60.050262326352666, 45.93826725210146], [-60.05015873770563, 45.93827446781721], [-60.05001630832199, 45.93830860048858], [-60.04998464720364, 45.93832979848385], [-60.049976180218216, 45.93833546626193], [-60.049962200059134, 45.93838010916884], [-60.04997241185894, 45.93847938205222], [-60.04993261726285, 45.938524267071344], [-60.04990167605012, 45.93855182922302], [-60.049893348361, 45.93855924675334], [-60.049853077016074, 45.93861311124743], [-60.0498400508897, 45.938639777144616], [-60.0498244961922, 45.93873838428066], [-60.049809561568516, 45.938801004148594], [-60.04980736411348, 45.938871810838535], [-60.04980593571496, 45.93891792114312], [-60.049792766451816, 45.93897158579997], [-60.04972635903634, 45.939058717027216], [-60.04972481973538, 45.93906073844131], [-60.04964623216645, 45.9391316144432], [-60.04960824190947, 45.93918308056623], [-60.04959341090737, 45.93920315619862], [-60.04958382433648, 45.93923015396563], [-60.04956459056576, 45.93928431894595], [-60.04956349308681, 45.93932929469221], [-60.049538627372115, 45.93935394445665], [-60.0495103852526, 45.93938192727844], [-60.049485594894996, 45.93939908129462], [-60.04947154539656, 45.93940880815984], [-60.04945533533332, 45.939410873497714], [-60.049406603025034, 45.939417048856896], [-60.04934554181727, 45.939433103518915], [-60.04934118486823, 45.93943425104014], [-60.049276099628294, 45.939469481433065], [-60.04927111711362, 45.93947147686398], [-60.049145608873516, 45.93952191418655], [-60.04910694545634, 45.93953040182554], [-60.04906858216243, 45.939538825201474], [-60.04900595816043, 45.93954251716776], [-60.04895210675226, 45.9395457247695], [-60.04892677011505, 45.93953696018233], [-60.04886292654159, 45.93950020686254], [-60.04876186501254, 45.939435489060756], [-60.04856957062414, 45.93938821472257], [-60.04852283803597, 45.93936912208477], [-60.04836501439795, 45.93930461979443], [-60.0483215407442, 45.939273235190555], [-60.04830164883579, 45.93925887769368], [-60.04816093666337, 45.93921202704522], [-60.048127623630215, 45.939204793226416], [-60.048071660561064, 45.93919262642067], [-60.04802007987721, 45.93919219295019], [-60.047723049335474, 45.939198014383535], [-60.04766153158864, 45.939191572287086], [-60.047620413201784, 45.93918725978103], [-60.047610845371175, 45.93918377208504], [-60.047593835897594, 45.939177571734724], [-60.047543354347326, 45.939132162360444], [-60.047518828488336, 45.93913242824707], [-60.04740202099063, 45.93912130699861]]}, "properties": {"OBJECTID": 135144, "FEAT_CODE": "WALK20", "FEAT_DESC": "Lake - Water to the right line", "RIVNAME_1": " ", "RIVNAME_2": " ", "ZVALUE": 83.6, "FID": null, "SHAPE_Length": 1596.8382200861229}}, {"type": "Feature", "id": 135716, "geometry": {"type": "LineString", "coordinates": [[-60.050139177266985, 45.9266584017454], [-60.05013870040875, 45.92666739026109], [-60.05011232027358, 45.926702712049675], [-60.04996944446431, 45.92674582496669], [-60.04982711950403, 45.92679338034893], [-60.049786926237815, 45.92680680615114], [-60.049708976058795, 45.926841704408496], [-60.04963021516401, 45.926867571827074], [-60.04959048589382, 45.92687419591728], [-60.04952741069203, 45.92688471712876], [-60.04938936284384, 45.92688252686171], [-60.04934698966664, 45.92688185487132], [-60.049307489244775, 45.926872742315496], [-60.04924494805667, 45.92683601378312], [-60.049208750220295, 45.92680647363892], [-60.0491435743659, 45.92675328643824], [-60.049118242951096, 45.92674453100555], [-60.04905379341869, 45.926743765391016], [-60.04904453768609, 45.926745128322416], [-60.04900179491555, 45.92675142229905], [-60.048972159106256, 45.926771277250815], [-60.048961674961966, 45.92677828795337], [-60.048906108040065, 45.926822314974025], [-60.04888358165796, 45.926840175454544], [-60.048854094092384, 45.92687521861709], [-60.048816126863834, 45.926920330550544], [-60.04879206378223, 45.926952561631175], [-60.04878974529822, 45.9269556609973], [-60.048780190322425, 45.92698380265949], [-60.04876221907752, 45.92703685711186], [-60.04874852901393, 45.92705517998645], [-60.04873583837347, 45.92707216956634], [-60.04872019810061, 45.92708981196984], [-60.04869605142678, 45.92711705440611], [-60.04860364553567, 45.92720557426194], [-60.048584931980564, 45.927225468421085], [-60.04853666652657, 45.92727674965426], [-60.04849692745842, 45.92732072657712], [-60.048456517231756, 45.92735183294336], [-60.048404126558154, 45.92739213447185], [-60.04834804902199, 45.92744065743726], [-60.04831219690155, 45.92747166556564], [-60.04822122134519, 45.92753321958054], [-60.0481828681703, 45.9275445231871], [-60.0481033051419, 45.927567974591376], [-60.048091809890046, 45.927572645858206], [-60.04803871111435, 45.92759420717423], [-60.04790473867353, 45.92766025680023], [-60.04784269900505, 45.92769084871413], [-60.047814199603266, 45.927709931672354], [-60.04776377948132, 45.92774371324718], [-60.047618369064864, 45.9278587643622], [-60.04759664822184, 45.92787091188499], [-60.047539939268454, 45.927902640568256], [-60.04748821233495, 45.92792920556242], [-60.047405163986724, 45.9279376339676], [-60.047332607163426, 45.92794499250284], [-60.04728639080685, 45.927965669351394], [-60.04725465532693, 45.927979862036295], [-60.04718958260003, 45.928015091594034], [-60.047072103502025, 45.92804085600799], [-60.04703078005688, 45.92805197439805], [-60.04700801160465, 45.928058100158346], [-60.04698475949191, 45.92806191819211], [-60.04695596388785, 45.92806665494488], [-60.04692924779368, 45.9280839656359], [-60.046854533597, 45.92812440914295], [-60.04679910256854, 45.928154406347], [-60.04661546385636, 45.92826036664831], [-60.046432852928696, 45.92834745148761], [-60.04634852237919, 45.9283965117265], [-60.04634101556233, 45.92840088095583], [-60.04613148204224, 45.928533173104015], [-60.0460793240745, 45.92856782705853], [-60.046023715910685, 45.92861983534359], [-60.046012830616114, 45.928630012690476], [-60.04593282113844, 45.928727851927164], [-60.04582527983488, 45.92890688635597], [-60.04577700764187, 45.92897982224842], [-60.04577198651674, 45.928987415047594], [-60.04576377864118, 45.92901784151595], [-60.04575752812609, 45.929041045954726], [-60.0457163522595, 45.929111996230624], [-60.045688965605905, 45.92916618369798], [-60.045684583959314, 45.92917776240725], [-60.04566195902338, 45.929237491577965], [-60.045621226105716, 45.92930034352817], [-60.04561935487778, 45.9293027883405], [-60.04558099273449, 45.92935330747245], [-60.04551288756898, 45.929416423194894], [-60.04547517221761, 45.929451369583475], [-60.04544540774676, 45.92947140930387], [-60.04537083116472, 45.929521585298026], [-60.04529144187974, 45.929583436792065], [-60.04518656198708, 45.92966353931014], [-60.045148300193645, 45.92969589721024], [-60.04513390358418, 45.92970806279394], [-60.04511793561434, 45.92972503915868], [-60.045066916579586, 45.92977924493027], [-60.045028619027455, 45.92979625544364], [-60.04491148070577, 45.92984002811863], [-60.04488814947692, 45.92984386167928], [-60.0448594310314, 45.92984858189841], [-60.04475855621085, 45.92984724913176], [-60.04471764409883, 45.92984671224997], [-60.04462790689261, 45.929836288776094], [-60.04453927069659, 45.92978088956351], [-60.04449020737281, 45.929774030041315], [-60.044397164421675, 45.929761009582876], [-60.04437024062982, 45.9298062168804], [-60.04435721417848, 45.92983288217388], [-60.044360635794746, 45.92984931626073], [-60.04436851624757, 45.92988717974386], [-60.04441630711021, 45.93003153011192], [-60.044501308041774, 45.93020384614891], [-60.04456705867174, 45.93034278379215], [-60.044587119775606, 45.93038518393776], [-60.04459497035613, 45.930405900042615], [-60.044610873292484, 45.93044790452572], [-60.04469827730177, 45.93057527844356], [-60.04470755031843, 45.930587678584885], [-60.04478616910363, 45.930692755000514], [-60.044824835003226, 45.93072100128745], [-60.04487434159127, 45.93075715184333], [-60.04502537757103, 45.93087627148152], [-60.04515350511782, 45.930940793071464], [-60.04522942035743, 45.93096886009723], [-60.04529325190552, 45.9310056152013], [-60.04543331889171, 45.93108844710802], [-60.045463427154885, 45.931106129774754], [-60.04549586257993, 45.93112516877176], [-60.04551780502609, 45.9311722348566], [-60.04552134833461, 45.931179833237344], [-60.045517847264314, 45.93126974195805], [-60.04550367679538, 45.931406286927], [-60.04550199732724, 45.931422354956716], [-60.04547150000209, 45.93158358975848], [-60.04547580157699, 45.93170992872361], [-60.045478547546026, 45.93179078223768], [-60.04547414618741, 45.93197068496236], [-60.04543711997181, 45.932066656792244], [-60.045418793390326, 45.93211416598461], [-60.04539741611216, 45.93214941810668], [-60.04536506623594, 45.93220278397959], [-60.04535151414059, 45.932239336689726], [-60.04536066441106, 45.93238268667889], [-60.045346156806545, 45.93243721632186], [-60.04530639849366, 45.932481191615054], [-60.04520120652686, 45.932543275388504], [-60.04504242767507, 45.93261438619378], [-60.04484971486431, 45.93270069398746], [-60.04481371264776, 45.93271500957937], [-60.044783825135816, 45.93272689118518], [-60.04460228467784, 45.93276899662636], [-60.04453347943706, 45.932792282952434], [-60.04449849924806, 45.932804113668176], [-60.044458009403414, 45.93282228235124], [-60.04438090194958, 45.93285687474118], [-60.04434373483467, 45.93286665061424], [-60.04431548972708, 45.932874083199096], [-60.04425175302902, 45.932886222522754], [-60.04418647905496, 45.932898646044016], [-60.04409606067402, 45.93290215581575], [-60.04400550058617, 45.93290566184708], [-60.04381166611686, 45.932912344507876], [-60.04378042452247, 45.932912084675735], [-60.04376009186765, 45.932911900265566], [-60.04375763090666, 45.93291257461556], [-60.0436959671005, 45.93292915070328], [-60.04361105716934, 45.93296660983328], [-60.04357840373131, 45.93298101174463], [-60.04350789816539, 45.93299259735048], [-60.043474310967376, 45.93299811823672], [-60.04346344744845, 45.93300155427869], [-60.043448056544854, 45.933006439230844], [-60.04343971308465, 45.93301439593646], [-60.04338282995434, 45.93306865611084], [-60.04335596430039, 45.93311296457589], [-60.043340976450345, 45.9331764823559], [-60.043295776587684, 45.93328658914668], [-60.043286142724064, 45.93331007485973], [-60.04327115473027, 45.93337359262543], [-60.043266682493886, 45.9335437725086], [-60.04326358473792, 45.933661432138955], [-60.04327019771194, 45.93384365415932], [-60.043271446909024, 45.933877646636454], [-60.04327889802217, 45.934008702641464], [-60.04328011377554, 45.934029985081324], [-60.04331655529587, 45.93412093704269], [-60.04331886120665, 45.93412511913468], [-60.04334125203295, 45.9341656806323], [-60.04335111953267, 45.93424694361047], [-60.04331083241227, 45.93430080541992], [-60.04325869292095, 45.93433545854797], [-60.04319361060899, 45.934370676562565], [-60.04303824521991, 45.93440535660712], [-60.04290790732536, 45.93443078371744], [-60.04275274912123, 45.934437557169694], [-60.04262038725177, 45.93444210361251], [-60.04257311351681, 45.93444372340491], [-60.042429820158915, 45.93446970547917], [-60.04232179622652, 45.93449784311585], [-60.04223492487603, 45.934520462048354], [-60.0421703199986, 45.934546691018525], [-60.04214334387112, 45.93456128459507], [-60.04210523677368, 45.9345819083886], [-60.041999067310975, 45.93466197453715], [-60.041985560650105, 45.934697618933434], [-60.041996236122586, 45.93478790378692], [-60.042004360004, 45.93495013816107], [-60.041990719429116, 45.935012781571785], [-60.04197688060007, 45.93503042470479], [-60.04187156826837, 45.93511860468182], [-60.041868960122834, 45.93512010325395], [-60.041596104164775, 45.935277082852515], [-60.04153026534676, 45.93529229847731], [-60.04151904640193, 45.93529488804743], [-60.041503706672174, 45.93529661477229], [-60.04145415719125, 45.935302198504296], [-60.04138664775651, 45.93531511154989], [-60.04136292838646, 45.93531964539814], [-60.04129880060478, 45.935336885408645], [-60.04127270117167, 45.93534250966942], [-60.04122050229038, 45.93535375817264], [-60.04092118458514, 45.93547561326287], [-60.04080405680705, 45.935519381982566], [-60.04073467476377, 45.935550499788], [-60.04068642455068, 45.93557213833445], [-60.04061206666175, 45.93563807731332], [-60.04060654268599, 45.93564297460044], [-60.04058937162006, 45.93565680485321], [-60.04047445734236, 45.93574936108748], [-60.040449833082484, 45.93578057674647], [-60.04035548523837, 45.93590019138869], [-60.04033056041479, 45.93595667355399], [-60.040327610668776, 45.935963374715115], [-60.04032733033269, 45.93597372740075], [-60.0403249230394, 45.93606230514786], [-60.040321742949686, 45.93617024164276], [-60.04027916836156, 45.93634014474792], [-60.04026049590561, 45.93637150564567], [-60.04025225021677, 45.93638536019217], [-60.040199272235384, 45.936483896053176], [-60.04018495382849, 45.93651052736169], [-60.04013808794889, 45.93655048224006], [-60.04009170874793, 45.93659001767585], [-60.040078347558556, 45.936598672131765], [-60.040071931109246, 45.936604095306805], [-60.040025664490685, 45.93664321059531], [-60.039983150847185, 45.93667168517292], [-60.03994673759055, 45.93669606859623], [-60.039868767863, 45.93673095060438], [-60.039816711497856, 45.936739492911286], [-60.03973951656645, 45.93673850862253], [-60.039610446276654, 45.9367368543407], [-60.039456238465334, 45.936725655303675], [-60.03934067840841, 45.93671545820769], [-60.03919902309403, 45.9366865736557], [-60.03908635281876, 45.936660393762494], [-60.03903336944103, 45.93664807475772], [-60.03896940008454, 45.9366383240867], [-60.038885933843204, 45.936637617623305], [-60.03886623112979, 45.93663744867944], [-60.038801736494456, 45.93664264366605], [-60.038671891677794, 45.936653110349454], [-60.03859406838248, 45.93666099280375], [-60.03849000236845, 45.936677195360716], [-60.03847098030578, 45.93669015820811], [-60.03841236221794, 45.93673008657674], [-60.0383864585587, 45.93675429296218], [-60.03834583729631, 45.93679226688416], [-60.03830603526524, 45.93683713867361], [-60.0382904608399, 45.936935743779415], [-60.03830050302756, 45.93706201584183], [-60.03831721623112, 45.93710691345302], [-60.0383242039669, 45.937125636411544], [-60.0383321881126, 45.937134133274014], [-60.03851220433117, 45.93732583074777], [-60.03855715469876, 45.93737173974338], [-60.03857460162719, 45.93738955485743], [-60.03866030449318, 45.93759699652505], [-60.03868415396515, 45.93763362738995], [-60.03870632682988, 45.937736352833895], [-60.038719335893674, 45.9377965457238], [-60.03874404324783, 45.93784129056699], [-60.03876548711914, 45.9378729535733], [-60.038793079656934, 45.93791366885659], [-60.03881124569911, 45.93794729003095], [-60.03881773923112, 45.93795931252633], [-60.038851053629244, 45.93815729459726], [-60.038858409195285, 45.93833184034376], [-60.038859033347386, 45.938346518874766], [-60.03885393650643, 45.93835864581508], [-60.03883244402274, 45.938409735152355], [-60.038792701923924, 45.93845370857546], [-60.03876802675827, 45.938470341207115], [-60.03872712017206, 45.93849791190552], [-60.03863545477849, 45.93852343703758], [-60.0384033684602, 45.93852101766876], [-60.038326980686506, 45.938501934703204], [-60.038247960642735, 45.9384729365034], [-60.038173887866336, 45.93844575873773], [-60.038080612214245, 45.93843298814651], [-60.03795485708256, 45.93841577456155], [-60.037826423825344, 45.93840524197692], [-60.03773422179525, 45.938404281035666], [-60.03771038113125, 45.938404040540384], [-60.03758812239446, 45.9384061880294], [-60.03740047213667, 45.938409500945006], [-60.03735543559395, 45.93841361585076], [-60.037231940430274, 45.93842492071826], [-60.0368047941434, 45.93850024398271], [-60.036765605289695, 45.93850912784023], [-60.036701472479706, 45.93852636513501], [-60.03648136001833, 45.93854135508128], [-60.03631363624884, 45.938565804294036], [-60.03602353843541, 45.938562135303094], [-60.035772168391674, 45.938558957961575], [-60.03573209596402, 45.938555136361884], [-60.0356682134117, 45.93854904943287], [-60.035619239526135, 45.938550064155265], [-60.035398276340736, 45.93855463306965], [-60.0349575707504, 45.93859360304975], [-60.034855207658545, 45.93860173677016], [-60.03471293221588, 45.93860885185476], [-60.03456968519675, 45.938633934178974], [-60.03437774879086, 45.93860464681917], [-60.034365279860545, 45.93860138868544], [-60.03433956669668, 45.93859465425797], [-60.0343166168292, 45.938584004233235], [-60.034300540860215, 45.93857653902492], [-60.034211901854526, 45.93852113177696], [-60.0341932974321, 45.93851221474926], [-60.03417416440381, 45.938503049966265], [-60.03405784123065, 45.93848292679011], [-60.03397105283149, 45.938470690384214], [-60.03391700554798, 45.93846306680144], [-60.033697791471816, 45.93846097224131], [-60.03346513757268, 45.9384936312939], [-60.033373936861395, 45.93851016344552], [-60.033326696831914, 45.93852147417396], [-60.033231498082046, 45.938544265915255], [-60.033139782326515, 45.938570685405814], [-60.03311839452906, 45.93858225376505], [-60.03307468879383, 45.93860589735044], [-60.03301213000416, 45.93862117528887], [-60.03297143909529, 45.93863111691181], [-60.03295296770723, 45.93863106895247], [-60.032932729438606, 45.938631011078684], [-60.032922112392995, 45.93862303047271], [-60.03292032634823, 45.93862168794078], [-60.032879578107085, 45.93859524670111], [-60.0327931432619, 45.938539175560685], [-60.03274750709873, 45.938489511127244], [-60.0327431545562, 45.93848477158857], [-60.0326498336625, 45.93841197786397], [-60.03257843459347, 45.938356279318185], [-60.03252829485115, 45.93832887380488], [-60.03247530188701, 45.938312141100276], [-60.032438218330256, 45.93830043029187], [-60.03237423602528, 45.93829066658547], [-60.03236022808335, 45.93829183264121], [-60.03228352770894, 45.938298218836984], [-60.032264309637114, 45.93829838537951], [-60.032257727387666, 45.938298439312746], [-60.032253585403794, 45.93830111290857], [-60.03224435171687, 45.9383070924747], [-60.03224564899549, 45.938308890356126], [-60.032257562966194, 45.938325437519566], [-60.03226645905901, 45.938354048355805], [-60.03226857405248, 45.93836082694671], [-60.03228732325779, 45.93839553542115], [-60.032317895621254, 45.938452117178095], [-60.03235546802476, 45.93849719779455], [-60.03243074176683, 45.93856126894433], [-60.03257082063505, 45.9386441078844], [-60.032785668275494, 45.93880001426672], [-60.032835657771834, 45.938854409237166], [-60.03284838948582, 45.93888174257596], [-60.03286072954649, 45.93891834558693], [-60.03287289324507, 45.93895438596206], [-60.03287177447851, 45.93899515763266], [-60.03287023944478, 45.93905242600012], [-60.03276531702994, 45.939115000337324], [-60.032751645549354, 45.93912315082523], [-60.03242216874783, 45.93939811394375], [-60.032277668635274, 45.939495167425044], [-60.032240691215506, 45.93950489027956], [-60.03221223220975, 45.93951236831225], [-60.03214714986556, 45.93954758001649], [-60.03209541768551, 45.93957413787849], [-60.0320330744698, 45.93959453335228], [-60.03196542657635, 45.93961666306977], [-60.03178236652524, 45.939686611165016], [-60.03165328704546, 45.939712058131406], [-60.03165009458674, 45.93971289321951], [-60.031587863068864, 45.939729258984045], [-60.031521326948976, 45.93979143501162], [-60.03151408685901, 45.93979631424321], [-60.0314557508715, 45.939835634309944], [-60.031442867680006, 45.93983529935576], [-60.03129931210619, 45.939914374502926], [-60.03124565866144, 45.939976885325905], [-60.0312383523284, 45.94028272340296], [-60.03121375432366, 45.9402993024017], [-60.03117277543444, 45.94032692251579], [-60.03106662782987, 45.94040606995072], [-60.03104081317469, 45.940406298780665], [-60.030821980638564, 45.940421310190864], [-60.03078394363206, 45.9404209060933], [-60.030705935203954, 45.94042008355736], [-60.03067369522725, 45.940372269820905], [-60.03066887783585, 45.94036512389582], [-60.030621399553, 45.94035960476607], [-60.0305791269281, 45.94035468904274], [-60.03034670766114, 45.940334242972995], [-60.030244073585635, 45.940323472777145], [-60.0302063362971, 45.94030538966109], [-60.02998446974189, 45.940401318972526], [-60.02995594744456, 45.940500495200624], [-60.0298502786674, 45.940570644134205], [-60.029824358718884, 45.94059698134265], [-60.029626662507276, 45.940747552660085], [-60.02953526898654, 45.940791979283986], [-60.02930599531089, 45.94079496107099], [-60.029212512107186, 45.94079617411218], [-60.02917034171781, 45.940795616926245], [-60.02907069827444, 45.940794293348205], [-60.028939693029386, 45.94085569043466], [-60.0289018154796, 45.94086460571241], [-60.02884361453718, 45.9408680416675], [-60.028785323405245, 45.940871475245906], [-60.02876654231185, 45.94086707115163], [-60.02870759967114, 45.94085325115667], [-60.02860480227475, 45.94083756078599], [-60.028579630770885, 45.94083371942189], [-60.0285640923348, 45.940838643529716], [-60.02855338341108, 45.94084203717031], [-60.02837127644793, 45.940894002943956], [-60.02830462989264, 45.94098227661039], [-60.02819520577925, 45.941006548075734], [-60.02818842892083, 45.94100806384367], [-60.028084631576434, 45.941043156633924], [-60.02795210107744, 45.94104112907743], [-60.02791705084357, 45.94104059475043], [-60.02777442936096, 45.94102968152563], [-60.02769804218853, 45.9410105914584], [-60.02759599404442, 45.94096473091592], [-60.02754552773266, 45.94091931306806], [-60.02745864226038, 45.94078293880406], [-60.0274319782553, 45.94077323479613], [-60.02740802226052, 45.94076451936854], [-60.02736823288676, 45.94076069319954], [-60.027292504260025, 45.940753420086345], [-60.02727912771555, 45.940762063641564], [-60.02720120202474, 45.94079779321352], [-60.02718984762865, 45.940799504767604], [-60.027149108055205, 45.940805482683366], [-60.02712490613945, 45.94079847095], [-60.0270843035643, 45.94078669378127]]}, "properties": {"OBJECTID": 135716, "FEAT_CODE": "WALK20", "FEAT_DESC": "Lake - Water to the right line", "RIVNAME_1": " ", "RIVNAME_2": " ", "ZVALUE": 70.7, "FID": null, "SHAPE_Length": 3247.315453534745}}, {"type": "Feature", "id": 135717, "geometry": {"type": "LineString", "coordinates": [[-60.0270843035643, 45.94078669378127], [-60.02707668776799, 45.94075083421399], [-60.027072968706314, 45.94073329377868], [-60.02713708633186, 45.940606467450905], [-60.02716819184053, 45.940544955628546], [-60.027261135044405, 45.94044746637501], [-60.02732672796827, 45.94040326992535], [-60.02740381704094, 45.94036869759379], [-60.02744435691306, 45.940350527270056], [-60.02749856194877, 45.94033543994132], [-60.027536030054726, 45.94032501133227], [-60.02765222937072, 45.9402992337214], [-60.02774294093233, 45.940291694236386], [-60.027782600159256, 45.940273824897346], [-60.027873619108995, 45.94021228835557], [-60.02788983466439, 45.940077698068244], [-60.02789416742717, 45.93992478780887], [-60.027946696473144, 45.93986359041193], [-60.027947811147065, 45.93986228730466], [-60.027960367311046, 45.939844612489026], [-60.02798709493075, 45.93982730655152], [-60.028014504891225, 45.939773114981094], [-60.028028022310124, 45.93973746352621], [-60.02803009853215, 45.939674511784474], [-60.02816779021796, 45.93934327397643], [-60.02816842487066, 45.939307278187435], [-60.02817216282266, 45.93930251503279], [-60.02818226913408, 45.93928963687321], [-60.02822175393693, 45.93922675870648], [-60.028238965409955, 45.93921538859383], [-60.02828862005162, 45.93918259483813], [-60.02840492201621, 45.93913071673427], [-60.02848376102054, 45.939108007300206], [-60.02849664077061, 45.939104301128324], [-60.02851623345625, 45.93909713332579], [-60.02861375013936, 45.93906144465129], [-60.028661738360555, 45.93903713114881], [-60.0287185049386, 45.93900836563829], [-60.02875682658365, 45.93899136123373], [-60.028810328532195, 45.938955850110084], [-60.02883629619568, 45.93892861428608], [-60.02883644845201, 45.93890163376866], [-60.028848794236374, 45.938745502655905], [-60.028856344873404, 45.93865011035377], [-60.02886247772344, 45.938597408084114], [-60.028873050303226, 45.93850654082505], [-60.028939740852806, 45.93841736786653], [-60.02906914575145, 45.93840993409437], [-60.02912121846477, 45.93840138811706], [-60.02916378032911, 45.938384691923005], [-60.029185772779016, 45.938376065305846], [-60.02920929373921, 45.93836032279686], [-60.02922591060036, 45.93834920708829], [-60.02929196699413, 45.93829602073372], [-60.02929259991198, 45.93826004289135], [-60.02931726122499, 45.938088039656364], [-60.02932345451886, 45.93804481680334], [-60.02934068741115, 45.93789135100899], [-60.02934854851194, 45.93787243777902], [-60.02935549173939, 45.93785573287285], [-60.02938856865671, 45.93781880797855], [-60.02943506290361, 45.93776690374437], [-60.0294487322345, 45.93770424458075], [-60.02946415681534, 45.93763263925353], [-60.0295165215622, 45.93757009572349], [-60.02957003451147, 45.93753458452597], [-60.02961644241959, 45.93752146254026], [-60.029660413787894, 45.93750903321851], [-60.02971814252835, 45.93748708786409], [-60.02975127331637, 45.93747449350439], [-60.03001723790154, 45.937180784400596], [-60.03007098535283, 45.93706747590286], [-60.03007248323119, 45.93706431056983], [-60.030112772206046, 45.93701045348274], [-60.030140903316024, 45.93698519080749], [-60.03023066113535, 45.93690460981662], [-60.03028576779663, 45.9368725690503], [-60.03032252780694, 45.93685119410156], [-60.03037490106669, 45.93683385255868], [-60.03047880668551, 45.93679945355888], [-60.030648120026356, 45.93672104929559], [-60.03077815367833, 45.93667761762281], [-60.03089530372874, 45.93663386877534], [-60.03102629673644, 45.936572469109464], [-60.031064881875906, 45.9365623204102], [-60.031091729987, 45.936555268819106], [-60.03124910659987, 45.93645855161862], [-60.031314211535914, 45.936423341005515], [-60.03132920764047, 45.93640897855328], [-60.03140666033107, 45.93633483631754], [-60.031511874464314, 45.93627276584464], [-60.03158810696481, 45.93623644024923], [-60.031603210867566, 45.93622923622275], [-60.031642016444266, 45.93620311658693], [-60.03177315262554, 45.93611484330765], [-60.031943752140464, 45.936012519347926], [-60.03200904104937, 45.93597336175569], [-60.032115178570486, 45.93589421315189], [-60.03213454800392, 45.935872592592276], [-60.03219474293259, 45.9358053729086], [-60.03223234518598, 45.93576046406415], [-60.03224710284329, 45.93574282799151], [-60.032258613549295, 45.935730192989936], [-60.03232795499352, 45.93565402112696], [-60.03235047914556, 45.935633472618115], [-60.03236728097462, 45.935618139868396], [-60.032384877654, 45.935571729907835], [-60.0323943079707, 45.93554683569498], [-60.03240908614593, 45.93553195438834], [-60.03244747575949, 45.93549331251227], [-60.03259452771433, 45.93532432746355], [-60.03275158303649, 45.93520958827153], [-60.032856965580436, 45.93513051836206], [-60.03286983969549, 45.93512085299997], [-60.03293636849096, 45.9350586759691], [-60.033028168671244, 45.935006156425075], [-60.03321248584569, 45.9348642323354], [-60.033253512097325, 45.93484312030798], [-60.03338228208065, 45.934776835723966], [-60.03343767432287, 45.934746862041756], [-60.03351243371333, 45.934706410506124], [-60.03363102985341, 45.93463568492448], [-60.03371024802251, 45.93454962487912], [-60.03373784080939, 45.93451964889368], [-60.03378482812327, 45.93451566710654], [-60.0338272541132, 45.93451207084971], [-60.03396905237851, 45.93451394531879], [-60.034047200403954, 45.934524085121694], [-60.03418755954305, 45.93455293342804], [-60.034251742046635, 45.93457361933548], [-60.03430296347171, 45.93459013419666], [-60.03439398688889, 45.93459928506983], [-60.034508260486916, 45.934610767900864], [-60.034636697075484, 45.93462130433131], [-60.03474029260258, 45.9346177392405], [-60.03483053784075, 45.93461463742648], [-60.035114147028374, 45.93461840202127], [-60.03520771222075, 45.93460892352279], [-60.03526978602251, 45.93460264161778], [-60.03543845685358, 45.9345602168766], [-60.035594772701764, 45.93450757019939], [-60.03562348909539, 45.934494724509065], [-60.03567274177684, 45.9344726910886], [-60.035739903166984, 45.934428089466415], [-60.035778391969146, 45.93440252724978], [-60.03594980542646, 45.93426026373655], [-60.03601456232725, 45.93420703974158], [-60.03604224325418, 45.93417175499727], [-60.03605553465991, 45.93414965195917], [-60.03609603456347, 45.93408225197514], [-60.03617291033315, 45.93398003592833], [-60.0362029414257, 45.93394010471549], [-60.03620893585048, 45.933938001108864], [-60.03622923233875, 45.9339308862528], [-60.03625142900857, 45.93392031039284], [-60.0363205612937, 45.93388735265663], [-60.03644006584041, 45.93384352421391], [-60.036462656476544, 45.93383523574872], [-60.036500371279935, 45.933825629672874], [-60.03669673907694, 45.93377561508079], [-60.03670966932026, 45.93377504158087], [-60.036916551418805, 45.93374169810521], [-60.03696417551027, 45.93373688545572], [-60.03699436901826, 45.93373382565256], [-60.03725377082911, 45.93368295174105], [-60.037564872805845, 45.933606416164096], [-60.037691105908856, 45.93359218470492], [-60.037707639486264, 45.933590318451465], [-60.037928346726275, 45.93353933916684], [-60.03801972165206, 45.93349490531974], [-60.03805323564095, 45.933477701062095], [-60.038071432447445, 45.933468344207235], [-60.038098166751425, 45.93345103606813], [-60.03814010228551, 45.93340190828214], [-60.03820409565721, 45.9333268812247], [-60.03823183600378, 45.933290688405016], [-60.03823482444722, 45.933137751795314], [-60.03822496456782, 45.93305648854783], [-60.038188484184275, 45.93296643400653], [-60.03816060570786, 45.93292581013789], [-60.03815137648514, 45.93291236650554], [-60.03810620407985, 45.93288376915718], [-60.03804905134002, 45.93284760633155], [-60.03784024181824, 45.932758148512846], [-60.03783213278997, 45.93275467083424], [-60.0377433025044, 45.93272716389786], [-60.03773042088559, 45.932726829692214], [-60.03772680848636, 45.93272127246553], [-60.037718497197886, 45.93270851867443], [-60.03772038028734, 45.93260055754682], [-60.03777497696878, 45.932520066447374], [-60.03781472825846, 45.93247609358951], [-60.03783421659462, 45.932462827914335], [-60.03791913166123, 45.93240499532935], [-60.0380757149594, 45.93233554763345], [-60.03807634907668, 45.9323352670559], [-60.038246165102365, 45.93224696362555], [-60.0383263236241, 45.932213993662835], [-60.03841497502241, 45.93217753559318], [-60.03844830394032, 45.932155312953874], [-60.03850725705831, 45.93211602329924], [-60.03856831826857, 45.932062341955856], [-60.03863852772936, 45.93200061708763], [-60.03869037680931, 45.93197045894555], [-60.0387303783132, 45.93194719417143], [-60.03884731678837, 45.931931325243326], [-60.038885356761064, 45.93192405802752], [-60.038938527306556, 45.93191388888959], [-60.03900314466474, 45.93188766206841], [-60.03908158668921, 45.93184379205609], [-60.03908362757548, 45.9318418017926], [-60.03910877284655, 45.93181749456328], [-60.03924005444817, 45.931702087941105], [-60.03927712510054, 45.93167426455968], [-60.03935829333725, 45.93161334546583], [-60.03951723837727, 45.93146265250661], [-60.0395829458528, 45.931391449457394], [-60.03962474431803, 45.93128452321404], [-60.03969142156113, 45.93119534357895], [-60.03977081927657, 45.93113349620297], [-60.039863145934085, 45.93107108388179], [-60.039888512552345, 45.93106271369261], [-60.03996687005275, 45.931036869547086], [-60.04018340517019, 45.93093464400328], [-60.04018916115945, 45.93093192194967], [-60.04051441299045, 45.930782838381255], [-60.04055406091367, 45.93076497330221], [-60.04061059161664, 45.930757806749405], [-60.04061899369266, 45.93075674640612], [-60.04065079122135, 45.93075720153269], [-60.04077366423042, 45.93075894606386], [-60.04088942797476, 45.93077526758012], [-60.040914495800266, 45.930778806522305], [-60.04096948098899, 45.930779592477094], [-60.04106916643104, 45.930781005781334], [-60.04118567087349, 45.930773232959616], [-60.04125060310825, 45.93076501469059], [-60.041315204386656, 45.930738777141215], [-60.04133767466813, 45.93072422901187], [-60.04135528206591, 45.93071283117105], [-60.04138272629872, 45.93068189539213], [-60.04139507753267, 45.930667949121535], [-60.041461259991, 45.930587756462195], [-60.04154240882207, 45.930500219843616], [-60.04156799892899, 45.93047261128973], [-60.04172665050788, 45.930303014888736], [-60.04178449865531, 45.93024271396414], [-60.04184546003769, 45.93017917236127], [-60.04195099550325, 45.930135102233706], [-60.04196759672867, 45.93012879070411], [-60.042041835594404, 45.930100552217965], [-60.042153280877514, 45.93002540211346], [-60.04217296054197, 45.93001214065185], [-60.042239459916146, 45.92994995741467], [-60.04226939411761, 45.92992263225174], [-60.0422787754472, 45.929914072456334], [-60.0423685718996, 45.929869306201], [-60.0423834523219, 45.929861878936165], [-60.04240656471943, 45.92985416085998], [-60.042460932552586, 45.92983598334964], [-60.04252744427331, 45.92977380026371], [-60.04254157463916, 45.92970215060038], [-60.042544881828746, 45.9295960894267], [-60.042545213719755, 45.929585243017335], [-60.04254379935859, 45.92957982388323], [-60.04253343535333, 45.92953993375855], [-60.04251101860815, 45.929479776586234], [-60.0425097323533, 45.92947631395097], [-60.04247166625559, 45.92944022467903], [-60.042357417975694, 45.92935714882663], [-60.04224299447905, 45.929336048066766], [-60.04220413790206, 45.929328884911335], [-60.04215228266387, 45.92930953990484], [-60.04212742947895, 45.92929179447575], [-60.04209405337843, 45.92925556555088], [-60.042051824110146, 45.92920972839067], [-60.04201873791915, 45.92914914169373], [-60.04200245884488, 45.92911934122654], [-60.04199874286076, 45.92910505964032], [-60.041990680525316, 45.92907404091012], [-60.04201760631861, 45.92902882521885], [-60.04204541441447, 45.92896653979272], [-60.04211941826782, 45.92888571228702], [-60.04219194183907, 45.9288065205408], [-60.042225628381395, 45.92876853659403], [-60.042231734724695, 45.92876164712543], [-60.04223981403346, 45.92875622189732], [-60.0423494360579, 45.92868279752581], [-60.04243608821036, 45.92861611373666], [-60.04244223432698, 45.92861138548745], [-60.04247743289819, 45.92857722098309], [-60.04256055990418, 45.92849653949639], [-60.042719056871604, 45.92835393118619], [-60.04273497630378, 45.92833011326167], [-60.0427723060815, 45.92827430285037], [-60.04282834401314, 45.928207716921], [-60.042839771632536, 45.928194142606166], [-60.04287970964736, 45.92812227021381], [-60.04294669680826, 45.92805109835123], [-60.0429813149966, 45.92801328232089], [-60.04305213954679, 45.927935918194024], [-60.04313152880138, 45.92787406824547], [-60.043166860643204, 45.92783422745013], [-60.04317132023953, 45.927829194461474], [-60.04321534193357, 45.92779111783352], [-60.04326325766292, 45.927749667705896], [-60.04337385903126, 45.927634233800674], [-60.043502240693165, 45.92750023242264], [-60.043522368509436, 45.92744819772579], [-60.04361289761724, 45.927214170861774], [-60.04365457071446, 45.92713849976076], [-60.04366714800757, 45.92711566626625], [-60.043707992138444, 45.927026715448136], [-60.043712817783316, 45.92701382518427], [-60.04373504730107, 45.926954518183415], [-60.04378128876927, 45.926893834700856], [-60.04380298815789, 45.92686535982892], [-60.0438818971432, 45.9268124977553], [-60.04395674254667, 45.926774687830665], [-60.0439852785679, 45.92676026921498], [-60.0441320938023, 45.92666837322957], [-60.04418272715206, 45.92663666896715], [-60.04443158226755, 45.926468494819225], [-60.04444468931522, 45.926460436324206], [-60.04458892002173, 45.926371758152555], [-60.04462974555792, 45.926348395620515], [-60.04468070777872, 45.92631922888435], [-60.04479940361679, 45.926221500726434], [-60.044831771530546, 45.926183751897696], [-60.04485302855832, 45.92615897372034], [-60.04488348416967, 45.92611789007645], [-60.04493222564888, 45.9260521133485], [-60.044960519899405, 45.92598082993863], [-60.0450012762152, 45.925917987806706], [-60.04500319313686, 45.92591565219625], [-60.04506743469655, 45.92583779240126], [-60.04508141510094, 45.92579315002738], [-60.04510360678219, 45.92572772120428], [-60.04510894594803, 45.92571195490075], [-60.04518737440283, 45.92566808032216], [-60.04520615556941, 45.925652508867714], [-60.045239994847364, 45.92562443789647], [-60.04531847083813, 45.9255796643739], [-60.04544889671515, 45.925528134359304], [-60.04547032583913, 45.92551976904699], [-60.04553977485641, 45.925492682451726], [-60.04572318796123, 45.92541462061816], [-60.04581662287696, 45.92535822668866], [-60.0458404602988, 45.92534385705336], [-60.04594464813507, 45.925300639435584], [-60.04606506173065, 45.925257895514335], [-60.04616680837089, 45.92522177920333], [-60.04620008175315, 45.925210659886986], [-60.0463217523404, 45.92516998240302], [-60.04642737131028, 45.925099807852064], [-60.046453656389794, 45.92509058687912], [-60.04646701376762, 45.92508193157052], [-60.046474322182206, 45.9250766751173], [-60.046479083146416, 45.92507324294248], [-60.046557365405384, 45.92505636615451], [-60.046564294836486, 45.92505605935428], [-60.04657029309219, 45.9250558004735], [-60.04660939745259, 45.92504781114576], [-60.04671302228036, 45.92503969953434], [-60.046749127744675, 45.925025034975], [-60.046777614344855, 45.925013458646234], [-60.04679254060227, 45.92500537492851], [-60.04684268323491, 45.92497823821685], [-60.046853529356056, 45.924971210067554], [-60.046856053406486, 45.92496958319357], [-60.04687477552449, 45.92494491008889], [-60.046896256443944, 45.924916617991705], [-60.04692517809981, 45.924875233100245], [-60.04697721311518, 45.92480080086259], [-60.04698545433444, 45.924786963700434], [-60.047004119309925, 45.92475559247221], [-60.04702696143896, 45.92473032383379], [-60.04704385664364, 45.924711634013086], [-60.04708152633474, 45.924641519632715], [-60.04711112265246, 45.92458645286482], [-60.047258245282535, 45.92439043008798], [-60.04726230254365, 45.9243861606054], [-60.04737707672813, 45.92426569122393], [-60.047415068263746, 45.92420966236595], [-60.04743166374532, 45.924185195198234], [-60.04743721481343, 45.92417052336505], [-60.04744513877268, 45.92414954029909], [-60.0474479692358, 45.924023601742086], [-60.047452349581384, 45.924012031925756], [-60.04746146996787, 45.923987947505054], [-60.0474791278211, 45.92395828731519], [-60.04748837487082, 45.92394274796432], [-60.047593036043665, 45.92389054023873], [-60.04766362264126, 45.92386067350245], [-60.04769726705999, 45.923846431050805], [-60.04774974017283, 45.92382978617138], [-60.04775243346595, 45.92382934276348], [-60.04785382738368, 45.923812675640804], [-60.04800956383465, 45.92376989787548], [-60.04812573257505, 45.92374409861892], [-60.048187150982976, 45.92373897185817], [-60.04821641551308, 45.923736533131745], [-60.048315288861595, 45.92373794612781], [-60.04837106638838, 45.92373874000645], [-60.04841067796536, 45.923748629839984], [-60.04844743790734, 45.92375781588424], [-60.04847656167074, 45.92376313217576], [-60.048550891621005, 45.923776691699054], [-60.04858863710517, 45.92379476900056], [-60.048608345329384, 45.92381394618669], [-60.04862665588693, 45.92383175511668], [-60.04866376832355, 45.923885819386626], [-60.048701787215805, 45.92392280547992], [-60.048803823125205, 45.92396864693359], [-60.048853958647015, 45.923996045237196], [-60.048862183563585, 45.924020416079486], [-60.048866218268756, 45.92403236546887], [-60.04886588245061, 45.924043796855415], [-60.048864644119284, 45.924086329816035], [-60.04886340626146, 45.9241288537878], [-60.048861495803365, 45.92419425850875], [-60.0488555482191, 45.92421324956536], [-60.04884751887799, 45.924238901439885], [-60.04881843294739, 45.92437406231247], [-60.04881827694829, 45.9244010607963], [-60.04880492009178, 45.92440971639384], [-60.04877854026728, 45.924445037891736], [-60.04873875581751, 45.92448991382229], [-60.048736770887224, 45.92449183369921], [-60.04871156497949, 45.92451621350273], [-60.048672269885934, 45.92455211022123], [-60.04864492337362, 45.924605399376276], [-60.048644662877926, 45.92461516755329], [-60.04864225161929, 45.92470433953668], [-60.04864734554976, 45.92478502871214], [-60.04865136241077, 45.92484858845297], [-60.04864978799029, 45.92490255278484], [-60.0486238848937, 45.92492888573002], [-60.04858144724604, 45.924957644526515], [-60.048506165047684, 45.92500865042597], [-60.04848095801368, 45.92500850286469], [-60.04841589704894, 45.92500811711717], [-60.048402539981545, 45.92501677266176], [-60.048350065910995, 45.92503341781587], [-60.048296923577325, 45.92508694910578], [-60.04827719389532, 45.9251259977357], [-60.04826954063321, 45.925141155311714], [-60.048201323124054, 45.92528429620649], [-60.04818876345032, 45.925301982179356], [-60.04814918242939, 45.92531895156228], [-60.04808411344334, 45.92535418173362], [-60.048005354467655, 45.92538003908102], [-60.047941240182986, 45.925397283177865], [-60.047912371430776, 45.9254129002931], [-60.047876171454064, 45.9254325042363], [-60.04784621960389, 45.92545783223693], [-60.04782351836691, 45.925477047116196], [-60.04776409978749, 45.925569821543576], [-60.04771521394257, 45.92564616273084], [-60.047697781280746, 45.92567545973996], [-60.047688307850656, 45.9256913712863], [-60.04768008306136, 45.9256968831478], [-60.04760940399926, 45.92574423612708], [-60.04758720298812, 45.92576301385184], [-60.04755673751659, 45.92578877853638], [-60.047516377753695, 45.92586874242439], [-60.04749981418041, 45.92589429952628], [-60.04747563667857, 45.925931594846354], [-60.047450865332785, 45.925964770422986], [-60.04744925525417, 45.92596691599079], [-60.0474354076404, 45.925984559573536], [-60.047290299899515, 45.926118519874784], [-60.047286993377575, 45.926122736765635], [-60.04727646555357, 45.926136154780295], [-60.04727412407325, 45.92625311410892], [-60.04729931104952, 45.926288868728115], [-60.04735086055732, 45.92632634018214], [-60.04737506445433, 45.92634393267541], [-60.04738378856616, 45.926348208657366], [-60.04748945881109, 45.926399995795364], [-60.04756588133624, 45.92641817348719], [-60.04765642449387, 45.92643761633716], [-60.04779867977115, 45.926430502618636], [-60.04781218141907, 45.92639483937342], [-60.04781232555759, 45.926367831589616], [-60.04783956500506, 45.92634064230188], [-60.047909615557245, 45.926312669735346], [-60.04796870248429, 45.92628907609719], [-60.04807231709526, 45.926280953982925], [-60.048373601914946, 45.926284800608386], [-60.04848477138419, 45.92628621629002], [-60.04852730956459, 45.92629397652539], [-60.04858824265577, 45.926305092511086], [-60.04864595422166, 45.92632660216502], [-60.048689424570426, 45.92634280221731], [-60.04871300257905, 45.92635299756164], [-60.04875374282277, 45.92637057615538], [-60.04877901342105, 45.926380230181515], [-60.04879063849633, 45.926414661833846], [-60.04879127344172, 45.92641655041959], [-60.04879123287822, 45.92642193187126], [-60.04879127384546, 45.92644375995817], [-60.04880310411383, 45.926460960311225], [-60.048827910575014, 45.92647960316579], [-60.04887130811833, 45.92648891562661], [-60.04891846720329, 45.92649904536042], [-60.04898290356612, 45.92649981071159], [-60.04909782466491, 45.92654598490757], [-60.049124529910344, 45.92656166149095], [-60.049160365911995, 45.9265827045234], [-60.04917653744254, 45.92659247433361], [-60.049236598611536, 45.92662877877894], [-60.04927363045564, 45.92669655801785], [-60.04928597330997, 45.92671917206836], [-60.04929896586385, 45.92673318910783], [-60.049311592046834, 45.92674681864255], [-60.04937413318337, 45.92678354713752], [-60.049439406720325, 45.926793334700406], [-60.0494680412062, 45.926790402325274], [-60.049593719680914, 45.926777520497104], [-60.049656912504034, 45.92676089072089], [-60.04965912315019, 45.92676030878463], [-60.04976273847241, 45.92675218515158], [-60.049794852415666, 45.92674152987489], [-60.04994392129268, 45.92669206058489], [-60.049994792254296, 45.92667866758516], [-60.050074728268505, 45.92665762772093], [-60.05012548573332, 45.92664904717769], [-60.05012721601844, 45.926650225986414], [-60.050139177266985, 45.9266584017454]]}, "properties": {"OBJECTID": 135717, "FEAT_CODE": "WALK20", "FEAT_DESC": "Lake - Water to the right line", "RIVNAME_1": " ", "RIVNAME_2": " ", "ZVALUE": 70.7, "FID": null, "SHAPE_Length": 3475.5866298941764}}, {"type": "Feature", "id": 137413, "geometry": {"type": "LineString", "coordinates": [[-60.01831727846822, 45.92954286337326], [-60.01833065404763, 45.92953421183341], [-60.018344162402734, 45.929498552236446], [-60.01837491018329, 45.929457474287666], [-60.01838445620089, 45.929444708359824], [-60.01839549778171, 45.92941559995635], [-60.01839797689575, 45.92940905807925], [-60.01841246162788, 45.92935543129015], [-60.018414451267006, 45.929297886866784], [-60.01841711590017, 45.92922054021787], [-60.01845612183893, 45.929166653682394], [-60.018518051446094, 45.92910958539108], [-60.0185226106759, 45.92910538404301], [-60.01864038096961, 45.92902565158995], [-60.01866728906292, 45.9290138340424], [-60.018719653173406, 45.92899081807399], [-60.018784743822174, 45.92895561421212], [-60.01886223344044, 45.92892972589263], [-60.01894149201062, 45.92889490086728], [-60.01904479019929, 45.928868795184385], [-60.019214575983796, 45.92878141933183], [-60.019238366763226, 45.92876952026565], [-60.0192676046492, 45.9287549011323], [-60.019423375179265, 45.928712163284374], [-60.01944090396139, 45.92870567222586], [-60.0194483781173, 45.928702915062836], [-60.01960512489996, 45.928642200769], [-60.01962011390874, 45.92863544536715], [-60.01964477809963, 45.92862433408674], [-60.01971218577554, 45.92858462675055], [-60.01974866645119, 45.92856313989008], [-60.019761121596716, 45.92855215994111], [-60.01978928313263, 45.92852729662377], [-60.01986013838182, 45.928473799890874], [-60.01989412132929, 45.92844813440498], [-60.020011927409236, 45.92836839246671], [-60.02006605022488, 45.92829689824482], [-60.02013177763045, 45.928225715866404], [-60.02014697973417, 45.928210649179], [-60.0201849018941, 45.928173088292894], [-60.02023854209516, 45.92811059123508], [-60.020397697527244, 45.927932918766125], [-60.02041759065791, 45.927912627962286], [-60.02047683467223, 45.92785217620856], [-60.02049391173233, 45.92784110977296], [-60.02051692052636, 45.927826219755126], [-60.020559886839266, 45.92778526204337], [-60.020582178492184, 45.92776401670546], [-60.020857805564525, 45.92757859085546], [-60.02092419412372, 45.92754341963621], [-60.02113344368026, 45.92739316462561], [-60.02121285575503, 45.92733133049658], [-60.02122673969399, 45.92731437510043], [-60.02129290574488, 45.92723350958432], [-60.0213124943503, 45.92721142851186], [-60.02133271442967, 45.92718863484195], [-60.02134307166829, 45.927169373217794], [-60.0213470386448, 45.927162015011284], [-60.021375194534784, 45.9270457385942], [-60.021401640923166, 45.92700952507255], [-60.02142569723233, 45.92698879364857], [-60.02144222011265, 45.926974580319836], [-60.021458703624695, 45.9269676026393], [-60.021546463707644, 45.926930495348635], [-60.02161106869857, 45.926904278043885], [-60.021636828864175, 45.926904950022255], [-60.021843536083956, 45.92689864086982], [-60.02187052768173, 45.92689895787984], [-60.02197242033749, 45.92690020244816], [-60.02208998269781, 45.9268853390751], [-60.0221022931465, 45.92688378797855], [-60.022121688273074, 45.92687518498293], [-60.02214062103772, 45.926866785945194], [-60.02223198383332, 45.926822364397395], [-60.02241446959792, 45.92676231752463], [-60.022466206830934, 45.92673576415638], [-60.02246915811849, 45.926733158870526], [-60.0225068204137, 45.92669991983747], [-60.02250694805107, 45.92667730404791], [-60.022507132333246, 45.92664592291447], [-60.022523537540835, 45.92655634230207], [-60.022538811157006, 45.92643971974648], [-60.022552666161474, 45.92642208837011], [-60.022578942681875, 45.92641287267387], [-60.022616347484636, 45.92640900564106], [-60.02265546399109, 45.926404967211695], [-60.022689565593616, 45.92640546043408], [-60.022732791998706, 45.92640608357701], [-60.022848651815785, 45.92643431606753], [-60.02285353542048, 45.92643609056277], [-60.0229258117257, 45.92646242144688], [-60.023118206494516, 45.92648273932268], [-60.02322065783199, 45.926520513762455], [-60.023263193455975, 45.926541028558425], [-60.023335076044354, 45.926575683697706], [-60.02338237139717, 45.926587519715255], [-60.0234114410165, 45.926594794182094], [-60.02370723776254, 45.926634908334236], [-60.023788267529135, 45.926644464260164], [-60.02387386049399, 45.92665455311258], [-60.02390283803951, 45.926670537869406], [-60.02392523831019, 45.92668289485379], [-60.02406481571777, 45.926773841131464], [-60.024127617765814, 45.92682948307429], [-60.02416375963643, 45.9268468066026], [-60.02416534404443, 45.92684756796545], [-60.02425539773401, 45.9268760175003], [-60.02432956626172, 45.926876654398896], [-60.02441010333962, 45.92687734921332], [-60.02450660476247, 45.92685424774792], [-60.02455251671821, 45.926843257094156], [-60.024709252929945, 45.92678253550858], [-60.02478876513913, 45.92674935118128], [-60.0250219172566, 45.92665206979297], [-60.025099774728076, 45.92664329742106], [-60.025151294981974, 45.92664463979332], [-60.025358996207174, 45.92665420064929], [-60.025421487864755, 45.92665707985591], [-60.025454249198845, 45.92665755533496], [-60.02549881637246, 45.92665819435695], [-60.02580977525627, 45.92660778954708], [-60.02592786935249, 45.9265460596832], [-60.02594042340755, 45.92652837600787], [-60.02594492692519, 45.92651169774433], [-60.02595488665889, 45.926474756694766], [-60.025957766169796, 45.92634881990817], [-60.02595029138108, 45.92632001152716], [-60.02594600196547, 45.92630350926235], [-60.02592112261229, 45.92625671388189], [-60.0258979535841, 45.92621314934527], [-60.025902416883184, 45.926033248754685], [-60.02593471719046, 45.925791067365246], [-60.02594939591736, 45.925709542046405], [-60.02594093651174, 45.9255908705991], [-60.025939815280275, 45.92557517992588], [-60.02591661366173, 45.92550256881847], [-60.02591707972505, 45.92546564149745], [-60.02591740295391, 45.925439583474535], [-60.02592632999596, 45.92541808797264], [-60.025932205736915, 45.925403965687536], [-60.026010648221046, 45.925360104644106], [-60.02602198424331, 45.92535481939571], [-60.026049009101364, 45.92534220207171], [-60.02608105278809, 45.92533895933255], [-60.026126816529256, 45.92533432778085], [-60.02615400544673, 45.92533455890879], [-60.02617838369005, 45.92533477082841], [-60.02624379201691, 45.925317572666145], [-60.02628211760696, 45.925300569180564], [-60.02640179150538, 45.92518487490545], [-60.02649326703064, 45.9251143504317], [-60.02654014533718, 45.92509321319143], [-60.02657256454941, 45.92507860302766], [-60.02668964467727, 45.92503575763531], [-60.02681965291845, 45.92499233879172], [-60.02694124621534, 45.92496566727088], [-60.02709110683869, 45.924932801000146], [-60.02716890069887, 45.92492492564539], [-60.02734995745558, 45.92492034187011], [-60.02741430042022, 45.9249187137611], [-60.027505467280086, 45.924902185501146], [-60.0275969720145, 45.92489139950181], [-60.0277118527192, 45.92487785565318], [-60.02780267945802, 45.924843316614236], [-60.02788149440202, 45.924816574583296], [-60.02797248755382, 45.924755028209184], [-60.028091208900065, 45.924657309052], [-60.028235688580885, 45.92456026921258], [-60.02830491517913, 45.924506346798054], [-60.028315089276944, 45.92449842083505], [-60.02832725961474, 45.92448692848846], [-60.02844685494365, 45.92437403828209], [-60.0284960997755, 45.9243479303573], [-60.0285132092334, 45.9243388617501], [-60.029059573082264, 45.924130759032295], [-60.02907823066268, 45.92411805827926], [-60.02911177211109, 45.92409521381979], [-60.02919041298921, 45.92405552314077], [-60.029269503664054, 45.924015619089595], [-60.02929763772811, 45.92399331794488], [-60.0293354947571, 45.92396332202396], [-60.029402318492735, 45.923847149589704], [-60.029449851085026, 45.923814930134746], [-60.02954684228476, 45.92374920014765], [-60.02956068457502, 45.923735131921596], [-60.029572753624194, 45.92372287173463], [-60.029577959895576, 45.92371715663359], [-60.029653591505536, 45.92363406627989], [-60.02967968089074, 45.92358073994061], [-60.02969498309255, 45.92353523372458], [-60.029695980756536, 45.923488788318046], [-60.02969672817765, 45.92345427152124], [-60.029710542674536, 45.923440238556964], [-60.02972263930332, 45.92342794306793], [-60.02978756427115, 45.92341973114337]]}, "properties": {"OBJECTID": 137413, "FEAT_CODE": "WALK20", "FEAT_DESC": "Lake - Water to the right line", "RIVNAME_1": " ", "RIVNAME_2": " ", "ZVALUE": 68.7, "FID": null, "SHAPE_Length": 1321.853228611527}}, {"type": "Feature", "id": 137414, "geometry": {"type": "LineString", "coordinates": [[-60.03063993977842, 45.9238811522205], [-60.030738928823794, 45.92400792922433], [-60.030802742619706, 45.924044692042976], [-60.03087799626028, 45.92410875484856], [-60.03088584009679, 45.92411426932378], [-60.030916531079114, 45.92413585938047], [-60.03094165846947, 45.92417251617738], [-60.03094122041527, 45.92418482694094], [-60.0309391070828, 45.92424445657862], [-60.030931765946875, 45.9243205928297], [-60.030921780891866, 45.924424022889596], [-60.03091014858773, 45.92448317996791], [-60.030891678739174, 45.92457715451458], [-60.03086417593439, 45.92465744689657], [-60.03086319605693, 45.92466058071081], [-60.03085018452981, 45.924702087265025], [-60.03083344805086, 45.92473122880052], [-60.03080894587955, 45.924773921671594], [-60.03080497870925, 45.92494483451699], [-60.03079035250739, 45.924959332548], [-60.03075186797273, 45.92499745839187], [-60.03073005188247, 45.925012066463005], [-60.03071174082789, 45.92502431745373], [-60.030662596120116, 45.92504300324151], [-60.03062090259963, 45.925058858508756], [-60.0304725408928, 45.92513783471393], [-60.03037264585706, 45.92519101478486], [-60.03015085361839, 45.92528695544192], [-60.03007634482475, 45.925344404914235], [-60.030059382292094, 45.92535748295169], [-60.02999238242678, 45.925428646956014], [-60.029938437705454, 45.92554515473668], [-60.02985951780151, 45.92559800690037], [-60.02984848271585, 45.92560297632795], [-60.029819869915634, 45.925615877272705], [-60.02977777172176, 45.925621910786255], [-60.02970289517018, 45.925632627074556], [-60.02967157326051, 45.925648193760345], [-60.02965122269816, 45.92565829432558], [-60.029599022483936, 45.92569383974896], [-60.029532501787, 45.925756015105435], [-60.02946875344287, 45.92580468028092], [-60.02942762076623, 45.925836094157376], [-60.029282178753206, 45.92595112113977], [-60.02925115640601, 45.925965903430026], [-60.02919085791975, 45.925994649339984], [-60.02907261572618, 45.92608338125326], [-60.029033823013506, 45.92610937436178], [-60.028954573515286, 45.926144224638634], [-60.02890333343951, 45.9261617840426], [-60.02875689681991, 45.92616625413436], [-60.02869662960531, 45.92616809708045], [-60.02858013278003, 45.926175875328454], [-60.02846353138975, 45.92620974417664], [-60.028381106286595, 45.926240533034814], [-60.028346414334244, 45.92625350041044], [-60.02821527735518, 45.92634189582133], [-60.02817809913848, 45.92637748865485], [-60.02812284107548, 45.92643039744158], [-60.02805535700317, 45.926510548541785], [-60.02801540182122, 45.926582406336145], [-60.02782855702912, 45.926796272084225], [-60.02769669148304, 45.92694675373459], [-60.027564603676204, 45.92705312532298], [-60.027432034827214, 45.92716848507475], [-60.02738007568817, 45.92719753714878], [-60.027353590791975, 45.92721234704815], [-60.02730855704597, 45.927232488547155], [-60.02727562719466, 45.927247220635394], [-60.02715816729464, 45.9272729650391], [-60.02712794895334, 45.92728522944813], [-60.027093564325654, 45.92729918553585], [-60.026988350072614, 45.927361251979264], [-60.026962435275145, 45.927387588707944], [-60.02689591006424, 45.927449753401774], [-60.02680941630275, 45.92754282900457], [-60.02669746616759, 45.92766330624527], [-60.02663093984187, 45.927725479755075], [-60.02658616753608, 45.927759291052844], [-60.026526098984505, 45.92780465709149], [-60.02647158627855, 45.927841400972895], [-60.02646053321956, 45.92784886283696], [-60.02644455594135, 45.92785409925973], [-60.02638176133946, 45.92787470492046], [-60.02633116845223, 45.927902063937175], [-60.02631667658597, 45.927909913269374], [-60.026250476097815, 45.92799009672344], [-60.026177232273625, 45.928049070725315], [-60.02611838302716, 45.92809646649297], [-60.026074243134, 45.92817655837995], [-60.02606410090811, 45.92819496194893], [-60.02602338219869, 45.92825690722471], [-60.0259964444684, 45.92830210985087], [-60.02593152618952, 45.92831031979514], [-60.02588974509614, 45.9283166481613], [-60.02588081159898, 45.92831799960485], [-60.025842569476765, 45.92830108996118], [-60.02565148417809, 45.92821661682049], [-60.025575424218694, 45.92814352875132], [-60.02553934129661, 45.92807059101825], [-60.02552651084054, 45.928043524267906], [-60.02551384196832, 45.928016812758344], [-60.025459710957975, 45.92796250459608], [-60.025413464338364, 45.927916088535184], [-60.02538363910934, 45.927898569940844], [-60.02535093797697, 45.9278793562608], [-60.02531952351042, 45.92786791681651], [-60.02527376242775, 45.92785124312518], [-60.0252399780385, 45.927850830949005], [-60.025144862809924, 45.92784968488349], [-60.02506705173723, 45.92785755841241], [-60.02493736154898, 45.92791898522311], [-60.02489674856006, 45.927954830416844], [-60.02485763272157, 45.92800777120128], [-60.0248439073566, 45.928026360320914], [-60.024762745412865, 45.928169158936086], [-60.02472090838927, 45.928276078810015], [-60.02469302097464, 45.928339249062105], [-60.02466375369763, 45.928500511409446], [-60.02462442814291, 45.928536390053985], [-60.024518620873756, 45.92863354203866], [-60.024475977480854, 45.92866007230269], [-60.024347832792195, 45.92873981042263], [-60.02429616663711, 45.92876935477104], [-60.024256023007446, 45.928792313763225], [-60.02418998657362, 45.92884549777394], [-60.02417086653659, 45.928870642832656], [-60.024149733508594, 45.928898453675735], [-60.02410928989176, 45.92897930719994], [-60.024094329632305, 45.929041923151985], [-60.024002844444844, 45.92911244542836], [-60.02396207463844, 45.929175288717374], [-60.023947439951854, 45.929255914814156], [-60.02393243130747, 45.92931942956592], [-60.02395072090666, 45.929434865014635], [-60.02396520768325, 45.92952640311803], [-60.02397633483585, 45.929607691701804], [-60.02403806993762, 45.92970741897039], [-60.02403959679803, 45.92970901591264], [-60.02406372428328, 45.92973419007266], [-60.02412556730244, 45.929807808671136], [-60.024150741107434, 45.92984355906651], [-60.02422599389587, 45.929907635194525], [-60.02424606935883, 45.929922001709826], [-60.02430302938738, 45.929962747894], [-60.02445352388807, 45.93009088160505], [-60.024452802499916, 45.9301318346213], [-60.024452251541305, 45.9301628551534], [-60.02444517545054, 45.93017600998541], [-60.02443792746731, 45.930189484367396], [-60.024408181319906, 45.93019601782539], [-60.02436093291357, 45.930206379535136], [-60.02428358665296, 45.93020526380789], [-60.024154836917376, 45.930176705847046], [-60.023963078333374, 45.93012040298044], [-60.02383571319969, 45.930099720478694], [-60.02371884731202, 45.93008073365612], [-60.02364289672588, 45.93005355144335], [-60.02357816687853, 45.93003386236138], [-60.0234428355176, 45.930024411816426], [-60.023269748906095, 45.930012320630105], [-60.0232378707999, 45.93001554889689], [-60.02319193458858, 45.930020192797514], [-60.0231656916734, 45.93002850942569], [-60.02302263217349, 45.9300985863213], [-60.02291474816278, 45.9301712993868], [-60.022891490534725, 45.93018697547027], [-60.02284444180768, 45.93020131112831], [-60.02274725000715, 45.93023091879285], [-60.022669279347596, 45.93026578904316], [-60.02257619017461, 45.93039027337456], [-60.02257599238074, 45.930396856830434], [-60.02257459002711, 45.93044423667795], [-60.02255995290988, 45.93052486252386], [-60.02253322828348, 45.930542167282944]]}, "properties": {"OBJECTID": 137414, "FEAT_CODE": "WALK20", "FEAT_DESC": "Lake - Water to the right line", "RIVNAME_1": " ", "RIVNAME_2": " ", "ZVALUE": 68.7, "FID": null, "SHAPE_Length": 1258.3930722997052}}, {"type": "Feature", "id": 140117, "geometry": {"type": "LineString", "coordinates": [[-60.02303665599766, 45.931017037473346], [-60.02319238808126, 45.93112179020533], [-60.02321345468495, 45.93113595772011], [-60.023227142594145, 45.93114531542613], [-60.023250966774725, 45.93118193991155], [-60.023327040438396, 45.9312550298588], [-60.02333206809256, 45.93125677208386], [-60.02335236952284, 45.93126379096073], [-60.02337813174739, 45.93126446259553], [-60.023532320609, 45.93127567392788], [-60.02358341197627, 45.93128510657398], [-60.023599306002986, 45.93129036335857], [-60.023610041629574, 45.93129391052339], [-60.02364172763645, 45.931321991056954], [-60.02367283520953, 45.93134955245616], [-60.02373679492852, 45.931359320482514], [-60.0238265908365, 45.93136886185057], [-60.02408387691896, 45.9313818686878], [-60.0240956305361, 45.93138471327209], [-60.0242379586787, 45.931419187701124], [-60.0242459567035, 45.93142520169212], [-60.024250358717886, 45.93142851171794], [-60.024235062934586, 45.931608957880115], [-60.02423285230617, 45.93163507469788], [-60.0242347583808, 45.93164332413793], [-60.02424332789347, 45.93168035190494], [-60.02425653498893, 45.93169869779143], [-60.02434992099704, 45.9317491421063], [-60.0243580824857, 45.931753549199506], [-60.024368017365255, 45.9317578404947], [-60.02442236873519, 45.93178132702263], [-60.02451211735792, 45.93179176670014], [-60.02451426820235, 45.93179255181982], [-60.02466519033264, 45.93184796059854], [-60.024741551041686, 45.93186705205353], [-60.02474448070113, 45.93186846952043], [-60.02481826362441, 45.93190415429875], [-60.02490837384056, 45.93193170467467], [-60.02498522768368, 45.93194182598099], [-60.02500083233865, 45.931946228950615], [-60.02508688407813, 45.931970559147366], [-60.025197662600604, 45.93201684750344], [-60.02524081341471, 45.93203487533491], [-60.025330068793885, 45.93205430235202], [-60.02534504157193, 45.93205822076844], [-60.02536823180011, 45.932064297452364], [-60.0254568997591, 45.93211881232565], [-60.0255068271823, 45.93217412704673], [-60.025621116940144, 45.9322563027857], [-60.025669129924204, 45.93230858828518], [-60.025671080337084, 45.93231070928615], [-60.02573441900191, 45.932356463351255], [-60.025746664960444, 45.932392785695946], [-60.02575827502286, 45.93246510381659], [-60.02576246628583, 45.93248320566658], [-60.02576876534496, 45.93251037225932], [-60.02586908659493, 45.932539736005694], [-60.02589702759453, 45.932547916515446], [-60.02594891497393, 45.932566369667015], [-60.02597227836505, 45.93255836443071], [-60.02600017528588, 45.932548803120845], [-60.02606559226576, 45.93253160528831], [-60.02629760241653, 45.93253494792211], [-60.02635880005645, 45.93252307653409], [-60.026387542107436, 45.93251748850689], [-60.02647969624673, 45.9324829851053], [-60.026527036568375, 45.932454776255454], [-60.02659693410431, 45.93241313152499], [-60.02663818428651, 45.93234129899524], [-60.02666554341319, 45.93228800646064], [-60.026691508342836, 45.93226078003492], [-60.02670922841111, 45.932251682600246], [-60.02674323599901, 45.93223422448966], [-60.02678268754296, 45.93224425267017], [-60.02682218119038, 45.93225638812884], [-60.02693624440945, 45.932291464276005], [-60.026959914834585, 45.9322917025965], [-60.02705227356273, 45.93229267635099], [-60.02718070298099, 45.932303221010436], [-60.02724089313428, 45.93232972047982], [-60.02724371608422, 45.93233096408806], [-60.02724733479749, 45.93233228242006], [-60.02732089880453, 45.932359076048606], [-60.027359110472084, 45.93236817166449], [-60.02750040867688, 45.932379051007125], [-60.02765557530242, 45.932372289539956], [-60.02774719179417, 45.93237339642278], [-60.027784485616934, 45.93237384520269], [-60.027913876489436, 45.93236641239396], [-60.028055821653645, 45.93234130454924], [-60.02813945230599, 45.932408305381244], [-60.028169621294865, 45.932432483803346], [-60.028214393659226, 45.93246942746259], [-60.028258572277814, 45.93250589660768], [-60.0283981360252, 45.932597737203395], [-60.028441994277266, 45.932616313280434], [-60.02848643261585, 45.93263513845926], [-60.028504160830494, 45.932653637516545], [-60.028512090435584, 45.93266190863496], [-60.02856298279695, 45.93269923645111], [-60.028560186950585, 45.93281211515854], [-60.028559640571, 45.932834161983635], [-60.028544684041385, 45.93289677857937], [-60.028537943329106, 45.93292176948402], [-60.02853020792833, 45.93295040684156], [-60.0285203572753, 45.93303213007234], [-60.028513983983004, 45.93308499711913], [-60.02850302642675, 45.933105377859576], [-60.02849966100642, 45.93311162686019], [-60.028471468178886, 45.9332288040493], [-60.02845762561206, 45.93324644545395], [-60.02843287303858, 45.93325799737586], [-60.02841927276469, 45.93326434903545], [-60.02837266370223, 45.93328588107972], [-60.02828832017628, 45.93332484669195], [-60.02822338338399, 45.93333305746341], [-60.028197572036895, 45.93333328573037], [-60.02809495573513, 45.93330723061479], [-60.02808303075858, 45.933304201967616], [-60.02798099611438, 45.933258342053115], [-60.02786415728182, 45.933248109016404], [-60.027847118105335, 45.93325170684291], [-60.027826320480806, 45.93325611591379], [-60.027796266397935, 45.933265972547986], [-60.0277475409169, 45.933281967735454], [-60.027588557530166, 45.933343175021086], [-60.027565785329095, 45.93335194304809], [-60.02753656705609, 45.933371497269334], [-60.027525650465456, 45.933378800770726], [-60.027459165942545, 45.933440075732754], [-60.027432720160675, 45.933476290644315], [-60.02741905032809, 45.93353894058837], [-60.027411756522405, 45.93354821057091], [-60.02740520735135, 45.933556581854496], [-60.02736580094832, 45.933591523232884], [-60.027325312047616, 45.93362740850402], [-60.02732273974443, 45.93363281403908], [-60.027312228460985, 45.93365497044689], [-60.02730023527549, 45.93371569284589], [-60.02728215820146, 45.93380720170792], [-60.027262752020555, 45.93404971894282], [-60.027261477569894, 45.93406197189809], [-60.02724683849806, 45.93420231877463], [-60.02730969990982, 45.93425706035452], [-60.027347384131566, 45.93427604315359], [-60.02741273700453, 45.93431555712739], [-60.02749983201505, 45.93436822926841], [-60.027547950903525, 45.93438940983604], [-60.027562848057194, 45.934395963233825], [-60.02770385704093, 45.93446083977869], [-60.027793011687564, 45.934506364645095], [-60.028067680832955, 45.93461579984192], [-60.028073415824174, 45.934618073315185], [-60.028078890092175, 45.93461967394019], [-60.02820169743658, 45.93465561546122], [-60.028349109256396, 45.93470040598396], [-60.028418759530894, 45.934721570517404], [-60.02841763185747, 45.934766554329244], [-60.02831289834759, 45.934819624635374], [-60.02817871337998, 45.934857265926134], [-60.02813084637314, 45.93487069138121], [-60.02812728866284, 45.9348728129836], [-60.02802691955411, 45.93493279225435], [-60.027896407951054, 45.9349852001847], [-60.02786712705242, 45.93498950544845], [-60.02784439924722, 45.93499284718435], [-60.027788193831306, 45.9350213208481], [-60.02773963853412, 45.93504592525647], [-60.02770053804003, 45.93505389921579], [-60.02766748991277, 45.93508716104344], [-60.02764735286842, 45.93510742874236], [-60.02764254715135, 45.93512010281861], [-60.02763383648285, 45.935143080198785], [-60.027619791377035, 45.935188618804126], [-60.02761582493688, 45.935359531345554], [-60.02762264689685, 45.93536415535287], [-60.02762826158934, 45.93536795585781], [-60.02769049033794, 45.93545868407209], [-60.02774515200034, 45.93550444513051], [-60.02777815661751, 45.935532072772745], [-60.02779276829718, 45.935539869823145], [-60.027829592555484, 45.93555951413497], [-60.027902827434445, 45.935560700437975], [-60.02791980237085, 45.935560971288254], [-60.02792728353079, 45.93556002292022], [-60.02798474230018, 45.935552751768626], [-60.028036953087586, 45.935517207388145], [-60.0280707071881, 45.93550814006362], [-60.02810108434101, 45.93549998392343], [-60.02821804619646, 45.93548411749816], [-60.02830434291242, 45.93544946017225], [-60.02834853246526, 45.93543171754293], [-60.02842700104066, 45.935387846551464], [-60.028457955761844, 45.93536984943778], [-60.028518866792645, 45.93533443225702], [-60.02853179092852, 45.93532577677876], [-60.028557679275984, 45.935308439858304], [-60.02857003906427, 45.93528041790131], [-60.02858555383776, 45.935245259383386], [-60.02863725018342, 45.93518264484029], [-60.02865174731058, 45.9351650744568], [-60.02874661319706, 45.935031630653214], [-60.028786526505016, 45.93496066266497], [-60.02878816669614, 45.93495845513949], [-60.0288796582319, 45.93483527436906], [-60.02901128243724, 45.934737890105765], [-60.02903220127415, 45.934713844157706], [-60.02906488494937, 45.93467627905444], [-60.02906530656608, 45.93467538994191], [-60.02907798082454, 45.93464871723479], [-60.02910803387674, 45.934496485076025], [-60.02910914761281, 45.93445150989489], [-60.029148894185376, 45.93440753993403], [-60.029268620994436, 45.93429185313984], [-60.02928465594135, 45.93428074027993], [-60.02930745513875, 45.9342649519636], [-60.02934549746609, 45.93424803909817], [-60.02954264752895, 45.93416036078796], [-60.02962848750751, 45.93414626647855], [-60.0296467719041, 45.93414326783314], [-60.0297385863873, 45.93409075130182], [-60.02976225333144, 45.93407199719213], [-60.029816710468836, 45.93402888672589], [-60.02988276145111, 45.933975690867065], [-60.029905603633175, 45.93396029958575], [-60.029948331585246, 45.93393149229502], [-60.03001422933571, 45.93390530387224], [-60.03009172064202, 45.93387941697688], [-60.0301230295529, 45.93387625299395], [-60.03016953964941, 45.93387154021771], [-60.030286052040644, 45.9338637697328], [-60.03031809231763, 45.93387323488525], [-60.030349548686225, 45.93388252282672], [-60.03042592718147, 45.933901610923385], [-60.0304911922548, 45.93391140909991], [-60.030529885695984, 45.93391151534594], [-60.030543553472, 45.93390993563192], [-60.03059348717917, 45.93390415961553], [-60.03084002552745, 45.9338529747505], [-60.03087916789499, 45.93384588288555], [-60.03093120629599, 45.933836444109076], [-60.030957978529, 45.93381822954385], [-60.031021626906494, 45.933809992712554], [-60.03106326918133, 45.93381478388307], [-60.03111265563207, 45.93382045956948], [-60.03113156772134, 45.933827683951485], [-60.03113793869495, 45.933830126821874], [-60.03114190334861, 45.93383922174319], [-60.03114945460459, 45.93385651967366], [-60.03114869099001, 45.93388192806931], [-60.03114783669669, 45.933910483498245], [-60.03113109061935, 45.93405496146055], [-60.03102417126458, 45.934197094656874], [-60.031018870246065, 45.93421398638714], [-60.03101017768194, 45.93424172593636], [-60.03102194691787, 45.93428704513545], [-60.03105666061512, 45.934324716196954], [-60.03109754216456, 45.93436911823503], [-60.03112171384683, 45.93442375174868], [-60.03112160439925, 45.93443014849408], [-60.03112108180089, 45.934459738640484], [-60.03105501896778, 45.9345129259036], [-60.03104296745792, 45.93452626678962], [-60.031015273790786, 45.93455689656249], [-60.030947443718965, 45.934625294218236], [-60.03088302121651, 45.93469027012109], [-60.03081601053047, 45.934761434259194], [-60.030724523823466, 45.934831961840686], [-60.030684730136095, 45.93487683120489], [-60.0306837810134, 45.93487866069305], [-60.03065736053486, 45.93493012440987], [-60.03065421017825, 45.93504898846344], [-60.03064972510676, 45.93521795243188], [-60.03064489045195, 45.935230697887526], [-60.03063621059938, 45.935253604289585], [-60.03060895787299, 45.93528079811104], [-60.030597557234564, 45.93528460599472], [-60.030531464802934, 45.9353066853103], [-60.03045316363178, 45.935323550608885], [-60.030339226973034, 45.935357904708376], [-60.03031025130305, 45.93536663794622], [-60.03028745320784, 45.93537588288588], [-60.030245640130794, 45.93539286000175], [-60.03021871491718, 45.93543806390986], [-60.03017703459205, 45.93551798726225], [-60.03007230074916, 45.935571068171626], [-60.03006021364765, 45.93557975459747], [-60.030041121151505, 45.93560704353264], [-60.02997920597311, 45.93569554930508], [-60.029972434451835, 45.93572063849278], [-60.0299647170085, 45.93574918639562], [-60.0299351457187, 45.93589243045471], [-60.029949087122795, 45.93594609602442], [-60.02995868396816, 45.9359830510484], [-60.02995712184859, 45.93604029169655], [-60.029955977405706, 45.93608198977482], [-60.02994824244772, 45.93616711643688], [-60.02993720159288, 45.93628852045469], [-60.02992968811484, 45.93638133058234], [-60.02991822494682, 45.93652294847359], [-60.029900737008276, 45.936729512637484], [-60.02983420281008, 45.936791687751416], [-60.029782039924406, 45.936826334112595], [-60.0295984934399, 45.93690526689011], [-60.02949180767969, 45.936977189221714], [-60.02946735815757, 45.93699366370215], [-60.029324768229806, 45.93705475984888], [-60.02925824587868, 45.93711693493393], [-60.02921584948723, 45.93715107007557], [-60.029192178029476, 45.937170120976745], [-60.02905716748523, 45.937238074611265], [-60.029035743906135, 45.93724885820379], [-60.028957286451494, 45.93729272089589], [-60.02886526460995, 45.937373133959575], [-60.02885577223566, 45.937383948966556], [-60.028771849078645, 45.93747961308408], [-60.02857320057177, 45.93764815949695], [-60.028472941014435, 45.937766809397694], [-60.0284533847355, 45.93778995461128], [-60.0284298033837, 45.937831680785294], [-60.02837216836318, 45.93793365429169], [-60.02834056604169, 45.937961805459615], [-60.02833289909677, 45.93796863556131], [-60.02817581451525, 45.93808335798925], [-60.027991006044864, 45.93823426195367], [-60.027846488238005, 45.9383313183799], [-60.02778915061597, 45.93839223755222], [-60.02762079965265, 45.93857115686293], [-60.02759014982242, 45.93861163674936], [-60.02756664994108, 45.938642653878006], [-60.02753978182586, 45.938686958544224], [-60.02748629847482, 45.93879447617847], [-60.027393791230736, 45.93888387623665], [-60.02737489310812, 45.938916408259665], [-60.027352584804575, 45.93895481004218], [-60.02733906717186, 45.938990461415386], [-60.0272962162783, 45.939116257431664], [-60.02728316644122, 45.939142920149855], [-60.02727585682962, 45.93915271175469], [-60.027256779085896, 45.9391782274363], [-60.027240346781646, 45.939185639322055], [-60.02717746140575, 45.93921397475864], [-60.027141827181865, 45.93921859146075], [-60.02711379297097, 45.939222217927224], [-60.02704616799313, 45.93922097917805], [-60.02699781079344, 45.939220098079204], [-60.02693142446153, 45.939255272857764], [-60.02648588801575, 45.939528996893685], [-60.02642068298417, 45.93959030453703], [-60.02635317909012, 45.9396704630084], [-60.02634962007054, 45.93979677792809], [-60.02634886935271, 45.93982334681832], [-60.02635225030951, 45.939856845940604], [-60.026359845901325, 45.939931651611666], [-60.02635393793318, 45.940138516751944], [-60.02632748803625, 45.9401747312751], [-60.026287876532685, 45.94019170126902], [-60.02608032972612, 45.94026100246608], [-60.026051702027424, 45.94026076085995], [-60.02602874872076, 45.940260559036986], [-60.025885494031115, 45.94028563025563], [-60.02586189578825, 45.94028831886657], [-60.02574400857117, 45.94030174655542], [-60.025707957579705, 45.940316063844975], [-60.02567810119323, 45.94032793225276], [-60.02565169935254, 45.940363238787505], [-60.02548247427414, 45.940415544526154], [-60.02543121931027, 45.94043311097321], [-60.02531472789191, 45.940439976976386], [-60.025275575145734, 45.940448848826385], [-60.02524822208292, 45.940476371772824], [-60.025222382268836, 45.940502376995816], [-60.02522164964767, 45.94054402273238], [-60.025221110002605, 45.94057435045728], [-60.0252295872406, 45.94065483168817], [-60.025230518584316, 45.94066370376522], [-60.02529274884985, 45.94075443326297], [-60.025329164494885, 45.94084539026299], [-60.02540475958099, 45.94092746706385], [-60.0254428094019, 45.94096355256247], [-60.02553600709288, 45.94103131750124], [-60.0255943225479, 45.94107371842077], [-60.02592507780623, 45.94125785042125]]}, "properties": {"OBJECTID": 140117, "FEAT_CODE": "WALK20", "FEAT_DESC": "Lake - Water to the right line", "RIVNAME_1": "Six Mile Brook", "RIVNAME_2": " ", "ZVALUE": 69.7, "FID": null, "SHAPE_Length": 2459.555300436248}}, {"type": "Feature", "id": 152134, "geometry": {"type": "LineString", "coordinates": [[-60.03474408086885, 45.935945414999615], [-60.034695642034244, 45.93596159161246], [-60.0346665886426, 45.935971305028296], [-60.03465833762294, 45.93598233277431], [-60.03462630480546, 45.936025163857224], [-60.03460681770558, 45.93605481052168], [-60.03458558931338, 45.93608711220669], [-60.03457107005416, 45.9361416401682], [-60.03453083394821, 45.93619460011937], [-60.03440176376473, 45.93622005043585], [-60.034153148253694, 45.93633420384662], [-60.034137978963486, 45.93634771609279], [-60.03411387082606, 45.93636918689534], [-60.03406181356951, 45.93637773555292], [-60.034023447771055, 45.93639563257631], [-60.03398987964306, 45.93642346421967], [-60.03397080767362, 45.936439278284276], [-60.03394355592887, 45.93646647292264], [-60.03394343527892, 45.9364730853974], [-60.033942926100025, 45.936502450874436], [-60.0339800308993, 45.93655653764957], [-60.03405467476747, 45.93665657669333], [-60.034067077632166, 45.9366658997047], [-60.03409635977706, 45.93667439205868], [-60.03413185418093, 45.936684683924895], [-60.03420313479123, 45.93668529336515], [-60.03423502293472, 45.936685563612116], [-60.03428772713991, 45.936664169496], [-60.034299633870916, 45.93665933929406], [-60.034309989656634, 45.936657223059555], [-60.03433876091687, 45.93665135476117], [-60.03438763627163, 45.936599446449264], [-60.034405769642774, 45.93658018762197], [-60.03443817245967, 45.936561380423264], [-60.03449629571538, 45.936527633810975], [-60.03457293778307, 45.93647610546074], [-60.034601999329176, 45.93645657237701], [-60.03470828452993, 45.93635042271818], [-60.03481269929321, 45.93627932761563], [-60.034916915651834, 45.93623612983338], [-60.034944153451306, 45.93620894360116], [-60.034958158313835, 45.93616429414562], [-60.03495878795024, 45.936128307181896], [-60.034947014688605, 45.9360829973022], [-60.0348599190979, 45.93597453472621], [-60.03483879595437, 45.93595916180124], [-60.034821409913945, 45.935946523167246], [-60.034783220232995, 45.93593743063425], [-60.03477309983705, 45.93593949001903], [-60.03474408086885, 45.935945414999615]]}, "properties": {"OBJECTID": 152134, "FEAT_CODE": "WALKIS10", "FEAT_DESC": "Lake Island - Island to the left line", "RIVNAME_1": " ", "RIVNAME_2": " ", "ZVALUE": 70.7, "FID": null, "SHAPE_Length": 244.4693241314232}}, {"type": "Feature", "id": 152135, "geometry": {"type": "LineString", "coordinates": [[-60.03945336049927, 45.933873219050646], [-60.0394336554116, 45.93387577739317], [-60.03938971258533, 45.933881469601104], [-60.03938382055142, 45.93388528618752], [-60.03937635196307, 45.93389012399159], [-60.0393747678482, 45.93394408789588], [-60.03941072415056, 45.93404402936565], [-60.03942942123131, 45.934070571575425], [-60.03943590974068, 45.934079776652155], [-60.03945274376792, 45.934089952045554], [-60.03951214354928, 45.934125866392804], [-60.03974005052041, 45.93425508687628], [-60.03979242303322, 45.93426454546023], [-60.03986976289413, 45.93426565048724], [-60.0398699401708, 45.93423325209688], [-60.039870058354616, 45.93421165316991], [-60.039861300980725, 45.93408541451401], [-60.03983659423391, 45.9340406699058], [-60.039803169201846, 45.9340130888634], [-60.0397476256271, 45.93396725672249], [-60.03966233565501, 45.93391924017946], [-60.039633655079626, 45.93390309614154], [-60.039608369454804, 45.93389344871142], [-60.039530699797666, 45.93387432429408], [-60.039485662657235, 45.93387367858304], [-60.03945336049927, 45.933873219050646]]}, "properties": {"OBJECTID": 152135, "FEAT_CODE": "WALKIS10", "FEAT_DESC": "Lake Island - Island to the left line", "RIVNAME_1": " ", "RIVNAME_2": " ", "ZVALUE": 70.7, "FID": null, "SHAPE_Length": 131.18513401785515}}, {"type": "Feature", "id": 186133, "geometry": {"type": "LineString", "coordinates": [[-60.03439630290945, 45.92807685550378], [-60.034423083867146, 45.927977632800285], [-60.03442524084844, 45.92796959707127], [-60.03448220549136, 45.9277721581058], [-60.034490893723934, 45.92774444516314], [-60.0344961948973, 45.927727517260706], [-60.03451066367846, 45.92767388802584], [-60.034497933429584, 45.927646554868446], [-60.034486641399, 45.92759225654847], [-60.03446882158334, 45.92755176698206], [-60.03445097890801, 45.92751122281386], [-60.03444546129961, 45.927425562532996], [-60.03444110918785, 45.92735795220254], [-60.03444204428674, 45.927319380892726], [-60.034443314284985, 45.9272680010864], [-60.03441930297044, 45.92719825998344], [-60.034396408112116, 45.927131770173865], [-60.03439687673588, 45.92710387974415], [-60.0343969897765, 45.92709668200882], [-60.03445140632298, 45.926971183569464], [-60.03445310283795, 45.92691954481365], [-60.03445554133674, 45.926845288217855], [-60.03444572775358, 45.92682421438372], [-60.03444281176409, 45.92681794606775], [-60.03443303122315, 45.926807377070496], [-60.03441720151795, 45.9267902783589], [-60.03432997089914, 45.92670880523405], [-60.03432635054586, 45.92669809020633], [-60.03431772035125, 45.92667248367282], [-60.0343064286479, 45.92661818533607], [-60.03430756596354, 45.92655285077815], [-60.03430768792784, 45.92654621132626], [-60.034335995476475, 45.92647493988222], [-60.03441559006694, 45.92638519870966], [-60.03452137601793, 45.92628803699082], [-60.03458778624466, 45.926243560518586], [-60.03460029266276, 45.926235181524895], [-60.03461192477359, 45.926228201955055], [-60.034836130989824, 45.926093692720706], [-60.034978686477174, 45.926032588754175], [-60.03502714228454, 45.92600842870988], [-60.03508336238008, 45.92598040188749], [-60.03512300893097, 45.92596252965278], [-60.03513684749255, 45.925944887324455], [-60.035142428440075, 45.92594084685631], [-60.03514891877664, 45.92593619994344], [-60.03526954748964, 45.925802519507556], [-60.03528989339856, 45.92573757569839], [-60.03529752387256, 45.925713237540066], [-60.03529825491706, 45.92567920634213], [-60.03529926102842, 45.92563227508081], [-60.035303762987354, 45.925461961057295], [-60.035306868591846, 45.92534444570954], [-60.03524463770026, 45.925253721481454], [-60.03524169611239, 45.92524672345181], [-60.03523319556648, 45.92522642184517], [-60.03519513660841, 45.92519033929725], [-60.03507191951011, 45.925094656016014], [-60.035005648069756, 45.925043196409185], [-60.03496663129973, 45.925025081592906], [-60.03489437800258, 45.924998488917616], [-60.034737676954585, 45.9249408283393], [-60.03462774850014, 45.924913779077315], [-60.03446778941273, 45.92487441322797], [-60.03422384099298, 45.924853675469386], [-60.03412497992503, 45.92485248459347], [-60.03409494756609, 45.92485212749865], [-60.034089049220306, 45.924849787075], [-60.03378929889305, 45.92473077676716], [-60.03369146527545, 45.924704526860005], [-60.033648156052465, 45.92469290669014], [-60.03350812299422, 45.92461006106011], [-60.033418978911804, 45.92456454086232], [-60.03304951704244, 45.92440643580523], [-60.032858399274275, 45.924314152124246], [-60.03275522332009, 45.9242611470836], [-60.032642481774104, 45.92420323090896], [-60.03247712404418, 45.9241116250689], [-60.03235035031533, 45.92404622422745], [-60.03209478890984, 45.92395317331048], [-60.03186402737086, 45.92387877721117], [-60.03172273716789, 45.92386789443964], [-60.031672178765085, 45.92384857835198], [-60.031620764270926, 45.92382113922541], [-60.03159693640342, 45.923815461263835], [-60.03158255764051, 45.92381204515083], [-60.03127484935146, 45.92375364000304], [-60.03118015337636, 45.92375250086251], [-60.03114595872277, 45.92375208876581], [-60.031039952381796, 45.92374562393858], [-60.03096598217492, 45.923741108192154], [-60.03063993977842, 45.9238811522205]]}, "properties": {"OBJECTID": 186133, "FEAT_CODE": "WARV50", "FEAT_DESC": "River - Single Line", "RIVNAME_1": " ", "RIVNAME_2": " ", "ZVALUE": 9999, "FID": null, "SHAPE_Length": 764.4241095712081}}, {"type": "Feature", "id": 293452, "geometry": {"type": "LineString", "coordinates": [[-60.04740202099063, 45.93912130699861], [-60.04670255090343, 45.93924723014645], [-60.04666038828502, 45.93925698557163], [-60.04662548903546, 45.93926503868448], [-60.04649503130229, 45.93931656918023], [-60.04648108648673, 45.9393228600717], [-60.046455378469325, 45.939334445186645], [-60.04637742170481, 45.939369331969765], [-60.04636315641046, 45.93938043899707], [-60.04629800600482, 45.93943118342382], [-60.04627999108156, 45.93944366057526], [-60.04625916365788, 45.93945808115027], [-60.04606419316515, 45.93950974239345], [-60.045960456447, 45.93954396193281], [-60.04583042698172, 45.93958741100954], [-60.045737807653175, 45.93963090980861], [-60.04553014035111, 45.93972724573009], [-60.045319272580194, 45.93985950173911], [-60.04518974340821, 45.939908804564794], [-60.045020368677555, 45.93997327751641], [-60.04500112682954, 45.9399818883625], [-60.04494239726091, 45.940008162938945], [-60.04491143662142, 45.9400236531317], [-60.04488938212948, 45.940034693392704], [-60.04486346988138, 45.94006102520925], [-60.04486251401395, 45.94007900211278], [-60.04483612379302, 45.94011432237373], [-60.04483516791497, 45.94013229927664], [-60.04473136863476, 45.94016741616071], [-60.04463895961357, 45.94025593261745], [-60.04462113328071, 45.94027601108097], [-60.04459914705158, 45.94030080630749], [-60.04458246044056, 45.940328321941244], [-60.04457227856868, 45.940345114948705], [-60.044570844611826, 45.94037208029554], [-60.04456663139739, 45.94038071103726], [-60.044557815525614, 45.9403987455112], [-60.04454128115625, 45.940409811578284], [-60.044517683317736, 45.94042560925619], [-60.044448887621066, 45.94048322490238], [-60.04441236376992, 45.94051380034336], [-60.044385810191194, 45.94054053848782], [-60.044359215545924, 45.94056732056708], [-60.04421470667231, 45.94066438801059], [-60.044153189847805, 45.94069041000891], [-60.04411044083475, 45.9407084930721], [-60.04390146501919, 45.94080480114984], [-60.043770674749794, 45.94091121592402], [-60.04370545979979, 45.940946601794394], [-60.043651526559756, 45.94101704090605], [-60.043561103160734, 45.94110624695477], [-60.04347995149046, 45.9411863141561], [-60.04342678835225, 45.94123984255757], [-60.043333527097325, 45.94131932606089], [-60.043241432947006, 45.94142585117246], [-60.04322037682957, 45.94145690778555], [-60.0431868337028, 45.94150636273437], [-60.043174747723135, 45.94151504157126], [-60.04315886299173, 45.94151922063135], [-60.04310933771725, 45.94153224939236], [-60.04305041102588, 45.94154981409482], [-60.04299266392092, 45.94156703128131], [-60.04298554835354, 45.941574191671556], [-60.042939499941845, 45.94162055943246], [-60.042847538124335, 45.94170008519065], [-60.042664372281465, 45.941796150370784], [-60.04262880413067, 45.94182036841014], [-60.04258540523825, 45.94184991011382], [-60.042566336364835, 45.94187100916612], [-60.04254565056424, 45.94189388449936], [-60.042270778902065, 45.94201637627941], [-60.04224620984776, 45.94204118515043], [-60.04219169931083, 45.94209623521134], [-60.04204719551222, 45.94219330093198], [-60.04198569872148, 45.942241194270736], [-60.04196778383129, 45.942255149465126], [-60.041680161735066, 45.942423213674644], [-60.04144416892108, 45.94259082380003], [-60.0414075868643, 45.94263915538331], [-60.04139004585953, 45.942662319012115], [-60.04136657880515, 45.94268774130085], [-60.041324326596616, 45.94273352271198], [-60.041022096881385, 45.942909308373245], [-60.04091782435194, 45.94295341033919], [-60.04091206516843, 45.94295641136995], [-60.04080104661619, 45.943014289667346], [-60.040513281587394, 45.943136443046775], [-60.04051104110815, 45.943139751280555], [-60.040500680683174, 45.94315501815463], [-60.040486853552714, 45.94317263439303], [-60.04042559592168, 45.943205573725855], [-60.04029026670912, 45.94327827578591], [-60.04019892490008, 45.94332181219696], [-60.039821581845, 45.943478545072026], [-60.03954621811456, 45.94361000934023], [-60.0395148105349, 45.943631400015285], [-60.039494006084546, 45.94364556792454], [-60.03935059958591, 45.943697654579566], [-60.039025402968385, 45.9438197336828], [-60.03895655766984, 45.94385823598085], [-60.038868496351554, 45.94390748191135], [-60.03884122542674, 45.94393234598713], [-60.03882916927995, 45.94394334734738], [-60.038826740382326, 45.943950431005206], [-60.03881388969187, 45.94398796417242], [-60.03879537339487, 45.94400058915058], [-60.03878845215517, 45.94400529709436], [-60.03876067403368, 45.94401982405785], [-60.03867033264177, 45.944067057523526], [-60.038476767423646, 45.944201333752346], [-60.03823759587883, 45.94436725263464]]}, "properties": {"OBJECTID": 293452, "FEAT_CODE": "WARV50", "FEAT_DESC": "River - Single Line", "RIVNAME_1": "Six Mile Brook", "RIVNAME_2": " ", "ZVALUE": 9999, "FID": null, "SHAPE_Length": 944.3409626552317}}]}