{
  "type": "FeatureCollection",
  "crs": {
    "type": "name",
    "properties": {
      "name": "EPSG:3857"
    }
  },
  "features": [
    {
      "type": "Feature",
      "properties": {},
      "geometry": {
        "type": "Polygon",
        "coordinates": [
          [
            [
              -6815159.08951382,
              5852212.45388344
            ],
            [
              -6815034.79215116,
              5852212.65895265
            ],
            [
              -6814910.44503514,
              5852212.81116757
            ],
            [
              -6814786.04835307,
              5852212.90996167
            ],
            [
              -6814661.60234019,
              5852212.95474538
            ],
            [
              -6814537.10728077,
              5852212.94490466
            ],
            [
              -6814412.56350938,
              5852212.87979953
            ],
            [
              -6814287.971412,
              5852212.75876272
            ],
            [
              -6814163.33142728,
              5852212.58109826
            ],
            [
              -6814038.64404781,
              5852212.34608022
            ],
            [
              -6813913.9098214,
              5852212.05295153
            ],
            [
              -6813789.12935233,
              5852211.70092278
            ],
            [
              -6813664.30330275,
              5852211.28917126
            ],
            [
              -6813539.43239399,
              5852210.81684005
            ],
            [
              -6813414.51740794,
              5852210.28303728
            ],
            [
              -6813289.55918842,
              5852209.68683559
            ],
            [
              -6813164.55864258,
              5852209.02727168
            ],
            [
              -6813039.51674232,
              5852208.30334621
            ],
            [
              -6812914.43452564,
              5852207.51402389
            ],
            [
              -6812789.31309806,
              5852206.65823379
            ],
            [
              -6812664.153634,
              5852205.73487008
            ],
            [
              -6812538.95737814,
              5852204.74279301
            ],
            [
              -6812413.72564668,
              5852203.68083031
            ],
            [
              -6812288.4598287,
              5852202.54777902
            ],
            [
              -6812163.16138728,
              5852201.34240776
            ],
            [
              -6812037.83186072,
              5852200.06345953
            ],
            [
              -6811912.47286357,
              5852198.70965501
            ],
            [
              -6811787.08608758,
              5852197.27969647
            ],
            [
              -6811661.67330252,
              5852195.77227238
            ],
            [
              -6811536.23635694,
              5852194.18606263
            ],
            [
              -6811410.77717865,
              5852192.51974452
            ],
            [
              -6811285.29777512,
              5852190.77199956
            ],
            [
              -6811159.80023365,
              5852188.94152107
            ],
            [
              -6811034.28672129,
              5852187.02702273
            ],
            [
              -6810908.75948458,
              5852185.02724799
            ],
            [
              -6810783.22084895,
              5852182.94098051
            ],
            [
              -6810657.67321786,
              5852180.76705566
            ],
            [
              -6810532.11907168,
              5852178.50437296
            ],
            [
              -6810406.56096611,
              5852176.15190975
            ],
            [
              -6810281.00153037,
              5852173.70873589
            ],
            [
              -6810155.44346492,
              5852171.17402966
            ],
            [
              -6810029.88953885,
              5852168.54709474
            ],
            [
              -6809904.3425868,
              5852165.82737837
            ],
            [
              -6809778.8055055,
              5852163.01449069
            ],
            [
              -6809653.28124992,
              5852160.10822512
            ],
            [
              -6809527.77282891,
              5852157.10857983
            ],
            [
              -6809402.2833005,
              5852154.01578026
            ],
            [
              -6809276.81576683,
              5852150.83030256
            ],
            [
              -6809151.37336869,
              5852147.55289791
            ],
            [
              -6809025.95927977,
              5852144.18461757
            ],
            [
              -6808900.57670072,
              5852140.72683859
            ],
            [
              -6808775.22885307,
              5852137.18129002
            ],
            [
              -6808649.91897314,
              5852133.5500794
            ],
            [
              -6808524.65030614,
              5852129.83571941
            ],
            [
              -6808399.42610067,
              5852126.04115442
            ],
            [
              -6808274.24960388,
              5852122.16978669
            ],
            [
              -6808149.12405758,
              5852118.22550203
            ],
            [
              -6808024.05269589,
              5852114.21269438
            ],
            [
              -6807899.03874485,
              5852110.1362892
            ],
            [
              -6807774.08542467,
              5852106.00176506
            ],
            [
              -6807649.19595567,
              5852101.81517294
            ],
            [
              -6807524.37356882,
              5852097.58315267
            ],
            [
              -6807399.62152237,
              5852093.31294576
            ],
            [
              -6807274.94312635,
              5852089.01240366
            ],
            [
              -6807150.34177715,
              5852084.68999036
            ],
            [
              -6807025.8210049,
              5852080.35477791
            ],
            [
              -6806901.38453748,
              5852076.01643314
            ],
            [
              -6806777.03638543,
              5852071.68519323
            ],
            [
              -6806652.78095388,
              5852067.37182738
            ],
            [
              -6806530.32627203,
              5852062.82898916
            ],
            [
              -6806407.97205678,
              5852058.32491221
            ],
            [
              -6806285.7246552,
              5852053.8710227
            ],
            [
              -6806163.59162196,
              5852049.47890092
            ],
            [
              -6806041.58210039,
              5852045.16010899
            ],
            [
              -6805919.70731502,
              5852040.92596485
            ],
            [
              -6805797.98120932,
              5852036.78724725
            ],
            [
              -6805676.42127163,
              5852032.75381235
            ],
            [
              -6805555.04960292,
              5852028.83409793
            ],
            [
              -6805433.89428639,
              5852025.03448841
            ],
            [
              -6805312.99110576,
              5852021.35851946
            ],
            [
              -6805192.38558366,
              5852017.80593179
            ],
            [
              -6805072.1350615,
              5852014.37168686
            ],
            [
              -6804952.30986973,
              5852011.04533414
            ],
            [
              -6804832.99116419,
              5852007.81172564
            ],
            [
              -6804714.26088622,
              5852004.65494497
            ],
            [
              -6804596.179609,
              5852001.56719443
            ],
            [
              -6804478.75753054,
              5851998.56048241
            ],
            [
              -6804361.9389697,
              5851995.67275132
            ],
            [
              -6804245.61554335,
              5851992.96221706
            ],
            [
              -6804129.65591802,
              5851990.49490415
            ],
            [
              -6804013.93062845,
              5851988.33422594
            ],
            [
              -6803898.32454523,
              5851986.53566921
            ],
            [
              -6803782.7405853,
              5851985.14511722
            ],
            [
              -6803667.09941049,
              5851984.19887052
            ],
            [
              -6803551.33779467,
              5851983.72427041
            ],
            [
              -6803435.40675094,
              5851983.74048004
            ],
            [
              -6803319.269762,
              5851984.25928136
            ],
            [
              -6803202.90117899,
              5851985.28585703
            ],
            [
              -6803086.28477206,
              5851986.81955646
            ],
            [
              -6802969.41240403,
              5851988.85464811
            ],
            [
              -6802852.28280654,
              5851991.38105494
            ],
            [
              -6802734.90044858,
              5851994.38506608
            ],
            [
              -6802617.27449495,
              5851997.85001461
            ],
            [
              -6802499.41785607,
              5852001.75691181
            ],
            [
              -6802381.34633156,
              5852006.08502911
            ],
            [
              -6802263.07784895,
              5852010.81242197
            ],
            [
              -6802144.63179716,
              5852015.91639204
            ],
            [
              -6802026.02845198,
              5852021.37388722
            ],
            [
              -6801907.28848886,
              5852027.1618409
            ],
            [
              -6801788.43257672,
              5852033.25745407
            ],
            [
              -6801669.48104542,
              5852039.63842443
            ],
            [
              -6801550.45361909,
              5852046.28312814
            ],
            [
              -6801431.36920719,
              5852053.17075948
            ],
            [
              -6801312.24574558,
              5852060.28143414
            ],
            [
              -6801193.10008031,
              5852067.59626136
            ],
            [
              -6801073.94788738,
              5852075.09738981
            ],
            [
              -6800954.80362244,
              5852082.76803176
            ],
            [
              -6800835.68049515,
              5852090.59246938
            ],
            [
              -6800716.59046363,
              5852098.55604669
            ],
            [
              -6800597.54424489,
              5852106.64514996
            ],
            [
              -6800478.55133804,
              5852114.84717937
            ],
            [
              -6800359.62005734,
              5852123.15051366
            ],
            [
              -6800240.75757274,
              5852131.54446995
            ],
            [
              -6800121.96995603,
              5852140.01925981
            ],
            [
              -6800003.26223088,
              5852148.56594305
            ],
            [
              -6799884.63842555,
              5852157.17638005
            ],
            [
              -6799766.10162718,
              5852165.84318342
            ],
            [
              -6799647.65403678,
              5852174.55966971
            ],
            [
              -6799529.29702443,
              5852183.3198115
            ],
            [
              -6799411.03118387,
              5852192.11819032
            ],
            [
              -6799292.85638638,
              5852200.94995074
            ],
            [
              -6799174.77183349,
              5852209.81075566
            ],
            [
              -6799056.77610833,
              5852218.69674312
            ],
            [
              -6798938.86722556,
              5852227.60448458
            ],
            [
              -6798821.03957599,
              5852236.36878193
            ],
            [
              -6798703.29324109,
              5852245.14913989
            ],
            [
              -6798585.62483931,
              5852253.94317939
            ],
            [
              -6798468.03060173,
              5852262.74880533
            ],
            [
              -6798350.50641384,
              5852271.56417258
            ],
            [
              -6798233.04785585,
              5852280.38765341
            ],
            [
              -6798115.65024142,
              5852289.21780628
            ],
            [
              -6797998.30865503,
              5852298.05334583
            ],
            [
              -6797881.01798798,
              5852306.89311405
            ],
            [
              -6797763.77297307,
              5852315.73605255
            ],
            [
              -6797646.56821812,
              5852324.58117573
            ],
            [
              -6797529.39823827,
              5852333.42754484
            ],
            [
              -6797412.25748727,
              5852342.27424277
            ],
            [
              -6797295.14038773,
              5852351.12034945
            ],
            [
              -6797178.04136042,
              5852359.96491775
            ],
            [
              -6797060.95485275,
              5852368.80694969
            ],
            [
              -6796943.87536634,
              5852377.64537291
            ],
            [
              -6796826.79748399,
              5852386.47901702
            ],
            [
              -6796709.71589588,
              5852395.30658987
            ],
            [
              -6796592.62542526,
              5852404.12665328
            ],
            [
              -6796475.52105369,
              5852412.93759808
            ],
            [
              -6796358.39794589,
              5852421.73761795
            ],
            [
              -6796241.25147449,
              5852430.52468177
            ],
            [
              -6796124.0772448,
              5852439.29650375
            ],
            [
              -6796006.87111991,
              5852448.05051057
            ],
            [
              -6795889.62924653,
              5852456.78380468
            ],
            [
              -6795772.34808205,
              5852465.49312215
            ],
            [
              -6795655.02442369,
              5852474.17478329
            ],
            [
              -6795537.65544062,
              5852482.82463338
            ],
            [
              -6795420.23871077,
              5852491.43796957
            ],
            [
              -6795302.77226454,
              5852500.00944822
            ],
            [
              -6795185.25463897,
              5852508.53296413
            ],
            [
              -6795067.68494776,
              5852517.00148803
            ],
            [
              -6794950.06297596,
              5852525.40684106
            ],
            [
              -6794832.38931303,
              5852533.7393719
            ],
            [
              -6794714.66554603,
              5852541.98748358
            ],
            [
              -6794596.89454063,
              5852550.1369414
            ],
            [
              -6794479.0808143,
              5852558.16995148
            ],
            [
              -6794361.23081424,
              5852566.0644716
            ],
            [
              -6794243.352153,
              5852573.7960878
            ],
            [
              -6794125.44988969,
              5852581.34716737
            ],
            [
              -6794007.52148046,
              5852588.71928825
            ],
            [
              -6793889.55762979,
              5852595.93112942
            ],
            [
              -6793771.5476063,
              5852603.00536089
            ],
            [
              -6793653.4821724,
              5852609.96141078
            ],
            [
              -6793535.35395207,
              5852616.8145423
            ],
            [
              -6793417.15707886,
              5852623.57670304
            ],
            [
              -6793298.8868287,
              5852630.25741051
            ],
            [
              -6793180.53935134,
              5852636.86439402
            ],
            [
              -6793062.11148434,
              5852643.40403238
            ],
            [
              -6792943.60062259,
              5852649.88165451
            ],
            [
              -6792825.00462375,
              5852656.3017512
            ],
            [
              -6792706.32173715,
              5852662.66812887
            ],
            [
              -6792587.55054844,
              5852668.98402456
            ],
            [
              -6792468.68993516,
              5852675.25219426
            ],
            [
              -6792349.73903004,
              5852681.47498242
            ],
            [
              -6792230.69719002,
              5852687.65437786
            ],
            [
              -6792111.56396954,
              5852693.79205951
            ],
            [
              -6791992.33909726,
              5852699.88943458
            ],
            [
              -6791873.02245544,
              5852705.94767075
            ],
            [
              -6791753.61406156,
              5852711.96772379
            ],
            [
              -6791634.11405172,
              5852717.95036139
            ],
            [
              -6791514.52266578,
              5852723.89618397
            ],
            [
              -6791394.84023378,
              5852729.80564308
            ],
            [
              -6791275.06716371,
              5852735.67905767
            ],
            [
              -6791155.20274673,
              5852741.43499402
            ],
            [
              -6791035.24865011,
              5852747.15518371
            ],
            [
              -6790915.20545102,
              5852752.8396297
            ],
            [
              -6790795.07376596,
              5852758.48825215
            ],
            [
              -6790674.85424324,
              5852764.1008981
            ],
            [
              -6790554.54755622,
              5852769.67735034
            ],
            [
              -6790434.15439731,
              5852775.21733549
            ],
            [
              -6790313.67547257,
              5852780.72053136
            ],
            [
              -6790193.111497,
              5852786.18657382
            ],
            [
              -6790072.46319031,
              5852791.61506307
            ],
            [
              -6789951.73127339,
              5852797.00556943
            ],
            [
              -6789830.91646515,
              5852802.35763873
            ],
            [
              -6789710.0194799,
              5852807.67079727
            ],
            [
              -6789589.04102519,
              5852812.94455652
            ],
            [
              -6789467.98179999,
              5852818.17841741
            ],
            [
              -6789346.84249338,
              5852823.3718744
            ],
            [
              -6789225.62378343,
              5852828.5244193
            ],
            [
              -6789104.32633656,
              5852833.63554485
            ],
            [
              -6788982.95080707,
              5852838.7047481
            ],
            [
              -6788861.49783707,
              5852843.73153365
            ],
            [
              -6788739.96805655,
              5852848.7154167
            ],
            [
              -6788618.36208377,
              5852853.65592599
            ],
            [
              -6788496.68052578,
              5852858.55260656
            ],
            [
              -6788374.92397918,
              5852863.40502252
            ],
            [
              -6788253.09303104,
              5852868.21275962
            ],
            [
              -6788131.18825996,
              5852872.9754278
            ],
            [
              -6788009.21023726,
              5852877.69266367
            ],
            [
              -6787887.15952833,
              5852882.36413292
            ],
            [
              -6787765.03669401,
              5852886.9895327
            ],
            [
              -6787642.84229213,
              5852891.56859392
            ],
            [
              -6787520.57687908,
              5852896.10108361
            ],
            [
              -6787398.24101148,
              5852900.58680712
            ],
            [
              -6787275.83524787,
              5852905.0256104
            ],
            [
              -6787153.36015043,
              5852909.41738223
            ],
            [
              -6787030.81628679,
              5852913.76205642
            ],
            [
              -6786908.20423177,
              5852918.05961394
            ],
            [
              -6786785.5245692,
              5852922.31008512
            ],
            [
              -6786662.77789367,
              5852926.51355178
            ],
            [
              -6786539.96481232,
              5852930.67014925
            ],
            [
              -6786417.08594655,
              5852934.78006848
            ],
            [
              -6786294.14193373,
              5852938.84355804
            ],
            [
              -6786171.13342884,
              5852942.860926
            ],
            [
              -6786048.06110602,
              5852946.83254183
            ],
            [
              -6785924.92566008,
              5852950.75883817
            ],
            [
              -6785801.72780791,
              5852954.64031253
            ],
            [
              -6785678.46828975,
              5852958.47752879
            ],
            [
              -6785555.14787036,
              5852962.27111863
            ],
            [
              -6785431.76734009,
              5852966.02178283
            ],
            [
              -6785308.32751569,
              5852969.73029226
            ],
            [
              -6785184.82924107,
              5852973.39748877
            ],
            [
              -6785061.27338776,
              5852977.02428582
            ],
            [
              -6784937.66085523,
              5852980.61166878
            ],
            [
              -6784813.99257092,
              5852984.16069501
            ],
            [
              -6784690.26949009,
              5852987.67249357
            ],
            [
              -6784566.49259531,
              5852991.14826455
            ],
            [
              -6784442.6628957,
              5852994.58927803
            ],
            [
              -6784318.78142586,
              5852997.9968726
            ],
            [
              -6784194.84924438,
              5853001.37245338
            ],
            [
              -6784070.86743212,
              5853004.71748958
            ],
            [
              -6783946.83708998,
              5853008.03351145
            ],
            [
              -6783822.75933632,
              5853011.32210678
            ],
            [
              -6783698.63530392,
              5853014.5849166
            ],
            [
              -6783574.46613659,
              5853017.82363044
            ],
            [
              -6783450.25298519,
              5853021.03998078
            ],
            [
              -6783325.99700331,
              5853024.23573689
            ],
            [
              -6783201.56648817,
              5853027.4288532
            ],
            [
              -6783077.09536389,
              5853030.60497159
            ],
            [
              -6782952.58476465,
              5853033.76593346
            ],
            [
              -6782828.03580496,
              5853036.91358507
            ],
            [
              -6782703.44957289,
              5853040.04976779
            ],
            [
              -6782578.82712291,
              5853043.17630755
            ],
            [
              -6782454.16946827,
              5853046.29500373
            ],
            [
              -6782329.47757308,
              5853049.40761738
            ],
            [
              -6782204.75234404,
              5853052.51585892
            ],
            [
              -6782079.99462194,
              5853055.62137539
            ],
            [
              -6781955.20517304,
              5853058.72573724
            ],
            [
              -6781830.38468023,
              5853061.83042494
            ],
            [
              -6781705.53373437,
              5853064.93681537
            ],
            [
              -6781580.65282567,
              5853068.04616826
            ],
            [
              -6781455.7423353,
              5853071.1596127
            ],
            [
              -6781330.80252747,
              5853074.27813411
            ],
            [
              -6781205.83354199,
              5853077.40256159
            ],
            [
              -6781080.83538761,
              5853080.53355614
            ],
            [
              -6780955.80793619,
              5853083.67159971
            ],
            [
              -6780830.75091796,
              5853086.81698562
            ],
            [
              -6780705.66391807,
              5853089.96981027
            ],
            [
              -6780580.54637459,
              5853093.12996666
            ],
            [
              -6780455.39757819,
              5853096.29713984
            ],
            [
              -6780330.2166736,
              5853099.47080457
            ],
            [
              -6780205.0026632,
              5853102.65022541
            ],
            [
              -6780079.75441276,
              5853105.83445957
            ],
            [
              -6779954.47065955,
              5853109.02236252
            ],
            [
              -6779829.15002286,
              5853112.21259671
            ],
            [
              -6779703.7910171,
              5853115.40364338
            ],
            [
              -6779578.39206745,
              5853118.59381763
            ],
            [
              -6779452.95152801,
              5853121.7812866
            ],
            [
              -6779327.46770245,
              5853124.96409083
            ],
            [
              -6779201.93886685,
              5853128.14016852
            ],
            [
              -6779076.36329466,
              5853131.30738249
            ],
            [
              -6778950.73928336,
              5853134.46354947
            ],
            [
              -6778825.06518243,
              5853137.60647128
            ],
            [
              -6778699.33942228,
              5853140.73396743
            ],
            [
              -6778573.56054339,
              5853143.84390843
            ],
            [
              -6778447.72722539,
              5853146.93424923
            ],
            [
              -6778321.83831515,
              5853150.00306206
            ],
            [
              -6778195.8928535,
              5853153.04856789
            ],
            [
              -6778069.89009975,
              5853156.06916585
            ],
            [
              -6777943.82955357,
              5853159.0634598
            ],
            [
              -6777817.71097364,
              5853162.03028159
            ],
            [
              -6777691.53439252,
              5853164.96871026
            ],
            [
              -6777565.30012756,
              5853167.87808684
            ],
            [
              -6777439.00878738,
              5853170.75802451
            ],
            [
              -6777312.66127403,
              5853173.60841378
            ],
            [
              -6777186.25878063,
              5853176.42942287
            ],
            [
              -6777059.80278482,
              5853179.22149331
            ],
            [
              -6776933.29503811,
              5853181.98533105
            ],
            [
              -6776806.73755162,
              5853184.72189348
            ],
            [
              -6776680.13257859,
              5853187.43237291
            ],
            [
              -6776553.48259421,
              5853190.11817696
            ],
            [
              -6776426.79027326,
              5853192.78090656
            ],
            [
              -6776300.05846629,
              5853195.42233221
            ],
            [
              -6776173.29017464,
              5853198.04436903
            ],
            [
              -6776046.48852513,
              5853200.64905128
            ],
            [
              -6775919.65674468,
              5853203.2385069
            ],
            [
              -6775792.79813547,
              5853205.81493251
            ],
            [
              -6775665.91605094,
              5853208.38056937
            ],
            [
              -6775539.01387292,
              5853210.93768062
            ],
            [
              -6775412.09499026,
              5853213.48853
            ],
            [
              -6775285.16277905,
              5853216.03536239
            ],
            [
              -6775158.22058457,
              5853218.58038628
            ],
            [
              -6775031.27170508,
              5853221.12575808
            ],
            [
              -6774904.31937741,
              5853223.67356856
            ],
            [
              -6774895.74180163,
              5853088.51566202
            ],
            [
              -6774887.03105596,
              5852953.28237797
            ],
            [
              -6774878.18415509,
              5852817.9713723
            ],
            [
              -6774869.19801447,
              5852682.58021415
            ],
            [
              -6774860.06944911,
              5852547.10638557
            ],
            [
              -6774850.79517321,
              5852411.54728217
            ],
            [
              -6774841.37180094,
              5852275.90021515
            ],
            [
              -6774831.79584864,
              5852140.16241493
            ],
            [
              -6774822.06373874,
              5852004.3310368
            ],
            [
              -6774812.17180597,
              5851868.40316918
            ],
            [
              -6774802.11630614,
              5851732.37584489
            ],
            [
              -6774791.89342822,
              5851596.24605618
            ],
            [
              -6774781.49931028,
              5851460.01077415
            ],
            [
              -6774770.93006,
              5851323.66697346
            ],
            [
              -6774760.18178058,
              5851187.21166313
            ],
            [
              -6774749.25060279,
              5851050.64192446
            ],
            [
              -6774738.13272412,
              5850913.95495688
            ],
            [
              -6774726.82445579,
              5850777.1481329
            ],
            [
              -6774715.32227845,
              5850640.21906276
            ],
            [
              -6774703.62290712,
              5850503.16566974
            ],
            [
              -6774691.72336586,
              5850365.98627628
            ],
            [
              -6774679.62107209,
              5850228.67970113
            ],
            [
              -6774667.31393034,
              5850091.24536693
            ],
            [
              -6774654.8004342,
              5849953.68341699
            ],
            [
              -6774642.07977498,
              5849815.99483934
            ],
            [
              -6774629.15195464,
              5849678.18159521
            ],
            [
              -6774616.01789967,
              5849540.24674819
            ],
            [
              -6774602.67957226,
              5849402.19458944
            ],
            [
              -6774589.14007415,
              5849264.03075396
            ],
            [
              -6774575.40373854,
              5849125.7623222
            ],
            [
              -6774561.4762053,
              5848987.39790158
            ],
            [
              -6774547.36447528,
              5848848.94768296
            ],
            [
              -6774533.07694014,
              5848710.42346777
            ],
            [
              -6774518.62338535,
              5848571.83866308
            ],
            [
              -6774504.01496539,
              5848433.20824322
            ],
            [
              -6774489.26415138,
              5848294.54867849
            ],
            [
              -6774474.38465316,
              5848155.87783264
            ],
            [
              -6774459.39131862,
              5848017.21483266
            ],
            [
              -6774444.30001405,
              5847878.57991518
            ],
            [
              -6774429.12748999,
              5847739.99425421
            ],
            [
              -6774413.89123679,
              5847601.47977549
            ],
            [
              -6774398.60933424,
              5847463.05896217
            ],
            [
              -6774383.30029901,
              5847324.75465629
            ],
            [
              -6774367.98293304,
              5847186.58985987
            ],
            [
              -6774352.67617551,
              5847048.58753852
            ],
            [
              -6774337.39896024,
              5846910.7704302
            ],
            [
              -6774322.17007989,
              5846773.16086076
            ],
            [
              -6774307.00805784,
              5846635.78056781
            ],
            [
              -6774291.93102838,
              5846498.65053377
            ],
            [
              -6774276.95662548,
              5846361.79082922
            ],
            [
              -6774262.10188046,
              5846225.22046719
            ],
            [
              -6774247.38312867,
              5846088.95726921
            ],
            [
              -6774232.8159254,
              5845953.01774401
            ],
            [
              -6774218.4149713,
              5845817.41697979
            ],
            [
              -6774204.1940475,
              5845682.16855092
            ],
            [
              -6774190.16596074,
              5845547.28444016
            ],
            [
              -6774176.34249888,
              5845412.7749772
            ],
            [
              -6774162.73439688,
              5845278.6487943
            ],
            [
              -6774149.35131356,
              5845144.91279979
            ],
            [
              -6774136.2018191,
              5845011.57216949
            ],
            [
              -6774123.29339322,
              5844878.6303564
            ],
            [
              -6774110.63243369,
              5844746.0891181
            ],
            [
              -6774098.22427487,
              5844613.94856136
            ],
            [
              -6774086.07321538,
              5844482.20720285
            ],
            [
              -6774074.18255437,
              5844350.86204457
            ],
            [
              -6774062.55463518,
              5844219.90866244
            ],
            [
              -6774051.19089543,
              5844089.34130601
            ],
            [
              -6774040.09192239,
              5843959.15300728
            ],
            [
              -6774029.25751233,
              5843829.3356965
            ],
            [
              -6774018.68673271,
              5843699.88032257
            ],
            [
              -6774008.37798613,
              5843570.77697604
            ],
            [
              -6773998.32907475,
              5843442.01501256
            ],
            [
              -6773988.53726441,
              5843313.58317479
            ],
            [
              -6773978.99934747,
              5843185.46971121
            ],
            [
              -6773969.71170364,
              5843057.66249016
            ],
            [
              -6773960.67035827,
              5842930.14910799
            ],
            [
              -6773951.87103759,
              5842802.9169902
            ],
            [
              -6773943.30922059,
              5842675.95348484
            ],
            [
              -6773934.98018731,
              5842549.24594778
            ],
            [
              -6773926.87906349,
              5842422.78181924
            ],
            [
              -6773919.00086147,
              5842296.5486918
            ],
            [
              -6773911.34051755,
              5842170.53436967
            ],
            [
              -6773903.89292573,
              5842044.72691965
            ],
            [
              -6773896.65296812,
              5841919.11471393
            ],
            [
              -6773889.61554219,
              5841793.68646521
            ],
            [
              -6773882.77558503,
              5841668.43125478
            ],
            [
              -6773876.12809484,
              5841543.33855377
            ],
            [
              -6773869.66814989,
              5841418.39823852
            ],
            [
              -6773863.39092519,
              5841293.60060043
            ],
            [
              -6773857.29170695,
              5841168.93635091
            ],
            [
              -6773851.36590521,
              5841044.39662211
            ],
            [
              -6773845.60906468,
              5840919.97296382
            ],
            [
              -6773840.01687405,
              5840795.65733726
            ],
            [
              -6773834.58517392,
              5840671.44210608
            ],
            [
              -6773829.30996341,
              5840547.32002509
            ],
            [
              -6773824.18740575,
              5840423.28422718
            ],
            [
              -6773819.21383291,
              5840299.32820866
            ],
            [
              -6773814.38574928,
              5840175.44581349
            ],
            [
              -6773809.69983475,
              5840051.63121655
            ],
            [
              -6773805.15294708,
              5839927.87890633
            ],
            [
              -6773800.74212377,
              5839804.18366707
            ],
            [
              -6773796.46458352,
              5839680.54056068
            ],
            [
              -6773792.31772729,
              5839556.94490849
            ],
            [
              -6773788.29913921,
              5839433.39227291
            ],
            [
              -6773784.40658718,
              5839309.8784392
            ],
            [
              -6773780.63802345,
              5839186.39939723
            ],
            [
              -6773776.99158516,
              5839062.95132342
            ],
            [
              -6773773.46559484,
              5838939.53056277
            ],
            [
              -6773770.05856111,
              5838816.13361105
            ],
            [
              -6773766.76917942,
              5838692.75709703
            ],
            [
              -6773763.5963331,
              5838569.39776483
            ],
            [
              -6773760.53909458,
              5838446.05245629
            ],
            [
              -6773757.59672705,
              5838322.71809327
            ],
            [
              -6773754.76868638,
              5838199.39165986
            ],
            [
              -6773752.05462352,
              5838076.07018445
            ],
            [
              -6773749.4543874,
              5837952.75072145
            ],
            [
              -6773746.9680283,
              5837829.43033273
            ],
            [
              -6773744.59580188,
              5837706.10606853
            ],
            [
              -6773742.33817379,
              5837582.77494788
            ],
            [
              -6773740.19582501,
              5837459.43393823
            ],
            [
              -6773738.16965789,
              5837336.07993432
            ],
            [
              -6773736.2608031,
              5837212.70973608
            ],
            [
              -6773734.47062736,
              5837089.32002546
            ],
            [
              -6773732.80074212,
              5836965.90734197
            ],
            [
              -6773731.25301332,
              5836842.46805683
            ],
            [
              -6773729.82957213,
              5836718.99834557
            ],
            [
              -6773728.53282689,
              5836595.49415888
            ],
            [
              -6773727.36547622,
              5836471.95119151
            ],
            [
              -6773726.33052352,
              5836348.36484906
            ],
            [
              -6773725.43129273,
              5836224.73021252
            ],
            [
              -6773724.67144559,
              5836101.04200021
            ],
            [
              -6773724.05500039,
              5835977.29452714
            ],
            [
              -6773723.58635234,
              5835853.48166141
            ],
            [
              -6773723.27029548,
              5835729.59677758
            ],
            [
              -6773723.11204636,
              5835605.63270681
            ],
            [
              -6773723.11726933,
              5835481.58168367
            ],
            [
              -6773723.2921035,
              5835357.43528942
            ],
            [
              -6773723.64319131,
              5835233.18439188
            ],
            [
              -6773724.17770865,
              5835108.81908173
            ],
            [
              -6773724.90339618,
              5834984.32860551
            ],
            [
              -6773725.82859171,
              5834859.70129552
            ],
            [
              -6773726.96226323,
              5834734.92449693
            ],
            [
              -6773728.31404188,
              5834609.98449296
            ],
            [
              -6773729.89425424,
              5834484.86642876
            ],
            [
              -6773731.71395284,
              5834359.55423539
            ],
            [
              -6773733.78494345,
              5834234.03055555
            ],
            [
              -6773736.11980764,
              5834108.27667311
            ],
            [
              -6773738.73191808,
              5833982.27244934
            ],
            [
              -6773741.63544411,
              5833855.99626939
            ],
            [
              -6773744.84534381,
              5833729.42500336
            ],
            [
              -6773748.37733861,
              5833602.53398751
            ],
            [
              -6773752.24786518,
              5833475.29703206
            ],
            [
              -6773756.47399866,
              5833347.68646331
            ],
            [
              -6773761.0733404,
              5833219.6732092
            ],
            [
              -6773766.06386252,
              5833091.22693801
            ],
            [
              -6773771.46370096,
              5832962.3162611
            ],
            [
              -6773777.29088886,
              5832832.90901069
            ],
            [
              -6773783.56302233,
              5832702.97260287
            ],
            [
              -6773790.29685263,
              5832572.47449423
            ],
            [
              -6773797.50780105,
              5832441.38273731
            ],
            [
              -6773805.20939775,
              5832309.66663424
            ],
            [
              -6773813.41265113,
              5832177.29748112
            ],
            [
              -6773822.12536185,
              5832044.24938628
            ],
            [
              -6773831.35140374,
              5831910.50013574
            ],
            [
              -6773841.09000149,
              5831776.03206906
            ],
            [
              -6773851.33504191,
              5831640.8329207
            ],
            [
              -6773862.07445858,
              5831504.89657782
            ],
            [
              -6773873.28972916,
              5831368.22370598
            ],
            [
              -6773884.95551864,
              5831230.82220194
            ],
            [
              -6773897.03949152,
              5831092.70744519
            ],
            [
              -6773909.50230152,
              5830953.9023378
            ],
            [
              -6773922.29775284,
              5830814.43714048
            ],
            [
              -6773935.37311282,
              5830674.34913065
            ],
            [
              -6773948.66954606,
              5830533.68212024
            ],
            [
              -6773962.12263532,
              5830392.48587815
            ],
            [
              -6773975.66295587,
              5830250.81550096
            ],
            [
              -6773989.21667649,
              5830108.73076883
            ],
            [
              -6774002.70617192,
              5829966.29551119
            ],
            [
              -6774016.05064575,
              5829823.57699134
            ],
            [
              -6774029.16677949,
              5829680.64530229
            ],
            [
              -6774041.96944043,
              5829537.57274859
            ],
            [
              -6774054.37249676,
              5829394.43317372
            ],
            [
              -6774066.28980091,
              5829251.30118041
            ],
            [
              -6774077.6364069,
              5829108.25118578
            ],
            [
              -6774088.33007954,
              5828965.35625928
            ],
            [
              -6774098.29312593,
              5828822.68671233
            ],
            [
              -6774107.45452739,
              5828680.3084508
            ],
            [
              -6774115.75227296,
              5828538.28116263
            ],
            [
              -6774123.13570565,
              5828396.65648546
            ],
            [
              -6774129.56761316,
              5828255.47636233
            ],
            [
              -6774135.02576192,
              5828114.77182146
            ],
            [
              -6774139.50361301,
              5827974.56238466
            ],
            [
              -6774143.01007694,
              5827834.85621722
            ],
            [
              -6774145.56832955,
              5827695.65100104
            ],
            [
              -6774147.21387125,
              5827556.9353879
            ],
            [
              -6774147.99211489,
              5827418.69080822
            ],
            [
              -6774147.95581126,
              5827280.89339286
            ],
            [
              -6774147.16257597,
              5827143.51580199
            ],
            [
              -6774145.67269762,
              5827006.52882166
            ],
            [
              -6774143.54731861,
              5826869.90265926
            ],
            [
              -6774140.8470076,
              5826733.60792661
            ],
            [
              -6774137.63069526,
              5826597.61633659
            ],
            [
              -6774133.95492102,
              5826461.90115842
            ],
            [
              -6774129.87333081,
              5826326.437482
            ],
            [
              -6774125.43636974,
              5826191.20233881
            ],
            [
              -6774120.69112066,
              5826056.1747202
            ],
            [
              -6774115.68124988,
              5825921.33552571
            ],
            [
              -6774110.4470295,
              5825786.66746666
            ],
            [
              -6774105.0254139,
              5825652.15494343
            ],
            [
              -6774099.45015353,
              5825517.78390999
            ],
            [
              -6774093.7519339,
              5825383.5417347
            ],
            [
              -6774087.95853091,
              5825249.41706373
            ],
            [
              -6774082.0949761,
              5825115.39969089
            ],
            [
              -6774076.18372708,
              5824981.48043635
            ],
            [
              -6774070.2448396,
              5824847.65103537
            ],
            [
              -6774064.29613862,
              5824713.90403736
            ],
            [
              -6774058.3533863,
              5824580.23271532
            ],
            [
              -6774178.87776725,
              5824577.43460476
            ],
            [
              -6774299.08877301,
              5824574.80663824
            ],
            [
              -6774418.97881472,
              5824572.35485317
            ],
            [
              -6774538.541769,
              5824570.08445558
            ],
            [
              -6774657.77322028,
              5824567.99967152
            ],
            [
              -6774776.67070763,
              5824566.10360055
            ],
            [
              -6774895.23397106,
              5824564.39807567
            ],
            [
              -6775013.46519228,
              5824562.88353478
            ],
            [
              -6775131.36922414,
              5824561.55890874
            ],
            [
              -6775248.95380363,
              5824560.4215314
            ],
            [
              -6775366.22974321,
              5824559.46707606
            ],
            [
              -6775483.21109618,
              5824558.68952299
            ],
            [
              -6775599.9152925,
              5824558.08116099
            ],
            [
              -6775716.36324263,
              5824557.63262547
            ],
            [
              -6775832.57940769,
              5824557.33297383
            ],
            [
              -6775948.59183523,
              5824557.16979771
            ],
            [
              -6776064.43216013,
              5824557.12937021
            ],
            [
              -6776180.13556998,
              5824557.19682468
            ],
            [
              -6776295.74073341,
              5824557.35636021
            ],
            [
              -6776411.28968791,
              5824557.59146758
            ],
            [
              -6776526.82768073,
              5824557.88516816
            ],
            [
              -6776642.40295293,
              5824558.2202566
            ],
            [
              -6776758.06645162,
              5824558.57953694
            ],
            [
              -6776873.8714508,
              5824558.9460403
            ],
            [
              -6776989.87305627,
              5824559.30321126
            ],
            [
              -6777106.12756766,
              5824559.63504941
            ],
            [
              -6777222.69167094,
              5824559.9261932
            ],
            [
              -6777339.62144153,
              5824560.16193555
            ],
            [
              -6777456.97115323,
              5824560.32816588
            ],
            [
              -6777574.7919126,
              5824560.41124123
            ],
            [
              -6777693.13017277,
              5824560.39780051
            ],
            [
              -6777812.02621957,
              5824560.27454867
            ],
            [
              -6777931.51275863,
              5824560.02804912
            ],
            [
              -6778051.61375215,
              5824559.64456967
            ],
            [
              -6778172.34364864,
              5824559.11002492
            ],
            [
              -6778292.27231875,
              5824560.27654761
            ],
            [
              -6778412.81594875,
              5824561.26846311
            ],
            [
              -6778533.9628816,
              5824562.07166262
            ],
            [
              -6778655.69400617,
              5824562.67259765
            ],
            [
              -6778777.9840702,
              5824563.05871312
            ],
            [
              -6778900.80312319,
              5824563.21887812
            ],
            [
              -6779024.11795654,
              5824563.14377117
            ],
            [
              -6779147.89343655,
              5824562.82618833
            ],
            [
              -6779272.09366254,
              5824562.26125555
            ],
            [
              -6779396.68291737,
              5824561.44653969
            ],
            [
              -6779521.62640553,
              5824560.38206288
            ],
            [
              -6779646.89079349,
              5824559.0702317
            ],
            [
              -6779772.44457769,
              5824557.51569666
            ],
            [
              -6779898.25830964,
              5824555.72515853
            ],
            [
              -6780024.30470812,
              5824553.70713792
            ],
            [
              -6780150.558685,
              5824551.47172259
            ],
            [
              -6780276.99730811,
              5824549.03030539
            ],
            [
              -6780403.59971995,
              5824546.39532282
            ],
            [
              -6780530.34702728,
              5824543.58000253
            ],
            [
              -6780657.22217322,
              5824540.59812561
            ],
            [
              -6780784.20980051,
              5824537.4638079
            ],
            [
              -6780911.29611219,
              5824534.19130279
            ],
            [
              -6781038.46873441,
              5824530.7948271
            ],
            [
              -6781165.71658405,
              5824527.28841003
            ],
            [
              -6781293.02974358,
              5824523.68576501
            ],
            [
              -6781420.39934393,
              5824520.00018317
            ],
            [
              -6781547.81745617,
              5824516.24444717
            ],
            [
              -6781675.27699208,
              5824512.43076361
            ],
            [
              -6781802.77161355,
              5824508.57071222
            ],
            [
              -6781930.29565029,
              5824504.6752098
            ],
            [
              -6782057.84402569,
              5824500.75448736
            ],
            [
              -6782185.41218998,
              5824496.81807829
            ],
            [
              -6782312.99606034,
              5824492.87481619
            ],
            [
              -6782440.59196743,
              5824488.93284057
            ],
            [
              -6782568.19660747,
              5824484.99960919
            ],
            [
              -6782695.80699977,
              5824481.08191559
            ],
            [
              -6782823.42044885,
              5824477.18591084
            ],
            [
              -6782951.03451081,
              5824473.31712847
            ],
            [
              -6783078.64696365,
              5824469.48051162
            ],
            [
              -6783206.25578083,
              5824465.68044197
            ],
            [
              -6783333.85910804,
              5824461.9207694
            ],
            [
              -6783461.45524263,
              5824458.20484235
            ],
            [
              -6783589.04261549,
              5824454.53553803
            ],
            [
              -6783716.61977513,
              5824450.9152924
            ],
            [
              -6783844.18537366,
              5824447.34612959
            ],
            [
              -6783971.73815454,
              5824443.82969043
            ],
            [
              -6784099.27694177,
              5824440.36726005
            ],
            [
              -6784226.80063056,
              5824436.95979443
            ],
            [
              -6784354.30817914,
              5824433.60794566
            ],
            [
              -6784481.79860163,
              5824430.31208607
            ],
            [
              -6784609.2709619,
              5824427.07233106
            ],
            [
              -6784736.72436826,
              5824423.88856063
            ],
            [
              -6784864.15796893,
              5824420.7604397
            ],
            [
              -6784991.57094808,
              5824417.68743714
            ],
            [
              -6785118.96252261,
              5824414.66884362
            ],
            [
              -6785246.33193928,
              5824411.70378825
            ],
            [
              -6785373.67847244,
              5824408.79125417
            ],
            [
              -6785501.0014221,
              5824405.93009297
            ],
            [
              -6785628.30011237,
              5824403.11903818
            ],
            [
              -6785755.57389021,
              5824400.3567177
            ],
            [
              -6785882.82212448,
              5824397.64166536
            ],
            [
              -6786010.04420521,
              5824394.97233164
            ],
            [
              -6786137.23954314,
              5824392.34709355
            ],
            [
              -6786264.40756934,
              5824389.7642637
            ],
            [
              -6786391.54773512,
              5824387.22209879
            ],
            [
              -6786518.65634112,
              5824384.6378426
            ],
            [
              -6786645.73606942,
              5824382.09059175
            ],
            [
              -6786772.78643324,
              5824379.57847652
            ],
            [
              -6786899.80696666,
              5824377.09959906
            ],
            [
              -6787026.79722507,
              5824374.65203886
            ],
            [
              -6787153.7567856,
              5824372.23385782
            ],
            [
              -6787280.68524765,
              5824369.84310494
            ],
            [
              -6787407.58223345,
              5824367.47782053
            ],
            [
              -6787534.44738868,
              5824365.13604015
            ],
            [
              -6787661.28038306,
              5824362.81579818
            ],
            [
              -6787788.080911,
              5824360.51513107
            ],
            [
              -6787914.84869228,
              5824358.23208033
            ],
            [
              -6788041.5834727,
              5824355.96469527
            ],
            [
              -6788168.28502471,
              5824353.71103552
            ],
            [
              -6788294.95314812,
              5824351.46917324
            ],
            [
              -6788421.58767072,
              5824349.23719524
            ],
            [
              -6788548.18844892,
              5824347.01320489
            ],
            [
              -6788674.75536838,
              5824344.7953238
            ],
            [
              -6788801.28834456,
              5824342.58169341
            ],
            [
              -6788927.78732337,
              5824340.37047641
            ],
            [
              -6789054.25228163,
              5824338.15985807
            ],
            [
              -6789180.68322765,
              5824335.94804739
            ],
            [
              -6789307.08020166,
              5824333.73327817
            ],
            [
              -6789433.44327628,
              5824331.51381
            ],
            [
              -6789559.77255693,
              5824329.28792913
            ],
            [
              -6789686.06818214,
              5824327.05394928
            ],
            [
              -6789812.33032394,
              5824324.81021236
            ],
            [
              -6789938.55918809,
              5824322.55508913
            ],
            [
              -6790064.75501431,
              5824320.2869798
            ],
            [
              -6790190.91807646,
              5824318.00431452
            ],
            [
              -6790317.04868269,
              5824315.70555395
            ],
            [
              -6790443.14717549,
              5824313.38918962
            ],
            [
              -6790569.21393172,
              5824311.05374438
            ],
            [
              -6790695.24936259,
              5824308.69777274
            ],
            [
              -6790821.25391358,
              5824306.31986118
            ],
            [
              -6790947.22806428,
              5824303.91862848
            ],
            [
              -6791073.17232819,
              5824301.49272599
            ],
            [
              -6791199.08725253,
              5824299.04083783
            ],
            [
              -6791324.97341785,
              5824296.56168117
            ],
            [
              -6791450.83143771,
              5824294.05400642
            ],
            [
              -6791576.66195827,
              5824291.5165974
            ],
            [
              -6791702.46565777,
              5824288.94827158
            ],
            [
              -6791828.24324604,
              5824286.34788019
            ],
            [
              -6791953.99546389,
              5824283.71430844
            ],
            [
              -6792079.72308244,
              5824281.04647564
            ],
            [
              -6792205.42690249,
              5824278.34333539
            ],
            [
              -6792331.1077537,
              5824275.60387569
            ],
            [
              -6792456.76649382,
              5824272.82711914
            ],
            [
              -6792582.40400784,
              5824270.01212312
            ],
            [
              -6792708.02120708,
              5824267.15797988
            ],
            [
              -6792833.61902823,
              5824264.26381675
            ],
            [
              -6792959.19843237,
              5824261.32879636
            ],
            [
              -6793084.76040395,
              5824258.35211674
            ],
            [
              -6793210.30594968,
              5824255.33301158
            ],
            [
              -6793335.83609741,
              5824252.27075044
            ],
            [
              -6793461.35189501,
              5824249.16463893
            ],
            [
              -6793586.85440916,
              5824246.01401899
            ],
            [
              -6793712.34472414,
              5824242.8182691
            ],
            [
              -6793837.82394057,
              5824239.5768046
            ],
            [
              -6793963.29317416,
              5824236.28907794
            ],
            [
              -6794088.7535544,
              5824232.95457899
            ],
            [
              -6794214.20622327,
              5824229.57283537
            ],
            [
              -6794339.65233388,
              5824226.1434128
            ],
            [
              -6794465.09304915,
              5824222.66591546
            ],
            [
              -6794590.52954044,
              5824219.13998636
            ],
            [
              -6794717.92088863,
              5824215.42557354
            ],
            [
              -6794845.31038695,
              5824211.6605734
            ],
            [
              -6794972.69928035,
              5824207.84473971
            ],
            [
              -6795100.08881688,
              5824203.97786951
            ],
            [
              -6795227.48024625,
              5824200.05980362
            ],
            [
              -6795354.87481839,
              5824196.09042722
            ],
            [
              -6795482.27378201,
              5824192.0696704
            ],
            [
              -6795609.67838323,
              5824187.99750883
            ],
            [
              -6795737.08986416,
              5824183.87396434
            ],
            [
              -6795864.50946159,
              5824179.69910563
            ],
            [
              -6795991.93840567,
              5824175.47304892
            ],
            [
              -6796119.37791859,
              5824171.19595864
            ],
            [
              -6796246.82921338,
              5824166.86804821
            ],
            [
              -6796374.29349271,
              5824162.48958076
            ],
            [
              -6796501.77194772,
              5824158.06086991
            ],
            [
              -6796629.2657569,
              5824153.58228054
            ],
            [
              -6796756.7760851,
              5824149.05422964
            ],
            [
              -6796884.30408247,
              5824144.47718712
            ],
            [
              -6797011.85088357,
              5824139.85167668
            ],
            [
              -6797139.41760647,
              5824135.17827664
            ],
            [
              -6797267.00535196,
              5824130.45762088
            ],
            [
              -6797394.61520282,
              5824125.69039972
            ],
            [
              -6797522.24822309,
              5824120.87736087
            ],
            [
              -6797649.90545757,
              5824116.01931031
            ],
            [
              -6797777.5879312,
              5824111.11711335
            ],
            [
              -6797905.29664868,
              5824106.17169552
            ],
            [
              -6798033.03259409,
              5824101.18404363
            ],
            [
              -6798160.79673059,
              5824096.15520676
            ],
            [
              -6798288.59000024,
              5824091.08629734
            ],
            [
              -6798416.41332388,
              5824085.97849216
            ],
            [
              -6798544.26760111,
              5824080.83303353
            ],
            [
              -6798672.15371035,
              5824075.65123033
            ],
            [
              -6798800.072509,
              5824070.43445925
            ],
            [
              -6798928.02483369,
              5824065.18416588
            ],
            [
              -6799056.01150063,
              5824059.90186602
            ],
            [
              -6799184.03330604,
              5824054.5891469
            ],
            [
              -6799312.09102671,
              5824049.2476685
            ],
            [
              -6799440.18542064,
              5824043.87916493
            ],
            [
              -6799568.31722775,
              5824038.48544587
            ],
            [
              -6799696.48717079,
              5824033.06839802
            ],
            [
              -6799824.69595625,
              5824027.6299867
            ],
            [
              -6799952.94427543,
              5824022.17225749
            ],
            [
              -6800081.23280562,
              5824016.69733794
            ],
            [
              -6800209.56221139,
              5824011.20743942
            ],
            [
              -6800337.93314597,
              5824005.70485905
            ],
            [
              -6800466.34625277,
              5824000.19198171
            ],
            [
              -6800594.802167,
              5823994.67128222
            ],
            [
              -6800723.30151743,
              5823989.14532764
            ],
            [
              -6800851.84492825,
              5823983.61677965
            ],
            [
              -6800980.43302105,
              5823978.08839713
            ],
            [
              -6801109.06641691,
              5823972.56303882
            ],
            [
              -6801237.74573866,
              5823967.04366614
            ],
            [
              -6801366.47161314,
              5823961.53334613
            ],
            [
              -6801495.24467375,
              5823956.03525446
            ],
            [
              -6801624.06556292,
              5823950.5526786
            ],
            [
              -6801752.93493479,
              5823945.0890209
            ],
            [
              -6801881.85345796,
              5823939.64780181
            ],
            [
              -6802010.82181824,
              5823934.23266285
            ],
            [
              -6802139.84072154,
              5823928.84736951
            ],
            [
              -6802268.91089669,
              5823923.49581375
            ],
            [
              -6802398.03309825,
              5823918.18201604
            ],
            [
              -6802527.20810926,
              5823912.91012661
            ],
            [
              -6802656.4367438,
              5823907.68442568
            ],
            [
              -6802785.71984932,
              5823902.5093224
            ],
            [
              -6802913.07108178,
              5823897.71106755
            ],
            [
              -6803040.47683708,
              5823892.97049477
            ],
            [
              -6803167.93803058,
              5823888.29215442
            ],
            [
              -6803295.45561325,
              5823883.6806926
            ],
            [
              -6803423.03057083,
              5823879.14083586
            ],
            [
              -6803550.66392188,
              5823874.67737057
            ],
            [
              -6803678.35671427,
              5823870.29511623
            ],
            [
              -6803806.11002021,
              5823865.99889131
            ],
            [
              -6803933.92492923,
              5823861.79347093
            ],
            [
              -6804061.80253907,
              5823857.68353529
            ],
            [
              -6804189.74394435,
              5823853.67360829
            ],
            [
              -6804317.75022283,
              5823849.76798602
            ],
            [
              -6804445.82241954,
              5823845.97065584
            ],
            [
              -6804573.96152889,
              5823842.28520691
            ],
            [
              -6804702.16847546,
              5823838.71473473
            ],
            [
              -6804830.4440942,
              5823835.26174285
            ],
            [
              -6804958.78911093,
              5823831.92804595
            ],
            [
              -6805087.20412461,
              5823828.7146795
            ],
            [
              -6805215.68959238,
              5823825.62182124
            ],
            [
              -6805344.24581872,
              5823822.64872973
            ],
            [
              -6805472.87294966,
              5823819.79370423
            ],
            [
              -6805601.57097266,
              5823817.05406878
            ],
            [
              -6805730.33972232,
              5823814.42618157
            ],
            [
              -6805859.17889145,
              5823811.90546868
            ],
            [
              -6805988.08804681,
              5823809.48647937
            ],
            [
              -6806117.06664814,
              5823807.16295914
            ],
            [
              -6806246.11406914,
              5823804.92793551
            ],
            [
              -6806375.22961887,
              5823802.77381189
            ],
            [
              -6806504.41256199,
              5823800.69246508
            ],
            [
              -6806633.66213662,
              5823798.67534292
            ],
            [
              -6806762.97756865,
              5823796.7135597
            ],
            [
              -6806892.35808147,
              5823794.79798809
            ],
            [
              -6807021.80290063,
              5823792.91934729
            ],
            [
              -6807151.31125267,
              5823791.06828786
            ],
            [
              -6807280.88235794,
              5823789.23547448
            ],
            [
              -6807410.51541725,
              5823787.41166762
            ],
            [
              -6807540.20959239,
              5823785.58780558
            ],
            [
              -6807669.96398096,
              5823783.75508755
            ],
            [
              -6807799.77758613,
              5823781.90505784
            ],
            [
              -6807929.6492824,
              5823780.02969079
            ],
            [
              -6808059.57777894,
              5823778.12147451
            ],
            [
              -6808189.56158234,
              5823776.17349096
            ],
            [
              -6808319.59896094,
              5823774.17948906
            ],
            [
              -6808449.68791322,
              5823772.13394671
            ],
            [
              -6808579.82614241,
              5823770.03211819
            ],
            [
              -6808710.01103942,
              5823767.87006334
            ],
            [
              -6808840.2396753,
              5823765.64465633
            ],
            [
              -6808970.50880395,
              5823763.35357335
            ],
            [
              -6809100.81487474,
              5823760.99525983
            ],
            [
              -6809231.15405407,
              5823758.56887971
            ],
            [
              -6809361.52225398,
              5823756.0742503
            ],
            [
              -6809491.91516593,
              5823753.5117671
            ],
            [
              -6809622.32829736,
              5823750.88232299
            ],
            [
              -6809752.75700908,
              5823748.18722624
            ],
            [
              -6809883.19655158,
              5823745.42812076
            ],
            [
              -6810013.64209897,
              5823742.60691156
            ],
            [
              -6810144.08877963,
              5823739.72569719
            ],
            [
              -6810274.53170289,
              5823736.78671031
            ],
            [
              -6810404.96598181,
              5823733.79226667
            ],
            [
              -6810535.38675193,
              5823730.74472248
            ],
            [
              -6810665.78918632,
              5823727.6464395
            ],
            [
              -6810796.16850739,
              5823724.49975712
            ],
            [
              -6810926.51999579,
              5823721.30697072
            ],
            [
              -6811056.83899686,
              5823718.07031512
            ],
            [
              -6811187.12092513,
              5823714.79195261
            ],
            [
              -6811316.7670095,
              5823712.126378
            ],
            [
              -6811446.36800382,
              5823709.42333794
            ],
            [
              -6811575.91959064,
              5823706.68471638
            ],
            [
              -6811705.41752422,
              5823703.91230925
            ],
            [
              -6811834.85763009,
              5823701.10782445
            ],
            [
              -6811964.23580415,
              5823698.27288273
            ],
            [
              -6812093.5480117,
              5823695.40901959
            ],
            [
              -6812222.79028621,
              5823692.51768766
            ],
            [
              -6812351.95872824,
              5823689.60025956
            ],
            [
              -6812481.04950434,
              5823686.65803104
            ],
            [
              -6812610.05884606,
              5823683.69222431
            ],
            [
              -6812738.98304923,
              5823680.70399151
            ],
            [
              -6812867.81847337,
              5823677.6944181
            ],
            [
              -6812996.56154134,
              5823674.66452641
            ],
            [
              -6813125.20873925,
              5823671.61527902
            ],
            [
              -6813253.7566167,
              5823668.54758216
            ],
            [
              -6813382.20178721,
              5823665.46228892
            ],
            [
              -6813510.540929,
              5823662.36020253
            ],
            [
              -6813638.77078607,
              5823659.24207937
            ],
            [
              -6813766.88816955,
              5823656.10863197
            ],
            [
              -6813894.88995935,
              5823652.96053192
            ],
            [
              -6814022.77310612,
              5823649.7984126
            ],
            [
              -6814150.53463351,
              5823646.6228719
            ],
            [
              -6814278.17164069,
              5823643.43447474
            ],
            [
              -6814405.68130513,
              5823640.23375559
            ],
            [
              -6814533.06088568,
              5823637.02122085
            ],
            [
              -6814660.30772587,
              5823633.79735112
            ],
            [
              -6814787.41925744,
              5823630.56260345
            ],
            [
              -6814914.39300411,
              5823627.31741343
            ],
            [
              -6815041.22658547,
              5823624.06219728
            ],
            [
              -6815167.91772112,
              5823620.79735379
            ],
            [
              -6815294.46423486,
              5823617.52326621
            ],
            [
              -6815420.86405905,
              5823614.24030411
            ],
            [
              -6815547.11523897,
              5823610.94882508
            ],
            [
              -6815673.21593734,
              5823607.64917642
            ],
            [
              -6815799.16443866,
              5823604.34169675
            ],
            [
              -6815927.23004202,
              5823600.21202851
            ],
            [
              -6816055.13474856,
              5823596.07498201
            ],
            [
              -6816182.87720781,
              5823591.93089412
            ],
            [
              -6816310.45621932,
              5823587.78009879
            ],
            [
              -6816437.87073667,
              5823583.62292832
            ],
            [
              -6816565.11987117,
              5823579.45971463
            ],
            [
              -6816692.20289528,
              5823575.2907903
            ],
            [
              -6816819.11924557,
              5823571.11648962
            ],
            [
              -6816945.86852524,
              5823566.93714954
            ],
            [
              -6817072.4505062,
              5823562.75311042
            ],
            [
              -6817198.86513057,
              5823558.56471684
            ],
            [
              -6817325.11251175,
              5823554.37231811
            ],
            [
              -6817451.19293475,
              5823550.17626889
            ],
            [
              -6817577.10685606,
              5823545.97692953
            ],
            [
              -6817702.85490286,
              5823541.7746664
            ],
            [
              -6817828.43787159,
              5823537.56985213
            ],
            [
              -6817953.85672596,
              5823533.36286571
            ],
            [
              -6818079.11259426,
              5823529.15409247
            ],
            [
              -6818204.20676617,
              5823524.94392407
            ],
            [
              -6818329.14068887,
              5823520.7327583
            ],
            [
              -6818453.9159627,
              5823516.52099883
            ],
            [
              -6818578.53433618,
              5823512.30905493
            ],
            [
              -6818702.99770062,
              5823508.09734099
            ],
            [
              -6818827.30808423,
              5823503.88627616
            ],
            [
              -6818951.4676458,
              5823499.67628371
            ],
            [
              -6819075.47866803,
              5823495.46779055
            ],
            [
              -6819199.34355055,
              5823491.26122653
            ],
            [
              -6819323.06480261,
              5823487.05702378
            ],
            [
              -6819446.64503562,
              5823482.85561604
            ],
            [
              -6819570.08695546,
              5823478.65743787
            ],
            [
              -6819693.39335471,
              5823474.46292393
            ],
            [
              -6819816.56710475,
              5823470.27250821
            ],
            [
              -6819939.61114791,
              5823466.08662323
            ],
            [
              -6820062.52848958,
              5823461.90569927
            ],
            [
              -6820185.3221904,
              5823457.73016359
            ],
            [
              -6820307.99535855,
              5823453.56043966
            ],
            [
              -6820430.55114219,
              5823449.39694641
            ],
            [
              -6820552.99272206,
              5823445.24009749
            ],
            [
              -6820627.97878759,
              5823521.46314428
            ],
            [
              -6820702.84766877,
              5823597.6807563
            ],
            [
              -6820772.2668889,
              5823647.80311367
            ],
            [
              -6820841.60628547,
              5823697.92436843
            ],
            [
              -6820860.39498814,
              5823802.36017287
            ],
            [
              -6820879.1239947,
              5823906.78396592
            ],
            [
              -6820888.84658413,
              5824011.51003574
            ],
            [
              -6820898.51811369,
              5824116.22414157
            ],
            [
              -6820908.13705708,
              5824220.92631108
            ],
            [
              -6820902.85284672,
              5824308.63562164
            ],
            [
              -6820897.54355296,
              5824396.33670064
            ],
            [
              -6820892.20845837,
              5824484.02953949
            ],
            [
              -6820883.60415871,
              5824571.82845808
            ],
            [
              -6820874.97559997,
              5824659.61914967
            ],
            [
              -6820866.32206526,
              5824747.40160405
            ],
            [
              -6820872.2140329,
              5824834.66120632
            ],
            [
              -6820878.06422642,
              5824921.91261137
            ],
            [
              -6820883.87161765,
              5825009.15584673
            ],
            [
              -6820896.09947424,
              5825096.16242576
            ],
            [
              -6820908.2744487,
              5825183.16104977
            ],
            [
              -6820920.39535402,
              5825270.15177033
            ],
            [
              -6820969.69796354,
              5825373.29855209
            ],
            [
              -6820946.35703886,
              5825479.00020148
            ],
            [
              -6820922.98221784,
              5825584.69016195
            ],
            [
              -6820863.16075057,
              5825665.44771851
            ],
            [
              -6820803.34160094,
              5825746.2003665
            ],
            [
              -6820743.74538604,
              5825858.38759582
            ],
            [
              -6820684.14004584,
              5825970.56298238
            ],
            [
              -6820599.48042391,
              5825952.61383601
            ],
            [
              -6820514.73821661,
              5825934.66962056
            ],
            [
              -6820442.37108828,
              5825958.21280912
            ],
            [
              -6820369.98035136,
              5825981.75851302
            ],
            [
              -6820314.1133145,
              5826050.13239831
            ],
            [
              -6820258.24614661,
              5826118.50252622
            ],
            [
              -6820202.37845405,
              5826186.86881156
            ],
            [
              -6820142.70079444,
              5826280.68894585
            ],
            [
              -6820083.01826847,
              5826374.50048476
            ],
            [
              -6820059.63927123,
              5826471.36660575
            ],
            [
              -6820036.22724485,
              5826568.22235713
            ],
            [
              -6820012.78084317,
              5826665.0677451
            ],
            [
              -6819953.14388791,
              5826771.92648764
            ],
            [
              -6819893.49133925,
              5826878.77315713
            ],
            [
              -6819797.07432919,
              5826908.41054051
            ],
            [
              -6819700.59559663,
              5826938.04989069
            ],
            [
              -6819640.95352411,
              5827044.87886008
            ],
            [
              -6819581.29121739,
              5827151.69493358
            ],
            [
              -6819533.32501515,
              5827205.74947817
            ],
            [
              -6819485.35250369,
              5827259.80068605
            ],
            [
              -6819453.72899172,
              5827348.14153559
            ],
            [
              -6819422.07802266,
              5827436.47338407
            ],
            [
              -6819390.39830445,
              5827524.79621931
            ],
            [
              -6819334.54593915,
              5827613.97741189
            ],
            [
              -6819278.6726292,
              5827703.14878934
            ],
            [
              -6819222.77663844,
              5827792.31016879
            ],
            [
              -6819199.11298344,
              5827897.73176363
            ],
            [
              -6819175.38087964,
              5828003.14090792
            ],
            [
              -6819151.57692754,
              5828108.53764536
            ],
            [
              -6819151.77313744,
              5828213.05799634
            ],
            [
              -6819151.84815574,
              5828317.56730438
            ],
            [
              -6819175.81348706,
              5828421.20270591
            ],
            [
              -6819199.58733329,
              5828524.82828175
            ],
            [
              -6819271.03669845,
              5828626.72018422
            ],
            [
              -6819342.11675146,
              5828728.6046844
            ],
            [
              -6819400.90790124,
              5828830.91272757
            ],
            [
              -6819459.37107319,
              5828933.21385804
            ],
            [
              -6819453.23412536,
              5829046.53052009
            ],
            [
              -6819446.91082483,
              5829159.83459438
            ],
            [
              -6819440.39386284,
              5829273.12615497
            ],
            [
              -6819387.34344114,
              5829327.21665282
            ],
            [
              -6819334.27199699,
              5829381.30320538
            ],
            [
              -6819263.72051925,
              5829344.72479793
            ],
            [
              -6819193.02268407,
              5829308.14683324
            ],
            [
              -6819121.28787836,
              5829336.81883862
            ],
            [
              -6819049.51167641,
              5829365.4881202
            ],
            [
              -6818992.96555257,
              5829437.07730471
            ],
            [
              -6818936.37132456,
              5829508.65799712
            ],
            [
              -6818879.72514595,
              5829580.22978945
            ],
            [
              -6818791.25324102,
              5829652.92808825
            ],
            [
              -6818702.69250241,
              5829725.61177325
            ],
            [
              -6818614.03230434,
              5829798.27928446
            ],
            [
              -6818533.52870677,
              5829853.26098652
            ],
            [
              -6818452.93180158,
              5829908.22875243
            ],
            [
              -6818372.23184814,
              5829963.1811512
            ],
            [
              -6818304.91357427,
              5830043.70131539
            ],
            [
              -6818237.45350262,
              5830124.20049104
            ],
            [
              -6818169.83361931,
              5830204.67661947
            ],
            [
              -6818102.03163562,
              5830285.12717333
            ],
            [
              -6818039.3533077,
              5830391.39687796
            ],
            [
              -6817976.29897467,
              5830497.62305311
            ],
            [
              -6817904.39029123,
              5830487.02567889
            ],
            [
              -6817832.27944522,
              5830476.41327818
            ],
            [
              -6817781.94109828,
              5830543.09946428
            ],
            [
              -6817731.35591503,
              5830609.75543907
            ],
            [
              -6817655.76058263,
              5830690.17237226
            ],
            [
              -6817579.8560728,
              5830770.54657976
            ],
            [
              -6817559.74815766,
              5830875.13112608
            ],
            [
              -6817539.42344502,
              5830979.70680508
            ],
            [
              -6817518.90715241,
              5831084.27732608
            ],
            [
              -6817441.3123705,
              5831190.58985797
            ],
            [
              -6817363.53724994,
              5831296.8750946
            ],
            [
              -6817310.06403141,
              5831402.40665889
            ],
            [
              -6817256.49052628,
              5831507.93100935
            ],
            [
              -6817156.26008479,
              5831562.84527059
            ],
            [
              -6817055.86999349,
              5831617.72247978
            ],
            [
              -6817002.92874084,
              5831705.85411411
            ],
            [
              -6816949.95276659,
              5831793.98033658
            ],
            [
              -6816896.94980344,
              5831882.10196652
            ],
            [
              -6816832.0443309,
              5831961.88520438
            ],
            [
              -6816767.12139527,
              5832041.65660583
            ],
            [
              -6816702.18687248,
              5832121.41628534
            ],
            [
              -6816637.24616171,
              5832201.16427676
            ],
            [
              -6816584.20933317,
              5832289.25326104
            ],
            [
              -6816531.18098591,
              5832377.34027092
            ],
            [
              -6816478.16584396,
              5832465.42562283
            ],
            [
              -6816388.67803146,
              5832545.7684023
            ],
            [
              -6816299.18222838,
              5832626.07951927
            ],
            [
              -6816209.68290761,
              5832706.35776911
            ],
            [
              -6816120.18393687,
              5832786.60185391
            ],
            [
              -6816035.62009759,
              5832866.69411837
            ],
            [
              -6815951.06848546,
              5832946.75408364
            ],
            [
              -6815945.84398749,
              5833076.37553306
            ],
            [
              -6815940.57490085,
              5833206.05767998
            ],
            [
              -6815935.27259875,
              5833335.80417626
            ],
            [
              -6815929.948008,
              5833465.61860568
            ],
            [
              -6815924.61161827,
              5833595.50447826
            ],
            [
              -6815919.27348916,
              5833725.46522361
            ],
            [
              -6815913.94325484,
              5833855.5041834
            ],
            [
              -6815908.63012582,
              5833985.62460278
            ],
            [
              -6815903.3428878,
              5834115.82962077
            ],
            [
              -6815898.0898975,
              5834246.12225957
            ],
            [
              -6815892.8790754,
              5834376.50541279
            ],
            [
              -6815887.71789556,
              5834506.98183269
            ],
            [
              -6815882.61337251,
              5834637.55411626
            ],
            [
              -6815877.57204548,
              5834768.22469044
            ],
            [
              -6815872.59996003,
              5834898.99579634
            ],
            [
              -6815867.70264746,
              5835029.86947272
            ],
            [
              -6815862.88510223,
              5835160.84753874
            ],
            [
              -6815858.15175777,
              5835291.93157618
            ],
            [
              -6815853.50646106,
              5835423.12291132
            ],
            [
              -6815848.95244654,
              5835554.42259669
            ],
            [
              -6815844.49230976,
              5835685.8313929
            ],
            [
              -6815840.12798142,
              5835817.34975098
            ],
            [
              -6815835.86070247,
              5835948.97779526
            ],
            [
              -6815831.69100094,
              5836080.7153075
            ],
            [
              -6815827.61867113,
              5836212.56171239
            ],
            [
              -6815823.64275615,
              5836344.51606483
            ],
            [
              -6815819.76153438,
              5836476.57703959
            ],
            [
              -6815815.97251077,
              5836608.74292363
            ],
            [
              -6815812.27241374,
              5836741.01161153
            ],
            [
              -6815808.65719844,
              5836873.38060453
            ],
            [
              -6815805.12205704,
              5837005.84701351
            ],
            [
              -6815801.66143682,
              5837138.40756648
            ],
            [
              -6815798.26906645,
              5837271.05862065
            ],
            [
              -6815794.93799112,
              5837403.79617966
            ],
            [
              -6815791.66061655,
              5837536.615916
            ],
            [
              -6815788.42876235,
              5837669.51319884
            ],
            [
              -6815785.23372436,
              5837802.4831273
            ],
            [
              -6815782.06634596,
              5837935.52056895
            ],
            [
              -6815778.9170976,
              5838068.6202033
            ],
            [
              -6815775.77616393,
              5838201.77656994
            ],
            [
              -6815772.63353737,
              5838334.98412045
            ],
            [
              -6815769.4791167,
              5838468.23727345
            ],
            [
              -6815766.30280912,
              5838601.53047157
            ],
            [
              -6815763.09463365,
              5838734.85823925
            ],
            [
              -6815759.84482397,
              5838868.21523982
            ],
            [
              -6815756.54392818,
              5839001.59633046
            ],
            [
              -6815753.18290325,
              5839134.9966135
            ],
            [
              -6815749.7532018,
              5839268.41148245
            ],
            [
              -6815746.24684919,
              5839401.83666143
            ],
            [
              -6815742.65650894,
              5839535.2682368
            ],
            [
              -6815738.97553517,
              5839668.70268002
            ],
            [
              -6815735.19801114,
              5839802.13686122
            ],
            [
              -6815731.31877347,
              5839935.5680533
            ],
            [
              -6815727.33342215,
              5840068.99392664
            ],
            [
              -6815723.23831731,
              5840202.41253516
            ],
            [
              -6815719.03056361,
              5840335.82229451
            ],
            [
              -6815714.70798401,
              5840469.22195362
            ],
            [
              -6815710.26908477,
              5840602.61056087
            ],
            [
              -6815705.71301339,
              5840735.98742634
            ],
            [
              -6815701.03951172,
              5840869.35208167
            ],
            [
              -6815696.24886594,
              5841002.70423866
            ],
            [
              -6815691.34185512,
              5841136.04374809
            ],
            [
              -6815686.31969998,
              5841269.37055966
            ],
            [
              -6815681.18401291,
              5841402.68468401
            ],
            [
              -6815675.93675025,
              5841535.98615749
            ],
            [
              -6815670.58016756,
              5841669.27501018
            ],
            [
              -6815665.11677837,
              5841802.55123744
            ],
            [
              -6815659.54931649,
              5841935.81477525
            ],
            [
              -6815653.88070221,
              5842069.06547933
            ],
            [
              -6815648.1140121,
              5842202.3031079
            ],
            [
              -6815642.25245241,
              5842335.52730812
            ],
            [
              -6815636.29933572,
              5842468.73760589
            ],
            [
              -6815630.25806072,
              5842601.93339883
            ],
            [
              -6815624.13209459,
              5842735.11395213
            ],
            [
              -6815617.92495789,
              5842868.27839709
            ],
            [
              -6815611.64021148,
              5843001.42573205
            ],
            [
              -6815605.28144538,
              5843134.55482541
            ],
            [
              -6815598.85226903,
              5843267.66442057
            ],
            [
              -6815592.35630298,
              5843400.75314249
            ],
            [
              -6815585.79717157,
              5843533.81950569
            ],
            [
              -6815579.1784966,
              5843666.86192345
            ],
            [
              -6815572.50389161,
              5843799.87871803
            ],
            [
              -6815565.77695687,
              5843932.86813171
            ],
            [
              -6815559.00127474,
              5844065.82833861
            ],
            [
              -6815552.18040547,
              5844198.75745684
            ],
            [
              -6815545.31788328,
              5844331.65356123
            ],
            [
              -6815538.41721265,
              5844464.51469616
            ],
            [
              -6815531.48186485,
              5844597.33888856
            ],
            [
              -6815524.51527457,
              5844730.12416091
            ],
            [
              -6815517.52083676,
              5844862.86854412
            ],
            [
              -6815510.50190351,
              5844995.5700902
            ],
            [
              -6815503.4617811,
              5845128.22688466
            ],
            [
              -6815496.4037272,
              5845260.83705845
            ],
            [
              -6815489.33094807,
              5845393.39879952
            ],
            [
              -6815482.24659605,
              5845525.91036376
            ],
            [
              -6815475.15376703,
              5845658.37008534
            ],
            [
              -6815468.05549821,
              5845790.77638649
            ],
            [
              -6815460.95476592,
              5845923.12778639
            ],
            [
              -6815453.85448368,
              5846055.42290941
            ],
            [
              -6815446.75750042,
              5846187.66049255
            ],
            [
              -6815439.66659887,
              5846319.83939202
            ],
            [
              -6815432.58449425,
              5846451.95858894
            ],
            [
              -6815425.51383305,
              5846584.01719426
            ],
            [
              -6815418.45719211,
              5846716.01445274
            ],
            [
              -6815411.41707793,
              5846847.94974608
            ],
            [
              -6815404.39592613,
              5846979.82259518
            ],
            [
              -6815397.39610121,
              5847111.63266156
            ],
            [
              -6815390.41989645,
              5847243.37974797
            ],
            [
              -6815383.46953413,
              5847375.06379813
            ],
            [
              -6815376.5471658,
              5847506.68489576
            ],
            [
              -6815369.65487291,
              5847638.24326286
            ],
            [
              -6815362.79466749,
              5847769.73925725
            ],
            [
              -6815355.96849305,
              5847901.17336956
            ],
            [
              -6815349.17822565,
              5848032.54621949
            ],
            [
              -6815342.42567507,
              5848163.8585516
            ],
            [
              -6815335.71258614,
              5848295.11123059
            ],
            [
              -6815329.04064011,
              5848426.30523611
            ],
            [
              -6815322.41145617,
              5848557.44165717
            ],
            [
              -6815315.82659303,
              5848688.52168626
            ],
            [
              -6815309.28755049,
              5848819.54661313
            ],
            [
              -6815302.79577114,
              5848950.51781837
            ],
            [
              -6815296.35264197,
              5849081.43676677
            ],
            [
              -6815289.95949609,
              5849212.30500066
            ],
            [
              -6815283.61761432,
              5849343.124133
            ],
            [
              -6815277.32822686,
              5849473.89584057
            ],
            [
              -6815271.09251486,
              5849604.62185715
            ],
            [
              -6815264.91161195,
              5849735.30396669
            ],
            [
              -6815258.78660569,
              5849865.94399657
            ],
            [
              -6815252.71853899,
              5849996.54381111
            ],
            [
              -6815246.70841144,
              5850127.10530504
            ],
            [
              -6815240.7571805,
              5850257.63039726
            ],
            [
              -6815234.86576272,
              5850388.12102482
            ],
            [
              -6815229.03503472,
              5850518.5791371
            ],
            [
              -6815223.26583424,
              5850649.00669014
            ],
            [
              -6815217.55896094,
              5850779.40564144
            ],
            [
              -6815211.91517724,
              5850909.7779448
            ],
            [
              -6815206.33520899,
              5851040.12554562
            ],
            [
              -6815200.81974609,
              5851170.45037635
            ],
            [
              -6815195.36944301,
              5851300.75435236
            ],
            [
              -6815189.98491928,
              5851431.03936801
            ],
            [
              -6815184.66675981,
              5851561.30729305
            ],
            [
              -6815179.41551526,
              5851691.55996928
            ],
            [
              -6815174.23170231,
              5851821.79920757
            ],
            [
              -6815169.11580383,
              5851952.02678509
            ],
            [
              -6815164.06826907,
              5852082.24444284
            ],
            [
              -6815159.08951382,
              5852212.45388344
            ]
          ]
        ]
      }
    },
    {
      "type": "Feature",
      "properties": {},
      "geometry": {
        "type": "Polygon",
        "coordinates": [
          [
            [
              -6820549.46224037,
              5839769.91525944
            ],
            [
              -6820435.34165271,
              5839774.26689535
            ],
            [
              -6820321.41328685,
              5839778.64955399
            ],
            [
              -6820207.66620906,
              5839783.05499804
            ],
            [
              -6820094.08651902,
              5839787.47333359
            ],
            [
              -6819980.65709714,
              5839791.89284148
            ],
            [
              -6819867.35733496,
              5839796.29978499
            ],
            [
              -6819754.1628237,
              5839800.67817574
            ],
            [
              -6819641.04495805,
              5839805.00946772
            ],
            [
              -6819527.97038474,
              5839809.27212978
            ],
            [
              -6819414.90017899,
              5839813.44101475
            ],
            [
              -6819301.78855616,
              5839817.48638852
            ],
            [
              -6819188.58081809,
              5839821.37240588
            ],
            [
              -6819075.21022026,
              5839825.05480964
            ],
            [
              -6818961.59444112,
              5839828.4783444
            ],
            [
              -6818847.63834375,
              5839831.57868984
            ],
            [
              -6818733.26319766,
              5839834.30339525
            ],
            [
              -6818618.4574593,
              5839836.64829685
            ],
            [
              -6818503.27301835,
              5839838.6547847
            ],
            [
              -6818387.77402662,
              5839840.37302918
            ],
            [
              -6818272.01149396,
              5839841.84371274
            ],
            [
              -6818156.0221071,
              5839843.09715771
            ],
            [
              -6818039.83211056,
              5839844.15609313
            ],
            [
              -6817923.46057698,
              5839845.03798676
            ],
            [
              -6817806.9215968,
              5839845.75660488
            ],
            [
              -6817690.22571064,
              5839846.32303112
            ],
            [
              -6817573.38086705,
              5839846.74634726
            ],
            [
              -6817456.39308332,
              5839847.03410297
            ],
            [
              -6817339.26691526,
              5839847.19265027
            ],
            [
              -6817222.00580009,
              5839847.22738844
            ],
            [
              -6817104.61231219,
              5839847.14294771
            ],
            [
              -6816987.08835744,
              5839846.94332983
            ],
            [
              -6816869.43532291,
              5839846.63201755
            ],
            [
              -6816751.65419367,
              5839846.21206117
            ],
            [
              -6816633.74564473,
              5839845.68614786
            ],
            [
              -6816515.71011397,
              5839845.05665773
            ],
            [
              -6816397.54786021,
              5839844.32570974
            ],
            [
              -6816279.25900977,
              5839843.49519958
            ],
            [
              -6816282.74501059,
              5839710.2988965
            ],
            [
              -6816286.12029426,
              5839577.07230653
            ],
            [
              -6816289.39155883,
              5839443.81893934
            ],
            [
              -6816292.56665843,
              5839310.54302079
            ],
            [
              -6816295.65456068,
              5839177.24947643
            ],
            [
              -6816298.6652748,
              5839043.94389496
            ],
            [
              -6816301.60975234,
              5838910.63247314
            ],
            [
              -6816304.49976398,
              5838777.32194425
            ],
            [
              -6816307.34775676,
              5838644.01949343
            ],
            [
              -6816310.16669702,
              5838510.73266329
            ],
            [
              -6816312.96990453,
              5838377.46925372
            ],
            [
              -6816315.77088306,
              5838244.2372194
            ],
            [
              -6816318.5831524,
              5838111.04456842
            ],
            [
              -6816321.42008597,
              5837977.89926474
            ],
            [
              -6816324.29475764,
              5837844.80913689
            ],
            [
              -6816327.21980026,
              5837711.78179437
            ],
            [
              -6816330.20727807,
              5837578.82455313
            ],
            [
              -6816333.26857409,
              5837445.94437063
            ],
            [
              -6816336.41429326,
              5837313.14779088
            ],
            [
              -6816339.65418154,
              5837180.44089927
            ],
            [
              -6816342.99706085,
              5837047.8292871
            ],
            [
              -6816346.45077925,
              5836915.31802523
            ],
            [
              -6816350.02217593,
              5836782.91164627
            ],
            [
              -6816466.6400798,
              5836781.54424986
            ],
            [
              -6816583.00241286,
              5836780.05371621
            ],
            [
              -6816699.10773662,
              5836778.43697794
            ],
            [
              -6816814.95487806,
              5836776.69101559
            ],
            [
              -6816930.54297606,
              5836774.8128796
            ],
            [
              -6817045.87153583,
              5836772.79971807
            ],
            [
              -6817160.94049293,
              5836770.64881125
            ],
            [
              -6817275.75028811,
              5836768.35761371
            ],
            [
              -6817390.30195461,
              5836765.92380506
            ],
            [
              -6817504.59721931,
              5836763.34535023
            ],
            [
              -6817618.63861904,
              5836760.62057
            ],
            [
              -6817732.42963309,
              5836757.74822237
            ],
            [
              -6817845.97483281,
              5836754.72759501
            ],
            [
              -6817959.28004849,
              5836751.55860872
            ],
            [
              -6818072.35255332,
              5836748.24193113
            ],
            [
              -6818185.20126388,
              5836744.77909982
            ],
            [
              -6818297.83695603,
              5836741.17265314
            ],
            [
              -6818410.27249516,
              5836737.42626716
            ],
            [
              -6818522.52308055,
              5836733.54489709
            ],
            [
              -6818634.6065046,
              5836729.53492199
            ],
            [
              -6818746.54343069,
              5836725.40429315
            ],
            [
              -6818858.35769791,
              5836721.16268836
            ],
            [
              -6818970.07666782,
              5836716.82167802
            ],
            [
              -6819081.73163927,
              5836712.39491441
            ],
            [
              -6819193.35837448,
              5836707.89836331
            ],
            [
              -6819304.99780741,
              5836703.35061062
            ],
            [
              -6819416.69705275,
              5836698.77329809
            ],
            [
              -6819528.51091924,
              5836694.19178135
            ],
            [
              -6819640.50428546,
              5836689.63617286
            ],
            [
              -6819752.75595768,
              5836685.14305087
            ],
            [
              -6819865.36485325,
              5836680.75821578
            ],
            [
              -6819978.45779242,
              5836676.54017205
            ],
            [
              -6820092.18506449,
              5836672.55810007
            ],
            [
              -6820206.65785634,
              5836668.86362108
            ],
            [
              -6820321.85352194,
              5836665.44806729
            ],
            [
              -6820437.65411818,
              5836662.25983262
            ],
            [
              -6820553.94265227,
              5836659.24774361
            ],
            [
              -6820549.64296168,
              5836792.79819337
            ],
            [
              -6820546.07111438,
              5836926.68938317
            ],
            [
              -6820543.25546425,
              5837060.93070001
            ],
            [
              -6820541.16685997,
              5837195.50548244
            ],
            [
              -6820539.72991787,
              5837330.3761
            ],
            [
              -6820538.85100394,
              5837465.49656749
            ],
            [
              -6820538.43850057,
              5837600.82168417
            ],
            [
              -6820538.41036605,
              5837736.31044828
            ],
            [
              -6820538.69483591,
              5837871.92638478
            ],
            [
              -6820539.22895469,
              5838007.63690143
            ],
            [
              -6820539.95686967,
              5838143.41254499
            ],
            [
              -6820540.82843462,
              5838279.22640625
            ],
            [
              -6820541.79819614,
              5838415.0537074
            ],
            [
              -6820542.8247092,
              5838550.87154856
            ],
            [
              -6820543.87011078,
              5838686.65878097
            ],
            [
              -6820544.89988796,
              5838822.39597706
            ],
            [
              -6820545.88278662,
              5838958.0654702
            ],
            [
              -6820546.79081322,
              5839093.65143833
            ],
            [
              -6820547.59928585,
              5839229.14000598
            ],
            [
              -6820548.28689373,
              5839364.51933958
            ],
            [
              -6820548.83572896,
              5839499.77971315
            ],
            [
              -6820549.2312617,
              5839634.91352576
            ],
            [
              -6820549.46224037,
              5839769.91525944
            ]
          ]
        ]
      }
    }
  ]
}
