{"type":"FeatureCollection","features":[{"type":"Feature","id":121951,"geometry":{"type":"LineString","coordinates":[[-60.356597218923255,45.91029603265577],[-60.35661483609727,45.91028943785146],[-60.356625862328244,45.910285057683645],[-60.35663904400519,45.91027981832967],[-60.3566913690068,45.9102578165103],[-60.35669258806138,45.91025685464223],[-60.35679471475253,45.91020760807492],[-60.356807660015775,45.910201373143416],[-60.356837087590414,45.91018990322432],[-60.356894215705914,45.910162603015365],[-60.35692759970063,45.910146832265134],[-60.356934194250364,45.9101437266146],[-60.35694697429926,45.910132825438794],[-60.35694786702708,45.91013004685813],[-60.35694999434645,45.910123264502246],[-60.35695146282525,45.91011379366546],[-60.356965897923914,45.910085964321354],[-60.35696807566667,45.91008164934616],[-60.356968169838915,45.910078852282844],[-60.35696846345877,45.91007022732959],[-60.35696834593255,45.91006727235326],[-60.35696810924042,45.910061668389204],[-60.35696715623915,45.91004345575347],[-60.35696642365353,45.910036076158896],[-60.356966032386644,45.91003209775858],[-60.3569657115794,45.91001984927118],[-60.35696579334754,45.9100121554958],[-60.35696584751074,45.91000395703776],[-60.35696641003969,45.910002700947295],[-60.356973317932734,45.90998756850234],[-60.35698867220339,45.90997676290471],[-60.3569921276625,45.9099743226615],[-60.35699895730472,45.90997061039521],[-60.35701502477861,45.90996189148053],[-60.357032995578415,45.9099418756304],[-60.35703847357261,45.90993431574751],[-60.35704127437184,45.9099304562293],[-60.35705342497154,45.90991624618728],[-60.357067768790095,45.90989956668507],[-60.357085769372894,45.90987865143768],[-60.357092757008616,45.909869983391836],[-60.357106350446294,45.90986041513685],[-60.357132416414686,45.90983990256317],[-60.35715136945315,45.909824994868025],[-60.35716102228502,45.909814507335994],[-60.357165517250095,45.90980755475117],[-60.35717257766461,45.909786494308726],[-60.35717538025387,45.909777981424604],[-60.35717524565586,45.90977212780168],[-60.357174712269924,45.909768155113674],[-60.35717422406772,45.909764588506505],[-60.357166946292075,45.90974678754528],[-60.35715848110554,45.909726024848275],[-60.357157080444146,45.90972022293152],[-60.35715527368691,45.90971292648743],[-60.357152608381256,45.9097076893542],[-60.35714949164742,45.90970164070382],[-60.35714633078244,45.90969760720707],[-60.35712828623761,45.90969745961827],[-60.35712673218936,45.90969787369124],[-60.35710523781688,45.90970194863121],[-60.35710223255072,45.90970196908606],[-60.35709145136413,45.90970200759384],[-60.35708029936941,45.909692478688676],[-60.35706386816787,45.90967193665462],[-60.3570583191733,45.90966361751705],[-60.357050146006266,45.909651367308804],[-60.35704120067513,45.90964152943987],[-60.35703465775241,45.90963974886717],[-60.357023507004364,45.909636709548735],[-60.357012874782434,45.909634969342015],[-60.3569992105478,45.90963272692205],[-60.356989329763195,45.90963145414394],[-60.35697625813813,45.90962976548389],[-60.356957280083385,45.9096221256133],[-60.35694827944682,45.9096158957704],[-60.356943547899455,45.90961262698396],[-60.35693830536317,45.909608986339144],[-60.35692719594757,45.90960127656221],[-60.35690369521379,45.909577555616494],[-60.356904577500536,45.90955898042238],[-60.35691290325204,45.90954494288941],[-60.35691410870665,45.90954290961108],[-60.35691674812051,45.909537561231424],[-60.35692809914003,45.909514394919164],[-60.35692846978094,45.90950306251268],[-60.35692693346624,45.909495502300686],[-60.35691856582313,45.909488162008365],[-60.356907747065506,45.90947867680197],[-60.35686165226718,45.909433866108934],[-60.35684658810476,45.909419836246855],[-60.35683614061375,45.90940986458385],[-60.356832773488456,45.909406645375235],[-60.356819087676,45.90939345748322],[-60.35680793870265,45.90937843814378],[-60.35679407502757,45.90935786549059],[-60.35678917006292,45.90934603293989],[-60.356785526776896,45.90933722685282],[-60.356768646470755,45.909307142551484],[-60.356766728513705,45.90930300280133],[-60.356758706597816,45.909285670630524],[-60.35674622947596,45.90926603914435],[-60.35673020032798,45.90923676660744],[-60.35671716020639,45.90921297272557],[-60.35670994009575,45.90919314789229],[-60.35670798323892,45.90918276969856],[-60.35670674602596,45.909176242495775],[-60.356706233086896,45.909173197359046],[-60.356703528356775,45.909157662407345],[-60.35669506223187,45.90914072498465],[-60.35668516579534,45.909121054218595],[-60.35667657940251,45.90910556313649],[-60.356675308475246,45.90910327452137],[-60.35666686816928,45.90908823685915],[-60.35666383931727,45.90908305430421],[-60.3566597130889,45.90907600118715],[-60.35665732669029,45.909073308718455],[-60.35665126986293,45.909066453933406],[-60.356638332835885,45.90905297732494],[-60.356625100797274,45.90903919686024],[-60.356617837360744,45.90901757086119],[-60.35660991747353,45.90896986339985],[-60.35660754957355,45.9089586386164],[-60.35660540431265,45.9089484270742],[-60.356602118413484,45.90892286979637],[-60.356598904803285,45.908897962248034],[-60.356597591456165,45.90887865217004],[-60.35659731955341,45.90887460452457],[-60.35659717710411,45.908855888599945],[-60.35659731342596,45.90883428987708],[-60.35659745868736,45.90882797469013],[-60.356597551257366,45.908823854474484],[-60.35660047953769,45.90879749596062],[-60.35661146337955,45.90878613020507],[-60.356627693499384,45.908778324187914],[-60.356647948626076,45.90877807298719],[-60.356662866903555,45.90877779725638],[-60.356669513133156,45.908777672076134],[-60.356700634747355,45.9087706967913],[-60.35673511900549,45.908762962260205],[-60.356736371179935,45.90876238819179],[-60.356809859207054,45.90873374755305],[-60.35684948083177,45.908718292216534],[-60.35686446222967,45.90870962919078],[-60.35693809212753,45.90866876869002],[-60.356963564618376,45.908656397125355],[-60.35698903667098,45.908644034545624],[-60.357018411797824,45.90863066419939],[-60.35703009325333,45.90862469701747],[-60.35706678939656,45.90860595161664],[-60.357070090417665,45.90860431786686],[-60.35708435048497,45.90859726725939],[-60.35709766016258,45.90859068069679],[-60.35710191199496,45.9085885739084],[-60.3571357059409,45.90856659304203],[-60.35714789532976,45.90855427404982],[-60.35715754793108,45.90854378651122],[-60.35718746977475,45.9085381784483],[-60.35718894145853,45.908538140501214],[-60.35721303104758,45.90853750990036],[-60.357246552017834,45.90853756560111],[-60.35727059620652,45.90853734797346],[-60.35730550119583,45.908537039651755],[-60.35731447254623,45.90853682422929],[-60.3573244768219,45.908536578705174],[-60.35736326623923,45.90853619824428],[-60.35740909898864,45.90853574674021],[-60.357441190402234,45.90853603932577],[-60.35744708539124,45.90853625674729],[-60.35746809157351,45.90853702186788],[-60.357495480182514,45.908546746442475],[-60.35750916880073,45.90855444384233],[-60.35751535689716,45.90856070756814],[-60.35752035118006,45.908565773566934],[-60.357547825296976,45.90859026139135],[-60.35756153591856,45.908596681182836],[-60.35756422291015,45.90859793146236],[-60.357582763518465,45.90860663220425],[-60.35763851246668,45.908632773356324],[-60.35765745364022,45.90863982721067],[-60.35766144453334,45.9086413146767],[-60.35769586125873,45.90864667443146],[-60.35773683135076,45.90865304988412],[-60.3577404809664,45.90865303532092],[-60.35775050077632,45.90865300613762],[-60.3577750642875,45.9086456537982],[-60.35779627939477,45.90863930407324],[-60.357813931562305,45.90863440203991],[-60.357826187697356,45.908631265318206],[-60.35782713195609,45.90863038708762],[-60.35785006455444,45.908609045783784],[-60.35785816698562,45.9086056779418],[-60.35787558024334,45.908598475171644],[-60.35789395274532,45.90859659605372],[-60.357906417161644,45.90859531830358],[-60.35792332794145,45.908593810396724],[-60.35794254323498,45.908592103783555],[-60.35795922263713,45.90859383980067],[-60.35796470189814,45.90859819693785]]},"properties":{"OBJECTID":121951,"FEAT_CODE":"WALK20","FEAT_DESC":"Lake - Water to the right line","RIVNAME_1":"Bonds Meadow Brook","RIVNAME_2":" ","ZVALUE":8.9,"FID":null,"SHAPE_Length":327.851048314337}},{"type":"Feature","id":121952,"geometry":{"type":"LineString","coordinates":[[-60.35833741997527,45.90904256547642],[-60.358337547792864,45.90904367552941],[-60.35833715987142,45.909055106549644],[-60.35833027820668,45.90907322794487],[-60.35831666641603,45.90908482109761],[-60.35829918795235,45.90909719787598],[-60.35827370892947,45.90911514107104],[-60.35825744318087,45.90912098432722],[-60.358238510787196,45.90912324658581],[-60.35821300196106,45.909128236952554],[-60.35819006906871,45.90913328690577],[-60.35814123593081,45.90914070792306],[-60.35812358444339,45.909142333737975],[-60.35811700570455,45.90914293760584],[-60.358090143454376,45.90914411630544],[-60.35804165221101,45.90914433556348],[-60.35800289671897,45.909143177906834],[-60.35797604646453,45.90914111657557],[-60.35795049198454,45.90913620496715],[-60.35794460494484,45.90912441274998],[-60.35794470579938,45.90911006783679],[-60.35794470792019,45.90910839374038],[-60.357944552140715,45.90908967751028],[-60.35794052201133,45.90904665053704],[-60.357939145540406,45.90904006612107],[-60.35793598641305,45.909025132738876],[-60.35793348384977,45.90901701013764],[-60.357930218592685,45.90900648468305],[-60.35792457016035,45.90899428394916],[-60.35792027831543,45.90898501285361],[-60.35790784749174,45.908961683243895],[-60.357896615729416,45.90894297177409],[-60.35788999003101,45.908931801519124],[-60.357885512343934,45.90892427227414],[-60.3578738988298,45.90890518293737],[-60.357864133801904,45.90889658627621],[-60.35785435162851,45.90888807922533],[-60.35784594498789,45.908885904547255],[-60.35783097473498,45.908886188231065],[-60.357817288176015,45.90888659162217],[-60.357806351639034,45.90889425026559],[-60.35780060951565,45.90890384725243],[-60.35779978927938,45.90890455733749],[-60.35778837677145,45.908914365154104],[-60.3577773982346,45.90892073571106],[-60.357758543785046,45.90893167644759],[-60.35774722578771,45.90893216163636],[-60.357739550948175,45.90893249709964],[-60.357729671201156,45.908933105572935],[-60.35772068271054,45.90893368066283],[-60.35771650430215,45.90893424103856],[-60.357704317680586,45.90893591222934],[-60.35769603917825,45.90894733168649],[-60.3576845106728,45.90896175420998],[-60.35768246865377,45.90896429918576],[-60.35767739324298,45.90897071631545],[-60.35766902691737,45.908981269663386],[-60.357656715844854,45.90898800540988],[-60.35765092092751,45.908988123343796],[-60.357644325764085,45.90898825876366],[-60.357637253127756,45.90898813111298],[-60.35762809313412,45.9089879731638],[-60.35761304955794,45.9089870850207],[-60.35759673437705,45.90898310718549],[-60.35758622165958,45.90897993867279],[-60.35757766679316,45.90897735550992],[-60.35756728664791,45.90897546817422],[-60.3575560624238,45.908973435294854],[-60.35754085148917,45.90897281329306],[-60.35753585845561,45.90897260774688],[-60.357529807942,45.9089753929925],[-60.357520434906895,45.90897972149529],[-60.35751215920326,45.90898565052664],[-60.35750852678743,45.90898747463781],[-60.35750238490376,45.908990554793476],[-60.357500470674786,45.90899095153609],[-60.35749143357248,45.90899282159571],[-60.35748045413277,45.90899432267997],[-60.3574750942766,45.908995053724844],[-60.35745094528593,45.90899584502076],[-60.35743304200079,45.908996528820666],[-60.357418780597015,45.90899708987646],[-60.35738535398679,45.90899775647293],[-60.357367713561764,45.908997249241445],[-60.35734868156688,45.90899617875795],[-60.35733843989867,45.90899517668267],[-60.35730544373819,45.908991937876706],[-60.35728262036882,45.908988979485855],[-60.357261008179705,45.90898793928427],[-60.357235412407775,45.90898715791885],[-60.357211181025356,45.908986426125026],[-60.35718565370574,45.90898637539598],[-60.35715870108536,45.9089864716908],[-60.35711433524308,45.90898806414052],[-60.357102387836875,45.90898849869537],[-60.35707938947514,45.90898949655811],[-60.35698109599541,45.90903654590539],[-60.356946861578216,45.90905150492082],[-60.356936362030496,45.909057832478425],[-60.356927892854124,45.90906294691903],[-60.356919558998925,45.90907009866785],[-60.35691564703311,45.90907346442444],[-60.35690428978542,45.90908861989633],[-60.35689210679749,45.909104872351854],[-60.35684935959933,45.90912260456259],[-60.35684378821986,45.9091375609187],[-60.35683940460233,45.90915357085569],[-60.356837443538154,45.909172598122396],[-60.356837029547236,45.90918402853435],[-60.356837045544445,45.909191292535866],[-60.3568370766926,45.90919905193111],[-60.35683833457822,45.9092160025167],[-60.356845948634835,45.90924517927186],[-60.35685099856082,45.90925640312237],[-60.35685321552256,45.909261305857555],[-60.35685629377896,45.90927332114443],[-60.356857751043144,45.90927901636603],[-60.35686618454528,45.90929229870362],[-60.35687774912162,45.9093039973676],[-60.35688757323487,45.90930890515977],[-60.356893153551596,45.90931059145476],[-60.35690651205718,45.90931465397017],[-60.356921988475555,45.909317289375515],[-60.35692416222736,45.909317672716575],[-60.35692772094195,45.90931794410043],[-60.356937780140505,45.909318716969615],[-60.35694054635964,45.909319114023134],[-60.35695813975281,45.90932169941264],[-60.356982409830934,45.909323791273685],[-60.35700974817562,45.90933729512854],[-60.357019615698306,45.909344004070384],[-60.35702934111933,45.90935071872328],[-60.35705564671181,45.90936153443319],[-60.35706198202632,45.90936415627341],[-60.35707829727611,45.90936813418642],[-60.35709599086763,45.909372954067514],[-60.357113762711116,45.90938155608529],[-60.357123450792045,45.90938824286358],[-60.35711784210873,45.90940154222525],[-60.357117179471686,45.90940246297077],[-60.357104314688186,45.909420310809026],[-60.357099867251925,45.909421648003885],[-60.35709021736663,45.90942664512249],[-60.35708206290973,45.90944712219198],[-60.35708157205598,45.909456642659656],[-60.35708370548422,45.909473892529554],[-60.3570880953106,45.90947892655553],[-60.35709215916219,45.90948349399715],[-60.35709393314112,45.90948523620154],[-60.35710459978742,45.9094957529597],[-60.35711175160063,45.909508060533504],[-60.35712152863824,45.90951667553789],[-60.357136635758096,45.90952708804325],[-60.35716223800224,45.90953371108756],[-60.35717997078016,45.909540422026495],[-60.3571882341561,45.90954615774732],[-60.3571923289134,45.90954898874972],[-60.35719940052028,45.909554840901215],[-60.35720610025333,45.90956037841948],[-60.357211928206375,45.909568253966775],[-60.35721989924271,45.90957905936059],[-60.357225869497434,45.90959099755288],[-60.357231097501646,45.909601460440626],[-60.35723537903345,45.90960931820003],[-60.35724082201478,45.909619327022554],[-60.35724641422189,45.90962863723728],[-60.357252054107036,45.90963802956217],[-60.35726945504328,45.90964466980193],[-60.357284771170384,45.90964959664756],[-60.357293201354565,45.909659422575785],[-60.357294981234446,45.90966565630351],[-60.357299012845225,45.90967986282848],[-60.357304965292236,45.909704122674164],[-60.35731214041996,45.90972327136839],[-60.35731804558496,45.909739024380606],[-60.35732183940804,45.90974846398841],[-60.35732519418324,45.90975683134352],[-60.35733073404416,45.9097661583441],[-60.357343580790186,45.90978778749086],[-60.35734495806372,45.909792724789],[-60.357366920134965,45.90983527567352],[-60.35737899814252,45.90984105465213],[-60.357383248558406,45.90984305217699],[-60.35739264784686,45.90984822011754],[-60.35740888298562,45.90985714655859],[-60.35743327213755,45.90987031203961],[-60.35745802912973,45.90987817556647],[-60.357466388297766,45.90987890904912],[-60.35748141923142,45.90987979691857],[-60.35751270924107,45.90988096201539],[-60.357523652422756,45.90988131424989],[-60.35753604270257,45.909881060913605],[-60.35754568494765,45.90988111301898],[-60.3575562811561,45.909881169196446],[-60.35756132493671,45.90988139391742],[-60.35756864589043,45.909881725335815],[-60.35757706285222,45.90989155993742],[-60.35757860681355,45.90990493482167],[-60.357578777669154,45.909906495910334],[-60.35757880535104,45.90990727061805],[-60.3575788531799,45.909916038485626],[-60.35757513588435,45.909920191837024],[-60.35757315167552,45.9099223331131],[-60.357553053397716,45.90993284899862],[-60.357546528429225,45.909935848285656],[-60.35753011727116,45.90994338922076],[-60.35749329648284,45.90996935951113],[-60.35747977146384,45.90998264671786],[-60.357470201628956,45.90999681751662],[-60.35746416770428,45.91001581354908],[-60.357460463983635,45.91002103830377],[-60.35745323073947,45.91003107780788],[-60.35744753226173,45.91004246694111],[-60.35744723701748,45.91004461129562],[-60.357445790327596,45.91005498272105],[-60.35744723179167,45.91006725713967],[-60.35745287722581,45.910081149972825],[-60.35745568425326,45.91008801951957],[-60.357457107228754,45.91009199479013],[-60.35746433254855,45.91011226073191],[-60.35747015382752,45.91012543757078],[-60.35747048849093,45.91012626438611],[-60.357471769149655,45.910129435293676],[-60.35747635154752,45.910135031808736],[-60.35747882527136,45.91013805930941],[-60.357485950561156,45.91014848508146],[-60.35749019381328,45.91015579289713],[-60.357493102110304,45.91016080162465],[-60.35749372774383,45.91016609055955],[-60.357492755197946,45.910173808726114],[-60.35749160304804,45.91017607726414],[-60.357490380237024,45.910177390084286],[-60.35746439765508,45.91017876900845],[-60.357450644030166,45.91017840573761],[-60.35744004598702,45.91017811548765],[-60.357430459053454,45.910177983646335],[-60.357421116838516,45.91017785746722],[-60.357403449852335,45.910177358628],[-60.357387469639136,45.91017663779735],[-60.357374873641675,45.910176877356236],[-60.357359928514924,45.91017771060774],[-60.35735328304195,45.910178087867784],[-60.357341362632056,45.91017930614063],[-60.357331774271714,45.91018029035482],[-60.35730355583014,45.91018530782091],[-60.357273737750894,45.91019712885434],[-60.35726960079452,45.91019898628546],[-60.3572587044218,45.91020389156599],[-60.35724527724567,45.91020914331163],[-60.35724109944291,45.9102107747769],[-60.35722934515561,45.910216911308886],[-60.35722100099827,45.91022129059987],[-60.3572138904727,45.910224672350836],[-60.357204774371006,45.91022901577419],[-60.35718119584796,45.91023814593809],[-60.357122939582304,45.91026069477116],[-60.35710069090137,45.91026571533645],[-60.3570921799475,45.910267633544564],[-60.35705875890951,45.91027631087014],[-60.35705469865526,45.91027763902259],[-60.357029287940314,45.91028597968582],[-60.35701447180936,45.91029278339526],[-60.35699158823506,45.91030329772287],[-60.356976602999545,45.91031203268142],[-60.35696766320459,45.91031592112657],[-60.35696304198433,45.91031792935238],[-60.35694552371109,45.91032841483677],[-60.35692394809071,45.91033989550466],[-60.356911632780005,45.910346712078955],[-60.35691031495802,45.91034758165554],[-60.35684865419855,45.910397008888395],[-60.35684754984974,45.910398270438854],[-60.35683240448645,45.91041580443561],[-60.35681764045549,45.91043372528951]]},"properties":{"OBJECTID":121952,"FEAT_CODE":"WALK20","FEAT_DESC":"Lake - Water to the right line","RIVNAME_1":"Bonds Meadow Brook","RIVNAME_2":" ","ZVALUE":8.9,"FID":null,"SHAPE_Length":373.2132741092872}},{"type":"Feature","id":121953,"geometry":{"type":"LineString","coordinates":[[-60.35796470189814,45.90859819693785],[-60.3579763702268,45.90860744067818],[-60.35797699158139,45.90860793209537],[-60.35801599323085,45.90864870790091],[-60.35803423581357,45.90866776157494],[-60.358037497332795,45.908688142797494],[-60.35805135925832,45.908709030287945],[-60.35806700614867,45.90873251529455],[-60.358067796587704,45.908740580281126],[-60.35806863527869,45.90874925843724],[-60.358069110758805,45.90876259959644],[-60.35806928871331,45.90876808518999],[-60.358055741971825,45.908785098288014],[-60.3580383394985,45.90880673859006],[-60.35803533857426,45.90881617398828],[-60.35803393945888,45.90883668140439],[-60.35803358535583,45.90884169564858],[-60.35803301064966,45.90885950390152],[-60.35803748743621,45.90890290123747],[-60.3580464835611,45.908974134540045],[-60.35805146280072,45.90898196340727],[-60.3580550293832,45.90898750039556],[-60.35810543319126,45.90900945830246],[-60.35811304111819,45.90901243355437],[-60.35812961076838,45.90901892842094],[-60.358191840141544,45.909017217789625],[-60.35819413222024,45.909017009792265],[-60.35820673285325,45.90901585217071],[-60.3582206240879,45.909014940423205],[-60.35822703929131,45.90901452178259],[-60.35823676135587,45.90901343257696],[-60.35825698338564,45.909011164149504],[-60.35826420985725,45.90901022422744],[-60.358276302130214,45.909008910825484],[-60.358307668002034,45.90900819629649],[-60.358321317681906,45.90901400253305],[-60.35833379764979,45.909028152436406],[-60.35833556432348,45.90903439484359],[-60.35833706542021,45.909039713027404],[-60.35833741997527,45.90904256547642]]},"properties":{"OBJECTID":121953,"FEAT_CODE":"WALK20","FEAT_DESC":"Lake - Water to the right line","RIVNAME_1":"Bonds Meadow Brook","RIVNAME_2":" ","ZVALUE":8.9,"FID":null,"SHAPE_Length":71.71444249132966}},{"type":"Feature","id":122003,"geometry":{"type":"LineString","coordinates":[[-60.357178657908264,45.911262411991586],[-60.357162407612684,45.911281216571055],[-60.3571455622554,45.91130006138116],[-60.357144432133964,45.91130132233789],[-60.35713086799903,45.91131270943163],[-60.35711471928039,45.91132421672288],[-60.357113715259594,45.911324994555635],[-60.35708568457568,45.91134640673266],[-60.3570752701699,45.91135663360965],[-60.357072159539,45.91135968488793],[-60.35706512584051,45.911372033183724],[-60.35706257898566,45.91137868882076],[-60.357062227155694,45.91137958075596],[-60.35706209521184,45.911380729802005],[-60.357060998564364,45.91139377355291],[-60.35706152430367,45.91140143638312],[-60.35706166934854,45.91141467088576],[-60.357063085949875,45.911430725058906],[-60.357066288889996,45.91143441750103],[-60.35707155321381,45.911440317838675],[-60.35707737546725,45.91144370186972],[-60.35708786617106,45.911449786170664],[-60.357110799290254,45.91145832762128],[-60.35711200326683,45.91145876952147],[-60.35713386121886,45.91146687204834],[-60.35714758382981,45.91148744138862],[-60.357160364341155,45.911499069151795],[-60.357164022300836,45.911502412090556],[-60.35720460041047,45.911505952412654],[-60.35722615736667,45.91150546121249],[-60.35723724326209,45.91150525872839],[-60.357247838854725,45.91150506289801],[-60.35730545591329,45.91150278696722],[-60.3573271369734,45.911502397628546],[-60.35734337033309,45.911502683287],[-60.357351402381695,45.911507594569834],[-60.35736692757832,45.91151708963567],[-60.35737270513765,45.91152847430999],[-60.35737313437904,45.91152975335305],[-60.35737586324986,45.91153799821087],[-60.35738301920927,45.911550224852654],[-60.35738482675916,45.91155696326119],[-60.3573843392284,45.911557726046155],[-60.35737342037044,45.91156798628032],[-60.357360314988654,45.91158030209655],[-60.35734808155217,45.911590819932],[-60.357343905137554,45.911593234500764],[-60.35733309985776,45.91159947401116],[-60.357323126729824,45.91160773995169],[-60.35731820068798,45.91161182031754],[-60.35729762615459,45.911624476321336],[-60.35729164998499,45.91162704725547],[-60.35728392273563,45.911630378735055],[-60.35728078094581,45.911630828072695],[-60.35727691188312,45.9116313865905],[-60.35726148986367,45.91163247881654],[-60.35726061016283,45.911632539465266],[-60.3572587212534,45.91163158667292],[-60.35725634936911,45.91163075771507],[-60.35724236150863,45.91162581660316],[-60.35722733719317,45.91161907834982],[-60.357223349379744,45.9116169788878],[-60.35721626732736,45.91161324168118],[-60.35721448544333,45.91161275040467],[-60.35721348526177,45.91161344732011],[-60.35721287099148,45.91161389214399],[-60.35720981935265,45.91161597270702],[-60.3571988779109,45.911623721184434],[-60.357197225094595,45.91162594212915],[-60.35719537381142,45.91162772644338],[-60.35719019854393,45.911632710114596],[-60.35718091365145,45.9116427741247],[-60.35717538185373,45.91164874863057],[-60.35716501833565,45.91166170392913],[-60.357161810477386,45.911665716042954],[-60.3571580896605,45.91168188533848],[-60.357157838366014,45.911684732769686],[-60.35715688641697,45.91169608772325],[-60.35715719096292,45.91170840783709],[-60.357162017146365,45.9117183753832],[-60.35716245348023,45.91172221981317],[-60.35716443230761,45.91172725204098],[-60.357165601766816,45.91181095034679],[-60.35716589064661,45.911815727445166],[-60.357166477374186,45.911825092833084],[-60.35716805824047,45.91183361715366],[-60.35716840734613,45.91183549739504],[-60.35716908002952,45.91183680907515],[-60.357180411409715,45.911857773108785],[-60.35718752396835,45.91186819860213],[-60.35719201637607,45.91188410793694],[-60.357190235565966,45.911919700806976],[-60.35717144787251,45.91194604332079],[-60.35714686278362,45.91197417782759],[-60.35714608547262,45.911975068916725],[-60.357136717443424,45.91200452767678],[-60.357137254091356,45.912019562396154],[-60.35713901770488,45.912061159806804],[-60.35714040736262,45.91209434183548],[-60.3571419179463,45.91210841800987],[-60.357144780294476,45.91212661182191],[-60.357148454562754,45.91214997286956],[-60.357148686974384,45.91215050929425],[-60.35715566987698,45.91216420807177],[-60.357160433277855,45.91217196897358],[-60.35716548402982,45.91218019556504],[-60.35718192926375,45.91220235804109],[-60.3571934783021,45.9122179266425],[-60.357195484334895,45.912231888271116],[-60.357196226625796,45.91224177930365],[-60.35719660018915,45.91224694539495],[-60.35719783797093,45.912258621047826],[-60.35719971182976,45.91227617992873],[-60.357201275522954,45.91228968128124],[-60.35720144637226,45.912291242369804],[-60.357210447991555,45.9123213512772],[-60.35721080122098,45.91232423070012],[-60.357212195845314,45.912336405025286],[-60.35721533139614,45.912376810077305],[-60.35721787727993,45.912409811843744],[-60.35721870162506,45.91241987578962],[-60.35721933776195,45.91242765818299],[-60.35722253170373,45.91244457255489],[-60.35722729063107,45.912474961306]]},"properties":{"OBJECTID":122003,"FEAT_CODE":"WALK20","FEAT_DESC":"Lake - Water to the right line","RIVNAME_1":"Bonds Meadow Brook","RIVNAME_2":" ","ZVALUE":8.9,"FID":null,"SHAPE_Length":171.31506141076483}},{"type":"Feature","id":122004,"geometry":{"type":"LineString","coordinates":[[-60.35706441264816,45.912474819093134],[-60.357065686069355,45.91247135626326],[-60.357066222367116,45.91246983854304],[-60.35707510713295,45.91244567006422],[-60.35708014117513,45.91243198837851],[-60.35707997236728,45.91241138169051],[-60.35707980093682,45.91240413209654],[-60.35707950317563,45.91239139810488],[-60.357078485085395,45.912380798628],[-60.35707760048136,45.91237173237279],[-60.35707171705255,45.912349274277446],[-60.35707121088523,45.91234092784212],[-60.357070208373365,45.91232402818086],[-60.35703054413937,45.91219808037609],[-60.35702733610543,45.91218119267432],[-60.35702628821691,45.91217665003091],[-60.357022737163625,45.91216155454568],[-60.35701198108753,45.912125221481894],[-60.3570036365522,45.91209702692999],[-60.356995101632,45.912078269787706],[-60.356993022637525,45.9120710030458],[-60.35698924450006,45.91205770245926],[-60.356984626571425,45.9120324924073],[-60.356980989866656,45.911997755239014],[-60.35697891929349,45.911976195455104],[-60.3569776398443,45.91196594095797],[-60.3569756454225,45.91195010743167],[-60.35697485452305,45.91193798307906],[-60.35697390858332,45.91192396497452],[-60.35697308667482,45.911897834692354],[-60.356973304989765,45.91187993719614],[-60.356972601368895,45.9118648896103],[-60.3569720527945,45.91184494918927],[-60.35697203373086,45.91184426468886],[-60.35697077151,45.911827404018496],[-60.35696904464572,45.91180675226683],[-60.356968124994964,45.911796524098364],[-60.356967098613175,45.911785285372375],[-60.356964621011194,45.91177555219126],[-60.35696253022702,45.91176744810315],[-60.356961782749984,45.911760653216305],[-60.3569605421709,45.91174958054741],[-60.356948298290675,45.911700323924684],[-60.356937059255884,45.911655158909696],[-60.3569359435254,45.91164200094923],[-60.35693531482853,45.91163460575908],[-60.356933283396806,45.91161493704275],[-60.3569325703139,45.9116066038184],[-60.356929628472486,45.91157244077738],[-60.35692837327499,45.91156466205469],[-60.35692763282139,45.91156016252869],[-60.35692686800507,45.91155780462425],[-60.356924487665616,45.911550638915195],[-60.35690647037137,45.91149045672499],[-60.356905012862875,45.91147716484243],[-60.356904925487335,45.91147628974449],[-60.356904823439585,45.911464865393555],[-60.356914936082326,45.91144443366478],[-60.3569201863562,45.911433799252485],[-60.35692578675215,45.91142230886877],[-60.356940629686314,45.911408161155826],[-60.3569485022889,45.911393897116604],[-60.35694895502703,45.91139305252118],[-60.3569500402628,45.91139083644488],[-60.35695594493867,45.911378912064],[-60.35696188299137,45.911366556417875],[-60.356964115231094,45.911361909675925],[-60.35696795983809,45.91135127873046],[-60.35696856864154,45.91134959167381],[-60.35696892523872,45.91134887086405],[-60.356972847379936,45.91134095094754],[-60.356974227499265,45.9113197680528],[-60.356974326287826,45.911318231205954],[-60.356973151275604,45.91130496386383],[-60.356971756242004,45.911290899360715],[-60.3569703784784,45.91127891443735],[-60.35697002263508,45.911275818934016],[-60.35696828860185,45.91126074749818],[-60.356962491043454,45.91125304365879]]},"properties":{"OBJECTID":122004,"FEAT_CODE":"WALK20","FEAT_DESC":"Lake - Water to the right line","RIVNAME_1":"Bonds Meadow Brook","RIVNAME_2":" ","ZVALUE":8.9,"FID":null,"SHAPE_Length":138.3541714403616}},{"type":"Feature","id":124977,"geometry":{"type":"LineString","coordinates":[[-60.35681764045549,45.91043372528951],[-60.356811190629735,45.910445727054324],[-60.35680802321482,45.910451603256526],[-60.35679986848785,45.91047208029704],[-60.356799361313634,45.91047325666084],[-60.35679287272759,45.91048824578658],[-60.35679142149355,45.91049300961179],[-60.3567872415685,45.91050690007448],[-60.356784212749915,45.9105296739491],[-60.356781137172646,45.910531987967126],[-60.356768808494444,45.91053881321725],[-60.35676044503559,45.91053843961558],[-60.356745474338375,45.91053872314718],[-60.356688701843,45.910547669920184],[-60.356688026857185,45.910554278870556],[-60.35668775320313,45.91055705377739],[-60.35668479976153,45.91057579704439],[-60.35668674150116,45.91059952304401],[-60.35668644258079,45.910602558388604],[-60.35668604765478,45.91060625756868],[-60.356683159146975,45.91061331932551],[-60.35668167369012,45.91061690325485],[-60.35666111932776,45.91064243972897],[-60.356655462663944,45.91065022947766],[-60.35665447143646,45.91065236672042],[-60.35665347144007,45.910655502846815],[-60.35665145728556,45.91066180177411],[-60.3566499311972,45.91066949811915],[-60.356645951109705,45.91068786658999],[-60.35664616732104,45.91069064383514],[-60.35664642480192,45.91069363805432],[-60.35664745982346,45.91069845042782],[-60.356648307423804,45.910702322381795],[-60.35665686987627,45.91071560771692],[-60.3566598313791,45.910718952552585],[-60.35666127605317,45.910720570130614],[-60.35666973844138,45.91072157608411],[-60.35669391942295,45.910725556106826],[-60.356726098848796,45.91072945124113],[-60.35673987756995,45.91073526065213],[-60.356747025668234,45.91075307663813],[-60.35675684459629,45.91076895627137],[-60.356770613211616,45.910785836404386],[-60.35679949833306,45.9108186377782],[-60.356804017530436,45.910829093278196],[-60.356808549609475,45.91083954907616],[-60.35681111571314,45.910846332054604],[-60.35681611087176,45.91085952580716],[-60.356818458959296,45.910864926619816],[-60.356820655835406,45.91086998190283],[-60.356826466643454,45.91087767705581],[-60.35684453495259,45.91088547590495],[-60.35686356757881,45.910886546486005],[-60.35687339031612,45.910886602825634],[-60.35688380639144,45.910886654896004],[-60.35689101624828,45.910886884777675],[-60.35690544926933,45.91088733584687],[-60.35691684392141,45.910889588752546],[-60.35692038223692,45.91089029170171],[-60.35693948951208,45.91089793456732],[-60.35695971329433,45.910906503349196],[-60.35697045446737,45.91091029825973],[-60.356976059492595,45.91091228214766],[-60.35699115061876,45.910912451411974],[-60.35701536877332,45.910910221688404],[-60.35703203704316,45.91090949136827],[-60.35703446533278,45.910909403556815],[-60.35704918720656,45.910909474259554],[-60.357068168601124,45.910911623714334],[-60.357075190784144,45.91091499051306],[-60.357085944764464,45.910920144826896],[-60.3571174008695,45.91094741613722],[-60.357121819088604,45.91094886850739],[-60.357132381599115,45.91095235324122],[-60.35715659191804,45.91095300355591],[-60.35717555128817,45.91095290228809],[-60.35717872363629,45.91095289469879],[-60.35718922127642,45.91095285862109],[-60.35721346995923,45.91095242971796],[-60.35724743506564,45.910954295850885],[-60.357249394094566,45.91095920160868],[-60.357251025890676,45.91097045434408],[-60.357253095838246,45.91097926900719],[-60.35725412437218,45.91098367618969],[-60.357254796157804,45.910991522414875],[-60.35725561018203,45.91100153211895],[-60.35726016615765,45.911019360090286],[-60.35727059173285,45.911057764667916],[-60.3572722690776,45.911069144467874],[-60.35727311421642,45.911076598670334],[-60.35727334960567,45.91107870129943],[-60.35727502134777,45.91108666967414],[-60.3572532803748,45.911127147089104],[-60.35725185531062,45.911138419089056],[-60.35724759476612,45.91114912142555],[-60.35723842531477,45.9111719602188],[-60.3572298843023,45.911191069230625],[-60.35722626321916,45.91119916713814],[-60.357220620960184,45.91121615604437],[-60.357215025024495,45.91123298400829],[-60.35720595377831,45.91124045173994],[-60.35719875059237,45.91124632456119],[-60.357178657908264,45.911262411991586]]},"properties":{"OBJECTID":124977,"FEAT_CODE":"WALK20","FEAT_DESC":"Lake - Water to the right line","RIVNAME_1":"Bonds Meadow Brook","RIVNAME_2":" ","ZVALUE":8.9,"FID":null,"SHAPE_Length":134.46166486870277}},{"type":"Feature","id":125081,"geometry":{"type":"LineString","coordinates":[[-60.356962491043454,45.91125304365879],[-60.3569587649175,45.91125167930723],[-60.35695143634301,45.91124906147561],[-60.356940409966946,45.91124502594223],[-60.35693805709919,45.911244611453675],[-60.356933390004265,45.91124378337078],[-60.35692491892194,45.911242687228025],[-60.35691126594666,45.911242371226],[-60.3568960929565,45.91124310913523],[-60.356894981418584,45.91124316441516],[-60.3568933624293,45.91124331595924],[-60.35688008808354,45.91124452984882],[-60.356873788313095,45.91124577015662],[-60.35686899716238,45.91124673935567],[-60.356860187971556,45.91125846149332],[-60.3568511165432,45.91127054659252],[-60.35684740326316,45.91128275571031],[-60.35684682284734,45.91128465944211],[-60.35683853661023,45.91130165913834],[-60.356832798325854,45.911311166154896],[-60.35681798247865,45.91132718664312],[-60.35681696856322,45.91132790123877],[-60.35680840265589,45.9113339585123],[-60.356798709023046,45.911337154436914],[-60.35676342427281,45.91134704864665],[-60.356749771273726,45.911346732624786],[-60.35674014103026,45.91134587966089],[-60.35673546199605,45.91134367417428],[-60.35673169068883,45.91134190373444],[-60.35672193660261,45.91133334323512],[-60.356712161399585,45.91131925576748],[-60.35671134691694,45.91131740075554],[-60.35670632773652,45.9113060696046],[-60.35670571782348,45.91129637964876],[-60.356705439795505,45.9112919178273],[-60.35670528152715,45.911278692018556],[-60.356705050095385,45.91127514935518],[-60.35670476053559,45.911270930287806],[-60.35670423117716,45.91126578759026],[-60.35670387827157,45.91126235912524],[-60.35670057154138,45.91124510909613],[-60.35669738055424,45.91123926573392],[-60.356695373250695,45.91123863421973],[-60.35669305895887,45.911237950595655],[-60.35668276263654,45.91123456199065],[-60.356681572469554,45.911234372427394],[-60.3566691950886,45.91123244778112],[-60.356658079043285,45.911230300308546],[-60.35664135185378,45.911229283059],[-60.35663805068891,45.911229287651544],[-60.356630274983324,45.91122929667763],[-60.356616716646414,45.911229702893394],[-60.3565978651239,45.91123051762652],[-60.35656643343383,45.911232319257564],[-60.3565559958726,45.91123244667653],[-60.35654875771642,45.911232540146734],[-60.35653655948371,45.91123281582334],[-60.35652720086583,45.911233031221165],[-60.35648534889268,45.911231882378544],[-60.35647160030905,45.91123032200303],[-60.356466367416246,45.911229732825085],[-60.35644477514701,45.911225812681934],[-60.356425822853815,45.91122006348538],[-60.35642288726323,45.91121915845507],[-60.35640675891482,45.9112142216933],[-60.356393121795506,45.91120841552062],[-60.356378041448735,45.91119987570163],[-60.35635889802219,45.91118485126592],[-60.3563565187786,45.911183635085365],[-60.35633864374985,45.911174481516014],[-60.3563175103851,45.911163074322886],[-60.35631426633519,45.91116133407701],[-60.35630730400173,45.91115860767244],[-60.35628993488925,45.91115183301281],[-60.35626578815164,45.91114984287003],[-60.35624834976646,45.911147783009],[-60.35624014278957,45.91114682794135],[-60.35621593283295,45.91114616843984],[-60.356208264453166,45.911146089914084],[-60.35618642023496,45.91114584520791],[-60.35617047889944,45.91114538612989],[-60.35615420268078,45.91114491929645],[-60.35612468536358,45.91114279578328],[-60.35609249286944,45.9111389001772],[-60.35607935665117,45.91113774996647],[-60.35605897825404,45.91113596403699],[-60.35603208874779,45.91113498143466],[-60.35601187499549,45.91113407238444],[-60.355992821373704,45.911133442213476],[-60.35598217377807,45.91113310567711],[-60.35597130722039,45.91113276406999],[-60.355948298846194,45.911131511278775],[-60.35593546375025,45.911129179920614],[-60.35592669377553,45.911127590740975],[-60.355917156421455,45.91112532673578],[-60.35590246932849,45.91112180939355],[-60.355891956679955,45.91111836170347],[-60.3558821430404,45.91111512821468],[-60.355863074925615,45.9111093762426],[-60.35583866319844,45.911101295346285],[-60.35578613089666,45.91108394956367],[-60.35577919599678,45.9110790185709],[-60.35577357170155,45.91107527002503],[-60.35575386720734,45.91106337376779],[-60.35573745199109,45.91105579303995],[-60.35571852986625,45.91104995441629],[-60.355704507740555,45.9110441122435],[-60.35569817316011,45.9110414723441],[-60.35568777885246,45.911040961629745],[-60.35568453733847,45.91104079656114],[-60.355681109583244,45.91104102321413],[-60.355673542248695,45.91104153204292],[-60.355654202155165,45.91104964394005],[-60.35564116347157,45.91105431044131],[-60.355637936427875,45.91105546882115],[-60.355626912042624,45.91105953390873],[-60.35562568922503,45.91105921756745],[-60.35562500139016,45.91105903962546],[-60.35561649027961,45.91104033693246],[-60.35561215266198,45.91103447598811],[-60.35561079597394,45.91103263541482],[-60.35560097429381,45.91102224609528],[-60.355583938172785,45.91101036659568],[-60.355580642939294,45.911008076095996],[-60.35556163544629,45.91100050731955],[-60.355553241526316,45.91099670362677],[-60.35553853489401,45.9109900715151],[-60.3555305847599,45.91098561203982],[-60.355496612811976,45.91096652674439],[-60.35547231980989,45.91095893456087],[-60.35544929785245,45.91095227188528],[-60.355372373272445,45.91093322692976],[-60.35531368526977,45.91091870862709],[-60.3552973001916,45.910911038525775],[-60.355284685065804,45.9109051658811],[-60.3552810267653,45.9109034610157],[-60.35526724773615,45.910897660422066],[-60.35525047706348,45.91088969335873],[-60.35523930972711,45.91087831875971],[-60.35523704791226,45.91087598917855],[-60.35522824372639,45.91086698250962],[-60.355215855169334,45.910856614714376],[-60.35520757893444,45.910850878553816],[-60.35520350994857,45.910848048077554],[-60.35518968113055,45.91084221031822],[-60.35517727662468,45.91083733262547],[-60.35516623204017,45.91083151434377],[-60.35516414822504,45.91083032298208],[-60.355151268763734,45.91082295907156],[-60.355138470432344,45.910815516031576],[-60.355134831800626,45.91081339758111],[-60.35512973589569,45.910810741334956],[-60.35511321585454,45.91080211399836],[-60.355088880078576,45.91079271158524],[-60.355065026709674,45.91078645261184],[-60.35506328180295,45.91078599816119],[-60.35504421389026,45.91078024605631],[-60.35502911263444,45.91077866317713],[-60.355015602521064,45.9107772431609],[-60.35500739787814,45.9107767831014],[-60.35499656998149,45.91077617227331],[-60.35498699529513,45.910775509464344],[-60.35497898855452,45.91077495497806],[-60.35496014812824,45.91077282644206],[-60.354939750753395,45.91076981576652],[-60.35491675895683,45.91076496283858],[-60.35490477603746,45.91076179602878],[-60.35489512366708,45.91075924124875],[-60.35486956875293,45.91075432894165],[-60.3548536383337,45.91075011660668],[-60.3548479205925,45.910748607044724],[-60.354832893698294,45.910747358890895],[-60.35481528652507,45.910746140974],[-60.35479767935272,45.91074492305441],[-60.354786563484375,45.9107427754031],[-60.35478221081069,45.91073424984694],[-60.35478017704053,45.91072007151081],[-60.354778474050704,45.910706800914895],[-60.3547776414592,45.9107042434085],[-60.35477532930728,45.91069727724998],[-60.35477391159293,45.91069699238804],[-60.35476956487051,45.91069620764069],[-60.354759827347564,45.910694901985195],[-60.35474622160376,45.91069386675536],[-60.35473118141973,45.91069262728103],[-60.35472921761607,45.91069243777804],[-60.35470961608322,45.91069058859568],[-60.35469063487237,45.91068843875228],[-60.35466775144396,45.910682121157066],[-60.354655380390405,45.91067871130953],[-60.35463631255921,45.91067295913816],[-60.35461204941609,45.91066528645542],[-60.35458904481386,45.91066043316459],[-60.35457014486369,45.910654675870425],[-60.35455739987506,45.91065126635047],[-60.35454847486194,45.91064887240348],[-60.354529518302726,45.91064132263573],[-60.35451177691246,45.91063452107843],[-60.354490128837924,45.910628799115365],[-60.35447778847233,45.91062420185636],[-60.354467196480954,45.91062025715336],[-60.354448690427496,45.910613266856544],[-60.35441462935884,45.910600407712764],[-60.35439903408463,45.910592944795745],[-60.35439668109791,45.91059172018161],[-60.35438717787578,45.910581419141366],[-60.354374724323065,45.910569168585],[-60.354368917905056,45.91055596492992],[-60.35436563472014,45.91054094756956],[-60.35435855644231,45.910526832371296],[-60.354354054327004,45.910519824468196],[-60.35435003150351,45.91051358373468],[-60.35434488615313,45.91050817206867],[-60.35433494113263,45.91049767177199],[-60.35432240570509,45.910481719991786],[-60.35431131382224,45.910468492888036],[-60.3543092666365,45.91046571822178],[-60.35429748943064,45.91044982000849],[-60.35428244097955,45.91042462020362],[-60.35426992163191,45.91040317831341],[-60.3542658920266,45.91039518226732],[-60.35426002585766,45.91038350735481],[-60.35425284232187,45.910358318749864],[-60.35424694733674,45.910335860232905],[-60.35424365833404,45.91031527125003],[-60.354239366989056,45.910301661651886],[-60.35423773019128,45.910296493283816],[-60.35423062155397,45.91028057721736],[-60.35422214272716,45.910263648319386],[-60.35421781275119,45.91025003782528],[-60.35421619744159,45.91024495996253],[-60.35421577804926,45.910232628175756],[-60.354215502016864,45.91022433206058],[-60.35421566860923,45.91019913373206],[-60.35421585903825,45.91019187451339],[-60.3542162648978,45.910175745515396],[-60.35421724025725,45.91016065580122],[-60.35422000993252,45.910146336722775],[-60.354220148453486,45.9101455928673],[-60.35422749460775,45.91013264893111],[-60.35423239275446,45.91012400465521],[-60.35424983657133,45.91010424705649],[-60.35425357160961,45.91010162435719],[-60.35426344427676,45.91009466146894],[-60.3542835896791,45.91008045693375],[-60.35428956622266,45.91007570797622],[-60.35430382526901,45.91006435531955],[-60.35432014237334,45.910054463465116],[-60.35432267851778,45.9100529200836],[-60.35435073561807,45.91003502849896],[-60.35435739591742,45.910031627494696],[-60.354369632580045,45.910025385423545],[-60.354372652711035,45.91002451031081],[-60.35437394705288,45.910024135262475],[-60.354375015913355,45.91002334995509],[-60.35449835267643,45.90997333671594],[-60.35451873512487,45.90997014558678],[-60.354530515858244,45.90996617013391],[-60.3545389158859,45.909963331467374],[-60.3545634240285,45.90993302654341],[-60.354564917237354,45.90992901078321],[-60.35456790404997,45.90992693778948],[-60.35457331791446,45.90992317486884],[-60.35458867483929,45.90992290056983],[-60.35459314431325,45.909923814178846],[-60.354597613787355,45.90992472778767],[-60.35460337979383,45.909925491415656],[-60.35461602315138,45.90993429004499],[-60.35462010449407,45.90993712982975],[-60.3546338363464,45.90994662873123],[-60.35464008546564,45.90994997777242],[-60.35464628392109,45.90995330763808],[-60.35466264246839,45.909959087055704],[-60.354678965678495,45.909960185245886],[-60.3546853639124,45.90996012644255],[-60.35468735040052,45.90996010945387],[-60.354703659006965,45.90995310659865],[-60.35472117819943,45.90994559173694],[-60.3547229485398,45.90994062831149],[-60.35472310106701,45.90993714854217],[-60.35472359041609,45.9099246847942],[-60.35472391741658,45.90991997595937],[-60.35472482778018,45.90990679290064],[-60.35472856523229,45.90990357619008],[-60.35473706131556,45.90989627534624],[-60.35474478182231,45.90989199880029],[-60.35474937720748,45.909889450018824],[-60.35477891866266,45.909889423261625],[-60.354781239712246,45.90988996306879],[-60.354815108764896,45.90989790323017],[-60.35484734375995,45.90990360033948],[-60.354907711720216,45.90990580872609],[-60.35493232557177,45.909906639875594],[-60.354941182197685,45.90990694402755],[-60.354978658894474,45.909910872347176],[-60.35505176584676,45.909919055214814],[-60.35508009818265,45.90992222265417],[-60.35509078765532,45.90992275826228],[-60.35512009032757,45.90992422901668],[-60.355161611083034,45.90992717084707],[-60.355208814643184,45.90993506869698],[-60.355218101738906,45.909936624905114],[-60.3552246771102,45.909937722274115],[-60.35524494667669,45.90994260210197],[-60.35525695629769,45.90994683158725],[-60.355283004272515,45.90995601259738],[-60.35530192683607,45.90996183330336],[-60.35534005177291,45.909984408134875],[-60.35535103565567,45.90999204315273],[-60.35535301848138,45.909992917145004],[-60.35535810736601,45.90999517718462],[-60.35537243337178,45.909996247023784],[-60.355391256219825,45.90999765502263],[-60.355403957837886,45.90999953331257],[-60.355404956484946,45.90999968245079],[-60.355427845403234,45.91000642306282],[-60.35544601120136,45.910014602425655],[-60.35545082100776,45.910016765990335],[-60.355457049737666,45.910022715740325],[-60.35546463543395,45.9100299570241],[-60.35547836013616,45.91004503614245],[-60.35548034505359,45.910062687637556],[-60.35547972090949,45.910078262537084],[-60.35547950824237,45.910083280048184],[-60.35547955030164,45.91008510818082],[-60.35547977512584,45.91009394315383],[-60.35548099175851,45.9100973736239],[-60.35548750795788,45.91011572410529],[-60.35549814981258,45.91012947171944],[-60.35550269343,45.91013533743945],[-60.35551234237377,45.91014393161332],[-60.35551740539614,45.910145650999944],[-60.35555713331276,45.91015919009163],[-60.35557603685771,45.910160257898895],[-60.355588804453056,45.910165089952244],[-60.35559376962963,45.91016696908373],[-60.35561328262212,45.910187771709495],[-60.35563900689088,45.91019996940427],[-60.35566101996272,45.91020614964073],[-60.35566290922355,45.910207093467186],[-60.35566739204501,45.91022292163752],[-60.35565881712685,45.91025304670576],[-60.35566045105841,45.910256378827555],[-60.35566328588343,45.910261844940386],[-60.355672420834125,45.91026986014909],[-60.355673051647564,45.910270423803986],[-60.35567392766905,45.910271254159646],[-60.355680210106655,45.910277160136935],[-60.35573493852949,45.91034107286064],[-60.355768563838204,45.91036066310511],[-60.355810141191,45.91038385776641],[-60.355835323442584,45.9104001382213],[-60.35585129863088,45.91041046298626],[-60.35585954996527,45.910416180522304],[-60.35586365674038,45.91041902985191],[-60.35587255517811,45.91042334024701],[-60.35588142871173,45.910427632063225],[-60.35589356228646,45.91043251240727],[-60.35590040688062,45.91043527211446],[-60.355902213984386,45.91043550297295],[-60.355923346673826,45.91043823347631],[-60.35594752747266,45.910442213653475],[-60.355956589417886,45.91044254048191],[-60.35597442952217,45.910443196566725],[-60.355999991673826,45.91044252830998],[-60.35600958797906,45.91044219244786],[-60.35602156103416,45.910441767601775],[-60.356027601676686,45.91044163743821],[-60.35604582664393,45.9104412493313],[-60.356056512619986,45.9104410467037],[-60.356067378915576,45.91044084825],[-60.35607235316864,45.91044280857769],[-60.35607978298977,45.91044573483698],[-60.35609084994214,45.91045705302546],[-60.35610728441231,45.91047209579629],[-60.35611336382652,45.91047250657268],[-60.35611962313334,45.91047293051448],[-60.35612931289234,45.91047198475286],[-60.35614162155859,45.91047100961588],[-60.35615675508283,45.91046946982405],[-60.35616327215863,45.910468810636836],[-60.356191447471474,45.910461992298096],[-60.356206848300914,45.9104561833173],[-60.35621954459144,45.9104513918142],[-60.35628139419127,45.910417000596816],[-60.35630291032627,45.91040921799418],[-60.356308524912556,45.91040665674218],[-60.3563258425988,45.91039876793752],[-60.35635522831248,45.910390897486025],[-60.356386069257034,45.910382250645235],[-60.356444778211525,45.910360495735816],[-60.35646903398629,45.91035149841211],[-60.356497203545274,45.91033909938052],[-60.356515446994806,45.9103301788862],[-60.356522680755326,45.910326647018216],[-60.35654775358776,45.910316192463576],[-60.35658674382973,45.9102999395365],[-60.356597218923255,45.91029603265577]]},"properties":{"OBJECTID":125081,"FEAT_CODE":"WALK20","FEAT_DESC":"Lake - Water to the right line","RIVNAME_1":"Bonds Meadow Brook","RIVNAME_2":" ","ZVALUE":8.9,"FID":null,"SHAPE_Length":532.6572019780996}},{"type":"Feature","id":131999,"geometry":{"type":"LineString","coordinates":[[-60.35722729063107,45.912474961306],[-60.357229442634214,45.912488836303844],[-60.357231415143744,45.91249590255953],[-60.357232639894825,45.912500251276754],[-60.357234573924686,45.912514643275124],[-60.357237690118616,45.91253808141112],[-60.35724126920382,45.91254498682954],[-60.35724220306102,45.91254677259373],[-60.357251935205255,45.91255905886097],[-60.357279925245074,45.91257272173686],[-60.35729705231694,45.9125810747792],[-60.35731211820714,45.912581513439676],[-60.357337659988644,45.91258129444941],[-60.357380761225315,45.91257788149032],[-60.35740898088419,45.91257286403326],[-60.35743707173347,45.91256784358851],[-60.35760572417588,45.91255446470538],[-60.35762409522211,45.91255345867187],[-60.35764838730152,45.91255213060175],[-60.357733959986845,45.912550690327116],[-60.35779884598678,45.912549599422995],[-60.357853704642636,45.9125486815143],[-60.357872647483156,45.9125489397785],[-60.357891633741616,45.91255099919967],[-60.35792709429221,45.91257000120576],[-60.357928427048684,45.912573434334924],[-60.35793295463584,45.912585078083914],[-60.35793505038846,45.91261263294866],[-60.35793581558563,45.912622587511066],[-60.357938449735926,45.91263255831183],[-60.35794171653911,45.91264495595813],[-60.35795168948092,45.91267389917502],[-60.35797736875082,45.912689794614295],[-60.35798733352793,45.91269474156595],[-60.35799639140203,45.9126992354975],[-60.35801141610113,45.91270597365683],[-60.35804259986155,45.912721087352644],[-60.3580467088321,45.91272308157923],[-60.35807518917722,45.912735657507746],[-60.358152281041335,45.91276971779741],[-60.35815341717881,45.91277946492093],[-60.35815402873241,45.912784780526756],[-60.358154413809046,45.91278617555499],[-60.35815723865186,45.91279620476662],[-60.35816112564631,45.91280287425804],[-60.358164382054234,45.91280843106628],[-60.358168258964824,45.91280960984995],[-60.35818332219335,45.91281417969045],[-60.358199480459746,45.91281632665015],[-60.35820625883511,45.91281723052544],[-60.3582237147141,45.91282137867082],[-60.35823061307938,45.91282301438345],[-60.358257544920654,45.912834258331515],[-60.358296115117724,45.91287196376764],[-60.35830331060256,45.912886081426464],[-60.35831316479699,45.91290395090745],[-60.35835934763001,45.912957853807974],[-60.35839966854284,45.9129912793338],[-60.358428219157474,45.91302112028933],[-60.35843074962511,45.91302377104786],[-60.35843796001079,45.913031057452706],[-60.35845918490073,45.91305251123264],[-60.358452050202594,45.913118321889925],[-60.35847118931914,45.91314432681666],[-60.35849173711028,45.91317325357408],[-60.35854751732483,45.91325370566865],[-60.35856257906003,45.913275421903734],[-60.35857101728536,45.913295958841765],[-60.35857628034241,45.91331302904251],[-60.35858463585221,45.91334019763852],[-60.35858509702204,45.913341891450905],[-60.35858596392197,45.91334508877697],[-60.358593442105196,45.91342224539374],[-60.3586002464068,45.913492410820226],[-60.35860095646116,45.91349972687381],[-60.358601891717385,45.91350936133595],[-60.3586023725886,45.91352313464587],[-60.35860254958506,45.913528098167674],[-60.35860277483594,45.913550515311044],[-60.358602871500906,45.91356912215169],[-60.35860301007658,45.91359173530718],[-60.35860263236386,45.91361055619457],[-60.35860251987894,45.913612110727044],[-60.358601179276455,45.91363301552394],[-60.35859677414137,45.91365925890317],[-60.35859596700308,45.91366403764741],[-60.35859068038416,45.91367489631211],[-60.35858768048117,45.91368104645904],[-60.3585754883251,45.91369883800545],[-60.358564413647926,45.91371617835753],[-60.358538823626596,45.91375624294347],[-60.35852269788243,45.91377323243487],[-60.358513134221134,45.91378183197666],[-60.35848881706853,45.91379834396078],[-60.35844251411927,45.91382979270154],[-60.3584235749985,45.91384302678204],[-60.3584073861895,45.91385265216339],[-60.358357728551674,45.91387463545903],[-60.35831976975529,45.913889490724074],[-60.358316471789635,45.9138907825504],[-60.3582593346088,45.9139125027713],[-60.358143367287994,45.9139516735968],[-60.3581059856917,45.91395953053942],[-60.358084139170785,45.913964470592084],[-60.35806728533869,45.91396827503933],[-60.35801286221134,45.913978185903204],[-60.35794318129599,45.91399087600464],[-60.357931866609825,45.913991541304966],[-60.35792029217245,45.91399224559834],[-60.357898309196614,45.91399598535514],[-60.35788546468654,45.91399818139093],[-60.35786781178952,45.91400034718129],[-60.357844063066366,45.914003254005465],[-60.357817705441526,45.9140057044276],[-60.357789016458845,45.914008370925],[-60.35776743725445,45.91400958178004],[-60.35774197188621,45.91401062170611],[-60.357656611006746,45.91402438895291],[-60.35760994543629,45.91402951969677],[-60.35757571412124,45.91403321899569],[-60.35756328412814,45.91403456051239],[-60.35752318655942,45.91403688194587],[-60.357453832310135,45.91403834633902],[-60.35739939945775,45.914039498930144],[-60.357363334699336,45.91404460486259],[-60.35732326763557,45.91404872708692],[-60.357279278285304,45.91405751093728],[-60.357244450698516,45.91406344653188],[-60.35720578404059,45.91407039136417],[-60.35710581601289,45.914085179266564],[-60.35705782726514,45.914089388084726],[-60.356987791396676,45.91409705595543],[-60.35697377881228,45.914098594799654],[-60.35696808989319,45.9140989131699],[-60.35686436818334,45.9141270251389],[-60.356852647447596,45.91413352243755],[-60.35685205157924,45.91413385067521],[-60.356849562856524,45.91413493617031],[-60.356817285883125,45.91414906737204],[-60.356759358010876,45.91417139859473],[-60.356728593207364,45.914183827623134],[-60.35671990249066,45.914187073757184],[-60.356695247949524,45.91419628692087],[-60.356677856815246,45.914203526023066],[-60.356656570930426,45.91421240311796],[-60.356609549039,45.91423805597477],[-60.3565840928207,45.914255999311486],[-60.35657433918294,45.914261804052494],[-60.356550770747575,45.9142758397399],[-60.356482838638804,45.91431630082224],[-60.35646970397097,45.91432650067235],[-60.35645739995219,45.91433604469163],[-60.35643333754328,45.91435124802123],[-60.35637272593886,45.91439205851872],[-60.356346040956005,45.91441089143539],[-60.356255233013385,45.91447115555164],[-60.35625494548928,45.91447177894947],[-60.35613364883202,45.914559545551164],[-60.35609891832981,45.914574825848995],[-60.35607343000517,45.91458719684786],[-60.35603613681107,45.91461624298494],[-60.35602349567579,45.914626094179134],[-60.355992779405625,45.91464590476855],[-60.355956798265716,45.91466199313875],[-60.355942180381156,45.91466839626183],[-60.35592203200024,45.914677209549176],[-60.355882997288006,45.91468998691466],[-60.35586144033757,45.914695878327954],[-60.355798545492455,45.91470874224879],[-60.35578553188637,45.91471042108856],[-60.355759750264845,45.914713766448834],[-60.35571442657897,45.91471506615668],[-60.35568837212987,45.914715740953724],[-60.35565981193769,45.914716501733714],[-60.35563715995283,45.91471613021028],[-60.35562231553675,45.91471590347587],[-60.355595740722585,45.91471477504755],[-60.35559413188524,45.91471471078971],[-60.355589669397936,45.914714184416255],[-60.35556848535859,45.91471168668599],[-60.355497680443015,45.91469644686101],[-60.355479899248714,45.914692623795084],[-60.3554756272941,45.914691615787596],[-60.3554515898757,45.91468593768908],[-60.35542065671095,45.91467748066608],[-60.35530688331038,45.914653874001075],[-60.35527467626529,45.91465322711186],[-60.35524752684643,45.914653336402566],[-60.35524515376226,45.91465334444772],[-60.355142025006,45.91465239607772],[-60.35510066865505,45.914651618241066],[-60.35505660730968,45.91465077773768],[-60.35499768436097,45.91464952998791],[-60.35496849317397,45.914648916862475],[-60.35491914632074,45.914647773865894],[-60.35474743923608,45.914643886541526],[-60.35472723307479,45.91464414754254],[-60.35470936183806,45.914644660644534],[-60.35469116729543,45.914645193256796],[-60.35464174356422,45.914645938522256],[-60.35455528426389,45.914650497212385],[-60.354333408976224,45.914662197505606],[-60.35431984135512,45.91466332329628],[-60.354299563205245,45.91466645380124],[-60.35428397483137,45.91466885588459],[-60.354272673077816,45.91467060121478],[-60.3542645275793,45.91467241066869],[-60.35424191493396,45.91467744924587],[-60.35421115250721,45.9146843871772],[-60.35419803218754,45.91468722446355],[-60.35418822124974,45.91468934635564],[-60.35413043407094,45.914692957889294],[-60.35401064340613,45.91470044320519],[-60.3540075349841,45.91470127125849],[-60.35398518783328,45.91470723401563],[-60.353963293591185,45.91471506142264],[-60.35395303511767,45.91471873005886],[-60.353926970271154,45.91472775693271],[-60.353922354506786,45.914729369127016],[-60.35385951301541,45.914749505842344],[-60.3538246974923,45.91475733983637],[-60.35380729820163,45.91476067197527],[-60.35378863620053,45.91476425387526],[-60.353767859635376,45.914768101798956],[-60.3537243671363,45.91477617573016],[-60.353703266076295,45.91478061017372],[-60.35368698442105,45.91478403119908],[-60.353671035803714,45.9147866858731],[-60.35364566381925,45.91479090432291],[-60.35360961579441,45.91479780961187],[-60.35358682016417,45.91480072863634],[-60.353577440091044,45.91480192438024],[-60.353477030577594,45.9148115774306],[-60.35344357956786,45.91481295337195],[-60.353406114099734,45.91481712551364],[-60.35338235655785,45.914819392149695],[-60.35337269304691,45.91482031128446],[-60.35333663209185,45.91482721618751],[-60.353335462540755,45.91482740509992],[-60.35329920987496,45.914833189451706],[-60.35326309241017,45.914836402703635],[-60.3532607665664,45.91483650181018],[-60.353236214472126,45.91483757989937],[-60.353202793399454,45.91484076561996],[-60.35317193991163,45.91484392083459],[-60.35314906324232,45.91484528975979],[-60.353146241982195,45.914845773415266],[-60.35312488266096,45.914849400696774],[-60.35310328211813,45.914853490423454],[-60.35309883415237,45.91485482744975],[-60.353085225051174,45.914864412861604],[-60.35306907873456,45.91487582962486],[-60.3530613696144,45.91488120441416],[-60.353059342411804,45.91488261555132],[-60.35305660328543,45.91488381216967],[-60.3530457794383,45.91488852071027],[-60.35303491555936,45.91489027606744],[-60.35303213464999,45.91489072465228],[-60.35302764769868,45.914890170609176],[-60.35302435387568,45.9148892031838],[-60.3530233237777,45.91488890028277],[-60.3530186231698,45.9148868741604],[-60.353016247317925,45.91488585600659],[-60.35299844403932,45.91487545247453],[-60.35298345309485,45.914865024121],[-60.35297609534996,45.91486165829504],[-60.35296793033508,45.91485791372521],[-60.3529473075375,45.914857714714586],[-60.35294099201701,45.9148576493276],[-60.352912847357935,45.914858347045666],[-60.3528807614102,45.91486057353515],[-60.35284987324734,45.91486201771145],[-60.35281241198807,45.914866099747975],[-60.35279926765488,45.91486727117325],[-60.35277639752826,45.91486931523359],[-60.352750764509615,45.914869261065384],[-60.3527358524943,45.914868015300534],[-60.35272859191061,45.91486775697872],[-60.352706243825644,45.9148669598809],[-60.352696578399794,45.91486683482398],[-60.35258959278593,45.914860484277874],[-60.35257567170944,45.91485900944339],[-60.35256136591638,45.9148574896851],[-60.352543353219964,45.914854740887314],[-60.352523855747116,45.914851759646986],[-60.35239521480641,45.914809461808694],[-60.35235155133728,45.91479511031909],[-60.35233652804277,45.914788074422795],[-60.35233516556851,45.91478743978132],[-60.35231889145406,45.9147798618377],[-60.3523036879491,45.91477092259498],[-60.35230120427221,45.91476946088819],[-60.35228738610217,45.91476175986722],[-60.35220093128336,45.914732617970124],[-60.35215260173032,45.91471633105592],[-60.352145066084226,45.91471426616378],[-60.35213502285061,45.91471151307306],[-60.35212858075617,45.91470923051516],[-60.3521186889683,45.91470573387014],[-60.35210916863261,45.91470256086444],[-60.35209839148729,45.91469897168235],[-60.35206458743548,45.91468609080392],[-60.35200955573199,45.914665130031096],[-60.35198649418856,45.91465656657967],[-60.35196616554314,45.914648021491836],[-60.35191759297821,45.91462546430206],[-60.35189062269183,45.914612327804356],[-60.35188168104165,45.91460837613052],[-60.35186094358013,45.91459920949083],[-60.35175614847657,45.91454143351688],[-60.3517500499284,45.914536539678465],[-60.351739753423324,45.91452827220394],[-60.35172069233224,45.914516939224306],[-60.35170522132672,45.91450685059905],[-60.35167329041838,45.91448604735641],[-60.351663852922464,45.91447950994398],[-60.35165168268311,45.91447105499468],[-60.35162997191266,45.91445606023926],[-60.35160816612722,45.91443737295756],[-60.35159044370836,45.914419590442726],[-60.35157137753741,45.91440267683836],[-60.351553124072176,45.91438521503028],[-60.351550915983445,45.91438311164258],[-60.351550404091455,45.914382487717816],[-60.35153590199839,45.91436531992754],[-60.35152620764754,45.914352259983936],[-60.35152475396609,45.914350291102394],[-60.35151223142024,45.91433433932065],[-60.35150907504374,45.91433048578968],[-60.3514913950388,45.91430883390865],[-60.35147891144021,45.91429477318959],[-60.35146050701416,45.91427235743772],[-60.351457946280256,45.914269264784544],[-60.35145201065232,45.91425959529592],[-60.351448133020135,45.914253285824415],[-60.35143969385336,45.914238238810796],[-60.35143572995111,45.914232116354285],[-60.351431164810194,45.9142250798752],[-60.351422712305,45.91420408303716],[-60.35141617459778,45.91418782901495],[-60.35141594266235,45.91418728358892],[-60.351415744539345,45.91418602788573],[-60.351415667092155,45.9141849459962],[-60.351415718880844,45.91418385810331],[-60.35142182258614,45.9141721186432],[-60.35142371757039,45.91417077647463],[-60.35142622732686,45.91416898052424],[-60.351438544578606,45.91416215558805],[-60.35144967516496,45.914155879177756],[-60.35145219270552,45.91415446143997],[-60.351458655677696,45.91415061499127],[-60.35149771126422,45.91412738972005],[-60.35150477620266,45.914123629236194]]},"properties":{"OBJECTID":131999,"FEAT_CODE":"WALK20","FEAT_DESC":"Lake - Water to the right line","RIVNAME_1":"Bonds Meadow Brook","RIVNAME_2":" ","ZVALUE":8.9,"FID":null,"SHAPE_Length":851.7097747627076}},{"type":"Feature","id":132000,"geometry":{"type":"LineString","coordinates":[[-60.35150477620266,45.914123629236194],[-60.35151014746209,45.914120774552664],[-60.35152258365704,45.914114159383864],[-60.35154746849089,45.914100938331565],[-60.35155850293705,45.914095055715116],[-60.35158094104349,45.91408311902629],[-60.35159720033706,45.91407447733193],[-60.35162663873697,45.91405742852823],[-60.351635611555565,45.914052596186686],[-60.35165998842237,45.91403948033934],[-60.351699835255616,45.91401967564268],[-60.35174028912558,45.913999578983194],[-60.351771067760716,45.91398715161949],[-60.35177590163781,45.91398556257173],[-60.35178588366439,45.91398228375432],[-60.35180052869234,45.913977483930815],[-60.351832621863686,45.9139696774312],[-60.351865279681114,45.9139567805756],[-60.3519165987117,45.913936521775135],[-60.35195385568219,45.913923173495974],[-60.351976394418436,45.91391318323067],[-60.351996535365416,45.9139042624573],[-60.352006697390436,45.91389909763116],[-60.35203380040825,45.913885324856395],[-60.35206985909249,45.913867349356124],[-60.35210840831957,45.91385123174915],[-60.352212449949334,45.91380017953721],[-60.35221660364327,45.91379825067174],[-60.3522431722578,45.91378595058454],[-60.35225722968404,45.913780218998824],[-60.35228050602208,45.913770713815914],[-60.352296808173556,45.91376279307763],[-60.35232314181611,45.91375001048258],[-60.352354455071364,45.91373447208701],[-60.35236700149114,45.91372824641504],[-60.352408332020765,45.91371031202893],[-60.352456231705524,45.91368765150813],[-60.352498781807405,45.91366874627787],[-60.352510994720525,45.91366329592571],[-60.352520256475124,45.91365916327301],[-60.352542635719445,45.913651707417394],[-60.352588901992156,45.9136362726],[-60.35260656046615,45.91363128151167],[-60.35263331185197,45.91362164080012],[-60.35263748795068,45.913620324491596],[-60.35266670946678,45.9136110740654],[-60.352697461925885,45.913598645844765],[-60.35272565972219,45.91358624840151],[-60.35275108882516,45.91357756709475],[-60.35278184124754,45.9135651388505],[-60.35281919330625,45.91355547381096],[-60.35284870858802,45.9135422158011],[-60.3528558103414,45.91353876211334],[-60.3528819724546,45.91352605641998],[-60.352918031066345,45.913508071648884],[-60.352943519128345,45.91349571034782],[-60.35296233188746,45.91348976487603],[-60.35297948779327,45.91348395201049],[-60.35298791590651,45.913481078106614],[-60.3530082660606,45.91347452920836],[-60.35302654642243,45.91346866139308],[-60.35306522103769,45.91345802784264],[-60.35310174865387,45.91344617441336],[-60.353109227108156,45.91344374652911],[-60.35314394676181,45.91343222021212],[-60.353168083884846,45.91342629910754],[-60.35318763266947,45.91342358393596],[-60.353197549603465,45.91342221165116],[-60.35323505641378,45.91341444022559],[-60.35327897358965,45.91340744741625],[-60.35332172344542,45.91340330778417],[-60.35337104186239,45.91339635011475],[-60.353405805766535,45.91339229538917],[-60.35342473935407,45.913390042960366],[-60.35342957034296,45.91338959687435],[-60.35344895912868,45.91338780503],[-60.35345756542348,45.913387419435566],[-60.353479726260595,45.91338644789515],[-60.35352905217782,45.91337390984905],[-60.35355408764671,45.91337133076894],[-60.353559763143664,45.91337075123543],[-60.35373563983372,45.91335439521964],[-60.35376771164025,45.91335027799943],[-60.353805163212954,45.913346105417546],[-60.35384397136381,45.91334106418047],[-60.353882711515276,45.913339621665614],[-60.35391349149573,45.913338264711506],[-60.35394174222646,45.91333504898751],[-60.35396852905237,45.9133327894218],[-60.353997981790926,45.91332870145793],[-60.354022170682356,45.913324671535534],[-60.354050308679305,45.91331596269815],[-60.354056241083136,45.9133140479767],[-60.35407453587927,45.91330814432485],[-60.35410267343256,45.91329944446503],[-60.35412819198759,45.91328887476061],[-60.354141716348074,45.91328349962358],[-60.3541523625612,45.913279263904016],[-60.35418051339652,45.91327055533195],[-60.35420458090865,45.91326094207643],[-60.35422879475593,45.91325313236178],[-60.35425688938668,45.913242622313135],[-60.35428766163803,45.91322461364019],[-60.35431709450757,45.91320765402141],[-60.35434906872502,45.913188773101275],[-60.35437976444765,45.913172643793004],[-60.35440527275349,45.91315659231539],[-60.35442675434796,45.913141428629785],[-60.354452064791644,45.9131216732381],[-60.354480130879104,45.91309820135304],[-60.354509449254984,45.913070087068256],[-60.35453742910204,45.91304300385916],[-60.35456249610372,45.91302158666007],[-60.35457465999293,45.913011193524106],[-60.3545929065553,45.912997079962174],[-60.354601434633814,45.91299047293199],[-60.35462945370701,45.91297069924058],[-60.35464564602576,45.91295558400049],[-60.354664533359625,45.91294046818271],[-60.35467608325133,45.91292807164067],[-60.354684657134335,45.91291887344119],[-60.354707394843544,45.912893558920125],[-60.354719636047086,45.91287747006703],[-60.354748828938355,45.91284385333794],[-60.35475453140734,45.91282697396059],[-60.354755041553524,45.91282329545868],[-60.354755742056966,45.912818325254186],[-60.35488396921229,45.91265661722341],[-60.354889583443956,45.9126470174248],[-60.35493231309877,45.91259798983987],[-60.35495654887041,45.91257018074872],[-60.354961701248186,45.91256324348],[-60.354973893714245,45.91254682044139],[-60.3549912130549,45.91252670882168],[-60.35499410654929,45.912523346544596],[-60.35500306338642,45.912512600056175],[-60.3550128426246,45.912500828525154],[-60.355045205815216,45.91246507095776],[-60.35506134253519,45.912446237048655],[-60.35507041703856,45.91243572730045],[-60.35507156352981,45.91243439473728],[-60.355077553534855,45.91242746786312],[-60.35511946855486,45.91238119357878],[-60.35512773523994,45.91236977403897],[-60.35513462594538,45.912362616001026],[-60.35513873726854,45.91235831884289],[-60.35514653841038,45.912348283639986],[-60.35514835145071,45.91234594942585],[-60.355159349623854,45.912334575145486],[-60.35516886074129,45.91232410250393],[-60.35516946856572,45.91232352253011],[-60.3551772097934,45.912316375187395],[-60.35519079215329,45.912304889740255],[-60.35520977182985,45.91229162112966],[-60.35526233759052,45.91226189387576],[-60.355277280291,45.91225135800288],[-60.35529342580975,45.91223993190528],[-60.355297321068356,45.91223719587293],[-60.35530968596319,45.91222853546261],[-60.35532759022428,45.91221591698479],[-60.355336915395156,45.91220935536153],[-60.35535052345023,45.912199769654684],[-60.35536282648477,45.91219295296559],[-60.35539264219548,45.91217931422082],[-60.35540634637014,45.91217340305106],[-60.35541993205471,45.912167543140264],[-60.355437418110625,45.91215883929979],[-60.35547030596351,45.912146216761855],[-60.35547792399714,45.912143287910986],[-60.35549196237136,45.91213821254193],[-60.35549944091634,45.91213550547886],[-60.35550691946062,45.91213279841527],[-60.35552095782966,45.91212772304254],[-60.355543805503316,45.91211907134112],[-60.35555753925495,45.912114978995426],[-60.3555610805576,45.91211344986258],[-60.35557770652296,45.91210629221885],[-60.35559118876284,45.91209880975199],[-60.3556017552812,45.91209298791432],[-60.35562209297324,45.91208614123526],[-60.3556938261085,45.91207988162473],[-60.35571141174461,45.91207884871171],[-60.355722234102544,45.912078496259845],[-60.35572910481975,45.912078268322745],[-60.35576961747161,45.912077766289286],[-60.35579386243234,45.912077697632334],[-60.35581021186533,45.91207798619648],[-60.35586174186314,45.912079269368554],[-60.355864687680175,45.912079688607896],[-60.35601056639684,45.91212222865171],[-60.35602562805033,45.91212899493172],[-60.356054590744655,45.9121438867342],[-60.356056554368415,45.91214489528096],[-60.356057564290786,45.91214535070087],[-60.35608747897654,45.91215893242096],[-60.35617897147696,45.9121927334092],[-60.35620327887112,45.91220220693589],[-60.35620539913598,45.91220290407931],[-60.35628948499083,45.91223057498782],[-60.356303376198625,45.91223863724867],[-60.35630577056621,45.9122400787997],[-60.35638175411611,45.912261333527454],[-60.35641007230441,45.912273510085306],[-60.356421218935026,45.912278817562765],[-60.356435668468905,45.91228571363046],[-60.35648649183927,45.91229346072232],[-60.35649485983033,45.91229374444076],[-60.35649771500848,45.91229390054295],[-60.35650849170105,45.9122945100426],[-60.35653010515171,45.91229555041374],[-60.35654336139033,45.91229825148415],[-60.3565601289875,45.91230168189146],[-60.35656864567901,45.91231484916053],[-60.356572534246055,45.91233939428907],[-60.356583618380064,45.9123471035117],[-60.35660251481311,45.91235105123185],[-60.35660481584191,45.91235174355135],[-60.35662162078965,45.91235683095734],[-60.356628423633126,45.91236156082376],[-60.3566325920002,45.91236447455579],[-60.356639744048174,45.912376782159356],[-60.356654028714274,45.912393935270146],[-60.35666642042861,45.912400720669424],[-60.35668695128646,45.91240419316394],[-60.35670173727409,45.91240672260749],[-60.356718082609724,45.9124073709776],[-60.35676729148374,45.91240866301834],[-60.35677307394419,45.912408814863895],[-60.35679342502959,45.91240928591897],[-60.356796229974435,45.912409413848614],[-60.35680964974554,45.91241003049262],[-60.35686481705225,45.91241292753305],[-60.35688190383813,45.91241344002784],[-60.35689031177313,45.91241369763942],[-60.35689826376781,45.91241405270681],[-60.35691064150762,45.912414618218314],[-60.35696753887193,45.91241665517395],[-60.356978577610924,45.91241772073305],[-60.35700537513215,45.912429339901976],[-60.35701435759757,45.912433247115985],[-60.35701542609281,45.91243436994059],[-60.3570159989297,45.912436426375194],[-60.35701676261538,45.91243935130158],[-60.35702583846536,45.91246789580566],[-60.35702639208458,45.91247035683044],[-60.35702777655993,45.91247650040145],[-60.35703220224027,45.912483227403264],[-60.35703973337634,45.912484841829986],[-60.35704298181318,45.9124848630077],[-60.35704540504684,45.91248488308824],[-60.35704709060972,45.91248468807891],[-60.35706441264816,45.912474819093134]]},"properties":{"OBJECTID":132000,"FEAT_CODE":"WALK20","FEAT_DESC":"Lake - Water to the right line","RIVNAME_1":"Bonds Meadow Brook","RIVNAME_2":" ","ZVALUE":8.9,"FID":null,"SHAPE_Length":538.7569682470878}},{"type":"Feature","id":156511,"geometry":{"type":"LineString","coordinates":[[-60.34360210727773,45.91540207677988],[-60.34359917927095,45.91538426813624],[-60.34359530145729,45.91536069490202],[-60.34358436232062,45.91533971164454],[-60.34357097748606,45.915314045093915],[-60.34344951317806,45.915141014792866],[-60.3434289479234,45.91507047432038],[-60.34341704829888,45.915029639987644],[-60.34334262175086,45.91487588539337],[-60.343272638114364,45.914820828636564],[-60.34320429392012,45.91476708808909],[-60.34308834706786,45.914768575836604],[-60.342970116012935,45.91477010032635],[-60.3427946313534,45.91477241665517],[-60.34268500997122,45.91475621163707],[-60.34264571231552,45.91475040075023],[-60.3426366716974,45.914529041239724],[-60.34262192417881,45.91440610744924],[-60.34259575147148,45.914340143736155],[-60.3425929216337,45.914332976268845],[-60.34257554519866,45.914320969899386],[-60.34241179421031,45.91420779066875],[-60.34237745138274,45.9140898912839],[-60.34235412786235,45.91402475888641],[-60.3423067991864,45.91389257004591],[-60.342176242683955,45.91381931640197],[-60.34215434111424,45.913807024631204],[-60.342124219375734,45.913807277635954],[-60.34206894266265,45.913807737211236],[-60.341857223762915,45.913823600967255],[-60.34170970596424,45.91384248899156],[-60.34139649163883,45.91386670010584],[-60.341148764260545,45.913829249668844],[-60.34107175695047,45.91377283090879],[-60.34088646297962,45.9137325042189],[-60.3406478132797,45.913791122381845],[-60.34060270345371,45.91383624586222],[-60.34055536394412,45.91390966985537],[-60.340491332969556,45.914033649512106],[-60.34048232429658,45.91405108123501],[-60.34043430603216,45.91412493940746],[-60.340406519658934,45.91417398557135],[-60.340368256473305,45.914241500341205],[-60.3402735350514,45.91434820364191],[-60.34019153328081,45.91440785902805],[-60.34012430698301,45.91445676955285],[-60.339979616296034,45.91454863650525],[-60.339773140252234,45.91464086412283],[-60.33974656475211,45.914638408870076],[-60.33970663753287,45.91463471548832],[-60.33959444291034,45.914613290104235],[-60.33938020986684,45.914611269149475],[-60.33923248410714,45.91461044641984],[-60.33919509619833,45.914606505999],[-60.33903232775681,45.914589383124],[-60.33887750150338,45.91457498331659],[-60.3387131687665,45.9145733138741],[-60.338640236201705,45.91458863464341],[-60.33853002255862,45.91461179923749]]},"properties":{"OBJECTID":156511,"FEAT_CODE":"WARV10","FEAT_DESC":"Double Line River - Water to the left line","RIVNAME_1":"Bonds Meadow Brook","RIVNAME_2":" ","ZVALUE":8.4,"FID":null,"SHAPE_Length":579.3208992413503}},{"type":"Feature","id":160734,"geometry":{"type":"LineString","coordinates":[[-60.3554459965069,45.92065934148202],[-60.35542714799096,45.920647275995364],[-60.35541035148532,45.92063653613559],[-60.35531454768624,45.92060986236053],[-60.35519390191239,45.92061363881245],[-60.355095782344286,45.92063512833597],[-60.35493153284983,45.920693429337064],[-60.35465183224149,45.920803546399085],[-60.3545815451718,45.920831224686836],[-60.354563275507346,45.92083980222765],[-60.354496212264614,45.92087128146285],[-60.354430382831325,45.92091016987194],[-60.354351401405864,45.92095822235277],[-60.354294134291,45.92099306068783],[-60.35414990880396,45.92108367819579],[-60.35408644134942,45.921119533867795],[-60.35408270415311,45.92112164346489],[-60.353955389430986,45.92119808030188],[-60.353930909941276,45.921214110501445],[-60.35390664382765,45.9212299926269],[-60.35386389417081,45.921262466904054],[-60.35384109516027,45.92127976912916],[-60.35376508337091,45.92132772800142],[-60.353730474122365,45.921349571939984],[-60.35365565109593,45.921403984834406],[-60.35345340990812,45.92155106894223],[-60.353412246205714,45.92158706310148],[-60.353349524856796,45.921641909271806],[-60.35321316787266,45.92173784739207],[-60.35306192314301,45.921837400607224],[-60.353016923742224,45.92186536703933],[-60.352976602731445,45.92189041763886],[-60.35292727028824,45.92192515118287],[-60.35282326689411,45.92199839178756],[-60.35278885282633,45.92204402899147],[-60.352775083716246,45.922058021026025],[-60.352750228887494,45.922083277057446],[-60.35270419895651,45.92213180423065],[-60.35262849654501,45.92218351383378],[-60.352522818513506,45.922249649738646],[-60.35243129746564,45.922310983329055],[-60.35237987475947,45.92236712600204],[-60.352373878645054,45.922411810801954],[-60.35239506264136,45.92248481212364],[-60.35240577668222,45.92252172964748],[-60.35244804161408,45.922555292307386],[-60.352509772732965,45.92259119641071],[-60.35260128792511,45.92262212048006],[-60.35270363375056,45.92261977669695],[-60.35270870779889,45.92261966030308],[-60.35276033076774,45.922613503382394],[-60.352875522560545,45.922599765236555],[-60.35299893644202,45.92261081665175],[-60.35306087441674,45.922623683288904],[-60.353096672786066,45.92263053455867],[-60.35312399749437,45.92263576729196],[-60.35316415737414,45.922653952588846],[-60.35320657751741,45.922673153340796],[-60.35324010638784,45.922691922983155],[-60.353343686911096,45.9227593091754],[-60.35335120682697,45.92277040138825],[-60.35335236357282,45.922772111340514],[-60.35341336237796,45.9228863046442],[-60.35341553224722,45.922926894381995],[-60.35341800286343,45.92297308956588],[-60.35336662344493,45.92310150983002],[-60.353359659789575,45.92311802685827],[-60.35334176151262,45.92316051869345],[-60.35332906413082,45.923196434494265],[-60.353326709043394,45.92320310348363],[-60.353289756566255,45.92325058116175],[-60.353205679642116,45.92330452725372],[-60.35315700069477,45.92331086962255],[-60.35305469558816,45.92332262955859],[-60.353052503017615,45.92332317278788],[-60.35296713867899,45.92334400204939],[-60.352855633865836,45.92335096717153],[-60.35279756462539,45.923350287135634],[-60.35277673512226,45.923350029302625],[-60.35260116636221,45.92331805688979],[-60.352502347114395,45.92329993359368],[-60.352443089175786,45.923290630087614],[-60.35231469710644,45.92328117279868],[-60.35225062606554,45.92328194646591],[-60.35220473785075,45.92328249363546],[-60.35218066462684,45.92328318657099],[-60.352156191176576,45.92328388822304],[-60.35206607288263,45.923294039682965],[-60.35203487391093,45.92330435119163],[-60.35199202597681,45.92331851492531],[-60.35190318358938,45.92333816464803],[-60.351783227464516,45.92336470742702],[-60.351737256221234,45.92339354188972],[-60.3517292532641,45.92339855874047],[-60.351711654584214,45.9234114357481],[-60.35168073257049,45.92343407563091],[-60.3516485335276,45.92345753196149],[-60.35159556032989,45.92349256752462],[-60.35156968914739,45.923509077982686],[-60.35153620957902,45.923530443408396],[-60.35151522602716,45.92355508689062],[-60.35150697420463,45.92356478735278],[-60.35148612179115,45.92362649002242],[-60.35147244286075,45.923675406958964],[-60.351470880380106,45.923730698425494],[-60.351470562893596,45.9237416989981],[-60.35147093655764,45.92379289501652],[-60.35147099645464,45.92380030403547],[-60.35146886241279,45.92383184722719],[-60.35143916486072,45.92387589225949],[-60.35139997038214,45.923884010983805],[-60.351378985896105,45.92388835769299],[-60.35129393155767,45.923961955377585],[-60.35127191115271,45.923981012292124],[-60.351225798948526,45.92401468568938],[-60.35115352236672,45.92405639291025],[-60.35107345936609,45.924096398341106],[-60.35102153829363,45.92412286231066],[-60.350989536864326,45.924139176430536],[-60.350928368478584,45.92417051128037],[-60.35091339037443,45.9241781835072],[-60.35084881716039,45.92421790905026],[-60.35075879484174,45.92428557659206],[-60.35065921556362,45.924339431188606],[-60.350632102829536,45.92435410347553],[-60.35061573781613,45.92436381366275],[-60.35056494401729,45.92439394888676],[-60.350525000777914,45.92441750425174],[-60.35048012471167,45.924442268266894],[-60.35046287884632,45.92445178698063],[-60.35038353142822,45.92448757816969],[-60.350355217425026,45.92450932412186],[-60.35033573953729,45.92452427249358],[-60.35031445361332,45.92454197814821],[-60.350279334729926,45.92457119883722],[-60.35017702382762,45.92462985004259],[-60.35008388877104,45.92468323261475],[-60.3500262733901,45.92470412753315],[-60.35002428293448,45.92475916602214],[-60.35001195635065,45.92476694466363],[-60.3499499523678,45.924806045258435],[-60.34987459788657,45.92483408008637],[-60.349819238097936,45.92483578361071],[-60.34977423765413,45.924837160475434],[-60.34974317709392,45.92483317235444],[-60.34963463759517,45.924819249369605],[-60.34959174900339,45.92479173771817],[-60.34956416588651,45.9247740500864],[-60.349506079631766,45.9247317484467],[-60.349480086962146,45.92470369282463],[-60.34946086058009,45.92468791827415],[-60.34943378939639,45.92466571510797],[-60.34941518831903,45.924654140418895],[-60.34939308022317,45.92464037814685],[-60.349353310312225,45.92460318196305],[-60.349345599553786,45.9245931291476],[-60.34933656380409,45.924581380435264],[-60.3493340167023,45.92455986349025],[-60.349328749711034,45.92451531346071],[-60.3493375951251,45.92448938055419],[-60.34934732618454,45.924460830979775],[-60.349369474209006,45.92443045443683],[-60.349387910695505,45.924405158180335],[-60.349402097191124,45.92438541575553],[-60.34942727991153,45.924350357234914],[-60.34944384738607,45.92433261423397],[-60.34944901119565,45.9243270996093],[-60.34948234559761,45.92430177109093],[-60.34951244228804,45.9242788876302],[-60.34954816267633,45.9242584298802],[-60.34960593316179,45.924225342765546],[-60.34963566057273,45.924207500130834],[-60.349648805141,45.924199605502366],[-60.349687010488815,45.9241475676917],[-60.34969826889466,45.924092915311135],[-60.34973530910276,45.92391889907226],[-60.34972605027057,45.92384010751054],[-60.34972000435823,45.92380242500352],[-60.34971839200595,45.923792414735615],[-60.349713632781274,45.92377861411856],[-60.34965888962254,45.923747371070625],[-60.34962629119614,45.92370611105668],[-60.34960068817715,45.92366420332149],[-60.34955860535749,45.92363793445731],[-60.3494537654731,45.92361056900945],[-60.34936469742193,45.92361192196159],[-60.34934492486475,45.92362141786283],[-60.349342535634136,45.923622568508186],[-60.3493330374381,45.923634328061176],[-60.34929497805573,45.923681409723045],[-60.34922736065781,45.92373087452535],[-60.34917364256676,45.92374686405502],[-60.34914152420542,45.92375642436893],[-60.34911276037752,45.9237600050285],[-60.349104949972464,45.9237609758204],[-60.349004292119076,45.92377034015615],[-60.34895840513235,45.92377409932194],[-60.34891273843659,45.92377783658105],[-60.34884624013762,45.923791909123835],[-60.348844859112866,45.923792201089924],[-60.34862776690045,45.92381748451071],[-60.34860951202405,45.923825170364395],[-60.34856787159364,45.92384265512819],[-60.34852642007177,45.923859964247626],[-60.348441940048254,45.92388464498261],[-60.34832935428827,45.92392236320131],[-60.348217842285464,45.92395378770528],[-60.34814884945482,45.92396769390634],[-60.34812654206785,45.923972189312536],[-60.348043765396724,45.92401415477515],[-60.34800423667635,45.924043065340705],[-60.34796862795072,45.92406333618544],[-60.34793583100298,45.92408198017497],[-60.34790576704029,45.92409091279425],[-60.347837021276646,45.9241207288976],[-60.34780670441854,45.92415281458741],[-60.34779722456788,45.92416282828977],[-60.34776018018286,45.92420671073747],[-60.34773809518913,45.924234667227935],[-60.34773602293459,45.92423728332554],[-60.347682369084545,45.92429139188695],[-60.34765292027919,45.92431663011266],[-60.347574487631206,45.92436836295085],[-60.34754369707661,45.9243863063659],[-60.34753706385536,45.92439017563726],[-60.347459708001296,45.924435551864505],[-60.34739009953254,45.92447532950796],[-60.347364063703964,45.92448876592667],[-60.34723025275264,45.92457719537829],[-60.347132478292785,45.92464179973502],[-60.34707608368124,45.92468980482626],[-60.347039853477085,45.924720654843114],[-60.34702675727929,45.9247337437362],[-60.34699866858095,45.924761821628366],[-60.346991859336065,45.9247677569545],[-60.346971752797984,45.92478531837117],[-60.34691922251539,45.92483477227629],[-60.34689864204689,45.92487010818092],[-60.346885240616785,45.92489310880915],[-60.3468688997277,45.924910136641486],[-60.3468378715943,45.92494251157262],[-60.34678587097455,45.925021410222385],[-60.346776494456165,45.925063855995404],[-60.34677721387891,45.92510257599867],[-60.346791675441494,45.92528093811779],[-60.34680584759795,45.92531207700506],[-60.346827619756624,45.92535990886695],[-60.34685916617325,45.925423467127075],[-60.34693180691973,45.925498601008954],[-60.347170405489734,45.92568262913893],[-60.34719404371887,45.92569919061983],[-60.347221825452486,45.92571865658734],[-60.34733349283907,45.925815749573545],[-60.34739754400474,45.925871430992736],[-60.34741713324761,45.925889869542594],[-60.34744273388031,45.925913965189544],[-60.34756745318717,45.92600784181311],[-60.34764829579001,45.92606870150654],[-60.347762876474604,45.926168291936214],[-60.34784471319832,45.926239417445366],[-60.34787998693438,45.92627218036001],[-60.3478991800455,45.92629000657468],[-60.347914641035636,45.92630522589845],[-60.34796053186585,45.926350386386524],[-60.348059419651186,45.926432339605476],[-60.348146381461554,45.92650987544489],[-60.3481663526264,45.92652951083332],[-60.34820232653003,45.926564909127336],[-60.34826830490364,45.926633766913845],[-60.34827905988053,45.92664597866468],[-60.34830611334145,45.92667667840635],[-60.348349987276386,45.92683854078856],[-60.34832618761275,45.926877825531776],[-60.34830965415534,45.92690510996343],[-60.34827062331848,45.926980071071384],[-60.34825747176879,45.92700215957874],[-60.34820472333462,45.927090789313205],[-60.34812109492242,45.92719460627868],[-60.34808980884861,45.92721533756616],[-60.34803971689829,45.92724852121442],[-60.34797798815337,45.92728013848764],[-60.34792086037991,45.92730939637048],[-60.347861414292986,45.92731559443677],[-60.34781080810918,45.92732088168197],[-60.347711966511504,45.927333941373185],[-60.347637007725524,45.92734384737471],[-60.34754424085986,45.927352313612836],[-60.34746806352784,45.92735423452678],[-60.34744711497959,45.92735481902904],[-60.34739054629635,45.927356394289056],[-60.34723230302919,45.92736930684941],[-60.347152708754166,45.927375801571785],[-60.346964285599995,45.927360560340155],[-60.346886090601906,45.92735421629516],[-60.34684721055566,45.92734973069306],[-60.346710354839544,45.92733393195482],[-60.346653949299295,45.9273342505333],[-60.34664146063921,45.92733432039114],[-60.346637404421834,45.92733472118701],[-60.34662812644086,45.92733562170741],[-60.346619369619205,45.92734073769211],[-60.34657757639704,45.92736513976112],[-60.34656060482426,45.92737752649877],[-60.346530023892065,45.92739400738204],[-60.34649378544509,45.927389304015776],[-60.34646079030196,45.92738501803013],[-60.34640083992832,45.92734150140986],[-60.3463195292297,45.92731557992518],[-60.34619058640351,45.927268569782115],[-60.34615492939853,45.927250873718684],[-60.34611789897943,45.92723249767166],[-60.34609411895403,45.9272113332869],[-60.346077811802466,45.92719682311492],[-60.346063671646476,45.92714176986361],[-60.34606156915279,45.927085826267316],[-60.34606294967036,45.92703257383699],[-60.346071266865025,45.92699153463555],[-60.346079299806505,45.926951856943184],[-60.34610703653938,45.92691118803804],[-60.34611551807711,45.926896974924695],[-60.34614236515648,45.926851973970244],[-60.346144660688765,45.92680684348813],[-60.34615326542909,45.92677329059578],[-60.34615813027983,45.92675432203402],[-60.346159419399406,45.926742714005826],[-60.346159483792874,45.92674217545651],[-60.346163303454475,45.9267161890124],[-60.34618302803618,45.926710976912716],[-60.346206681554726,45.92669370508354],[-60.34620309054424,45.92667706022913],[-60.34617740281487,45.92663154946713],[-60.34616540659103,45.926615627359844],[-60.34613978901489,45.926581621194345],[-60.345961105239766,45.926480440330494],[-60.34587757915326,45.92643313522892],[-60.345747051687006,45.92632479254684],[-60.34567446203143,45.926267516620506],[-60.345660304351945,45.92625635062697],[-60.34562264580191,45.926243315269716],[-60.345549929966715,45.926218142054026],[-60.3454208065994,45.926199299222574],[-60.34533775828316,45.92619901581741],[-60.34528952848064,45.92619884871843],[-60.34526158204498,45.92619932414437],[-60.34521078845799,45.9262001775032],[-60.34519262917004,45.92620016037766],[-60.34516615143812,45.926200129878325],[-60.34506913573268,45.92620093468392],[-60.34505445199403,45.92620133136681],[-60.34502069382406,45.92620223866528],[-60.34498314748787,45.926203606927395],[-60.344931557722575,45.92620546773817],[-60.34476921430935,45.92621597735503],[-60.34475662543194,45.926216800740086],[-60.344667437295776,45.926217877214135],[-60.3446457397854,45.92621875881296],[-60.34462934125276,45.926219412593106],[-60.344588669000004,45.92622438935196],[-60.3445469467373,45.92622947669152],[-60.34442013575045,45.9262586425669],[-60.34440259577551,45.92626267205957],[-60.3443304228924,45.926269355394176],[-60.34429995041046,45.926270869933866],[-60.34424355804194,45.92627363583274],[-60.34416350852821,45.926275104455556],[-60.34415138085622,45.9262754524587],[-60.34414301216114,45.926275680865125],[-60.343982057242854,45.92628006513138],[-60.34393024209825,45.92630932757339],[-60.34392586815972,45.92631179105865],[-60.34388333099966,45.92629505035116],[-60.34385971764997,45.92629067579736],[-60.343806099020064,45.92628073391135],[-60.34379126966361,45.92627796777646],[-60.34376293749628,45.926262484509365],[-60.34373308337204,45.92624619176807],[-60.343664620436215,45.92622947798322],[-60.34356422367549,45.92618735922465],[-60.34346936566682,45.92614917654745],[-60.34345716631543,45.926144275363775],[-60.34337323486257,45.92612198111655],[-60.343371657499375,45.92612125136248],[-60.34332086754355,45.92609772989439],[-60.3433041216808,45.926085405302295],[-60.34326767667276,45.9260585902258],[-60.343217718265194,45.926029813609105],[-60.34320841688225,45.92602445777555],[-60.34315614524533,45.92597660869886],[-60.34315762225817,45.9259578404654],[-60.34315977872181,45.92593024928892],[-60.343194959601206,45.925913327277975],[-60.34322618008556,45.92589831128763],[-60.34325474707604,45.92586999343142],[-60.34324974839081,45.92585664601455],[-60.34324855884149,45.92585346807238],[-60.34321823182651,45.92583898234763],[-60.3431829997046,45.92582215030635],[-60.343175065266145,45.92581976952227],[-60.34315896792638,45.925814930631056],[-60.34307547943668,45.92579120634622],[-60.342995909250405,45.92577104746233],[-60.34289554197664,45.92574561621453],[-60.34283033949273,45.925723307308196],[-60.34280603562177,45.92570990670243],[-60.3427684997907,45.925689195603255],[-60.34265527728674,45.925640207038136],[-60.34256591913274,45.92559654410894],[-60.342540388907494,45.925582088820775],[-60.34252962713798,45.92557598788626],[-60.34248503887816,45.92554793896565],[-60.342419171063625,45.9255093319556],[-60.34237417873596,45.925484612871664],[-60.34228044651159,45.92535732981996],[-60.3422704117493,45.92531874401645],[-60.342198271166126,45.92525811002753],[-60.342178058753014,45.92520012471045],[-60.34217571822385,45.92516813552002],[-60.34217360693035,45.9251397159679],[-60.342154936464496,45.925074025874636],[-60.34211965785322,45.9249245931364],[-60.34210317317316,45.92486606451115],[-60.342102455645374,45.92486353659708],[-60.342101975572554,45.924861977291705],[-60.34207322623366,45.92476780819352],[-60.34200431439218,45.92470062466115],[-60.34199226211557,45.92468887715923],[-60.341977299450896,45.92468054521065],[-60.34189566598475,45.92463505437557],[-60.341830520924944,45.924616436542614],[-60.341827140411915,45.92461592581685],[-60.34176520386045,45.92460654541194],[-60.341709264426406,45.92458367741556],[-60.34168020654886,45.92457180404099],[-60.34164153634532,45.924554882484415],[-60.341465103131526,45.92453349370999],[-60.34134497644897,45.92454509827389],[-60.34129808005744,45.92455052300228],[-60.34122126381543,45.92455940945892],[-60.341133094874074,45.92459047944781],[-60.34102476715792,45.92464178175105],[-60.340975544880074,45.92466482969588],[-60.34095392138595,45.924674965103186],[-60.340931916561615,45.92468471359489],[-60.340889487252745,45.92470352730317],[-60.34085331968292,45.924719507551586],[-60.34083783769403,45.92472635665438],[-60.34073384552944,45.92480242173844],[-60.34068807040609,45.92483617973747],[-60.34049280456088,45.924980163017906],[-60.34039700511398,45.92502675206724],[-60.340325765890825,45.92506140199091],[-60.340278674382404,45.92507521047026],[-60.340258020092584,45.92508125496885],[-60.34013624051455,45.92513305318813],[-60.34007102022207,45.92515106571751],[-60.33993082372569,45.92516994197161],[-60.33984472841811,45.925184587864976],[-60.339763520602965,45.925191966920906],[-60.33972880797096,45.925192616397815],[-60.33969910434712,45.92519316653517],[-60.33955626828695,45.925194150320095],[-60.339508506230544,45.925194738735634],[-60.33946968815365,45.92519520247911],[-60.3393610951809,45.92519780287615],[-60.339303683085404,45.925199255463426],[-60.3392628259768,45.92520028368045],[-60.33921578463188,45.92520494811139],[-60.33910896410047,45.925221720769635],[-60.339091264498634,45.925223963574815],[-60.33905678645182,45.92522833562982],[-60.338977568042864,45.92524157497749],[-60.338905058427244,45.925253692495524],[-60.33885017546041,45.92525269257662],[-60.33877942981379,45.92525139497543],[-60.33869017495653,45.925248504880805],[-60.33862176503361,45.9252474506313],[-60.33859350695612,45.925247170096085],[-60.33853510813271,45.9252466011301],[-60.338477284249706,45.92524695461152],[-60.33842505942663,45.925247276547566],[-60.338409926714824,45.92524789593034],[-60.33838707905942,45.925248830538344],[-60.338320073342814,45.92525320029534],[-60.33825047338389,45.925257338530315],[-60.33824989659991,45.92525780212692],[-60.33819602461074,45.9253008932103],[-60.338180301993425,45.925308717427164],[-60.338116049505516,45.9253202348431],[-60.33811096310724,45.9253211423676],[-60.33804859834883,45.925333369804875],[-60.3380467706249,45.925333561219894],[-60.33795058577296,45.925343686127675],[-60.337876119559425,45.925369996593645],[-60.337861911379996,45.92537501182882],[-60.337843085334235,45.925376535121714],[-60.33779625340535,45.925380321774185],[-60.33759962333547,45.92539283910904],[-60.337467033839786,45.925393150091416],[-60.33746289315563,45.9253931615586],[-60.33746142532748,45.925393109333946],[-60.337381381040196,45.92539018094248],[-60.337311253949714,45.92537892400377],[-60.33726903540346,45.92536447444686],[-60.33724581379668,45.925356516350156],[-60.337192329880075,45.92533329836061],[-60.33711290348647,45.92529484016089],[-60.33710522679132,45.9252911238498],[-60.33703699650192,45.9252561489486],[-60.33702878233777,45.92524722665654],[-60.337024368674555,45.92524243433341],[-60.337016143985906,45.92520248615178],[-60.33701338125096,45.92518907358914],[-60.33700998934423,45.92514678089504],[-60.33701766514277,45.925117653393215],[-60.337025752522585,45.92508693335208],[-60.33703756169229,45.925072222456386],[-60.33704370572091,45.925064580066795],[-60.337092217190765,45.925010626609826],[-60.33711413762662,45.92499457635354],[-60.33715938856565,45.92496023151442],[-60.33717971867942,45.924944801218075],[-60.33721705281359,45.92491444810767],[-60.337224822502534,45.924908139725254],[-60.337276655070085,45.924875865470334],[-60.337299940918484,45.92486065708475],[-60.33736377916818,45.92482087706162],[-60.33742091764327,45.92478526116001],[-60.337468067040405,45.924768097923035],[-60.33750178823179,45.92475582402995],[-60.33759689041293,45.924725188513136],[-60.33768725882007,45.924747637090704],[-60.337796176326734,45.924754406652184],[-60.33786029997649,45.92475392135355],[-60.33791636086406,45.924766947231426],[-60.33795800760872,45.924776630815884],[-60.337977171151046,45.924782063963804],[-60.338004325448786,45.92478977155734],[-60.33805651548431,45.92478504762853],[-60.33813437005633,45.92475313654125],[-60.338154800494664,45.92474476501109],[-60.338176100366894,45.92473816889275],[-60.338243155552824,45.924717391975456],[-60.33830797191918,45.924674942993384],[-60.33831653369909,45.924669328056275],[-60.33832389752778,45.924661795035625],[-60.33836128526702,45.924623567128684],[-60.338434992342734,45.92449801419279],[-60.338446036662404,45.924463969677554],[-60.33841872892687,45.92441176781891],[-60.338408700976835,45.92432512672717],[-60.33839116095133,45.92431811135301],[-60.33834788289713,45.92430074825186],[-60.33832420619148,45.924271582957935],[-60.33832069892429,45.92425863011279],[-60.33832123759354,45.9242384809484],[-60.33832252196233,45.92418846661569],[-60.338319053144794,45.924131590919465],[-60.33829931722699,45.924072364898905],[-60.33827761428421,45.924043461617494],[-60.33826450794222,45.924026000665265],[-60.33824509240026,45.923994846496655],[-60.338221030280394,45.92395622138982],[-60.33820053939017,45.92391708546904],[-60.33818817616745,45.92389353030745],[-60.33816371636857,45.92384704724838],[-60.338144447391755,45.92380232331944],[-60.33814349792637,45.9237933274218],[-60.33813920880776,45.923752786992],[-60.33813300804552,45.923701527090685],[-60.33813132766872,45.92367492665393],[-60.33813503069789,45.9236161479442],[-60.338141094180656,45.923594282402554],[-60.338144709068395,45.923581270545796],[-60.338162837780374,45.92355469081094],[-60.33818269730534,45.92352563120181],[-60.338220655574275,45.9234681909926],[-60.3383127277343,45.92335825048301],[-60.33835253438051,45.92331069115147],[-60.33836613432657,45.92326366409036],[-60.33837718228119,45.92322953865409],[-60.338391184276716,45.92315254839937],[-60.33839306194609,45.92314538254697],[-60.33840081103453,45.92311577961288],[-60.33841577154321,45.92306134061969],[-60.33842126697572,45.923041369985114],[-60.338466695340806,45.92280624859473],[-60.33846667330691,45.92280293579803],[-60.33846634812947,45.92275124580064],[-60.3384662095124,45.92274066666569],[-60.33846604554007,45.92272549654731],[-60.33846917951013,45.922691267657044],[-60.33847142284769,45.92266675684157],[-60.33848647594591,45.9226359830175],[-60.33850258731239,45.922603037668026],[-60.33852267887742,45.92256615273497],[-60.338524403134876,45.92255976637138],[-60.33854084926306,45.922499070444104],[-60.33857721800124,45.92243170121766],[-60.3386095902804,45.92236160161401],[-60.33861290907443,45.922348843862174],[-60.33862033748064,45.922320277525905],[-60.338625568813804,45.92227859986804],[-60.33862930560424,45.92224875039391],[-60.33863399337435,45.92223595253957],[-60.33864041725716,45.92221840673586],[-60.3386909552307,45.922048965924034],[-60.33871123114927,45.921980996590676],[-60.33872014980292,45.921959287560306],[-60.33873735786357,45.921917429967905],[-60.33876280370327,45.92187159699103],[-60.338782393122976,45.9218363024442],[-60.33878523309015,45.92182815992403],[-60.338794630052135,45.92180130459235],[-60.33879451706256,45.921770780345916],[-60.33879442504479,45.92174628710444],[-60.338789015414314,45.921692768466606],[-60.33878787240002,45.921681346854015],[-60.338786355432504,45.92164835968064],[-60.338785623760984,45.921626992801286],[-60.33878404605789,45.92158071907437],[-60.33878076762121,45.92152201165153],[-60.338779809733964,45.921504833859316],[-60.33877909971797,45.92149164018427],[-60.338776323978266,45.92143994707536],[-60.33877442825184,45.92141245054525],[-60.338768390319046,45.92135508293334],[-60.3387676917916,45.92134838808249],[-60.338767247949605,45.92134634356482],[-60.338751406992834,45.92127364420543],[-60.33874718432187,45.92125111587677],[-60.3387392763789,45.92120884398009],[-60.33871879604493,45.92114766549335],[-60.338692795788106,45.92107004896352],[-60.33868053298403,45.921031194873954],[-60.338677229564304,45.92102072199665],[-60.338638023294266,45.92093421095004],[-60.33861025068974,45.92088124221086],[-60.3385751639537,45.92081429581837],[-60.33851530146772,45.92070695256802],[-60.33845016767527,45.920620836257946],[-60.338411251373145,45.92055442160975],[-60.338409260092945,45.920551026911035],[-60.33837775171866,45.9204874671396],[-60.33835031833204,45.92043011386257],[-60.33829864857954,45.920377695144346],[-60.33827369350682,45.920352370357364],[-60.338207106017606,45.920304464302646],[-60.3381351068701,45.920270473269774],[-60.33808941581175,45.920252396753256],[-60.338056661743074,45.920244252612775],[-60.33804263212003,45.92022804821216],[-60.33802024382002,45.92020218015001],[-60.338005139759154,45.92017797601397],[-60.337984517792066,45.92016828750511],[-60.337933386063774,45.92014425159683],[-60.33788643069426,45.92009870216867],[-60.33787098136194,45.920049377808674],[-60.33786465388548,45.92002125589928],[-60.33784610843177,45.91993880851908],[-60.33783905826467,45.91990665541534],[-60.33783423653566,45.91988479714126],[-60.337831038995084,45.919847864432306],[-60.33782693215235,45.91980055963567],[-60.337836201225684,45.91975185651683],[-60.33783726883185,45.91974625592187],[-60.33786644778562,45.919719690807575],[-60.3378998334691,45.919689299415126],[-60.33791513916359,45.91967371584792],[-60.33793845734594,45.91964996634411],[-60.33814146910892,45.91954704941798],[-60.33816307345209,45.91952758029026],[-60.33818488047315,45.9195079178657],[-60.3382295935463,45.91947527019293],[-60.33823218598653,45.91947337745204],[-60.33832177248124,45.919404188454074],[-60.33835529703532,45.91937169398335],[-60.33838425110181,45.91934362036495],[-60.338415344791166,45.919315839628915],[-60.33844069956421,45.91929318157895],[-60.338516273324764,45.91923599689053],[-60.338590702462696,45.919180360610916],[-60.33863037111726,45.91915070948382],[-60.338701797779855,45.919083698185126],[-60.33872764438464,45.919066659015236],[-60.338818775197225,45.91900559731038],[-60.33884702371862,45.918994419586404],[-60.338857657973264,45.91899021201847],[-60.33887624490218,45.918987440880855],[-60.3389339276636,45.9189788482093],[-60.33900568056015,45.9189616186028],[-60.33902487900105,45.91895226412306],[-60.339089655708186,45.9189207316883],[-60.339171875389425,45.918868012794135],[-60.33920412003086,45.918846352184275],[-60.339266745126025,45.91881072816767],[-60.33927252497497,45.918807442543006],[-60.33930622057027,45.918790226090536],[-60.33935510355202,45.91876932213372],[-60.33945434354953,45.91872689144309],[-60.339465683185885,45.91871656172449],[-60.339495601991764,45.918689329369755],[-60.33953901676816,45.91863903641889],[-60.33955127935597,45.91862531690064],[-60.339577424290475,45.918596097439455],[-60.33958712535862,45.91858524349287],[-60.3395966366198,45.91857458314055],[-60.339637991919425,45.91853660923607],[-60.33967612311572,45.91850160246868],[-60.33973116807662,45.91845026627019],[-60.339734429042124,45.91844733597824],[-60.33975299945044,45.918430613112335],[-60.339791166877326,45.91837677752958],[-60.33980103020352,45.91835848370376],[-60.339806167135265,45.91834895453897],[-60.33983134104913,45.91829715645722],[-60.33987652199138,45.918270594557995],[-60.3398836213105,45.91826641255887],[-60.339909796834384,45.91825839055775],[-60.33991469048132,45.918252600043175],[-60.33995065592189,45.91821001808581],[-60.33994700691129,45.91818951032798],[-60.33994155733534,45.91812790809324],[-60.33993366880373,45.9180744307491],[-60.33988399786968,45.91800233859343],[-60.33982524089098,45.91796465173768],[-60.339817183361966,45.91795947760787],[-60.33977304668549,45.91789274377356],[-60.33974376846276,45.91786829967365],[-60.3397274742283,45.91786062045799],[-60.339680470481646,45.917838472642515],[-60.33963824043189,45.917840009049485],[-60.33962763461351,45.91784039202341],[-60.33962552099406,45.91784333104039],[-60.33961354524606,45.91785995549997],[-60.33959322240491,45.91788743844824],[-60.33957893808774,45.91790676335852],[-60.33956531554576,45.917911441421595],[-60.33955022447173,45.91791662531658],[-60.33954273783098,45.91791488476213],[-60.339534779733974,45.91791302521414],[-60.33934695026269,45.917903608660986],[-60.33924567453834,45.91791799041633],[-60.33923547082882,45.9179212899734],[-60.339218154620504,45.9179268900188],[-60.33917573043155,45.91794003273128],[-60.339147626542626,45.917948738694314],[-60.339130201813504,45.91795256304498],[-60.33909274593798,45.9179607810594],[-60.33903675285264,45.91797747787835],[-60.33891030864534,45.91800659217931],[-60.33886453642986,45.91801396826693],[-60.33880729851211,45.91802972688612],[-60.338693389488164,45.918044002761505],[-60.338641042220054,45.918054303793404],[-60.33860390417598,45.91806504027086],[-60.338552393358434,45.91807996015233],[-60.338521685942105,45.91808863228529],[-60.33850676999982,45.91809284804022],[-60.338364204945016,45.9181451500433],[-60.338187847310984,45.91819270384926],[-60.3381636734935,45.918199584012065],[-60.338137891144015,45.91820693071867],[-60.33811543432954,45.918210268585646],[-60.3380587564136,45.918211620640925],[-60.33803500095683,45.91821218298363],[-60.33802170926607,45.91821236818713],[-60.33800596577264,45.91821258624302],[-60.337907661953366,45.91821227481713],[-60.337809332375826,45.91821196270598],[-60.33778857966261,45.91820771657903],[-60.33773231050735,45.91819621589346],[-60.33763504500729,45.918161545477105],[-60.337576458641564,45.91812786678438],[-60.33754603513588,45.91810042516195],[-60.33750763574997,45.91807365264509],[-60.33748900389265,45.91806066215408],[-60.33740595603289,45.91802317275979],[-60.33736715016173,45.918004356403955],[-60.337315469509655,45.91798671596155],[-60.33730686666206,45.917983779132825],[-60.33728920693291,45.917975536683336],[-60.337162836521664,45.91791876536611],[-60.3371499829493,45.91790252526738],[-60.33711211606637,45.9178546672145],[-60.33710289762426,45.91783118524539],[-60.337099817658796,45.91782332775283],[-60.33709815148137,45.91779751967771],[-60.337095531126934,45.917756892076255],[-60.33711372901853,45.917672799142515],[-60.33714946322868,45.91762430816148],[-60.33717072961383,45.91760111401591],[-60.33718565583886,45.91758482863431],[-60.33721757734238,45.91753731981856],[-60.337250649168645,45.917485175414214],[-60.3373139750562,45.9174497218177],[-60.3373377070525,45.9174364409815],[-60.33736001975217,45.917416709493565],[-60.33738670822666,45.917393119686956],[-60.337424689186,45.91733000973875],[-60.33743562217149,45.91727914024155],[-60.33746253061745,45.91720326103347],[-60.33747439779844,45.91716978481227],[-60.33747341091214,45.91712546898009],[-60.337471163922174,45.917096704112126],[-60.337468063143184,45.91705721741367],[-60.33746257709123,45.917001824732395],[-60.33740491060076,45.91692955405849],[-60.33738966640924,45.91692150295582],[-60.337378724342486,45.91691571234805],[-60.337266929178064,45.91689987448182],[-60.33716942949721,45.91687041864873],[-60.33709774722084,45.916862779601296],[-60.33707859167559,45.91686073977512],[-60.33698998546583,45.91682303044506],[-60.33689484637511,45.916812423048164],[-60.33682978729852,45.91680516330911],[-60.336720698628106,45.91678047725594],[-60.33624408852811,45.91670212483216],[-60.336224815336536,45.91669392558627],[-60.33620176299342,45.91668412605101],[-60.336106831039814,45.91662799689433],[-60.336068337277965,45.91659703632173],[-60.336021918229115,45.91655896025317],[-60.33599448429081,45.91653859955623],[-60.33597548160387,45.91652448406656],[-60.33590454397474,45.916468185432635],[-60.33580878089572,45.916399804578184],[-60.33568115511223,45.916328961097335],[-60.335663466342496,45.91624863948354],[-60.33566028749678,45.916234236077145],[-60.33565073988658,45.91612663403025],[-60.335602838018644,45.91600940634777],[-60.335576071139876,45.91594604639079],[-60.335501958123466,45.91588068163316],[-60.335443433730624,45.915829091724895],[-60.33541214180666,45.91580125122525],[-60.33537974915142,45.91577243094981],[-60.335378915837914,45.915771790451494],[-60.33532663778708,45.9157316782152],[-60.33526356082271,45.91569141297041],[-60.33520906213767,45.91568528080665],[-60.33511900695994,45.9156835393163],[-60.33503838347292,45.9156921887433],[-60.33498211593775,45.91571463766888],[-60.33491790325659,45.91575515472238],[-60.334843438364146,45.91580213804678],[-60.334814303439614,45.91582053072133],[-60.33482989503157,45.915898571334644],[-60.3348368332676,45.91595858844432],[-60.33484111890685,45.916041405622764],[-60.334842975250474,45.91608341057775],[-60.33484463643941,45.91612114460872],[-60.33484507451227,45.91620675223691],[-60.334833077656,45.91626578737523],[-60.33480659870357,45.916320524171944],[-60.33476917071068,45.91651766775388],[-60.33474552011208,45.91660757358115],[-60.3346741502066,45.916659642460274],[-60.33459888557166,45.916712790489434],[-60.33456378294556,45.91671522944021],[-60.33454169652545,45.91671676609263],[-60.334520521433035,45.916717045902104],[-60.33445342117131,45.916717945871696],[-60.33438261465606,45.9167181472348],[-60.334357348512675,45.91671822350816],[-60.33427309213504,45.916719226939115],[-60.33418195303716,45.91671127587413],[-60.334144801055096,45.91670804136844],[-60.33405534018907,45.91668579114076],[-60.33400375472807,45.916654371222016],[-60.33399419481254,45.916648540550284],[-60.333965069003476,45.9166411639917],[-60.33392093420344,45.91662998971659],[-60.333906061620766,45.916629534478965],[-60.33379034847939,45.91662605880593],[-60.33367675850376,45.916623217639724],[-60.33355112983947,45.91661245359623],[-60.33349780256515,45.91660446680628],[-60.33346857199086,45.9166000849336],[-60.33343649917754,45.91659204537359],[-60.33336598195611,45.91657437731467],[-60.333282904942344,45.916562887471095],[-60.33327515451309,45.91656181540263],[-60.33325251074801,45.91655883840074],[-60.33313034747109,45.91654277235376],[-60.33309649072147,45.91653697723408],[-60.33302969692845,45.91652557045794],[-60.33297062118158,45.91649519924293],[-60.33294825682954,45.91648370496897],[-60.33288736375601,45.91645735061741],[-60.33283755633416,45.91640984230109],[-60.332802778643334,45.91635816661637],[-60.33280087561564,45.91631689860107],[-60.33283642911329,45.91628541620962],[-60.332872348126834,45.916227480053955],[-60.33285773995943,45.91619326893321],[-60.3328386094931,45.91614848428027],[-60.33281166441571,45.9161112307694],[-60.33278382350597,45.91607275922453],[-60.332703935749095,45.91602300912926],[-60.3326186559172,45.915969802739845],[-60.332505562710764,45.915956630112966],[-60.33238128452652,45.91596560803029],[-60.3322782294487,45.91597302943441],[-60.33222761703448,45.915973791223216]]},"properties":{"OBJECTID":160734,"FEAT_CODE":"WARV10","FEAT_DESC":"Double Line River - Water to the left line","RIVNAME_1":"Gaspereaux River","RIVNAME_2":" ","ZVALUE":9999,"FID":null,"SHAPE_Length":4661.632991644839}},{"type":"Feature","id":160881,"geometry":{"type":"LineString","coordinates":[[-60.33222761703448,45.915973791223216],[-60.332197756504264,45.91597421872471],[-60.33215611320013,45.91597483898682],[-60.33203282472545,45.915994100534945],[-60.33199575415712,45.91600558350443],[-60.33193987346377,45.916022891522374],[-60.33186357355655,45.916030100589396],[-60.33167454528194,45.91609181253879],[-60.33165723923552,45.91609746567988],[-60.33164492258164,45.916100454163676],[-60.33147393159481,45.91614206547559],[-60.33133161554685,45.91618914406999],[-60.331279280839446,45.91622365411459],[-60.33120265854937,45.916288919232784],[-60.331147473561046,45.916343056308605],[-60.33112809535859,45.91636206310093],[-60.33107616664419,45.916463368321416],[-60.331033036762044,45.91653958697608],[-60.33102297549875,45.916570017476324],[-60.330975720462156,45.91671286246767],[-60.330938804190666,45.916773258931386],[-60.33093037940211,45.916787049228965],[-60.33090898029877,45.916831507954555],[-60.330898582512305,45.91685309181258],[-60.33082799255465,45.91699149398432],[-60.33079711982883,45.91703262598328],[-60.330780915158904,45.91705186890805],[-60.33076033396366,45.917076319990635],[-60.33072063697938,45.9171003242422],[-60.33067162979351,45.91712996135757],[-60.330570843656815,45.91716072827236],[-60.33046346319225,45.917187020568385],[-60.33034439469277,45.917214479643775],[-60.330299321318066,45.917221256579644],[-60.33024746642314,45.917223968614955],[-60.33020171392077,45.91722635525668],[-60.33013533785545,45.91723284109945],[-60.3300976861141,45.91723652419059],[-60.33001684446814,45.91726577675159],[-60.32970343738414,45.91735259668305],[-60.32968745693603,45.917360710732694],[-60.329619092612546,45.91739544822874],[-60.32956312862026,45.91742519220935],[-60.329449894283016,45.91747078833937],[-60.3293645648578,45.91749868437854],[-60.329329898614816,45.917510015692656],[-60.32915555860564,45.91759036556115],[-60.32914049346725,45.91761030096196],[-60.32911438868907,45.91764475743347],[-60.328984929004214,45.917716975940934],[-60.32889990723697,45.91776504057113],[-60.32887224284871,45.917780675882724],[-60.328868961938966,45.91778401043359],[-60.32883983744348,45.91781367079892],[-60.32874511216638,45.91789327208005],[-60.328684897288696,45.917952168719346],[-60.32862106678121,45.91799504936873],[-60.32855610786985,45.91806679608095],[-60.32846492103642,45.91812586812471],[-60.32839750436155,45.91816715262079],[-60.32833962751661,45.91820259374433],[-60.32831330569261,45.918202887002124],[-60.328292674099366,45.918203115366204],[-60.32825420178345,45.91818493376388],[-60.328128176678455,45.91810799876092],[-60.32808971009761,45.91810231931715],[-60.32806658395265,45.918098906963436],[-60.32797857663113,45.91805445406159],[-60.32791076885793,45.91801501014399],[-60.32789427200528,45.918005407328565],[-60.327935027179684,45.917981158798746],[-60.32797391693225,45.91797936855028],[-60.32800624132869,45.91797787470722],[-60.32801707856458,45.91797777725292],[-60.328031385653134,45.91797766197814],[-60.328119715823405,45.917988810514984],[-60.328166164489545,45.917996377854834],[-60.328235592758304,45.91791213484236],[-60.32839414787458,45.917859499517505],[-60.32845865843462,45.91781051437487],[-60.32847893306692,45.917795696369694],[-60.328523224224575,45.91776333064324],[-60.328596709226886,45.91770227830964],[-60.328623949110465,45.91767963952954],[-60.32861531282983,45.91765887972148],[-60.3286041799967,45.917632102994666],[-60.32858946396797,45.91763482800108],[-60.32854629233688,45.91764280983334],[-60.32842212626076,45.91771488151769],[-60.328366804024824,45.91774977036867],[-60.32829440330279,45.91779011913029],[-60.32828094058915,45.917797625830424],[-60.328265163685884,45.91780444833086],[-60.32819349529387,45.917835453353064],[-60.32800985739837,45.917896952316795],[-60.32788806948233,45.917935596170565],[-60.32784047961858,45.917945076488934],[-60.32779342392368,45.917954443276415],[-60.32752139137403,45.91804960602848],[-60.327462904117844,45.91808298024553],[-60.32739306114998,45.91812589951173],[-60.32731885904973,45.918171506952255],[-60.32722613327144,45.91824056885464],[-60.32718352221702,45.91827229834271],[-60.32705050089374,45.91836756328889],[-60.326917780817865,45.918429712269514],[-60.326827092905155,45.9184491012538],[-60.32678031828447,45.91848319933905],[-60.326691739969924,45.918568442284425],[-60.32658271820213,45.918642207608485],[-60.32656670188661,45.91866124732457],[-60.3265177370919,45.91871944311249],[-60.32643892085626,45.91875127877423],[-60.326437921114696,45.91875168740524],[-60.32641394520327,45.918776148230684],[-60.32639927272873,45.918791106030625],[-60.32633017928309,45.91888547263331],[-60.32630845339146,45.91891517056428],[-60.3262661403494,45.91894765375011],[-60.32614414267585,45.91904129457809],[-60.325879168542635,45.919236797328935],[-60.32572560570431,45.9193563318318],[-60.32557534795026,45.919464242522096],[-60.32552211656293,45.919495803665924],[-60.32552118674329,45.91949636693969],[-60.32544025129683,45.91954622583677],[-60.32540787862945,45.91956935568976],[-60.32532766796463,45.91962666612348],[-60.32526717882232,45.91968015406224],[-60.32524987470404,45.91969699424092],[-60.32523648017435,45.91971003765542],[-60.32521805446292,45.91972552844418],[-60.32513487900795,45.919795406387195],[-60.3250613273355,45.919847247125986],[-60.32500364290252,45.91989174584178],[-60.32496971786314,45.91991791747111],[-60.324916891558644,45.919962223918986],[-60.3248755683596,45.91998830322004],[-60.324754909459934,45.92006446740775],[-60.32467372564309,45.92012187159155],[-60.32466435652059,45.92012843867834],[-60.324613011410555,45.92016446296905],[-60.32453535245971,45.92022123857435],[-60.32445893829663,45.920278943369105],[-60.32434489760427,45.920343237147456],[-60.3243021214379,45.92036733802856],[-60.32421919274906,45.92039772567856],[-60.324194735679896,45.92040668442483],[-60.32418220583751,45.920411395256295],[-60.324137197001136,45.92042828814257],[-60.324071842510655,45.92045177886151],[-60.32406319278185,45.920453844366975],[-60.324037792419155,45.92045989172624],[-60.32394566863772,45.92047311524428],[-60.32392352756137,45.9204762867023],[-60.32380035358798,45.92048727032679],[-60.32377666958644,45.920488200407085],[-60.32375162865308,45.920489188689366],[-60.32362704153718,45.92049148026216],[-60.32362474379035,45.92049152541845],[-60.32362028826787,45.92049165501449],[-60.32350697040742,45.920495065647124],[-60.323420993913004,45.92049953105431],[-60.323178328936585,45.920538486874264],[-60.32307530283445,45.92054912292782],[-60.323062571644165,45.92053336115207],[-60.323060332032846,45.92053059041694],[-60.323043032562936,45.9205039026169],[-60.32291738113837,45.920491596208564],[-60.32287039298652,45.92049386993755],[-60.32284098529628,45.920495286693054],[-60.322814903650396,45.92050396403634],[-60.3228083506001,45.92050614160683],[-60.3227718138921,45.92054956884661],[-60.32278465681682,45.92058578303724],[-60.322784321487134,45.92059033856902],[-60.3227835520327,45.92060069842423],[-60.32276365763713,45.92061158198939],[-60.32272249144877,45.92063409988387],[-60.32258117884272,45.92064653809438],[-60.32244922002286,45.92065514510208],[-60.32242660730823,45.920656055017],[-60.32237793749451,45.920625211261054],[-60.32224972138895,45.92062813629932],[-60.322196560390374,45.92064183100039],[-60.32215713689226,45.92065198648702],[-60.32209902401918,45.920656564245846],[-60.32194885894198,45.92070848750091],[-60.321901111571314,45.920728132524864],[-60.32185531139369,45.920746977122455],[-60.32183862756649,45.920753048400854],[-60.32180464362521,45.92076540151602],[-60.32174892105733,45.92079773954436],[-60.32171800857467,45.92081567314471],[-60.321679125733,45.920838433231935],[-60.32162193856548,45.92086904470149],[-60.321598664971944,45.92087965978958],[-60.32157830439951,45.92088602282531]]},"properties":{"OBJECTID":160881,"FEAT_CODE":"WARV10","FEAT_DESC":"Double Line River - Water to the left line","RIVNAME_1":"Gaspereaux River","RIVNAME_2":" ","ZVALUE":5.32,"FID":null,"SHAPE_Length":1235.0106501529588}},{"type":"Feature","id":169595,"geometry":{"type":"LineString","coordinates":[[-60.34360210727773,45.91540207677988],[-60.343518619165174,45.91534436583602],[-60.343447689356246,45.91529533570336],[-60.34334680946189,45.91518272933207],[-60.34331224501376,45.91513720034784],[-60.34324150358888,45.91504399864916],[-60.34315437232334,45.91494108177521],[-60.34312688493525,45.91490857049798],[-60.343028272501925,45.91483761818956],[-60.342978666158764,45.914856220696905],[-60.342846154569465,45.91490591798058],[-60.34270892332372,45.91493644163661],[-60.342701090023,45.91493818552365],[-60.34263722151478,45.91493599723405],[-60.34257067551007,45.91493371059756],[-60.342507487827156,45.91477985696071],[-60.3425076981357,45.91474548788166],[-60.34250834796627,45.91464036490906],[-60.342509959674025,45.91447973851452],[-60.342499700748455,45.914462344288395],[-60.34246808935154,45.914408738059485],[-60.342444070754844,45.91435734269826],[-60.34242023853703,45.91430636570485],[-60.3423101949081,45.91425340031584],[-60.3422395883532,45.914169579931254],[-60.342217086609935,45.91414285495641],[-60.342202513724075,45.91409321851548],[-60.34216606851948,45.91396913160141],[-60.342132576609174,45.913921431022175],[-60.342114272369955,45.913895379772114],[-60.341953130158394,45.91395922492368],[-60.34182952490768,45.91396018209817],[-60.34175317101775,45.91396078094867],[-60.34160965189265,45.91396074327803],[-60.341455829980184,45.913960699590305],[-60.341299407175725,45.91395652678824],[-60.341137601161286,45.91395221042964],[-60.34093979034229,45.91391448164075],[-60.340822672993355,45.91386657054863],[-60.34070976121714,45.91397618091507],[-60.34068525976151,45.91402449357422],[-60.34062035329709,45.91415249426328],[-60.34049752850483,45.91431569822264],[-60.3404789222415,45.91433563366029],[-60.34037928599356,45.91444237559736],[-60.34026549723065,45.91453252340955],[-60.34008127417925,45.914655593507035],[-60.33998913285269,45.914714778546305],[-60.33986866879012,45.914792133374704],[-60.33970051273886,45.91481134810838],[-60.33958121663461,45.91476152183039],[-60.33953160662757,45.91474080735098],[-60.33941044273076,45.91474244883822],[-60.33936553846169,45.91474305876078],[-60.339152911488696,45.91477323458426],[-60.33914274541549,45.91477468085009],[-60.338979087231785,45.91476428775277],[-60.33894283243304,45.91475310102399],[-60.33880613977502,45.91471086123568],[-60.33866605990716,45.91467662504327],[-60.33862037748151,45.914658458912655],[-60.33854426810041,45.91461915185765],[-60.33853002255862,45.91461179923749]]},"properties":{"OBJECTID":169595,"FEAT_CODE":"WARV20","FEAT_DESC":"Double Line River - Water to the right line","RIVNAME_1":"Bonds Meadow Brook","RIVNAME_2":" ","ZVALUE":8.4,"FID":null,"SHAPE_Length":584.2113713241455}},{"type":"Feature","id":181447,"geometry":{"type":"LineString","coordinates":[[-60.321767042955464,45.920592523834955],[-60.32174592536299,45.92061354041108],[-60.32171885011419,45.92066132957471],[-60.32169162385128,45.92069430891329],[-60.32168407782155,45.92070344773208],[-60.32164567882062,45.9208069561161],[-60.32163753879068,45.92081637802543],[-60.32158873979569,45.92087285643033],[-60.32157830439951,45.92088602282531]]},"properties":{"OBJECTID":181447,"FEAT_CODE":"WARV20","FEAT_DESC":"Double Line River - Water to the right line","RIVNAME_1":"Salmon River","RIVNAME_2":" ","ZVALUE":5.32,"FID":null,"SHAPE_Length":36.08293612410289}},{"type":"Feature","id":261581,"geometry":{"type":"LineString","coordinates":[[-60.393980251097176,45.90439181703393],[-60.394005726655415,45.90438136343922],[-60.39404466305202,45.90436538450934],[-60.39425996261489,45.90430030735794],[-60.39427492385654,45.904295779320954],[-60.394304911148375,45.904286715719124],[-60.39444786324205,45.9042071702816],[-60.39445058751683,45.904206260355416],[-60.394603731956494,45.904154921698414],[-60.39466815623034,45.904128489102646],[-60.39472139741593,45.90409280056014],[-60.39480965995401,45.904007425571585],[-60.39481322453082,45.90400398758591],[-60.39482394207455,45.90399206303183],[-60.39495739927811,45.90384347137914],[-60.39504884729055,45.90376274126677],[-60.39510043234986,45.903730471067895],[-60.3952321294014,45.90364811168739],[-60.39532357627062,45.903567390328206],[-60.39544012000274,45.90349475695143],[-60.3954935576815,45.90346145773524],[-60.39550140746907,45.90345460715712],[-60.395584961790526,45.903381635268154],[-60.39567601278314,45.903336907719606],[-60.39574213129249,45.90330151237336],[-60.39589840394909,45.90321326810745],[-60.39593597404296,45.90318760853716],[-60.39598896577679,45.90315142767006],[-60.396005301096785,45.90314507657803],[-60.3960808704336,45.90311572004485],[-60.3962234224453,45.90307216637794],[-60.39631444324926,45.90302833770894],[-60.39637927312698,45.90299291261197],[-60.396470701367754,45.9029400923263],[-60.396484000584024,45.902931394748855],[-60.39650696155307,45.902927543843866],[-60.39653597780105,45.90292267888332],[-60.39656089738341,45.90291333713972],[-60.396589475080745,45.90289938037933],[-60.39661368648024,45.902887538263684],[-60.3967077547632,45.90282980954262],[-60.39674376555032,45.90280770547054],[-60.39692582164137,45.90271914748028],[-60.39693444776598,45.902714987731635],[-60.39701682844839,45.902675317931035],[-60.39708291928097,45.902612909830516],[-60.397120408899966,45.90256744631565],[-60.39721549271209,45.90245213531948],[-60.39724974895672,45.90241074742611],[-60.39726741666319,45.90238940421608],[-60.397316479948465,45.90230458297747],[-60.39733474151378,45.90227301940268],[-60.397413235465095,45.90216590788068],[-60.39746601058128,45.90214010829031],[-60.397520263730776,45.90211440536461],[-60.39759653420233,45.90207827721477],[-60.39766052102216,45.90206084273992],[-60.397802689363274,45.90205326348127],[-60.397880422494985,45.90204513390096],[-60.39791755908662,45.90203891448799],[-60.397932398266946,45.902036426367204],[-60.397934803781595,45.902035437088266],[-60.39799680566659,45.90200999150431],[-60.39801616908663,45.90199345722949],[-60.39804917515015,45.901965280759356],[-60.39807368837392,45.90193786485647],[-60.39808861120754,45.90192117538728],[-60.39810768693908,45.901888730159946],[-60.3981152494408,45.90187587833464],[-60.398116050558784,45.901830883675906],[-60.3981168637117,45.90178590729267],[-60.398122203159886,45.90176848642334],[-60.39813055567497,45.901741215341865],[-60.39818456596425,45.90163353644119],[-60.39822360716411,45.90159842280701],[-60.39834332443719,45.901464338409255],[-60.39838362813217,45.901374348707975],[-60.398388967452235,45.90135692782242],[-60.3983973197668,45.90132965671553],[-60.398397580318886,45.90130615260675],[-60.3983977128578,45.9012936625397],[-60.39840264141653,45.901277582412845],[-60.398411404038264,45.90124897953554],[-60.39841385724406,45.90111401467872],[-60.398417402083034,45.90095817486991],[-60.398417544912775,45.90095208459357],[-60.39841956454114,45.90082611963764],[-60.39843211607161,45.90080168042943],[-60.398460693190096,45.90074604955755],[-60.3984849744316,45.900679996914796],[-60.39848727756769,45.900673748834194],[-60.398504503848976,45.90065244937732],[-60.39856663498498,45.90057564795411],[-60.398568261274384,45.90048567716424],[-60.39860852181246,45.900396586467906],[-60.398716563261395,45.90018122862794],[-60.39873106728665,45.90009155117313],[-60.39873110904975,45.90008955395035],[-60.39873230043322,45.90003757455719],[-60.398732693261756,45.90000158036805],[-60.39873273527744,45.90000068124668],[-60.39874553020498,45.89997488842749],[-60.39874924328412,45.89981294088451],[-60.39876903141188,45.89969459927623],[-60.39877787280273,45.89964167803877],[-60.39879568292733,45.89942606488749],[-60.39878401074868,45.89934479194741],[-60.39877278610234,45.89928153076984],[-60.398762935352096,45.89925370097478],[-60.39876025904118,45.899246142357775],[-60.398759492292896,45.899244342736765],[-60.398748641648,45.89921887537209],[-60.39859560978387,45.899100179333026],[-60.39855776036363,45.899055213262095],[-60.398497449559756,45.89888372448709],[-60.39848204229,45.898845147155335],[-60.39847204693918,45.89882014028575],[-60.398397245442226,45.898738329195275],[-60.39826959076913,45.89865621399047],[-60.398230888590476,45.89862922995151],[-60.398207207244695,45.89855668411847],[-60.398210473446305,45.89837674280604],[-60.39819839628683,45.89833146371215],[-60.39814808388616,45.89827293738607],[-60.39813604072631,45.898258927792455],[-60.39809691822839,45.898240943916946],[-60.398032908532876,45.89823138475916],[-60.39791780881358,45.89821166064688],[-60.39790309405049,45.89820488979108],[-60.397878686842276,45.89819366770745],[-60.397849562101506,45.898171951213584],[-60.397841315374826,45.89816580477657],[-60.39779676860555,45.89807881417332],[-60.397679489598666,45.89784979886045]]},"properties":{"OBJECTID":261581,"FEAT_CODE":"WARV50","FEAT_DESC":"River - Single Line","RIVNAME_1":"Bonds Meadow Brook","RIVNAME_2":" ","ZVALUE":9999,"FID":null,"SHAPE_Length":930.7048165090134}},{"type":"Feature","id":261582,"geometry":{"type":"LineString","coordinates":[[-60.36222345237349,45.90667020337746],[-60.362218652327876,45.90667626703954],[-60.36220452809249,45.90669407736393],[-60.3621962484831,45.90671098760228],[-60.362174433315495,45.90674117636259],[-60.36216225124845,45.90675908554906],[-60.36215484878299,45.90676891442719],[-60.3621473913888,45.90677881404228],[-60.36213386010331,45.90680315462221],[-60.36211335136265,45.90682509282732],[-60.36210366069337,45.90683368974218],[-60.362097922337,45.906837787554835],[-60.36208756208726,45.90688254315163],[-60.36208805304499,45.906888233987424],[-60.36207816764979,45.906966492468875],[-60.36207787118917,45.906967034668405],[-60.362077446882545,45.90696782593661],[-60.362061909816624,45.9069909590725],[-60.362060008506774,45.90699489349809],[-60.3620497563724,45.90701615054173],[-60.362028316562935,45.90703868827705],[-60.36201083674645,45.90705656507335],[-60.361982253745936,45.90706931594892],[-60.36195944841626,45.90707986008479],[-60.36191149536154,45.90709324356364],[-60.361894764509195,45.907098311527626],[-60.36187943389761,45.90710294379664],[-60.361855273985185,45.90710697605399],[-60.361844334082996,45.907108469470714],[-60.361838922514565,45.907109208526684],[-60.36180955716787,45.907122958373556],[-60.36179989162167,45.90712748748856],[-60.36179290549628,45.90713614685874],[-60.36176952234949,45.90715071895937],[-60.36175566736372,45.90718460184655],[-60.361754216593646,45.9071904548419],[-60.36175008977208,45.90720706495426],[-60.36174882500113,45.907211986165166],[-60.361748302007825,45.90723933646446],[-60.36174991088642,45.90724891446498],[-60.36177827966101,45.907277130265086],[-60.36178697264377,45.9072857738317],[-60.36180343562264,45.90730811608142],[-60.36181530987648,45.90731955137787],[-60.36181712215231,45.90732130339471],[-60.361859367512274,45.90736332292981],[-60.36187176280249,45.90737927064895],[-60.36187984001743,45.90738866504946],[-60.36189094764243,45.90740158575809],[-60.36191531730441,45.90742033032044],[-60.36193293171275,45.90743252826566],[-60.36194141832686,45.90744389429017],[-60.361946034402045,45.90745803314865],[-60.36194720859006,45.907476781902986],[-60.361934928584645,45.90749647995705],[-60.36192011679094,45.907507028730585],[-60.36189322823247,45.90751666845347],[-60.36188017544511,45.90752138934734],[-60.36187171354319,45.9075244611455],[-60.361847580279615,45.90753037518058],[-60.361838252010806,45.90753213984929],[-60.361825983170554,45.90753446663801],[-60.36180170604216,45.90753525589416],[-60.361774831729875,45.90753643518208],[-60.36172972100554,45.90753690512068],[-60.36171807304291,45.90753701404784],[-60.361704386823746,45.90753741791287],[-60.36151424522152,45.90750944278137],[-60.36133465906409,45.90748999195471],[-60.36130026150313,45.907489674178244],[-60.36120578037623,45.907488814082335],[-60.36108728340588,45.907594985295546],[-60.36107393548435,45.90760456870074],[-60.36099578120723,45.907675677955886],[-60.36091593046205,45.90780974443171],[-60.360880010310574,45.90786327902896],[-60.36086182064216,45.90789040104848],[-60.36085674786938,45.90813330494751],[-60.360867512966124,45.90823256234553],[-60.360876641505016,45.90844789201088],[-60.36088378546414,45.90850116172714],[-60.36088575566385,45.90851589653606],[-60.360886466561766,45.90852102540956],[-60.3609213300576,45.90860940872879],[-60.360928645805764,45.90864029746631],[-60.36094506963055,45.90870968601787],[-60.360960010723105,45.908870155214075],[-60.36095695283823,45.90891669059402],[-60.36095451264779,45.90895373542311],[-60.360935687879966,45.90899995143284],[-60.36091409017031,45.90905297995276],[-60.36089868232147,45.90907418074321],[-60.360866087843384,45.90911901642371],[-60.36079674244532,45.90915413696831],[-60.360728984916086,45.90917426286455],[-60.36066094766581,45.90917908092718],[-60.36055658513848,45.90918260931397],[-60.36039913006834,45.90917761976026],[-60.36028079475232,45.909176711558224],[-60.3601542362124,45.909175739148665],[-60.36010104982008,45.90916892914373],[-60.360012086113436,45.90914167030829],[-60.359946057881594,45.90910957718015],[-60.35989739745555,45.909085914242254],[-60.35987567107318,45.909071244712806],[-60.35987116056364,45.90906820617757],[-60.35985185792769,45.90904865125006],[-60.359808417066134,45.90900465917192],[-60.359721463097806,45.9089622262516],[-60.359624642507946,45.90893208522039],[-60.359567524773446,45.908915472223256],[-60.35951475730723,45.908900111887],[-60.35936608293447,45.9088812827176],[-60.359193759657,45.90887553365041],[-60.35919023191526,45.908875425067585],[-60.35906768216814,45.90887123186832],[-60.3590256320114,45.90887076343132],[-60.358865099049396,45.90886897686056],[-60.35885886196941,45.90886917463719],[-60.35885683474578,45.90886923576026],[-60.358754189465856,45.908885763340514],[-60.3587478543877,45.908888569071266],[-60.35867514905965,45.90892083837456],[-60.35857171300578,45.908948589477],[-60.358480566471236,45.908973042451855],[-60.358453510943185,45.908988888040945],[-60.358449121018324,45.90899145972592],[-60.3584058986699,45.90901676918773],[-60.358363543384755,45.909035492116594],[-60.35833741997527,45.90904256547642]]},"properties":{"OBJECTID":261582,"FEAT_CODE":"WARV50","FEAT_DESC":"River - Single Line","RIVNAME_1":"Bonds Meadow Brook","RIVNAME_2":" ","ZVALUE":9999,"FID":null,"SHAPE_Length":574.8141366353673}},{"type":"Feature","id":261583,"geometry":{"type":"LineString","coordinates":[[-60.38584675349669,45.898643431307924],[-60.38578497671859,45.89864345722615],[-60.38576940374878,45.89864346075245],[-60.38576023978633,45.89864452007609],[-60.38570459376078,45.898650977851624],[-60.38567816036917,45.89865083174383],[-60.38565305421018,45.89865069801351],[-60.385634366120925,45.89865499558753],[-60.385613944201715,45.89865970350365],[-60.385520358657374,45.89868290713976],[-60.38551090250369,45.89868524686651],[-60.38548511647086,45.89869903975566],[-60.38544477048505,45.898720635995986],[-60.385401488314024,45.89875040071738],[-60.38539282946766,45.89875635000414],[-60.38534127694973,45.898756069728364],[-60.38534085464961,45.898765060848106],[-60.38526809346143,45.89879748984466],[-60.385223668102505,45.898817282451226],[-60.38511973861563,45.89886171578995],[-60.38505575147759,45.89887915223019],[-60.38477143148512,45.898894225156354],[-60.384423115195716,45.8988997578853],[-60.384345794502075,45.898898886951336],[-60.38429424187831,45.898898606200014],[-60.38408642411793,45.89898655395378],[-60.38406827400503,45.898994760936496],[-60.38400871388339,45.89902167702355],[-60.383929234553655,45.89907222286774],[-60.38381337042024,45.89914591319579],[-60.383724728561496,45.899235330409624],[-60.38370781169189,45.89925240436356],[-60.383701983169956,45.89926313477978],[-60.38365418591069,45.89935108450013],[-60.383613437647014,45.8994500596546],[-60.38356256160532,45.89950915427405],[-60.38356024349907,45.8995118464021],[-60.383521845532584,45.8995446295704],[-60.38340310793938,45.89964595806734],[-60.38328466967089,45.89975215372421],[-60.3831944931427,45.89980589223428],[-60.38303262506405,45.89991531378747],[-60.382958820828875,45.89996520593718],[-60.38293918836848,45.89997860822617],[-60.38289887098521,45.900006135739275],[-60.3828536197028,45.90003660142934],[-60.38282787075116,45.90006301367119],[-60.38273687008652,45.900106841064726],[-60.38262447257525,45.90015059200446],[-60.382555647532065,45.90017737598408],[-60.382413079792315,45.90022092122905],[-60.38232083069421,45.90024796920798],[-60.38220523487685,45.90028186256402],[-60.38206182132873,45.90034338055526],[-60.38181615157469,45.90041335490322],[-60.38173800884157,45.90043046493228],[-60.381726955803046,45.900432758731256],[-60.381698939286544,45.900438569928895],[-60.381531412296965,45.90043742893657],[-60.38149450984773,45.900442217259794],[-60.38146655744782,45.90044584267919],[-60.381447055745575,45.90045179505731],[-60.38132398906484,45.90048936854679],[-60.38118656929399,45.90055553227874],[-60.38114195857402,45.90057701119156],[-60.38111023965077,45.90058972194781],[-60.38098691066541,45.90063916109671],[-60.38090234899133,45.90067349485775],[-60.38085680880543,45.90069198208155],[-60.38076576167915,45.90070879547325],[-60.38071895399328,45.900708189902225],[-60.380675573542916,45.90070762692024],[-60.38062315985393,45.900725335337015],[-60.38057665368837,45.90074380029163],[-60.38040246494219,45.90081297199877],[-60.380247034744805,45.90088321283706],[-60.38010278947406,45.90098971322048],[-60.380017180580104,45.9010188828499],[-60.37994687469677,45.90104284103612],[-60.379852639705724,45.90106573709638],[-60.37980472646363,45.90107738285793],[-60.37974444119868,45.90109058087959],[-60.3797265693534,45.90109449117942],[-60.379531614460745,45.90118272577223],[-60.37941526412027,45.901216959018164],[-60.37898792759821,45.90133946314879],[-60.37880670745576,45.901382107727905],[-60.37866021916956,45.90141076999842],[-60.37845669987799,45.90145057994168],[-60.37822429238751,45.90148484786296],[-60.378135802296406,45.9015100075871],[-60.37804268635055,45.90153648315598],[-60.37796897780868,45.90155081216204],[-60.37795160760502,45.901554193654775],[-60.37795026735182,45.901554729930645],[-60.37782280525376,45.90160614093799],[-60.37774832438403,45.90161989401833],[-60.377679760648206,45.901632558821234],[-60.37762541467484,45.901636513289915],[-60.37757626943601,45.90164008312049],[-60.377435389177094,45.90164764874755],[-60.37725736897765,45.9016458644635],[-60.37708745424517,45.901644158064265],[-60.37701289311394,45.901643741582156],[-60.37698435715561,45.901643590170586],[-60.37686785399043,45.90165256109987],[-60.37677731928331,45.90165953621836],[-60.376742761004884,45.90165914739639],[-60.37662270956788,45.90165778466882],[-60.37652756585903,45.90166134141781],[-60.376428999260355,45.90166503546737],[-60.37630208674513,45.90166345176701],[-60.3761712962252,45.90166181482481],[-60.3761072869321,45.90165224337481],[-60.37600499216507,45.90157968673195],[-60.37599697074758,45.90156087078414],[-60.37599337270983,45.901552417375136],[-60.37598876462952,45.90154898119793],[-60.375980931318146,45.90154313070519],[-60.37597564839216,45.90154033607807],[-60.375929359799684,45.9015158523801],[-60.375776417061935,45.90145113247467],[-60.37570031969697,45.90139717014828],[-60.375572328254485,45.90135012486355],[-60.375444278638504,45.901276975812614],[-60.37542196158349,45.90126879422391],[-60.3753682393481,45.90124913488405],[-60.37530423110861,45.901239554005336],[-60.3752397985017,45.90123897312544],[-60.37516206387724,45.901247087243334],[-60.37513761296847,45.901252717764564],[-60.37512296336499,45.90125608935551],[-60.37501456710014,45.9012593762218],[-60.37490348540958,45.901262745265555],[-60.37485362888695,45.90127702651127],[-60.3748132995216,45.9012885744935],[-60.37470909011351,45.90131761856629],[-60.37459253526719,45.90135010504215],[-60.37456846299519,45.901353718969176],[-60.37454059894416,45.901357911772614],[-60.37423088931608,45.90136429199191],[-60.374170829074764,45.901373504893975],[-60.374011426206366,45.90139794889143],[-60.37393455484317,45.90141508281235],[-60.37392156438132,45.90142099462233],[-60.373895029844775,45.90143307553021],[-60.373810524324156,45.90147375088349],[-60.37380400771818,45.90147688630579],[-60.373764922025345,45.90151289065744],[-60.373712152168984,45.90156568178123],[-60.373699729192786,45.901588528098394],[-60.37365850645926,45.90166435675492],[-60.37361773869876,45.90176332788434],[-60.373606878962335,45.90178145772809],[-60.37359114901567,45.90180772028073],[-60.37356845249691,45.90182862014817],[-60.37355205049252,45.90184371526244],[-60.37353834815683,45.90185268892508],[-60.37352545811293,45.9018611142191],[-60.37340822651479,45.90194123408879],[-60.3732378003254,45.90208311775546],[-60.373001214157156,45.90228829387665],[-60.3728968872978,45.90234079864358],[-60.3725859427375,45.90245515543824],[-60.372494903374545,45.9024719624087],[-60.37247172867033,45.9024718432173],[-60.372443347738596,45.9024716762355],[-60.372321385896335,45.90247032803061],[-60.37199233942808,45.90246670739208],[-60.37182523212656,45.902456552020325],[-60.371710042502734,45.90246003943204],[-60.37160574931669,45.90246320147796],[-60.371575733708234,45.90246297865373],[-60.37148975982144,45.9024623318773],[-60.3714534910082,45.90246703252927],[-60.37142490133357,45.9024707398285],[-60.37133472484837,45.90249656652258],[-60.371261764613315,45.90251900912972],[-60.371165962106836,45.90254848651133],[-60.37110069170073,45.90256588558295],[-60.37105636037197,45.902573415763705],[-60.370998005935846,45.90258332332352],[-60.370919419565176,45.902609416517],[-60.370790565208765,45.902635252382304],[-60.37064838116326,45.902642779610595],[-60.37050152108828,45.902645311562075],[-60.37031292064415,45.90264855627864],[-60.37025613090193,45.90265453914446],[-60.37015873411119,45.902664807289256],[-60.369976610438584,45.9026993253286],[-60.36995468832513,45.9027062550884],[-60.36975672815293,45.902768967540254],[-60.36969655649456,45.902782126866605],[-60.36967856628474,45.902786059868596],[-60.36952395388393,45.90281131000028],[-60.369445804948256,45.90285540482899],[-60.369276160033145,45.90295320571592],[-60.369157688135545,45.903059385924486],[-60.369114960081085,45.90311753671079],[-60.369065367987275,45.903185070174594],[-60.36902335796784,45.90331012231573],[-60.36899755893072,45.90333742135795],[-60.368854110189154,45.903398930934614],[-60.36871155072841,45.90344244124667],[-60.368663820846216,45.903458568946455],[-60.36863424997306,45.90346856248873],[-60.36841478847851,45.90350220866152],[-60.3682975087696,45.90352830844471],[-60.36828774105967,45.90353502294699],[-60.368272189369755,45.903545726511666],[-60.36814079414653,45.90362549654676],[-60.36808469366981,45.903666498276785],[-60.36797118615191,45.90374940762101],[-60.36773582493656,45.903873593964235],[-60.367554613194194,45.90394323222482],[-60.36745064934346,45.903960628309456],[-60.36742489216283,45.90396003452298],[-60.36714358506981,45.90397181169981],[-60.36706447372707,45.903975127144534],[-60.36703871654774,45.90397453327087],[-60.36698588363736,45.904001217541904],[-60.36688241056532,45.90406273727881],[-60.366751849623114,45.90412453237746],[-60.36665391779476,45.90416048243868],[-60.36660884804303,45.90417703965358],[-60.366518611270415,45.904203761228544],[-60.36644296195151,45.90421455472752],[-60.366284965946925,45.90423708520751],[-60.36618573962993,45.90427776642747],[-60.36615611772353,45.90428990933812],[-60.366140776865784,45.90431031132135],[-60.366116216718716,45.904342993752834],[-60.366074582499614,45.904459943757544],[-60.36604557802591,45.904504260688924],[-60.366021771820094,45.90454062380925],[-60.36600822770276,45.90454948320557],[-60.36598185873443,45.904566714539946],[-60.365942340321965,45.90461170700989],[-60.36594233654679,45.90461396612006],[-60.36594237583745,45.90466571254416],[-60.365927356614655,45.90471037003367],[-60.365887011160865,45.90480034733521],[-60.36587413079521,45.90482705258239],[-60.36587355637914,45.90486397855647],[-60.36587287675702,45.904908030725714],[-60.36586186028869,45.90492640823502],[-60.36584627936058,45.90495242112965],[-60.36577719542834,45.90513174332406],[-60.36576517934017,45.905140457923544],[-60.365756038609156,45.9051429022976],[-60.365699891001455,45.90515786249147],[-60.365557298497954,45.90520137709807],[-60.36551294095564,45.905200956827024],[-60.36549284919825,45.90520078133183],[-60.365425642162165,45.90518871791096],[-60.36538930902476,45.90518220017326],[-60.36534903168868,45.90517702255023],[-60.365313521031545,45.90517246793384],[-60.36531241898374,45.90517232549736],[-60.36531170287576,45.90517220096599],[-60.365197646098146,45.90515054174777],[-60.36516589075586,45.90514455259841],[-60.365149770594876,45.90514382062327],[-60.365091916588824,45.90514008251772],[-60.36505888310098,45.90513794318536],[-60.365004793160175,45.90513748716666],[-60.36489934530065,45.90513660209182],[-60.36487518088714,45.90513748460979],[-60.36475633368055,45.905155191852394],[-60.3646920992736,45.90516476247936],[-60.36468398860127,45.905173225061624],[-60.36468111353859,45.9051762189798],[-60.364569459293506,45.905221994457094],[-60.36451361879863,45.905244890846916],[-60.36447898740748,45.90526560346617],[-60.36441248939944,45.90529220518439],[-60.36430288512019,45.90533606554203],[-60.3642737239653,45.90534989274383],[-60.364270822909965,45.90535125690955],[-60.364114510073996,45.905420645318955],[-60.3640912338704,45.905431899076],[-60.36408112591278,45.90543679620576],[-60.36393624737586,45.90549750152332],[-60.36389974440851,45.90551280629519],[-60.36387955305429,45.905519630827705],[-60.363865310419705,45.90553097606254],[-60.36381375371787,45.90557202657379],[-60.36380516471046,45.90558976686125],[-60.36380417939013,45.905591787293304],[-60.36379962779026,45.90560023296512],[-60.36376942670608,45.90565615070438],[-60.363768560542,45.905697300299416],[-60.36376746153895,45.90574935347039],[-60.36376918602627,45.90582862719026],[-60.363769891324296,45.90586137032593],[-60.36376180849598,45.905898635996174],[-60.36375723408582,45.90590701813392],[-60.36375361892106,45.905913658262335],[-60.36375110894868,45.90592418524119],[-60.36374670106015,45.9059426611024],[-60.36374177693425,45.90594808290871],[-60.3637326903643,45.90595808903011],[-60.36369139521982,45.90597792750895],[-60.36367885143508,45.905974091612826],[-60.363672332235716,45.90597208694779],[-60.363662169914235,45.9059675139597],[-60.363649356665924,45.90596174567146],[-60.36362994121036,45.90595354776109],[-60.363612826297185,45.90594632103943],[-60.36355309060152,45.90597167425274],[-60.36342789264592,45.90602350847856],[-60.363420784631465,45.906026584648544],[-60.36341753375733,45.906028255743195],[-60.36340201892521,45.90603624125631],[-60.36337517492975,45.906047682515066],[-60.363343765308535,45.90607521076304],[-60.36334316019433,45.906075736838574],[-60.36326994315359,45.906110778502445],[-60.36323392647757,45.90612505919883],[-60.363163865982244,45.90612640273548],[-60.36314756553871,45.9061275654805],[-60.36314235312747,45.906136076874056],[-60.363119617824545,45.906173184174726],[-60.36311275428045,45.9061874269434],[-60.363015790114346,45.90625017355669],[-60.363006161094894,45.9062552976694],[-60.36299423061983,45.90626164674717],[-60.362958992945266,45.906274721238766],[-60.36289330745468,45.90629909963778],[-60.36287303620266,45.906298622510626],[-60.36282154649614,45.90629034081852],[-60.36277122155919,45.906282239015766],[-60.36276992057736,45.906281668923704],[-60.36276290564263,45.906281146888425],[-60.36271319389576,45.906282960084134],[-60.36271053323358,45.90628333067481],[-60.362706041709025,45.906283974009746],[-60.36268181698416,45.90629645668192],[-60.36264551313955,45.906315158946306],[-60.36263968166313,45.9063214958311],[-60.362635861957514,45.90632564698347],[-60.362620731767585,45.90634972567549],[-60.362604485167566,45.90637559673978],[-60.36259095375948,45.90639994637286],[-60.36258648903007,45.906415531624006],[-60.362571642169755,45.90646736627107],[-60.362570160184944,45.906476872874755],[-60.362508745326636,45.90649138581775],[-60.362483320511984,45.906500078402026],[-60.362442955729556,45.906512782293184],[-60.36242847960754,45.90651734436437],[-60.36241882834864,45.90652783238121],[-60.36236467193906,45.906601657049315],[-60.3623109232314,45.90666089183644],[-60.36230601916594,45.90666534195919],[-60.362301357151914,45.906669581653844],[-60.36224988055791,45.906669994764776],[-60.36222345237349,45.90667020337746]]},"properties":{"OBJECTID":261583,"FEAT_CODE":"WARV50","FEAT_DESC":"River - Single Line","RIVNAME_1":"Bonds Meadow Brook","RIVNAME_2":" ","ZVALUE":9999,"FID":null,"SHAPE_Length":2259.320037065823}},{"type":"Feature","id":261584,"geometry":{"type":"LineString","coordinates":[[-60.397679489598666,45.89784979886045],[-60.397654165802,45.89783778177283],[-60.3976416428282,45.897831834897914],[-60.397635005064465,45.89782794830597],[-60.397577648486035,45.89779438239312],[-60.39753955778257,45.89778660172879],[-60.39748826359229,45.89777612593694],[-60.39735853701351,45.897765977778896],[-60.39728251793077,45.89776514527894],[-60.39723054566835,45.89777386159717],[-60.39711337186976,45.89782609569729],[-60.39707427700603,45.897835105460494],[-60.39699311245806,45.89784947482462],[-60.396880594763765,45.89786939398146],[-60.39683951502044,45.897878394421596],[-60.39680244693812,45.89788651421141],[-60.39660750295989,45.897947775868666],[-60.39654808725501,45.89797175853347],[-60.39647873847113,45.89799974507613],[-60.39642634495777,45.89801746121223],[-60.39631038984461,45.89804361098825],[-60.39626377711254,45.89804301623933],[-60.396220205158805,45.89804245480103],[-60.3961067181631,45.89804119024253],[-60.39606559084033,45.89804072949154],[-60.395935851520484,45.89803057042473],[-60.39579538945504,45.898002165106405],[-60.395743116808866,45.89799442045735],[-60.395666083787475,45.897983014834224],[-60.39553764532164,45.897972884981165],[-60.3953544344901,45.897952783952206],[-60.39526831132642,45.89794334891698],[-60.39513987346461,45.897933209628654],[-60.395034784424666,45.8978929821373],[-60.394947375436026,45.89785951242669],[-60.394902002252735,45.89785088969255],[-60.39484515516796,45.89784007901736],[-60.39456168283053,45.89783721210582],[-60.3944004333935,45.897841201667624],[-60.39427773474724,45.89784423450093],[-60.394161412764525,45.89787848343231],[-60.3940308955552,45.89794031075073],[-60.39399589642976,45.897966460417244],[-60.393899982177174,45.89803813203018],[-60.39384846798975,45.89806485883755],[-60.393836257147896,45.89806739741005],[-60.393809414569574,45.89807296834924],[-60.3937050346837,45.898099388649634],[-60.39370531374669,45.89810223926765],[-60.39370590149392,45.89810840922075],[-60.39341015148845,45.898184367158855],[-60.393367953655954,45.89819520399117],[-60.39329376752475,45.89821413139824],[-60.39319964428379,45.898238166131534],[-60.393156551410975,45.89824196183966],[-60.39311032617039,45.89824602805491],[-60.39304547535075,45.89825444847093],[-60.39297559820646,45.8982705487842],[-60.39296728380881,45.89827246515509],[-60.39291128107304,45.89828106048968],[-60.39274784272099,45.89830615859572],[-60.39260484174242,45.898331705108355],[-60.392540436670565,45.89835812798975],[-60.39251060321374,45.898373603204675],[-60.39248890867671,45.89838485386786],[-60.392477861750535,45.89839446648832],[-60.39244859183049,45.8984199274275],[-60.39235803370236,45.898481774174485],[-60.3923488565197,45.89848421984678],[-60.39229276133726,45.89849918532446],[-60.392150602491235,45.898506739922105],[-60.392052424159694,45.89850586593239],[-60.39202174241703,45.8985055972705],[-60.391971923684736,45.89850243433161],[-60.3918675063118,45.898495774199795],[-60.391739085705225,45.89845773803579],[-60.39163724474569,45.89843020970713],[-60.39127676399383,45.8983256758987],[-60.39125314577391,45.89831882680091],[-60.39121683067887,45.89830232682076],[-60.39115090241905,45.898272387188996],[-60.39106027263726,45.89825321517689],[-60.390976594925625,45.89825762197772],[-60.39090518178992,45.89826137285209],[-60.39083561538506,45.89826725405916],[-60.39071235044311,45.89827766876704],[-60.39065419662551,45.898288419036135],[-60.3906213356853,45.89829449076273],[-60.390453409311924,45.89830145445119],[-60.390054819612295,45.89830674661599],[-60.38987314324862,45.89833229684812],[-60.389771060929064,45.89833138566647],[-60.38974428373829,45.898331151635425],[-60.38972841526252,45.898333885187306],[-60.38955063794992,45.89836452846844],[-60.38944270844118,45.89836817273986],[-60.38934404944067,45.89837150679966],[-60.38927495147507,45.89837124122485],[-60.38920227018737,45.89837096569069],[-60.38911166368088,45.898378795027334],[-60.38895622826983,45.89842204525023],[-60.38886564422767,45.89845687727064],[-60.38873512001717,45.898518698373145],[-60.38869753840024,45.898528936974124],[-60.38867113432165,45.89853613687362],[-60.388580472434136,45.89854486460096],[-60.388477423110885,45.89854339910194],[-60.38839965486786,45.898544932892186],[-60.38818064840659,45.8985492219124],[-60.38796156128248,45.898547811167894],[-60.387652331357,45.89854433792011],[-60.38738173413581,45.898541747698566],[-60.3872607594885,45.89855332717335],[-60.38721468545714,45.89855772748851],[-60.386915266305856,45.89860505214391],[-60.38689129133836,45.89860883291149],[-60.386735397197796,45.89863406803491],[-60.38659325043507,45.89864161598306],[-60.386233291192525,45.898647778862255],[-60.38612490715187,45.898646810187984],[-60.38604000122056,45.898646054804765],[-60.385997036004156,45.89864546734637],[-60.38584675349669,45.898643431307924]]},"properties":{"OBJECTID":261584,"FEAT_CODE":"WARV50","FEAT_DESC":"River - Single Line","RIVNAME_1":"Bonds Meadow Brook","RIVNAME_2":" ","ZVALUE":9999,"FID":null,"SHAPE_Length":964.603165965261}},{"type":"Feature","id":261585,"geometry":{"type":"LineString","coordinates":[[-60.33853002255862,45.91461179923749],[-60.33824709884855,45.91465664439667],[-60.33811565501039,45.914677477576475],[-60.338042143984616,45.91472886860505],[-60.33797305394314,45.91472882418119],[-60.33785104442394,45.91472873415088],[-60.33782902225611,45.9147181668884],[-60.33774162705354,45.914676228989975],[-60.33761849441125,45.9145977517378],[-60.33755261177855,45.914503201642226],[-60.337525220918806,45.914463895669506],[-60.33751421165233,45.91445628534774],[-60.33739902819673,45.914376625074354],[-60.337294639262865,45.91436996068891],[-60.337218381508706,45.9143868591586],[-60.33713993436576,45.9144042375698],[-60.336847909840984,45.9144166892506],[-60.33676226303174,45.91441556490763],[-60.336592232170005,45.914413336479754],[-60.336467044895116,45.914413107845995],[-60.33634067174362,45.91441286941501],[-60.33627100921659,45.91444229716238],[-60.33617510289672,45.91448281369304],[-60.335894985455376,45.914483569653534],[-60.33582136270551,45.91448286013107],[-60.335664656761516,45.914481346227795],[-60.33542959498712,45.91445948020319],[-60.33533614844588,45.91437512259002],[-60.335297163685304,45.914338299780006],[-60.33514476970238,45.91435553539809],[-60.33511046354787,45.914359415225704],[-60.335067598656735,45.914374796324644],[-60.33498516214536,45.91440437522176],[-60.33493572135355,45.91455353442128],[-60.33484787360869,45.914618810037986],[-60.33461381133194,45.91468643341783],[-60.334495341137846,45.91472067037728],[-60.33446990020423,45.91474352356966],[-60.33437527579942,45.914828568368144],[-60.33437014374072,45.91497605236615],[-60.334335425492114,45.91502028183952],[-60.334267556752025,45.91510669817121],[-60.33420807452898,45.91514214980647],[-60.334175565667,45.91516152564902],[-60.3341075276317,45.915246083771585],[-60.334052574192626,45.9152914338992],[-60.33399678930577,45.91533744864833],[-60.33397101360766,45.91533552376674],[-60.33393228630623,45.9153326214438],[-60.333868764792946,45.91531000457453],[-60.33378481714312,45.91528012417328],[-60.33375596458879,45.91528374389108],[-60.333677606640244,45.91529356134912],[-60.333585691213486,45.91530508736541],[-60.333431185188154,45.9153539451245],[-60.33342767139799,45.91535569023178],[-60.33329247896938,45.915422910348276],[-60.3331024792552,45.91538633146461],[-60.33297709023598,45.91541958619336],[-60.3328163992581,45.91551943209986],[-60.33274930530671,45.91555654134948],[-60.332640882218996,45.91561650126177],[-60.33256351762902,45.915676052464114],[-60.3325388670957,45.91569503535036],[-60.33241728433798,45.91579034874156],[-60.332334384519335,45.9158553329663],[-60.332258439080675,45.91593959725034],[-60.33222761703448,45.915973791223216]]},"properties":{"OBJECTID":261585,"FEAT_CODE":"WARV50","FEAT_DESC":"River - Single Line","RIVNAME_1":"Bonds Meadow Brook","RIVNAME_2":" ","ZVALUE":9999,"FID":null,"SHAPE_Length":616.9252698275229}},{"type":"Feature","id":261714,"geometry":{"type":"LineString","coordinates":[[-60.35150477620266,45.914123629236194],[-60.351274882168056,45.91410579506699],[-60.35102296000226,45.914111058490974],[-60.3510033014986,45.91411146654756],[-60.35075394197303,45.91410001137385],[-60.3504881009325,45.91409888418382],[-60.35043539577558,45.914122782498204],[-60.35028223625166,45.91419221608481],[-60.350255484915195,45.914243808869834],[-60.35023039558904,45.91429218193191],[-60.35025857638746,45.91449324713714],[-60.350261492719,45.914514052596886],[-60.35026518245705,45.914658600682564],[-60.35029503065363,45.914749931084906],[-60.35031965580947,45.91482529892087],[-60.35053857127943,45.91502119467878],[-60.350743817766,45.91518950054708],[-60.350755242792026,45.915227145822456],[-60.350788084100444,45.91533552998902],[-60.35075006849866,45.915383198246836],[-60.35069167337631,45.915456423937094],[-60.3506174445038,45.91558539308414],[-60.3504135009442,45.91560307325801],[-60.35023737514586,45.915613387856624],[-60.35015109411289,45.9155846534767],[-60.35004709239801,45.915550017343556],[-60.3499490743971,45.91552160449963],[-60.349825260030414,45.91548573431714],[-60.34963760530365,45.91554127035437],[-60.349604997625654,45.9155509184548],[-60.34930936811422,45.91570931096482],[-60.349216744286906,45.91576986035797],[-60.34917959612346,45.915794146210416],[-60.348856658479555,45.915792220875915],[-60.348578481087955,45.91573860734692],[-60.34831874408769,45.915603865303716],[-60.34828884868159,45.915592586198564],[-60.347996737068094,45.915482347825574],[-60.34784172791261,45.91542488723419],[-60.347738988358266,45.9153868040065],[-60.347549710874354,45.915298907549115],[-60.34746272415001,45.91525850773482],[-60.34746861835643,45.915196818309795],[-60.34754320043314,45.91505246807114],[-60.347367442421934,45.915025343546475],[-60.347261897029654,45.91500231601435],[-60.347150481376225,45.914977999913916],[-60.34714380643918,45.91497140929365],[-60.347061553907075,45.914890156612245],[-60.34697075483366,45.914749084163596],[-60.3469506331936,45.91471782502741],[-60.34687648356717,45.91466487888949],[-60.34680224691725,45.914611867675426],[-60.346481964096164,45.91465419110691],[-60.34628744736693,45.91474462921795],[-60.34606003928008,45.914805500104784],[-60.34581611813151,45.91478461070279],[-60.34581474373878,45.914784497751384],[-60.34548870736405,45.91478277887315],[-60.34546327982876,45.9147957159658],[-60.345301286626736,45.914878231671636],[-60.345131664526335,45.915044403029576],[-60.34495474914468,45.915033449277324],[-60.34473147066108,45.915005035807376],[-60.344669969512935,45.9150199781778],[-60.3446107903158,45.915034362454776],[-60.344444926739556,45.91512173737364],[-60.34436713418871,45.915162709011845],[-60.344134643551634,45.91527324116576],[-60.343930645396824,45.91537037634288],[-60.34374033320879,45.91540772230954],[-60.34360210727773,45.91540207677988]]},"properties":{"OBJECTID":261714,"FEAT_CODE":"WARV50","FEAT_DESC":"River - Single Line","RIVNAME_1":"Bonds Meadow Brook","RIVNAME_2":" ","ZVALUE":9999,"FID":null,"SHAPE_Length":929.17048728179}}]}
