{"type": "FeatureCollection", "features": [{"type": "Feature", "id": 52092, "geometry": {"type": "LineString", "coordinates": [[-60.00763998641495, 45.93859917861874], [-60.00771907889624, 45.93861288054436], [-60.00776199225568, 45.93867125048893], [-60.00776278757255, 45.9386967346883], [-60.00776403267564, 45.93873638898531], [-60.00775592041128, 45.93878882225677], [-60.00770241377493, 45.938788230057774], [-60.00766034213523, 45.93875256425042], [-60.00760615461033, 45.938703997723614], [-60.00759868424077, 45.938697303334344], [-60.007587398039746, 45.93870085989448], [-60.007568631289, 45.93870677663341], [-60.007582366777214, 45.93873656034731]]}, "properties": {"OBJECTID": 52092, "FEAT_CODE": "WALK20", "FEAT_DESC": "Lake - Water to the right line", "RIVNAME_1": " ", "RIVNAME_2": " ", "ZVALUE": 69.5, "FID": null, "SHAPE_Length": 49.83110824694591}}, {"type": "Feature", "id": 52093, "geometry": {"type": "LineString", "coordinates": [[-60.007582366777214, 45.93873656034731], [-60.00760398233528, 45.93878340014423], [-60.00760627707449, 45.938805953367314], [-60.00760701828058, 45.938813272468686], [-60.00756893765607, 45.938823525465466], [-60.00753488779596, 45.93883271398437], [-60.00745139117238, 45.938770940062085], [-60.007440542257044, 45.9386873079992], [-60.00748203465909, 45.93863070016833], [-60.00752199172907, 45.93861482585602], [-60.0075462345732, 45.938605200291725], [-60.00756419907933, 45.938603879957874], [-60.00763638158202, 45.938598562093944], [-60.00763998641495, 45.93859917861874]]}, "properties": {"OBJECTID": 52093, "FEAT_CODE": "WALK20", "FEAT_DESC": "Lake - Water to the right line", "RIVNAME_1": " ", "RIVNAME_2": " ", "ZVALUE": 69.5, "FID": null, "SHAPE_Length": 53.693427531426195}}, {"type": "Feature", "id": 52094, "geometry": {"type": "LineString", "coordinates": [[-60.007246820568156, 45.93876450700116], [-60.00727403236899, 45.93878240285585], [-60.00728239485957, 45.93879049777755], [-60.00736979659628, 45.938875101282164], [-60.00737572356575, 45.93889225020393], [-60.00737984230926, 45.93890416725111], [-60.00736205975261, 45.93891959663], [-60.0073146115289, 45.93896078289485], [-60.007280773109564, 45.938978500668576], [-60.00726483005263, 45.93898684058776], [-60.00716474045452, 45.93893733170293], [-60.007142059283126, 45.93892609818779], [-60.007054908414084, 45.938850735939326], [-60.007004296615925, 45.938799022558264], [-60.00697029086558, 45.938764269998146], [-60.00694742983841, 45.93873074566638], [-60.006944105970504, 45.938725870090124]]}, "properties": {"OBJECTID": 52094, "FEAT_CODE": "WALK20", "FEAT_DESC": "Lake - Water to the right line", "RIVNAME_1": " ", "RIVNAME_2": " ", "ZVALUE": 68.8, "FID": null, "SHAPE_Length": 70.6411340397851}}, {"type": "Feature", "id": 52095, "geometry": {"type": "LineString", "coordinates": [[-60.006944105970504, 45.938725870090124], [-60.00691128786597, 45.938705477971666], [-60.00692724107357, 45.93868137790894], [-60.00693430479078, 45.93867070807587], [-60.00695116019857, 45.93866099699015], [-60.00700432465568, 45.938630329679455], [-60.00707208377438, 45.93863480613613], [-60.007196783125096, 45.938731593498524], [-60.00723540821333, 45.938756989195205], [-60.007246820568156, 45.93876450700116]]}, "properties": {"OBJECTID": 52095, "FEAT_CODE": "WALK20", "FEAT_DESC": "Lake - Water to the right line", "RIVNAME_1": " ", "RIVNAME_2": " ", "ZVALUE": 68.8, "FID": null, "SHAPE_Length": 39.79653325900101}}, {"type": "Feature", "id": 52096, "geometry": {"type": "LineString", "coordinates": [[-60.013866068307195, 45.95090971368339], [-60.01380545672189, 45.95076501548384], [-60.013821619134724, 45.9507593626389], [-60.013831772082284, 45.95075580282741], [-60.013985367934744, 45.950803023721235], [-60.014057025589196, 45.95083824573075], [-60.01406079704725, 45.95084009951954]]}, "properties": {"OBJECTID": 52096, "FEAT_CODE": "WALK20", "FEAT_DESC": "Lake - Water to the right line", "RIVNAME_1": " ", "RIVNAME_2": " ", "ZVALUE": 73.4, "FID": null, "SHAPE_Length": 39.21690302455657}}, {"type": "Feature", "id": 52097, "geometry": {"type": "LineString", "coordinates": [[-60.01406079704725, 45.95084009951954], [-60.01413703173579, 45.950886197151235], [-60.01413687104813, 45.950913195400496], [-60.0141346256104, 45.95091535988219], [-60.014109650681405, 45.95093948601278], [-60.0140841526606, 45.95095773892642], [-60.014044853102185, 45.95099269645124], [-60.01399277939803, 45.951001235524494], [-60.01396700825097, 45.951000561551645], [-60.01391509532737, 45.95098210234299], [-60.01387815399441, 45.950961901471736], [-60.0138649546046, 45.95095467964146], [-60.01386538225017, 45.95093784129608], [-60.013866068307195, 45.95090971368339]]}, "properties": {"OBJECTID": 52097, "FEAT_CODE": "WALK20", "FEAT_DESC": "Lake - Water to the right line", "RIVNAME_1": " ", "RIVNAME_2": " ", "ZVALUE": 73.4, "FID": null, "SHAPE_Length": 42.8126095678831}}, {"type": "Feature", "id": 130750, "geometry": {"type": "LineString", "coordinates": [[-60.01445243864313, 45.94583328380646], [-60.01464568896665, 45.94586263902228], [-60.01467196081349, 45.945872200748816], [-60.014696309010645, 45.94588106411408], [-60.01473528483866, 45.9459000848192], [-60.014836364879166, 45.94596393318377], [-60.01486423653436, 45.945987667984], [-60.014911628001016, 45.94602800657987], [-60.01504959303748, 45.94617382647825], [-60.015084824902004, 45.94624549400262], [-60.01509844477793, 45.94627321256153], [-60.01520930780242, 45.94649123039882], [-60.01525282934005, 45.94655894719204], [-60.01530813817382, 45.94664502774525], [-60.01538499335412, 45.94677725165522], [-60.01541916265416, 45.94683604712163], [-60.01542285568443, 45.94686698047071], [-60.01542983156131, 45.946925434135565], [-60.01541558954255, 45.94694147935159], [-60.015390016633354, 45.94697029756963], [-60.01540057819049, 45.94701051929302], [-60.01541358307015, 45.94706002172407], [-60.01541237061476, 45.94710349099955], [-60.015410800805604, 45.947159858111085], [-60.015400194911045, 45.94716321720637], [-60.01538456147377, 45.947168173038314]]}, "properties": {"OBJECTID": 130750, "FEAT_CODE": "WALK20", "FEAT_DESC": "Lake - Water to the right line", "RIVNAME_1": "Six Mile Brook", "RIVNAME_2": " ", "ZVALUE": 69.7, "FID": null, "SHAPE_Length": 181.03993525079244}}, {"type": "Feature", "id": 130751, "geometry": {"type": "LineString", "coordinates": [[-60.01538456147377, 45.947168173038314], [-60.01529591591123, 45.94711275096149], [-60.015271051035086, 45.947094999410545], [-60.01524642027141, 45.94704935142821], [-60.01523469321825, 45.94700416677283], [-60.015222902393965, 45.946958728425905], [-60.01516116525908, 45.94685900555684], [-60.01513969078445, 45.94670633028396], [-60.01510135721635, 45.94665132322356], [-60.01507410573748, 45.94661507555322], [-60.01503994334873, 45.94656961037879], [-60.01501685459327, 45.94651832313725], [-60.01497884997171, 45.9464339009464], [-60.01495835553582, 45.94633624627535], [-60.01495625019999, 45.94632620032125], [-60.0149179170601, 45.94627119320695], [-60.01488458311443, 45.94623985393085], [-60.01470420614865, 45.946070287869006], [-60.014666953281036, 45.94604321146269], [-60.01463236840449, 45.94603059711852], [-60.01458975872966, 45.946015090694225], [-60.01447418526511, 45.94600486807339]]}, "properties": {"OBJECTID": 130751, "FEAT_CODE": "WALK20", "FEAT_DESC": "Lake - Water to the right line", "RIVNAME_1": "Six Mile Brook", "RIVNAME_2": " ", "ZVALUE": 69.7, "FID": null, "SHAPE_Length": 156.33678644988228}}, {"type": "Feature", "id": 140007, "geometry": {"type": "LineString", "coordinates": [[-60.01447418526511, 45.94600486807339], [-60.014394738185615, 45.94606669650004], [-60.01437750410027, 45.94607215038859], [-60.01436848635365, 45.946075010867055], [-60.014364865875784, 45.94607707639263], [-60.014120914624286, 45.94621615034087], [-60.01402831785122, 45.9462638363704], [-60.0140028134111, 45.94627696763738], [-60.01387177914555, 45.946338346652084], [-60.013831823841585, 45.94636155889736], [-60.013779881172226, 45.94639174827626], [-60.01359202792176, 45.94648832825594], [-60.01355828478468, 45.94650566333736], [-60.01345306689295, 45.946566817040406], [-60.01343576493938, 45.94657568932387], [-60.0134013194954, 45.94659336602133], [-60.01321869728927, 45.946654294946825], [-60.0130876612913, 45.9467156730147], [-60.01307863097584, 45.94671852406154], [-60.01306140896718, 45.94672398706795], [-60.01297915652928, 45.9467472265989], [-60.01297100702712, 45.9467495336285], [-60.01289349055488, 45.94677539922479], [-60.01284045424453, 45.94680191423075], [-60.012736797668445, 45.94681000326927], [-60.012705606621154, 45.94681393963927], [-60.01267185604288, 45.94681820506977], [-60.01263351134069, 45.946835203463046], [-60.01260237467726, 45.94689164302358], [-60.0125791856533, 45.94693369118934], [-60.01253827600429, 45.94702262901611], [-60.012511330477935, 45.9470678281753], [-60.01244524765133, 45.947121004097006], [-60.01243470872934, 45.947126713883556], [-60.01238011841704, 45.9471562032885], [-60.01230229167675, 45.94716406772116], [-60.01221674344827, 45.947162918241766], [-60.011876807834284, 45.94715833375322], [-60.01186440704453, 45.947148999390976], [-60.011865064519476, 45.94711302231018], [-60.011879239292064, 45.947041386698864], [-60.01189372284564, 45.946987760810686], [-60.0118958213952, 45.94690387406242], [-60.011895979690706, 45.94689781165085], [-60.0118713389324, 45.94685216267169], [-60.01186191473187, 45.946848900756315], [-60.01184600480266, 45.94684339891263], [-60.0118155226487, 45.94683439240737], [-60.011782500326774, 45.94682463535108], [-60.01174858677151, 45.946819454380176], [-60.01171851249235, 45.94681485992596], [-60.01166698707075, 45.94681351138031], [-60.011644874873895, 45.94682520976507], [-60.01160056927763, 45.94684867640296], [-60.01159334807613, 45.94685555304613], [-60.01153529090228, 45.94691087367713], [-60.01148160852883, 45.94697337443127], [-60.01141600831875, 45.947017561568146], [-60.01133752337465, 45.947061411403034], [-60.011220335559635, 45.94710515716509], [-60.01120269644826, 45.94711501037467], [-60.01114186370868, 45.94714899820714], [-60.01094843607538, 45.947146634885065], [-60.010929713010235, 45.94714377751702], [-60.01088444804319, 45.947136858987314], [-60.01084579411882, 45.94713584703978], [-60.010806608285094, 45.94714472205825], [-60.01076698723315, 45.947161686409125], [-60.01074945812397, 45.94716565589073], [-60.010727788485106, 45.9471705610624], [-60.010611914545144, 45.94716876943432], [-60.01056020424897, 45.947167973599505], [-60.01053487019926, 45.947159209551344]]}, "properties": {"OBJECTID": 140007, "FEAT_CODE": "WALK20", "FEAT_DESC": "Lake - Water to the right line", "RIVNAME_1": "Six Mile Brook", "RIVNAME_2": " ", "ZVALUE": 69.7, "FID": null, "SHAPE_Length": 409.15594718994896}}, {"type": "Feature", "id": 140008, "geometry": {"type": "LineString", "coordinates": [[-60.01053487019926, 45.947159209551344], [-60.010515109196895, 45.94715166251328], [-60.01050958451815, 45.947149546681715], [-60.010493599723965, 45.94713800313735], [-60.010446242564456, 45.947103784164085], [-60.01042111931379, 45.94706712306007], [-60.010422086547266, 45.947049146740575], [-60.01042174654673, 45.94704275625494], [-60.01041318603281, 45.946878843148575], [-60.01043192824175, 45.9466983723429], [-60.01044513750961, 45.946644713269], [-60.01051428549406, 45.94651061134773], [-60.01057957785842, 45.94644840601944], [-60.01066111276912, 45.94632363814738], [-60.01077080988497, 45.94622316267585], [-60.01080632623891, 45.946190627446185], [-60.010860008555305, 45.94612812700232], [-60.01087900453571, 45.946112233811384], [-60.01096539090641, 45.94603996852002], [-60.011030989784615, 45.94599579060423], [-60.01112251931553, 45.94592528898134]]}, "properties": {"OBJECTID": 140008, "FEAT_CODE": "WALK20", "FEAT_DESC": "Lake - Water to the right line", "RIVNAME_1": "Six Mile Brook", "RIVNAME_2": " ", "ZVALUE": 69.7, "FID": null, "SHAPE_Length": 157.7026442460626}}, {"type": "Feature", "id": 140009, "geometry": {"type": "LineString", "coordinates": [[-60.01112251931553, 45.94592528898134], [-60.01114538441057, 45.94590246738608], [-60.01114978731479, 45.945898091230966], [-60.01121506486328, 45.945835894149106], [-60.011307882810605, 45.94576541710236], [-60.01131070210764, 45.94576409577211], [-60.01143891837769, 45.945704041062285], [-60.01156931042753, 45.945606644732806], [-60.01168809328792, 45.9455089444126], [-60.01178043960152, 45.945447455460176], [-60.011860371935065, 45.945376640722976], [-60.011898921120256, 45.94534694777651], [-60.01195189987015, 45.94530612938931], [-60.01208518997954, 45.945154803364915], [-60.012151915503544, 45.94506564116279], [-60.01219393435369, 45.94493134132144], [-60.01222203779686, 45.94484155543884], [-60.01223449499616, 45.94481839826484], [-60.01223637178065, 45.94481492805362], [-60.01227570428929, 45.944779053908135], [-60.01238091993688, 45.94471790122269], [-60.01249777935591, 45.94465615302255], [-60.01256126148871, 45.944640973499745], [-60.01264024542149, 45.94462207715701], [-60.012695859468785, 45.94458477468858], [-60.01282495531653, 45.94449819799806], [-60.01292968667008, 45.94444603296023], [-60.01302077686154, 45.94438361005498], [-60.013059579524636, 45.94437341913243], [-60.01308622448983, 45.94436642047016], [-60.01308574134898, 45.944375408656], [-60.01320398744708, 45.94428759361504], [-60.013258148285715, 45.94421610372671], [-60.01329450349713, 45.94417799114817], [-60.013351122281605, 45.944118617615985], [-60.01337854818841, 45.94406443898598], [-60.013407374936804, 45.943912178994665], [-60.01341536118363, 45.94388889574024], [-60.01342267425395, 45.94386757505826], [-60.01343571900411, 45.94384091379731], [-60.01343735402144, 45.94376632171978], [-60.013437489895466, 45.94375995268937], [-60.01340533475879, 45.94373624949871], [-60.01337419748082, 45.94371329298983], [-60.01319885434454, 45.943618571998435], [-60.01317108331109, 45.94360356121304], [-60.01305620715042, 45.94355646099842], [-60.013003537209244, 45.94353325610731], [-60.01299318907565, 45.94352870999656], [-60.012987114025236, 45.94351067542586], [-60.012980949435914, 45.94349238648922], [-60.01299941452069, 45.943468099284125], [-60.01302121133896, 45.94343943482742], [-60.01308632234174, 45.94340424378461], [-60.01312550566478, 45.943395358916625], [-60.01323138700115, 45.943396886606585], [-60.01335755905089, 45.9433987289434], [-60.01344820027416, 45.943394790315956], [-60.01352567650322, 45.94339142535176], [-60.0135662323126, 45.94337788680144], [-60.0136031883838, 45.9433655502017], [-60.01364280585282, 45.9433485847689], [-60.0138761817492, 45.94327908164075], [-60.01399332300611, 45.943236250010145], [-60.01416465901932, 45.94312101073651], [-60.01417915205193, 45.94306738478422], [-60.01417931250444, 45.94304038650167], [-60.01411758127269, 45.94294066316129], [-60.01411936936627, 45.942886974988944], [-60.01411967354808, 45.94287771209249], [-60.01413320065728, 45.94284206253715], [-60.01414893674636, 45.94282557050088], [-60.014159176778115, 45.94281483927773], [-60.01430146387975, 45.94280775913652], [-60.014391227909314, 45.942818207145244], [-60.01446890088367, 45.94283733975081], [-60.01449326788556, 45.94286407929793], [-60.01451742633803, 45.942918715947975], [-60.014524487775496, 45.942988521979245], [-60.01452838055288, 45.943027012289846], [-60.014533747611466, 45.943044785244176], [-60.01453933275155, 45.94306330196822], [-60.014664728684686, 45.943226795401145], [-60.01470246259213, 45.94324488357262], [-60.01471453628334, 45.943249492646345], [-60.014727747306075, 45.943254545493375], [-60.01477981359135, 45.94324600589413], [-60.014795275087764, 45.94324110865471], [-60.01480606400814, 45.94323769139467], [-60.01493676707414, 45.943158300984756], [-60.0150028426826, 45.94310512341457], [-60.01506844824937, 45.943060934343585], [-60.01519849491127, 45.94301752977654], [-60.01534336899874, 45.94293850935505], [-60.01539462927628, 45.94292094757977], [-60.015516592072736, 45.942900490462094], [-60.01564068991855, 45.94287967498177], [-60.01574530421252, 45.942853606691074], [-60.01601830482867, 45.94276713319306], [-60.01619893249386, 45.9427430510411], [-60.016433763469706, 45.94264657822794], [-60.01652390294524, 45.94261687268216], [-60.016537522915584, 45.94261238612924], [-60.016594075124786, 45.94258491717146], [-60.016628929376, 45.942567970253755], [-60.01664181447627, 45.94256107026703], [-60.0167604341657, 45.94249759952725], [-60.01693010700348, 45.94243722668376], [-60.017155930534884, 45.94230757402474], [-60.01719102061251, 45.94228742880185], [-60.017322682942364, 45.942190059063115], [-60.017324771517416, 45.94212710783881], [-60.01731248104261, 45.942091683548924], [-60.01731296346197, 45.942082695324856], [-60.01706803186484, 45.942078987892806], [-60.017018347857096, 45.94206360357255], [-60.016979197513, 45.94205147370933], [-60.01685031392168, 45.94204900647978], [-60.01680880148992, 45.94206285423426], [-60.01679776653632, 45.942066535280276], [-60.016768212122045, 45.94207873327585], [-60.01662756393329, 45.94213679499486], [-60.01651238605755, 45.94219985148765], [-60.01641886121267, 45.942251052543355], [-60.01636669785507, 45.9422856927506], [-60.01628007154803, 45.94234993614268], [-60.016247111509536, 45.94237437613834], [-60.016243721174575, 45.94237672676391], [-60.01620825251484, 45.94240127220705], [-60.016107349115885, 45.9423993373224], [-60.01607935578977, 45.942398794763065], [-60.01600807382416, 45.94239038825061], [-60.01591270233095, 45.942379137899636], [-60.01587416288019, 45.94235202824636], [-60.01572283838183, 45.942214860910724], [-60.01570317718902, 45.94218072893208], [-60.01564966971076, 45.94208783696845], [-60.01558190419408, 45.94200387015018], [-60.015561363631235, 45.941978427961104], [-60.015512837860015, 45.94189704319063], [-60.01544965721835, 45.94182428515447], [-60.015408288825704, 45.941810944665555], [-60.015334252089396, 45.94178706530438], [-60.015296084466186, 45.94177706674424], [-60.015266342067704, 45.941776667279534], [-60.01515426995522, 45.94177515965064], [-60.015031184991685, 45.94178772932027], [-60.01499990766759, 45.941790925992294], [-60.014924173767746, 45.94179384246183], [-60.014637902823836, 45.94180486346551], [-60.014469838534914, 45.941811269998354], [-60.01445743796085, 45.941801944917046], [-60.01447021055577, 45.9417889756754], [-60.01448336512735, 45.94177562038386], [-60.01456280573361, 45.94171379170247], [-60.01463864638329, 45.94167766521044], [-60.0146541638944, 45.94167027622522], [-60.01470719435842, 45.94164376021457], [-60.01475125106473, 45.94162866562561], [-60.01475845360733, 45.941626198697236], [-60.01479807814234, 45.94160835096536], [-60.01485199346828, 45.941565359505205], [-60.01494234310691, 45.941493293806076], [-60.01496104571664, 45.94148425089078], [-60.01499532498857, 45.94146767647391], [-60.015021364368835, 45.941442857889804], [-60.01506059288566, 45.941405476917794], [-60.01511529962131, 45.94137368505069], [-60.015152481189155, 45.94135207398976], [-60.01523289881195, 45.94127226872577], [-60.015258861941916, 45.941257754041835], [-60.01531135952271, 45.941228415561206], [-60.01532452974628, 45.94120155033851], [-60.015351281240584, 45.941157461519374], [-60.01535563584264, 45.941004552271785], [-60.01535382881379, 45.94099760139991], [-60.01534387783709, 45.940959240769956], [-60.015318753874666, 45.94092258069874], [-60.015281884453564, 45.94087833191254], [-60.01528118115362, 45.940877494452096], [-60.01525924786967, 45.94085733528623], [-60.015230773533325, 45.940831172585945], [-60.01520544153427, 45.94082240961882], [-60.01516235440618, 45.940802651520144], [-60.01510346527924, 45.940775648670304], [-60.0150523544956, 45.940766202738075], [-60.014898142161506, 45.94075497037377], [-60.01479449711926, 45.94076306157226], [-60.01470331360974, 45.94077957924499], [-60.01463867620897, 45.94080579177193], [-60.014599012112775, 45.94082366541744], [-60.014535353674006, 45.94083189282477], [-60.01450878175503, 45.94082219719872], [-60.01438194475358, 45.9407576749686], [-60.01434393832481, 45.94072067781551], [-60.01433293835184, 45.9406852869401], [-60.014333678866755, 45.94062755698598], [-60.01433374185246, 45.94062230214894], [-60.01433583366353, 45.94055935104587], [-60.014350051454514, 45.940486816117144], [-60.0143782320713, 45.94044254887231], [-60.01456211838903, 45.94030964449615], [-60.01459947597222, 45.94025928956717], [-60.014641394696085, 45.94020279830858], [-60.01469490605716, 45.94016730304635], [-60.01478706446219, 45.94006080257576], [-60.014868866686236, 45.94004598374432], [-60.01487825964266, 45.94004428514164], [-60.015006703905826, 45.94005484387043], [-60.01508517590255, 45.940010991152306], [-60.0151820498787, 45.939940859980915], [-60.015243567678795, 45.93989632091255], [-60.015289856812146, 45.93986821526906], [-60.01537426204284, 45.939816929753455], [-60.015520412072334, 45.939665935804825], [-60.01552105020863, 45.93966486338473], [-60.0155473512925, 45.93962073573653], [-60.01555522634337, 45.93930591253295], [-60.01556971025906, 45.9392809987914], [-60.015596447901174, 45.93923498336596], [-60.01563626920785, 45.93919012899227], [-60.01571522258422, 45.93913727858959], [-60.015733977884324, 45.939134204473916], [-60.0157672719668, 45.93912873809959], [-60.0160021987695, 45.939006175252274], [-60.016028991179766, 45.93898796472096], [-60.016078311033, 45.938969226819594], [-60.01611986110178, 45.93895343613341], [-60.01621185535214, 45.93887393270344], [-60.01623486943523, 45.93884799968099], [-60.0162516892646, 45.93882906944251], [-60.0163435109505, 45.93877656388773], [-60.01634774774712, 45.938773821339886], [-60.016356862872804, 45.93876792096824], [-60.01639733883928, 45.938687062110915], [-60.0164071391137, 45.938661188794285], [-60.01641085046199, 45.9386514118655], [-60.016414076389914, 45.938543495195404], [-60.01640820494852, 45.93849498030304], [-60.01640424844053, 45.93846222189979], [-60.01639200750162, 45.93842589870304], [-60.016329311918405, 45.93834415296174], [-60.01625357455219, 45.93828906886195], [-60.01623479722087, 45.93828006337183], [-60.016215843398854, 45.93827098125973], [-60.01606131689203, 45.938252028531934], [-60.016047949299775, 45.938250392058485], [-60.015674545765776, 45.938237032398376], [-60.01557045826185, 45.93825321348041], [-60.01554527388621, 45.938259980876836], [-60.01550633265729, 45.93827043904872], [-60.01545282320092, 45.938305943747324], [-60.01535589672078, 45.93836438170598], [-60.01533549795134, 45.93837668365405], [-60.01531064403362, 45.93838906715496], [-60.0152307804749, 45.93842885128322], [-60.01515375900755, 45.938445739533215], [-60.01492167724558, 45.93844328146933], [-60.01478003179215, 45.93841436682029], [-60.014697504227826, 45.938378365929736], [-60.01465271703073, 45.93835883320313], [-60.01462513032936, 45.938345474730056], [-60.01457601576764, 45.93832172444634], [-60.014528102994944, 45.938306583358006], [-60.01448596204513, 45.93829326732708], [-60.01429449617243, 45.93825495759983], [-60.01426988489444, 45.93825465604662], [-60.014165560000336, 45.938253395027566], [-60.014126602975814, 45.938234365590695], [-60.014114637813414, 45.93821695110445], [-60.01410752429968, 45.938201679681335], [-60.01410191555735, 45.9381896159027], [-60.01410271045875, 45.938165694477995], [-60.01410400740054, 45.93812666478482], [-60.01412959200886, 45.93808723515339], [-60.01414479525689, 45.93806382553724], [-60.01416957754895, 45.9380306844983], [-60.01419761189475, 45.93799320008819], [-60.01421168162584, 45.93794766377796], [-60.01421424328857, 45.93787572411026], [-60.01420098991665, 45.93785827594471], [-60.01416899541763, 45.93781770958769], [-60.014164756606185, 45.93781232425075], [-60.014088056421656, 45.93777521518943], [-60.01403632887376, 45.93774392564527], [-60.01401183922042, 45.937729117874945], [-60.01400348032837, 45.93771181568983], [-60.01399906882703, 45.93770268148408], [-60.01399985554619, 45.93767891285871], [-60.01400116074055, 45.93763973036583], [-60.0140224776537, 45.937624986438834], [-60.01404001683651, 45.93761284396191], [-60.01410133309173, 45.937577787106115], [-60.01413185133755, 45.93756034051566], [-60.01429946820903, 45.937562023548146], [-60.01442900623238, 45.937550190469004], [-60.01446800291124, 45.937546619751465], [-60.014558136309795, 45.93752385523567], [-60.0145713188044, 45.937520527585846], [-60.014830721042074, 45.9374706047622], [-60.014965355289796, 45.93742921056942], [-60.01497369816531, 45.937426638427425], [-60.015142874356066, 45.93737525607567], [-60.01522316701335, 45.93735291783591], [-60.01523454767218, 45.93734975002539], [-60.01551895655232, 45.93729056943275], [-60.01568817915365, 45.937238305403746], [-60.01592181487411, 45.93718769761779], [-60.01611729747563, 45.9371271094379], [-60.016200569523065, 45.937108853743716], [-60.01631178938867, 45.93708448769822], [-60.01652615481323, 45.93699390644651], [-60.01666290388017, 45.936936138991534], [-60.01679418626991, 45.93687902961341], [-60.016924438488694, 45.93682236121228], [-60.01697649840883, 45.93681382044672], [-60.01718963169668, 45.93681034281688], [-60.01727346715435, 45.93680897761935], [-60.01737560934998, 45.93682874749738], [-60.01752873647626, 45.936884052264055], [-60.017630720303245, 45.936930820273055], [-60.01768181568762, 45.93694025565578], [-60.01778575439991, 45.93695299743653], [-60.0178497065783, 45.936960842375484], [-60.018041640120984, 45.93699015752228], [-60.018262488942575, 45.93700013761772], [-60.0183247631382, 45.937002952008186], [-60.01858260367388, 45.937006084777614], [-60.01877791250219, 45.936972480996445], [-60.01882949023356, 45.93697292762667], [-60.01886959830713, 45.93696882637112], [-60.018983851121625, 45.936957156076176], [-60.01904033595508, 45.93694836986419], [-60.0190879224584, 45.93694097145783], [-60.01916547050861, 45.936914202384784], [-60.01926128196417, 45.93688509279099], [-60.01933464203275, 45.93686280469419], [-60.01937430131425, 45.93684493827392], [-60.019542013171545, 45.93682051366731], [-60.019580381379775, 45.93680771694506], [-60.019594567591845, 45.93680298378306], [-60.01980291506805, 45.93674271610371], [-60.01983727089296, 45.93671933759693], [-60.01985514445843, 45.93670718495248], [-60.019996451718775, 45.9367180738122], [-60.02004701776994, 45.936737386233276], [-60.0201237689255, 45.93677359253251], [-60.020212390149325, 45.93682901931304], [-60.02031248545737, 45.936895654473176], [-60.0203643516321, 45.93693018508496], [-60.02050488911107, 45.93700405904475], [-60.02053549254232, 45.93703311126049], [-60.020542919744024, 45.937040154707034], [-60.02058061626394, 45.93705914005815], [-60.02074773763285, 45.93706980151148], [-60.020772569901744, 45.937070062428994], [-60.02086378870906, 45.937071029442244], [-60.02099314290943, 45.9370645036013], [-60.02104408210841, 45.93710093589407], [-60.02105027128776, 45.937111583342315], [-60.021080693746434, 45.937163996846635], [-60.021105181829064, 45.937236633395216], [-60.021153554795475, 45.93734502333367], [-60.021215293617104, 45.93744473412163], [-60.021234575723945, 45.93751028617821], [-60.02123929931093, 45.93752637688549], [-60.02125831312175, 45.93754349746898], [-60.02128975786607, 45.93757178835564], [-60.02132990172775, 45.93760120626097], [-60.021339409458854, 45.937608186921224], [-60.0213805664228, 45.937612923958646], [-60.021430442111345, 45.93761866250087], [-60.02150697905786, 45.93761075820366], [-60.02152988477752, 45.937605568200276], [-60.02154615656487, 45.93760187929232], [-60.0216120624721, 45.9375756959388], [-60.02161704744721, 45.9375712625542], [-60.021651348446454, 45.93754071741225], [-60.02170381267991, 45.93751572251597], [-60.02174269431316, 45.93749719592976], [-60.0218222970643, 45.93745686939194], [-60.021847452335834, 45.93744412329909], [-60.02187209324402, 45.937440013582524], [-60.02195028427731, 45.93742699465627], [-60.02197989373266, 45.93742742491662], [-60.02202762709344, 45.937428120860474], [-60.02207755735741, 45.93743332049346], [-60.02213152925478, 45.93743893154331], [-60.02227126373232, 45.93750378154076], [-60.02230404119285, 45.93751346618431], [-60.02233476154713, 45.93752253911894], [-60.022503185908974, 45.93753323197611], [-60.022631252833555, 45.937526670705616], [-60.02266055468861, 45.937522970387555], [-60.022696195224896, 45.93751846326116], [-60.02276210052255, 45.93749227922753], [-60.02282719895581, 45.93745707328646], [-60.02287634651588, 45.937411136444815], [-60.02289374162451, 45.937394902474765], [-60.022900690636874, 45.93738992619051], [-60.022919216554776, 45.937376664973286], [-60.02292473845186, 45.93732776342745], [-60.02293643152828, 45.937224099721206], [-60.022951551779634, 45.93713448566093], [-60.022903811946016, 45.93699012767497], [-60.02289872228947, 45.936982308255615], [-60.02289189237781, 45.936971815217156], [-60.02287563925695, 45.936959987371345], [-60.02285340116541, 45.93694380907905], [-60.02277664790931, 45.93690760456719], [-60.022752808898346, 45.93687097962635], [-60.02266289625593, 45.93681553015076], [-60.02266434065377, 45.93678856532222], [-60.02269074302697, 45.936753250475945], [-60.02278304968565, 45.936691751550185], [-60.022952421119086, 45.936612460131826], [-60.023031207547824, 45.93658661180308], [-60.02310822428173, 45.93656971811063], [-60.023172202730954, 45.93657948692595], [-60.0231992636893, 45.93658437784387], [-60.02322458709515, 45.936588953429684], [-60.02328760286648, 45.93661669874397], [-60.02330674235688, 45.936624011357864], [-60.023312886210235, 45.93662635873526], [-60.02340311082241, 45.93662781084535], [-60.02345515682878, 45.93661926675967], [-60.023555295075965, 45.93658832217771], [-60.02362438432365, 45.936566973085064], [-60.02372957199697, 45.93650580917613], [-60.02378179921737, 45.93647026717157], [-60.023847519763336, 45.93639907353754], [-60.023888247281675, 45.93633712931987], [-60.023889691061505, 45.93631016445902], [-60.023916777343004, 45.93623796374597], [-60.02397044792148, 45.936175456781775], [-60.02399587380717, 45.936158117843085], [-60.024019395615476, 45.936162367268636], [-60.024048257937, 45.9361675839631], [-60.024138000636, 45.93617802376343], [-60.02416958389524, 45.936191934141], [-60.02420101643301, 45.93620576857487], [-60.02423682644655, 45.93623157118394], [-60.02429044852099, 45.936270205147586], [-60.02432946200245, 45.93629400302386], [-60.02444160868384, 45.9363623527667], [-60.0246197022729, 45.936481304464124], [-60.02468209523645, 45.93654503610056], [-60.02469657873957, 45.936555224428034], [-60.024720634767256, 45.936572151798366], [-60.02472851464517, 45.93657412129842], [-60.024797015752945, 45.93659122572066], [-60.02490012228858, 45.93659302132037], [-60.02499087614614, 45.93658458505032], [-60.0250267114043, 45.93657931719902], [-60.02504288667843, 45.93657693939884], [-60.025081736850446, 45.93655004908274], [-60.02517515765002, 45.936443573098025], [-60.025306156190496, 45.93638218013906], [-60.02539553780994, 45.93634972058147], [-60.02544955574521, 45.93633011093331], [-60.02563340236738, 45.93619718765719], [-60.0257123417036, 45.93614433896692], [-60.02573922280553, 45.93610003505491], [-60.0257393541506, 45.93607732937943], [-60.02573937745094, 45.936073036589924], [-60.02575598374634, 45.93595555828609], [-60.025756060741, 45.93594953873561], [-60.02575672586823, 45.935893471881776], [-60.02574529939659, 45.93586617173442], [-60.02569454797478, 45.9358018438541], [-60.025606836022575, 45.93572935244297], [-60.025569151463515, 45.93571036906384], [-60.02551724845311, 45.93569191534421], [-60.02549445056001, 45.93568088945868], [-60.02544054315965, 45.93565481378671], [-60.025366757404015, 45.935581478884], [-60.02534010446127, 45.93555498811233], [-60.02530449902513, 45.935473052988925], [-60.02525292248669, 45.935472609317536], [-60.025194886741566, 45.93550053897085], [-60.025070194540156, 45.93556055697798], [-60.02497838621666, 45.93561306991054], [-60.024859622303076, 45.93571078462547], [-60.02478083792401, 45.93573663427096], [-60.02473783786668, 45.935770689019655], [-60.024702705430805, 45.93579850417637], [-60.024672761795294, 45.93581855180653], [-60.02466256788832, 45.93582535181691], [-60.02461103915617, 45.93582400901822], [-60.02456042411821, 45.93580559742748], [-60.024350557454895, 45.935691749114504], [-60.024305941232775, 45.9356675532004], [-60.02429194184783, 45.935664713116935], [-60.024254893853225, 45.935657221953484], [-60.02418218362116, 45.935656596031464], [-60.02415174050092, 45.93565633363083], [-60.024126768267486, 45.93559267693997], [-60.02406422152634, 45.93555594347752], [-60.02403061441814, 45.93554369947723], [-60.02398704908677, 45.93552782959575], [-60.02395692098597, 45.93552746734396], [-60.02392260379538, 45.93552704089771], [-60.02381474449803, 45.935542492129045], [-60.02380559271723, 45.93554380171743], [-60.02378684861116, 45.935545734346086], [-60.02372905888243, 45.93555170763618], [-60.02354855210324, 45.93554970243734], [-60.023458016535365, 45.93553024066807], [-60.02344513443442, 45.93552990483646], [-60.02340867681898, 45.93543984615067], [-60.02335901329106, 45.935403439163395], [-60.02332626491459, 45.935393953595415], [-60.023294241681945, 45.93538465793905], [-60.023099795798984, 45.935426392701004], [-60.02291978378284, 45.93541539857284], [-60.022888090294195, 45.935415121233675], [-60.022816630961216, 45.93541450905496], [-60.022771363936634, 45.93540320276217], [-60.02274025328215, 45.93539541588347], [-60.02272261032453, 45.93538257068065], [-60.02270176320093, 45.93536740971606], [-60.02269329514137, 45.935352823571655], [-60.02266515077838, 45.93530434925026], [-60.022650457646186, 45.93527713462045], [-60.02264050571774, 45.93525870242524], [-60.022654506750264, 45.93521406336119], [-60.02269431991894, 45.93516919729951], [-60.02272104679484, 45.935151892568044], [-60.02274681080496, 45.93515256438884], [-60.022797567784984, 45.935143977990634], [-60.022821738854674, 45.93513633649243], [-60.022823825606025, 45.935135670838164], [-60.02283489062777, 45.935128263647535], [-60.02286396397098, 45.93510881486272], [-60.022904258292364, 45.93505496044038], [-60.022918415041424, 45.934983322903946], [-60.02291797690148, 45.93498162832393], [-60.02290665185648, 45.93493801202024], [-60.02286658412889, 45.934916103338495], [-60.02285652009816, 45.93491060243566], [-60.02284220271168, 45.934896844871645], [-60.022780454706265, 45.934837521432385], [-60.02271802515523, 45.93481476857489], [-60.022703271538894, 45.93480939739558], [-60.02269496749643, 45.93480812775972], [-60.02263929472647, 45.93479963735487], [-60.02253557077365, 45.93479329618398], [-60.022459285343686, 45.9347886335629], [-60.0223427703133, 45.93479639598243], [-60.022294591295335, 45.93480430234166], [-60.02229072588291, 45.93480493960074], [-60.02225098396236, 45.93480440717754], [-60.022148915597725, 45.93480304128958], [-60.022111232889785, 45.934784056810244], [-60.022077204442354, 45.934762116345205], [-60.021997763501965, 45.9347108908087], [-60.02193506343391, 45.934629148001584], [-60.02192982819336, 45.93461731036685], [-60.021910901284414, 45.9345745037744], [-60.02191210905441, 45.93450645296893], [-60.02191217682783, 45.93450253937389], [-60.021914259480404, 45.934439587857895], [-60.021927436250444, 45.93443104772566], [-60.02194066113049, 45.93440427315689], [-60.02203140759462, 45.93435570433387], [-60.02207215253938, 45.934333895922045], [-60.022075489995956, 45.93433083267683], [-60.022111471106946, 45.93429801799323], [-60.02214551381328, 45.93425322663711], [-60.022151717366334, 45.93424506266098], [-60.022157144295555, 45.934239596681294], [-60.02220489347334, 45.93419154444995], [-60.02226966306483, 45.93413832857313], [-60.02233556446187, 45.93411214467926], [-60.02235888638259, 45.93410445413096], [-60.02243930434306, 45.934077946692454], [-60.02255709299891, 45.93399821071416], [-60.02258076660499, 45.93397239261022], [-60.02259819349666, 45.933953378250706], [-60.02259917337537, 45.93391389013986], [-60.02259931246576, 45.93390840325792], [-60.02259500121818, 45.933885815748965], [-60.02258722441352, 45.93384508219344], [-60.0225776973331, 45.93383365471624], [-60.02254965017167, 45.93379999826401], [-60.02248663791312, 45.93377225261748], [-60.022450566267366, 45.93376751357755], [-60.02240978113176, 45.933762147557246], [-60.02238752344207, 45.933754789472], [-60.02238316291968, 45.93375335263104], [-60.02235185727772, 45.933725623708995], [-60.022320342307864, 45.9336977093023], [-60.022322197494944, 45.93363538189937], [-60.02232355647689, 45.93358978310809], [-60.0222477710643, 45.9335356017873], [-60.022208402476714, 45.93352763539372], [-60.02219672605238, 45.933525269673694], [-60.02209277012358, 45.93351535771407], [-60.021964339168356, 45.93350480728625], [-60.02189988294477, 45.933504026156164], [-60.02174632691699, 45.93345681679381], [-60.021631740931504, 45.93342862546074], [-60.02159164195699, 45.93339505042626], [-60.021555198016685, 45.933364522997984], [-60.02150522496286, 45.93331011444376], [-60.021470797902154, 45.93324989184044], [-60.02146866331578, 45.933246154813546], [-60.02146775150859, 45.93324343077647], [-60.02145642001662, 45.933209832078326], [-60.02145786481759, 45.933182867262296], [-60.021485228823394, 45.933129585096246], [-60.02151066737843, 45.93311223803584], [-60.02161493556202, 45.93306815365956], [-60.02173208508376, 45.93302440519579], [-60.021848704738524, 45.93299054371004], [-60.02201935403641, 45.93291128698827], [-60.02202979160664, 45.93290426854647], [-60.02212372962014, 45.93284110252401], [-60.022164841898636, 45.93280422725716], [-60.02220367833742, 45.93276938081391], [-60.02229709781379, 45.93266290710326], [-60.02232421658582, 45.93260840322542], [-60.022350584586746, 45.93255539190165], [-60.02240546682202, 45.932421819641675], [-60.02241089565171, 45.932411979292084], [-60.02245976032467, 45.9323233172604], [-60.0224887809158, 45.93227279630352], [-60.02250101570734, 45.9322514863541], [-60.022527741192185, 45.93223418162739], [-60.02257943452596, 45.93218759121144], [-60.0226063522188, 45.93216332483109], [-60.02260778949816, 45.93216274125352], [-60.022670962947295, 45.93213710708377], [-60.02272398044531, 45.93211058699386], [-60.02279446114184, 45.93205737571934], [-60.02282883497599, 45.93203141353307], [-60.02288345226932, 45.931950930063984], [-60.022910647995815, 45.93189713911581], [-60.02295126241704, 45.931816785540555], [-60.022964936738816, 45.931754136228], [-60.022984204475655, 45.93153861852565], [-60.02301706419176, 45.93128655177341], [-60.02303665599766, 45.931017037473346]]}, "properties": {"OBJECTID": 140009, "FEAT_CODE": "WALK20", "FEAT_DESC": "Lake - Water to the right line", "RIVNAME_1": "Six Mile Brook", "RIVNAME_2": " ", "ZVALUE": 69.7, "FID": null, "SHAPE_Length": 4118.122040225905}}, {"type": "Feature", "id": 140116, "geometry": {"type": "LineString", "coordinates": [[-60.02592507780623, 45.94125785042125], [-60.02585484454306, 45.94143692856393], [-60.025814392372304, 45.9415178003525], [-60.02579414197821, 45.94154253816949], [-60.02573432930258, 45.9416156059389], [-60.02571904875838, 45.94163113034781], [-60.02570840693712, 45.94164194214887], [-60.02565538098882, 45.94166847238773], [-60.02564831158929, 45.94167304066444], [-60.02564201685531, 45.941677116073905], [-60.02560916025894, 45.94171634082024], [-60.0255896437324, 45.94173965758621], [-60.02558416821241, 45.94175711155728], [-60.025575643613664, 45.94178428799516], [-60.02555947059461, 45.94181094115445], [-60.02554875892429, 45.941828600748316], [-60.02551344100736, 45.941875241031774], [-60.025494616093404, 45.94190009693791], [-60.025480460921386, 45.94197172576832], [-60.02542568178773, 45.94207920864475], [-60.025401978823226, 45.94210022911199], [-60.0253457707469, 45.94215004244413], [-60.025313334257525, 45.94217249151146], [-60.02530691664587, 45.94217693273473], [-60.025293551852755, 45.94218558536341], [-60.02517702150717, 45.942193350298595], [-60.025099997450006, 45.94221024519765], [-60.0249963988212, 45.942217446800335], [-60.024829247523314, 45.942206799831276], [-60.02479745258004, 45.94219846464823], [-60.02479107822842, 45.94219679541006], [-60.02465053439695, 45.94212293565062], [-60.024576180498116, 45.942078874187345], [-60.02457425416849, 45.942077743889115], [-60.024463051504775, 45.94191372217983], [-60.02433649804011, 45.94179521349913], [-60.02428594082197, 45.941747433624464], [-60.024249321146876, 45.94171283414885], [-60.024212921213284, 45.94169340677853], [-60.02419789439706, 45.94168539143859], [-60.024069599721614, 45.94164784450207], [-60.024044795320194, 45.94162919634693], [-60.02390405058598, 45.94158322397886], [-60.023866362766384, 45.94156423997161], [-60.02373662449343, 45.94155365750645], [-60.023660082810025, 45.94156155418095], [-60.02355643665257, 45.94156966231817], [-60.02350393983049, 45.94158629544277], [-60.02346835450351, 45.94161092110752], [-60.02346508479592, 45.94161319408477], [-60.02344765829666, 45.94163167752312], [-60.023398056512455, 45.94168434436811], [-60.023382453938375, 45.94178294668709], [-60.023393737250665, 45.941837245793685], [-60.023405502013865, 45.94188255662506], [-60.02348157694872, 45.94195564637745], [-60.02352982096239, 45.94200300627318], [-60.02362008496513, 45.94209156920551], [-60.02368768877973, 45.942140963841794], [-60.023796389971224, 45.94222036735601], [-60.02388550477926, 45.942266803263045], [-60.024000435709844, 45.94231300290624], [-60.02400403800064, 45.94231801124856], [-60.02401363219156, 45.94233134851517], [-60.0240288281188, 45.94235885507099], [-60.02403834225885, 45.942376096606715], [-60.02405405992855, 45.94239602906293], [-60.02407458668112, 45.9424220454063], [-60.02409850536406, 45.942444711837425], [-60.02411264899312, 45.942458140668165], [-60.0241225196202, 45.942476435583515], [-60.02413729817644, 45.94250378723286], [-60.02413714257786, 45.942530785649815], [-60.024120161590126, 45.94255877666984], [-60.02411025684812, 45.94257508903395], [-60.02408196807495, 45.94260511653923], [-60.02404322766817, 45.942646248665895], [-60.02396460291955, 45.942717106021405], [-60.0239330947188, 45.94274653652838], [-60.02389805474376, 45.942779277280714], [-60.02375336250967, 45.942903317415734], [-60.02368729527404, 45.942956500264074], [-60.02366641121403, 45.942980033074186], [-60.02364747747461, 45.943001357514], [-60.02363251164716, 45.943063982155294], [-60.02362875215384, 45.94319728535938], [-60.02362819273244, 45.94321688357081], [-60.023572771386576, 45.94336035209969], [-60.02355335304185, 45.94338590327803], [-60.02353251941659, 45.94341330773143], [-60.02343951548955, 45.943511710427266], [-60.02340007069502, 45.94357367887652], [-60.02335865130733, 45.94367250820898], [-60.023331746894655, 45.94370340869246], [-60.02330503342, 45.9437341161293], [-60.02328277258375, 45.9437638325427], [-60.02326473324365, 45.94378796148949], [-60.023238171589306, 45.94385027475755], [-60.02322924605766, 45.94387647747421], [-60.023195307185176, 45.94397606882273], [-60.02315018290501, 45.94400676426465], [-60.02314308518914, 45.94401161067268], [-60.02297437682102, 45.94405401625126], [-60.022922310362794, 45.944062568588365], [-60.02284495826739, 45.94406144276548], [-60.02273135298902, 45.944065825159704], [-60.0226639552499, 45.9440684240968], [-60.02262298467018, 45.94407360230089], [-60.02259900514851, 45.94407663132751], [-60.022469430061165, 45.94411105580182], [-60.02224961807674, 45.94414402687823], [-60.0221429296956, 45.94414236050867], [-60.02199179197598, 45.9441400027561], [-60.02186196892816, 45.94411621175169], [-60.0218371953009, 45.94411166821485], [-60.021809230967285, 45.94411128983543], [-60.02169537420086, 45.94410976909861], [-60.02163756007486, 45.944113859528336], [-60.02159306013749, 45.944117001120354], [-60.02150132998239, 45.944143410875725], [-60.02145011901068, 45.94416006759637], [-60.02129440098425, 45.944176725182615], [-60.02117839658819, 45.94417458985058], [-60.021062825388654, 45.944164373962806], [-60.0209642467966, 45.94416305308893], [-60.020921017113, 45.944162474217855], [-60.02088182195301, 45.94417135245401], [-60.02082063148771, 45.944175606397465], [-60.020778219299245, 45.94417855012288], [-60.02062303214089, 45.94418530173705], [-60.02053322918727, 45.9441757577101], [-60.0204356302817, 45.9441744529431], [-60.02039140804968, 45.94417385697065], [-60.02033926211872, 45.944173054199254], [-60.02022381880132, 45.94417128357003], [-60.02022024023327, 45.94416607771007], [-60.020211850510066, 45.94415386966068], [-60.020213957871476, 45.944069577942685], [-60.020217506272566, 45.94392809659574], [-60.02024439528813, 45.943883803217894], [-60.02029854729527, 45.94381230076476], [-60.020297741344955, 45.94380326990738], [-60.02040630967627, 45.943607202963626], [-60.02041154585676, 45.9436000219375], [-60.0204327655932, 45.9435709809777], [-60.02044026384447, 45.943566127188504], [-60.020446144824916, 45.94356232029467], [-60.020614840057384, 45.94351992711286], [-60.020627976864205, 45.94351121507849], [-60.02066835152605, 45.94348442006434], [-60.02068412816768, 45.943442833891055], [-60.020695397732794, 45.94341311920743], [-60.02069620636937, 45.9433888920877], [-60.020697482604305, 45.943350167840805], [-60.020689728279386, 45.94331287310663], [-60.020686201226084, 45.943295877525294], [-60.02064814113321, 45.94325977217747], [-60.02057144194387, 45.94322266755041], [-60.02052084462281, 45.943203345571284], [-60.02044398818745, 45.94319323922763], [-60.02039159818983, 45.94318377131644], [-60.020349903425206, 45.94318321428137], [-60.02024977959695, 45.94318187046272], [-60.02016392513769, 45.94318485932499], [-60.02005718388028, 45.94318854511035], [-60.01996646731414, 45.94319606935395], [-60.01969362752471, 45.943255563022454], [-60.01964796833127, 45.94327335393985], [-60.019602704302066, 45.943290993139165], [-60.01945831715189, 45.94336103084921], [-60.019392738387566, 45.943382649072184], [-60.0193545579489, 45.94339522560917], [-60.01933046178532, 45.94340500152155], [-60.019289932388794, 45.943421441075515], [-60.01915842841121, 45.943491814731594], [-60.01911957044962, 45.9435187028141], [-60.01902933493643, 45.943517247048156], [-60.01895150115058, 45.94352511583067], [-60.018886056172796, 45.94354230884975], [-60.01887350916069, 45.94355998290245], [-60.01884560614152, 45.943623160216674], [-60.018804385135425, 45.94369409053174], [-60.018745530304635, 45.94379165288272], [-60.018723665191544, 45.94382789533877], [-60.01868432455617, 45.94386377149347], [-60.0186316176499, 45.943908299443954], [-60.018488033349676, 45.9439873667125], [-60.01846030225709, 45.94399923472246], [-60.01844841729287, 45.94400432486238], [-60.01839586849406, 45.94402185436057], [-60.01835409819954, 45.94402726217038], [-60.018332206339885, 45.944030092794], [-60.018137244984814, 45.94400337237378], [-60.0181131920809, 45.94400007096133], [-60.01800954128139, 45.94400816493886], [-60.017970983220486, 45.94401309845142], [-60.01788092849421, 45.944024607686025], [-60.017805919295306, 45.94402839107965], [-60.017751557856776, 45.94403112958712], [-60.01768865552462, 45.94403073771539], [-60.017661273362464, 45.9440305715426], [-60.0176101586367, 45.944021135664784], [-60.017473947680706, 45.944019044805124], [-60.01744258306695, 45.944018558531106], [-60.01740339991532, 45.94402744488656], [-60.017233723094584, 45.94408780932457], [-60.0171681308179, 45.944131999982396], [-60.01710171082575, 45.944191848413816], [-60.01708949582145, 45.94420284333129], [-60.017008606241845, 45.94429164737233], [-60.01695573846934, 45.94436317281731], [-60.01690302972345, 45.94440769992063], [-60.016875703393936, 45.94442091024243], [-60.01685004580456, 45.944433318079845], [-60.016778311184964, 45.94444723127322], [-60.01676008401367, 45.94445076940168], [-60.0166563212036, 45.94448496161247], [-60.01663839241295, 45.94449303493226], [-60.016616655517176, 45.94450282691256], [-60.01655074071259, 45.94454051019215], [-60.01652481145628, 45.94455533207935], [-60.01639346514982, 45.944670710784], [-60.016272589288526, 45.94483136707187], [-60.01625697246726, 45.944929977026476], [-60.01621389509642, 45.94503011056442], [-60.016187681766624, 45.94509106317115], [-60.01614790372597, 45.9451350367598], [-60.01610904316901, 45.945161923746774], [-60.01608182666786, 45.94518821494423], [-60.01606838225155, 45.94519638736695], [-60.0159511202499, 45.945267606564144], [-60.01592276044928, 45.94529043852958], [-60.01588504284504, 45.94532078462511], [-60.015854849370164, 45.94534628689779], [-60.01583231943403, 45.94536531084745], [-60.01576755562615, 45.945394265954334], [-60.01567633925661, 45.94543504076697], [-60.01565003963053, 45.9454442542621], [-60.01562749051546, 45.94544081161568], [-60.015586052584396, 45.945434481025565], [-60.01557316828187, 45.94543414425084], [-60.0155095010033, 45.94537037439086], [-60.01545952379464, 45.94531596316926], [-60.015452417040336, 45.94530943182214], [-60.0154091121799, 45.94526964131084], [-60.01536346136013, 45.94523077054851], [-60.01533386233553, 45.945205568583326], [-60.01531361235915, 45.94519391421854], [-60.015270022723186, 45.945168796552295], [-60.015078545183876, 45.94513049691175], [-60.01505082575017, 45.94513011427659], [-60.014936722620774, 45.945128580351145], [-60.01472898153284, 45.945152851691354], [-60.01466435183467, 45.94517906442795], [-60.01461083498246, 45.94521456851831], [-60.01453010269171, 45.94534837002692], [-60.01448866620157, 45.94544719569471], [-60.014368797333354, 45.94558897456165], [-60.01432929220589, 45.945651847379956], [-60.01431677929701, 45.94567509333074], [-60.014314958976044, 45.945678475043934], [-60.014314940204, 45.94568170584856], [-60.0143147985173, 45.94570547331728], [-60.0143342036863, 45.94574413523929], [-60.01435092462729, 45.945777524491824], [-60.01436479019742, 45.945787454938596], [-60.01437701588784, 45.94579620839888], [-60.014382618397214, 45.94579903714353], [-60.01441470310522, 45.94581519551834], [-60.01443296739222, 45.94582394485836], [-60.01445243864313, 45.94583328380646]]}, "properties": {"OBJECTID": 140116, "FEAT_CODE": "WALK20", "FEAT_DESC": "Lake - Water to the right line", "RIVNAME_1": "Six Mile Brook", "RIVNAME_2": " ", "ZVALUE": 69.7, "FID": null, "SHAPE_Length": 1642.0567655925488}}, {"type": "Feature", "id": 149873, "geometry": {"type": "LineString", "coordinates": [[-60.01887555461781, 45.94056366131389], [-60.01885425126022, 45.94059282582274], [-60.018849112599746, 45.94059987431376], [-60.01882188634096, 45.940626174921114], [-60.01875694031422, 45.940634371065975], [-60.01879275299527, 45.94076041765732], [-60.01885716928607, 45.940762099570165], [-60.01888041632685, 45.940756829002304], [-60.018896349418576, 45.94075322163741], [-60.01889700253923, 45.94071723537967], [-60.01891083718092, 45.94069959493813], [-60.01894969319941, 45.940672706869414], [-60.018958538980314, 45.940669904544315], [-60.01897594180488, 45.9406643913626], [-60.018989789291226, 45.94064675124678], [-60.018990911104616, 45.94060178539815], [-60.018978186416824, 45.94057444168959], [-60.018955921868795, 45.940568612906084], [-60.01894001889869, 45.94056444435054], [-60.01890248789999, 45.94056398649362], [-60.01887555461781, 45.94056366131389]]}, "properties": {"OBJECTID": 149873, "FEAT_CODE": "WALKIS10", "FEAT_DESC": "Lake Island - Island to the left line", "RIVNAME_1": "Six Mile Brook", "RIVNAME_2": " ", "ZVALUE": 69.7, "FID": null, "SHAPE_Length": 67.03989366760422}}, {"type": "Feature", "id": 149874, "geometry": {"type": "LineString", "coordinates": [[-60.01984780539733, 45.94083746509669], [-60.019809926552625, 45.94084637732169], [-60.01976983068075, 45.94087233323752], [-60.01976872461197, 45.940875877695554], [-60.01975582569374, 45.9409169718177], [-60.019755068635575, 45.94094672679319], [-60.019754691114635, 45.940961946338646], [-60.01976044668627, 45.940968172128066], [-60.01978031295564, 45.940989617595434], [-60.01978483943775, 45.94099302104595], [-60.01979271427781, 45.94099894211696], [-60.01987006242807, 45.941000060915], [-60.019973864986454, 45.94096496673202], [-60.02003848732721, 45.94093875079084], [-60.02005392149481, 45.94093386112603], [-60.02006473590999, 45.94093043503305], [-60.020103434041566, 45.94093054493291], [-60.02015689505362, 45.94089593688212], [-60.02019671449798, 45.94085107187938], [-60.02020991271528, 45.94079741136311], [-60.020172708674195, 45.94076943792808], [-60.02012160932152, 45.94076000356955], [-60.01987965147866, 45.94082845840511], [-60.01984780539733, 45.94083746509669]]}, "properties": {"OBJECTID": 149874, "FEAT_CODE": "WALKIS10", "FEAT_DESC": "Lake Island - Island to the left line", "RIVNAME_1": "Six Mile Brook", "RIVNAME_2": " ", "ZVALUE": 69.7, "FID": null, "SHAPE_Length": 97.32226587855128}}, {"type": "Feature", "id": 149875, "geometry": {"type": "LineString", "coordinates": [[-60.02063549627688, 45.93841789737837], [-60.020621731831824, 45.93847612460573], [-60.02062046798472, 45.93848141111681], [-60.02062017975695, 45.93849063844697], [-60.02061839685042, 45.93854435387886], [-60.0206042355302, 45.93861599998474], [-60.02059531858623, 45.93864901636549], [-60.02058975003612, 45.938669626969215], [-60.0206117081603, 45.938710280650135], [-60.020614407644736, 45.938715274545366], [-60.02061633048211, 45.93871815098112], [-60.020638281253646, 45.93875100074564], [-60.020689703520915, 45.938778444962686], [-60.02077896784505, 45.93879787574511], [-60.020905844463435, 45.93879962011848], [-60.020998120456724, 45.93880089362899], [-60.02102796723961, 45.93879305856542], [-60.02106354581771, 45.93878370788604], [-60.02111576449586, 45.938748157883495], [-60.0211811767712, 45.938698478737834], [-60.02120855799202, 45.93867767211257], [-60.02121447290863, 45.938667925515624], [-60.02123544395929, 45.93863336939618], [-60.02125045871952, 45.93856985522598], [-60.02124599964931, 45.93855701172103], [-60.02123816639328, 45.93853443129773], [-60.021235234598684, 45.938530160423696], [-60.02121303949227, 45.93849777244228], [-60.02117502987044, 45.93846077747792], [-60.02112490879592, 45.93843336742668], [-60.0211137622839, 45.93842855819771], [-60.02106059099299, 45.93840558695414], [-60.020996610887764, 45.938395816915474], [-60.0209562963141, 45.93839051666605], [-60.02091974807407, 45.938385710709156], [-60.02063549627688, 45.93841789737837]]}, "properties": {"OBJECTID": 149875, "FEAT_CODE": "WALKIS10", "FEAT_DESC": "Lake Island - Island to the left line", "RIVNAME_1": "Six Mile Brook", "RIVNAME_2": " ", "ZVALUE": 69.7, "FID": null, "SHAPE_Length": 159.49992382215348}}, {"type": "Feature", "id": 166122, "geometry": {"type": "LineString", "coordinates": [[-60.008230479635706, 45.944618224118045], [-60.00817922195666, 45.94456377613398], [-60.008155069172446, 45.94450913829143], [-60.00815700493077, 45.94447318571064], [-60.00814536727137, 45.94440177423532], [-60.00814125573464, 45.94439546492873], [-60.008133451178836, 45.94438346033721], [-60.00812022095193, 45.94437397781628], [-60.008107362730165, 45.94436477506663], [-60.00805543269346, 45.94433552072069], [-60.00799340959207, 45.94430058336536], [-60.00794579877651, 45.94427761672099], [-60.00787897273926, 45.94424537969949], [-60.00780129983252, 45.94422625160868], [-60.007711548409766, 45.944215789743225], [-60.00766093232885, 45.94419736164295], [-60.00763959272967, 45.94419304002944], [-60.007609880661995, 45.94418702284809], [-60.00759743236445, 45.94417859585417], [-60.00750687622828, 45.94415912091114], [-60.00745943274918, 45.944136167449244], [-60.00743017216739, 45.944122007305204], [-60.007354920396615, 45.9440579292322], [-60.00734910407693, 45.944017156051245], [-60.00734462062587, 45.9439856526536], [-60.00735552059, 45.943956946684956], [-60.00737168405263, 45.94391435538549], [-60.00740277246005, 45.94388810473538], [-60.00742439972903, 45.9438698328568], [-60.00743845757702, 45.94382872550078], [-60.007494846626315, 45.94366376014005]]}, "properties": {"OBJECTID": 166122, "FEAT_CODE": "WARV10", "FEAT_DESC": "Double Line River - Water to the left line", "RIVNAME_1": "Six Mile Brook", "RIVNAME_2": " ", "ZVALUE": 70.9, "FID": null, "SHAPE_Length": 146.26919875211698}}, {"type": "Feature", "id": 166123, "geometry": {"type": "LineString", "coordinates": [[-60.00929974164279, 45.94512778100823], [-60.00927461998967, 45.94509111968133], [-60.0092476957543, 45.945051512866236], [-60.009200495258035, 45.94498206823553], [-60.009150524215514, 45.94492766339642], [-60.00912604997779, 45.94485500669189], [-60.00908928450089, 45.94481894039422], [-60.00906366643651, 45.944791266840774], [-60.009007669865376, 45.944767072880424], [-60.008999373574866, 45.944763480240404], [-60.0088320562735, 45.94477979895009]]}, "properties": {"OBJECTID": 166123, "FEAT_CODE": "WARV10", "FEAT_DESC": "Double Line River - Water to the left line", "RIVNAME_1": "Six Mile Brook", "RIVNAME_2": " ", "ZVALUE": 9999, "FID": null, "SHAPE_Length": 60.970178227675994}}, {"type": "Feature", "id": 166124, "geometry": {"type": "LineString", "coordinates": [[-60.03751938950501, 45.94467354091763], [-60.037438502473165, 45.944719821599165], [-60.03733575087384, 45.94477859508124], [-60.03733654720136, 45.944787616561925], [-60.03732243052427, 45.94481959020751], [-60.03730866427037, 45.94485079887359], [-60.037282266915106, 45.944886117190336], [-60.03725458108172, 45.944921402067166], [-60.03719418256198, 45.94496211165879], [-60.037189016025884, 45.944965604923134], [-60.037102109860804, 45.94498247651818], [-60.03709904606986, 45.94498307207547], [-60.03709180504134, 45.94498481934944], [-60.03699449757269, 45.94500826157347], [-60.03699332480576, 45.94500944624998], [-60.03694131160937, 45.945061786347594], [-60.03675431901838, 45.945137265855806], [-60.03668154386032, 45.94516665496984], [-60.03662904721352, 45.9451832941354], [-60.036615030762455, 45.945185072550466], [-60.03649914770261, 45.94519972448818], [-60.0364586749647, 45.9452106001013], [-60.0364350087568, 45.94521695247087], [-60.0363969725455, 45.945220825661174], [-60.036357173970615, 45.94522484211195], [-60.03627338791536, 45.945238598771134], [-60.03625304329628, 45.94524194103946], [-60.03619848732961, 45.94524106496671], [-60.03607256443215, 45.94523905637178], [-60.03592034288306, 45.94524388961382], [-60.03585414519743, 45.94524598745536], [-60.035790350100534, 45.94524488933616], [-60.03575102128612, 45.9452442103431], [-60.03565929540588, 45.94527063159148], [-60.035603449298385, 45.9452762833353], [-60.03558146093987, 45.9452785117106], [-60.03552660814092, 45.9452776366105], [-60.03549122148829, 45.94527706888037], [-60.035405087640164, 45.945293230168446], [-60.03531006484507, 45.94531106876137], [-60.03524463521468, 45.94532827156267], [-60.03517524009295, 45.94534313915395], [-60.03512847683756, 45.94535314888883], [-60.03506668021579, 45.9453627142232], [-60.0348045214735, 45.94540325064417], [-60.034789057553496, 45.94540676440561], [-60.03476536558281, 45.94541214367143], [-60.03463535007499, 45.945454662260225], [-60.03447948128174, 45.94549832739338], [-60.03438813189267, 45.94554184995127], [-60.034116103351074, 45.94561039100624], [-60.034045512567374, 45.945644020559776], [-60.03402475302333, 45.945653922249484], [-60.03399975176373, 45.945666422995686], [-60.03397172740785, 45.945680447351066], [-60.03389068760702, 45.94573506530585], [-60.03377498294044, 45.94581304886415], [-60.033754017667896, 45.945824385290784], [-60.03370988107547, 45.94584826093547], [-60.03366742253913, 45.945884448272885], [-60.033616610650995, 45.945927745239366], [-60.03359639650136, 45.94596972193276], [-60.033590491215186, 45.94598197163828], [-60.03359013649128, 45.94599224135612], [-60.03358591829801, 45.946115965013234], [-60.03356124517273, 45.94618152500579], [-60.033545323331246, 45.94622382022433], [-60.033412509968606, 45.94641559728671], [-60.03339713222557, 45.946437789794075], [-60.033386024935595, 45.94646047128904], [-60.03338409627085, 45.94646445354433], [-60.03334395384651, 45.94649132208561], [-60.033277260375904, 45.9465804884559], [-60.03326326497227, 45.94662511989564], [-60.033235903866135, 45.94667842286612], [-60.03315627669461, 45.946768162184206], [-60.033155089856, 45.94677129963275], [-60.033129244007156, 45.946839475295505], [-60.03307573735247, 45.946874979295195], [-60.03301048238015, 45.946937189436504], [-60.03294344591257, 45.94700835406291], [-60.032826682625846, 45.94710004438907], [-60.03278588980298, 45.94713207130037], [-60.032733190643576, 45.947176605940676], [-60.032721343590005, 45.94718582992566], [-60.032653761513465, 45.947238447520384], [-60.03258917762687, 45.94727454548974], [-60.032575292286126, 45.947282312358965], [-60.03248916489222, 45.9473156721737], [-60.03241851805255, 45.947343043693216], [-60.0323661209725, 45.94740558764717], [-60.03223497719377, 45.94749398733643], [-60.032088508730425, 45.94762699261458], [-60.03208288588159, 45.94763491118841], [-60.03207595197408, 45.9476446678526], [-60.03205583328431, 45.94768385649483], [-60.03204858967159, 45.94769796150187], [-60.0320221395749, 45.94773417730588], [-60.03201904575996, 45.947739920413056], [-60.032007814129116, 45.947760807376795], [-60.03195928137924, 45.94780679108146], [-60.031848800393824, 45.947911487871686], [-60.03177017754417, 45.94798235060864], [-60.03172913319931, 45.94802365044259], [-60.031716996561684, 45.94803587306703], [-60.03165492149027, 45.948074492949424], [-60.03154617356196, 45.9481421421381], [-60.03149350661556, 45.948185794960224], [-60.031363775540605, 45.9482472099237], [-60.031246600402504, 45.9482909675754], [-60.03111556597496, 45.948352375370625], [-60.03109360578375, 45.948361777263976], [-60.0310759761444, 45.94836933858057], [-60.03106213731234, 45.94836946478215], [-60.03105014490116, 45.94836956698717], [-60.030985038308614, 45.94840477737548], [-60.03095648080629, 45.94842390858864], [-60.03094623034674, 45.94843077068767], [-60.0308922399516, 45.94847527089724], [-60.03082881270174, 45.94854858931389], [-60.030800097006015, 45.94858178464836], [-60.03075868647048, 45.948680616820816], [-60.03074776992872, 45.948695112273285], [-60.03065174903832, 45.948822748977804], [-60.03062566737257, 45.948847939037066], [-60.030559203479285, 45.94891215051231], [-60.03050608134833, 45.94896477385175], [-60.030479760809, 45.94901060553435], [-60.03046483508068, 45.94903661674228], [-60.030356989212784, 45.949117501450175], [-60.03034653155862, 45.94912533919494], [-60.03032012768897, 45.94916065572112], [-60.03031243520038, 45.94917638708972], [-60.030307089570044, 45.949187319057316], [-60.03028687116913, 45.949205163857435], [-60.03026646371219, 45.94922316575137], [-60.03013513363644, 45.94933856061503], [-60.02993740593775, 45.94948913153289], [-60.02983562352782, 45.94957700508776], [-60.02980483404975, 45.949603593630435], [-60.02976804218704, 45.94963167316944], [-60.029699906178244, 45.94968368054217], [-60.02964276085714, 45.94972174350813], [-60.02960758506554, 45.94974517561277], [-60.029529437295025, 45.94980704834145], [-60.029438028429446, 45.949851474461084], [-60.029307419297346, 45.9499205059283], [-60.02918971618878, 45.94998272639944], [-60.029169943669466, 45.94999342695475], [-60.02914052354472, 45.95000935797949], [-60.02912331797514, 45.950017902115675], [-60.0290973454726, 45.95004512884776], [-60.02907173876148, 45.95006792769039], [-60.02905805481942, 45.95008010976957], [-60.02905129060379, 45.95008691839646], [-60.02900486917637, 45.95013363083449], [-60.02896456898999, 45.950187487164705], [-60.02891325003853, 45.95033373813944], [-60.028908240141966, 45.95034803608021], [-60.028900916721234, 45.95065387317794], [-60.028859020411815, 45.950761692814886], [-60.02884438554362, 45.95084231930951], [-60.02884278879113, 45.95090040501071], [-60.02884167494783, 45.95094125771975], [-60.028818461263555, 45.95097986119668], [-60.02878785395171, 45.951030765398315], [-60.028781048139074, 45.9510559615871], [-60.028773372468414, 45.95108439343389], [-60.02875937119518, 45.951129042151486], [-60.028705223234965, 45.951200530654475], [-60.02862611087073, 45.951280379281236], [-60.02857354516395, 45.951297913021264], [-60.028534900610545, 45.95129690732227], [-60.028482828996665, 45.95130544406545], [-60.0284101201252, 45.9513046498955], [-60.02830228290152, 45.951303454461105], [-60.028201071591795, 45.95126571706466], [-60.028137863933054, 45.951192965491174], [-60.02813627167419, 45.951192095973056], [-60.02808771520785, 45.95116555785148], [-60.02806305924721, 45.951119912027245], [-60.0280515569473, 45.951091062058005], [-60.02803802833984, 45.951057154892844], [-60.028004374451605, 45.951015928269264], [-60.02800048672388, 45.9510111736544], [-60.02793712562579, 45.95096542041241], [-60.027847945110786, 45.95091989512543], [-60.02783717770052, 45.95091180213727], [-60.02783554026051, 45.95091057140628], [-60.02781631981819, 45.95090346448682], [-60.02775962004263, 45.95088250176952], [-60.02775254498157, 45.95087485592171], [-60.02773400318598, 45.95085482348461], [-60.0276538333118, 45.95079693146611], [-60.02760728189188, 45.95076331668903], [-60.0275571338176, 45.95073590883025], [-60.02751086130901, 45.950707935783676], [-60.02748088773999, 45.95068981989512], [-60.02744421919763, 45.95065912657975], [-60.027404315088745, 45.95062572077861], [-60.02735464817926, 45.95058932454284], [-60.027329980175594, 45.95054367824168], [-60.02727855676109, 45.950516237055375], [-60.027215677781776, 45.950461495145646], [-60.02716520354904, 45.9504160769924], [-60.02710328674488, 45.95034335844279], [-60.02706541977675, 45.950279366790134], [-60.02693870088714, 45.950187859303085], [-60.02693055332179, 45.950168430413015], [-60.02692725835445, 45.95016055891198], [-60.02692533739995, 45.95015835769823], [-60.02686405358514, 45.95008780669215], [-60.026839196486236, 45.95007005788242], [-60.02680150200107, 45.95005107470398], [-60.02678780896883, 45.950041717325185], [-60.02676248377504, 45.950032957124115], [-60.026745268017386, 45.950019502645425], [-60.02673150782173, 45.95000874838457], [-60.02649759338534, 45.94982264062618], [-60.026471496084596, 45.94980395935585], [-60.02645861064208, 45.94980362378388], [-60.026439919370816, 45.949799176651105], [-60.02642040017062, 45.94979452793713], [-60.02640750184545, 45.94979419202388], [-60.026366440072586, 45.94979352767217], [-60.02631725614548, 45.94979273277977], [-60.02622937564753, 45.94980132597023], [-60.02614991406758, 45.94980908527269], [-60.026110295493865, 45.94982605501116], [-60.025888347694035, 45.94992288327264], [-60.0258685799805, 45.94993107215414], [-60.02578409851237, 45.94996607192263], [-60.02570057554745, 45.950007991221256], [-60.025679319370084, 45.95001915656936], [-60.025660527040486, 45.950025273633244], [-60.025628104050966, 45.95003581504819], [-60.02560505089272, 45.950040777013506], [-60.02554978105186, 45.950052667413566], [-60.0255101135236, 45.950070544750496], [-60.02545883661892, 45.95008811063127], [-60.02544493353222, 45.950090151651224], [-60.025406825792864, 45.950095765473186], [-60.02533650909261, 45.95009514867121], [-60.025303646046666, 45.950094868550444], [-60.02526446016292, 45.95010374853434], [-60.02506836424767, 45.95019944855945], [-60.02496358448399, 45.95025252353152], [-60.02494349020289, 45.95026150481619], [-60.02488559928857, 45.95028739487336], [-60.02475647927365, 45.95031283298443], [-60.024586464079796, 45.95035520689154], [-60.02448707047844, 45.95036961927149], [-60.0244707107402, 45.95037199218806], [-60.02422749564845, 45.95034084744855], [-60.02416186699672, 45.95033244038737], [-60.024131695622934, 45.95032478640768], [-60.024047293424516, 45.95030335184519], [-60.02400985543609, 45.95030296111141], [-60.02393122784795, 45.95030211782479], [-60.02376313769963, 45.95030854642111], [-60.02373010639403, 45.950323688858234], [-60.02368509067275, 45.95034431541252], [-60.023682457361176, 45.9503460199303], [-60.02367171072169, 45.9503529674505], [-60.02361466863114, 45.95039888780156], [-60.02360564707572, 45.95040615030894], [-60.02357891288595, 45.95042345503489], [-60.02348304223855, 45.950422440970904], [-60.023462846611245, 45.95042222952059], [-60.0234603079243, 45.95042264938346], [-60.02341077467907, 45.95043077294008], [-60.02328267797083, 45.950437334348024], [-60.022986069994104, 45.95043409261475], [-60.02296789236391, 45.9504373990063], [-60.022894859202395, 45.95045062513182], [-60.022823569020495, 45.95045588593256], [-60.02268758253214, 45.95046592228188], [-60.022558474101515, 45.95049135820688], [-60.022517619644695, 45.95050102181086], [-60.02237681165969, 45.950534325176825], [-60.02235007703773, 45.95055162960372], [-60.02228010233651, 45.950558103477746], [-60.022092016203864, 45.95057550216698], [-60.02201950407686, 45.950592962703574], [-60.02198743804968, 45.9506006771372], [-60.02193569068216, 45.95062722997924], [-60.021803533588695, 45.950733592870854], [-60.02180101569107, 45.950735309356446], [-60.02177808725651, 45.95075093076683], [-60.02158144104647, 45.950755891228376], [-60.02153258564474, 45.9507571370268], [-60.021276598696396, 45.95064604061275], [-60.02119210723105, 45.95058392692158], [-60.02116362922623, 45.95056298612629], [-60.02095731576203, 45.950560303629096], [-60.02080207494509, 45.9505679631934], [-60.02077484494594, 45.950594255141716], [-60.02073498460609, 45.95060053273725], [-60.02067203727772, 45.95061046528614], [-60.02064520684592, 45.950621124211956], [-60.020606115178126, 45.95063664765606], [-60.02051222093898, 45.95065026398788], [-60.02049037313282, 45.95065342920749], [-60.02034900465553, 45.95064253944075], [-60.020327519354964, 45.95063629923598], [-60.02028421711879, 45.95062374715387], [-60.02014447861454, 45.95055889477529], [-60.01978342952073, 45.950553971897385], [-60.01973095211647, 45.95053927194727], [-60.01961689528023, 45.95050732117672], [-60.01948810167197, 45.950478756947184], [-60.01939945962119, 45.95042333819257], [-60.019310659589486, 45.95039491769315], [-60.019234373344126, 45.95034971325976], [-60.018589677701435, 45.95034099065471], [-60.01849242526458, 45.9503561107791], [-60.01848556805128, 45.95035717383155], [-60.01847726042382, 45.95036001717418], [-60.0184343016995, 45.95037473683125], [-60.018381251495875, 45.950401254041665], [-60.0183039032281, 45.950400134253215], [-60.018269544337564, 45.950407526741515], [-60.01822557725718, 45.95041699051276], [-60.018161425281455, 45.950434216881135], [-60.018018141064346, 45.9504592774573], [-60.01788901837301, 45.95048469872348], [-60.01779809440718, 45.9505201363707], [-60.017759373275, 45.95053499345656], [-60.01773221939479, 45.95054541822906], [-60.01768079393803, 45.950551995738216], [-60.01760357841906, 45.95056185993847], [-60.01708778483585, 45.95055558666636], [-60.01706056919757, 45.95054769300358], [-60.01702298571023, 45.950536792220795], [-60.01689835289932, 45.95049997200715], [-60.01689596469349, 45.95049927055336], [-60.01681828021672, 45.950480139339184], [-60.01680014848506, 45.95047321201814], [-60.01679299188932, 45.950470477802796], [-60.01673051575712, 45.950431015003105], [-60.01669190157028, 45.9504066309591], [-60.01649976016932, 45.950332286146825], [-60.01634712775164, 45.95026711018294], [-60.0162878631751, 45.95023296953703], [-60.01628328179007, 45.95023033858815], [-60.01624479805485, 45.95020233047106], [-60.01623179067485, 45.95018288182124], [-60.01622090988074, 45.95016660302592], [-60.01619787732842, 45.950115425530115], [-60.01618403410278, 45.95008463200315], [-60.016185146358566, 45.950039656981936], [-60.016185338188045, 45.95002719586265], [-60.01618564394108, 45.950006366960146], [-60.01618739711265, 45.94994969862369], [-60.01617708461773, 45.949877431587026], [-60.016177244285345, 45.94985043330631], [-60.01617483970327, 45.94984691415333], [-60.01614014791655, 45.94979635903626], [-60.01612697415915, 45.949701929211926], [-60.01611871828559, 45.94964278510185], [-60.01608455436993, 45.949561262945345], [-60.01606953948466, 45.9495253803222], [-60.01606968642858, 45.94952000167315], [-60.016072272141116, 45.94942645173736], [-60.01615333025797, 45.94931065935448], [-60.01617793508678, 45.94929363374848], [-60.01619219331551, 45.94928378142809], [-60.016200852756526, 45.94927678906743], [-60.016258275823915, 45.949230594341294], [-60.016284688507696, 45.949195281288276], [-60.016306978077566, 45.949145441173116], [-60.016312549256725, 45.949133003613944], [-60.016327366019325, 45.949114912121416], [-60.01639264105264, 45.949035187443684], [-60.01648566595216, 45.94893680908124], [-60.01654845384339, 45.948878162246764], [-60.016552229932394, 45.94887464258584], [-60.016554741917844, 45.94887255702761], [-60.01660489510611, 45.94883101460615], [-60.01661301263811, 45.94881392713717], [-60.016617987897064, 45.94880345417193], [-60.01661895318588, 45.94878547775634], [-60.01658184463657, 45.948731394303124], [-60.01651915030094, 45.94864965782745], [-60.01649402184358, 45.94861300694186], [-60.01642197759984, 45.94852854186914], [-60.01626945406848, 45.948349706275344], [-60.016231588123425, 45.94828571101086], [-60.01618596108088, 45.94807839987896], [-60.016175808912735, 45.947979125553445], [-60.01619142652448, 45.947880524668356], [-60.016231178455826, 45.94781064603423], [-60.01627264154225, 45.947737733821555], [-60.01627334028832, 45.94769829248547], [-60.0162739260295, 45.947665760826126], [-60.01626329106088, 45.94757547470704], [-60.01625249655319, 45.94751218687816], [-60.016228166996555, 45.947470282323835], [-60.01621588424419, 45.947449124443175], [-60.016211709419196, 45.94744613508096], [-60.01618980448013, 45.947430441263755], [-60.016151305473144, 45.94738521413277], [-60.01612789211093, 45.9473577258116], [-60.01610847555316, 45.94734735348786], [-60.01607646495408, 45.947330270447516], [-60.015961460800035, 45.947294015844456], [-60.015808748482016, 45.947245866584254]]}, "properties": {"OBJECTID": 166124, "FEAT_CODE": "WARV10", "FEAT_DESC": "Double Line River - Water to the left line", "RIVNAME_1": "Six Mile Brook", "RIVNAME_2": " ", "ZVALUE": 9999, "FID": null, "SHAPE_Length": 2569.8735725105357}}, {"type": "Feature", "id": 174365, "geometry": {"type": "LineString", "coordinates": [[-60.02827093408588, 45.95152765887321], [-60.02822785711541, 45.95147707824322], [-60.02820901415643, 45.95145494985856], [-60.02810711408485, 45.95138208228249], [-60.02807328310002, 45.95134753867581], [-60.028044701282404, 45.951318352160044], [-60.028029102566386, 45.95130529100004], [-60.02796812713108, 45.951254253390964], [-60.027958253983954, 45.95123909105129], [-60.027956203041, 45.951235941386436], [-60.027949568188, 45.95121813609105], [-60.0279325088731, 45.95117231894315], [-60.02784348206897, 45.95109979521595], [-60.027755047651794, 45.95102874497055], [-60.027717289025894, 45.95099840140279], [-60.027699285782624, 45.9509813262458], [-60.02767921873595, 45.950962307190146], [-60.02767057436289, 45.95094902197901], [-60.02766729528142, 45.95094398617017], [-60.02748882834484, 45.9508790437056], [-60.02748114978601, 45.950873272300434], [-60.02747642356561, 45.950869719949054], [-60.02745710657293, 45.950845607918446], [-60.02742562205368, 45.95080629176685], [-60.027375147345346, 45.950760873696986], [-60.02726072535895, 45.950704789895816], [-60.02716073841906, 45.95059597701707], [-60.027138206433875, 45.95057528254035], [-60.027110312213566, 45.950549660009486], [-60.027069908258525, 45.950520777486105], [-60.02705935652633, 45.9505132390891], [-60.027010325839086, 45.95044084701038], [-60.02696405385544, 45.950412873753564], [-60.02693408062643, 45.9503947577288], [-60.02692921895008, 45.95038433420601], [-60.02692134950066, 45.950367423784755], [-60.0268579900296, 45.950321669978784], [-60.02683473038477, 45.950249957878746], [-60.026770890089544, 45.95021319231744], [-60.026582073281304, 45.950051175147955], [-60.02656857594036, 45.95003960863846], [-60.02653149406829, 45.95000894026477], [-60.02650001240146, 45.94998236907952], [-60.02648087648209, 45.94996621831546], [-60.02647218012654, 45.9499404115237], [-60.02646862674103, 45.949929896040395], [-60.026456690530274, 45.94991158355893], [-60.02641930512853, 45.949905875503966], [-60.02639270905655, 45.94990181655144], [-60.02628709831474, 45.94990029915651], [-60.026237986797696, 45.949899596124084], [-60.02621313385927, 45.949906122483405], [-60.02617254962203, 45.94991678452386], [-60.0261625153318, 45.94992393084825], [-60.02615913492358, 45.94992633602998], [-60.026025709401644, 45.95000836857331], [-60.026010901790826, 45.95001742473978], [-60.026001684692005, 45.95002304419496], [-60.02597178031377, 45.950033300277454], [-60.025950433747326, 45.950040610972835], [-60.025919293381946, 45.95005611832588], [-60.025845703210855, 45.950092787955725], [-60.0257275576527, 45.95015451628921], [-60.02571721427538, 45.95015779317331], [-60.02570130542368, 45.950162833252044], [-60.02548147091287, 45.95019580998501], [-60.02533915219514, 45.950202912282045], [-60.02528420106507, 45.950215593927595], [-60.02526206930543, 45.95022069683942], [-60.02523937078257, 45.950240240289574], [-60.02522148761958, 45.95025564280657], [-60.02518230160939, 45.950264522758935], [-60.025167575809455, 45.950268432481295], [-60.025052713346504, 45.950298949820514], [-60.02493542185955, 45.95036880031973], [-60.02493180254287, 45.950370605186244], [-60.024882387018785, 45.95039532995189], [-60.02460936152803, 45.95048181498605], [-60.024557289689675, 45.950490358931475], [-60.02439016231163, 45.9504788029119], [-60.02423688346748, 45.9504496059421], [-60.024185461736074, 45.95042216340119], [-60.0241085688148, 45.95041205860458], [-60.02388932228084, 45.95040993541419], [-60.02383690625227, 45.950413582616676], [-60.02378572060525, 45.95041714485585], [-60.0236546737045, 45.95047853475335], [-60.023611352730086, 45.950500762596896], [-60.023602927213, 45.95050508837403], [-60.02359094866429, 45.950510221611985], [-60.02356330739813, 45.95052205719544], [-60.02352737289492, 45.95052804207031], [-60.02346043902867, 45.95053917735341], [-60.023213087797075, 45.95053609517627], [-60.02299623411363, 45.95053337559384], [-60.02267197545212, 45.950564524281006], [-60.022659032318444, 45.95057055935259], [-60.02263359571326, 45.950582425197375], [-60.02259972301887, 45.950587977500284], [-60.022581523521055, 45.95059096823151], [-60.02249079457251, 45.950598503174426], [-60.022449437366475, 45.950608396665515], [-60.02234831841821, 45.95063259107841], [-60.02225085045466, 45.95064042712795], [-60.02215393943869, 45.95064822361478], [-60.02212767407482, 45.950656530411905], [-60.02210015877357, 45.95066769386509], [-60.02199839522583, 45.950708963704145], [-60.02186752796273, 45.950743362789545], [-60.02172915996433, 45.95079660279825], [-60.02168570767379, 45.95081331798655], [-60.021682872338914, 45.950814216115916], [-60.02163320097615, 45.95082995898839], [-60.021569049477854, 45.95084718728524], [-60.02152425445234, 45.950846585820756], [-60.02142721121476, 45.950845287417756], [-60.021158338013635, 45.950733863577504], [-60.02111636885322, 45.950721472602474], [-60.02103131304566, 45.95069635542255], [-60.02091476440522, 45.95070411554493], [-60.02084980676751, 45.95071231258775], [-60.02066883014171, 45.95071839138823], [-60.02053972030832, 45.950743824991676], [-60.02043558146268, 45.95073288072903], [-60.020345954552255, 45.95072346718543], [-60.020269087816224, 45.950713360481984], [-60.02025479480758, 45.95071039524076], [-60.020179756538504, 45.95069482769556], [-60.02014299442, 45.95067894492533], [-60.02011543822896, 45.95066704674291], [-60.02001278760529, 45.95065626694512], [-60.0199595332736, 45.950639449633336], [-60.01992269831357, 45.95062781327572], [-60.01989947538294, 45.9506277472016], [-60.019883993429374, 45.95062770314958], [-60.0198350573914, 45.95062299657633], [-60.01966575871481, 45.95060670553253], [-60.01955017406231, 45.950596496790844], [-60.019485856679154, 45.950568706505216], [-60.01945323177988, 45.95055171639923], [-60.01939673226736, 45.95052227597398], [-60.01933951143037, 45.95050363567126], [-60.01928259506288, 45.950485093296265], [-60.019192506447524, 45.95045663906568], [-60.01915501564577, 45.95045169994644], [-60.01911562744184, 45.95044653126271], [-60.019098120109085, 45.950446479230976], [-60.01907692269932, 45.950446420866], [-60.01903558956962, 45.950462830339006], [-60.01901100009258, 45.950472602301595], [-60.01897266752974, 45.950489603137385], [-60.01891148486251, 45.95047842886869], [-60.01886917591833, 45.95047069961694], [-60.018737560381155, 45.95046323077984], [-60.018663345457995, 45.950459024761244], [-60.0185602003204, 45.95045723155801], [-60.01847663004987, 45.95048212379171], [-60.01844349338228, 45.95049198746931], [-60.01818301900568, 45.95056080124296], [-60.01798895070575, 45.950594427423844], [-60.01790135330537, 45.950623660462526], [-60.017781354775494, 45.950663712215324], [-60.01717534857879, 45.95065508305275], [-60.017046556026024, 45.950626516091], [-60.01696372332824, 45.950611219837704], [-60.016893232871865, 45.9505982081646], [-60.01684135465641, 45.95057885111391], [-60.01672334476414, 45.95052202391536], [-60.01668916939822, 45.95050556855807], [-60.016637303746286, 45.95048622074309], [-60.01662716728699, 45.950476262008], [-60.016600530208464, 45.95045014769714], [-60.016459012531065, 45.950394245119575], [-60.01644186192671, 45.95038995361562], [-60.0163826040251, 45.950375146949455], [-60.01624254736286, 45.950292288829026], [-60.01616727761245, 45.950228207184914], [-60.0161292026407, 45.950192108975266], [-60.016099370932956, 45.95014860248721], [-60.01609211899336, 45.95013803502473]]}, "properties": {"OBJECTID": 174365, "FEAT_CODE": "WARV20", "FEAT_DESC": "Double Line River - Water to the right line", "RIVNAME_1": "Six Mile Brook", "RIVNAME_2": " ", "ZVALUE": 9999, "FID": null, "SHAPE_Length": 1107.4080478105843}}, {"type": "Feature", "id": 174366, "geometry": {"type": "LineString", "coordinates": [[-60.01609211899336, 45.95013803502473], [-60.01603043818818, 45.95003741406598], [-60.01601861564538, 45.95001296489902], [-60.01601765140192, 45.95001097752087], [-60.01601665252239, 45.95000555092518], [-60.01601217893965, 45.949986739312465], [-60.01600717985143, 45.949965699764554], [-60.01599573929491, 45.94986639177572], [-60.01598655282722, 45.94974914105839], [-60.01595106478381, 45.94964110385038], [-60.01594332326711, 45.9494248818886], [-60.015958459065615, 45.949335269278585], [-60.01596571684752, 45.9493260261022], [-60.01597230979228, 45.9493176296285], [-60.01599828822115, 45.94929040602935], [-60.01606643108504, 45.94924979303857], [-60.01611692493323, 45.94921969977582], [-60.01618247595619, 45.9491764087442], [-60.01619278333829, 45.949162276796436], [-60.01620893693142, 45.94914019688859], [-60.01620825645554, 45.94913148431513], [-60.016199750055776, 45.94902294616741], [-60.01619991770193, 45.949016460958156], [-60.01620200017948, 45.94893299678159], [-60.01622556252023, 45.948851768082974], [-60.01623050319621, 45.948834732633834], [-60.01623027901978, 45.94883217954378], [-60.01622002778597, 45.948717448236984], [-60.016209807813844, 45.948680700841756], [-60.01619732642056, 45.94863584761574], [-60.01614797522327, 45.94854544980713], [-60.016141754901525, 45.948534657281925], [-60.01608542948837, 45.948436696513035], [-60.01607511730853, 45.94836442946067], [-60.01605138966295, 45.94830170370653], [-60.01605198713652, 45.94828144947519], [-60.01605299752943, 45.94824774080889], [-60.01599141727565, 45.94812102005137], [-60.015979817247974, 45.94804871032884], [-60.0159690229998, 45.94798542248335], [-60.015971130475926, 45.94790125688883], [-60.015972411435136, 45.94785049873855], [-60.0159801180614, 45.94783193343977], [-60.01598721482168, 45.94781487334036], [-60.01609328227398, 45.947689842687666], [-60.01611560793481, 45.947655898992956], [-60.01613402721232, 45.947627901757876], [-60.01613560179657, 45.94755629637673], [-60.01613580697306, 45.94754694988626], [-60.016095582757345, 45.947512703656685], [-60.01606052802603, 45.94748286790234], [-60.01604158008129, 45.947459204601394], [-60.016009742711375, 45.94741943500104], [-60.01592994918983, 45.94735052751367], [-60.015808748482016, 45.947245866584254]]}, "properties": {"OBJECTID": 174366, "FEAT_CODE": "WARV20", "FEAT_DESC": "Double Line River - Water to the right line", "RIVNAME_1": "Six Mile Brook", "RIVNAME_2": " ", "ZVALUE": 9999, "FID": null, "SHAPE_Length": 345.97919501415765}}, {"type": "Feature", "id": 174536, "geometry": {"type": "LineString", "coordinates": [[-60.008230479635706, 45.944618224118045], [-60.008165690586715, 45.944599424870226], [-60.008063973495574, 45.944571557172765], [-60.00805285074136, 45.944567503362414], [-60.008037401026094, 45.94456186002936], [-60.00798215172112, 45.944517091254944], [-60.00792489951033, 45.94447070382232], [-60.007888650198566, 45.94442674793481], [-60.00784981026546, 45.94437962786076], [-60.00783088429792, 45.94436258836202], [-60.00779935709354, 45.94433421061357], [-60.00769688518248, 45.94429641289517], [-60.007674337102024, 45.94429296870037], [-60.00763290107282, 45.94428663526482], [-60.007593757638254, 45.94427821970292], [-60.00754234474856, 45.94426716034561], [-60.00752326451996, 45.94426424805004], [-60.00747836070391, 45.94425738263008], [-60.00746591289584, 45.94424894663387], [-60.007376324335716, 45.944211504294714], [-60.00732904596531, 45.94417734007618], [-60.00724965232809, 45.94411997599901], [-60.00723951653937, 45.944020701228794], [-60.00723994312848, 45.944003916867324], [-60.00724064854862, 45.94397572676585], [-60.007301462712896, 45.94388887865954], [-60.00732171623369, 45.94385994081621], [-60.00739117438279, 45.94378123995525], [-60.007494846626315, 45.94366376014005]]}, "properties": {"OBJECTID": 174536, "FEAT_CODE": "WARV20", "FEAT_DESC": "Double Line River - Water to the right line", "RIVNAME_1": "Six Mile Brook", "RIVNAME_2": " ", "ZVALUE": 70.9, "FID": null, "SHAPE_Length": 153.78554478276848}}, {"type": "Feature", "id": 174537, "geometry": {"type": "LineString", "coordinates": [[-60.00929974164279, 45.94512778100823], [-60.00928685748521, 45.945127443526495], [-60.00926650068338, 45.945122112867], [-60.009248675903336, 45.945117442581946], [-60.009208353909216, 45.945105738407], [-60.00918391119131, 45.94509865355397], [-60.00917101415768, 45.94509831572184], [-60.009119429666434, 45.94509785555589], [-60.00901962672426, 45.94506532242417], [-60.00900531082491, 45.94506066301194], [-60.00900121146012, 45.94505772036466], [-60.00897920888218, 45.94504197759005], [-60.00891442497766, 45.944963386422096], [-60.0089041300326, 45.94495090260621], [-60.0088977976624, 45.944946299310246], [-60.00886688081118, 45.944923824389896], [-60.0088320562735, 45.94477979895009]]}, "properties": {"OBJECTID": 174537, "FEAT_CODE": "WARV20", "FEAT_DESC": "Double Line River - Water to the right line", "RIVNAME_1": "Six Mile Brook", "RIVNAME_2": " ", "ZVALUE": 9999, "FID": null, "SHAPE_Length": 59.36774111029051}}, {"type": "Feature", "id": 186241, "geometry": {"type": "LineString", "coordinates": [[-60.01312595410335, 45.95349159070247], [-60.01312643739128, 45.95348260253069], [-60.013050683902094, 45.953427507015995], [-60.012972250304045, 45.95334882220749], [-60.01295028533435, 45.95332678063714], [-60.01292297780542, 45.953304743306695], [-60.01284887261968, 45.95324492034599], [-60.01283912945449, 45.95318781629787], [-60.01283808124267, 45.953181632317026], [-60.012827324231964, 45.95315730071244], [-60.012813920503866, 45.953126995327786], [-60.0128032905779, 45.95303670907339], [-60.01280565974722, 45.9529206605421], [-60.012806674740155, 45.95290178538496], [-60.01280919028801, 45.952898439888905], [-60.012899825193784, 45.95277731989778], [-60.012939611528196, 45.95273334768936], [-60.0130724350522, 45.95259100023748], [-60.01307563401161, 45.95258694354752], [-60.01308628657556, 45.952573378965056], [-60.01315059027745, 45.95250780703924], [-60.01316547148797, 45.9524926339125], [-60.01318109609672, 45.95239403366897], [-60.01318657343878, 45.95219615900468], [-60.01317431916073, 45.952159835178925], [-60.01309047872755, 45.9519434225221], [-60.01308433068872, 45.95192769027719], [-60.01303035146618, 45.95178973578155], [-60.01301923805872, 45.95170843770036], [-60.01301575800041, 45.95165268561036], [-60.0130102190327, 45.9515641886913], [-60.0130380847359, 45.951501911957784], [-60.01304359768988, 45.95129114003794], [-60.013044206832944, 45.95126805087619], [-60.01305065521053, 45.9512527561647], [-60.01307083209793, 45.95120484160051], [-60.013123985476916, 45.95115222718842], [-60.013131030537814, 45.951147434033224], [-60.01317622059851, 45.95111669028298], [-60.01322926098086, 45.951090175235386], [-60.01330678391536, 45.951064300583496], [-60.013333598809865, 45.95106212174635], [-60.013591909521985, 45.951041155801256], [-60.013629087874214, 45.95102454062174], [-60.013669915388675, 45.95100629271691], [-60.013696701154494, 45.95098809157802], [-60.013787109304516, 45.950962553608086], [-60.013866068307195, 45.95090971368339]]}, "properties": {"OBJECTID": 186241, "FEAT_CODE": "WARV50", "FEAT_DESC": "River - Single Line", "RIVNAME_1": " ", "RIVNAME_2": " ", "ZVALUE": 9999, "FID": null, "SHAPE_Length": 345.52525635291784}}, {"type": "Feature", "id": 186243, "geometry": {"type": "LineString", "coordinates": [[-60.0072212564144, 45.948096696049994], [-60.00701172078551, 45.948201913701496], [-60.006997754396814, 45.948210395401446], [-60.006880994616495, 45.94828129440516], [-60.00665792427649, 45.948422159886256], [-60.00653024044308, 45.94851546321077], [-60.00651285936247, 45.94852816671959], [-60.00647318715361, 45.948546037320476], [-60.006317338761626, 45.948588746426964], [-60.00616180948425, 45.94864947433258], [-60.00588731220172, 45.948762887448936], [-60.0058746251758, 45.94876749620362], [-60.00574386286378, 45.94881493073799], [-60.00554914452844, 45.948884530989304], [-60.00539297446473, 45.9489092377538], [-60.00537280681491, 45.94891258815636], [-60.00529013010295, 45.948926342150536], [-60.005210820867354, 45.94896116532674], [-60.00518269183367, 45.948980076314136], [-60.005106393376046, 45.94903133288187], [-60.00496197358291, 45.94910135137565], [-60.004941174256565, 45.94911258785358], [-60.004896850320584, 45.94913654645064], [-60.00487703592661, 45.94914315532878], [-60.00471421096778, 45.94919746130974], [-60.00450952340597, 45.949300902370005], [-60.00450595506977, 45.94930270792666], [-60.00440018908516, 45.949373739800485], [-60.0043445134237, 45.94940145972495], [-60.00429544058923, 45.949425896546984], [-60.00419111472729, 45.94946997254785], [-60.00403982615316, 45.94956132161189], [-60.00392970996807, 45.94962781949819], [-60.00388531404039, 45.94967247770167], [-60.0038765011543, 45.94968132827249], [-60.003716756840255, 45.94986795373319], [-60.00361130775824, 45.949956994831716], [-60.00359825172052, 45.94997657101528], [-60.003581824477095, 45.95000123419721], [-60.00357054675391, 45.9500189398718], [-60.003560398349194, 45.950032453797704], [-60.00355664398497, 45.95003746773562], [-60.00354815095967, 45.95005402237708], [-60.00352924048024, 45.95009075348834], [-60.003490217485876, 45.95014463437158], [-60.00337708001278, 45.950225246724905], [-60.00330504466291, 45.950276586968194], [-60.00314804053464, 45.95036426551425], [-60.00303032565578, 45.95042087820088], [-60.002965228708675, 45.9504521845071], [-60.00292099505742, 45.95046032126203], [-60.00287531463716, 45.9504687260505], [-60.00284851282662, 45.950486924231875], [-60.002798238162356, 45.9505314546956], [-60.00276856163658, 45.95055773213926], [-60.00276312397729, 45.95056883142217], [-60.002755510086686, 45.9505843919891], [-60.002745692446595, 45.950597509487864], [-60.00272908825279, 45.95061970167596], [-60.002701814281096, 45.95064688824851], [-60.00270048140939, 45.95064791535585], [-60.002610265831876, 45.95071739160163], [-60.0025312834248, 45.95077023213403], [-60.00235941574032, 45.95089442274681], [-60.00232473878292, 45.95092057779278], [-60.002254496501315, 45.950973566592786], [-60.002070890736206, 45.95106393853069], [-60.002058310794986, 45.951070133816685], [-60.00196741249152, 45.95110465044228], [-60.00189694013518, 45.951122439773606], [-60.00186406517655, 45.951130739365226], [-60.001718554603556, 45.95117870909816], [-60.001628903967564, 45.9512082717631], [-60.00135681132005, 45.951276724013724], [-60.00126554504935, 45.95129413785859], [-60.00116242500435, 45.95129233857311], [-60.00082666159459, 45.95129702059038], [-60.00071139894296, 45.95130478483942], [-60.00059441048151, 45.95132061337461], [-60.00051604279355, 45.95133835645962], [-60.000475348751955, 45.951349267497484], [-60.00045187186318, 45.95135557237143], [-60.00037256910272, 45.951390392351236], [-60.000333731810976, 45.95141638348823], [-60.00006002592897, 45.951538795184284], [-60.00000295795329, 45.95155350622354], [-59.99999982977224, 45.95155432411303], [-59.99999457896719, 45.95155597731191], [-59.99995490304833, 45.951573836545904], [-59.99994734524285, 45.95157543812633], [-59.99991703670356, 45.951581842411535], [-59.99948747171663, 45.95177362202979], [-59.99925062604664, 45.95187935883211], [-59.999159239241756, 45.95192286120125], [-59.99902914687773, 45.95196624627296], [-59.998832635318706, 45.95204478874245], [-59.998780876029976, 45.95207133077462], [-59.998721004279766, 45.9520870475721], [-59.99871542807352, 45.95208851214217], [-59.99870434232567, 45.95209211809531], [-59.998664202852424, 45.952105167258026], [-59.99859826920944, 45.952131336611224], [-59.99849475020421, 45.95218442042801], [-59.9984835012479, 45.95218746401844], [-59.99827343712243, 45.95224430830755], [-59.99820750313817, 45.952270477425856], [-59.998184280280086, 45.952286158365155], [-59.998116432079065, 45.952331988899964], [-59.998089155021425, 45.952359174286855], [-59.99806767230366, 45.952385395909296], [-59.99800902654468, 45.952456976651405], [-59.99799548652779, 45.952492623931036], [-59.99798033362997, 45.95258223371979], [-59.99799982190589, 45.95261799332407], [-59.99802961945348, 45.95267263767256], [-59.998053778197516, 45.952727277771146], [-59.99812903065369, 45.9527913529295], [-59.99824427740014, 45.95285558842247], [-59.99826755505103, 45.952864211124016], [-59.99832018338086, 45.95288369535941], [-59.998358222026475, 45.95289473128583], [-59.9983849783377, 45.95290250032854], [-59.99841865124342, 45.95290764293789], [-59.99844897089302, 45.952912274346964], [-59.998550965571226, 45.95295907759651], [-59.998550480421564, 45.95296805666128], [-59.99856953562519, 45.952995839056385], [-59.99858756133543, 45.95302213625302], [-59.99858632199473, 45.953090212870514], [-59.998586253460836, 45.9530941084235], [-59.998581209511315, 45.95328299302487], [-59.998588734138735, 45.95345420637799], [-59.99857698520919, 45.95349468023914], [-59.99856019734256, 45.953552465224135], [-59.99851618158675, 45.953606186143276], [-59.998480067850444, 45.95365026787972], [-59.99841705018374, 45.95371843959274], [-59.99841428110852, 45.953721445077164], [-59.99841379543822, 45.95373043312766], [-59.998385864187334, 45.953793595655235], [-59.99838606237166, 45.9538052119206], [-59.99838618095333, 45.953811614619624], [-59.99838309894935, 45.95389253195811], [-59.99838021014397, 45.953916380188424], [-59.998366793002134, 45.95402712455928], [-59.9983767453732, 45.95415339764612], [-59.99835715573731, 45.954197112669846], [-59.99834886192674, 45.95421567033744], [-59.998282588612824, 45.954295835481055], [-59.9982153436766, 45.95439397667612], [-59.99818811417403, 45.954420263249666], [-59.99816252997892, 45.95446314557642], [-59.99816114035846, 45.95446545825537], [-59.99814695848233, 45.95453709193865], [-59.99813310081687, 45.95455472924006], [-59.9980137710194, 45.95466722535885], [-59.998001206914424, 45.95467907312588], [-59.997725354379696, 45.95486443747989], [-59.99767792203552, 45.954893234977085], [-59.99759459930656, 45.95494380675358], [-59.99750157921426, 45.95504127874081], [-59.99746190047606, 45.95505912802962], [-59.99743498721293, 45.95510342437198]]}, "properties": {"OBJECTID": 186243, "FEAT_CODE": "WARV50", "FEAT_DESC": "River - Single Line", "RIVNAME_1": " ", "RIVNAME_2": " ", "ZVALUE": 9999, "FID": null, "SHAPE_Length": 1237.0633200866341}}, {"type": "Feature", "id": 186245, "geometry": {"type": "LineString", "coordinates": [[-60.01406079704725, 45.95084009951954], [-60.014082298427425, 45.95083522531772], [-60.014099985054415, 45.95083122343988], [-60.01412232733927, 45.950824148019294], [-60.014126239207634, 45.95082290919667], [-60.01415420532219, 45.95082331650421], [-60.01428096224347, 45.950825155082185], [-60.01436412667373, 45.95082106519885], [-60.01443619086575, 45.95081751307902], [-60.01456481066572, 45.950801974470366], [-60.014655576120504, 45.95079354670715], [-60.014810782102344, 45.950786803683776], [-60.01483655317017, 45.950787477463955], [-60.01499195480238, 45.95075283677631], [-60.015122802946756, 45.95071935416066], [-60.015214224150924, 45.95067493982727], [-60.015371841517684, 45.950551248454815], [-60.01538533088013, 45.950543707349645], [-60.01545032848662, 45.950507395911615], [-60.01545412323238, 45.950502571656685], [-60.01546417919981, 45.95048976532564], [-60.01555576022557, 45.95041834344305], [-60.01563551069194, 45.950376665992486], [-60.01609124248845, 45.95013849816253], [-60.01609199964552, 45.950138094911445], [-60.01609211899336, 45.95013803502473]]}, "properties": {"OBJECTID": 186245, "FEAT_CODE": "WARV50", "FEAT_DESC": "River - Single Line", "RIVNAME_1": " ", "RIVNAME_2": " ", "ZVALUE": 9999, "FID": null, "SHAPE_Length": 183.9484193807374}}, {"type": "Feature", "id": 186246, "geometry": {"type": "LineString", "coordinates": [[-60.0084682416028, 45.95065050452874], [-60.00852161048448, 45.95056999536016], [-60.00854934507305, 45.950521739549444], [-60.00856289837951, 45.950498170466666], [-60.008575947152515, 45.95047150988348], [-60.008590611191806, 45.95039088670287], [-60.008590775564244, 45.950384239403945], [-60.00859287379968, 45.95030093778948], [-60.00859432569967, 45.950273973370564], [-60.00866203119774, 45.95016683728634], [-60.0087020439107, 45.95009496092948], [-60.00872757642603, 45.950066746212], [-60.0087418300147, 45.950051017165315], [-60.008751777555766, 45.95003833459419], [-60.00875567029416, 45.95003337811598], [-60.008799837103844, 45.9500039324072], [-60.00886014368283, 45.94996230835138], [-60.00898035705568, 45.94983854598225], [-60.0090475773634, 45.949740397774896], [-60.009048372915096, 45.949739761554945], [-60.00912579553571, 45.94967764081276], [-60.00916606582699, 45.949624690760864], [-60.00923425323451, 45.94950856613433], [-60.00925911598413, 45.94946689552838], [-60.00926121555847, 45.94946336819758], [-60.00926630207064, 45.94945996410963], [-60.00930002115883, 45.94943738219213], [-60.00933021325487, 45.94940984743903], [-60.009339371822506, 45.94940150954813], [-60.00938173994904, 45.949285608625765], [-60.00941227232062, 45.949250072033244], [-60.009435427002074, 45.94922310899405], [-60.00948814632574, 45.94917858563103], [-60.00950370571703, 45.94915297178515], [-60.00951504700741, 45.94913428610047], [-60.00954334267972, 45.94907221947701], [-60.009556011548206, 45.94904445072784], [-60.0095700270481, 45.94899981370581], [-60.00960408398834, 45.948873857120645], [-60.00961352473544, 45.94883893817346], [-60.00965070884209, 45.948779777558386], [-60.00965303756802, 45.94877606720444], [-60.009653817273914, 45.94877356739532], [-60.00968106774783, 45.94868680211136], [-60.00976257111954, 45.94852628282189], [-60.00980376132491, 45.94844518406112], [-60.009841286157304, 45.94839790438805], [-60.009924167341985, 45.94829352318078], [-60.00995106770048, 45.9482492145343], [-60.00997806836659, 45.94820471949083], [-60.01003278233929, 45.94809744937604], [-60.01008889041518, 45.947917993147875], [-60.01014370470046, 45.94781052758546], [-60.010161734377554, 45.947781675031656], [-60.010238303352686, 45.947659090652486], [-60.01053487019926, 45.947159209551344]]}, "properties": {"OBJECTID": 186246, "FEAT_CODE": "WARV50", "FEAT_DESC": "River - Single Line", "RIVNAME_1": " ", "RIVNAME_2": " ", "ZVALUE": 9999, "FID": null, "SHAPE_Length": 425.2601045393601}}, {"type": "Feature", "id": 186774, "geometry": {"type": "LineString", "coordinates": [[-60.00728545278135, 45.93846321762937], [-60.00719657048574, 45.93852231855422], [-60.007194785080884, 45.938598598820604], [-60.00723217761715, 45.93868976730186], [-60.00725015115539, 45.93875057100372], [-60.007246820568156, 45.93876450700116]]}, "properties": {"OBJECTID": 186774, "FEAT_CODE": "WARV50", "FEAT_DESC": "River - Single Line", "RIVNAME_1": " ", "RIVNAME_2": " ", "ZVALUE": 68.8, "FID": null, "SHAPE_Length": 37.02213234029061}}, {"type": "Feature", "id": 186775, "geometry": {"type": "LineString", "coordinates": [[-60.006944105970504, 45.938725870090124], [-60.006929935058764, 45.93872549860775], [-60.00689940668548, 45.93872511235618], [-60.00686547342207, 45.93872470884377], [-60.00676311964538, 45.93873282658741], [-60.00672490055174, 45.938740618444925], [-60.00672398763268, 45.93874080153073], [-60.006672267681985, 45.938770273466815], [-60.006645462762066, 45.93878554720451], [-60.00659231582269, 45.9388381588381], [-60.00657372964083, 45.93885101978971], [-60.00655345487937, 45.938865051579924], [-60.006474010357984, 45.93892686560605], [-60.00644460813502, 45.93894652661136], [-60.00643386150994, 45.93895371553923], [-60.00639601805216, 45.93896171515362], [-60.00635635279513, 45.93897958590671], [-60.006343322101436, 45.93898486976807], [-60.00629172671434, 45.93900579400598], [-60.0062267806211, 45.9390139920118], [-60.00617330024787, 45.939048593040795], [-60.006094623115146, 45.93912033684093], [-60.006094507259704, 45.93914643621828], [-60.00606627243616, 45.93919160009402], [-60.00605932126656, 45.93919778140865], [-60.00602696281761, 45.939226572639406], [-60.00600628788871, 45.93926742532111], [-60.00599954485498, 45.939280758751096], [-60.00598667786692, 45.939294975690494], [-60.00595976332106, 45.939324728731734], [-60.005911191168344, 45.939373580651605], [-60.005906567269385, 45.93937822983841], [-60.00588376079841, 45.93939901775007], [-60.0058672218755, 45.939414101473375], [-60.005828409083975, 45.93944008614588], [-60.0057996197222, 45.93946249030836], [-60.00574894907538, 45.939501917260294], [-60.00569576553017, 45.939555418595965], [-60.00568869031183, 45.939565097958464], [-60.0056693027051, 45.93959162801062], [-60.00540535036388, 45.93982142730795], [-60.00528655656678, 45.939919120863046], [-60.00526656605902, 45.93993600414222], [-60.00523384313567, 45.93996364248099], [-60.005214943454135, 45.93999236345445], [-60.00519309229168, 45.940025579430966], [-60.00518048053228, 45.94004415037509], [-60.00511412796766, 45.940078422270375], [-60.005108606590326, 45.940083443919995], [-60.0050747820415, 45.94011428461543], [-60.00506550105732, 45.94012060277465], [-60.00502255262527, 45.94014981799923], [-60.00493005622334, 45.940238300074476], [-60.0048628411086, 45.940336446102044], [-60.004857006496245, 45.94036595078571], [-60.00484688677202, 45.9404170350634], [-60.00485401139622, 45.94047897666752], [-60.004858306245325, 45.94051634377475], [-60.00485667917698, 45.94057310534047], [-60.00485393624241, 45.94066924327369], [-60.004864232363985, 45.940741520018705], [-60.004870829551855, 45.940947542089404], [-60.00487144679881, 45.94096673005153], [-60.004857913834186, 45.941002387372535], [-60.00481822618143, 45.94102015799228], [-60.004740251295225, 45.94105508786855], [-60.00467486612218, 45.94107138322233], [-60.00467188305553, 45.941077659550615], [-60.004661769490475, 45.941098942217984], [-60.0046154680637, 45.94113218270329], [-60.004477906032, 45.94123093116816], [-60.00441698946292, 45.94127154684615], [-60.00434542047388, 45.941319263684846], [-60.004253357530686, 45.9413996468269], [-60.00415163329456, 45.941494348738935], [-60.00408220956451, 45.941558980256545], [-60.004002757407, 45.941620810351075], [-60.00392162303377, 45.9416913450546], [-60.00387010521884, 45.94173613143184], [-60.00386445460966, 45.941741869695825], [-60.00384417316397, 45.94176245343094], [-60.003842525829114, 45.94181406596812], [-60.0038404501388, 45.94187936652797], [-60.00387894633471, 45.941943058501096], [-60.00389019890607, 45.941961679471305], [-60.00389642641734, 45.94196869251939], [-60.00402762732509, 45.94211649960043], [-60.004039312545146, 45.942133079718765], [-60.00405280555033, 45.94215226350718], [-60.00405680316712, 45.942180297978275], [-60.00406310080332, 45.94222454028933], [-60.00406269765985, 45.94224709479141], [-60.00406245089374, 45.94226052655529], [-60.00404790507793, 45.942276904423984], [-60.004022617635115, 45.942305385574016], [-60.00395654570945, 45.942358556896686], [-60.00367735829214, 45.94267886074581]]}, "properties": {"OBJECTID": 186775, "FEAT_CODE": "WARV50", "FEAT_DESC": "River - Single Line", "RIVNAME_1": " ", "RIVNAME_2": " ", "ZVALUE": 9999, "FID": null, "SHAPE_Length": 557.2827533261342}}, {"type": "Feature", "id": 293454, "geometry": {"type": "LineString", "coordinates": [[-60.007494846626315, 45.94366376014005], [-60.00744256714803, 45.94363909577477], [-60.00741808195302, 45.943627545016604], [-60.00732101934138, 45.94360312894922], [-60.007302256157494, 45.94359840675889], [-60.007289856442156, 45.943589080921086], [-60.00727668385666, 45.94358452326418], [-60.00726452454895, 45.94358031619496], [-60.007238920838276, 45.94355264260079], [-60.007233643670006, 45.943535159683], [-60.00722797336412, 45.943516352339294], [-60.00721520504588, 45.9434899152592], [-60.007190889774435, 45.94346227542615], [-60.007154502137766, 45.94337132235042], [-60.00707887067474, 45.94329012356053], [-60.00704168473968, 45.9432621463148], [-60.007027512670966, 45.94326177481637], [-60.007007169290475, 45.94325693014709], [-60.0069892972725, 45.94325267230608], [-60.00690051535731, 45.94322424255731], [-60.00685860497948, 45.94320613232095], [-60.006836212529834, 45.9431964544651], [-60.006823105831664, 45.943187083039625], [-60.00678527758079, 45.94316001595633], [-60.00675329831211, 45.9431438851888], [-60.006747594854275, 45.94314102641817], [-60.00670889543795, 45.94314091195261], [-60.00658045900067, 45.943130344091465], [-60.006316325801286, 45.94312710923587], [-60.00619364579069, 45.94312560269041], [-60.0060326151862, 45.943129480969716], [-60.00596111044338, 45.94313120626554], [-60.00570324364635, 45.94312804430359], [-60.005316491998514, 45.94312240145718], [-60.00528416232103, 45.94311062648776], [-60.00526587725947, 45.94310398132377], [-60.0051721574874, 45.943085321622824], [-60.00507312711737, 45.943065613460725], [-60.00504566315034, 45.94305763839211], [-60.00500834101192, 45.94304681248686], [-60.00498509251689, 45.94302932609462], [-60.00497114342688, 45.943018834257145], [-60.00492052938715, 45.9430004049873], [-60.004839638047315, 45.942988139084434], [-60.00479127692868, 45.94298081287408], [-60.00453341102945, 45.9429776482877], [-60.004314231559114, 45.942974598069085], [-60.00417388161484, 45.9429457132576], [-60.00413790569759, 45.94294031388621], [-60.004108611410054, 45.94293589989825], [-60.004064310523425, 45.942924818560314], [-60.00403223058255, 45.942916794132714], [-60.00397939487826, 45.94288430085795], [-60.00394356778772, 45.94286226279726], [-60.003932076108825, 45.942845201704735], [-60.00390653631378, 45.9428072860896], [-60.003875501740325, 45.942753312813146], [-60.00384402029613, 45.94269853572823], [-60.00382503763023, 45.942684734368406], [-60.00380677507989, 45.942671455948926], [-60.00372942547752, 45.942670326215534], [-60.00367735829214, 45.94267886074581]]}, "properties": {"OBJECTID": 293454, "FEAT_CODE": "WARV50", "FEAT_DESC": "River - Single Line", "RIVNAME_1": "Six Mile Brook", "RIVNAME_2": " ", "ZVALUE": 9999, "FID": null, "SHAPE_Length": 345.82601628953336}}, {"type": "Feature", "id": 293455, "geometry": {"type": "LineString", "coordinates": [[-60.00367735829214, 45.94267886074581], [-60.0036119713873, 45.94269514644387], [-60.00353424206409, 45.942748911672254], [-60.00350362922854, 45.94275627201242], [-60.00342967127207, 45.94277406982342], [-60.00336472040488, 45.94278226607716], [-60.00322370813451, 45.94278936602789], [-60.00318452431649, 45.94279823848064], [-60.003093639979824, 45.9428327653846], [-60.00308525855054, 45.942838179907596], [-60.003080272179844, 45.94284140633414], [-60.00305503200998, 45.94285248990635], [-60.003000983400995, 45.94287622852458], [-60.00296260309389, 45.942894122821706], [-60.00295253239964, 45.94289617168708], [-60.00292346763979, 45.94290209637136], [-60.00283299399196, 45.9429285241007], [-60.00270328352828, 45.94291791842465], [-60.00266463282504, 45.94291690378149], [-60.00265523514193, 45.942913650798175], [-60.00263930201472, 45.94290813805336], [-60.002539473550605, 45.94285828095949], [-60.00243577604412, 45.94280648603135], [-60.00238820938576, 45.94280094382062], [-60.002346027156, 45.94279603800168], [-60.002154250098016, 45.94273968908421], [-60.00206368552533, 45.94272020958437], [-60.00198472405636, 45.9427190633466], [-60.00190899877963, 45.94271795702731], [-60.00180728899194, 45.9426900749195], [-60.001742989462315, 45.9426622840333], [-60.00171867731423, 45.94263464310681], [-60.00166791285401, 45.94257120428897], [-60.00163541318999, 45.94256307815502], [-60.00159153344369, 45.942552096921894], [-60.00152803755321, 45.9425333278482], [-60.001331408453474, 45.942537758736464], [-60.00126968926934, 45.942539144035905], [-60.001218155417384, 45.94253779053756], [-60.00117994204638, 45.94252867712863], [-60.00110261796363, 45.94249552132816], [-60.00096305124714, 45.942435681270794], [-60.000785557529625, 45.94235258571663], [-60.00056792300054, 45.942250685746096], [-60.00051244843682, 45.94221597933588], [-60.00047931328702, 45.942195253015136], [-60.00040270202019, 45.94217448260495], [-60.00037631640337, 45.94216734481327], [-60.00010881740156, 45.94205590715697], [-60.00000001009145, 45.942016144868646], [-59.9999557175594, 45.94199967965235], [-59.999850645513256, 45.941953822795035], [-59.99982843618471, 45.94194413036813], [-59.999725973901164, 45.941906334709394], [-59.999546767791756, 45.94183231906019], [-59.99944603101335, 45.941786467745], [-59.99930455330994, 45.94173054479134], [-59.99920306247128, 45.94167477252753], [-59.99919114991379, 45.941656457775174], [-59.99910363197045, 45.941556957585306], [-59.99904144485368, 45.94146620586225], [-59.998954461377856, 45.94135681868681], [-59.998917118779445, 45.94128382149449], [-59.998870577492355, 45.941094480762736], [-59.99883578092628, 45.94095045288636], [-59.9988254926508, 45.940878175791994], [-59.99881929921579, 45.94085979530847], [-59.998813262848564, 45.94084185099318], [-59.99878780085421, 45.940795169447824], [-59.998763959489914, 45.94075144676631], [-59.998714973784075, 45.94067905253293], [-59.99867763142947, 45.940606064261786], [-59.99866492395199, 45.94059698141183], [-59.99865278773778, 45.940588309613936], [-59.99864747503191, 45.940581572347675], [-59.99860206425835, 45.940523970399006], [-59.99849553224095, 45.94044645397069], [-59.99848911447456, 45.94044178484073], [-59.99842595767996, 45.94036902694248], [-59.998404063693386, 45.94033965770175], [-59.9983513749825, 45.940268957123486], [-59.99830044837793, 45.94023251501501], [-59.99809759397153, 45.94009486950224], [-59.99803621234112, 45.94001314822097], [-59.99799635079031, 45.93999016512216], [-59.99797240334538, 45.939976367253145], [-59.997827068799666, 45.93991624565467], [-59.99767963972974, 45.93985525871801], [-59.99760264410171, 45.939800129121565], [-59.99755250824117, 45.93977270830323], [-59.99747484590749, 45.93975356442515], [-59.99738093733775, 45.93971132914638], [-59.99737282633837, 45.939707677522215], [-59.997358021132314, 45.939699223421485], [-59.997258943990175, 45.93964257679232], [-59.997054455829996, 45.939558891447035], [-59.996998065546364, 45.939540504737856], [-59.99694036975105, 45.93952168762623], [-59.996877089112196, 45.93949114851541], [-59.99682595404783, 45.93946647335075], [-59.99669817018476, 45.93941990815608], [-59.996569463662865, 45.93939042013339], [-59.99647999304265, 45.9393895066734], [-59.996401843133725, 45.93938871093927], [-59.996304757655196, 45.93937592293527], [-59.996171266629965, 45.93935834270959], [-59.99602962883375, 45.9393294229527], [-59.99599294481352, 45.93931355240261], [-59.99596533664994, 45.9393016199763], [-59.99594685145605, 45.939292753839], [-59.995927611770796, 45.93928352581551], [-59.995864290881535, 45.93923775566742], [-59.99582710050623, 45.939209774617645], [-59.995777486823705, 45.93910135923308], [-59.99572899227605, 45.939019975779985], [-59.99571268295657, 45.938988997798866], [-59.995666982244046, 45.93890223332523], [-59.99562931871527, 45.93888324959573], [-59.99557513748773, 45.938859816833336], [-59.99556501436573, 45.93885544607064], [-59.99555190211205, 45.93884599218526], [-59.99547683950554, 45.938791920099575], [-59.995410656305936, 45.938749476689416], [-59.99537585669126, 45.938727156924045], [-59.995299654383494, 45.93868104747067], [-59.995132691659826, 45.938643350372104], [-59.994673421627226, 45.93857465611237], [-59.99433669950535, 45.93852428954305]]}, "properties": {"OBJECTID": 293455, "FEAT_CODE": "WARV50", "FEAT_DESC": "River - Single Line", "RIVNAME_1": "Six Mile Brook", "RIVNAME_2": " ", "ZVALUE": 9999, "FID": null, "SHAPE_Length": 954.6823868448531}}, {"type": "Feature", "id": 294571, "geometry": {"type": "LineString", "coordinates": [[-60.015808748482016, 45.947245866584254], [-60.01580842522722, 45.94724227580885], [-60.015807942758826, 45.94723684470473], [-60.015780104279635, 45.94723121165877], [-60.01575688662676, 45.947226509453394], [-60.015695020199644, 45.94722213819745], [-60.01561549266852, 45.94721651321108], [-60.01549851635747, 45.94723235734824], [-60.01539592055018, 45.94717457252104], [-60.01538456147377, 45.947168173038314]]}, "properties": {"OBJECTID": 294571, "FEAT_CODE": "WARV50", "FEAT_DESC": "River - Single Line", "RIVNAME_1": "Six Mile Brook", "RIVNAME_2": " ", "ZVALUE": 9999, "FID": null, "SHAPE_Length": 36.75131319343718}}, {"type": "Feature", "id": 294572, "geometry": {"type": "LineString", "coordinates": [[-60.008230479635706, 45.944618224118045], [-60.00835128627086, 45.94462487285604], [-60.00844916891921, 45.94463026377736], [-60.008558597305374, 45.94463185273697], [-60.008603861698816, 45.944632507606606], [-60.0086821529033, 45.944689058778785], [-60.008730550024104, 45.944724034813134], [-60.00875255545163, 45.9447337291565], [-60.00879356717657, 45.94475178814465], [-60.00883128649119, 45.9447792387341], [-60.00883194418754, 45.944779724007084], [-60.0088320562735, 45.94477979895009]]}, "properties": {"OBJECTID": 294572, "FEAT_CODE": "WARV50", "FEAT_DESC": "River - Single Line", "RIVNAME_1": "Six Mile Brook", "RIVNAME_2": " ", "ZVALUE": 9999, "FID": null, "SHAPE_Length": 53.25489715680411}}, {"type": "Feature", "id": 294720, "geometry": {"type": "LineString", "coordinates": [[-60.00929974164279, 45.94512778100823], [-60.00936356372046, 45.94516456493158], [-60.00938647521775, 45.94517876529501], [-60.00954085978491, 45.945274509346845], [-60.00991204819987, 45.94537783925058], [-60.01003846280101, 45.945388683429556], [-60.0101689105326, 45.94539986710067], [-60.01020017840271, 45.9454143941279], [-60.010207933248864, 45.94541798150275], [-60.01027143508068, 45.94543675488011], [-60.01030577564804, 45.94544333360121], [-60.010374878120004, 45.94545657405122], [-60.01045127815953, 45.94547566705294], [-60.01057809510393, 45.945540193082685], [-60.01069287159459, 45.94561340456104], [-60.010731448921256, 45.94564100299147], [-60.010743811847284, 45.94564983244219], [-60.010792979235596, 45.945695232711756], [-60.01084309959213, 45.945722440240615], [-60.010895777805956, 45.94575102883092], [-60.01095019617563, 45.945786125543755], [-60.01100925383488, 45.94582420594189], [-60.01107211137041, 45.94587895629851], [-60.01109954079237, 45.94590416558148], [-60.01112185546986, 45.945924677549186], [-60.01112242107547, 45.94592519640143], [-60.01112251931553, 45.94592528898134]]}, "properties": {"OBJECTID": 294720, "FEAT_CODE": "WARV50", "FEAT_DESC": "River - Single Line", "RIVNAME_1": "Six Mile Brook", "RIVNAME_2": " ", "ZVALUE": 9999, "FID": null, "SHAPE_Length": 172.06071880161088}}, {"type": "Feature", "id": 312274, "geometry": {"type": "LineString", "coordinates": [[-60.01940890891032, 45.95395099495243], [-60.01939650438924, 45.953941679326654], [-60.019385381357544, 45.95386038165364], [-60.019361537902874, 45.95382375597561], [-60.019338761483525, 45.95367104766685], [-60.0193321541894, 45.95363233370316], [-60.019327962620274, 45.95360776007284], [-60.019316681489855, 45.953553460700185], [-60.019305862797296, 45.953532629418966], [-60.01927925616755, 45.95348136827298], [-60.01927276483837, 45.953466707503914], [-60.019230921208724, 45.95337210569428], [-60.0191682051183, 45.953290370171665], [-60.01908209413792, 45.953163901850324], [-60.019057431986774, 45.95311825391732], [-60.019009366750886, 45.95295588448024], [-60.01898485622316, 45.952931941449954], [-60.01893457211642, 45.95288282528841], [-60.018857771643766, 45.952842818667875], [-60.018845444570246, 45.95283639426353], [-60.01877743705782, 45.952793646899096], [-60.018655702803535, 45.95271712971345], [-60.01855282241602, 45.952662238622175], [-60.018497858200476, 45.952645997041834], [-60.01848932181699, 45.952643478927406], [-60.018462452367565, 45.952640653100836], [-60.018386667948185, 45.95263269758871], [-60.01832818568086, 45.952631755449595], [-60.018296417685995, 45.95263124088365], [-60.01812825958855, 45.95263855048726], [-60.018032277950134, 45.95266405434551], [-60.01799867366188, 45.95267298759763], [-60.01793251704025, 45.952684959010966], [-60.01790747220817, 45.952689489368986], [-60.01785490200883, 45.952707018053246], [-60.01775977664901, 45.95274180588425], [-60.0177377555894, 45.95274986249467], [-60.01760750276833, 45.95282026699625], [-60.01758871140587, 45.952833061359414], [-60.01755528160938, 45.952855806287324], [-60.01743612729928, 45.95298578885514], [-60.017408617878466, 45.95301579003286], [-60.01734285564477, 45.95308697875951], [-60.01730141764195, 45.953185805313495], [-60.01727466729394, 45.95320310813802], [-60.017258703484, 45.953219234605825], [-60.017195548779874, 45.95328294868206], [-60.017050020377745, 45.953397957553136], [-60.016996807217815, 45.95345147229781], [-60.01689097051405, 45.953522765886156], [-60.01679999522559, 45.9535840427269], [-60.01674659501509, 45.953613880328135], [-60.016721504804934, 45.95362789609746], [-60.01670462274953, 45.953633242523395], [-60.01669523677674, 45.953636210574494], [-60.01666177855607, 45.95363592141558], [-60.01659206339501, 45.95363531494405], [-60.016553639446485, 45.95364314974852], [-60.016552922015336, 45.95364329301699], [-60.01635948445163, 45.95364092965734], [-60.01633970953737, 45.95363622753402], [-60.01632125982653, 45.95363183906214], [-60.016283566755035, 45.95361285244905], [-60.016202177571174, 45.953549943070506], [-60.01610640419272, 45.953475910753376], [-60.01608978364159, 45.95344876198436], [-60.01605656642751, 45.95339450106625], [-60.01605736731135, 45.95337046282137], [-60.016058657496686, 45.95333155001776], [-60.01603449349683, 45.95327691363241], [-60.016010537608246, 45.953242426501895], [-60.015984186067655, 45.9532044924508], [-60.015934524671664, 45.95316809138634], [-60.015846981208234, 45.95314361639738], [-60.01583154753015, 45.953139297671115], [-60.01570305955649, 45.9531287477984], [-60.01553428309212, 45.95317203167119], [-60.01551014586926, 45.95317695425981], [-60.01549514190863, 45.9531800093862], [-60.01542841124841, 45.95326917332578], [-60.01532200780662, 45.95337620188058], [-60.015319797611276, 45.9533791503771], [-60.01526917695787, 45.95344682736174], [-60.01522648946226, 45.95348117467376], [-60.01520308879318, 45.95350000470758], [-60.01513796642878, 45.953535205635276], [-60.01505866918266, 45.953570035957334], [-60.01501021054139, 45.953580659183565], [-60.014981626920374, 45.95358691454868], [-60.01487795736012, 45.953595014209334], [-60.01478134918616, 45.953593937550266], [-60.01469739299196, 45.9535929935888], [-60.014633409709006, 45.953583219941414], [-60.01444041861599, 45.953580477963015], [-60.01410473834391, 45.953575696429176], [-60.01406554837846, 45.953584572459384], [-60.01393679053219, 45.95361863957597], [-60.013870500454495, 45.95363617664721], [-60.01379297411246, 45.9536620515904], [-60.013703813459, 45.95366070075644], [-60.01354799209723, 45.95365833536557], [-60.013488731760155, 45.95362672262193], [-60.013445127696514, 45.953603449084106], [-60.013411269634595, 45.95358227562426], [-60.01335648708175, 45.953548025688015], [-60.01331098591854, 45.95354203804321], [-60.01327960508457, 45.95353791387987], [-60.01324138156894, 45.953528813278936]]}, "properties": {"OBJECTID": 312274, "FEAT_CODE": "WARV50", "FEAT_DESC": "River - Single Line", "RIVNAME_1": " ", "RIVNAME_2": " ", "ZVALUE": 9999, "FID": null, "SHAPE_Length": 691.372132605935}}]}