{"type": "FeatureCollection", "features": [{"type": "Feature", "id": 55884, "geometry": {"type": "LineString", "coordinates": [[-60.3790888245394, 45.70625248147778], [-60.379089305457285, 45.706252087471334], [-60.37910247724738, 45.70620778073119], [-60.37910540933686, 45.70620167333244], [-60.37911528856684, 45.70618107173194], [-60.37913787706547, 45.7061730302864], [-60.37914141751665, 45.70617177040592], [-60.37915972494068, 45.70616901329817], [-60.379193170839166, 45.70616395739106], [-60.379244545741884, 45.70616423659451], [-60.37928266656511, 45.70617322156919], [-60.379297810142695, 45.706190320098784], [-60.37930705926134, 45.706200775578495]]}, "properties": {"OBJECTID": 55884, "FEAT_CODE": "WALK20", "FEAT_DESC": "Lake - Water to the right line", "RIVNAME_1": " ", "RIVNAME_2": " ", "ZVALUE": 22.2, "FID": null, "SHAPE_Length": 25.363911013760426}}, {"type": "Feature", "id": 55885, "geometry": {"type": "LineString", "coordinates": [[-60.37930705926134, 45.706200775578495], [-60.37930230869233, 45.70621362801839], [-60.37928060914006, 45.706272167685526], [-60.379241226048634, 45.706290174831395], [-60.37922839280537, 45.7062898802472], [-60.379189303241155, 45.7062848514728], [-60.37915177177139, 45.70628002047044], [-60.37913064689718, 45.70626994943799], [-60.379114070952774, 45.70626205306338], [-60.3790888245394, 45.70625248147778]]}, "properties": {"OBJECTID": 55885, "FEAT_CODE": "WALK20", "FEAT_DESC": "Lake - Water to the right line", "RIVNAME_1": " ", "RIVNAME_2": " ", "ZVALUE": 22.2, "FID": null, "SHAPE_Length": 24.715147154376584}}, {"type": "Feature", "id": 55886, "geometry": {"type": "LineString", "coordinates": [[-60.37896411851932, 45.70606238819448], [-60.37898935157226, 45.70607196850239], [-60.37902040745749, 45.7060721413841], [-60.37904072638554, 45.70607224779573], [-60.37905313867562, 45.706081542770214], [-60.37905147946501, 45.706144493899636], [-60.37903742811489, 45.706225189614905], [-60.37903649729283, 45.7062700923942], [-60.37903536940996, 45.70632415369924], [-60.37902170420354, 45.70636884514921], [-60.37901980052411, 45.706370817678106], [-60.37899607194078, 45.70639526881041], [-60.37896622046705, 45.70642208166059], [-60.37891694998915, 45.70646635174259], [-60.37887756706767, 45.706484349765496], [-60.37884395861197, 45.70648436127059], [-60.37883902516424, 45.70648436502083]]}, "properties": {"OBJECTID": 55886, "FEAT_CODE": "WALK20", "FEAT_DESC": "Lake - Water to the right line", "RIVNAME_1": " ", "RIVNAME_2": " ", "ZVALUE": 22, "FID": null, "SHAPE_Length": 60.004059800764864}}, {"type": "Feature", "id": 55887, "geometry": {"type": "LineString", "coordinates": [[-60.37883902516424, 45.70648436502083], [-60.37880344725257, 45.706393537896986], [-60.37880384602827, 45.706357542927165], [-60.37878323634101, 45.70632849148225], [-60.37877853667835, 45.70632184883511], [-60.37874087759029, 45.70630299116064], [-60.378727602098024, 45.70628468430364], [-60.37872842145407, 45.706239697958246], [-60.37875490724015, 45.70619530089063], [-60.378787863831356, 45.70616582307086], [-60.37879513061885, 45.706159329143254], [-60.37896411851932, 45.70606238819448]]}, "properties": {"OBJECTID": 55887, "FEAT_CODE": "WALK20", "FEAT_DESC": "Lake - Water to the right line", "RIVNAME_1": " ", "RIVNAME_2": " ", "ZVALUE": 22, "FID": null, "SHAPE_Length": 57.22761950036251}}, {"type": "Feature", "id": 123081, "geometry": {"type": "LineString", "coordinates": [[-60.38460239081011, 45.717023519388924], [-60.38464135979608, 45.71701451094384], [-60.384642162109074, 45.71696952423773], [-60.38465456659827, 45.71695180635401], [-60.38467659925576, 45.71694721647826], [-60.38469349355265, 45.71694369702996], [-60.38473162301017, 45.71695267135722], [-60.384758158339544, 45.71696228019787], [-60.38484146336575, 45.71696251417049], [-60.38484809206573, 45.71696254898981], [-60.38488614271723, 45.71694540951007], [-60.384905553159996, 45.716934782853066], [-60.3849507714289, 45.71690998564053], [-60.385043618712565, 45.716820301840144], [-60.38506514713334, 45.716817428535784], [-60.38510697492382, 45.716811860789264], [-60.3851622357748, 45.71682076828038], [-60.38517201781925, 45.71682234246625], [-60.38526108782818, 45.71681358113336], [-60.38527093864891, 45.71681175450138], [-60.38535181904878, 45.716796756858784], [-60.38539035627416, 45.71676973623584], [-60.38539161513747, 45.71674276201313], [-60.38538820710853, 45.71673924557883], [-60.3853658642465, 45.71671606935124], [-60.38534103211874, 45.71669749863948], [-60.385328591382496, 45.71666120966483], [-60.38533427149259, 45.716650457515534], [-60.3853426859443, 45.716634529393005], [-60.3853540376884, 45.716626697443836], [-60.385394465929075, 45.7165988020211], [-60.38548433238116, 45.71657296582105], [-60.38562602816098, 45.71656540930691], [-60.38567783233493, 45.71655669441317], [-60.38585840470423, 45.716487020679665], [-60.38594915220353, 45.71644229314854], [-60.38601463088609, 45.71641588915294], [-60.38606597340952, 45.71641706463254], [-60.386219732473684, 45.716453888549886], [-60.38624414531674, 45.716481450489304], [-60.38625699325892, 45.716508747669245], [-60.38625595977406, 45.71651217139935], [-60.38624335660117, 45.71655344057135], [-60.3862553533064, 45.71657171724655], [-60.386280647115825, 45.71658039720951], [-60.38629565814144, 45.716578130557096], [-60.386332409268356, 45.71657258115821], [-60.38646250242099, 45.71651075189017], [-60.38655278770542, 45.71647592341864], [-60.386655951302735, 45.71644047155008], [-60.38673947461053, 45.71639826933658], [-60.386759911206276, 45.71638794488254], [-60.38679845962187, 45.716387936092396], [-60.38681087628542, 45.71639721230318], [-60.386835356749984, 45.71645087861374], [-60.38684731054962, 45.71645520266801], [-60.38686190506374, 45.71646048726251], [-60.386925274092185, 45.716479030544534], [-60.38706893131237, 45.7164806531617], [-60.38707938540734, 45.71648076639764], [-60.3871087189154, 45.71648796345032], [-60.387233103439264, 45.71651848810984], [-60.38736603142603, 45.71651983781702], [-60.387374379641926, 45.71651992083861], [-60.38741248359666, 45.71650189063494], [-60.38743591658353, 45.716485999989104], [-60.387452290379755, 45.716474898366336], [-60.38747835526004, 45.71643949072366], [-60.3875168784022, 45.71641246905976], [-60.387538910635534, 45.71640787862133], [-60.38755580460715, 45.71640435874161], [-60.38759435346512, 45.716404340691454], [-60.38770994202559, 45.716433088390325], [-60.38773226407396, 45.716440745928864], [-60.38773523601311, 45.71644176803465], [-60.38773827646117, 45.71644821032014], [-60.3877480975169, 45.71646906535622], [-60.387772091897425, 45.71650561841026], [-60.387772896983364, 45.716513980773115], [-60.38777295622888, 45.71651463920288]]}, "properties": {"OBJECTID": 123081, "FEAT_CODE": "WALK20", "FEAT_DESC": "Lake - Water to the right line", "RIVNAME_1": "Mary Anns Brook", "RIVNAME_2": " ", "ZVALUE": 16.5, "FID": null, "SHAPE_Length": 326.21707998571765}}, {"type": "Feature", "id": 123082, "geometry": {"type": "LineString", "coordinates": [[-60.38777295622888, 45.71651463920288], [-60.38774605301387, 45.71656802976529], [-60.38772969250088, 45.71657912273296], [-60.38770624629963, 45.71659502213758], [-60.38769382986031, 45.71658573702889], [-60.387664018717054, 45.71656866408381], [-60.38763000297307, 45.7165491726635], [-60.387565782661035, 45.716548603328064], [-60.387475078148135, 45.71659243302589], [-60.38742413846023, 45.71661016953463], [-60.3874000562957, 45.71661518109532], [-60.387385212093854, 45.71661827980408], [-60.38733424670875, 45.71660901263378], [-60.38721861564708, 45.71658117268506], [-60.387198664856406, 45.71657860088012], [-60.38714196655441, 45.71657130866557], [-60.38707590376758, 45.71657057087458], [-60.38698786740086, 45.7165695821767], [-60.38696639438091, 45.71657430232043], [-60.38690997266366, 45.71658670154494], [-60.38685903281329, 45.716604437797706], [-60.38683252267364, 45.71662183307342], [-60.386779930558745, 45.71670253859281], [-60.386769331003066, 45.71675347576803], [-60.38676502322366, 45.71677420552259], [-60.38675363816881, 45.71680561951356], [-60.38675175152223, 45.71681080592164], [-60.386738102336686, 45.71685549859394], [-60.38667267451634, 45.71693590126697], [-60.38666342884228, 45.716953403640424], [-60.38665858007918, 45.71696259070535], [-60.386629187962285, 45.71698253926218], [-60.386620098088336, 45.71698871291832], [-60.38654172844119, 45.71701572228245], [-60.386498323760435, 45.71702699710744], [-60.386478007089494, 45.71703226568788], [-60.38641245933009, 45.7170493973195], [-60.3863102023589, 45.717076129733975], [-60.386244303533076, 45.71711152529574], [-60.386219076541394, 45.717128949803225], [-60.38620811350184, 45.71713285729251], [-60.3861929435024, 45.71713825264768], [-60.386064963102264, 45.717127221741784], [-60.38605256207039, 45.71712284236165], [-60.38601313344987, 45.717108933178245], [-60.3859407191177, 45.717098076184584], [-60.385885530752944, 45.717089809803376], [-60.38571853971309, 45.71708868652642], [-60.38555161542793, 45.71711366748178], [-60.385436835955, 45.717138888220056], [-60.38539582358885, 45.71714790414853], [-60.38525455775908, 45.71717347225748], [-60.38519034965081, 45.717172901864366], [-60.38510087679464, 45.71716275178079], [-60.38504904744417, 45.71714446278572], [-60.38503182670167, 45.71713625548608], [-60.38501135032516, 45.71712649745056], [-60.38494453108452, 45.71706267097514], [-60.384935071264316, 45.71705364230729], [-60.38489736140761, 45.71703567664236], [-60.3848845256468, 45.71703538264027], [-60.38487733212817, 45.71703671204146], [-60.38479378107678, 45.71705220623724], [-60.384756108498834, 45.71706124443004], [-60.38473672161641, 45.71705539974035], [-60.384691485573626, 45.717041762118576], [-60.38460239081011, 45.717023519388924]]}, "properties": {"OBJECTID": 123082, "FEAT_CODE": "WALK20", "FEAT_DESC": "Lake - Water to the right line", "RIVNAME_1": "Mary Anns Brook", "RIVNAME_2": " ", "ZVALUE": 16.5, "FID": null, "SHAPE_Length": 300.2042246459776}}, {"type": "Feature", "id": 123083, "geometry": {"type": "LineString", "coordinates": [[-60.38102394505961, 45.71671827391263], [-60.381024731872614, 45.71672645588447], [-60.38102480872395, 45.716727285740994], [-60.38102368726793, 45.71672873618302], [-60.38101113284742, 45.716744965066276], [-60.3809849983378, 45.7167542846866], [-60.380902747711865, 45.71675321698712], [-60.38089510713427, 45.716753113720856], [-60.38088593030403, 45.71675728669995], [-60.38077826357288, 45.716806239583605], [-60.38070165036085, 45.71682338411182], [-60.380611315431885, 45.716804218708916], [-60.38055991832272, 45.71680393062183], [-60.380530973830965, 45.7168104133554], [-60.38048331788922, 45.71682107529657], [-60.3804364332997, 45.71683997284509], [-60.38041783625804, 45.71684747604986], [-60.38039304447982, 45.71685610626095], [-60.380366894239884, 45.71686520935428], [-60.38030267382143, 45.71686463592582], [-60.380110410894126, 45.716826920492046], [-60.380059259114105, 45.7168211111838], [-60.3800209396859, 45.71681676645785], [-60.37986435652632, 45.71679890652264], [-60.37976404914339, 45.716787468489585], [-60.37955893840546, 45.71674945726816], [-60.379418082833816, 45.71673902349254], [-60.37936126661946, 45.71674498320147], [-60.37934060636637, 45.7167471462743], [-60.37931620869523, 45.7167517438405], [-60.379251157197984, 45.716763995196146], [-60.37918525404787, 45.7167993955858], [-60.3791145737704, 45.71683143690806], [-60.37910779956641, 45.716834512767505], [-60.378899002314405, 45.716985437112406], [-60.37882112630025, 45.717029554440565], [-60.3788087296495, 45.71703525551253], [-60.37870556384852, 45.7170827075919], [-60.37853695400771, 45.71714364365365], [-60.37844575759966, 45.71717035294551], [-60.378414300330554, 45.71718329418176], [-60.37838155821744, 45.71719678197184]]}, "properties": {"OBJECTID": 123083, "FEAT_CODE": "WALK20", "FEAT_DESC": "Lake - Water to the right line", "RIVNAME_1": "Mary Anns Brook", "RIVNAME_2": " ", "ZVALUE": 15.9, "FID": null, "SHAPE_Length": 230.13708950447716}}, {"type": "Feature", "id": 123085, "geometry": {"type": "LineString", "coordinates": [[-60.375620137655254, 45.716512261463535], [-60.375647493046365, 45.71647689518241], [-60.3756588940638, 45.71646858827546], [-60.37565945337283, 45.71646816908275], [-60.37566516358456, 45.7164661400924], [-60.37568560057179, 45.71645886897564], [-60.37571697635587, 45.7164523353434], [-60.37572452834256, 45.71645076273085], [-60.37578916928137, 45.71644234738492], [-60.375804217041214, 45.71644588861499], [-60.37582729684165, 45.71645132464888], [-60.37584013237575, 45.71645161966562], [-60.37590393102491, 45.71646118693353], [-60.37599426278649, 45.71648037399854], [-60.37601900853763, 45.71649825168636], [-60.3760315485928, 45.71650732488524], [-60.37605555544173, 45.71657088375668], [-60.37606841122105, 45.716598182269884], [-60.37608821841492, 45.71661204000051], [-60.37610698027659, 45.71662517162439], [-60.376195187051096, 45.716662302729745], [-60.37627268407382, 45.71668118561376], [-60.37639048917947, 45.716682245589034], [-60.376401111372736, 45.71668233666376], [-60.3765163077169, 45.71669218456268], [-60.376709388578234, 45.71668492876179], [-60.376804160740974, 45.71667488288953], [-60.3768630587855, 45.71666864824866], [-60.37699047978362, 45.71664628285584], [-60.37710792467566, 45.71662566836221], [-60.37727569213199, 45.7165827260969], [-60.37748719203576, 45.7165388258997], [-60.37768960867106, 45.71649681392261], [-60.377767383356044, 45.71647957207879], [-60.37784411936751, 45.71646255835553], [-60.377977362179465, 45.716417363969036], [-60.37805041378717, 45.71639258762333], [-60.37808814680525, 45.71637321086191], [-60.37815442381961, 45.71633916084134], [-60.37824513445674, 45.71629534769091], [-60.378348722962855, 45.71625092107174], [-60.378439442260486, 45.71623410202139], [-60.37858070843715, 45.716208542360015], [-60.37867101974903, 45.71620071477698], [-60.37877504995897, 45.7161742999498], [-60.37886491896318, 45.71614846002045], [-60.37893050660533, 45.71611676999106], [-60.378955629174804, 45.71610463729375], [-60.37901984867459, 45.71610521146087], [-60.37914786707007, 45.716115351050505], [-60.379185267882335, 45.71612778490222], [-60.37931361467831, 45.71617046152653], [-60.379454070090645, 45.71621689032433], [-60.37970931054876, 45.716309158257324], [-60.379733777023255, 45.71631682157347], [-60.379799223414125, 45.71633732471087], [-60.37993922425616, 45.71636574043976], [-60.38005017787406, 45.716381410075215], [-60.38014474151067, 45.71639475929003], [-60.38055452836435, 45.716479770308275], [-60.38067567628136, 45.71650166789956], [-60.380925311922994, 45.7165467831991], [-60.380957052133276, 45.71655608027532], [-60.380988678515195, 45.7165653387275], [-60.38100821339644, 45.71657900033416], [-60.38102726282953, 45.71659232676519], [-60.38103465862172, 45.71660976036836], [-60.38103883749894, 45.716619595328076], [-60.38103828663729, 45.71665611782419], [-60.38103762218621, 45.716700567611376], [-60.381034517670074, 45.71670458285985], [-60.38102394505961, 45.71671827391263]]}, "properties": {"OBJECTID": 123085, "FEAT_CODE": "WALK20", "FEAT_DESC": "Lake - Water to the right line", "RIVNAME_1": "Mary Anns Brook", "RIVNAME_2": " ", "ZVALUE": 15.9, "FID": null, "SHAPE_Length": 474.9164714735033}}, {"type": "Feature", "id": 127573, "geometry": {"type": "LineString", "coordinates": [[-60.387667653843465, 45.70816288161897], [-60.38768424136579, 45.70817470145893], [-60.387693753649984, 45.70818148085455], [-60.38769740812108, 45.708182734604314], [-60.387719056799575, 45.70819016072613], [-60.3877247255361, 45.708200569601814], [-60.38774391253205, 45.70823572556653], [-60.38775405882843, 45.70826693925055], [-60.38776751011668, 45.70830828269893], [-60.38776621713855, 45.70838838926135], [-60.38776549261242, 45.70843425091979], [-60.387746921146764, 45.708694855787535], [-60.387742786364576, 45.70871327629554], [-60.38770475126656, 45.708882912491305], [-60.387742885918954, 45.708946792207826], [-60.3878054726936, 45.70903734334441], [-60.38781551400788, 45.70906998578052], [-60.38781663017583, 45.70907360272734], [-60.38781889338077, 45.70907824503161], [-60.38782953251839, 45.709099991900274], [-60.38784197384437, 45.709136271652824], [-60.38783539815537, 45.70941515301443], [-60.38782258972253, 45.70944187204485], [-60.387729785527846, 45.70955856224547], [-60.38772138896888, 45.7095760751479], [-60.38771699026257, 45.70958527256382], [-60.38768883757536, 45.7097267276099], [-60.38768845311174, 45.70972863603161], [-60.38764583670103, 45.70979726586694], [-60.38762177750505, 45.709836022845906], [-60.387620716061036, 45.709839499957745], [-60.387608130955726, 45.70988071572352], [-60.387634257185205, 45.70989931557201], [-60.38776561573076, 45.709900646923266], [-60.38777550389965, 45.70990074714849], [-60.387841455303864, 45.70988992467853], [-60.38792957154751, 45.709875468797684], [-60.38794155377539, 45.70987557191216], [-60.3879937842249, 45.709876037762406], [-60.38802532815243, 45.70988177298694], [-60.3880957031045, 45.70989457124901], [-60.38821250664436, 45.70990854858839], [-60.388263076295694, 45.709914601963646], [-60.38835294452803, 45.709915757606936], [-60.38842029911381, 45.70990239260644], [-60.388442434985414, 45.7098980023853], [-60.38849423256582, 45.709889286060196], [-60.38852797270681, 45.70989310915713], [-60.388583694595766, 45.709899433255565], [-60.388747200779605, 45.709934352516136], [-60.388763064218175, 45.70993773967629], [-60.38890351216153, 45.70998416571263], [-60.389120238964296, 45.710075522862084], [-60.38934896021815, 45.71021306808996], [-60.38935339508342, 45.710214672668506], [-60.389399488487115, 45.71023132540365], [-60.38943334504884, 45.71024010145773], [-60.38943757277823, 45.710241188238385], [-60.38965553026651, 45.71027858436017], [-60.38973215889982, 45.71028843723866], [-60.38988667267144, 45.710281168492976], [-60.3899422538544, 45.71026432007286], [-60.39000265654967, 45.71024601566845], [-60.390101503487315, 45.71022019209394], [-60.39030049727297, 45.71016821435978], [-60.39034865698211, 45.71015622767674], [-60.39040318584328, 45.710142658354805], [-60.39064759520133, 45.71010863998351], [-60.390787063606695, 45.71011019820551], [-60.39080168975596, 45.710110361441814], [-60.390822959839895, 45.710111594615086], [-60.39098107604087, 45.710120761574736], [-60.391135198273886, 45.71014948628803], [-60.39131503104457, 45.71017789814633], [-60.391580081452766, 45.71020416120319], [-60.39162195226223, 45.710208313156606], [-60.39190448640787, 45.71021116718276], [-60.39196229478203, 45.71021932849558], [-60.39210998837699, 45.71024016415935], [-60.392135711614365, 45.71023985161798], [-60.39227384636924, 45.71026703947794], [-60.39237886704534, 45.710287710214125], [-60.39239424424083, 45.71029133779171], [-60.39241699336457, 45.71029668191153], [-60.39255699916625, 45.71032508229397], [-60.392569833469494, 45.71032537540095], [-60.39271111002487, 45.71035380461502], [-60.392827133670984, 45.71034565289928], [-60.39291742116837, 45.71033781349424], [-60.393032997933, 45.71031164931696], [-60.393110853608796, 45.71026752179856], [-60.393189545712815, 45.710205411276505], [-60.39319531226949, 45.71020241958471], [-60.39324089562294, 45.71017868952758], [-60.39328867831791, 45.710179213419885], [-60.39331794352989, 45.71017953954357], [-60.39351702698065, 45.71025179937946], [-60.39359843152262, 45.71028135391888], [-60.39368792411926, 45.710318500876234], [-60.39378903843441, 45.71038201602157], [-60.39383598636443, 45.71041541036942], [-60.39384002830829, 45.71041828394954], [-60.39388126064614, 45.71044307784778], [-60.39391626877936, 45.71046412924862], [-60.39401817809649, 45.710510560390986], [-60.39420962278948, 45.71059323886146], [-60.39429741475923, 45.7106393475471], [-60.394320529868, 45.7106600373828], [-60.39434798710317, 45.71068460674008], [-60.39441142228822, 45.71075718053242], [-60.39443549063389, 45.71081981886396], [-60.39451010546638, 45.710955636891704], [-60.394576440134585, 45.711101815112215], [-60.39459635589229, 45.71114572652719], [-60.39466163252411, 45.711277640932096], [-60.39469501054967, 45.711345100167655], [-60.39474394098982, 45.71145332886812], [-60.39478212719721, 45.71151630727105], [-60.39486914378824, 45.711634405991184], [-60.394885321523596, 45.71166200321708], [-60.39490604678856, 45.71169735507111], [-60.39491616222655, 45.71171882828808], [-60.39491891083586, 45.71172465165729], [-60.394917656775924, 45.711751626108565], [-60.39491235316588, 45.71175709472997], [-60.394892016860695, 45.71177804414242], [-60.39486154870238, 45.711793901815504], [-60.39484065295271, 45.71180477531133], [-60.39476195622756, 45.71183989279016], [-60.39467164155423, 45.711875627202424], [-60.39454527112116, 45.7119117088762], [-60.3944906345294, 45.711927302947835], [-60.39446259405225, 45.71193488096988], [-60.39436181504124, 45.71196216739697], [-60.39419319547407, 45.71202401749831], [-60.39402548182688, 45.71209400694907], [-60.393935207692785, 45.712128850601864], [-60.393922360128094, 45.71212855734642], [-60.393741306656224, 45.71215412787976], [-60.39363487022178, 45.71217485779054]]}, "properties": {"OBJECTID": 127573, "FEAT_CODE": "WALK20", "FEAT_DESC": "Lake - Water to the right line", "RIVNAME_1": " ", "RIVNAME_2": " ", "ZVALUE": 22.3, "FID": null, "SHAPE_Length": 1008.4540225680387}}, {"type": "Feature", "id": 128276, "geometry": {"type": "LineString", "coordinates": [[-60.39363487022178, 45.71217485779054], [-60.393561806605426, 45.712189112653036], [-60.39352239040393, 45.71219679078799], [-60.393289764074346, 45.71224913139081], [-60.39311002243855, 45.7122738307709], [-60.39299111824243, 45.7122860934761], [-60.392788554442554, 45.71230699485459], [-60.39267212074523, 45.71232414719144], [-60.392530882936015, 45.71234972495573], [-60.39225954021243, 45.71241012626025], [-60.3919753896934, 45.71249724641787], [-60.39195766430547, 45.71250623858371], [-60.39192275313188, 45.71252394720076], [-60.391887125293906, 45.71255650012196], [-60.39184492124697, 45.712595077505554], [-60.391793178498595, 45.71262989956578], [-60.39167235666471, 45.71266787801139], [-60.39162498519895, 45.712682763586315], [-60.391506863519716, 45.712737806472965], [-60.39145556484514, 45.712761702284816], [-60.39135242451288, 45.71281204672388], [-60.39127413215822, 45.7128502673848], [-60.39126606303567, 45.71285358441007], [-60.391209943551424, 45.71287670388442], [-60.39118427380498, 45.71287611733829], [-60.39114530868103, 45.71288512810875], [-60.39099098129945, 45.712883275789046], [-60.39097837201188, 45.712883104660335], [-60.390917020137486, 45.712860757278], [-60.390825498068196, 45.71282741421895], [-60.39075404900912, 45.71281441308403], [-60.39072356004924, 45.712808882749364], [-60.39071435201652, 45.71280878932317], [-60.39058230576781, 45.712807454660584], [-60.39028611242946, 45.7128222781978], [-60.38997746155475, 45.71285573632871], [-60.38977470662782, 45.71286081319112], [-60.3897330676331, 45.712861850450984], [-60.38952800321034, 45.7128508612569], [-60.389334896341985, 45.71283114409508], [-60.38931136657, 45.71283095709979], [-60.3891550956949, 45.71282973293113], [-60.38900925199086, 45.71283497571344], [-60.38875739688601, 45.71284404046963], [-60.38856520953933, 45.71283244395372], [-60.388435912963786, 45.71282228568981], [-60.388296384569124, 45.712805331480595], [-60.388116496737496, 45.712783466363234], [-60.3879986468918, 45.71278243547267], [-60.387988077129485, 45.712782337676046], [-60.38795851878895, 45.71278413672179], [-60.38785922553105, 45.71279019998235], [-60.38772164401513, 45.71280893365791], [-60.387678197070606, 45.71281485235996], [-60.3875506292708, 45.712822734690654], [-60.387434167772696, 45.712812868978055], [-60.38706174842341, 45.71280884691656], [-60.38688277429686, 45.712789440040225], [-60.38663913876449, 45.71275146888234], [-60.38635744430883, 45.7127306190018], [-60.386267978260804, 45.712720469976155], [-60.3862048339715, 45.71273218389438], [-60.38617725394043, 45.71273729513981], [-60.3861488877085, 45.71274851807529], [-60.386086932200634, 45.712773031594395], [-60.38597014374509, 45.71282526395213], [-60.38584005881457, 45.71288709286971], [-60.38572364745822, 45.71293123268929], [-60.385659838046905, 45.71292167066231], [-60.385544592372405, 45.712882721554976], [-60.38549414804601, 45.71286567060016], [-60.385430771146225, 45.71284711732716], [-60.38528947961943, 45.712818678762126], [-60.385199947004885, 45.71278242440987], [-60.38502180529604, 45.712690134396695], [-60.38493317887056, 45.71266200150923], [-60.384843658439635, 45.712652750222084], [-60.3845362714642, 45.71260430427198], [-60.38436928244097, 45.7125761759822], [-60.384221562292545, 45.7125679491272], [-60.3841770552725, 45.71256547125726], [-60.38408800972657, 45.71254632913172], [-60.38394754645366, 45.712499905832615], [-60.383844815560366, 45.71247144891676], [-60.383829918360405, 45.71246827223619], [-60.38362728623308, 45.71242505949365], [-60.383577541821644, 45.71240927487023], [-60.383538648134966, 45.712396925252484], [-60.383500078207554, 45.712369938376774], [-60.38349604879217, 45.712366254625515], [-60.38344955536791, 45.71232377540729], [-60.38343779052782, 45.71230057117726], [-60.383413084897995, 45.712251831500986], [-60.38340458220174, 45.712192337895424], [-60.38340146218309, 45.7121705559226], [-60.383378684385264, 45.71205302059372], [-60.383349766654, 45.71191454317465], [-60.38334298246428, 45.711882083017024], [-60.3833317669485, 45.71179181573591], [-60.38334668988149, 45.711720149559405], [-60.38334982209711, 45.711711679373735], [-60.38335992086884, 45.711684439697876], [-60.38340482822352, 45.711594684570066], [-60.3834137719765, 45.71157677048213], [-60.383610914139005, 45.7113445524819], [-60.38364296434121, 45.7113130362789], [-60.383728072465345, 45.71122934183852], [-60.38389791243311, 45.71108650793896], [-60.3839770354243, 45.71101541261856], [-60.38434316562741, 45.71068626277241], [-60.38440857661899, 45.71060585198384], [-60.38450048372293, 45.71048104302056], [-60.38464460858391, 45.710338528004634], [-60.38471047528707, 45.71027613853074], [-60.3847759230573, 45.71022272244568], [-60.38499632095627, 45.710125158995424], [-60.38520339767322, 45.71001018808455], [-60.38539849904459, 45.70993184675968], [-60.38540236055179, 45.70992976594339], [-60.38558033760414, 45.70983429924179], [-60.3858015041006, 45.709692655807345], [-60.38589175433664, 45.709630805955236], [-60.38612579565137, 45.70948854757096], [-60.386160750752225, 45.70946493705399], [-60.3862173281858, 45.70942673581843], [-60.38626899623501, 45.709388566180635], [-60.38638631717791, 45.70930188976094], [-60.38656935542621, 45.7091512620686], [-60.3866380038354, 45.709091959493904], [-60.38666172552976, 45.709071467076754], [-60.386727563390984, 45.70898206368958], [-60.38675369248144, 45.708972760625876], [-60.3867721262477, 45.70895187712045], [-60.38683236398984, 45.708883650922886], [-60.38704273495224, 45.70864273768247], [-60.387111612522794, 45.708564717927935], [-60.38712140552296, 45.70855362775547], [-60.387305268004326, 45.70833010941262], [-60.387396352302694, 45.70825028439478], [-60.387526424599876, 45.70818845338609], [-60.387569006731276, 45.7081762052333], [-60.387616276897994, 45.70816260616621], [-60.387667653843465, 45.70816288161897]]}, "properties": {"OBJECTID": 128276, "FEAT_CODE": "WALK20", "FEAT_DESC": "Lake - Water to the right line", "RIVNAME_1": " ", "RIVNAME_2": " ", "ZVALUE": 22.3, "FID": null, "SHAPE_Length": 1436.7276496531097}}, {"type": "Feature", "id": 144437, "geometry": {"type": "LineString", "coordinates": [[-60.38743015291069, 45.71044640810916], [-60.387390811659735, 45.7104635099138], [-60.3873685912902, 45.71047962633228], [-60.387365546178025, 45.71048183390915], [-60.38731254508013, 45.71054362822569], [-60.387298996301745, 45.71055314729581], [-60.38727403883863, 45.71057065022513], [-60.38719281942624, 45.710577693571025], [-60.38718373753879, 45.71057848484651], [-60.3870134888957, 45.71073029730918], [-60.386986981244206, 45.71074770168994], [-60.38697377881241, 45.71081040669975], [-60.38701102406121, 45.71083826219082], [-60.38701873814225, 45.710840905019246], [-60.3870363286993, 45.710846933242536], [-60.387114227750104, 45.71085682595545], [-60.387280294207315, 45.71084982512945], [-60.38732972588884, 45.71084254936188], [-60.387396725807605, 45.71083268724965], [-60.387474599915976, 45.71081555807093], [-60.38750083165812, 45.710805447094344], [-60.3875648881042, 45.71078072884744], [-60.387603407193005, 45.71075370704453], [-60.387612594680704, 45.710736320263116], [-60.38761749907231, 45.71072702641096], [-60.38762192639022, 45.710707847518925], [-60.38763198419611, 45.710664350676], [-60.387632324466345, 45.71060523973342], [-60.387632351536716, 45.710601351910256], [-60.38759549898041, 45.710537510509695], [-60.387545758305144, 45.710474256294546], [-60.38750678131447, 45.71045626247796], [-60.387468697666584, 45.71044639001209], [-60.38743015291069, 45.71044640810916]]}, "properties": {"OBJECTID": 144437, "FEAT_CODE": "WALKIS10", "FEAT_DESC": "Lake Island - Island to the left line", "RIVNAME_1": " ", "RIVNAME_2": " ", "ZVALUE": 22.3, "FID": null, "SHAPE_Length": 153.2705223618182}}, {"type": "Feature", "id": 195206, "geometry": {"type": "LineString", "coordinates": [[-60.38229537860809, 45.700614880939995], [-60.38203341270049, 45.70061247468514], [-60.3816405280913, 45.7006088656478], [-60.38163124588715, 45.70061562857568], [-60.38162855933196, 45.70061759219606], [-60.381399541822915, 45.70061905447463], [-60.381076041498034, 45.70062112133433], [-60.380773771749915, 45.70062326028957], [-60.38053633001021, 45.7006249416181], [-60.38042122053717, 45.70061419961315], [-60.380216979256396, 45.700559107402796], [-60.380160494067106, 45.70055339175359], [-60.38011341873838, 45.70054863009184], [-60.37989599025897, 45.70052833874529], [-60.37974930413801, 45.700526988568576], [-60.37917693997008, 45.70052173606062], [-60.37900962092104, 45.700528687305656], [-60.37886049532865, 45.700553409997745], [-60.37875199485629, 45.70057138733386], [-60.37873530261176, 45.700577826880355], [-60.378661730645426, 45.70060621916787], [-60.37855691040851, 45.700677620970374], [-60.3785126059424, 45.700695190838175], [-60.37840246574012, 45.70073888216244], [-60.37816847638491, 45.70085322282274], [-60.37801275669473, 45.70094144832015], [-60.377943599451015, 45.700988861712716], [-60.37780439584426, 45.70108428902229], [-60.377635434243025, 45.70118122890943], [-60.37754362679705, 45.70123610572627], [-60.37753103228644, 45.70124363833515], [-60.377349280796324, 45.701394272239554], [-60.37733314376617, 45.701412722717855], [-60.37730992216723, 45.701439273401625], [-60.37711767821407, 45.701586254509955], [-60.37710075871196, 45.70159918734499], [-60.3770901317969, 45.70160639606511], [-60.37702248252116, 45.701652295361434], [-60.37683944468566, 45.701802907895626], [-60.37672410832298, 45.701888108006536], [-60.37667044558072, 45.70192773969983], [-60.37650151346916, 45.702051672687936], [-60.37648709872963, 45.702062682759724], [-60.376396266933135, 45.702132063736705], [-60.37626500891375, 45.70230187629289], [-60.376167457688965, 45.7024006260677], [-60.376159811799354, 45.70240836226268], [-60.37609149348382, 45.70246659504986], [-60.375951082797066, 45.702586286140374], [-60.375821031985936, 45.7026751075949], [-60.375755565107504, 45.70270150604607], [-60.375626334548286, 45.70274535895183], [-60.375461847797204, 45.702820066894915], [-60.375432079530825, 45.70283358621505], [-60.375302470335775, 45.70288551297992], [-60.37510883126019, 45.70296468080739], [-60.37497857558689, 45.70302875274039], [-60.37496530803302, 45.70303527947606], [-60.37478432363334, 45.70314183082962], [-60.37469236833353, 45.70321262477496], [-60.3746791345291, 45.70324832461076], [-60.37467716038141, 45.703343132131415], [-60.37467706847377, 45.703347288496545], [-60.37464291248901, 45.70339770097224], [-60.37459840595811, 45.70346339320735], [-60.37455862247064, 45.703517384676395], [-60.3745253646243, 45.70353984255086], [-60.3744670874359, 45.70357918706616], [-60.37440450900012, 45.70366345581436], [-60.3743875620786, 45.70368627075069], [-60.37438624509566, 45.703687509609544], [-60.37432169179927, 45.70374866324115], [-60.37405840803524, 45.703945455287894], [-60.374035470030144, 45.70396260573921], [-60.37396672352442, 45.70400932407369], [-60.373775397663636, 45.70413934467809], [-60.373671375067566, 45.704165755141155], [-60.37356868417326, 45.704164292936156], [-60.37309144831629, 45.70414373625417], [-60.372760983185955, 45.70412950743821], [-60.37254061246022, 45.7041991447327], [-60.372476406831815, 45.70419856721954], [-60.37230386224599, 45.70420383119271], [-60.37225769062492, 45.704205225797786], [-60.37215581888457, 45.70421369131367], [-60.37214219454208, 45.70421356674432], [-60.37202739479197, 45.70421253552241], [-60.37200141969416, 45.70421690619508], [-60.37197561310392, 45.70422124473648], [-60.371871644572295, 45.704246754699284], [-60.37172957568651, 45.70429028965257], [-60.37171937114278, 45.7042944922472], [-60.371601200925056, 45.704343140727715], [-60.37157507031328, 45.70434918191559], [-60.37156223894593, 45.704352144885796], [-60.37156181728925, 45.70436113621343], [-60.37154856290739, 45.704369832103765], [-60.3714582695757, 45.70437766345338], [-60.37140765350609, 45.704396849447306], [-60.371341865945766, 45.704421779811376], [-60.371226346888136, 45.704447032246364], [-60.371157434494016, 45.704458605026794], [-60.37112275759995, 45.70446444032585], [-60.37110321014086, 45.70446433226436], [-60.37107138445936, 45.70446415750155], [-60.370779660685756, 45.70446888009044], [-60.37074997547982, 45.70446935760019], [-60.37070831913016, 45.70447034250222], [-60.37048116829472, 45.70447575930714], [-60.37033130804561, 45.7044788694428], [-60.370172562226934, 45.704482161753475], [-60.37013035569909, 45.704471873476415], [-60.37009508413653, 45.70446327510667], [-60.37005785164146, 45.70443541434515], [-60.369994454556746, 45.70436284577742], [-60.36989380064115, 45.70429031900682], [-60.36989252064453, 45.70428939841735], [-60.369830420977046, 45.704244762854906], [-60.36970283715168, 45.70419860062299], [-60.36961380980443, 45.70417945657154], [-60.36955697868911, 45.70417886729629], [-60.36947256614363, 45.70417800254898], [-60.36936707086704, 45.70418072943522], [-60.36921532172758, 45.704184685683266], [-60.36905997968549, 45.704209900389955], [-60.36891875302406, 45.70423544918023], [-60.36872037008335, 45.7042421555102], [-60.368712881632234, 45.704242405971954], [-60.36859771251338, 45.70423255076991], [-60.36843122167228, 45.70419450941146], [-60.36836787336022, 45.70417594727372], [-60.36809820608571, 45.704173331501465], [-60.36808656135001, 45.7041772845464], [-60.368045976020134, 45.70419102963115], [-60.36802846807497, 45.704206035793256], [-60.36799378817291, 45.70423573181773], [-60.36786329895908, 45.70433353512172], [-60.36781240699916, 45.70435036389011], [-60.36778127920821, 45.70435037531836], [-60.36777385389528, 45.70435037514514], [-60.36754232950195, 45.70435673838212], [-60.36749327926342, 45.70436498648112], [-60.36749053424089, 45.70436544524697], [-60.36743012572645, 45.70438467371473], [-60.36724535200795, 45.70444350124602], [-60.36719206282451, 45.70445775416762], [-60.367115251086446, 45.70447830539747], [-60.36703903127612, 45.70448734890082], [-60.36688453193717, 45.70449458700833], [-60.366576378083685, 45.704491080010435], [-60.36652542707685, 45.70448181283992], [-60.366397406889135, 45.70441764377235], [-60.366384119588474, 45.70440433077103], [-60.36636059922955, 45.70438078156415], [-60.36628473849657, 45.70427282837936], [-60.366266677791714, 45.704254751713414], [-60.36624793058108, 45.704235975128995], [-60.36622262940771, 45.70420029642024], [-60.36615970283186, 45.70411782642535], [-60.36612819618209, 45.7040802493354], [-60.36612199210962, 45.704072851373304], [-60.36609800134544, 45.70400929065288], [-60.36606154268018, 45.70391033824578], [-60.36606360834671, 45.7037843713883], [-60.36605243461727, 45.70369410323791], [-60.36604400435738, 45.7036840526123], [-60.36601472425268, 45.70364912815558], [-60.36599674221426, 45.703635670791854], [-60.36597749436904, 45.7036212661159], [-60.36595250216061, 45.703607998052895], [-60.36592610652922, 45.70359397752226], [-60.36583750454117, 45.70356583029367], [-60.36581128629381, 45.70356115690546], [-60.36578527168046, 45.70355652421374], [-60.36576025753062, 45.70355629810488], [-60.36572106702801, 45.703555942918015], [-60.36529821518556, 45.703560587177485], [-60.365197968809994, 45.703559893926894], [-60.365131253388796, 45.70355943437632], [-60.36502769078493, 45.70354894332206], [-60.36496433157287, 45.70353037903801], [-60.364849177573255, 45.70352052039514], [-60.364760612916236, 45.70351591090288], [-60.36463132168601, 45.70350919112574], [-60.36452815471328, 45.70351761092822], [-60.36439580397452, 45.7035584717504], [-60.36435999467449, 45.70356953545768], [-60.36416571901572, 45.703657761063255], [-60.3639834718188, 45.70376336602893], [-60.36391801300311, 45.70381676098381], [-60.36381402875832, 45.70389716956656], [-60.36377555853984, 45.703923284390314], [-60.363769326749185, 45.703924949703875], [-60.36371049488824, 45.703940684202095], [-60.363695066084375, 45.7039406879761], [-60.363671954960104, 45.703940694374026], [-60.363504624355656, 45.703947631609104], [-60.36342758679201, 45.703946752673765], [-60.36338199917252, 45.70395211762746], [-60.36328678152105, 45.70396330318519], [-60.36320130817161, 45.703983903771736], [-60.36310616720751, 45.70400683730308], [-60.362988461654936, 45.704050924072575], [-60.362846836856015, 45.70411246029653], [-60.362806646901205, 45.70414753610662], [-60.362802793456865, 45.70415189360836], [-60.362727944487474, 45.704236637611686], [-60.36271593018722, 45.70424625222484], [-60.36267008472878, 45.70426473444955], [-60.36265045560277, 45.70427264297596], [-60.36257310065336, 45.7042948797954], [-60.36256059898736, 45.70429847044101], [-60.36254718171123, 45.704298313504395], [-60.3624065229873, 45.704296711223506], [-60.362304201018176, 45.7042871374617], [-60.362188227847824, 45.70426736506845], [-60.362144067516525, 45.704251403043514], [-60.36213768861299, 45.70424909541169], [-60.36211155700876, 45.704231389673645], [-60.36200521841653, 45.70416904877096], [-60.361985291000344, 45.704157364034316], [-60.36187180192831, 45.704057530485315], [-60.36178361101814, 45.70399338545685], [-60.36178275056011, 45.70398437353729]]}, "properties": {"OBJECTID": 195206, "FEAT_CODE": "WARV50", "FEAT_DESC": "River - Single Line", "RIVNAME_1": " ", "RIVNAME_2": " ", "ZVALUE": 9999, "FID": null, "SHAPE_Length": 1925.9420499012585}}, {"type": "Feature", "id": 200256, "geometry": {"type": "LineString", "coordinates": [[-60.37940069511298, 45.71952803938922], [-60.379388677910896, 45.71948276748488], [-60.379378344066275, 45.71940151215605], [-60.37936837411478, 45.719257267073864], [-60.379372464094615, 45.719060238720175], [-60.37938656064892, 45.71897865304184], [-60.37937687745964, 45.718950788663335], [-60.379361644022275, 45.7189069731019], [-60.379343707358906, 45.71887589493369], [-60.379324796389284, 45.71884312020966], [-60.3792497973992, 45.71874328761008], [-60.379200071851656, 45.71868003917235], [-60.37907531356448, 45.7184899541712], [-60.379068597617994, 45.71848161807683], [-60.37902431766368, 45.718426676492015], [-60.378925890668675, 45.71833654000406], [-60.37892451067031, 45.718335275183904], [-60.378784449704945, 45.71825285074311], [-60.37873430439303, 45.71819859347623], [-60.37871245984162, 45.71816701143739], [-60.37869699512801, 45.71814463089316], [-60.37864808994589, 45.71798148975764], [-60.37864832970927, 45.717973070310826], [-60.37865017211381, 45.71790952942896], [-60.37865261068149, 45.71774756711226], [-60.37865469282151, 45.71767560678053], [-60.37864345490225, 45.71758623869142], [-60.3786198435794, 45.71748669439031], [-60.37861708482129, 45.71747864714699], [-60.378607407499025, 45.717450395787594], [-60.37860122675949, 45.71743584324854], [-60.37859583387077, 45.717423127003826], [-60.378585149201065, 45.71737411416907], [-60.37858419676936, 45.71736975381058], [-60.378585713227274, 45.71736563015867], [-60.37861070897028, 45.717297454291256], [-60.378610957577784, 45.717274840441924], [-60.3786111082597, 45.71726145938832], [-60.37858665685098, 45.7172347950301], [-60.378537366862695, 45.71722516635016], [-60.37853445103921, 45.71722459534395], [-60.37838155821744, 45.71719678197184]]}, "properties": {"OBJECTID": 200256, "FEAT_CODE": "WARV50", "FEAT_DESC": "River - Single Line", "RIVNAME_1": " ", "RIVNAME_2": " ", "ZVALUE": 9999, "FID": null, "SHAPE_Length": 289.29809521119796}}, {"type": "Feature", "id": 200373, "geometry": {"type": "LineString", "coordinates": [[-60.382439490513754, 45.71015477834245], [-60.38238731386054, 45.7101715841502], [-60.382168998834935, 45.710224185190604], [-60.38201407745149, 45.71024043515775], [-60.38197553333762, 45.71024044242439], [-60.381944339108536, 45.7102473059801], [-60.38189764568792, 45.710257567539074], [-60.381820201633154, 45.71029269582377], [-60.38166407590406, 45.71041693000688], [-60.3816238763971, 45.71044438832354], [-60.38153401512919, 45.71050575766237], [-60.38146812090226, 45.71054115959742], [-60.38140393144788, 45.710567572565736], [-60.38127384664264, 45.71062940529676], [-60.381093707902004, 45.71069008973444], [-60.38092505576934, 45.71072491641318], [-60.38080994816318, 45.7107411779575], [-60.38075395303765, 45.7107505955868], [-60.380706336485076, 45.71075860322565], [-60.38060405334846, 45.710748155701], [-60.38058499491183, 45.710744685102526], [-60.38050213570498, 45.7107296155473], [-60.380360852245246, 45.710701171042864], [-60.38021998929736, 45.71066373498652], [-60.38015703710459, 45.71063618749148], [-60.38015207766261, 45.710632617295225], [-60.380055104505175, 45.71056274033703], [-60.37994076420365, 45.71050791050753], [-60.379851281326616, 45.71047074397356], [-60.37984009026671, 45.71046415942506], [-60.37977501031269, 45.71042579765994], [-60.37952149802242, 45.71026966214828], [-60.37938272636425, 45.710187267921256], [-60.379279960111326, 45.71015970616714], [-60.37926085062866, 45.710156234175], [-60.37922898880247, 45.710150444222705], [-60.37913416188571, 45.710148996539395], [-60.37911345287223, 45.71014868316879], [-60.37891955316364, 45.71017393527789], [-60.37883007995155, 45.710163780241984], [-60.37874101097489, 45.710145533492756], [-60.37860013774516, 45.71010809519351], [-60.378511089471175, 45.71006194555692], [-60.378295264725196, 45.709951677778875], [-60.378205320708226, 45.709924409489645], [-60.37808977206748, 45.709922656106954], [-60.378000712612156, 45.70993140307668], [-60.37789715616853, 45.70994793596013], [-60.37787668266369, 45.709945611543546], [-60.377807696370716, 45.70993778042908], [-60.37760302449757, 45.70986377159518], [-60.377513522818745, 45.70985451497372], [-60.37735945115582, 45.70987977916262], [-60.37723026854213, 45.70991458892819], [-60.37716558544498, 45.70993203215204], [-60.377010217191305, 45.70995726608275], [-60.37688265494752, 45.709965136603], [-60.37683761021945, 45.70995663082444], [-60.37677949878168, 45.7099456645586], [-60.37666517129647, 45.70991782580982], [-60.376575690790474, 45.7098806747552], [-60.37651147077324, 45.709853096109306], [-60.3764985813931, 45.70985370903268], [-60.37640954342845, 45.70983455206884], [-60.37639844683231, 45.70983446809387], [-60.37629395301239, 45.70983369600867], [-60.37622466787806, 45.70983801745637], [-60.3761779837077, 45.70984093204854], [-60.3760101730511, 45.70985777774655], [-60.37573968879193, 45.7099271605214], [-60.37565113964559, 45.709943109206755], [-60.37545592781768, 45.709978253399804], [-60.37543768614295, 45.70997985029186], [-60.375276608047066, 45.70999393334559], [-60.375193416828, 45.70999368598841], [-60.37518668546881, 45.70999366624873], [-60.37516373154167, 45.70999108629687], [-60.375095942779936, 45.70998347909566], [-60.37504104406836, 45.70997085760993], [-60.37493070075585, 45.70994547599332], [-60.37488931911982, 45.70992350712166], [-60.37487930271157, 45.709918191235325], [-60.374752964597754, 45.709845078271115], [-60.37470311578167, 45.70982367072303], [-60.37468871989565, 45.7098174980298], [-60.37465959506403, 45.70980129253932], [-60.3745234522623, 45.70972548757987], [-60.374498054006004, 45.70971338220259], [-60.37448575072694, 45.70970751863544], [-60.3744292576108, 45.70967244762924], [-60.37438336401466, 45.70964395707881], [-60.37434122728723, 45.70960712794662], [-60.37425748394896, 45.70953394988007], [-60.374235116131274, 45.7095180436967], [-60.37423261698036, 45.70951626702344], [-60.37420384974316, 45.70949545211226], [-60.37419409530776, 45.70948838698983], [-60.37415970788003, 45.70946769483779], [-60.37411787285738, 45.709442528892424], [-60.374116145400734, 45.709441283023835], [-60.37405448485464, 45.70939695693742], [-60.374039614651274, 45.70939186237672], [-60.37402918299942, 45.7093882830639], [-60.373957134175775, 45.70935892072668], [-60.373914459159955, 45.70934153927709], [-60.373825795329296, 45.70928729388787], [-60.37364894818912, 45.70916801272016], [-60.37357268448502, 45.70912305340915], [-60.37353460439624, 45.709113176365456], [-60.37339375033203, 45.709075732062374], [-60.37323519787011, 45.709045297241126], [-60.373047410152125, 45.70900925696543], [-60.37296983360327, 45.70900492469033], [-60.372855185374355, 45.7089985331864], [-60.372419018265575, 45.708984886442224], [-60.37198363891456, 45.70895417220864], [-60.371765319900895, 45.7089248438847], [-60.371758708035216, 45.708924196621226], [-60.37156068329124, 45.708904840170256], [-60.3714442467082, 45.70889494968022], [-60.37132956232204, 45.70890221037086], [-60.37123879810298, 45.708919922839286], [-60.371070627402084, 45.70897185699263], [-60.37101279664365, 45.70897686207296], [-60.37098032699637, 45.708979678802926], [-60.37092886638987, 45.708979528920416], [-60.370890406217754, 45.70897940835729], [-60.3707757166199, 45.70895966528272], [-60.37072517025008, 45.708941399287745], [-60.370690303043965, 45.708933431493726], [-60.370685765265456, 45.708932390883085], [-60.3705979961541, 45.70888626450833], [-60.37053374980312, 45.70883167879185], [-60.370515387659665, 45.708810931566234], [-60.37050934800618, 45.7088041137016], [-60.37050976989692, 45.70879512238858], [-60.370494696853314, 45.708763694681], [-60.370484024876454, 45.70874142337034], [-60.370485694337575, 45.70867846361286], [-60.370514425646235, 45.70858007800018], [-60.37054079781752, 45.70848980198009], [-60.37054206346016, 45.708462828038805], [-60.370545964277234, 45.70844047831026], [-60.370556127283415, 45.708382142670054], [-60.37042937650381, 45.70831801641574], [-60.37030178218518, 45.70827187265114], [-60.37023714058509, 45.7082407883495], [-60.370148503356795, 45.70819813402664], [-60.37009795745794, 45.70817987676259], [-60.37002134899051, 45.70817000214207], [-60.3699215562637, 45.70819669563809], [-60.369891228061036, 45.70820480898978], [-60.36980136360277, 45.70820363887823], [-60.36972558634557, 45.70817578114678], [-60.36962263041605, 45.708133552623636], [-60.3695465988253, 45.7081023585318], [-60.369420562920794, 45.70804083091791], [-60.36935694835358, 45.70800977878013], [-60.36926699924436, 45.707982503306916], [-60.36922215527094, 45.70798182103606], [-60.36915146812428, 45.70798074126434], [-60.36908209777588, 45.70799676674852], [-60.36907353832964, 45.70799874775564], [-60.36906301459022, 45.70800015243623], [-60.36901018970505, 45.70800718907515], [-60.368970405759896, 45.708006272270396], [-60.36894642721773, 45.70796971556407], [-60.3689339566549, 45.70793432415857], [-60.36892150718879, 45.70792229091331], [-60.36889586131024, 45.70789744211735], [-60.36883249586708, 45.70787887985721], [-60.36878154180821, 45.707869604631654], [-60.36874821693144, 45.7078693046611], [-60.36858891271772, 45.70786786536628], [-60.368473791678014, 45.70785710205603], [-60.36838021455807, 45.70783624100393], [-60.368307234789384, 45.70781996812909], [-60.36812871524834, 45.70773664393293], [-60.36808375681086, 45.7077184335672], [-60.36803920189495, 45.70770038550355], [-60.36793691477562, 45.70768991750937], [-60.36783409207652, 45.70768921219599], [-60.36776994002728, 45.707688777288794], [-60.367705321502356, 45.70769717960451], [-60.36769248805585, 45.707696883717524], [-60.367655371944586, 45.70772204994532], [-60.367614181624724, 45.707749984551384], [-60.367568572322924, 45.70778994164323], [-60.36752308352516, 45.70782979348282], [-60.36748497948919, 45.707847817059985], [-60.36748188769362, 45.707848816892664], [-60.3674588901661, 45.707856216526054], [-60.367407936382534, 45.707846940692654], [-60.36736979988422, 45.70781095729414], [-60.36735841329842, 45.70780091961228], [-60.36730688353076, 45.70775550031145], [-60.36725506849555, 45.707737212519014], [-60.367204115279584, 45.7077279276063], [-60.36711381648377, 45.70773574639117], [-60.36706244367311, 45.707762464866285], [-60.3670235075066, 45.70779847116242], [-60.36689095400315, 45.70796733385777], [-60.366863993750506, 45.70802160936023], [-60.36682341231766, 45.70811969375835], [-60.36678059265388, 45.7081489316376], [-60.36675837334267, 45.70816409896617], [-60.366682203527354, 45.70817224328183], [-60.36662439189428, 45.70818559953437], [-60.36660425991185, 45.708190247767256], [-60.366591877646016, 45.70819647890979], [-60.36655294152715, 45.70821606716408], [-60.36653999214197, 45.70825541801523], [-60.36653795312642, 45.70826162669971], [-60.36653986825922, 45.708276918620925], [-60.366549157639994, 45.708350995350415], [-60.36658476107975, 45.708495833067154], [-60.36657152075263, 45.70853153179219], [-60.36654914885011, 45.708554589463695], [-60.36654586929667, 45.708557943210174], [-60.366529102217555, 45.70856644047647], [-60.36649322534751, 45.708584623105736], [-60.36644238891965, 45.708602091611404], [-60.36639006449508, 45.70862005683104], [-60.36628781234024, 45.70867797799742], [-60.366234317253834, 45.7087082745553], [-60.366175179383994, 45.70873589362166], [-60.366026770353585, 45.70880518916301], [-60.36585861054853, 45.70888412797806], [-60.36577410600578, 45.70891704824626], [-60.3657669995187, 45.708919818615534], [-60.365752778010375, 45.7089239009889], [-60.36567713668037, 45.70894564838309], [-60.36549241590897, 45.70895188125599], [-60.36547124781287, 45.70895259893298], [-60.36546091424511, 45.7089548717684], [-60.36539337068706, 45.70896970402152], [-60.3652769395988, 45.709013822542296], [-60.36518707639906, 45.70903965191533], [-60.3650835187777, 45.709056164136776], [-60.36498118758714, 45.709046592580876], [-60.36485403374414, 45.70901846394918], [-60.364622870255346, 45.70896182239154], [-60.3645409796056, 45.70894187602302], [-60.36450855092007, 45.70893398062944], [-60.36439337354611, 45.70892411200496], [-60.364377991170024, 45.70892391892198], [-60.36421362969123, 45.70892177170304], [-60.363970873608956, 45.70892805742557], [-60.36395636379452, 45.7089284334948], [-60.36394632065919, 45.70892835462871], [-60.363827942314934, 45.70892726854045], [-60.36372146767843, 45.7089112904591], [-60.36370036723872, 45.70890811192322], [-60.36347006539498, 45.70886049795372], [-60.363340783779954, 45.7088503115565], [-60.363299943144625, 45.708857370286886], [-60.36329025429866, 45.70885904574508], [-60.36312249871203, 45.70887497364671], [-60.363007333753266, 45.70886512191038], [-60.362917019064184, 45.70884592491186], [-60.36289616241155, 45.708838386357996], [-60.362815957664374, 45.70880938664893], [-60.36266311084893, 45.70872664690544], [-60.36260526175006, 45.70869326690136], [-60.362472990873606, 45.70861694289595], [-60.362321414696304, 45.708507228950594], [-60.362274183363326, 45.708482744070906], [-60.36223237005435, 45.70846106665629], [-60.36219967587982, 45.70845309246277], [-60.36215488943997, 45.70844217456893], [-60.36209525746026, 45.708428123331544], [-60.3620786499117, 45.708424211207536], [-60.36193697333171, 45.7084317298899], [-60.36190191372719, 45.708446167529175], [-60.36187277635315, 45.708458158706776], [-60.36174230893168, 45.70855505537065], [-60.36160418638492, 45.70863225174241], [-60.3615984860668, 45.70863544139216], [-60.361507788615356, 45.708706253745795], [-60.36146577037224, 45.70876560759989], [-60.36138805015385, 45.708875406200114], [-60.36129562947833, 45.70901008587813], [-60.36129002174495, 45.709013763707844], [-60.361282372424256, 45.709018780510554], [-60.361216494568346, 45.70910816832383], [-60.361177159873236, 45.70915226433852], [-60.36108472537801, 45.70928694352203], [-60.3610663719133, 45.70930864383385], [-60.36103168035313, 45.709349624750054], [-60.36101088349113, 45.70936373471252], [-60.360993205021565, 45.70937573850253], [-60.36096795733325, 45.70937550594705], [-60.360928980616215, 45.70937516306034], [-60.36089128429712, 45.70935718073428], [-60.36081463726313, 45.709293292853296], [-60.36072601573763, 45.70923814713863], [-60.360680980864785, 45.709221858309945], [-60.36067548543088, 45.70921987705705], [-60.3606241505426, 45.70921869031145], [-60.36061507563013, 45.70921987567754], [-60.36055951609528, 45.70922709721148], [-60.360508151725256, 45.70925381292782], [-60.36044309371112, 45.70927121100031], [-60.360389259133385, 45.709270722443925], [-60.36037888270235, 45.70927062655681], [-60.36035169476783, 45.70925894469997], [-60.36031465892003, 45.70924303868908], [-60.36027699170009, 45.709227172074335], [-60.3602264746855, 45.70920589575654], [-60.36017466078567, 45.70918760477521], [-60.360087287658374, 45.709190247044035], [-60.35995593750477, 45.70919423960929], [-60.359841620229666, 45.709166393214275], [-60.35980514595306, 45.709147025625654], [-60.35979024337113, 45.70913910213229], [-60.35976398082013, 45.70911241881362], [-60.359727701703385, 45.70907554870744], [-60.359702869113185, 45.709029969274596], [-60.35965526738443, 45.70886774996349], [-60.35965902975437, 45.70867882431066], [-60.3596554735974, 45.70866213516583], [-60.359647455013054, 45.708624541436016], [-60.359632212237415, 45.70859657375689], [-60.35962262267237, 45.70857896198832], [-60.35959619052986, 45.70854743215128], [-60.35958491487634, 45.70853397586613], [-60.35958318693261, 45.70853274776763], [-60.359521526372305, 45.708488413802066], [-60.35949248608062, 45.70847815606604], [-60.35946972620364, 45.70847012281515], [-60.35935586428482, 45.7084323763236], [-60.35927797391508, 45.70842247383486], [-60.35900914788953, 45.708401853981805], [-60.35885544231498, 45.708391997618286], [-60.35856051387215, 45.70835277079966], [-60.358473414950176, 45.70835152972873], [-60.35845781673703, 45.708351285847876], [-60.35841996247366, 45.708354946529056], [-60.35836746038229, 45.708360005479925], [-60.358355120181976, 45.70835987297223], [-60.35822620710381, 45.708358537314524], [-60.35808536488325, 45.70834807745365], [-60.35797245358274, 45.708332431108815], [-60.357944972288415, 45.70832862679125], [-60.3578674934318, 45.70830973182884], [-60.357832466728475, 45.708309281271674], [-60.3577788995728, 45.70830859064668], [-60.3577480653742, 45.708313772725326], [-60.35772709973628, 45.708317283970025], [-60.3576901810963, 45.708332163346896], [-60.35766163091998, 45.70834367198253], [-60.35747424643339, 45.708410776206144], [-60.35744207246174, 45.70842229992319], [-60.357352164488404, 45.70844902219286], [-60.35724818196469, 45.70847451849756], [-60.35720551520993, 45.708486780377406], [-60.35715830338999, 45.70850034119162], [-60.357075823334945, 45.70854090775545], [-60.35701495364074, 45.70857083125511], [-60.35700233815259, 45.70857953124198], [-60.35693660616236, 45.70862483291541], [-60.35689728008671, 45.708695921754966], [-60.356855377715746, 45.70884886932943], [-60.35684881306749, 45.70886574730355], [-60.35682758836311, 45.70892023423027], [-60.356762575736546, 45.70901864054187], [-60.35675888298735, 45.709021480383264], [-60.35667058833773, 45.70908941918646], [-60.35662588664809, 45.709112668999815], [-60.35661922232094, 45.709116133115074], [-60.35654175383566, 45.709124240589894], [-60.35646470947773, 45.70912335680077], [-60.356378776488626, 45.709111537912136], [-60.35632301940562, 45.70910387410237], [-60.35627921321847, 45.709095883932456], [-60.35622111373996, 45.70908531250505], [-60.35609311665938, 45.709075147634415], [-60.35607256764231, 45.70906982020855], [-60.35605503994683, 45.70906526482737], [-60.356029754463314, 45.70905657833396], [-60.35600365226653, 45.70903797178596], [-60.35598139175249, 45.70900574562857], [-60.3559663709391, 45.70898400231241], [-60.3559278594127, 45.70895610732884], [-60.35590257399868, 45.708947420808634], [-60.35581310993916, 45.70891024481736], [-60.3557639772127, 45.70886511884117], [-60.355712085625676, 45.70884578891101], [-60.355635889816675, 45.708826931151144], [-60.35555676597098, 45.70881267705568], [-60.35553270154845, 45.708808339229726], [-60.35537988267351, 45.708800100903794], [-60.355327648567226, 45.70879728875959]]}, "properties": {"OBJECTID": 200373, "FEAT_CODE": "WARV50", "FEAT_DESC": "River - Single Line", "RIVNAME_1": " ", "RIVNAME_2": " ", "ZVALUE": 9999, "FID": null, "SHAPE_Length": 2600.529993412697}}, {"type": "Feature", "id": 200374, "geometry": {"type": "LineString", "coordinates": [[-60.39113779705245, 45.70484974054021], [-60.391214403677374, 45.70483258884164], [-60.39125443638482, 45.704819011911255], [-60.391266614668965, 45.704814879671666], [-60.3914142720091, 45.704761933987776], [-60.39148610134684, 45.704736184982835], [-60.391516588535254, 45.704724271085645], [-60.39166666999236, 45.7046656017967], [-60.39174562649689, 45.70462472270151], [-60.39183648348439, 45.70457767067174], [-60.39191055831798, 45.70453485273435], [-60.391914373737876, 45.70453264462936], [-60.39213423574974, 45.70441795314025], [-60.39220012855117, 45.70438255399423], [-60.39235456918258, 45.704321274056504], [-60.39247261780371, 45.7042411607055], [-60.39261500219206, 45.70417116209716], [-60.39270533610226, 45.70412676173325], [-60.39292481814374, 45.70404806416651], [-60.39317087220959, 45.703978073816984], [-60.393287217302856, 45.70393482495544], [-60.393364256375406, 45.70390778055069], [-60.39339795037562, 45.703899818809084], [-60.393544819998496, 45.703865097471656], [-60.394113056080215, 45.70371785012865], [-60.39424801092336, 45.703679372538616], [-60.394267981936906, 45.70367368063348], [-60.394488325421776, 45.70360400074905], [-60.39461754333928, 45.70356014419709], [-60.39470777355572, 45.703498295879115], [-60.39514880322043, 45.70329593457643], [-60.39522958829765, 45.70327144966075], [-60.39526478221255, 45.70326077627245], [-60.395523274854746, 45.703227068751055], [-60.39581936978695, 45.703158214205494], [-60.3960389041157, 45.703133518029446], [-60.39605806221687, 45.70313066059753], [-60.39615403402386, 45.70311634152039], [-60.39629693002162, 45.70305480194858], [-60.396426783667984, 45.7030068803759], [-60.396439383231645, 45.70300223513058], [-60.39646009114873, 45.70299228415533], [-60.39656815030048, 45.702940364021245], [-60.396659243056085, 45.70288753485787], [-60.39694661678378, 45.702674462000346], [-60.39706296750749, 45.7026033062107], [-60.39709358442175, 45.70258937754745], [-60.39717976572933, 45.70255017157062], [-60.39731382775785, 45.702520301987484], [-60.39745105628015, 45.70248973933948], [-60.39753762077573, 45.702472153307006], [-60.39761834962243, 45.702455748344235], [-60.397902054004845, 45.70240460802966], [-60.398327416615814, 45.70234589388067], [-60.39852083314627, 45.70230259570194], [-60.398622698039496, 45.702294115480306], [-60.398841823548395, 45.70227840562752], [-60.3992867023776, 45.70226582177825], [-60.399317753523015, 45.70226494490592], [-60.39932945063067, 45.702265067333904], [-60.39945899477111, 45.70226636190624], [-60.39952589927381, 45.70225551838328], [-60.3995612477496, 45.70224978875632], [-60.39963081160517, 45.70225029303796], [-60.39967682392232, 45.70225062092126], [-60.399792817203995, 45.70224246143568], [-60.39980665283534, 45.70224605291109], [-60.39983091052558, 45.70225233002044], [-60.39989468593034, 45.70226269345994], [-60.39994694865378, 45.70227117449784], [-60.39998194817202, 45.70227490588013], [-60.400000611106236, 45.70227689706726], [-60.400036375387174, 45.70228131192498], [-60.40013870206772, 45.70229084293072], [-60.40015653355853, 45.70229109596185], [-60.40024140411331, 45.702292281462455], [-60.40030123911027, 45.70228346375842], [-60.4003578144349, 45.70227512986567], [-60.40060301810167, 45.70222310618069], [-60.40066212986607, 45.70221159851445], [-60.400731352714324, 45.70219812475819], [-60.40082209766329, 45.70218038837858], [-60.400899522347366, 45.702158748280645], [-60.40097697263863, 45.70213710871305], [-60.40103072850549, 45.70211671192715], [-60.4010933498622, 45.70209295251367], [-60.40120965257993, 45.7020226915042], [-60.40138525197831, 45.70189008870913], [-60.40145725711222, 45.70183570513614], [-60.401480711393404, 45.70181719276623], [-60.40153592796306, 45.70177358831943]]}, "properties": {"OBJECTID": 200374, "FEAT_CODE": "WARV50", "FEAT_DESC": "River - Single Line", "RIVNAME_1": " ", "RIVNAME_2": " ", "ZVALUE": 9999, "FID": null, "SHAPE_Length": 906.2687380652998}}, {"type": "Feature", "id": 200488, "geometry": {"type": "LineString", "coordinates": [[-60.393560528959675, 45.714825104133496], [-60.39355442158264, 45.714815801672], [-60.39354852976717, 45.71480683716889], [-60.39353689235208, 45.71472555333256], [-60.393500350033015, 45.714599604942165], [-60.39349417184388, 45.71457635828296], [-60.3934642808238, 45.71446376621823], [-60.39345384337753, 45.71435641581114], [-60.393446868073596, 45.714323789890976], [-60.393442221551744, 45.714302144373136], [-60.393424983237246, 45.71426364950877], [-60.39341779020673, 45.714247580490394], [-60.39341162562543, 45.71422984275972], [-60.393392856904605, 45.714175912207075], [-60.39339453052186, 45.714139937339496], [-60.39339579862691, 45.71408506007471], [-60.39339302332294, 45.71405964984363], [-60.39338409067096, 45.71397768064908], [-60.39337372387367, 45.713896434796105], [-60.39338737980884, 45.71385174147166], [-60.39341548707008, 45.71368946471794], [-60.39342885273945, 45.71363498965316], [-60.39344402791555, 45.71357310305317], [-60.39344567238854, 45.713510133458215], [-60.39344933510167, 45.7133211956598], [-60.393450082717294, 45.713251265800864], [-60.39345010149295, 45.71324920499591], [-60.39345013574485, 45.71324681150652], [-60.39345129898927, 45.7131682231532], [-60.39348064688275, 45.71300688379512], [-60.39347108532164, 45.7128536391577], [-60.39347132153343, 45.71283033190695], [-60.39347146165184, 45.712817652667724], [-60.393471851651945, 45.71278164848762], [-60.39347690811274, 45.7127748691434], [-60.39352529513922, 45.712709969309905], [-60.393577902827055, 45.71265625506593], [-60.393630438985866, 45.712576454205895], [-60.393646924169786, 45.71255406695262], [-60.39367021120816, 45.712522455906104], [-60.3936733458528, 45.712518873049284], [-60.393709565545805, 45.71247744007281], [-60.393723729502234, 45.71239667320319], [-60.39363487022178, 45.71217485779054]]}, "properties": {"OBJECTID": 200488, "FEAT_CODE": "WARV50", "FEAT_DESC": "River - Single Line", "RIVNAME_1": " ", "RIVNAME_2": " ", "ZVALUE": 9999, "FID": null, "SHAPE_Length": 302.50864193131275}}, {"type": "Feature", "id": 200491, "geometry": {"type": "LineString", "coordinates": [[-60.38777895685035, 45.72137352382807], [-60.38780464325496, 45.72137411151706], [-60.3878958166476, 45.72132039119328], [-60.38793472040829, 45.72128527720122], [-60.38809335357082, 45.721080082863395], [-60.3882126110863, 45.72086498655009], [-60.38827888042861, 45.720766591260585], [-60.38830038894234, 45.72075893735294], [-60.38830501528145, 45.72075727898178], [-60.388331526574426, 45.72073989239948], [-60.388335107083286, 45.72073503274697], [-60.388357593012515, 45.72070448461093], [-60.388396943923176, 45.72063247653925], [-60.388438323076144, 45.72051640988885], [-60.388478892324315, 45.720390423583275], [-60.38849254111666, 45.7203457307162], [-60.388519471743514, 45.72031934366791], [-60.388558390155175, 45.720256326656774], [-60.388566431640236, 45.720213935799144], [-60.38857370265462, 45.72017566778369], [-60.38857531361514, 45.720058691469994], [-60.38857616599885, 45.72001063655869], [-60.38857774961545, 45.719923741000976], [-60.388617532582444, 45.71986973575275], [-60.38867057062773, 45.71980704164568], [-60.388761672420216, 45.71972721604683], [-60.38880266110024, 45.719685380674974], [-60.38881429063135, 45.71967352228388], [-60.38888090870942, 45.71954002165488], [-60.38893515069375, 45.71939634583822], [-60.38895704343431, 45.71929469401057], [-60.38897778693592, 45.719198398501426], [-60.38899266740472, 45.719141600368864], [-60.3890059211921, 45.71909102973916], [-60.38901350745378, 45.71908072604771], [-60.38904570270655, 45.719037033304176], [-60.389085010338995, 45.71899292713325], [-60.38912441194738, 45.71897492603731], [-60.38916896665039, 45.71896905011776], [-60.389252412689736, 45.71895805082383], [-60.38926778059682, 45.71895310063789], [-60.38927850421124, 45.71894964643217], [-60.38932986494956, 45.71892290871207], [-60.38936918469568, 45.71887881172081], [-60.38942263993184, 45.718807125782675], [-60.389449584636324, 45.71875283568918], [-60.38947060871137, 45.71870481893754], [-60.38947690638124, 45.71869045329729], [-60.38947710779358, 45.71865607402904], [-60.389477272100294, 45.71862745456123], [-60.38946704349631, 45.718558794978044], [-60.38946650426722, 45.71855520024507], [-60.38946618759224, 45.71855427490093], [-60.38944157480547, 45.71848352222416], [-60.38939853261656, 45.71838911652993], [-60.3893797864628, 45.71834799430484], [-60.38935492568017, 45.71830242077513], [-60.389345522494516, 45.71827754298421], [-60.389330902958754, 45.71823886437362], [-60.38932167619693, 45.71818759063871], [-60.38931967445479, 45.71817650062182], [-60.38932001688958, 45.71817273702682], [-60.38933539199624, 45.71800494063707], [-60.38934986461512, 45.717942264461584], [-60.38934590044852, 45.71786050760873], [-60.38934069328575, 45.71775303343531], [-60.38933575743704, 45.71766124523252], [-60.38933106108888, 45.71757369298199]]}, "properties": {"OBJECTID": 200491, "FEAT_CODE": "WARV50", "FEAT_DESC": "River - Single Line", "RIVNAME_1": " ", "RIVNAME_2": " ", "ZVALUE": 9999, "FID": null, "SHAPE_Length": 467.0556183212869}}, {"type": "Feature", "id": 274091, "geometry": {"type": "LineString", "coordinates": [[-60.41857036002125, 45.72016654431768], [-60.41857024076072, 45.72016662263033], [-60.41856422472926, 45.72017057306813], [-60.418557096012705, 45.72017524543187], [-60.418479632117695, 45.72018339508751], [-60.41842869832582, 45.72020114556487], [-60.418404793658844, 45.72020093809836], [-60.418364472754085, 45.72020059346229], [-60.41825260020707, 45.72021088126171], [-60.41818380405716, 45.72021721048771], [-60.4181638831109, 45.720223969823266], [-60.41813158646288, 45.72023493180196], [-60.41807010178833, 45.72027695327042], [-60.41806655955432, 45.72027936644576], [-60.41804089870868, 45.7202787861517], [-60.41796542976357, 45.72028546840294], [-60.417951868615354, 45.72028667388918], [-60.417924579696994, 45.72028266337063], [-60.41788677373826, 45.72027710085139], [-60.41778293722884, 45.72023961256295], [-60.417759111179855, 45.72023100879952], [-60.41773185090357, 45.72021689975259], [-60.41767000073264, 45.720184888456814], [-60.41752445022786, 45.72011317073939], [-60.417428757007436, 45.72006601921473], [-60.417319638927154, 45.72001517055412], [-60.41725012278311, 45.719982769597124], [-60.41723309656484, 45.71997663280125], [-60.41719956339931, 45.71996452396567], [-60.41715290962868, 45.71995605174826], [-60.417148576638546, 45.71995526965116], [-60.4171399946365, 45.7199552285265], [-60.41704581291468, 45.7199547360912], [-60.41691618142406, 45.71996837424063], [-60.4168908592793, 45.71997104171307], [-60.41682640350284, 45.72000307618401], [-60.4167488222582, 45.720041636413434], [-60.41673271259417, 45.72004683454675], [-60.41672273406772, 45.72005004716122], [-60.416697019052705, 45.72005036543972], [-60.41667553562634, 45.720057287185206], [-60.41667091801406, 45.72005877588496], [-60.41663243335812, 45.720057905119994], [-60.41659365630728, 45.72005780181273], [-60.416542480158185, 45.7200576699637], [-60.41653795104901, 45.72005445313373], [-60.41649146663619, 45.72002141172725], [-60.41639038982706, 45.719984020617495], [-60.416325295605525, 45.71997444670204], [-60.41622417752501, 45.719937954611325], [-60.41621047183023, 45.71992864344232], [-60.4161168839776, 45.719905526144515], [-60.41605800698015, 45.71989098920651], [-60.416036441249844, 45.719890780170886], [-60.4158524948564, 45.71988903827604], [-60.41572280020416, 45.71991490600913], [-60.415645323921034, 45.7199230444582], [-60.41551609552826, 45.71996693352676], [-60.41547757246021, 45.71996606150242], [-60.415233508417124, 45.719964136866906], [-60.414925260727934, 45.719960758517296], [-60.414818947551616, 45.719960007570535], [-60.41480964711605, 45.71995994100242], [-60.41477151078573, 45.71995096758803], [-60.414656729479574, 45.719904272623914], [-60.41460698818541, 45.71986804235017], [-60.414543567245346, 45.71982250127454], [-60.414275828569124, 45.71972102738793], [-60.414199558567, 45.719675195124374], [-60.4141605663398, 45.719657210113354], [-60.41401964386711, 45.71961981456116], [-60.413923942205166, 45.719605495575834], [-60.413892024547266, 45.71960072217544], [-60.41388249519164, 45.71960060534144], [-60.413725065171526, 45.71959874054103], [-60.413629086784134, 45.71961491045685], [-60.41362145874882, 45.71961619582354], [-60.41360137337941, 45.71962066438209], [-60.41339035092317, 45.7196676666866], [-60.413299660975085, 45.719711508221266], [-60.41320846202293, 45.71973826323836], [-60.41310535036471, 45.71977282217678], [-60.41306599403825, 45.71979083257579], [-60.4129110650138, 45.719834136373436], [-60.41287993443532, 45.71984264801088], [-60.41284729361322, 45.71985158446968], [-60.412755734147254, 45.71988641386103], [-60.41258843424016, 45.71994742990539], [-60.4123937704851, 45.72004472967717], [-60.41232407514358, 45.720085814885266], [-60.41230260902738, 45.72009846984194], [-60.41221067061603, 45.720169303240276], [-60.41211918529421, 45.72025813984887], [-60.412079878064354, 45.72033014806676], [-60.41206577114878, 45.72036486023606], [-60.412065379692486, 45.72036582347197], [-60.41206118478544, 45.72037262316005], [-60.41202648688433, 45.7204288580582], [-60.411996549669475, 45.720468548992095], [-60.41197310043489, 45.720499647004694], [-60.41194567949191, 45.72053716271209], [-60.41188120744813, 45.720625378309876], [-60.411802092076265, 45.72069649304746], [-60.41175364973915, 45.720720894761456], [-60.41175078191931, 45.72072233291842], [-60.411647588749034, 45.72073078576717], [-60.41157052551046, 45.720729947806745], [-60.4115514714033, 45.72071903865979], [-60.41150667784224, 45.72069339637915], [-60.41138544560688, 45.72064339252011], [-60.41132887748541, 45.72062005749853], [-60.411282658285025, 45.72060024246191], [-60.41126461457608, 45.72059249752755], [-60.41122532625179, 45.720563964621064], [-60.41117635305626, 45.72052838933966], [-60.411163918933084, 45.720519106396075], [-60.41111771271258, 45.7204992915865], [-60.41109965622269, 45.72049154633605], [-60.41097286721254, 45.7204544674978], [-60.41093303154575, 45.72045446427461], [-60.410870131182804, 45.72045303790122], [-60.410740811916355, 45.72044290445007], [-60.41068561642547, 45.72044242679331], [-60.410612360753824, 45.72044179154818], [-60.41058306421238, 45.720441469159184], [-60.41053528553785, 45.72044094361495], [-60.410266769727684, 45.720384447734666], [-60.41024720053754, 45.72037773915741], [-60.41024147027444, 45.720375772975174], [-60.410207193101726, 45.720375337516266], [-60.41015157121957, 45.72037463390497], [-60.41012371454008, 45.72036957352434], [-60.410100598228475, 45.72036537675095], [-60.41001983316475, 45.72036457078368], [-60.40995929767263, 45.72036397164015], [-60.40979193349182, 45.720370976074506], [-60.40973105140752, 45.720370368946874], [-60.40965064578319, 45.7203695708727], [-60.40952223113198, 45.7203954605959], [-60.40950203692555, 45.720400880070024], [-60.40939211686434, 45.72043031261863], [-60.409303085608066, 45.720438193578154], [-60.40923886008067, 45.7204376363367], [-60.409122829952906, 45.72044580461378], [-60.40908430675034, 45.72044493042672], [-60.40891610485358, 45.72049781970831], [-60.40868328982748, 45.72055824329805], [-60.408533975922566, 45.720566159613654], [-60.408528707364624, 45.72056643607494], [-60.408490196934075, 45.720565561977146], [-60.408375414435, 45.720546754787506], [-60.408317487975296, 45.72051892293725], [-60.40829873233929, 45.720509910232515], [-60.408229902931524, 45.72050914890566], [-60.408144607605834, 45.72050821176964], [-60.40802978980895, 45.72046240040495], [-60.40792868269836, 45.7203979980777], [-60.407865218049366, 45.720325458268285], [-60.40781589740921, 45.720280224570296], [-60.40778168385737, 45.720267863489944], [-60.40773881280464, 45.720252371506916], [-60.4076107779795, 45.720242272668], [-60.40750758523707, 45.72025072177998], [-60.4074969810889, 45.72025494549698], [-60.40744343686797, 45.72027626820461], [-60.40734389522342, 45.72032743785285], [-60.40733944653973, 45.72032971309874], [-60.40733114289428, 45.72034364712239], [-60.40731297552391, 45.72037412603781], [-60.40728560900394, 45.72041039972517], [-60.40726079015288, 45.720418837134105], [-60.40723427144687, 45.72043623694451], [-60.407230011046494, 45.72043722031656], [-60.40719531618671, 45.720445253417196], [-60.407117837766116, 45.72045339502608], [-60.40700225865059, 45.72047957340541], [-60.406808403365254, 45.720558879990946], [-60.40678632647931, 45.72056221299481], [-60.40675663995211, 45.720566705305636], [-60.4066662828921, 45.7205754541946], [-60.40658052300738, 45.720577610684686], [-60.40642184265429, 45.72058160306369], [-60.40634476743417, 45.72058075229791], [-60.40629380779799, 45.72057149374527], [-60.40622118414791, 45.72053389389309], [-60.4062047066585, 45.72052536464635], [-60.406077852260104, 45.72043426382228], [-60.40593775716718, 45.72035188103539], [-60.405912445604606, 45.720343205039455], [-60.4059000252558, 45.720333921833564], [-60.40587570167046, 45.720322225935796], [-60.405823332310604, 45.72029707536415], [-60.40580664114702, 45.72028261854053], [-60.40576033466324, 45.72024253800728], [-60.40571704360175, 45.720175360926056], [-60.40566082749408, 45.72008815992412], [-60.40564298236225, 45.72005616989143], [-60.40563591095343, 45.7200434888046], [-60.40562104859439, 45.71998094511113], [-60.40561225097778, 45.7199439400742], [-60.40560663197456, 45.7199337492641], [-60.40556247261127, 45.71985369894845], [-60.40551148810291, 45.71984443947917], [-60.40543442677444, 45.71984358841249], [-60.40534369590632, 45.719860428667296], [-60.40518917808588, 45.719894721313224], [-60.40507437691015, 45.71984890734232], [-60.4050615402992, 45.719848615593236], [-60.40489533844084, 45.71980253329899], [-60.40484520002882, 45.719775290742994], [-60.4048205265354, 45.7197486899939], [-60.404769320101146, 45.719693465990915], [-60.40476306955841, 45.719593727735976], [-60.40475971402325, 45.71954023046719], [-60.404747226493775, 45.71947693054456], [-60.404734793692995, 45.719467646927164], [-60.40471445409467, 45.71945789554694], [-60.40462041034497, 45.719412840982265], [-60.40446955405023, 45.71928519769841], [-60.404365413488016, 45.719210408075924], [-60.40427928042435, 45.71914855716302], [-60.40418557845535, 45.71911472526668], [-60.40415163226876, 45.71910245018127], [-60.4041433266262, 45.71909811187833], [-60.4040111142716, 45.71902904739999], [-60.40388390404655, 45.719000952096664], [-60.40381941916399, 45.718994382228956], [-60.40378160068476, 45.718990524936906], [-60.40345830119959, 45.71896048136058], [-60.403242938881384, 45.71894047068358], [-60.40321085183616, 45.7189404879779], [-60.40320438804946, 45.71894049398127], [-60.40319379087263, 45.718937912692965], [-60.403126878046265, 45.71892162912623], [-60.403094929679035, 45.71891227948937], [-60.40306342559405, 45.71890304796113], [-60.4030373653678, 45.71888448918683], [-60.4030223267794, 45.71885076237111], [-60.40300128238689, 45.71880355944613], [-60.40298966337029, 45.718749289089935], [-60.402976377057804, 45.71873098485371], [-60.40292540687828, 45.718721724550996], [-60.402861183123676, 45.71872117275617], [-60.40282739531575, 45.7187207372082], [-60.402771287547, 45.71872001894194], [-60.40274555994932, 45.71872034278831], [-60.40266848054742, 45.71869247740335], [-60.402502729959465, 45.71863650076125], [-60.40245259377663, 45.71860925719704], [-60.402389184398984, 45.71856370960376], [-60.402389601320074, 45.71855471807742], [-60.40236389589199, 45.71852713020408], [-60.40236887486161, 45.718513696960734], [-60.402377116234646, 45.718491426939956], [-60.40243012494852, 45.71842872577133], [-60.40244378780571, 45.71838403155465], [-60.402440552401536, 45.71836900726503], [-60.40243215656472, 45.71832976085967], [-60.40239479116712, 45.718248801743094], [-60.402381704057525, 45.71822482232934], [-60.402369919708654, 45.7182032308191], [-60.40233176363493, 45.71815872579342], [-60.402307748793966, 45.71813070831711], [-60.40228587494947, 45.71810723105353], [-60.40228205642858, 45.71810312072064], [-60.402267942459254, 45.718085769678005], [-60.402156860120236, 45.717949082131554], [-60.4021306006756, 45.717930401600654], [-60.40210582079876, 45.71791278984609], [-60.40207038451979, 45.71790634889258], [-60.40205486435515, 45.71790352946472], [-60.402024939899576, 45.717903199588456], [-60.40197780585166, 45.717902676122996], [-60.40182410586075, 45.7178919777603], [-60.40180452576751, 45.71788526748157], [-60.40179880890684, 45.717883301178745], [-60.401735012305664, 45.717845854316295], [-60.40166885212393, 45.717830280095605], [-60.401658746665795, 45.717827907876625], [-60.40162023832609, 45.71782703150363], [-60.40158127124406, 45.71783604579158], [-60.401554752090135, 45.717853444277765], [-60.401542147913204, 45.717861726386076], [-60.40154151176119, 45.7178621439566], [-60.40148906110898, 45.71787401969802], [-60.40142593568968, 45.71788831675926], [-60.40133604111153, 45.71788717083559], [-60.40132544298097, 45.7178821230737], [-60.40129832520482, 45.717869210465665], [-60.4012850396499, 45.71785090604652], [-60.401222036343086, 45.717796366026974], [-60.40119686735187, 45.71778437985143], [-60.40118432053445, 45.71777840562124], [-60.40116525839176, 45.717783246320835], [-60.40111930582311, 45.71779492776409], [-60.40109250883375, 45.717805848090364], [-60.400989642203214, 45.717847782494275], [-60.400962819859224, 45.717853985682076], [-60.40095067501461, 45.717856796564384], [-60.400772063711045, 45.71780142473402], [-60.40076222192102, 45.71779946348367], [-60.40072113649645, 45.71779126432022], [-60.400613931262555, 45.71777521409707], [-60.400593526506526, 45.71777215724833], [-60.40057503776487, 45.71776879297902], [-60.40054255763365, 45.71776289590757], [-60.40036434521944, 45.71767152846547], [-60.400338660254675, 45.71767094363667], [-60.40033824301749, 45.71767993514978], [-60.40028522610968, 45.71776963820742], [-60.4002752492918, 45.717792462630875], [-60.400257942456655, 45.71783202405097], [-60.40021858974683, 45.717877033145214], [-60.400192082999695, 45.717894431597365], [-60.400168961349024, 45.71790229404309], [-60.40016727711593, 45.717902867760465], [-60.40014881355465, 45.717896191622664], [-60.40009018692758, 45.717875009382155], [-60.400038769020355, 45.717847735564746], [-60.40000072974001, 45.71780906507073], [-60.39997618467531, 45.71778419438176], [-60.399966759966695, 45.71778432179481], [-60.39995047035553, 45.717784517899425], [-60.39991196209783, 45.717783640951296], [-60.39989870870301, 45.71779234014216], [-60.399873026047636, 45.717819667403276], [-60.3998580506729, 45.71782449294223], [-60.3998469369603, 45.71782806527274], [-60.39984297418952, 45.71783066632856], [-60.399833683544884, 45.71783676445555], [-60.39980463912009, 45.71782827211714], [-60.3997702959906, 45.71781821893452], [-60.3997317459816, 45.717818241076024], [-60.39970768854061, 45.71781802620907], [-60.399667523790924, 45.71781767851572], [-60.399550723405135, 45.717869933473956], [-60.39944799583622, 45.717896387912646], [-60.399404782900014, 45.717911047394686], [-60.399395774471195, 45.717914109571716], [-60.39933155259977, 45.717913537828565], [-60.39929978606125, 45.71791745876096], [-60.399202314927244, 45.71792949607569], [-60.399166035585885, 45.71792406113029], [-60.39913851006083, 45.71791994171073], [-60.39910037743028, 45.71791097213344], [-60.398960735397374, 45.7178465840736], [-60.398918348619254, 45.71782462806812], [-60.39887164478732, 45.71780044945537], [-60.398797494509, 45.71776491630804], [-60.39875725793378, 45.717745637526164], [-60.39869300475996, 45.717718070670266], [-60.39855297719938, 45.71768967737914], [-60.398527305099286, 45.71768909243542], [-60.3984746359605, 45.717688783441254], [-60.398398397104586, 45.71770570535633], [-60.398320132814106, 45.71772307612239], [-60.398268316848245, 45.717731787487935], [-60.398235632886085, 45.71772585811117], [-60.39821736086073, 45.71772253440191], [-60.398141555967136, 45.71769469499242], [-60.398132392411085, 45.71769307300749], [-60.39808930359605, 45.71768541230614], [-60.398013650964266, 45.71768445330834], [-60.3979994095279, 45.71768426376305], [-60.39796127725541, 45.71767529381228], [-60.397949779427634, 45.71766361848766], [-60.39789869508422, 45.717611760535256], [-60.397885828344606, 45.71758446424937], [-60.3978916466444, 45.717573453598504], [-60.397899917244686, 45.71755778230596], [-60.397936067387064, 45.71754551871701], [-60.397952125461906, 45.717540070032335], [-60.39800301235169, 45.71752867333669], [-60.39802874773133, 45.71752291412585], [-60.39805971750756, 45.717510415425494], [-60.39809422189374, 45.71749651210009], [-60.39810619230519, 45.71748777487947], [-60.39810702748974, 45.71746979188452], [-60.39808939023084, 45.717450865860904], [-60.39808132468825, 45.71744220309854], [-60.39806669781671, 45.71742513687746], [-60.39801916023155, 45.71736967839069], [-60.397990884633, 45.71732389390676], [-60.39796896590381, 45.71728842543617], [-60.397872278486304, 45.71717847972698], [-60.39785668019461, 45.717160752266466], [-60.39780606822726, 45.717088499734466], [-60.397806873226955, 45.71704350400793], [-60.39782176658325, 45.71697183533392], [-60.39780934833746, 45.716962551288006], [-60.397808482382395, 45.71695353053679], [-60.39778781781228, 45.71693339233863], [-60.39777159029656, 45.716917594743805], [-60.3977507017124, 45.71691002585069], [-60.39774506587502, 45.71690798018166], [-60.39771871445547, 45.7168996206975], [-60.397656426041245, 45.71687985690898], [-60.39762438403124, 45.716861502585154], [-60.39759259207667, 45.71684329796814], [-60.397541594033704, 45.71680703157359], [-60.397491431417876, 45.7167527821691], [-60.39747115986514, 45.71672059151121], [-60.39741723753196, 45.716634977844336], [-60.39736784960836, 45.71650873792069], [-60.39734301347431, 45.716490169735195], [-60.397304016251574, 45.716472178829584], [-60.397137484755476, 45.71646119963551], [-60.39695724195657, 45.71646877372198], [-60.39680356494442, 45.716485063153485], [-60.396455966982344, 45.71649965777448], [-60.39640503046474, 45.716517389363844], [-60.39632630266668, 45.71655249819578], [-60.396287795366085, 45.71655162004438], [-60.3962496637383, 45.71654265853437], [-60.3961991150818, 45.71652439481505], [-60.3961606078044, 45.71652351662119], [-60.39608417959424, 45.71654397907238], [-60.396030494997916, 45.71655835344802], [-60.395967346853894, 45.716557660280635], [-60.3959547221926, 45.71655752535668], [-60.39585234067943, 45.71652098634494], [-60.39582072838486, 45.71651524273562], [-60.395801374231716, 45.7165117139354], [-60.39572163019168, 45.71651864399378], [-60.39571106379269, 45.7165195641054], [-60.39558095115653, 45.716554391422406], [-60.39554154101972, 45.7165596671209], [-60.3955175957235, 45.71656285631131], [-60.39544050980198, 45.71653499487695], [-60.39543895692061, 45.716534401389], [-60.39541525630428, 45.71652541776552], [-60.39538954299992, 45.71652573127619], [-60.39532490441803, 45.71653415778475], [-60.39522093908865, 45.71658669212828], [-60.395168760389325, 45.716631406873866], [-60.395145018852034, 45.716639056137495], [-60.395142670369516, 45.716639821649274], [-60.3951298842513, 45.71663680262537], [-60.39510453971859, 45.71663084177655], [-60.39509170394606, 45.7166305489232], [-60.39502955712294, 45.71655802297432], [-60.395028300722146, 45.71655740924225], [-60.394990589604134, 45.71653913185305], [-60.39494004096796, 45.716520876576574], [-60.39490805279249, 45.716526258394175], [-60.39488823808248, 45.716529595706376], [-60.39484976053176, 45.71655571179425], [-60.39484168140813, 45.716563934396554], [-60.394770182524695, 45.71663671433383], [-60.394745376441854, 45.71664514931459], [-60.39473717597547, 45.71664327000102], [-60.394705961443705, 45.71663615800365], [-60.394690994145144, 45.71661925459742], [-60.39468154512846, 45.71660857979993], [-60.39465668027174, 45.71656301632705], [-60.394632623165194, 45.7165003603498], [-60.39462318338846, 45.71648672442391], [-60.39460732783666, 45.71646377905709], [-60.394588389927726, 45.71645931444274], [-60.39456919697995, 45.716454808001195], [-60.394556361253194, 45.71645451508857], [-60.39454519120977, 45.7164689678458], [-60.39454268922861, 45.71647220512174], [-60.39452988261711, 45.71649891591813], [-60.39450295667621, 45.71652530450193], [-60.39447769062918, 45.71654363004528], [-60.39445160097217, 45.716552035669984], [-60.394347994995535, 45.7165694734577], [-60.39429663915794, 45.71656830140396], [-60.39425493782748, 45.716562057073105], [-60.394232849626086, 45.716558744639386], [-60.3942179310138, 45.716558755190604], [-60.39419430056467, 45.716558764929395], [-60.394181544854206, 45.71657526069534], [-60.39418062840075, 45.71657645491585], [-60.394063854996666, 45.716683602076024], [-60.393985154415475, 45.71674571296066], [-60.39393876994234, 45.716777714948385], [-60.39393338001649, 45.71678143535378], [-60.39392789265449, 45.7167836593663], [-60.39386790484922, 45.71680783497118], [-60.393803265330824, 45.71681626959705], [-60.39363754247936, 45.71676028067057], [-60.393598993287924, 45.71676030075649], [-60.393585739194215, 45.71676899919965], [-60.39352157567388, 45.716822440609434], [-60.393377426933036, 45.716937963119335], [-60.39328633626993, 45.71701779267918], [-60.3932753834799, 45.71703419449085], [-60.393232469340184, 45.717098472054964], [-60.393203986686736, 45.717130405417755], [-60.3931931534707, 45.71714257947427], [-60.393166430609966, 45.71716403082047], [-60.39311573445295, 45.71720472801837], [-60.39299806456983, 45.717275840550705], [-60.392943609659135, 45.71730894499836], [-60.39276400666729, 45.71741811252438], [-60.392722574087976, 45.71745081216231], [-60.392685303616005, 45.71748022245175], [-60.392583857829486, 45.71747880583655], [-60.39257173991791, 45.71748434374951], [-60.39254447118999, 45.71749680847121], [-60.392388291680426, 45.71756704989288], [-60.39231691923748, 45.7176154834292], [-60.39231000653145, 45.717620168090306], [-60.392180001206526, 45.71776300615388], [-60.39215222319054, 45.71780738574781], [-60.392139160330814, 45.71781859067214], [-60.392100040922855, 45.717852099003856], [-60.39204826430528, 45.71788782048722], [-60.392003483972466, 45.71791319757603], [-60.391970396965434, 45.71793194697911], [-60.39187969345596, 45.717975780194024], [-60.39182788879983, 45.717984497893184], [-60.39178933879217, 45.71798451734955], [-60.391786291509995, 45.717979866219835], [-60.39177733997299, 45.717966241214214], [-60.39175811303091, 45.717930995059604], [-60.391752477371874, 45.71792066816523], [-60.3917525588707, 45.71791753767399], [-60.391754124089935, 45.71785769868196], [-60.391725946174, 45.717844696569166], [-60.39171512781443, 45.717839705889], [-60.39167745702819, 45.71782084326249], [-60.39162607112578, 45.71782056942194], [-60.39162372296675, 45.71782132586759], [-60.39159998046633, 45.71782897437086], [-60.39158962900749, 45.71785121341398], [-60.39158713026272, 45.71785658393909], [-60.39157348461836, 45.71790127726068], [-60.39152091218366, 45.71795408225093], [-60.3915088319053, 45.71795687560115], [-60.39148194353966, 45.717963093053406], [-60.39144997272177, 45.71796310969294], [-60.3914433935518, 45.71796311239324], [-60.39140933228671, 45.7179384814872], [-60.39136756392174, 45.7179082738698], [-60.391353491995744, 45.71789809624121], [-60.39132902829559, 45.71788039035366], [-60.39127338623175, 45.717879902094325], [-60.391264793491736, 45.717879822772346], [-60.39122710663928, 45.71786185973138], [-60.391165329605215, 45.71775332707388], [-60.39112844117296, 45.717662483023744], [-60.391091064825325, 45.71755452588255], [-60.39105378616745, 45.71749965894743], [-60.39104832344276, 45.71747955186561], [-60.39104170556354, 45.71745527792004], [-60.39103567117166, 45.71744606700483], [-60.39102971993347, 45.717437002005674], [-60.39099545281307, 45.717419837112345], [-60.3909920500717, 45.71741813017121], [-60.39096633595797, 45.71741845166737], [-60.39092699074091, 45.717435554588995], [-60.39088846846738, 45.71746257742001], [-60.39087575260225, 45.7174790197198], [-60.39087479504354, 45.71748026698042], [-60.39084828568318, 45.71749766320459], [-60.390758377719635, 45.71752441178179], [-60.39068975104694, 45.717570971833354], [-60.39068009113574, 45.71757752882927], [-60.390664842036486, 45.71758269794559], [-60.39062786789481, 45.717595237432256], [-60.39062017968512, 45.7175964298754], [-60.39057738889872, 45.71760308475944], [-60.39043481135083, 45.717629529405706], [-60.39037063158545, 45.71762806247675], [-60.39033750448007, 45.7176280793781], [-60.39033208184446, 45.71762808144625], [-60.39031858098744, 45.717626062661], [-60.39026827905239, 45.71761852216259], [-60.39025033850087, 45.717611955386246], [-60.39016594103444, 45.71758108794207], [-60.390156377163066, 45.71757206633163], [-60.39012778364706, 45.71754510274901], [-60.39012987800924, 45.71750014554733], [-60.39011743399166, 45.71746385702784], [-60.39006727815187, 45.71740960450978], [-60.39005831067206, 45.71740350385209], [-60.39005359038129, 45.71740029059772], [-60.39001586574325, 45.71738232629066], [-60.389939227401364, 45.717372473401255], [-60.3898404751794, 45.71735627324678], [-60.3898244584567, 45.7173536478244], [-60.38978542433211, 45.71734393443821], [-60.3897088668369, 45.71732490220615], [-60.389665202083926, 45.71732466899185], [-60.38960609604137, 45.71732435274951], [-60.389559207917614, 45.71734365900995], [-60.389541901467524, 45.71735078816359], [-60.38952545273875, 45.717365155740296], [-60.38950171794407, 45.71738587345809], [-60.389460195660206, 45.71744224253261], [-60.389409809792134, 45.71751068630883], [-60.38938912537973, 45.71753432707256], [-60.38937044918627, 45.71755568248868], [-60.38933106108888, 45.71757369298199]]}, "properties": {"OBJECTID": 274091, "FEAT_CODE": "WARV50", "FEAT_DESC": "River - Single Line", "RIVNAME_1": "Mary Anns Brook", "RIVNAME_2": " ", "ZVALUE": 9999, "FID": null, "SHAPE_Length": 2973.734598969391}}, {"type": "Feature", "id": 274092, "geometry": {"type": "LineString", "coordinates": [[-60.38933106108888, 45.71757369298199], [-60.38931822515949, 45.71757339947535], [-60.38926727139, 45.71756413343725], [-60.38924242431241, 45.71754557223835], [-60.38919099978328, 45.717518284369326], [-60.3891528973975, 45.71748140900617], [-60.38910367613024, 45.717409328420736], [-60.38908672316033, 45.71740308107839], [-60.38902649688209, 45.717381307499636], [-60.38883509017926, 45.7173526273853], [-60.38880972099685, 45.717343343198884], [-60.38873275407339, 45.717315182918185], [-60.38868737760972, 45.71729571101365], [-60.388668506568784, 45.71728761053535], [-60.38859226150824, 45.71724176167137], [-60.38850439621007, 45.71716954401775], [-60.38845466093102, 45.717106308390576], [-60.388453187014136, 45.71710457348464], [-60.38835353114802, 45.71698787302672], [-60.388189841497514, 45.71686081465678], [-60.38815262912474, 45.716833536396294], [-60.38812647507031, 45.71681435998667], [-60.38809549512935, 45.71679230985803], [-60.38805060837189, 45.716760418496904], [-60.38798651567791, 45.716683244665056], [-60.387975176991574, 45.71666958274657], [-60.38777295622888, 45.71651463920288]]}, "properties": {"OBJECTID": 274092, "FEAT_CODE": "WARV50", "FEAT_DESC": "River - Single Line", "RIVNAME_1": "Mary Anns Brook", "RIVNAME_2": " ", "ZVALUE": 16.5, "FID": null, "SHAPE_Length": 175.09811092385192}}, {"type": "Feature", "id": 274215, "geometry": {"type": "LineString", "coordinates": [[-60.38460239081011, 45.717023519388924], [-60.38456473589635, 45.71700465477068], [-60.384539009584046, 45.717004965536695], [-60.38453215207281, 45.716995519395056], [-60.38452572978584, 45.716986659288246], [-60.38448758750573, 45.71697768459843], [-60.38437203626003, 45.71697594654147], [-60.38422616854231, 45.71700155196628], [-60.38412717412798, 45.717018933106914], [-60.38398547707854, 45.71702648773027], [-60.38396397798226, 45.71703120671124], [-60.38390758087302, 45.71704360501431], [-60.3838318079487, 45.717042768864445], [-60.38377955926407, 45.717033470699775], [-60.383742744411336, 45.71699662302532], [-60.38365482533369, 45.71687039428897], [-60.38365485533678, 45.71686755065505], [-60.383655221366766, 45.716834399295145], [-60.38366690967181, 45.716802857545694], [-60.38366845309228, 45.7167986984401], [-60.38366852466437, 45.716794964658014], [-60.38366926901134, 45.71675371205042], [-60.38363199781041, 45.716698851846], [-60.38365890497257, 45.716645462341404], [-60.38376290994257, 45.71659203933543], [-60.38382752608306, 45.71655661581243], [-60.38390720385738, 45.716518116982684], [-60.38391823326231, 45.71651278907412], [-60.38391910416503, 45.71651064878528], [-60.38393274829871, 45.71647711759217], [-60.3838978718709, 45.716451871687234], [-60.38389421785867, 45.716449222670384], [-60.38386147798861, 45.71643490794109], [-60.383831257392615, 45.716421677045616], [-60.383726703943275, 45.71643264774742], [-60.383676318749025, 45.716437937880954], [-60.383631555139296, 45.71642740701288], [-60.38360004807419, 45.716419988235934], [-60.38357436016569, 45.71641260379383], [-60.383535384738806, 45.71640139544095], [-60.38352414749571, 45.71639714146653], [-60.38351013303333, 45.716391824732355], [-60.38341982191812, 45.71639965615225], [-60.38323961451851, 45.71643422142174], [-60.38313708205047, 45.716447587168375], [-60.38311033408551, 45.71645106955653], [-60.383020873561016, 45.716467921174434], [-60.38298915604462, 45.71648206384371], [-60.382942137854556, 45.71650302059299], [-60.38290635597502, 45.716523298780054], [-60.38286426559027, 45.71654714076737], [-60.382656342768506, 45.716707093048704], [-60.38256559231753, 45.71675181789308], [-60.382474020253554, 45.716786622709385], [-60.38244389769999, 45.716794123037964], [-60.382371315646864, 45.71681218019999], [-60.382288886346686, 45.7168179591785], [-60.382255290770665, 45.71682031225572], [-60.382245464329934, 45.71682023997154], [-60.38213968558941, 45.71681946180003], [-60.38187036539086, 45.71678088255999], [-60.3816276222747, 45.71675101310917], [-60.38146629366156, 45.716742029559725], [-60.38143538154271, 45.716740303472136], [-60.38140465859888, 45.71673865372316], [-60.38109906762021, 45.71672229237225], [-60.38102394505961, 45.71671827391263]]}, "properties": {"OBJECTID": 274215, "FEAT_CODE": "WARV50", "FEAT_DESC": "River - Single Line", "RIVNAME_1": "Mary Anns Brook", "RIVNAME_2": " ", "ZVALUE": 9999, "FID": null, "SHAPE_Length": 388.5968960220679}}, {"type": "Feature", "id": 275739, "geometry": {"type": "LineString", "coordinates": [[-60.387667653843465, 45.70816288161897], [-60.38769403276082, 45.708150136661985], [-60.38775834427065, 45.70811905140911], [-60.38781556226368, 45.708088001846825], [-60.387888834968884, 45.70804822853202], [-60.38796585315545, 45.70802208740639], [-60.387989361853265, 45.708006144357995], [-60.38800565347335, 45.7079950947716], [-60.38812567948599, 45.70791310496565], [-60.38820072057165, 45.70786184158815], [-60.3882268069981, 45.70785343731304], [-60.38834236773196, 45.707827277517836], [-60.388458724459156, 45.70778403386009], [-60.38852668196121, 45.70776870236044], [-60.38861453021358, 45.707748893209384], [-60.38871637709028, 45.70774132152303], [-60.38884521654834, 45.70773346697857], [-60.388987727472994, 45.7077079228892], [-60.38905005438842, 45.70768052694763], [-60.38916872771654, 45.70762835251699], [-60.389192438646994, 45.70762101882749], [-60.38933687873519, 45.707576391232365], [-60.389425699604935, 45.70752300285899], [-60.38955760849181, 45.70744372252783], [-60.38959923495199, 45.70741528591952], [-60.3896226291104, 45.707399303910854], [-60.38967044635281, 45.70737007271313], [-60.38973899888223, 45.70732815605692], [-60.389792050225424, 45.70729246472154], [-60.38986254419176, 45.70722403034171], [-60.38988354807721, 45.70720364613725], [-60.38996138887704, 45.707159520412176], [-60.39002644924139, 45.70714209655663], [-60.39008979381419, 45.7071336524722], [-60.390192504072, 45.70713510023293], [-60.39022072444505, 45.70714320716142], [-60.39025715964355, 45.70715368010716], [-60.39034582220342, 45.707180909607544], [-60.390434470322596, 45.70723604189616], [-60.390499544758555, 45.70724563017811], [-60.39134583572255, 45.70730817475462], [-60.39146262169793, 45.707228033624794], [-60.391496633066595, 45.70722820762569], [-60.39151399746376, 45.7072283163194], [-60.391671401752376, 45.70719381108316], [-60.39170739434106, 45.70718592035723], [-60.391823789113964, 45.70714177403213], [-60.39190066932753, 45.70712322396438], [-60.3920043933427, 45.70709819422418], [-60.39227566968787, 45.70701077990798], [-60.392333440412266, 45.70698930879514], [-60.392392034666685, 45.706967532424905], [-60.39245342064503, 45.706949537208885], [-60.392483195260084, 45.70694081114757], [-60.39261204536619, 45.7069329525915], [-60.392830312347115, 45.706908233646026], [-60.39294538472091, 45.70690573973971], [-60.39311323503901, 45.706902101541665], [-60.39321549858179, 45.70688552532249], [-60.3933969373757, 45.7068239603078], [-60.39357797364696, 45.706798389928004], [-60.393843723853244, 45.70677806540419], [-60.39388612892773, 45.70677482088001], [-60.39393263573733, 45.70676265993649], [-60.3940538970053, 45.706730944824415], [-60.39423406763548, 45.70672425580432], [-60.39440178740268, 45.70671788541883], [-60.394618876047744, 45.7067096350434], [-60.39474074762744, 45.70669904954036], [-60.394799464546956, 45.706693953637576], [-60.3949365360618, 45.70668332771599], [-60.395005761737785, 45.70667795842669], [-60.395024455336824, 45.70667517157947], [-60.39512089924797, 45.706660783134666], [-60.39519919568876, 45.706634666287535], [-60.3952764966898, 45.7066031530628], [-60.39532885089283, 45.706581817889536], [-60.395396648048255, 45.7065690349302], [-60.395418266555936, 45.706564955589116], [-60.39546895804111, 45.70654760587979], [-60.395573604439655, 45.70651179270142], [-60.3956758423328, 45.706489101992936], [-60.395728090294696, 45.70647751232645], [-60.39581878902884, 45.70646067897898], [-60.396012204444965, 45.70639038195315], [-60.39631082202754, 45.706267577510005], [-60.39640070922943, 45.706240824061446], [-60.39647725253614, 45.70623278542776], [-60.39655562902632, 45.70622455451782], [-60.396580290587224, 45.706221336437224], [-60.39662025549004, 45.70621612703614], [-60.397158726948355, 45.70621220229495], [-60.39717305696677, 45.706212357964056], [-60.39731281138035, 45.70621391473511], [-60.39739027114649, 45.70620577936709], [-60.397507107920134, 45.70617963937347], [-60.397880645022035, 45.70607564050331], [-60.39803644063743, 45.706040486749686], [-60.39808732567296, 45.70602364434497], [-60.398139207424784, 45.70601687878038], [-60.39821657773233, 45.70600678758938], [-60.39848624554778, 45.70600933212798], [-60.39861469409217, 45.70603746175397], [-60.398635663949825, 45.706045410399504], [-60.39863994351975, 45.70604703808258], [-60.3988437836801, 45.706138992285574], [-60.398958546081985, 45.706157808685816], [-60.39920168450351, 45.706178649300384], [-60.399420442834675, 45.70619803397298], [-60.39949303725457, 45.706198949401575], [-60.39960020712701, 45.706200328247945], [-60.39974717732394, 45.70619643874233], [-60.399856176450925, 45.70619355651779], [-60.39994605219389, 45.7061947032014], [-60.400000064919375, 45.706193232918466], [-60.400155006420356, 45.70618920937862], [-60.400203304828, 45.706187959916996], [-60.40022781582239, 45.70618382851535], [-60.40030688987464, 45.70617051632961], [-60.400397567563644, 45.706126675778435], [-60.40048778589628, 45.70592987022739], [-60.40049190187026, 45.705920899906054], [-60.40053082850679, 45.705884881978875], [-60.400544397754615, 45.70588204956385], [-60.400569745641384, 45.705876767009286], [-60.40062338740862, 45.7058769171716], [-60.400659662617315, 45.70587701396693], [-60.40074995489683, 45.70586916847256], [-60.400775662201426, 45.705874695288514], [-60.40083899619845, 45.70588829751214], [-60.400911761855916, 45.705940917841254], [-60.400914819628795, 45.705943129695015], [-60.40098086558159, 45.70597720790764], [-60.4010553430299, 45.70601563648641], [-60.40115805154185, 45.70601708333265], [-60.401221394264304, 45.706008615021595], [-60.40133740844479, 45.7060004454356], [-60.401364762300744, 45.70600592858628], [-60.40138831190897, 45.70601061406277], [-60.4015292113039, 45.70607502790146], [-60.401655994245324, 45.70613912030199], [-60.401885111659716, 45.706212742163274], [-60.40192638041623, 45.706217362692456], [-60.40197585408334, 45.706222907996576], [-60.40203964585293, 45.7062324695063], [-60.402284024310525, 45.706226310678716], [-60.40237314153784, 45.70627154322498], [-60.40252471358262, 45.70636212160941], [-60.40266441055197, 45.70644559786245]]}, "properties": {"OBJECTID": 275739, "FEAT_CODE": "WARV50", "FEAT_DESC": "River - Single Line", "RIVNAME_1": "Klondikes Brook", "RIVNAME_2": " ", "ZVALUE": 9999, "FID": null, "SHAPE_Length": 1285.0139944880625}}, {"type": "Feature", "id": 286944, "geometry": {"type": "LineString", "coordinates": [[-60.383582865094255, 45.71015668350658], [-60.38354688666522, 45.71014384263009], [-60.383480503658355, 45.71012013379181], [-60.38336622659138, 45.71009141182088], [-60.383275427147765, 45.7100821299814], [-60.38324426060582, 45.71008180270754], [-60.383057120614076, 45.710079826658536], [-60.38294243478132, 45.710087098996695], [-60.38281316942742, 45.71010393813822], [-60.38280280470729, 45.71010386256259], [-60.38269757806925, 45.710103088549175], [-60.382439490513754, 45.71015477834245]]}, "properties": {"OBJECTID": 286944, "FEAT_CODE": "WARV55", "FEAT_DESC": "River - Single Line Indefinite", "RIVNAME_1": " ", "RIVNAME_2": " ", "ZVALUE": 9999, "FID": null, "SHAPE_Length": 91.66327962821079}}]}