{
  "type": "FeatureCollection",
  "sheet": 19,
  "provenance": {
    "fit_revision": "a6619d96ba8fa8279ea6a8027654a92b15942b9d",
    "fit_pr": "https://github.com/dfakkeldy/ns-marks-the-spot/pull/380",
    "fit_path": "reports/fletcher/judique-full-sheet/revised-fit.json",
    "fit_sha256": "fabbe2df06d4283c3ddbd3f9c259be5d966eb6391fdf6785711d5167891f0ca5",
    "input_sha256": {
      "reports/fletcher/judique-full-sheet/revised-fit.json": "fabbe2df06d4283c3ddbd3f9c259be5d966eb6391fdf6785711d5167891f0ca5",
      "reports/fletcher/judique-boundary/boundary.json": "74a195c8210094b8d4c04fa77607913a25b5d129275523506bb6245052663010",
      "docs/fletcher/label-extraction/highway19-production/sheet-19-reviewed.json": "5f4e15eb4dfb1998866245e716a9d41dc0a7f57191a3779959386c370817d5de",
      "docs/fletcher/label-extraction/highway19-production/sheet-19-manifest.json": "2e0241e2c748c6eef8abb1af5fff13dac92a89a04835935db2144d5e0e6e7f1f",
      "reports/fletcher/full-sheets/sheet-19-controls.csv": "5f2c89ed84f954ff82d1fced97179d3a9f97a1261cd8d15a9ebe5e155220c064",
      "reports/fletcher/full-sheets/judique-render-receipt.json": "2ca7ae090c9cbdee8595fb465de5d41be1c859922b0d51b09dac91a619c79ea8",
      "reports/fletcher/judique-full-sheet/fresh-checks.json": "5d5049c9c0f5837250491d75e8018212fbe6449f25b6782dbf8e94d0ee6ecd90",
      "reports/fletcher/judique-full-sheet/fresh-scores.json": "f829a7c9f685c6c8d298b37e0b98c2f75b306725e9ab90cfad2d4d1cbaa63ddd"
    }
  },
  "source_sha256": "8a6588e2029c433ac85e190c9e10d1b4cda7dbba555f7824cfe6c5960163d724",
  "source_dimensions_px": [
    10815,
    7549
  ],
  "source_frame": {
    "origin": "full scan top-left",
    "axes": "x right, y down",
    "scale_to_fit_xy": [
      1,
      1
    ],
    "offset_to_fit_xy": [
      0,
      0
    ],
    "rotation_degrees": 0,
    "anchor_convention": "Continuous pixel-edge coordinates: xywh box centre (x+w/2,y+h/2), passed unchanged to native GCP TPS; no half-pixel shift.",
    "resampled_raster_pixels_used": false
  },
  "method": "GDAL TPS in EPSG:3857, then inverse spherical Mercator to GeoJSON longitude/latitude (OGC:CRS84)",
  "gdal_version": "GDAL 3.9.0, released 2024/05/07 (debug build)",
  "geographic_role": "Lettering box centres, not feature symbols, sites, boundaries or ownership. Feature placement remains deferred.",
  "accuracy": "Approximate PR #380 fits; working accuracy targets not uniformly satisfied. See full-sheets/README.md. No new geographic acceptance.",
  "credit": "David Rumsey Map Collection, David Rumsey Map Center, Stanford University Libraries",
  "manifest_url": "https://www.davidrumsey.com/luna/servlet/iiif/m/RUMSEY~8~1~2644~290012/manifest",
  "imagery_licence_url": "https://creativecommons.org/licenses/by-nc-sa/3.0/",
  "verification": {
    "annotation_count": 166,
    "box_count": 225,
    "derived_anchor_count": 225,
    "complete_geometry_count": 166,
    "max_control_residual_projected_m": 7.957223565613414e-09,
    "frozen_check_count": 3,
    "max_frozen_check_difference_projected_m": 2.9451005721170265e-09
  },
  "features": [
    {
      "type": "Feature",
      "id": "F19-JUD-001",
      "geometry": {
        "type": "MultiPoint",
        "coordinates": [
          [
            -61.520842302033564,
            45.9050175773646
          ]
        ]
      },
      "properties": {
        "id": "F19-JUD-001",
        "source_text": "Mackay Point",
        "kind": "cape",
        "reading_status": "clear",
        "source_record_file": "../judique-pilot.json",
        "source_record_sha256": "6e1d4a98e007aca2f53cc9ac2e55141b7b3302ebe46fa5c8b9bdaa990e1177cd",
        "source_label_boxes_xywh": [
          [
            2885,
            1550,
            360,
            70
          ]
        ],
        "review_status": "source-reviewed-in-prior-pilot",
        "geometry": null,
        "placement_status": "deferred",
        "review_note": "Named coastal point west of the settlement.",
        "fit_revision": "a6619d96ba8fa8279ea6a8027654a92b15942b9d",
        "fit_sha256": "fabbe2df06d4283c3ddbd3f9c259be5d966eb6391fdf6785711d5167891f0ca5",
        "label_anchors": [
          {
            "box_index": 0,
            "source_pixel_xy": [
              3065.0,
              1585.0
            ],
            "covering_crop_ids": [
              "F19-R01C02"
            ],
            "inside_control_hull": false,
            "status": "derived-lettering-location",
            "projected_xy_m": [
              -6848468.83823566,
              5765141.26317599
            ],
            "lonlat": [
              -61.520842302033564,
              45.9050175773646
            ]
          }
        ],
        "geographic_role": "printed-lettering-only"
      }
    },
    {
      "type": "Feature",
      "id": "F19-JUD-002",
      "geometry": {
        "type": "MultiPoint",
        "coordinates": [
          [
            -61.508888891414564,
            45.90856449470578
          ]
        ]
      },
      "properties": {
        "id": "F19-JUD-002",
        "source_text": "John Gillis",
        "kind": "person-label",
        "reading_status": "clear",
        "source_record_file": "../judique-pilot.json",
        "source_record_sha256": "6e1d4a98e007aca2f53cc9ac2e55141b7b3302ebe46fa5c8b9bdaa990e1177cd",
        "source_label_boxes_xywh": [
          [
            3250,
            1483,
            150,
            37
          ]
        ],
        "review_status": "source-reviewed-in-prior-pilot",
        "geometry": null,
        "placement_status": "deferred",
        "review_note": "Personal name beside buildings on the point; no ownership or resident identity inferred.",
        "fit_revision": "a6619d96ba8fa8279ea6a8027654a92b15942b9d",
        "fit_sha256": "fabbe2df06d4283c3ddbd3f9c259be5d966eb6391fdf6785711d5167891f0ca5",
        "label_anchors": [
          {
            "box_index": 0,
            "source_pixel_xy": [
              3325.0,
              1501.5
            ],
            "covering_crop_ids": [
              "F19-R01C02"
            ],
            "inside_control_hull": false,
            "status": "derived-lettering-location",
            "projected_xy_m": [
              -6847138.19065231,
              5765708.70400456
            ],
            "lonlat": [
              -61.508888891414564,
              45.90856449470578
            ]
          }
        ],
        "geographic_role": "printed-lettering-only"
      }
    },
    {
      "type": "Feature",
      "id": "F19-JUD-003",
      "geometry": {
        "type": "MultiPoint",
        "coordinates": [
          [
            -61.45646723180316,
            45.919719706750826
          ]
        ]
      },
      "properties": {
        "id": "F19-JUD-003",
        "source_text": "MᶜEachern",
        "kind": "person-label",
        "reading_status": "clear",
        "source_record_file": "../judique-pilot.json",
        "source_record_sha256": "6e1d4a98e007aca2f53cc9ac2e55141b7b3302ebe46fa5c8b9bdaa990e1177cd",
        "source_label_boxes_xywh": [
          [
            4390,
            1253,
            205,
            47
          ]
        ],
        "review_status": "source-reviewed-in-prior-pilot",
        "geometry": null,
        "placement_status": "deferred",
        "review_note": "Surname beside buildings along the northern east-west road; superscript c retained.",
        "fit_revision": "a6619d96ba8fa8279ea6a8027654a92b15942b9d",
        "fit_sha256": "fabbe2df06d4283c3ddbd3f9c259be5d966eb6391fdf6785711d5167891f0ca5",
        "label_anchors": [
          {
            "box_index": 0,
            "source_pixel_xy": [
              4492.5,
              1276.5
            ],
            "covering_crop_ids": [
              "F19-R01C03"
            ],
            "inside_control_hull": true,
            "status": "derived-lettering-location",
            "projected_xy_m": [
              -6841302.63819783,
              5767493.56691531
            ],
            "lonlat": [
              -61.45646723180316,
              45.919719706750826
            ]
          }
        ],
        "geographic_role": "printed-lettering-only"
      }
    },
    {
      "type": "Feature",
      "id": "F19-JUD-004",
      "geometry": {
        "type": "MultiPoint",
        "coordinates": [
          [
            -61.47435082730277,
            45.916831266210295
          ]
        ]
      },
      "properties": {
        "id": "F19-JUD-004",
        "source_text": "School",
        "kind": "school",
        "reading_status": "clear",
        "source_record_file": "../judique-pilot.json",
        "source_record_sha256": "6e1d4a98e007aca2f53cc9ac2e55141b7b3302ebe46fa5c8b9bdaa990e1177cd",
        "source_label_boxes_xywh": [
          [
            4010,
            1332,
            125,
            40
          ]
        ],
        "review_status": "source-reviewed-in-prior-pilot",
        "geometry": null,
        "placement_status": "deferred",
        "review_note": "Northern school, south of the road near a stream crossing.",
        "fit_revision": "a6619d96ba8fa8279ea6a8027654a92b15942b9d",
        "fit_sha256": "fabbe2df06d4283c3ddbd3f9c259be5d966eb6391fdf6785711d5167891f0ca5",
        "label_anchors": [
          {
            "box_index": 0,
            "source_pixel_xy": [
              4072.5,
              1352.0
            ],
            "covering_crop_ids": [
              "F19-R01C03"
            ],
            "inside_control_hull": true,
            "status": "derived-lettering-location",
            "projected_xy_m": [
              -6843293.4309424,
              5767031.37450057
            ],
            "lonlat": [
              -61.47435082730277,
              45.916831266210295
            ]
          }
        ],
        "geographic_role": "printed-lettering-only"
      }
    },
    {
      "type": "Feature",
      "id": "F19-JUD-005",
      "geometry": {
        "type": "MultiPoint",
        "coordinates": [
          [
            -61.47605471238585,
            45.909928781708324
          ]
        ]
      },
      "properties": {
        "id": "F19-JUD-005",
        "source_text": "Forge",
        "kind": "forge",
        "reading_status": "clear",
        "source_record_file": "../judique-pilot.json",
        "source_record_sha256": "6e1d4a98e007aca2f53cc9ac2e55141b7b3302ebe46fa5c8b9bdaa990e1177cd",
        "source_label_boxes_xywh": [
          [
            3990,
            1535,
            95,
            43
          ]
        ],
        "review_status": "source-reviewed-in-prior-pilot",
        "geometry": null,
        "placement_status": "deferred",
        "review_note": "Northern forge near the road and stream, west of Sh. Mill.",
        "fit_revision": "a6619d96ba8fa8279ea6a8027654a92b15942b9d",
        "fit_sha256": "fabbe2df06d4283c3ddbd3f9c259be5d966eb6391fdf6785711d5167891f0ca5",
        "label_anchors": [
          {
            "box_index": 0,
            "source_pixel_xy": [
              4037.5,
              1556.5
            ],
            "covering_crop_ids": [
              "F19-R01C03"
            ],
            "inside_control_hull": true,
            "status": "derived-lettering-location",
            "projected_xy_m": [
              -6843483.10656222,
              5765926.97421517
            ],
            "lonlat": [
              -61.47605471238585,
              45.909928781708324
            ]
          }
        ],
        "geographic_role": "printed-lettering-only"
      }
    },
    {
      "type": "Feature",
      "id": "F19-JUD-006",
      "geometry": {
        "type": "MultiPoint",
        "coordinates": [
          [
            -61.46521860489324,
            45.91065368436728
          ]
        ]
      },
      "properties": {
        "id": "F19-JUD-006",
        "source_text": "Sh. Mill",
        "kind": "mill",
        "reading_status": "clear",
        "source_record_file": "../judique-pilot.json",
        "source_record_sha256": "6e1d4a98e007aca2f53cc9ac2e55141b7b3302ebe46fa5c8b9bdaa990e1177cd",
        "source_label_boxes_xywh": [
          [
            4215,
            1527,
            140,
            47
          ]
        ],
        "review_status": "source-reviewed-in-prior-pilot",
        "geometry": null,
        "placement_status": "deferred",
        "review_note": "Mill abbreviation is preserved. The expansion and exact building association are not established.",
        "fit_revision": "a6619d96ba8fa8279ea6a8027654a92b15942b9d",
        "fit_sha256": "fabbe2df06d4283c3ddbd3f9c259be5d966eb6391fdf6785711d5167891f0ca5",
        "label_anchors": [
          {
            "box_index": 0,
            "source_pixel_xy": [
              4285.0,
              1550.5
            ],
            "covering_crop_ids": [
              "F19-R01C03"
            ],
            "inside_control_hull": true,
            "status": "derived-lettering-location",
            "projected_xy_m": [
              -6842276.83659396,
              5766042.95247602
            ],
            "lonlat": [
              -61.46521860489324,
              45.91065368436728
            ]
          }
        ],
        "geographic_role": "printed-lettering-only"
      }
    },
    {
      "type": "Feature",
      "id": "F19-JUD-007",
      "geometry": {
        "type": "MultiPoint",
        "coordinates": [
          [
            -61.448645158715195,
            45.90213958622598
          ]
        ]
      },
      "properties": {
        "id": "F19-JUD-007",
        "source_text": "School",
        "kind": "school",
        "reading_status": "clear",
        "source_record_file": "../judique-pilot.json",
        "source_record_sha256": "6e1d4a98e007aca2f53cc9ac2e55141b7b3302ebe46fa5c8b9bdaa990e1177cd",
        "source_label_boxes_xywh": [
          [
            4600,
            1790,
            145,
            46
          ]
        ],
        "review_status": "source-reviewed-in-prior-pilot",
        "geometry": null,
        "placement_status": "deferred",
        "review_note": "Eastern school near an angled road junction, northwest of Ben Noah lettering.",
        "fit_revision": "a6619d96ba8fa8279ea6a8027654a92b15942b9d",
        "fit_sha256": "fabbe2df06d4283c3ddbd3f9c259be5d966eb6391fdf6785711d5167891f0ca5",
        "label_anchors": [
          {
            "box_index": 0,
            "source_pixel_xy": [
              4672.5,
              1813.0
            ],
            "covering_crop_ids": [
              "F19-R01C03"
            ],
            "inside_control_hull": true,
            "status": "derived-lettering-location",
            "projected_xy_m": [
              -6840431.88900473,
              5764680.86474605
            ],
            "lonlat": [
              -61.448645158715195,
              45.90213958622598
            ]
          }
        ],
        "geographic_role": "printed-lettering-only"
      }
    },
    {
      "type": "Feature",
      "id": "F19-JUD-008",
      "geometry": {
        "type": "MultiPoint",
        "coordinates": [
          [
            -61.48596746866364,
            45.899471403321904
          ]
        ]
      },
      "properties": {
        "id": "F19-JUD-008",
        "source_text": "Stage\nStables",
        "kind": "stables",
        "reading_status": "clear",
        "source_record_file": "../judique-pilot.json",
        "source_record_sha256": "6e1d4a98e007aca2f53cc9ac2e55141b7b3302ebe46fa5c8b9bdaa990e1177cd",
        "source_label_boxes_xywh": [
          [
            3765,
            1827,
            113,
            50
          ]
        ],
        "review_status": "source-reviewed-in-prior-pilot",
        "geometry": null,
        "placement_status": "deferred",
        "review_note": "Two-line label beside the coastal road near Shop and P.O.; site footprint unresolved.",
        "fit_revision": "a6619d96ba8fa8279ea6a8027654a92b15942b9d",
        "fit_sha256": "fabbe2df06d4283c3ddbd3f9c259be5d966eb6391fdf6785711d5167891f0ca5",
        "label_anchors": [
          {
            "box_index": 0,
            "source_pixel_xy": [
              3821.5,
              1852.0
            ],
            "covering_crop_ids": [
              "F19-R01C02",
              "F19-R01C03"
            ],
            "inside_control_hull": true,
            "status": "derived-lettering-location",
            "projected_xy_m": [
              -6844586.58954342,
              5764254.0511096
            ],
            "lonlat": [
              -61.48596746866364,
              45.899471403321904
            ]
          }
        ],
        "geographic_role": "printed-lettering-only"
      }
    },
    {
      "type": "Feature",
      "id": "F19-JUD-009",
      "geometry": {
        "type": "MultiPoint",
        "coordinates": [
          [
            -61.48065086088218,
            45.899715725886864
          ]
        ]
      },
      "properties": {
        "id": "F19-JUD-009",
        "source_text": "Shop",
        "kind": "shop",
        "reading_status": "clear",
        "source_record_file": "../judique-pilot.json",
        "source_record_sha256": "6e1d4a98e007aca2f53cc9ac2e55141b7b3302ebe46fa5c8b9bdaa990e1177cd",
        "source_label_boxes_xywh": [
          [
            3895,
            1840,
            88,
            34
          ]
        ],
        "review_status": "source-reviewed-in-prior-pilot",
        "geometry": null,
        "placement_status": "deferred",
        "review_note": "Shop label immediately above P.O.; these are separate annotations, not two proven buildings.",
        "fit_revision": "a6619d96ba8fa8279ea6a8027654a92b15942b9d",
        "fit_sha256": "fabbe2df06d4283c3ddbd3f9c259be5d966eb6391fdf6785711d5167891f0ca5",
        "label_anchors": [
          {
            "box_index": 0,
            "source_pixel_xy": [
              3939.0,
              1857.0
            ],
            "covering_crop_ids": [
              "F19-R01C02",
              "F19-R01C03"
            ],
            "inside_control_hull": true,
            "status": "derived-lettering-location",
            "projected_xy_m": [
              -6843994.74747244,
              5764293.13311034
            ],
            "lonlat": [
              -61.48065086088218,
              45.899715725886864
            ]
          }
        ],
        "geographic_role": "printed-lettering-only"
      }
    },
    {
      "type": "Feature",
      "id": "F19-JUD-010",
      "geometry": {
        "type": "MultiPoint",
        "coordinates": [
          [
            -61.48084018382069,
            45.89876002057939
          ]
        ]
      },
      "properties": {
        "id": "F19-JUD-010",
        "source_text": "P.O.",
        "kind": "post-office",
        "reading_status": "clear",
        "source_record_file": "../judique-pilot.json",
        "source_record_sha256": "6e1d4a98e007aca2f53cc9ac2e55141b7b3302ebe46fa5c8b9bdaa990e1177cd",
        "source_label_boxes_xywh": [
          [
            3895,
            1869,
            80,
            34
          ]
        ],
        "review_status": "source-reviewed-in-prior-pilot",
        "geometry": null,
        "placement_status": "deferred",
        "review_note": "Abbreviated post-office label below Shop; shared/separate premises not established.",
        "fit_revision": "a6619d96ba8fa8279ea6a8027654a92b15942b9d",
        "fit_sha256": "fabbe2df06d4283c3ddbd3f9c259be5d966eb6391fdf6785711d5167891f0ca5",
        "label_anchors": [
          {
            "box_index": 0,
            "source_pixel_xy": [
              3935.0,
              1886.0
            ],
            "covering_crop_ids": [
              "F19-R01C02",
              "F19-R01C03"
            ],
            "inside_control_hull": true,
            "status": "derived-lettering-location",
            "projected_xy_m": [
              -6844015.82280555,
              5764140.25883009
            ],
            "lonlat": [
              -61.48084018382069,
              45.89876002057939
            ]
          }
        ],
        "geographic_role": "printed-lettering-only"
      }
    },
    {
      "type": "Feature",
      "id": "F19-JUD-011",
      "geometry": {
        "type": "MultiPoint",
        "coordinates": [
          [
            -61.463415225946754,
            45.89731712949819
          ]
        ]
      },
      "properties": {
        "id": "F19-JUD-011",
        "source_text": "Shop",
        "kind": "shop",
        "reading_status": "clear",
        "source_record_file": "../judique-pilot.json",
        "source_record_sha256": "6e1d4a98e007aca2f53cc9ac2e55141b7b3302ebe46fa5c8b9bdaa990e1177cd",
        "source_label_boxes_xywh": [
          [
            4285,
            1936,
            89,
            40
          ]
        ],
        "review_status": "source-reviewed-in-prior-pilot",
        "geometry": null,
        "placement_status": "deferred",
        "review_note": "Shop at the inland road junction east of the coastal stables and post office.",
        "fit_revision": "a6619d96ba8fa8279ea6a8027654a92b15942b9d",
        "fit_sha256": "fabbe2df06d4283c3ddbd3f9c259be5d966eb6391fdf6785711d5167891f0ca5",
        "label_anchors": [
          {
            "box_index": 0,
            "source_pixel_xy": [
              4329.5,
              1956.0
            ],
            "covering_crop_ids": [
              "F19-R01C03"
            ],
            "inside_control_hull": true,
            "status": "derived-lettering-location",
            "projected_xy_m": [
              -6842076.08536793,
              5763909.4594722
            ],
            "lonlat": [
              -61.463415225946754,
              45.89731712949819
            ]
          }
        ],
        "geographic_role": "printed-lettering-only"
      }
    },
    {
      "type": "Feature",
      "id": "F19-JUD-012",
      "geometry": {
        "type": "MultiPoint",
        "coordinates": [
          [
            -61.430761353062984,
            45.896931196861246
          ]
        ]
      },
      "properties": {
        "id": "F19-JUD-012",
        "source_text": "Ben Noah",
        "kind": "named-place",
        "reading_status": "clear",
        "source_record_file": "../judique-pilot.json",
        "source_record_sha256": "6e1d4a98e007aca2f53cc9ac2e55141b7b3302ebe46fa5c8b9bdaa990e1177cd",
        "source_label_boxes_xywh": [
          [
            4900,
            1925,
            360,
            83
          ]
        ],
        "review_status": "source-reviewed-in-prior-pilot",
        "geometry": null,
        "placement_status": "deferred",
        "review_note": "Large inland place label. The gazetteer describes the matching historical name as a locality, not a mountain.",
        "fit_revision": "a6619d96ba8fa8279ea6a8027654a92b15942b9d",
        "fit_sha256": "fabbe2df06d4283c3ddbd3f9c259be5d966eb6391fdf6785711d5167891f0ca5",
        "label_anchors": [
          {
            "box_index": 0,
            "source_pixel_xy": [
              5080.0,
              1966.5
            ],
            "covering_crop_ids": [
              "F19-R01C03",
              "F19-R01C04"
            ],
            "inside_control_hull": true,
            "status": "derived-lettering-location",
            "projected_xy_m": [
              -6838441.07286608,
              5763847.72817512
            ],
            "lonlat": [
              -61.430761353062984,
              45.896931196861246
            ]
          }
        ],
        "geographic_role": "printed-lettering-only"
      }
    },
    {
      "type": "Feature",
      "id": "F19-JUD-013",
      "geometry": {
        "type": "MultiPoint",
        "coordinates": [
          [
            -61.49190826072196,
            45.88707505632794
          ]
        ]
      },
      "properties": {
        "id": "F19-JUD-013",
        "source_text": "Forge",
        "kind": "forge",
        "reading_status": "clear",
        "source_record_file": "../judique-pilot.json",
        "source_record_sha256": "6e1d4a98e007aca2f53cc9ac2e55141b7b3302ebe46fa5c8b9bdaa990e1177cd",
        "source_label_boxes_xywh": [
          [
            3640,
            2205,
            100,
            46
          ]
        ],
        "review_status": "source-reviewed-in-prior-pilot",
        "geometry": null,
        "placement_status": "deferred",
        "review_note": "Coastal forge north of the Judique lettering and R.C. Church.",
        "fit_revision": "a6619d96ba8fa8279ea6a8027654a92b15942b9d",
        "fit_sha256": "fabbe2df06d4283c3ddbd3f9c259be5d966eb6391fdf6785711d5167891f0ca5",
        "label_anchors": [
          {
            "box_index": 0,
            "source_pixel_xy": [
              3690.0,
              2228.0
            ],
            "covering_crop_ids": [
              "F19-R01C02"
            ],
            "inside_control_hull": true,
            "status": "derived-lettering-location",
            "projected_xy_m": [
              -6845247.91549026,
              5762271.34882861
            ],
            "lonlat": [
              -61.49190826072196,
              45.88707505632794
            ]
          }
        ],
        "geographic_role": "printed-lettering-only"
      }
    },
    {
      "type": "Feature",
      "id": "F19-JUD-014",
      "geometry": {
        "type": "MultiPoint",
        "coordinates": [
          [
            -61.48012866360796,
            45.886349222573934
          ]
        ]
      },
      "properties": {
        "id": "F19-JUD-014",
        "source_text": "Judique",
        "kind": "settlement",
        "reading_status": "clear",
        "source_record_file": "../judique-pilot.json",
        "source_record_sha256": "6e1d4a98e007aca2f53cc9ac2e55141b7b3302ebe46fa5c8b9bdaa990e1177cd",
        "source_label_boxes_xywh": [
          [
            3810,
            2236,
            282,
            75
          ]
        ],
        "review_status": "source-reviewed-in-prior-pilot",
        "geometry": null,
        "placement_status": "deferred",
        "review_note": "Settlement label spanning the coastal-road district; lettering position is not a settlement boundary.",
        "fit_revision": "a6619d96ba8fa8279ea6a8027654a92b15942b9d",
        "fit_sha256": "fabbe2df06d4283c3ddbd3f9c259be5d966eb6391fdf6785711d5167891f0ca5",
        "label_anchors": [
          {
            "box_index": 0,
            "source_pixel_xy": [
              3951.0,
              2273.5
            ],
            "covering_crop_ids": [
              "F19-R01C02",
              "F19-R01C03",
              "F19-R02C02",
              "F19-R02C03"
            ],
            "inside_control_hull": true,
            "status": "derived-lettering-location",
            "projected_xy_m": [
              -6843936.61673778,
              5762155.27090305
            ],
            "lonlat": [
              -61.48012866360796,
              45.886349222573934
            ]
          }
        ],
        "geographic_role": "printed-lettering-only"
      }
    },
    {
      "type": "Feature",
      "id": "F19-JUD-015",
      "geometry": {
        "type": "MultiPoint",
        "coordinates": [
          [
            -61.48798411037714,
            45.87891385772827
          ]
        ]
      },
      "properties": {
        "id": "F19-JUD-015",
        "source_text": "R.C. Church",
        "kind": "church",
        "reading_status": "clear",
        "source_record_file": "../judique-pilot.json",
        "source_record_sha256": "6e1d4a98e007aca2f53cc9ac2e55141b7b3302ebe46fa5c8b9bdaa990e1177cd",
        "source_label_boxes_xywh": [
          [
            3690,
            2470,
            170,
            49
          ]
        ],
        "review_status": "source-reviewed-in-prior-pilot",
        "geometry": null,
        "placement_status": "deferred",
        "review_note": "Church label beside the coastal road and stream. Church-site continuity has not been established.",
        "fit_revision": "a6619d96ba8fa8279ea6a8027654a92b15942b9d",
        "fit_sha256": "fabbe2df06d4283c3ddbd3f9c259be5d966eb6391fdf6785711d5167891f0ca5",
        "label_anchors": [
          {
            "box_index": 0,
            "source_pixel_xy": [
              3775.0,
              2494.5
            ],
            "covering_crop_ids": [
              "F19-R02C02"
            ],
            "inside_control_hull": true,
            "status": "derived-lettering-location",
            "projected_xy_m": [
              -6844811.08107208,
              5760966.26814617
            ],
            "lonlat": [
              -61.48798411037714,
              45.87891385772827
            ]
          }
        ],
        "geographic_role": "printed-lettering-only"
      }
    },
    {
      "type": "Feature",
      "id": "F19-JUD-016",
      "geometry": {
        "type": "MultiPoint",
        "coordinates": [
          [
            -61.48401576945156,
            45.8772680656691
          ]
        ]
      },
      "properties": {
        "id": "F19-JUD-016",
        "source_text": "Rev. Archᵈ. Chisholm",
        "kind": "person-label",
        "reading_status": "tentative",
        "source_record_file": "../judique-pilot.json",
        "source_record_sha256": "6e1d4a98e007aca2f53cc9ac2e55141b7b3302ebe46fa5c8b9bdaa990e1177cd",
        "source_label_boxes_xywh": [
          [
            3720,
            2530,
            286,
            45
          ]
        ],
        "review_status": "source-reviewed-in-prior-pilot",
        "geometry": null,
        "placement_status": "deferred",
        "review_note": "Abbreviated given name is tentative; elevated d retained. Do not silently expand it or identify a parcel.",
        "fit_revision": "a6619d96ba8fa8279ea6a8027654a92b15942b9d",
        "fit_sha256": "fabbe2df06d4283c3ddbd3f9c259be5d966eb6391fdf6785711d5167891f0ca5",
        "label_anchors": [
          {
            "box_index": 0,
            "source_pixel_xy": [
              3863.0,
              2552.5
            ],
            "covering_crop_ids": [
              "F19-R02C02",
              "F19-R02C03"
            ],
            "inside_control_hull": true,
            "status": "derived-lettering-location",
            "projected_xy_m": [
              -6844369.32738095,
              5760703.10804284
            ],
            "lonlat": [
              -61.48401576945156,
              45.8772680656691
            ]
          }
        ],
        "geographic_role": "printed-lettering-only"
      }
    },
    {
      "type": "Feature",
      "id": "F19-JUD-017",
      "geometry": {
        "type": "MultiPoint",
        "coordinates": [
          [
            -61.46311846243432,
            45.87953423605961
          ]
        ]
      },
      "properties": {
        "id": "F19-JUD-017",
        "source_text": "Barytes",
        "kind": "mineral-annotation",
        "reading_status": "clear",
        "source_record_file": "../judique-pilot.json",
        "source_record_sha256": "6e1d4a98e007aca2f53cc9ac2e55141b7b3302ebe46fa5c8b9bdaa990e1177cd",
        "source_label_boxes_xywh": [
          [
            4263,
            2482,
            139,
            48
          ]
        ],
        "review_status": "source-reviewed-in-prior-pilot",
        "geometry": null,
        "placement_status": "deferred",
        "review_note": "Mineral annotation near dark mapped marks. Does not establish a mine, extraction history, grade or current deposit.",
        "fit_revision": "a6619d96ba8fa8279ea6a8027654a92b15942b9d",
        "fit_sha256": "fabbe2df06d4283c3ddbd3f9c259be5d966eb6391fdf6785711d5167891f0ca5",
        "label_anchors": [
          {
            "box_index": 0,
            "source_pixel_xy": [
              4332.5,
              2506.0
            ],
            "covering_crop_ids": [
              "F19-R02C03"
            ],
            "inside_control_hull": true,
            "status": "derived-lettering-location",
            "projected_xy_m": [
              -6842043.04980484,
              5761065.46789263
            ],
            "lonlat": [
              -61.46311846243432,
              45.87953423605961
            ]
          }
        ],
        "geographic_role": "printed-lettering-only"
      }
    },
    {
      "type": "Feature",
      "id": "F19-JUD-018",
      "geometry": {
        "type": "MultiPoint",
        "coordinates": [
          [
            -61.49342060968735,
            45.87547178979951
          ]
        ]
      },
      "properties": {
        "id": "F19-JUD-018",
        "source_text": "Shop",
        "kind": "shop",
        "reading_status": "clear",
        "source_record_file": "../judique-pilot.json",
        "source_record_sha256": "6e1d4a98e007aca2f53cc9ac2e55141b7b3302ebe46fa5c8b9bdaa990e1177cd",
        "source_label_boxes_xywh": [
          [
            3610,
            2570,
            88,
            49
          ]
        ],
        "review_status": "source-reviewed-in-prior-pilot",
        "geometry": null,
        "placement_status": "deferred",
        "review_note": "Shop south of the church, west of the main coastal road.",
        "fit_revision": "a6619d96ba8fa8279ea6a8027654a92b15942b9d",
        "fit_sha256": "fabbe2df06d4283c3ddbd3f9c259be5d966eb6391fdf6785711d5167891f0ca5",
        "label_anchors": [
          {
            "box_index": 0,
            "source_pixel_xy": [
              3654.0,
              2594.5
            ],
            "covering_crop_ids": [
              "F19-R02C02"
            ],
            "inside_control_hull": true,
            "status": "derived-lettering-location",
            "projected_xy_m": [
              -6845416.26940699,
              5760415.89466105
            ],
            "lonlat": [
              -61.49342060968735,
              45.87547178979951
            ]
          }
        ],
        "geographic_role": "printed-lettering-only"
      }
    },
    {
      "type": "Feature",
      "id": "F19-JUD-019",
      "geometry": {
        "type": "MultiPoint",
        "coordinates": [
          [
            -61.46974724079749,
            45.87543750175003
          ]
        ]
      },
      "properties": {
        "id": "F19-JUD-019",
        "source_text": "School",
        "kind": "school",
        "reading_status": "clear",
        "source_record_file": "../judique-pilot.json",
        "source_record_sha256": "6e1d4a98e007aca2f53cc9ac2e55141b7b3302ebe46fa5c8b9bdaa990e1177cd",
        "source_label_boxes_xywh": [
          [
            4125,
            2604,
            114,
            46
          ]
        ],
        "review_status": "source-reviewed-in-prior-pilot",
        "geometry": null,
        "placement_status": "deferred",
        "review_note": "School along the diagonal road south of the church district.",
        "fit_revision": "a6619d96ba8fa8279ea6a8027654a92b15942b9d",
        "fit_sha256": "fabbe2df06d4283c3ddbd3f9c259be5d966eb6391fdf6785711d5167891f0ca5",
        "label_anchors": [
          {
            "box_index": 0,
            "source_pixel_xy": [
              4182.0,
              2627.0
            ],
            "covering_crop_ids": [
              "F19-R02C03"
            ],
            "inside_control_hull": true,
            "status": "derived-lettering-location",
            "projected_xy_m": [
              -6842780.96203681,
              5760410.41230469
            ],
            "lonlat": [
              -61.46974724079749,
              45.87543750175003
            ]
          }
        ],
        "geographic_role": "printed-lettering-only"
      }
    },
    {
      "type": "Feature",
      "id": "F19-JUD-020",
      "geometry": {
        "type": "MultiPoint",
        "coordinates": [
          [
            -61.4965414263195,
            45.87083070343539
          ],
          [
            -61.478867794657965,
            45.871095103006944
          ],
          [
            -61.4636018252438,
            45.86882980342495
          ]
        ]
      },
      "properties": {
        "id": "F19-JUD-020",
        "source_text": "Rory Chisholm's Brook",
        "kind": "watercourse",
        "reading_status": "clear",
        "source_record_file": "../judique-pilot.json",
        "source_record_sha256": "6e1d4a98e007aca2f53cc9ac2e55141b7b3302ebe46fa5c8b9bdaa990e1177cd",
        "source_label_boxes_xywh": [
          [
            3505,
            2705,
            159,
            63
          ],
          [
            3813,
            2687,
            330,
            128
          ],
          [
            4250,
            2808,
            139,
            54
          ]
        ],
        "review_status": "source-reviewed-in-prior-pilot",
        "geometry": null,
        "placement_status": "deferred",
        "review_note": "Name is printed in three separated parts along the brook north of Graham River.",
        "fit_revision": "a6619d96ba8fa8279ea6a8027654a92b15942b9d",
        "fit_sha256": "fabbe2df06d4283c3ddbd3f9c259be5d966eb6391fdf6785711d5167891f0ca5",
        "label_anchors": [
          {
            "box_index": 0,
            "source_pixel_xy": [
              3584.5,
              2736.5
            ],
            "covering_crop_ids": [
              "F19-R02C02"
            ],
            "inside_control_hull": true,
            "status": "derived-lettering-location",
            "projected_xy_m": [
              -6845763.67712534,
              5759673.85668624
            ],
            "lonlat": [
              -61.4965414263195,
              45.87083070343539
            ]
          },
          {
            "box_index": 1,
            "source_pixel_xy": [
              3978.0,
              2751.0
            ],
            "covering_crop_ids": [
              "F19-R02C02",
              "F19-R02C03"
            ],
            "inside_control_hull": true,
            "status": "derived-lettering-location",
            "projected_xy_m": [
              -6843796.25744831,
              5759716.12842655
            ],
            "lonlat": [
              -61.478867794657965,
              45.871095103006944
            ]
          },
          {
            "box_index": 2,
            "source_pixel_xy": [
              4319.5,
              2835.0
            ],
            "covering_crop_ids": [
              "F19-R02C03"
            ],
            "inside_control_hull": true,
            "status": "derived-lettering-location",
            "projected_xy_m": [
              -6842096.85750666,
              5759353.9628168
            ],
            "lonlat": [
              -61.4636018252438,
              45.86882980342495
            ]
          }
        ],
        "geographic_role": "printed-lettering-only"
      }
    },
    {
      "type": "Feature",
      "id": "F19-JUD-021",
      "geometry": {
        "type": "MultiPoint",
        "coordinates": [
          [
            -61.46112758039667,
            45.869979149728394
          ]
        ]
      },
      "properties": {
        "id": "F19-JUD-021",
        "source_text": "Mill",
        "kind": "mill",
        "reading_status": "clear",
        "source_record_file": "../judique-pilot.json",
        "source_record_sha256": "6e1d4a98e007aca2f53cc9ac2e55141b7b3302ebe46fa5c8b9bdaa990e1177cd",
        "source_label_boxes_xywh": [
          [
            4333,
            2783,
            83,
            39
          ]
        ],
        "review_status": "source-reviewed-in-prior-pilot",
        "geometry": null,
        "placement_status": "deferred",
        "review_note": "Mill beside the brook and the diagonal road. Mill type and exact modern site remain unresolved.",
        "fit_revision": "a6619d96ba8fa8279ea6a8027654a92b15942b9d",
        "fit_sha256": "fabbe2df06d4283c3ddbd3f9c259be5d966eb6391fdf6785711d5167891f0ca5",
        "label_anchors": [
          {
            "box_index": 0,
            "source_pixel_xy": [
              4374.5,
              2802.5
            ],
            "covering_crop_ids": [
              "F19-R02C03"
            ],
            "inside_control_hull": true,
            "status": "derived-lettering-location",
            "projected_xy_m": [
              -6841821.42583018,
              5759537.71313813
            ],
            "lonlat": [
              -61.46112758039667,
              45.869979149728394
            ]
          }
        ],
        "geographic_role": "printed-lettering-only"
      }
    },
    {
      "type": "Feature",
      "id": "F19-JUD-022",
      "geometry": {
        "type": "MultiPoint",
        "coordinates": [
          [
            -61.451782505199276,
            45.87025973792103
          ],
          [
            -61.44186583494689,
            45.870473194702015
          ]
        ]
      },
      "properties": {
        "id": "F19-JUD-022",
        "source_text": "River Denys Road",
        "kind": "road-name",
        "reading_status": "clear",
        "source_record_file": "../judique-pilot.json",
        "source_record_sha256": "6e1d4a98e007aca2f53cc9ac2e55141b7b3302ebe46fa5c8b9bdaa990e1177cd",
        "source_label_boxes_xywh": [
          [
            4460,
            2754,
            245,
            97
          ],
          [
            4755,
            2780,
            96,
            48
          ]
        ],
        "review_status": "source-reviewed-in-prior-pilot",
        "geometry": null,
        "placement_status": "deferred",
        "review_note": "Historical road name printed along a curved road. No current road segment equivalence asserted.",
        "fit_revision": "a6619d96ba8fa8279ea6a8027654a92b15942b9d",
        "fit_sha256": "fabbe2df06d4283c3ddbd3f9c259be5d966eb6391fdf6785711d5167891f0ca5",
        "label_anchors": [
          {
            "box_index": 0,
            "source_pixel_xy": [
              4582.5,
              2802.5
            ],
            "covering_crop_ids": [
              "F19-R02C03"
            ],
            "inside_control_hull": true,
            "status": "derived-lettering-location",
            "projected_xy_m": [
              -6840781.13681778,
              5759582.57240605
            ],
            "lonlat": [
              -61.451782505199276,
              45.87025973792103
            ]
          },
          {
            "box_index": 1,
            "source_pixel_xy": [
              4803.0,
              2804.0
            ],
            "covering_crop_ids": [
              "F19-R02C03"
            ],
            "inside_control_hull": true,
            "status": "derived-lettering-location",
            "projected_xy_m": [
              -6839677.21813492,
              5759616.69913603
            ],
            "lonlat": [
              -61.44186583494689,
              45.870473194702015
            ]
          }
        ],
        "geographic_role": "printed-lettering-only"
      }
    },
    {
      "type": "Feature",
      "id": "F19-JUD-023",
      "geometry": {
        "type": "MultiPoint",
        "coordinates": [
          [
            -61.4303830343496,
            45.87024818630365
          ]
        ]
      },
      "properties": {
        "id": "F19-JUD-023",
        "source_text": "Rory Chisholm",
        "kind": "person-label",
        "reading_status": "clear",
        "source_record_file": "../judique-pilot.json",
        "source_record_sha256": "6e1d4a98e007aca2f53cc9ac2e55141b7b3302ebe46fa5c8b9bdaa990e1177cd",
        "source_label_boxes_xywh": [
          [
            4947,
            2786,
            229,
            48
          ]
        ],
        "review_status": "source-reviewed-in-prior-pilot",
        "geometry": null,
        "placement_status": "deferred",
        "review_note": "Separate personal-name annotation at an inland road junction; not merged with the brook name.",
        "fit_revision": "a6619d96ba8fa8279ea6a8027654a92b15942b9d",
        "fit_sha256": "fabbe2df06d4283c3ddbd3f9c259be5d966eb6391fdf6785711d5167891f0ca5",
        "label_anchors": [
          {
            "box_index": 0,
            "source_pixel_xy": [
              5061.5,
              2810.0
            ],
            "covering_crop_ids": [
              "F19-R02C03",
              "F19-R02C04"
            ],
            "inside_control_hull": true,
            "status": "derived-lettering-location",
            "projected_xy_m": [
              -6838398.95861955,
              5759580.72557726
            ],
            "lonlat": [
              -61.4303830343496,
              45.87024818630365
            ]
          }
        ],
        "geographic_role": "printed-lettering-only"
      }
    },
    {
      "type": "Feature",
      "id": "F19-JUD-024",
      "geometry": {
        "type": "MultiPoint",
        "coordinates": [
          [
            -61.4889054122673,
            45.862169596424174
          ]
        ]
      },
      "properties": {
        "id": "F19-JUD-024",
        "source_text": "Shop",
        "kind": "shop",
        "reading_status": "clear",
        "source_record_file": "../judique-pilot.json",
        "source_record_sha256": "6e1d4a98e007aca2f53cc9ac2e55141b7b3302ebe46fa5c8b9bdaa990e1177cd",
        "source_label_boxes_xywh": [
          [
            3717,
            2992,
            80,
            44
          ]
        ],
        "review_status": "source-reviewed-in-prior-pilot",
        "geometry": null,
        "placement_status": "deferred",
        "review_note": "Shop beside the coastal road just north of Graham River.",
        "fit_revision": "a6619d96ba8fa8279ea6a8027654a92b15942b9d",
        "fit_sha256": "fabbe2df06d4283c3ddbd3f9c259be5d966eb6391fdf6785711d5167891f0ca5",
        "label_anchors": [
          {
            "box_index": 0,
            "source_pixel_xy": [
              3757.0,
              3014.0
            ],
            "covering_crop_ids": [
              "F19-R02C02"
            ],
            "inside_control_hull": true,
            "status": "derived-lettering-location",
            "projected_xy_m": [
              -6844913.63992936,
              5758289.24523868
            ],
            "lonlat": [
              -61.4889054122673,
              45.862169596424174
            ]
          }
        ],
        "geographic_role": "printed-lettering-only"
      }
    },
    {
      "type": "Feature",
      "id": "F19-JUD-025",
      "geometry": {
        "type": "MultiPoint",
        "coordinates": [
          [
            -61.47840197193177,
            45.86184624139211
          ],
          [
            -61.464837765845935,
            45.861115800568186
          ]
        ]
      },
      "properties": {
        "id": "F19-JUD-025",
        "source_text": "Graham River",
        "kind": "watercourse",
        "reading_status": "clear",
        "source_record_file": "../judique-pilot.json",
        "source_record_sha256": "6e1d4a98e007aca2f53cc9ac2e55141b7b3302ebe46fa5c8b9bdaa990e1177cd",
        "source_label_boxes_xywh": [
          [
            3880,
            3005,
            226,
            53
          ],
          [
            4228,
            3035,
            138,
            55
          ]
        ],
        "review_status": "source-reviewed-in-prior-pilot",
        "geometry": null,
        "placement_status": "deferred",
        "review_note": "River name printed in two parts south of the brook and north of Campbell Point.",
        "fit_revision": "a6619d96ba8fa8279ea6a8027654a92b15942b9d",
        "fit_sha256": "fabbe2df06d4283c3ddbd3f9c259be5d966eb6391fdf6785711d5167891f0ca5",
        "label_anchors": [
          {
            "box_index": 0,
            "source_pixel_xy": [
              3993.0,
              3031.5
            ],
            "covering_crop_ids": [
              "F19-R02C02",
              "F19-R02C03"
            ],
            "inside_control_hull": true,
            "status": "derived-lettering-location",
            "projected_xy_m": [
              -6843744.40229963,
              5758237.55613011
            ],
            "lonlat": [
              -61.47840197193177,
              45.86184624139211
            ]
          },
          {
            "box_index": 1,
            "source_pixel_xy": [
              4297.0,
              3062.5
            ],
            "covering_crop_ids": [
              "F19-R02C03"
            ],
            "inside_control_hull": true,
            "status": "derived-lettering-location",
            "projected_xy_m": [
              -6842234.44178514,
              5758120.79444868
            ],
            "lonlat": [
              -61.464837765845935,
              45.861115800568186
            ]
          }
        ],
        "geographic_role": "printed-lettering-only"
      }
    },
    {
      "type": "Feature",
      "id": "F19-JUD-026",
      "geometry": {
        "type": "MultiPoint",
        "coordinates": [
          [
            -61.44030384191017,
            45.86112224916293
          ]
        ]
      },
      "properties": {
        "id": "F19-JUD-026",
        "source_text": "Quarries of grey\nand red sandstone",
        "kind": "quarry-annotation",
        "reading_status": "clear",
        "source_record_file": "../judique-pilot.json",
        "source_record_sha256": "6e1d4a98e007aca2f53cc9ac2e55141b7b3302ebe46fa5c8b9bdaa990e1177cd",
        "source_label_boxes_xywh": [
          [
            4695,
            3040,
            300,
            81
          ]
        ],
        "review_status": "source-reviewed-in-prior-pilot",
        "geometry": null,
        "placement_status": "deferred",
        "review_note": "Two-line quarry annotation. Extent, number of workings and present condition are not established.",
        "fit_revision": "a6619d96ba8fa8279ea6a8027654a92b15942b9d",
        "fit_sha256": "fabbe2df06d4283c3ddbd3f9c259be5d966eb6391fdf6785711d5167891f0ca5",
        "label_anchors": [
          {
            "box_index": 0,
            "source_pixel_xy": [
              4845.0,
              3080.5
            ],
            "covering_crop_ids": [
              "F19-R02C03"
            ],
            "inside_control_hull": true,
            "status": "derived-lettering-location",
            "projected_xy_m": [
              -6839503.33786545,
              5758121.82525616
            ],
            "lonlat": [
              -61.44030384191017,
              45.86112224916293
            ]
          }
        ],
        "geographic_role": "printed-lettering-only"
      }
    },
    {
      "type": "Feature",
      "id": "F19-JUD-027",
      "geometry": {
        "type": "MultiPoint",
        "coordinates": [
          [
            -61.4559998441449,
            45.8556745067937
          ],
          [
            -61.44569741662517,
            45.855667662956435
          ],
          [
            -61.434733823114,
            45.8574376105771
          ]
        ]
      },
      "properties": {
        "id": "F19-JUD-027",
        "source_text": "Old Judique Road",
        "kind": "road-name",
        "reading_status": "clear",
        "source_record_file": "../judique-pilot.json",
        "source_record_sha256": "6e1d4a98e007aca2f53cc9ac2e55141b7b3302ebe46fa5c8b9bdaa990e1177cd",
        "source_label_boxes_xywh": [
          [
            4457,
            3180,
            89,
            87
          ],
          [
            4670,
            3201,
            125,
            55
          ],
          [
            4937,
            3161,
            91,
            49
          ]
        ],
        "review_status": "source-reviewed-in-prior-pilot",
        "geometry": null,
        "placement_status": "deferred",
        "review_note": "Three-part name follows a road crossing the Graham River area. Historical alignment is not yet traced.",
        "fit_revision": "a6619d96ba8fa8279ea6a8027654a92b15942b9d",
        "fit_sha256": "fabbe2df06d4283c3ddbd3f9c259be5d966eb6391fdf6785711d5167891f0ca5",
        "label_anchors": [
          {
            "box_index": 0,
            "source_pixel_xy": [
              4501.5,
              3223.5
            ],
            "covering_crop_ids": [
              "F19-R02C03"
            ],
            "inside_control_hull": true,
            "status": "derived-lettering-location",
            "projected_xy_m": [
              -6841250.60884171,
              5757251.04657851
            ],
            "lonlat": [
              -61.4559998441449,
              45.8556745067937
            ]
          },
          {
            "box_index": 1,
            "source_pixel_xy": [
              4732.5,
              3228.5
            ],
            "covering_crop_ids": [
              "F19-R02C03"
            ],
            "inside_control_hull": true,
            "status": "derived-lettering-location",
            "projected_xy_m": [
              -6840103.74785628,
              5757249.95269872
            ],
            "lonlat": [
              -61.44569741662517,
              45.855667662956435
            ]
          },
          {
            "box_index": 2,
            "source_pixel_xy": [
              4982.5,
              3185.5
            ],
            "covering_crop_ids": [
              "F19-R02C03"
            ],
            "inside_control_hull": true,
            "status": "derived-lettering-location",
            "projected_xy_m": [
              -6838883.28620935,
              5757532.85548394
            ],
            "lonlat": [
              -61.434733823114,
              45.8574376105771
            ]
          }
        ],
        "geographic_role": "printed-lettering-only"
      }
    },
    {
      "type": "Feature",
      "id": "F19-JUD-028",
      "geometry": {
        "type": "MultiPoint",
        "coordinates": [
          [
            -61.43264775353259,
            45.84979771413944
          ]
        ]
      },
      "properties": {
        "id": "F19-JUD-028",
        "source_text": "Allan MᶜDonald",
        "kind": "person-label",
        "reading_status": "clear",
        "source_record_file": "../judique-pilot.json",
        "source_record_sha256": "6e1d4a98e007aca2f53cc9ac2e55141b7b3302ebe46fa5c8b9bdaa990e1177cd",
        "source_label_boxes_xywh": [
          [
            4920,
            3373,
            243,
            47
          ]
        ],
        "review_status": "source-reviewed-in-prior-pilot",
        "geometry": null,
        "placement_status": "deferred",
        "review_note": "Personal name near the southern road/stream crossing; superscript c retained.",
        "fit_revision": "a6619d96ba8fa8279ea6a8027654a92b15942b9d",
        "fit_sha256": "fabbe2df06d4283c3ddbd3f9c259be5d966eb6391fdf6785711d5167891f0ca5",
        "label_anchors": [
          {
            "box_index": 0,
            "source_pixel_xy": [
              5041.5,
              3396.5
            ],
            "covering_crop_ids": [
              "F19-R02C03",
              "F19-R02C04"
            ],
            "inside_control_hull": true,
            "status": "derived-lettering-location",
            "projected_xy_m": [
              -6838651.06600579,
              5756311.78323662
            ],
            "lonlat": [
              -61.43264775353259,
              45.84979771413944
            ]
          }
        ],
        "geographic_role": "printed-lettering-only"
      }
    },
    {
      "type": "Feature",
      "id": "F19-JUD-029",
      "geometry": {
        "type": "MultiPoint",
        "coordinates": [
          [
            -61.512187056307724,
            45.85030106369472
          ]
        ]
      },
      "properties": {
        "id": "F19-JUD-029",
        "source_text": "Campbell Point",
        "kind": "cape",
        "reading_status": "clear",
        "source_record_file": "../judique-pilot.json",
        "source_record_sha256": "6e1d4a98e007aca2f53cc9ac2e55141b7b3302ebe46fa5c8b9bdaa990e1177cd",
        "source_label_boxes_xywh": [
          [
            3050,
            3310,
            395,
            76
          ]
        ],
        "review_status": "source-reviewed-in-prior-pilot",
        "geometry": null,
        "placement_status": "deferred",
        "review_note": "Named coastal point south of Graham River.",
        "fit_revision": "a6619d96ba8fa8279ea6a8027654a92b15942b9d",
        "fit_sha256": "fabbe2df06d4283c3ddbd3f9c259be5d966eb6391fdf6785711d5167891f0ca5",
        "label_anchors": [
          {
            "box_index": 0,
            "source_pixel_xy": [
              3247.5,
              3348.0
            ],
            "covering_crop_ids": [
              "F19-R02C02"
            ],
            "inside_control_hull": false,
            "status": "derived-lettering-location",
            "projected_xy_m": [
              -6847505.34068877,
              5756392.22761755
            ],
            "lonlat": [
              -61.512187056307724,
              45.85030106369472
            ]
          }
        ],
        "geographic_role": "printed-lettering-only"
      }
    },
    {
      "type": "Feature",
      "id": "F19-JUD-030",
      "geometry": {
        "type": "MultiPoint",
        "coordinates": [
          [
            -61.3697527483206,
            45.919897731179844
          ]
        ]
      },
      "properties": {
        "id": "F19-JUD-030",
        "source_text": "A. MᶜIsaac",
        "kind": "person-label",
        "reading_status": "clear",
        "source_record_file": "../judique-inland.json",
        "source_record_sha256": "7335336af26c5a98ccf123c563e6de87d8be10dcc22d4391712e5d59990eeafa",
        "source_label_boxes_xywh": [
          [
            6355,
            1215,
            195,
            55
          ]
        ],
        "review_status": "source-reviewed-in-prior-pilot",
        "geometry": null,
        "placement_status": "deferred",
        "review_note": "Name beside several buildings on the northern road; no person or property identity inferred.",
        "fit_revision": "a6619d96ba8fa8279ea6a8027654a92b15942b9d",
        "fit_sha256": "fabbe2df06d4283c3ddbd3f9c259be5d966eb6391fdf6785711d5167891f0ca5",
        "label_anchors": [
          {
            "box_index": 0,
            "source_pixel_xy": [
              6452.5,
              1242.5
            ],
            "covering_crop_ids": [
              "F19-R01C05"
            ],
            "inside_control_hull": true,
            "status": "derived-lettering-location",
            "projected_xy_m": [
              -6831649.62605215,
              5767522.05419529
            ],
            "lonlat": [
              -61.3697527483206,
              45.919897731179844
            ]
          }
        ],
        "geographic_role": "printed-lettering-only"
      }
    },
    {
      "type": "Feature",
      "id": "F19-JUD-031",
      "geometry": {
        "type": "MultiPoint",
        "coordinates": [
          [
            -61.3875361954037,
            45.90619018006557
          ]
        ]
      },
      "properties": {
        "id": "F19-JUD-031",
        "source_text": "Barrens",
        "kind": "landscape-annotation",
        "reading_status": "clear",
        "source_record_file": "../judique-inland.json",
        "source_record_sha256": "7335336af26c5a98ccf123c563e6de87d8be10dcc22d4391712e5d59990eeafa",
        "source_label_boxes_xywh": [
          [
            5900,
            1350,
            305,
            640
          ]
        ],
        "review_status": "source-reviewed-in-prior-pilot",
        "geometry": null,
        "placement_status": "deferred",
        "review_note": "Spaced lettering beside a road. This is a landscape annotation, not an established road name or mapped land-cover boundary.",
        "fit_revision": "a6619d96ba8fa8279ea6a8027654a92b15942b9d",
        "fit_sha256": "fabbe2df06d4283c3ddbd3f9c259be5d966eb6391fdf6785711d5167891f0ca5",
        "label_anchors": [
          {
            "box_index": 0,
            "source_pixel_xy": [
              6052.5,
              1670.0
            ],
            "covering_crop_ids": [
              "F19-R01C04"
            ],
            "inside_control_hull": true,
            "status": "derived-lettering-location",
            "projected_xy_m": [
              -6833629.27032599,
              5765328.85379464
            ],
            "lonlat": [
              -61.3875361954037,
              45.90619018006557
            ]
          }
        ],
        "geographic_role": "printed-lettering-only"
      }
    },
    {
      "type": "Feature",
      "id": "F19-JUD-032",
      "geometry": {
        "type": "MultiPoint",
        "coordinates": [
          [
            -61.33049157605763,
            45.915656401041346
          ]
        ]
      },
      "properties": {
        "id": "F19-JUD-032",
        "source_text": "Don. MᶜEachern",
        "kind": "person-label",
        "reading_status": "clear",
        "source_record_file": "../judique-inland.json",
        "source_record_sha256": "7335336af26c5a98ccf123c563e6de87d8be10dcc22d4391712e5d59990eeafa",
        "source_label_boxes_xywh": [
          [
            7155,
            1358,
            265,
            53
          ]
        ],
        "review_status": "source-reviewed-in-prior-pilot",
        "geometry": null,
        "placement_status": "deferred",
        "review_note": "Abbreviated given name retained; beside a short side road.",
        "fit_revision": "a6619d96ba8fa8279ea6a8027654a92b15942b9d",
        "fit_sha256": "fabbe2df06d4283c3ddbd3f9c259be5d966eb6391fdf6785711d5167891f0ca5",
        "label_anchors": [
          {
            "box_index": 0,
            "source_pixel_xy": [
              7287.5,
              1384.5
            ],
            "covering_crop_ids": [
              "F19-R01C05"
            ],
            "inside_control_hull": true,
            "status": "derived-lettering-location",
            "projected_xy_m": [
              -6827279.09234789,
              5766843.38590233
            ],
            "lonlat": [
              -61.33049157605763,
              45.915656401041346
            ]
          }
        ],
        "geographic_role": "printed-lettering-only"
      }
    },
    {
      "type": "Feature",
      "id": "F19-JUD-033",
      "geometry": {
        "type": "MultiPoint",
        "coordinates": [
          [
            -61.316207854127185,
            45.90026388134609
          ]
        ]
      },
      "properties": {
        "id": "F19-JUD-033",
        "source_text": "Squire MᶜDonald",
        "kind": "person-label",
        "reading_status": "clear",
        "source_record_file": "../judique-inland.json",
        "source_record_sha256": "7335336af26c5a98ccf123c563e6de87d8be10dcc22d4391712e5d59990eeafa",
        "source_label_boxes_xywh": [
          [
            7425,
            1850,
            305,
            57
          ]
        ],
        "review_status": "source-reviewed-in-prior-pilot",
        "geometry": null,
        "placement_status": "deferred",
        "review_note": "Title and surname beside a cluster east of the road.",
        "fit_revision": "a6619d96ba8fa8279ea6a8027654a92b15942b9d",
        "fit_sha256": "fabbe2df06d4283c3ddbd3f9c259be5d966eb6391fdf6785711d5167891f0ca5",
        "label_anchors": [
          {
            "box_index": 0,
            "source_pixel_xy": [
              7577.5,
              1878.5
            ],
            "covering_crop_ids": [
              "F19-R01C05",
              "F19-R01C06"
            ],
            "inside_control_hull": true,
            "status": "derived-lettering-location",
            "projected_xy_m": [
              -6825689.03569596,
              5764380.81704961
            ],
            "lonlat": [
              -61.316207854127185,
              45.90026388134609
            ]
          }
        ],
        "geographic_role": "printed-lettering-only"
      }
    },
    {
      "type": "Feature",
      "id": "F19-JUD-034",
      "geometry": {
        "type": "MultiPoint",
        "coordinates": [
          [
            -61.2795506011802,
            45.91768688951756
          ]
        ]
      },
      "properties": {
        "id": "F19-JUD-034",
        "source_text": "Fall 30",
        "kind": "waterfall-annotation",
        "reading_status": "tentative",
        "source_record_file": "../judique-inland.json",
        "source_record_sha256": "7335336af26c5a98ccf123c563e6de87d8be10dcc22d4391712e5d59990eeafa",
        "source_label_boxes_xywh": [
          [
            8333,
            1268,
            117,
            50
          ]
        ],
        "review_status": "source-reviewed-in-prior-pilot",
        "geometry": null,
        "placement_status": "deferred",
        "review_note": "No trailing unit mark confidently resolved. Preserve the numerals without supplying a unit or modern measured height.",
        "fit_revision": "a6619d96ba8fa8279ea6a8027654a92b15942b9d",
        "fit_sha256": "fabbe2df06d4283c3ddbd3f9c259be5d966eb6391fdf6785711d5167891f0ca5",
        "label_anchors": [
          {
            "box_index": 0,
            "source_pixel_xy": [
              8391.5,
              1293.0
            ],
            "covering_crop_ids": [
              "F19-R01C06"
            ],
            "inside_control_hull": false,
            "status": "derived-lettering-location",
            "projected_xy_m": [
              -6821608.36896402,
              5767168.28414198
            ],
            "lonlat": [
              -61.2795506011802,
              45.91768688951756
            ]
          }
        ],
        "geographic_role": "printed-lettering-only"
      }
    },
    {
      "type": "Feature",
      "id": "F19-JUD-035",
      "geometry": {
        "type": "MultiPoint",
        "coordinates": [
          [
            -61.27500611432092,
            45.914618847327766
          ]
        ]
      },
      "properties": {
        "id": "F19-JUD-035",
        "source_text": "Falls",
        "kind": "waterfall-annotation",
        "reading_status": "clear",
        "source_record_file": "../judique-inland.json",
        "source_record_sha256": "7335336af26c5a98ccf123c563e6de87d8be10dcc22d4391712e5d59990eeafa",
        "source_label_boxes_xywh": [
          [
            8435,
            1361,
            105,
            53
          ]
        ],
        "review_status": "source-reviewed-in-prior-pilot",
        "geometry": null,
        "placement_status": "deferred",
        "review_note": "Northern tributary, south of the Fall 30 annotation.",
        "fit_revision": "a6619d96ba8fa8279ea6a8027654a92b15942b9d",
        "fit_sha256": "fabbe2df06d4283c3ddbd3f9c259be5d966eb6391fdf6785711d5167891f0ca5",
        "label_anchors": [
          {
            "box_index": 0,
            "source_pixel_xy": [
              8487.5,
              1387.5
            ],
            "covering_crop_ids": [
              "F19-R01C06"
            ],
            "inside_control_hull": true,
            "status": "derived-lettering-location",
            "projected_xy_m": [
              -6821102.47900093,
              5766677.3716351
            ],
            "lonlat": [
              -61.27500611432092,
              45.914618847327766
            ]
          }
        ],
        "geographic_role": "printed-lettering-only"
      }
    },
    {
      "type": "Feature",
      "id": "F19-JUD-036",
      "geometry": {
        "type": "MultiPoint",
        "coordinates": [
          [
            -61.30558679071534,
            45.90142710318563
          ]
        ]
      },
      "properties": {
        "id": "F19-JUD-036",
        "source_text": "Falls",
        "kind": "waterfall-annotation",
        "reading_status": "clear",
        "source_record_file": "../judique-inland.json",
        "source_record_sha256": "7335336af26c5a98ccf123c563e6de87d8be10dcc22d4391712e5d59990eeafa",
        "source_label_boxes_xywh": [
          [
            7753,
            1805,
            115,
            54
          ]
        ],
        "review_status": "source-reviewed-in-prior-pilot",
        "geometry": null,
        "placement_status": "deferred",
        "review_note": "Stream east of Squire MᶜDonald; separate from the other Falls annotations.",
        "fit_revision": "a6619d96ba8fa8279ea6a8027654a92b15942b9d",
        "fit_sha256": "fabbe2df06d4283c3ddbd3f9c259be5d966eb6391fdf6785711d5167891f0ca5",
        "label_anchors": [
          {
            "box_index": 0,
            "source_pixel_xy": [
              7810.5,
              1832.0
            ],
            "covering_crop_ids": [
              "F19-R01C06"
            ],
            "inside_control_hull": true,
            "status": "derived-lettering-location",
            "projected_xy_m": [
              -6824506.70432527,
              5764566.89098784
            ],
            "lonlat": [
              -61.30558679071534,
              45.90142710318563
            ]
          }
        ],
        "geographic_role": "printed-lettering-only"
      }
    },
    {
      "type": "Feature",
      "id": "F19-JUD-037",
      "geometry": {
        "type": "MultiPoint",
        "coordinates": [
          [
            -61.37629470440628,
            45.8827437399906
          ],
          [
            -61.367169999012624,
            45.88044486241109
          ],
          [
            -61.360847165361,
            45.87622433695939
          ]
        ]
      },
      "properties": {
        "id": "F19-JUD-037",
        "source_text": "River Inhabitants Road",
        "kind": "road-name",
        "reading_status": "clear",
        "source_record_file": "../judique-inland.json",
        "source_record_sha256": "7335336af26c5a98ccf123c563e6de87d8be10dcc22d4391712e5d59990eeafa",
        "source_label_boxes_xywh": [
          [
            6228,
            2361,
            99,
            85
          ],
          [
            6377,
            2435,
            191,
            108
          ],
          [
            6575,
            2577,
            73,
            103
          ]
        ],
        "review_status": "source-reviewed-in-prior-pilot",
        "geometry": null,
        "placement_status": "deferred",
        "review_note": "Three-part lettering follows the curved north-south road; not a river-name annotation.",
        "fit_revision": "a6619d96ba8fa8279ea6a8027654a92b15942b9d",
        "fit_sha256": "fabbe2df06d4283c3ddbd3f9c259be5d966eb6391fdf6785711d5167891f0ca5",
        "label_anchors": [
          {
            "box_index": 0,
            "source_pixel_xy": [
              6277.5,
              2403.5
            ],
            "covering_crop_ids": [
              "F19-R01C04",
              "F19-R01C05",
              "F19-R02C04",
              "F19-R02C05"
            ],
            "inside_control_hull": true,
            "status": "derived-lettering-location",
            "projected_xy_m": [
              -6832377.8732724,
              5761578.69173278
            ],
            "lonlat": [
              -61.37629470440628,
              45.8827437399906
            ]
          },
          {
            "box_index": 1,
            "source_pixel_xy": [
              6472.5,
              2489.0
            ],
            "covering_crop_ids": [
              "F19-R02C05"
            ],
            "inside_control_hull": true,
            "status": "derived-lettering-location",
            "projected_xy_m": [
              -6831362.11571434,
              5761211.08088905
            ],
            "lonlat": [
              -61.367169999012624,
              45.88044486241109
            ]
          },
          {
            "box_index": 2,
            "source_pixel_xy": [
              6611.5,
              2628.5
            ],
            "covering_crop_ids": [
              "F19-R02C05"
            ],
            "inside_control_hull": true,
            "status": "derived-lettering-location",
            "projected_xy_m": [
              -6830658.26109187,
              5760536.2211591
            ],
            "lonlat": [
              -61.360847165361,
              45.87622433695939
            ]
          }
        ],
        "geographic_role": "printed-lettering-only"
      }
    },
    {
      "type": "Feature",
      "id": "F19-JUD-038",
      "geometry": {
        "type": "MultiPoint",
        "coordinates": [
          [
            -61.38458785259301,
            45.87444557285264
          ],
          [
            -61.376692531777785,
            45.86745599142623
          ]
        ]
      },
      "properties": {
        "id": "F19-JUD-038",
        "source_text": "Southwest Mabou River",
        "kind": "watercourse",
        "reading_status": "clear",
        "source_record_file": "../judique-inland.json",
        "source_record_sha256": "7335336af26c5a98ccf123c563e6de87d8be10dcc22d4391712e5d59990eeafa",
        "source_label_boxes_xywh": [
          [
            5969,
            2490,
            256,
            318
          ],
          [
            6216,
            2805,
            109,
            145
          ]
        ],
        "review_status": "source-reviewed-in-prior-pilot",
        "geometry": null,
        "placement_status": "deferred",
        "review_note": "Western instance of this river name. Separate annotation from F19-JUD-039; connection and modern identity need tracing.",
        "fit_revision": "a6619d96ba8fa8279ea6a8027654a92b15942b9d",
        "fit_sha256": "fabbe2df06d4283c3ddbd3f9c259be5d966eb6391fdf6785711d5167891f0ca5",
        "label_anchors": [
          {
            "box_index": 0,
            "source_pixel_xy": [
              6097.0,
              2649.0
            ],
            "covering_crop_ids": [
              "F19-R02C04"
            ],
            "inside_control_hull": true,
            "status": "derived-lettering-location",
            "projected_xy_m": [
              -6833301.06230562,
              5760251.81309671
            ],
            "lonlat": [
              -61.38458785259301,
              45.87444557285264
            ]
          },
          {
            "box_index": 1,
            "source_pixel_xy": [
              6270.5,
              2877.5
            ],
            "covering_crop_ids": [
              "F19-R02C04",
              "F19-R02C05"
            ],
            "inside_control_hull": true,
            "status": "derived-lettering-location",
            "projected_xy_m": [
              -6832422.15921282,
              5759134.33130454
            ],
            "lonlat": [
              -61.376692531777785,
              45.86745599142623
            ]
          }
        ],
        "geographic_role": "printed-lettering-only"
      }
    },
    {
      "type": "Feature",
      "id": "F19-JUD-039",
      "geometry": {
        "type": "MultiPoint",
        "coordinates": [
          [
            -61.348286112437066,
            45.894835459551885
          ],
          [
            -61.342246280235635,
            45.88528458526417
          ],
          [
            -61.33800554957727,
            45.87770105347896
          ]
        ]
      },
      "properties": {
        "id": "F19-JUD-039",
        "source_text": "Southwest Mabou River",
        "kind": "watercourse",
        "reading_status": "clear",
        "source_record_file": "../judique-inland.json",
        "source_record_sha256": "7335336af26c5a98ccf123c563e6de87d8be10dcc22d4391712e5d59990eeafa",
        "source_label_boxes_xywh": [
          [
            6766,
            1945,
            203,
            249
          ],
          [
            6958,
            2275,
            87,
            190
          ],
          [
            7072,
            2507,
            66,
            193
          ]
        ],
        "review_status": "source-reviewed-in-prior-pilot",
        "geometry": null,
        "placement_status": "deferred",
        "review_note": "Eastern instance, partly along a vertical graticule. Do not infer two independent rivers from two printed names.",
        "fit_revision": "a6619d96ba8fa8279ea6a8027654a92b15942b9d",
        "fit_sha256": "fabbe2df06d4283c3ddbd3f9c259be5d966eb6391fdf6785711d5167891f0ca5",
        "label_anchors": [
          {
            "box_index": 0,
            "source_pixel_xy": [
              6867.5,
              2069.5
            ],
            "covering_crop_ids": [
              "F19-R01C05"
            ],
            "inside_control_hull": true,
            "status": "derived-lettering-location",
            "projected_xy_m": [
              -6829259.97107655,
              5763512.51503361
            ],
            "lonlat": [
              -61.348286112437066,
              45.894835459551885
            ]
          },
          {
            "box_index": 1,
            "source_pixel_xy": [
              7001.5,
              2370.0
            ],
            "covering_crop_ids": [
              "F19-R01C05",
              "F19-R02C05"
            ],
            "inside_control_hull": true,
            "status": "derived-lettering-location",
            "projected_xy_m": [
              -6828587.62003141,
              5761985.01304701
            ],
            "lonlat": [
              -61.342246280235635,
              45.88528458526417
            ]
          },
          {
            "box_index": 2,
            "source_pixel_xy": [
              7105.0,
              2603.5
            ],
            "covering_crop_ids": [
              "F19-R02C05"
            ],
            "inside_control_hull": true,
            "status": "derived-lettering-location",
            "projected_xy_m": [
              -6828115.54405393,
              5760772.34149955
            ],
            "lonlat": [
              -61.33800554957727,
              45.87770105347896
            ]
          }
        ],
        "geographic_role": "printed-lettering-only"
      }
    },
    {
      "type": "Feature",
      "id": "F19-JUD-040",
      "geometry": {
        "type": "MultiPoint",
        "coordinates": [
          [
            -61.31919934387473,
            45.87768841133581
          ]
        ]
      },
      "properties": {
        "id": "F19-JUD-040",
        "source_text": "Brook runs\nunderground",
        "kind": "hydrology-annotation",
        "reading_status": "clear",
        "source_record_file": "../judique-inland.json",
        "source_record_sha256": "7335336af26c5a98ccf123c563e6de87d8be10dcc22d4391712e5d59990eeafa",
        "source_label_boxes_xywh": [
          [
            7389,
            2555,
            252,
            79
          ]
        ],
        "review_status": "source-reviewed-in-prior-pilot",
        "geometry": null,
        "placement_status": "deferred",
        "review_note": "Printed observation beside a brook/road crossing; no present-day underground flow or site condition inferred.",
        "fit_revision": "a6619d96ba8fa8279ea6a8027654a92b15942b9d",
        "fit_sha256": "fabbe2df06d4283c3ddbd3f9c259be5d966eb6391fdf6785711d5167891f0ca5",
        "label_anchors": [
          {
            "box_index": 0,
            "source_pixel_xy": [
              7515.0,
              2594.5
            ],
            "covering_crop_ids": [
              "F19-R02C05",
              "F19-R02C06"
            ],
            "inside_control_hull": true,
            "status": "derived-lettering-location",
            "projected_xy_m": [
              -6826022.04681137,
              5760770.320051
            ],
            "lonlat": [
              -61.31919934387473,
              45.87768841133581
            ]
          }
        ],
        "geographic_role": "printed-lettering-only"
      }
    },
    {
      "type": "Feature",
      "id": "F19-JUD-041",
      "geometry": {
        "type": "MultiPoint",
        "coordinates": [
          [
            -61.28831204859869,
            45.89493541303955
          ]
        ]
      },
      "properties": {
        "id": "F19-JUD-041",
        "source_text": "Falls",
        "kind": "waterfall-annotation",
        "reading_status": "clear",
        "source_record_file": "../judique-inland.json",
        "source_record_sha256": "7335336af26c5a98ccf123c563e6de87d8be10dcc22d4391712e5d59990eeafa",
        "source_label_boxes_xywh": [
          [
            8133,
            1999,
            101,
            46
          ]
        ],
        "review_status": "source-reviewed-in-prior-pilot",
        "geometry": null,
        "placement_status": "deferred",
        "review_note": "Upper of three fall annotations on the north-south stream above Iron Ore.",
        "fit_revision": "a6619d96ba8fa8279ea6a8027654a92b15942b9d",
        "fit_sha256": "fabbe2df06d4283c3ddbd3f9c259be5d966eb6391fdf6785711d5167891f0ca5",
        "label_anchors": [
          {
            "box_index": 0,
            "source_pixel_xy": [
              8183.5,
              2022.0
            ],
            "covering_crop_ids": [
              "F19-R01C06"
            ],
            "inside_control_hull": true,
            "status": "derived-lettering-location",
            "projected_xy_m": [
              -6822583.68882926,
              5763528.50230471
            ],
            "lonlat": [
              -61.28831204859869,
              45.89493541303955
            ]
          }
        ],
        "geographic_role": "printed-lettering-only"
      }
    },
    {
      "type": "Feature",
      "id": "F19-JUD-042",
      "geometry": {
        "type": "MultiPoint",
        "coordinates": [
          [
            -61.28701517852768,
            45.892930818783704
          ]
        ]
      },
      "properties": {
        "id": "F19-JUD-042",
        "source_text": "Fall",
        "kind": "waterfall-annotation",
        "reading_status": "clear",
        "source_record_file": "../judique-inland.json",
        "source_record_sha256": "7335336af26c5a98ccf123c563e6de87d8be10dcc22d4391712e5d59990eeafa",
        "source_label_boxes_xywh": [
          [
            8165,
            2060,
            92,
            48
          ]
        ],
        "review_status": "source-reviewed-in-prior-pilot",
        "geometry": null,
        "placement_status": "deferred",
        "review_note": "Middle of the three north-south stream annotations.",
        "fit_revision": "a6619d96ba8fa8279ea6a8027654a92b15942b9d",
        "fit_sha256": "fabbe2df06d4283c3ddbd3f9c259be5d966eb6391fdf6785711d5167891f0ca5",
        "label_anchors": [
          {
            "box_index": 0,
            "source_pixel_xy": [
              8211.0,
              2084.0
            ],
            "covering_crop_ids": [
              "F19-R01C06"
            ],
            "inside_control_hull": true,
            "status": "derived-lettering-location",
            "projected_xy_m": [
              -6822439.32191333,
              5763207.87875263
            ],
            "lonlat": [
              -61.28701517852768,
              45.892930818783704
            ]
          }
        ],
        "geographic_role": "printed-lettering-only"
      }
    },
    {
      "type": "Feature",
      "id": "F19-JUD-043",
      "geometry": {
        "type": "MultiPoint",
        "coordinates": [
          [
            -61.28083131527271,
            45.891482164851304
          ]
        ]
      },
      "properties": {
        "id": "F19-JUD-043",
        "source_text": "Falls",
        "kind": "waterfall-annotation",
        "reading_status": "clear",
        "source_record_file": "../judique-inland.json",
        "source_record_sha256": "7335336af26c5a98ccf123c563e6de87d8be10dcc22d4391712e5d59990eeafa",
        "source_label_boxes_xywh": [
          [
            8292,
            2100,
            106,
            48
          ]
        ],
        "review_status": "source-reviewed-in-prior-pilot",
        "geometry": null,
        "placement_status": "deferred",
        "review_note": "Lower of the three north-south stream annotations.",
        "fit_revision": "a6619d96ba8fa8279ea6a8027654a92b15942b9d",
        "fit_sha256": "fabbe2df06d4283c3ddbd3f9c259be5d966eb6391fdf6785711d5167891f0ca5",
        "label_anchors": [
          {
            "box_index": 0,
            "source_pixel_xy": [
              8345.0,
              2124.0
            ],
            "covering_crop_ids": [
              "F19-R01C06"
            ],
            "inside_control_hull": true,
            "status": "derived-lettering-location",
            "projected_xy_m": [
              -6821750.93740465,
              5762976.18192517
            ],
            "lonlat": [
              -61.28083131527271,
              45.891482164851304
            ]
          }
        ],
        "geographic_role": "printed-lettering-only"
      }
    },
    {
      "type": "Feature",
      "id": "F19-JUD-044",
      "geometry": {
        "type": "MultiPoint",
        "coordinates": [
          [
            -61.29481172550194,
            45.88877340723105
          ]
        ]
      },
      "properties": {
        "id": "F19-JUD-044",
        "source_text": "Fall",
        "kind": "waterfall-annotation",
        "reading_status": "clear",
        "source_record_file": "../judique-inland.json",
        "source_record_sha256": "7335336af26c5a98ccf123c563e6de87d8be10dcc22d4391712e5d59990eeafa",
        "source_label_boxes_xywh": [
          [
            7996,
            2199,
            89,
            47
          ]
        ],
        "review_status": "source-reviewed-in-prior-pilot",
        "geometry": null,
        "placement_status": "deferred",
        "review_note": "West of the Iron Ore annotation, near a geological hatch crossing.",
        "fit_revision": "a6619d96ba8fa8279ea6a8027654a92b15942b9d",
        "fit_sha256": "fabbe2df06d4283c3ddbd3f9c259be5d966eb6391fdf6785711d5167891f0ca5",
        "label_anchors": [
          {
            "box_index": 0,
            "source_pixel_xy": [
              8040.5,
              2222.5
            ],
            "covering_crop_ids": [
              "F19-R01C06"
            ],
            "inside_control_hull": true,
            "status": "derived-lettering-location",
            "projected_xy_m": [
              -6823307.22955245,
              5762542.96109577
            ],
            "lonlat": [
              -61.29481172550194,
              45.88877340723105
            ]
          }
        ],
        "geographic_role": "printed-lettering-only"
      }
    },
    {
      "type": "Feature",
      "id": "F19-JUD-045",
      "geometry": {
        "type": "MultiPoint",
        "coordinates": [
          [
            -61.28181611666991,
            45.88803644252746
          ]
        ]
      },
      "properties": {
        "id": "F19-JUD-045",
        "source_text": "Iron Ore",
        "kind": "mineral-annotation",
        "reading_status": "clear",
        "source_record_file": "../judique-inland.json",
        "source_record_sha256": "7335336af26c5a98ccf123c563e6de87d8be10dcc22d4391712e5d59990eeafa",
        "source_label_boxes_xywh": [
          [
            8255,
            2205,
            136,
            56
          ]
        ],
        "review_status": "source-reviewed-in-prior-pilot",
        "geometry": null,
        "placement_status": "deferred",
        "review_note": "Mineral wording only; does not establish a mine, deposit extent, grade or current resource.",
        "fit_revision": "a6619d96ba8fa8279ea6a8027654a92b15942b9d",
        "fit_sha256": "fabbe2df06d4283c3ddbd3f9c259be5d966eb6391fdf6785711d5167891f0ca5",
        "label_anchors": [
          {
            "box_index": 0,
            "source_pixel_xy": [
              8323.0,
              2233.0
            ],
            "covering_crop_ids": [
              "F19-R01C06",
              "F19-R02C06"
            ],
            "inside_control_hull": true,
            "status": "derived-lettering-location",
            "projected_xy_m": [
              -6821860.56499472,
              5762425.09947729
            ],
            "lonlat": [
              -61.28181611666991,
              45.88803644252746
            ]
          }
        ],
        "geographic_role": "printed-lettering-only"
      }
    },
    {
      "type": "Feature",
      "id": "F19-JUD-046",
      "geometry": {
        "type": "MultiPoint",
        "coordinates": [
          [
            -61.26955709971775,
            45.88830893475171
          ]
        ]
      },
      "properties": {
        "id": "F19-JUD-046",
        "source_text": "Colin Chisholm's Mill",
        "kind": "mill",
        "reading_status": "clear",
        "source_record_file": "../judique-inland.json",
        "source_record_sha256": "7335336af26c5a98ccf123c563e6de87d8be10dcc22d4391712e5d59990eeafa",
        "source_label_boxes_xywh": [
          [
            8429,
            2187,
            320,
            56
          ]
        ],
        "review_status": "source-reviewed-in-prior-pilot",
        "geometry": null,
        "placement_status": "deferred",
        "review_note": "Label extends east of the core review region; context inspected through x=9120. No mill type or modern site established.",
        "fit_revision": "a6619d96ba8fa8279ea6a8027654a92b15942b9d",
        "fit_sha256": "fabbe2df06d4283c3ddbd3f9c259be5d966eb6391fdf6785711d5167891f0ca5",
        "label_anchors": [
          {
            "box_index": 0,
            "source_pixel_xy": [
              8589.0,
              2215.0
            ],
            "covering_crop_ids": [
              "F19-R01C06"
            ],
            "inside_control_hull": true,
            "status": "derived-lettering-location",
            "projected_xy_m": [
              -6820495.89746998,
              5762468.67855257
            ],
            "lonlat": [
              -61.26955709971775,
              45.88830893475171
            ]
          }
        ],
        "geographic_role": "printed-lettering-only"
      }
    },
    {
      "type": "Feature",
      "id": "F19-JUD-047",
      "geometry": {
        "type": "MultiPoint",
        "coordinates": [
          [
            -61.298116865463214,
            45.88197643214988
          ]
        ]
      },
      "properties": {
        "id": "F19-JUD-047",
        "source_text": "Diogenes Brook",
        "kind": "watercourse",
        "reading_status": "clear",
        "source_record_file": "../judique-inland.json",
        "source_record_sha256": "7335336af26c5a98ccf123c563e6de87d8be10dcc22d4391712e5d59990eeafa",
        "source_label_boxes_xywh": [
          [
            7830,
            2309,
            279,
            259
          ]
        ],
        "review_status": "source-reviewed-in-prior-pilot",
        "geometry": null,
        "placement_status": "deferred",
        "review_note": "Diagonal upstream lettering. Same printed name occurs farther east as F19-JUD-064; geometry continuity not yet traced.",
        "fit_revision": "a6619d96ba8fa8279ea6a8027654a92b15942b9d",
        "fit_sha256": "fabbe2df06d4283c3ddbd3f9c259be5d966eb6391fdf6785711d5167891f0ca5",
        "label_anchors": [
          {
            "box_index": 0,
            "source_pixel_xy": [
              7969.5,
              2438.5
            ],
            "covering_crop_ids": [
              "F19-R02C06"
            ],
            "inside_control_hull": true,
            "status": "derived-lettering-location",
            "projected_xy_m": [
              -6823675.15604994,
              5761455.99073595
            ],
            "lonlat": [
              -61.298116865463214,
              45.88197643214988
            ]
          }
        ],
        "geographic_role": "printed-lettering-only"
      }
    },
    {
      "type": "Feature",
      "id": "F19-JUD-048",
      "geometry": {
        "type": "MultiPoint",
        "coordinates": [
          [
            -61.311319575326216,
            45.87181283470493
          ]
        ]
      },
      "properties": {
        "id": "F19-JUD-048",
        "source_text": "P.O.",
        "kind": "post-office",
        "reading_status": "clear",
        "source_record_file": "../judique-inland.json",
        "source_record_sha256": "7335336af26c5a98ccf123c563e6de87d8be10dcc22d4391712e5d59990eeafa",
        "source_label_boxes_xywh": [
          [
            7655,
            2746,
            73,
            44
          ]
        ],
        "review_status": "source-reviewed-in-prior-pilot",
        "geometry": null,
        "placement_status": "deferred",
        "review_note": "Post-office abbreviation north of the River Denys Road place lettering; nearby multiple building marks remain unresolved.",
        "fit_revision": "a6619d96ba8fa8279ea6a8027654a92b15942b9d",
        "fit_sha256": "fabbe2df06d4283c3ddbd3f9c259be5d966eb6391fdf6785711d5167891f0ca5",
        "label_anchors": [
          {
            "box_index": 0,
            "source_pixel_xy": [
              7691.5,
              2768.0
            ],
            "covering_crop_ids": [
              "F19-R02C06"
            ],
            "inside_control_hull": true,
            "status": "derived-lettering-location",
            "projected_xy_m": [
              -6825144.87498898,
              5759830.87912693
            ],
            "lonlat": [
              -61.311319575326216,
              45.87181283470493
            ]
          }
        ],
        "geographic_role": "printed-lettering-only"
      }
    },
    {
      "type": "Feature",
      "id": "F19-JUD-049",
      "geometry": {
        "type": "MultiPoint",
        "coordinates": [
          [
            -61.38804493915375,
            45.85454988402265
          ]
        ]
      },
      "properties": {
        "id": "F19-JUD-049",
        "source_text": "Dennistown",
        "kind": "settlement",
        "reading_status": "clear",
        "source_record_file": "../judique-inland.json",
        "source_record_sha256": "7335336af26c5a98ccf123c563e6de87d8be10dcc22d4391712e5d59990eeafa",
        "source_label_boxes_xywh": [
          [
            5840,
            3245,
            340,
            74
          ]
        ],
        "review_status": "source-reviewed-in-prior-pilot",
        "geometry": null,
        "placement_status": "deferred",
        "review_note": "Large place lettering below the road near a school. Modern name identity not yet investigated.",
        "fit_revision": "a6619d96ba8fa8279ea6a8027654a92b15942b9d",
        "fit_sha256": "fabbe2df06d4283c3ddbd3f9c259be5d966eb6391fdf6785711d5167891f0ca5",
        "label_anchors": [
          {
            "box_index": 0,
            "source_pixel_xy": [
              6010.0,
              3282.0
            ],
            "covering_crop_ids": [
              "F19-R02C04"
            ],
            "inside_control_hull": true,
            "status": "derived-lettering-location",
            "projected_xy_m": [
              -6833685.90342119,
              5757071.29511617
            ],
            "lonlat": [
              -61.38804493915375,
              45.85454988402265
            ]
          }
        ],
        "geographic_role": "printed-lettering-only"
      }
    },
    {
      "type": "Feature",
      "id": "F19-JUD-050",
      "geometry": {
        "type": "MultiPoint",
        "coordinates": [
          [
            -61.389329837451434,
            45.856924242086876
          ]
        ]
      },
      "properties": {
        "id": "F19-JUD-050",
        "source_text": "School",
        "kind": "school",
        "reading_status": "clear",
        "source_record_file": "../judique-inland.json",
        "source_record_sha256": "7335336af26c5a98ccf123c563e6de87d8be10dcc22d4391712e5d59990eeafa",
        "source_label_boxes_xywh": [
          [
            5931,
            3185,
            101,
            46
          ]
        ],
        "review_status": "source-reviewed-in-prior-pilot",
        "geometry": null,
        "placement_status": "deferred",
        "review_note": "School above Dennistown lettering, close to a small stream crossing.",
        "fit_revision": "a6619d96ba8fa8279ea6a8027654a92b15942b9d",
        "fit_sha256": "fabbe2df06d4283c3ddbd3f9c259be5d966eb6391fdf6785711d5167891f0ca5",
        "label_anchors": [
          {
            "box_index": 0,
            "source_pixel_xy": [
              5981.5,
              3208.0
            ],
            "covering_crop_ids": [
              "F19-R02C04"
            ],
            "inside_control_hull": true,
            "status": "derived-lettering-location",
            "projected_xy_m": [
              -6833828.93764541,
              5757450.79937393
            ],
            "lonlat": [
              -61.389329837451434,
              45.856924242086876
            ]
          }
        ],
        "geographic_role": "printed-lettering-only"
      }
    },
    {
      "type": "Feature",
      "id": "F19-JUD-051",
      "geometry": {
        "type": "MultiPoint",
        "coordinates": [
          [
            -61.38521140639006,
            45.84820538794452
          ]
        ]
      },
      "properties": {
        "id": "F19-JUD-051",
        "source_text": "Falls",
        "kind": "waterfall-annotation",
        "reading_status": "clear",
        "source_record_file": "../judique-inland.json",
        "source_record_sha256": "7335336af26c5a98ccf123c563e6de87d8be10dcc22d4391712e5d59990eeafa",
        "source_label_boxes_xywh": [
          [
            6019,
            3451,
            97,
            48
          ]
        ],
        "review_status": "source-reviewed-in-prior-pilot",
        "geometry": null,
        "placement_status": "deferred",
        "review_note": "On the western stream south of Dennistown; no height printed.",
        "fit_revision": "a6619d96ba8fa8279ea6a8027654a92b15942b9d",
        "fit_sha256": "fabbe2df06d4283c3ddbd3f9c259be5d966eb6391fdf6785711d5167891f0ca5",
        "label_anchors": [
          {
            "box_index": 0,
            "source_pixel_xy": [
              6067.5,
              3475.0
            ],
            "covering_crop_ids": [
              "F19-R02C04",
              "F19-R03C04"
            ],
            "inside_control_hull": true,
            "status": "derived-lettering-location",
            "projected_xy_m": [
              -6833370.47599679,
              5756057.30544766
            ],
            "lonlat": [
              -61.38521140639006,
              45.84820538794452
            ]
          }
        ],
        "geographic_role": "printed-lettering-only"
      }
    },
    {
      "type": "Feature",
      "id": "F19-JUD-052",
      "geometry": {
        "type": "MultiPoint",
        "coordinates": [
          [
            -61.366290192675635,
            45.862772977670595
          ],
          [
            -61.35998860946527,
            45.86417867134599
          ],
          [
            -61.35504415669121,
            45.86518358382952
          ]
        ]
      },
      "properties": {
        "id": "F19-JUD-052",
        "source_text": "River Denys Road",
        "kind": "road-name",
        "reading_status": "clear",
        "source_record_file": "../judique-inland.json",
        "source_record_sha256": "7335336af26c5a98ccf123c563e6de87d8be10dcc22d4391712e5d59990eeafa",
        "source_label_boxes_xywh": [
          [
            6445,
            3002,
            116,
            65
          ],
          [
            6589,
            2975,
            108,
            50
          ],
          [
            6700,
            2948,
            104,
            56
          ]
        ],
        "review_status": "source-reviewed-in-prior-pilot",
        "geometry": null,
        "placement_status": "deferred",
        "review_note": "Another printed instance of the name in F19-JUD-022, west of the large place lettering. Not a second proven route.",
        "fit_revision": "a6619d96ba8fa8279ea6a8027654a92b15942b9d",
        "fit_sha256": "fabbe2df06d4283c3ddbd3f9c259be5d966eb6391fdf6785711d5167891f0ca5",
        "label_anchors": [
          {
            "box_index": 0,
            "source_pixel_xy": [
              6503.0,
              3034.5
            ],
            "covering_crop_ids": [
              "F19-R02C05"
            ],
            "inside_control_hull": true,
            "status": "derived-lettering-location",
            "projected_xy_m": [
              -6831264.17612091,
              5758385.69804009
            ],
            "lonlat": [
              -61.366290192675635,
              45.862772977670595
            ]
          },
          {
            "box_index": 1,
            "source_pixel_xy": [
              6643.0,
              3000.0
            ],
            "covering_crop_ids": [
              "F19-R02C05"
            ],
            "inside_control_hull": true,
            "status": "derived-lettering-location",
            "projected_xy_m": [
              -6830562.68708674,
              5758610.40761396
            ],
            "lonlat": [
              -61.35998860946527,
              45.86417867134599
            ]
          },
          {
            "box_index": 2,
            "source_pixel_xy": [
              6752.0,
              2976.0
            ],
            "covering_crop_ids": [
              "F19-R02C05"
            ],
            "inside_control_hull": true,
            "status": "derived-lettering-location",
            "projected_xy_m": [
              -6830012.27312168,
              5758771.05310576
            ],
            "lonlat": [
              -61.35504415669121,
              45.86518358382952
            ]
          }
        ],
        "geographic_role": "printed-lettering-only"
      }
    },
    {
      "type": "Feature",
      "id": "F19-JUD-053",
      "geometry": {
        "type": "MultiPoint",
        "coordinates": [
          [
            -61.39210805147233,
            45.8415754018815
          ],
          [
            -61.38185216702331,
            45.84405383988894
          ],
          [
            -61.3783374883451,
            45.84965566543945
          ]
        ]
      },
      "properties": {
        "id": "F19-JUD-053",
        "source_text": "Old River Denys Road",
        "kind": "road-name",
        "reading_status": "clear",
        "source_record_file": "../judique-inland.json",
        "source_record_sha256": "7335336af26c5a98ccf123c563e6de87d8be10dcc22d4391712e5d59990eeafa",
        "source_label_boxes_xywh": [
          [
            5804,
            3633,
            209,
            67
          ],
          [
            6072,
            3544,
            123,
            109
          ],
          [
            6177,
            3367,
            91,
            120
          ]
        ],
        "review_status": "source-reviewed-in-prior-pilot",
        "geometry": null,
        "placement_status": "deferred",
        "review_note": "Curved multipart name south of Dennistown; preserve Old separately from the nearby River Denys Road.",
        "fit_revision": "a6619d96ba8fa8279ea6a8027654a92b15942b9d",
        "fit_sha256": "fabbe2df06d4283c3ddbd3f9c259be5d966eb6391fdf6785711d5167891f0ca5",
        "label_anchors": [
          {
            "box_index": 0,
            "source_pixel_xy": [
              5908.5,
              3666.5
            ],
            "covering_crop_ids": [
              "F19-R03C04"
            ],
            "inside_control_hull": true,
            "status": "derived-lettering-location",
            "projected_xy_m": [
              -6834138.20701553,
              5754997.81178801
            ],
            "lonlat": [
              -61.39210805147233,
              45.8415754018815
            ]
          },
          {
            "box_index": 1,
            "source_pixel_xy": [
              6133.5,
              3598.5
            ],
            "covering_crop_ids": [
              "F19-R02C04",
              "F19-R03C04"
            ],
            "inside_control_hull": true,
            "status": "derived-lettering-location",
            "projected_xy_m": [
              -6832996.52718103,
              5755393.85958505
            ],
            "lonlat": [
              -61.38185216702331,
              45.84405383988894
            ]
          },
          {
            "box_index": 2,
            "source_pixel_xy": [
              6222.5,
              3427.0
            ],
            "covering_crop_ids": [
              "F19-R02C04",
              "F19-R02C05"
            ],
            "inside_control_hull": true,
            "status": "derived-lettering-location",
            "projected_xy_m": [
              -6832605.27494027,
              5756289.08141178
            ],
            "lonlat": [
              -61.3783374883451,
              45.84965566543945
            ]
          }
        ],
        "geographic_role": "printed-lettering-only"
      }
    },
    {
      "type": "Feature",
      "id": "F19-JUD-054",
      "geometry": {
        "type": "MultiPoint",
        "coordinates": [
          [
            -61.368712382236765,
            45.845470336996385
          ],
          [
            -61.36196509923432,
            45.852571058176835
          ]
        ]
      },
      "properties": {
        "id": "F19-JUD-054",
        "source_text": "Graham River",
        "kind": "watercourse",
        "reading_status": "clear",
        "source_record_file": "../judique-inland.json",
        "source_record_sha256": "7335336af26c5a98ccf123c563e6de87d8be10dcc22d4391712e5d59990eeafa",
        "source_label_boxes_xywh": [
          [
            6341,
            3445,
            182,
            220
          ],
          [
            6517,
            3285,
            166,
            136
          ]
        ],
        "review_status": "source-reviewed-in-prior-pilot",
        "geometry": null,
        "placement_status": "deferred",
        "review_note": "Inland printed instance of F19-JUD-025; not a new river identity established by transcription.",
        "fit_revision": "a6619d96ba8fa8279ea6a8027654a92b15942b9d",
        "fit_sha256": "fabbe2df06d4283c3ddbd3f9c259be5d966eb6391fdf6785711d5167891f0ca5",
        "label_anchors": [
          {
            "box_index": 0,
            "source_pixel_xy": [
              6432.0,
              3555.0
            ],
            "covering_crop_ids": [
              "F19-R02C05",
              "F19-R03C05"
            ],
            "inside_control_hull": true,
            "status": "derived-lettering-location",
            "projected_xy_m": [
              -6831533.81302946,
              5755620.21997648
            ],
            "lonlat": [
              -61.368712382236765,
              45.845470336996385
            ]
          },
          {
            "box_index": 1,
            "source_pixel_xy": [
              6600.0,
              3353.0
            ],
            "covering_crop_ids": [
              "F19-R02C05"
            ],
            "inside_control_hull": true,
            "status": "derived-lettering-location",
            "projected_xy_m": [
              -6830782.70892139,
              5756755.02291899
            ],
            "lonlat": [
              -61.36196509923432,
              45.852571058176835
            ]
          }
        ],
        "geographic_role": "printed-lettering-only"
      }
    },
    {
      "type": "Feature",
      "id": "F19-JUD-055",
      "geometry": {
        "type": "MultiPoint",
        "coordinates": [
          [
            -61.33541734069034,
            45.86974117723622
          ],
          [
            -61.33114486324788,
            45.870960080770594
          ]
        ]
      },
      "properties": {
        "id": "F19-JUD-055",
        "source_text": "Old Road",
        "kind": "road-name",
        "reading_status": "clear",
        "source_record_file": "../judique-inland.json",
        "source_record_sha256": "7335336af26c5a98ccf123c563e6de87d8be10dcc22d4391712e5d59990eeafa",
        "source_label_boxes_xywh": [
          [
            7138,
            2813,
            75,
            72
          ],
          [
            7215,
            2781,
            102,
            59
          ]
        ],
        "review_status": "source-reviewed-in-prior-pilot",
        "geometry": null,
        "placement_status": "deferred",
        "review_note": "Generic historical route annotation on the upper branch near the river crossing.",
        "fit_revision": "a6619d96ba8fa8279ea6a8027654a92b15942b9d",
        "fit_sha256": "fabbe2df06d4283c3ddbd3f9c259be5d966eb6391fdf6785711d5167891f0ca5",
        "label_anchors": [
          {
            "box_index": 0,
            "source_pixel_xy": [
              7175.5,
              2849.0
            ],
            "covering_crop_ids": [
              "F19-R02C05"
            ],
            "inside_control_hull": true,
            "status": "derived-lettering-location",
            "projected_xy_m": [
              -6827827.42595857,
              5759499.66726782
            ],
            "lonlat": [
              -61.33541734069034,
              45.86974117723622
            ]
          },
          {
            "box_index": 1,
            "source_pixel_xy": [
              7266.0,
              2810.5
            ],
            "covering_crop_ids": [
              "F19-R02C05"
            ],
            "inside_control_hull": true,
            "status": "derived-lettering-location",
            "projected_xy_m": [
              -6827351.81594525,
              5759694.54128282
            ],
            "lonlat": [
              -61.33114486324788,
              45.870960080770594
            ]
          }
        ],
        "geographic_role": "printed-lettering-only"
      }
    },
    {
      "type": "Feature",
      "id": "F19-JUD-056",
      "geometry": {
        "type": "MultiPoint",
        "coordinates": [
          [
            -61.316404023264546,
            45.87215220620122
          ]
        ]
      },
      "properties": {
        "id": "F19-JUD-056",
        "source_text": "West Branch",
        "kind": "watercourse",
        "reading_status": "clear",
        "source_record_file": "../judique-inland.json",
        "source_record_sha256": "7335336af26c5a98ccf123c563e6de87d8be10dcc22d4391712e5d59990eeafa",
        "source_label_boxes_xywh": [
          [
            7537,
            2643,
            90,
            240
          ]
        ],
        "review_status": "source-reviewed-in-prior-pilot",
        "geometry": null,
        "placement_status": "deferred",
        "review_note": "Branch descriptor beside the road and stream north of the church. Parent watercourse identity unresolved.",
        "fit_revision": "a6619d96ba8fa8279ea6a8027654a92b15942b9d",
        "fit_sha256": "fabbe2df06d4283c3ddbd3f9c259be5d966eb6391fdf6785711d5167891f0ca5",
        "label_anchors": [
          {
            "box_index": 0,
            "source_pixel_xy": [
              7582.0,
              2763.0
            ],
            "covering_crop_ids": [
              "F19-R02C05",
              "F19-R02C06"
            ],
            "inside_control_hull": true,
            "status": "derived-lettering-location",
            "projected_xy_m": [
              -6825710.87314444,
              5759885.13824262
            ],
            "lonlat": [
              -61.316404023264546,
              45.87215220620122
            ]
          }
        ],
        "geographic_role": "printed-lettering-only"
      }
    },
    {
      "type": "Feature",
      "id": "F19-JUD-057",
      "geometry": {
        "type": "MultiPoint",
        "coordinates": [
          [
            -61.31655239438907,
            45.867003818742866
          ]
        ]
      },
      "properties": {
        "id": "F19-JUD-057",
        "source_text": "School",
        "kind": "school",
        "reading_status": "clear",
        "source_record_file": "../judique-inland.json",
        "source_record_sha256": "7335336af26c5a98ccf123c563e6de87d8be10dcc22d4391712e5d59990eeafa",
        "source_label_boxes_xywh": [
          [
            7535,
            2899,
            101,
            46
          ]
        ],
        "review_status": "source-reviewed-in-prior-pilot",
        "geometry": null,
        "placement_status": "deferred",
        "review_note": "School west of the main north-south road, near Church.",
        "fit_revision": "a6619d96ba8fa8279ea6a8027654a92b15942b9d",
        "fit_sha256": "fabbe2df06d4283c3ddbd3f9c259be5d966eb6391fdf6785711d5167891f0ca5",
        "label_anchors": [
          {
            "box_index": 0,
            "source_pixel_xy": [
              7585.5,
              2922.0
            ],
            "covering_crop_ids": [
              "F19-R02C05",
              "F19-R02C06"
            ],
            "inside_control_hull": true,
            "status": "derived-lettering-location",
            "projected_xy_m": [
              -6825727.38974247,
              5759062.04358309
            ],
            "lonlat": [
              -61.31655239438907,
              45.867003818742866
            ]
          }
        ],
        "geographic_role": "printed-lettering-only"
      }
    },
    {
      "type": "Feature",
      "id": "F19-JUD-058",
      "geometry": {
        "type": "MultiPoint",
        "coordinates": [
          [
            -61.31144065153366,
            45.86764528044894
          ]
        ]
      },
      "properties": {
        "id": "F19-JUD-058",
        "source_text": "Church",
        "kind": "church",
        "reading_status": "clear",
        "source_record_file": "../judique-inland.json",
        "source_record_sha256": "7335336af26c5a98ccf123c563e6de87d8be10dcc22d4391712e5d59990eeafa",
        "source_label_boxes_xywh": [
          [
            7631,
            2872,
            125,
            49
          ]
        ],
        "review_status": "source-reviewed-in-prior-pilot",
        "geometry": null,
        "placement_status": "deferred",
        "review_note": "Church beside a cross-like map symbol at the road junction; denomination not printed here.",
        "fit_revision": "a6619d96ba8fa8279ea6a8027654a92b15942b9d",
        "fit_sha256": "fabbe2df06d4283c3ddbd3f9c259be5d966eb6391fdf6785711d5167891f0ca5",
        "label_anchors": [
          {
            "box_index": 0,
            "source_pixel_xy": [
              7693.5,
              2896.5
            ],
            "covering_crop_ids": [
              "F19-R02C06"
            ],
            "inside_control_hull": true,
            "status": "derived-lettering-location",
            "projected_xy_m": [
              -6825158.35313074,
              5759164.59264407
            ],
            "lonlat": [
              -61.31144065153366,
              45.86764528044894
            ]
          }
        ],
        "geographic_role": "printed-lettering-only"
      }
    },
    {
      "type": "Feature",
      "id": "F19-JUD-059",
      "geometry": {
        "type": "MultiPoint",
        "coordinates": [
          [
            -61.30941712718024,
            45.86485079630732
          ]
        ]
      },
      "properties": {
        "id": "F19-JUD-059",
        "source_text": "River Denys Road",
        "kind": "named-place",
        "reading_status": "tentative",
        "source_record_file": "../judique-inland.json",
        "source_record_sha256": "7335336af26c5a98ccf123c563e6de87d8be10dcc22d4391712e5d59990eeafa",
        "source_label_boxes_xywh": [
          [
            7458,
            2937,
            563,
            86
          ]
        ],
        "review_status": "source-reviewed-in-prior-pilot",
        "geometry": null,
        "placement_status": "deferred",
        "review_note": "Large upright place-style lettering, unlike the smaller italic road lettering. Classification as a named place is provisional; it does not establish a settlement boundary.",
        "fit_revision": "a6619d96ba8fa8279ea6a8027654a92b15942b9d",
        "fit_sha256": "fabbe2df06d4283c3ddbd3f9c259be5d966eb6391fdf6785711d5167891f0ca5",
        "label_anchors": [
          {
            "box_index": 0,
            "source_pixel_xy": [
              7739.5,
              2980.0
            ],
            "covering_crop_ids": [
              "F19-R02C06"
            ],
            "inside_control_hull": true,
            "status": "derived-lettering-location",
            "projected_xy_m": [
              -6824933.09543011,
              5758717.85331053
            ],
            "lonlat": [
              -61.30941712718024,
              45.86485079630732
            ]
          }
        ],
        "geographic_role": "printed-lettering-only"
      }
    },
    {
      "type": "Feature",
      "id": "F19-JUD-060",
      "geometry": {
        "type": "MultiPoint",
        "coordinates": [
          [
            -61.2939333910805,
            45.86567716775172
          ]
        ]
      },
      "properties": {
        "id": "F19-JUD-060",
        "source_text": "Forge",
        "kind": "forge",
        "reading_status": "clear",
        "source_record_file": "../judique-inland.json",
        "source_record_sha256": "7335336af26c5a98ccf123c563e6de87d8be10dcc22d4391712e5d59990eeafa",
        "source_label_boxes_xywh": [
          [
            8017,
            2914,
            102,
            45
          ]
        ],
        "review_status": "source-reviewed-in-prior-pilot",
        "geometry": null,
        "placement_status": "deferred",
        "review_note": "Forge on a short road spur east of the large place label.",
        "fit_revision": "a6619d96ba8fa8279ea6a8027654a92b15942b9d",
        "fit_sha256": "fabbe2df06d4283c3ddbd3f9c259be5d966eb6391fdf6785711d5167891f0ca5",
        "label_anchors": [
          {
            "box_index": 0,
            "source_pixel_xy": [
              8068.0,
              2936.5
            ],
            "covering_crop_ids": [
              "F19-R02C06"
            ],
            "inside_control_hull": true,
            "status": "derived-lettering-location",
            "projected_xy_m": [
              -6823209.45381191,
              5758849.95858451
            ],
            "lonlat": [
              -61.2939333910805,
              45.86567716775172
            ]
          }
        ],
        "geographic_role": "printed-lettering-only"
      }
    },
    {
      "type": "Feature",
      "id": "F19-JUD-061",
      "geometry": {
        "type": "MultiPoint",
        "coordinates": [
          [
            -61.2787695481732,
            45.86772013257319
          ]
        ]
      },
      "properties": {
        "id": "F19-JUD-061",
        "source_text": "Gold Mine",
        "kind": "mine-annotation",
        "reading_status": "clear",
        "source_record_file": "../judique-inland.json",
        "source_record_sha256": "7335336af26c5a98ccf123c563e6de87d8be10dcc22d4391712e5d59990eeafa",
        "source_label_boxes_xywh": [
          [
            8307,
            2836,
            174,
            51
          ]
        ],
        "review_status": "source-reviewed-in-prior-pilot",
        "geometry": null,
        "placement_status": "deferred",
        "review_note": "Explicit historical mine label. No claim of operation, present resource, accessibility or exact modern site.",
        "fit_revision": "a6619d96ba8fa8279ea6a8027654a92b15942b9d",
        "fit_sha256": "fabbe2df06d4283c3ddbd3f9c259be5d966eb6391fdf6785711d5167891f0ca5",
        "label_anchors": [
          {
            "box_index": 0,
            "source_pixel_xy": [
              8394.0,
              2861.5
            ],
            "covering_crop_ids": [
              "F19-R02C06"
            ],
            "inside_control_hull": true,
            "status": "derived-lettering-location",
            "projected_xy_m": [
              -6821521.422541,
              5759176.55916435
            ],
            "lonlat": [
              -61.2787695481732,
              45.86772013257319
            ]
          }
        ],
        "geographic_role": "printed-lettering-only"
      }
    },
    {
      "type": "Feature",
      "id": "F19-JUD-062",
      "geometry": {
        "type": "MultiPoint",
        "coordinates": [
          [
            -61.27085305277927,
            45.86666623426034
          ],
          [
            -61.27096332051767,
            45.8658132929311
          ]
        ]
      },
      "properties": {
        "id": "F19-JUD-062",
        "source_text": "Quartz\nMill",
        "kind": "mill",
        "reading_status": "tentative",
        "source_record_file": "../judique-inland.json",
        "source_record_sha256": "7335336af26c5a98ccf123c563e6de87d8be10dcc22d4391712e5d59990eeafa",
        "source_label_boxes_xywh": [
          [
            8509,
            2866,
            116,
            49
          ],
          [
            8521,
            2893,
            88,
            48
          ]
        ],
        "review_status": "source-reviewed-in-prior-pilot",
        "geometry": null,
        "placement_status": "deferred",
        "review_note": "Quartz and Mill are legible; nearby Falls lettering overlaps or adjoins the first line. Separation into two annotations is tentative.",
        "fit_revision": "a6619d96ba8fa8279ea6a8027654a92b15942b9d",
        "fit_sha256": "fabbe2df06d4283c3ddbd3f9c259be5d966eb6391fdf6785711d5167891f0ca5",
        "label_anchors": [
          {
            "box_index": 0,
            "source_pixel_xy": [
              8567.0,
              2890.5
            ],
            "covering_crop_ids": [
              "F19-R02C06"
            ],
            "inside_control_hull": true,
            "status": "derived-lettering-location",
            "projected_xy_m": [
              -6820640.16230488,
              5759008.07517548
            ],
            "lonlat": [
              -61.27085305277927,
              45.86666623426034
            ]
          },
          {
            "box_index": 1,
            "source_pixel_xy": [
              8565.0,
              2917.0
            ],
            "covering_crop_ids": [
              "F19-R02C06"
            ],
            "inside_control_hull": true,
            "status": "derived-lettering-location",
            "projected_xy_m": [
              -6820652.43725337,
              5758871.71999691
            ],
            "lonlat": [
              -61.27096332051767,
              45.8658132929311
            ]
          }
        ],
        "geographic_role": "printed-lettering-only"
      }
    },
    {
      "type": "Feature",
      "id": "F19-JUD-063",
      "geometry": {
        "type": "MultiPoint",
        "coordinates": [
          [
            -61.3267718701428,
            45.84896804403154
          ]
        ]
      },
      "properties": {
        "id": "F19-JUD-063",
        "source_text": "Doug. MᶜDonald",
        "kind": "person-label",
        "reading_status": "clear",
        "source_record_file": "../judique-inland.json",
        "source_record_sha256": "7335336af26c5a98ccf123c563e6de87d8be10dcc22d4391712e5d59990eeafa",
        "source_label_boxes_xywh": [
          [
            7275,
            3465,
            234,
            50
          ]
        ],
        "review_status": "source-reviewed-in-prior-pilot",
        "geometry": null,
        "placement_status": "deferred",
        "review_note": "Abbreviated personal name south of the River Denys Road place lettering; arrow nearby is not treated as a property boundary.",
        "fit_revision": "a6619d96ba8fa8279ea6a8027654a92b15942b9d",
        "fit_sha256": "fabbe2df06d4283c3ddbd3f9c259be5d966eb6391fdf6785711d5167891f0ca5",
        "label_anchors": [
          {
            "box_index": 0,
            "source_pixel_xy": [
              7392.0,
              3490.0
            ],
            "covering_crop_ids": [
              "F19-R02C05",
              "F19-R03C05"
            ],
            "inside_control_hull": true,
            "status": "derived-lettering-location",
            "projected_xy_m": [
              -6826865.01657955,
              5756179.1885065
            ],
            "lonlat": [
              -61.3267718701428,
              45.84896804403154
            ]
          }
        ],
        "geographic_role": "printed-lettering-only"
      }
    },
    {
      "type": "Feature",
      "id": "F19-JUD-064",
      "geometry": {
        "type": "MultiPoint",
        "coordinates": [
          [
            -61.26309365555939,
            45.88280241189113
          ],
          [
            -61.25297568344918,
            45.87603121892806
          ]
        ]
      },
      "properties": {
        "id": "F19-JUD-064",
        "source_text": "Diogenes Brook",
        "kind": "watercourse",
        "reading_status": "clear",
        "source_record_file": "../judique-inland.json",
        "source_record_sha256": "7335336af26c5a98ccf123c563e6de87d8be10dcc22d4391712e5d59990eeafa",
        "source_label_boxes_xywh": [
          [
            8636,
            2301,
            187,
            166
          ],
          [
            8885,
            2508,
            136,
            171
          ]
        ],
        "review_status": "source-reviewed-in-prior-pilot",
        "geometry": null,
        "placement_status": "deferred",
        "review_note": "Eastern multipart instance; completed in an edge-context window outside the core region. Separate from the upstream lettering F19-JUD-047.",
        "fit_revision": "a6619d96ba8fa8279ea6a8027654a92b15942b9d",
        "fit_sha256": "fabbe2df06d4283c3ddbd3f9c259be5d966eb6391fdf6785711d5167891f0ca5",
        "label_anchors": [
          {
            "box_index": 0,
            "source_pixel_xy": [
              8729.5,
              2384.0
            ],
            "covering_crop_ids": [
              "F19-R01C06",
              "F19-R01C07",
              "F19-R02C06",
              "F19-R02C07"
            ],
            "inside_control_hull": true,
            "status": "derived-lettering-location",
            "projected_xy_m": [
              -6819776.3901575,
              5761588.07408731
            ],
            "lonlat": [
              -61.26309365555939,
              45.88280241189113
            ]
          },
          {
            "box_index": 1,
            "source_pixel_xy": [
              8953.0,
              2593.5
            ],
            "covering_crop_ids": [
              "F19-R02C07"
            ],
            "inside_control_hull": true,
            "status": "derived-lettering-location",
            "projected_xy_m": [
              -6818650.06265433,
              5760505.34291701
            ],
            "lonlat": [
              -61.25297568344918,
              45.87603121892806
            ]
          }
        ],
        "geographic_role": "printed-lettering-only"
      }
    },
    {
      "type": "Feature",
      "id": "F19-JUD-065",
      "geometry": {
        "type": "MultiPoint",
        "coordinates": [
          [
            -61.3034700359439,
            45.85017438885767
          ],
          [
            -61.30057838965982,
            45.84650862494969
          ]
        ]
      },
      "properties": {
        "id": "F19-JUD-065",
        "source_text": "West Branch",
        "kind": "watercourse",
        "reading_status": "clear",
        "source_record_file": "../judique-inland.json",
        "source_record_sha256": "7335336af26c5a98ccf123c563e6de87d8be10dcc22d4391712e5d59990eeafa",
        "source_label_boxes_xywh": [
          [
            7798,
            3358,
            157,
            129
          ],
          [
            7885,
            3450,
            108,
            164
          ]
        ],
        "review_status": "source-reviewed-in-prior-pilot",
        "geometry": null,
        "placement_status": "deferred",
        "review_note": "Southern West Branch annotation; parent name not supplied by this label.",
        "fit_revision": "a6619d96ba8fa8279ea6a8027654a92b15942b9d",
        "fit_sha256": "fabbe2df06d4283c3ddbd3f9c259be5d966eb6391fdf6785711d5167891f0ca5",
        "label_anchors": [
          {
            "box_index": 0,
            "source_pixel_xy": [
              7876.5,
              3422.5
            ],
            "covering_crop_ids": [
              "F19-R02C06"
            ],
            "inside_control_hull": true,
            "status": "derived-lettering-location",
            "projected_xy_m": [
              -6824271.06826198,
              5756371.98261436
            ],
            "lonlat": [
              -61.3034700359439,
              45.85017438885767
            ]
          },
          {
            "box_index": 1,
            "source_pixel_xy": [
              7939.0,
              3532.0
            ],
            "covering_crop_ids": [
              "F19-R02C06",
              "F19-R03C06"
            ],
            "inside_control_hull": true,
            "status": "derived-lettering-location",
            "projected_xy_m": [
              -6823949.17167008,
              5755786.14509691
            ],
            "lonlat": [
              -61.30057838965982,
              45.84650862494969
            ]
          }
        ],
        "geographic_role": "printed-lettering-only"
      }
    },
    {
      "type": "Feature",
      "id": "F19-JUD-066",
      "geometry": {
        "type": "MultiPoint",
        "coordinates": [
          [
            -61.289089100701375,
            45.85107509858066
          ],
          [
            -61.28375009952795,
            45.84772919529132
          ]
        ]
      },
      "properties": {
        "id": "F19-JUD-066",
        "source_text": "East Branch",
        "kind": "watercourse",
        "reading_status": "clear",
        "source_record_file": "../judique-inland.json",
        "source_record_sha256": "7335336af26c5a98ccf123c563e6de87d8be10dcc22d4391712e5d59990eeafa",
        "source_label_boxes_xywh": [
          [
            8124,
            3328,
            109,
            102
          ],
          [
            8217,
            3416,
            157,
            130
          ]
        ],
        "review_status": "source-reviewed-in-prior-pilot",
        "geometry": null,
        "placement_status": "deferred",
        "review_note": "Southern East Branch annotation; relation to West Branch requires tracing.",
        "fit_revision": "a6619d96ba8fa8279ea6a8027654a92b15942b9d",
        "fit_sha256": "fabbe2df06d4283c3ddbd3f9c259be5d966eb6391fdf6785711d5167891f0ca5",
        "label_anchors": [
          {
            "box_index": 0,
            "source_pixel_xy": [
              8178.5,
              3379.0
            ],
            "covering_crop_ids": [
              "F19-R02C06"
            ],
            "inside_control_hull": true,
            "status": "derived-lettering-location",
            "projected_xy_m": [
              -6822670.18987365,
              5756515.93384037
            ],
            "lonlat": [
              -61.289089100701375,
              45.85107509858066
            ]
          },
          {
            "box_index": 1,
            "source_pixel_xy": [
              8295.5,
              3481.0
            ],
            "covering_crop_ids": [
              "F19-R02C06",
              "F19-R03C06"
            ],
            "inside_control_hull": true,
            "status": "derived-lettering-location",
            "projected_xy_m": [
              -6822075.85498168,
              5755981.20408057
            ],
            "lonlat": [
              -61.28375009952795,
              45.84772919529132
            ]
          }
        ],
        "geographic_role": "printed-lettering-only"
      }
    },
    {
      "type": "Feature",
      "id": "F19-JUD-067",
      "geometry": {
        "type": "MultiPoint",
        "coordinates": [
          [
            -61.27982167282797,
            45.848205921353895
          ],
          [
            -61.27578511417398,
            45.85362709789596
          ]
        ]
      },
      "properties": {
        "id": "F19-JUD-067",
        "source_text": "Victoria Road",
        "kind": "road-name",
        "reading_status": "clear",
        "source_record_file": "../judique-inland.json",
        "source_record_sha256": "7335336af26c5a98ccf123c563e6de87d8be10dcc22d4391712e5d59990eeafa",
        "source_label_boxes_xywh": [
          [
            8358,
            3393,
            45,
            145
          ],
          [
            8419,
            3247,
            93,
            98
          ]
        ],
        "review_status": "source-reviewed-in-prior-pilot",
        "geometry": null,
        "placement_status": "deferred",
        "review_note": "Vertical/diagonal multipart lettering next to a road distinct from the railway.",
        "fit_revision": "a6619d96ba8fa8279ea6a8027654a92b15942b9d",
        "fit_sha256": "fabbe2df06d4283c3ddbd3f9c259be5d966eb6391fdf6785711d5167891f0ca5",
        "label_anchors": [
          {
            "box_index": 0,
            "source_pixel_xy": [
              8380.5,
              3465.5
            ],
            "covering_crop_ids": [
              "F19-R02C06",
              "F19-R03C06"
            ],
            "inside_control_hull": true,
            "status": "derived-lettering-location",
            "projected_xy_m": [
              -6821638.54452182,
              5756057.39069332
            ],
            "lonlat": [
              -61.27982167282797,
              45.848205921353895
            ]
          },
          {
            "box_index": 1,
            "source_pixel_xy": [
              8465.5,
              3296.0
            ],
            "covering_crop_ids": [
              "F19-R02C06"
            ],
            "inside_control_hull": true,
            "status": "derived-lettering-location",
            "projected_xy_m": [
              -6821189.1968679,
              5756923.80645899
            ],
            "lonlat": [
              -61.27578511417398,
              45.85362709789596
            ]
          }
        ],
        "geographic_role": "printed-lettering-only"
      }
    },
    {
      "type": "Feature",
      "id": "F19-JUD-068",
      "geometry": {
        "type": "MultiPoint",
        "coordinates": [
          [
            -61.27034299255087,
            45.84298911212046
          ]
        ]
      },
      "properties": {
        "id": "F19-JUD-068",
        "source_text": "MᶜLennan's Mill",
        "kind": "mill",
        "reading_status": "clear",
        "source_record_file": "../judique-inland.json",
        "source_record_sha256": "7335336af26c5a98ccf123c563e6de87d8be10dcc22d4391712e5d59990eeafa",
        "source_label_boxes_xywh": [
          [
            8468,
            3605,
            247,
            53
          ]
        ],
        "review_status": "source-reviewed-in-prior-pilot",
        "geometry": null,
        "placement_status": "deferred",
        "review_note": "Personal-name mill label near road and stream crossing. Not a proven association with any modern mill site.",
        "fit_revision": "a6619d96ba8fa8279ea6a8027654a92b15942b9d",
        "fit_sha256": "fabbe2df06d4283c3ddbd3f9c259be5d966eb6391fdf6785711d5167891f0ca5",
        "label_anchors": [
          {
            "box_index": 0,
            "source_pixel_xy": [
              8591.5,
              3631.5
            ],
            "covering_crop_ids": [
              "F19-R03C06"
            ],
            "inside_control_hull": true,
            "status": "derived-lettering-location",
            "projected_xy_m": [
              -6820583.38265998,
              5755223.7167598
            ],
            "lonlat": [
              -61.27034299255087,
              45.84298911212046
            ]
          }
        ],
        "geographic_role": "printed-lettering-only"
      }
    },
    {
      "type": "Feature",
      "id": "F19-JUD-069",
      "geometry": {
        "type": "MultiPoint",
        "coordinates": [
          [
            -61.29498691257332,
            45.84212495395692
          ]
        ]
      },
      "properties": {
        "id": "F19-JUD-069",
        "source_text": "Fall 25",
        "kind": "waterfall-annotation",
        "reading_status": "tentative",
        "source_record_file": "../judique-inland.json",
        "source_record_sha256": "7335336af26c5a98ccf123c563e6de87d8be10dcc22d4391712e5d59990eeafa",
        "source_label_boxes_xywh": [
          [
            7993,
            3639,
            132,
            48
          ]
        ],
        "review_status": "source-reviewed-in-prior-pilot",
        "geometry": null,
        "placement_status": "deferred",
        "review_note": "Numerals read 25 after enlargement; no trailing unit mark confidently resolved. Preserve text without supplying a unit.",
        "fit_revision": "a6619d96ba8fa8279ea6a8027654a92b15942b9d",
        "fit_sha256": "fabbe2df06d4283c3ddbd3f9c259be5d966eb6391fdf6785711d5167891f0ca5",
        "label_anchors": [
          {
            "box_index": 0,
            "source_pixel_xy": [
              8059.0,
              3663.0
            ],
            "covering_crop_ids": [
              "F19-R03C06"
            ],
            "inside_control_hull": true,
            "status": "derived-lettering-location",
            "projected_xy_m": [
              -6823326.73128803,
              5755085.62722467
            ],
            "lonlat": [
              -61.29498691257332,
              45.84212495395692
            ]
          }
        ],
        "geographic_role": "printed-lettering-only"
      }
    },
    {
      "type": "Feature",
      "id": "F19-JUD-070",
      "geometry": {
        "type": "MultiPoint",
        "coordinates": [
          [
            -61.26762877405053,
            45.86681372682304
          ]
        ]
      },
      "properties": {
        "id": "F19-JUD-070",
        "source_text": "Falls",
        "kind": "waterfall-annotation",
        "reading_status": "tentative",
        "source_record_file": "../judique-inland.json",
        "source_record_sha256": "7335336af26c5a98ccf123c563e6de87d8be10dcc22d4391712e5d59990eeafa",
        "source_label_boxes_xywh": [
          [
            8575,
            2860,
            125,
            50
          ]
        ],
        "review_status": "source-reviewed-in-prior-pilot",
        "geometry": null,
        "placement_status": "deferred",
        "review_note": "Small lettering beside Quartz/Mill. This separation is tentative and could be revised on human review.",
        "fit_revision": "a6619d96ba8fa8279ea6a8027654a92b15942b9d",
        "fit_sha256": "fabbe2df06d4283c3ddbd3f9c259be5d966eb6391fdf6785711d5167891f0ca5",
        "label_anchors": [
          {
            "box_index": 0,
            "source_pixel_xy": [
              8637.5,
              2885.0
            ],
            "covering_crop_ids": [
              "F19-R02C06",
              "F19-R02C07"
            ],
            "inside_control_hull": true,
            "status": "derived-lettering-location",
            "projected_xy_m": [
              -6820281.23723862,
              5759031.65423656
            ],
            "lonlat": [
              -61.26762877405053,
              45.86681372682304
            ]
          }
        ],
        "geographic_role": "printed-lettering-only"
      }
    },
    {
      "type": "Feature",
      "id": "F19-JUD-071",
      "geometry": {
        "type": "MultiPoint",
        "coordinates": [
          [
            -61.43429996635902,
            45.836266752083745
          ]
        ]
      },
      "properties": {
        "id": "F19-JUD-071",
        "source_text": "School",
        "kind": "school",
        "reading_status": "clear",
        "source_record_file": "../judique-south.json",
        "source_record_sha256": "5c61af33c89717d77c9296ba2159e9ac5a3f388fa351b959dabb6af72c759ad8",
        "source_label_boxes_xywh": [
          [
            4968,
            3752,
            87,
            37
          ]
        ],
        "review_status": "source-reviewed-in-prior-pilot",
        "geometry": null,
        "placement_status": "deferred",
        "review_note": "Northern school in the hatched area; separate printed occurrence from the school immediately southeast.",
        "fit_revision": "a6619d96ba8fa8279ea6a8027654a92b15942b9d",
        "fit_sha256": "fabbe2df06d4283c3ddbd3f9c259be5d966eb6391fdf6785711d5167891f0ca5",
        "label_anchors": [
          {
            "box_index": 0,
            "source_pixel_xy": [
              5011.5,
              3770.5
            ],
            "covering_crop_ids": [
              "F19-R03C03",
              "F19-R03C04"
            ],
            "inside_control_hull": true,
            "status": "derived-lettering-location",
            "projected_xy_m": [
              -6838834.98949631,
              5754149.56304116
            ],
            "lonlat": [
              -61.43429996635902,
              45.836266752083745
            ]
          }
        ],
        "geographic_role": "printed-lettering-only"
      }
    },
    {
      "type": "Feature",
      "id": "F19-JUD-072",
      "geometry": {
        "type": "MultiPoint",
        "coordinates": [
          [
            -61.41716503099077,
            45.836916948307945
          ]
        ]
      },
      "properties": {
        "id": "F19-JUD-072",
        "source_text": "School",
        "kind": "school",
        "reading_status": "clear",
        "source_record_file": "../judique-south.json",
        "source_record_sha256": "5c61af33c89717d77c9296ba2159e9ac5a3f388fa351b959dabb6af72c759ad8",
        "source_label_boxes_xywh": [
          [
            5329,
            3750,
            90,
            38
          ]
        ],
        "review_status": "source-reviewed-in-prior-pilot",
        "geometry": null,
        "placement_status": "deferred",
        "review_note": "School on the eastern road in the orange fill.",
        "fit_revision": "a6619d96ba8fa8279ea6a8027654a92b15942b9d",
        "fit_sha256": "fabbe2df06d4283c3ddbd3f9c259be5d966eb6391fdf6785711d5167891f0ca5",
        "label_anchors": [
          {
            "box_index": 0,
            "source_pixel_xy": [
              5374.0,
              3769.0
            ],
            "covering_crop_ids": [
              "F19-R03C04"
            ],
            "inside_control_hull": true,
            "status": "derived-lettering-location",
            "projected_xy_m": [
              -6836927.53721634,
              5754253.45104785
            ],
            "lonlat": [
              -61.41716503099077,
              45.836916948307945
            ]
          }
        ],
        "geographic_role": "printed-lettering-only"
      }
    },
    {
      "type": "Feature",
      "id": "F19-JUD-073",
      "geometry": {
        "type": "MultiPoint",
        "coordinates": [
          [
            -61.43062508489591,
            45.83434638081945
          ]
        ]
      },
      "properties": {
        "id": "F19-JUD-073",
        "source_text": "School",
        "kind": "school",
        "reading_status": "clear",
        "source_record_file": "../judique-south.json",
        "source_record_sha256": "5c61af33c89717d77c9296ba2159e9ac5a3f388fa351b959dabb6af72c759ad8",
        "source_label_boxes_xywh": [
          [
            5045,
            3808,
            90,
            40
          ]
        ],
        "review_status": "source-reviewed-in-prior-pilot",
        "geometry": null,
        "placement_status": "deferred",
        "review_note": "Separate school southeast of F19-JUD-071; no assertion about shared or distinct premises.",
        "fit_revision": "a6619d96ba8fa8279ea6a8027654a92b15942b9d",
        "fit_sha256": "fabbe2df06d4283c3ddbd3f9c259be5d966eb6391fdf6785711d5167891f0ca5",
        "label_anchors": [
          {
            "box_index": 0,
            "source_pixel_xy": [
              5090.0,
              3828.0
            ],
            "covering_crop_ids": [
              "F19-R03C03",
              "F19-R03C04"
            ],
            "inside_control_hull": true,
            "status": "derived-lettering-location",
            "projected_xy_m": [
              -6838425.90356311,
              5753842.73422929
            ],
            "lonlat": [
              -61.43062508489591,
              45.83434638081945
            ]
          }
        ],
        "geographic_role": "printed-lettering-only"
      }
    },
    {
      "type": "Feature",
      "id": "F19-JUD-074",
      "geometry": {
        "type": "MultiPoint",
        "coordinates": [
          [
            -61.481359425257004,
            45.83255550377584
          ]
        ]
      },
      "properties": {
        "id": "F19-JUD-074",
        "source_text": "Forge",
        "kind": "forge",
        "reading_status": "clear",
        "source_record_file": "../judique-south.json",
        "source_record_sha256": "5c61af33c89717d77c9296ba2159e9ac5a3f388fa351b959dabb6af72c759ad8",
        "source_label_boxes_xywh": [
          [
            3926,
            3851,
            87,
            41
          ]
        ],
        "review_status": "source-reviewed-in-prior-pilot",
        "geometry": null,
        "placement_status": "deferred",
        "review_note": "Forge by the north-south road in the striped coastal area.",
        "fit_revision": "a6619d96ba8fa8279ea6a8027654a92b15942b9d",
        "fit_sha256": "fabbe2df06d4283c3ddbd3f9c259be5d966eb6391fdf6785711d5167891f0ca5",
        "label_anchors": [
          {
            "box_index": 0,
            "source_pixel_xy": [
              3969.5,
              3871.5
            ],
            "covering_crop_ids": [
              "F19-R03C02",
              "F19-R03C03"
            ],
            "inside_control_hull": true,
            "status": "derived-lettering-location",
            "projected_xy_m": [
              -6844073.62449784,
              5753556.60499808
            ],
            "lonlat": [
              -61.481359425257004,
              45.83255550377584
            ]
          }
        ],
        "geographic_role": "printed-lettering-only"
      }
    },
    {
      "type": "Feature",
      "id": "F19-JUD-075",
      "geometry": {
        "type": "MultiPoint",
        "coordinates": [
          [
            -61.39729983938667,
            45.83034188750829
          ]
        ]
      },
      "properties": {
        "id": "F19-JUD-075",
        "source_text": "D. MᶜPherson",
        "kind": "person-label",
        "reading_status": "clear",
        "source_record_file": "../judique-south.json",
        "source_record_sha256": "5c61af33c89717d77c9296ba2159e9ac5a3f388fa351b959dabb6af72c759ad8",
        "source_label_boxes_xywh": [
          [
            5692,
            3960,
            203,
            37
          ]
        ],
        "review_status": "source-reviewed-in-prior-pilot",
        "geometry": null,
        "placement_status": "deferred",
        "review_note": "Completed beyond the worker crop edge using E01; abbreviation retained.",
        "fit_revision": "a6619d96ba8fa8279ea6a8027654a92b15942b9d",
        "fit_sha256": "fabbe2df06d4283c3ddbd3f9c259be5d966eb6391fdf6785711d5167891f0ca5",
        "label_anchors": [
          {
            "box_index": 0,
            "source_pixel_xy": [
              5793.5,
              3978.5
            ],
            "covering_crop_ids": [
              "F19-R03C04"
            ],
            "inside_control_hull": true,
            "status": "derived-lettering-location",
            "projected_xy_m": [
              -6834716.15420246,
              5753202.94725431
            ],
            "lonlat": [
              -61.39729983938667,
              45.83034188750829
            ]
          }
        ],
        "geographic_role": "printed-lettering-only"
      }
    },
    {
      "type": "Feature",
      "id": "F19-JUD-076",
      "geometry": {
        "type": "MultiPoint",
        "coordinates": [
          [
            -61.40652702454148,
            45.828886675541135
          ]
        ]
      },
      "properties": {
        "id": "F19-JUD-076",
        "source_text": "J. MᶜPherson",
        "kind": "person-label",
        "reading_status": "clear",
        "source_record_file": "../judique-south.json",
        "source_record_sha256": "5c61af33c89717d77c9296ba2159e9ac5a3f388fa351b959dabb6af72c759ad8",
        "source_label_boxes_xywh": [
          [
            5495,
            3995,
            199,
            39
          ]
        ],
        "review_status": "source-reviewed-in-prior-pilot",
        "geometry": null,
        "placement_status": "deferred",
        "review_note": "Expanded the candidate box to include the final letters; separate from nearby D. MᶜPherson.",
        "fit_revision": "a6619d96ba8fa8279ea6a8027654a92b15942b9d",
        "fit_sha256": "fabbe2df06d4283c3ddbd3f9c259be5d966eb6391fdf6785711d5167891f0ca5",
        "label_anchors": [
          {
            "box_index": 0,
            "source_pixel_xy": [
              5594.5,
              4014.5
            ],
            "covering_crop_ids": [
              "F19-R03C04"
            ],
            "inside_control_hull": true,
            "status": "derived-lettering-location",
            "projected_xy_m": [
              -6835743.31975535,
              5752970.46341021
            ],
            "lonlat": [
              -61.40652702454148,
              45.828886675541135
            ]
          }
        ],
        "geographic_role": "printed-lettering-only"
      }
    },
    {
      "type": "Feature",
      "id": "F19-JUD-077",
      "geometry": {
        "type": "MultiPoint",
        "coordinates": [
          [
            -61.44728157251732,
            45.82132872121318
          ]
        ]
      },
      "properties": {
        "id": "F19-JUD-077",
        "source_text": "Mill",
        "kind": "mill",
        "reading_status": "clear",
        "source_record_file": "../judique-south.json",
        "source_record_sha256": "5c61af33c89717d77c9296ba2159e9ac5a3f388fa351b959dabb6af72c759ad8",
        "source_label_boxes_xywh": [
          [
            4694,
            4185,
            69,
            40
          ]
        ],
        "review_status": "source-reviewed-in-prior-pilot",
        "geometry": null,
        "placement_status": "deferred",
        "review_note": "One singular Mill label spans adjacent worker windows; deduplicated by source position.",
        "fit_revision": "a6619d96ba8fa8279ea6a8027654a92b15942b9d",
        "fit_sha256": "fabbe2df06d4283c3ddbd3f9c259be5d966eb6391fdf6785711d5167891f0ca5",
        "label_anchors": [
          {
            "box_index": 0,
            "source_pixel_xy": [
              4728.5,
              4205.0
            ],
            "covering_crop_ids": [
              "F19-R03C03"
            ],
            "inside_control_hull": true,
            "status": "derived-lettering-location",
            "projected_xy_m": [
              -6840280.09528353,
              5751763.10663305
            ],
            "lonlat": [
              -61.44728157251732,
              45.82132872121318
            ]
          }
        ],
        "geographic_role": "printed-lettering-only"
      }
    },
    {
      "type": "Feature",
      "id": "F19-JUD-078",
      "geometry": {
        "type": "MultiPoint",
        "coordinates": [
          [
            -61.47320457724269,
            45.814226365273896
          ]
        ]
      },
      "properties": {
        "id": "F19-JUD-078",
        "source_text": "Mills",
        "kind": "mill",
        "reading_status": "clear",
        "source_record_file": "../judique-south.json",
        "source_record_sha256": "5c61af33c89717d77c9296ba2159e9ac5a3f388fa351b959dabb6af72c759ad8",
        "source_label_boxes_xywh": [
          [
            4119,
            4386,
            85,
            42
          ]
        ],
        "review_status": "source-reviewed-in-prior-pilot",
        "geometry": null,
        "placement_status": "deferred",
        "review_note": "Western plural Mills annotation; preserve the plural without inferring a count or type of structures.",
        "fit_revision": "a6619d96ba8fa8279ea6a8027654a92b15942b9d",
        "fit_sha256": "fabbe2df06d4283c3ddbd3f9c259be5d966eb6391fdf6785711d5167891f0ca5",
        "label_anchors": [
          {
            "box_index": 0,
            "source_pixel_xy": [
              4161.5,
              4407.0
            ],
            "covering_crop_ids": [
              "F19-R03C03"
            ],
            "inside_control_hull": true,
            "status": "derived-lettering-location",
            "projected_xy_m": [
              -6843165.83096939,
              5750628.67947126
            ],
            "lonlat": [
              -61.47320457724269,
              45.814226365273896
            ]
          }
        ],
        "geographic_role": "printed-lettering-only"
      }
    },
    {
      "type": "Feature",
      "id": "F19-JUD-079",
      "geometry": {
        "type": "MultiPoint",
        "coordinates": [
          [
            -61.463283958738955,
            45.8145106453222
          ]
        ]
      },
      "properties": {
        "id": "F19-JUD-079",
        "source_text": "Mills",
        "kind": "mill",
        "reading_status": "clear",
        "source_record_file": "../judique-south.json",
        "source_record_sha256": "5c61af33c89717d77c9296ba2159e9ac5a3f388fa351b959dabb6af72c759ad8",
        "source_label_boxes_xywh": [
          [
            4338,
            4386,
            85,
            42
          ]
        ],
        "review_status": "source-reviewed-in-prior-pilot",
        "geometry": null,
        "placement_status": "deferred",
        "review_note": "Separate eastern plural Mills annotation, retained independently of F19-JUD-078.",
        "fit_revision": "a6619d96ba8fa8279ea6a8027654a92b15942b9d",
        "fit_sha256": "fabbe2df06d4283c3ddbd3f9c259be5d966eb6391fdf6785711d5167891f0ca5",
        "label_anchors": [
          {
            "box_index": 0,
            "source_pixel_xy": [
              4380.5,
              4407.0
            ],
            "covering_crop_ids": [
              "F19-R03C03"
            ],
            "inside_control_hull": true,
            "status": "derived-lettering-location",
            "projected_xy_m": [
              -6842061.4727692,
              5750674.0834567
            ],
            "lonlat": [
              -61.463283958738955,
              45.8145106453222
            ]
          }
        ],
        "geographic_role": "printed-lettering-only"
      }
    },
    {
      "type": "Feature",
      "id": "F19-JUD-080",
      "geometry": {
        "type": "MultiPoint",
        "coordinates": [
          [
            -61.48798277993295,
            45.81157263384766
          ]
        ]
      },
      "properties": {
        "id": "F19-JUD-080",
        "source_text": "J Chisholm",
        "kind": "person-label",
        "reading_status": "clear",
        "source_record_file": "../judique-south.json",
        "source_record_sha256": "5c61af33c89717d77c9296ba2159e9ac5a3f388fa351b959dabb6af72c759ad8",
        "source_label_boxes_xywh": [
          [
            3749,
            4466,
            163,
            43
          ]
        ],
        "review_status": "source-reviewed-in-prior-pilot",
        "geometry": null,
        "placement_status": "deferred",
        "review_note": "J is not expanded. No period after the initial is confidently visible; overlapping partial J C is deduplicated.",
        "fit_revision": "a6619d96ba8fa8279ea6a8027654a92b15942b9d",
        "fit_sha256": "fabbe2df06d4283c3ddbd3f9c259be5d966eb6391fdf6785711d5167891f0ca5",
        "label_anchors": [
          {
            "box_index": 0,
            "source_pixel_xy": [
              3830.5,
              4487.5
            ],
            "covering_crop_ids": [
              "F19-R03C02",
              "F19-R03C03"
            ],
            "inside_control_hull": true,
            "status": "derived-lettering-location",
            "projected_xy_m": [
              -6844810.93296771,
              5750204.84809235
            ],
            "lonlat": [
              -61.48798277993295,
              45.81157263384766
            ]
          }
        ],
        "geographic_role": "printed-lettering-only"
      }
    },
    {
      "type": "Feature",
      "id": "F19-JUD-081",
      "geometry": {
        "type": "MultiPoint",
        "coordinates": [
          [
            -61.44972869154597,
            45.8084270664075
          ]
        ]
      },
      "properties": {
        "id": "F19-JUD-081",
        "source_text": "Chisholm Brook",
        "kind": "watercourse",
        "reading_status": "clear",
        "source_record_file": "../judique-south.json",
        "source_record_sha256": "5c61af33c89717d77c9296ba2159e9ac5a3f388fa351b959dabb6af72c759ad8",
        "source_label_boxes_xywh": [
          [
            4520,
            4487,
            300,
            229
          ]
        ],
        "review_status": "source-reviewed-in-prior-pilot",
        "geometry": null,
        "placement_status": "deferred",
        "review_note": "Continuous diagonal name completed across overlapping windows. Four whole/partial candidate records represent this one printed annotation; not merged with Rory Chisholm’s Brook.",
        "fit_revision": "a6619d96ba8fa8279ea6a8027654a92b15942b9d",
        "fit_sha256": "fabbe2df06d4283c3ddbd3f9c259be5d966eb6391fdf6785711d5167891f0ca5",
        "label_anchors": [
          {
            "box_index": 0,
            "source_pixel_xy": [
              4670.0,
              4601.5
            ],
            "covering_crop_ids": [
              "F19-R03C03"
            ],
            "inside_control_hull": true,
            "status": "derived-lettering-location",
            "projected_xy_m": [
              -6840552.50732771,
              5749702.4910094
            ],
            "lonlat": [
              -61.44972869154597,
              45.8084270664075
            ]
          }
        ],
        "geographic_role": "printed-lettering-only"
      }
    },
    {
      "type": "Feature",
      "id": "F19-JUD-082",
      "geometry": {
        "type": "MultiPoint",
        "coordinates": [
          [
            -61.47573800660766,
            45.809326473490785
          ]
        ]
      },
      "properties": {
        "id": "F19-JUD-082",
        "source_text": "P.O.",
        "kind": "post-office",
        "reading_status": "clear",
        "source_record_file": "../judique-south.json",
        "source_record_sha256": "5c61af33c89717d77c9296ba2159e9ac5a3f388fa351b959dabb6af72c759ad8",
        "source_label_boxes_xywh": [
          [
            4067,
            4537,
            71,
            37
          ]
        ],
        "review_status": "source-reviewed-in-prior-pilot",
        "geometry": null,
        "placement_status": "deferred",
        "review_note": "Abbreviated post-office label north of the inland Long Point lettering.",
        "fit_revision": "a6619d96ba8fa8279ea6a8027654a92b15942b9d",
        "fit_sha256": "fabbe2df06d4283c3ddbd3f9c259be5d966eb6391fdf6785711d5167891f0ca5",
        "label_anchors": [
          {
            "box_index": 0,
            "source_pixel_xy": [
              4102.5,
              4555.5
            ],
            "covering_crop_ids": [
              "F19-R03C03"
            ],
            "inside_control_hull": true,
            "status": "derived-lettering-location",
            "projected_xy_m": [
              -6843447.85103626,
              5749846.126273
            ],
            "lonlat": [
              -61.47573800660766,
              45.809326473490785
            ]
          }
        ],
        "geographic_role": "printed-lettering-only"
      }
    },
    {
      "type": "Feature",
      "id": "F19-JUD-083",
      "geometry": {
        "type": "MultiPoint",
        "coordinates": [
          [
            -61.47781270878789,
            45.80374617110832
          ]
        ]
      },
      "properties": {
        "id": "F19-JUD-083",
        "source_text": "Long Point",
        "kind": "named-place",
        "reading_status": "clear",
        "source_record_file": "../judique-south.json",
        "source_record_sha256": "5c61af33c89717d77c9296ba2159e9ac5a3f388fa351b959dabb6af72c759ad8",
        "source_label_boxes_xywh": [
          [
            3890,
            4690,
            340,
            78
          ]
        ],
        "review_status": "source-reviewed-in-prior-pilot",
        "geometry": null,
        "placement_status": "deferred",
        "review_note": "Large lettering inland beside the coastal road; provisionally a place label. Separate from the coastal-point lettering F19-JUD-084. No settlement boundary inferred.",
        "fit_revision": "a6619d96ba8fa8279ea6a8027654a92b15942b9d",
        "fit_sha256": "fabbe2df06d4283c3ddbd3f9c259be5d966eb6391fdf6785711d5167891f0ca5",
        "label_anchors": [
          {
            "box_index": 0,
            "source_pixel_xy": [
              4060.0,
              4729.0
            ],
            "covering_crop_ids": [
              "F19-R03C03",
              "F19-R04C03"
            ],
            "inside_control_hull": true,
            "status": "derived-lettering-location",
            "projected_xy_m": [
              -6843678.80582651,
              5748954.98972024
            ],
            "lonlat": [
              -61.47781270878789,
              45.80374617110832
            ]
          }
        ],
        "geographic_role": "printed-lettering-only"
      }
    },
    {
      "type": "Feature",
      "id": "F19-JUD-084",
      "geometry": {
        "type": "MultiPoint",
        "coordinates": [
          [
            -61.50372777634158,
            45.801927994665334
          ]
        ]
      },
      "properties": {
        "id": "F19-JUD-084",
        "source_text": "Long Point",
        "kind": "cape",
        "reading_status": "clear",
        "source_record_file": "../judique-south.json",
        "source_record_sha256": "5c61af33c89717d77c9296ba2159e9ac5a3f388fa351b959dabb6af72c759ad8",
        "source_label_boxes_xywh": [
          [
            3329,
            4754,
            320,
            69
          ]
        ],
        "review_status": "source-reviewed-in-prior-pilot",
        "geometry": null,
        "placement_status": "deferred",
        "review_note": "Separate occurrence west of the coastal point, retained independently of the inland place lettering. No modern shoreline anchor assigned.",
        "fit_revision": "a6619d96ba8fa8279ea6a8027654a92b15942b9d",
        "fit_sha256": "fabbe2df06d4283c3ddbd3f9c259be5d966eb6391fdf6785711d5167891f0ca5",
        "label_anchors": [
          {
            "box_index": 0,
            "source_pixel_xy": [
              3489.0,
              4788.5
            ],
            "covering_crop_ids": [
              "F19-R03C02",
              "F19-R04C02"
            ],
            "inside_control_hull": false,
            "status": "derived-lettering-location",
            "projected_xy_m": [
              -6846563.65795046,
              5748664.65851795
            ],
            "lonlat": [
              -61.50372777634158,
              45.801927994665334
            ]
          }
        ],
        "geographic_role": "printed-lettering-only"
      }
    },
    {
      "type": "Feature",
      "id": "F19-JUD-085",
      "geometry": {
        "type": "MultiPoint",
        "coordinates": [
          [
            -61.48249503093189,
            45.80108335731087
          ]
        ]
      },
      "properties": {
        "id": "F19-JUD-085",
        "source_text": "Forge",
        "kind": "forge",
        "reading_status": "clear",
        "source_record_file": "../judique-south.json",
        "source_record_sha256": "5c61af33c89717d77c9296ba2159e9ac5a3f388fa351b959dabb6af72c759ad8",
        "source_label_boxes_xywh": [
          [
            3910,
            4790,
            99,
            45
          ]
        ],
        "review_status": "source-reviewed-in-prior-pilot",
        "geometry": null,
        "placement_status": "deferred",
        "review_note": "Forge just south of the inland Long Point label.",
        "fit_revision": "a6619d96ba8fa8279ea6a8027654a92b15942b9d",
        "fit_sha256": "fabbe2df06d4283c3ddbd3f9c259be5d966eb6391fdf6785711d5167891f0ca5",
        "label_anchors": [
          {
            "box_index": 0,
            "source_pixel_xy": [
              3959.5,
              4812.5
            ],
            "covering_crop_ids": [
              "F19-R03C02",
              "F19-R03C03",
              "F19-R04C02",
              "F19-R04C03"
            ],
            "inside_control_hull": true,
            "status": "derived-lettering-location",
            "projected_xy_m": [
              -6844200.03954331,
              5748529.78782408
            ],
            "lonlat": [
              -61.48249503093189,
              45.80108335731087
            ]
          }
        ],
        "geographic_role": "printed-lettering-only"
      }
    },
    {
      "type": "Feature",
      "id": "F19-JUD-086",
      "geometry": {
        "type": "MultiPoint",
        "coordinates": [
          [
            -61.45487930934168,
            45.79474008004608
          ]
        ]
      },
      "properties": {
        "id": "F19-JUD-086",
        "source_text": "Farm Road",
        "kind": "road-name",
        "reading_status": "clear",
        "source_record_file": "../judique-south.json",
        "source_record_sha256": "5c61af33c89717d77c9296ba2159e9ac5a3f388fa351b959dabb6af72c759ad8",
        "source_label_boxes_xywh": [
          [
            4455,
            4960,
            247,
            127
          ]
        ],
        "review_status": "source-reviewed-in-prior-pilot",
        "geometry": null,
        "placement_status": "deferred",
        "review_note": "Curved historical road lettering. Candidate box expanded to retain the initial F; alignment not traced.",
        "fit_revision": "a6619d96ba8fa8279ea6a8027654a92b15942b9d",
        "fit_sha256": "fabbe2df06d4283c3ddbd3f9c259be5d966eb6391fdf6785711d5167891f0ca5",
        "label_anchors": [
          {
            "box_index": 0,
            "source_pixel_xy": [
              4578.5,
              5023.5
            ],
            "covering_crop_ids": [
              "F19-R04C03"
            ],
            "inside_control_hull": true,
            "status": "derived-lettering-location",
            "projected_xy_m": [
              -6841125.871478,
              5747516.96614205
            ],
            "lonlat": [
              -61.45487930934168,
              45.79474008004608
            ]
          }
        ],
        "geographic_role": "printed-lettering-only"
      }
    },
    {
      "type": "Feature",
      "id": "F19-JUD-087",
      "geometry": {
        "type": "MultiPoint",
        "coordinates": [
          [
            -61.4678668927774,
            45.79052022014214
          ]
        ]
      },
      "properties": {
        "id": "F19-JUD-087",
        "source_text": "School",
        "kind": "school",
        "reading_status": "clear",
        "source_record_file": "../judique-south.json",
        "source_record_sha256": "5c61af33c89717d77c9296ba2159e9ac5a3f388fa351b959dabb6af72c759ad8",
        "source_label_boxes_xywh": [
          [
            4242,
            5131,
            112,
            50
          ]
        ],
        "review_status": "source-reviewed-in-prior-pilot",
        "geometry": null,
        "placement_status": "deferred",
        "review_note": "School on the road east of the coastal junction.",
        "fit_revision": "a6619d96ba8fa8279ea6a8027654a92b15942b9d",
        "fit_sha256": "fabbe2df06d4283c3ddbd3f9c259be5d966eb6391fdf6785711d5167891f0ca5",
        "label_anchors": [
          {
            "box_index": 0,
            "source_pixel_xy": [
              4298.0,
              5156.0
            ],
            "covering_crop_ids": [
              "F19-R04C03"
            ],
            "inside_control_hull": true,
            "status": "derived-lettering-location",
            "projected_xy_m": [
              -6842571.6426527,
              5746843.25121932
            ],
            "lonlat": [
              -61.4678668927774,
              45.79052022014214
            ]
          }
        ],
        "geographic_role": "printed-lettering-only"
      }
    },
    {
      "type": "Feature",
      "id": "F19-JUD-088",
      "geometry": {
        "type": "MultiPoint",
        "coordinates": [
          [
            -61.4120444115669,
            45.79046974717748
          ]
        ]
      },
      "properties": {
        "id": "F19-JUD-088",
        "source_text": "A. MᶜDougall",
        "kind": "person-label",
        "reading_status": "clear",
        "source_record_file": "../judique-south.json",
        "source_record_sha256": "5c61af33c89717d77c9296ba2159e9ac5a3f388fa351b959dabb6af72c759ad8",
        "source_label_boxes_xywh": [
          [
            5397,
            5198,
            214,
            41
          ]
        ],
        "review_status": "source-reviewed-in-prior-pilot",
        "geometry": null,
        "placement_status": "deferred",
        "review_note": "Rejected the candidate’s extra J.: the preceding stroke follows the road, while the printed name begins A. No identity or property match inferred.",
        "fit_revision": "a6619d96ba8fa8279ea6a8027654a92b15942b9d",
        "fit_sha256": "fabbe2df06d4283c3ddbd3f9c259be5d966eb6391fdf6785711d5167891f0ca5",
        "label_anchors": [
          {
            "box_index": 0,
            "source_pixel_xy": [
              5504.0,
              5218.5
            ],
            "covering_crop_ids": [
              "F19-R04C04"
            ],
            "inside_control_hull": true,
            "status": "derived-lettering-location",
            "projected_xy_m": [
              -6836357.51246953,
              5746835.19334831
            ],
            "lonlat": [
              -61.4120444115669,
              45.79046974717748
            ]
          }
        ],
        "geographic_role": "printed-lettering-only"
      }
    },
    {
      "type": "Feature",
      "id": "F19-JUD-089",
      "geometry": {
        "type": "MultiPoint",
        "coordinates": [
          [
            -61.476095820070846,
            45.78503222111689
          ]
        ]
      },
      "properties": {
        "id": "F19-JUD-089",
        "source_text": "Shop",
        "kind": "shop",
        "reading_status": "clear",
        "source_record_file": "../judique-south.json",
        "source_record_sha256": "5c61af33c89717d77c9296ba2159e9ac5a3f388fa351b959dabb6af72c759ad8",
        "source_label_boxes_xywh": [
          [
            4086,
            5314,
            77,
            41
          ]
        ],
        "review_status": "source-reviewed-in-prior-pilot",
        "geometry": null,
        "placement_status": "deferred",
        "review_note": "Shop beside the coastal road. Tightened candidate box to the lettering, excluding the building mark above it.",
        "fit_revision": "a6619d96ba8fa8279ea6a8027654a92b15942b9d",
        "fit_sha256": "fabbe2df06d4283c3ddbd3f9c259be5d966eb6391fdf6785711d5167891f0ca5",
        "label_anchors": [
          {
            "box_index": 0,
            "source_pixel_xy": [
              4124.5,
              5334.5
            ],
            "covering_crop_ids": [
              "F19-R04C03"
            ],
            "inside_control_hull": true,
            "status": "derived-lettering-location",
            "projected_xy_m": [
              -6843487.68264878,
              5745967.1498914
            ],
            "lonlat": [
              -61.476095820070846,
              45.78503222111689
            ]
          }
        ],
        "geographic_role": "printed-lettering-only"
      }
    },
    {
      "type": "Feature",
      "id": "F19-JUD-090",
      "geometry": {
        "type": "MultiPoint",
        "coordinates": [
          [
            -61.45845035121196,
            45.78516008888729
          ]
        ]
      },
      "properties": {
        "id": "F19-JUD-090",
        "source_text": "700 Fᵀ.",
        "kind": "elevation-annotation",
        "reading_status": "clear",
        "source_record_file": "../judique-south.json",
        "source_record_sha256": "5c61af33c89717d77c9296ba2159e9ac5a3f388fa351b959dabb6af72c759ad8",
        "source_label_boxes_xywh": [
          [
            4443,
            5316,
            140,
            43
          ]
        ],
        "review_status": "source-reviewed-in-prior-pilot",
        "geometry": null,
        "placement_status": "deferred",
        "review_note": "Added during whole-crop review; absent from worker output. Preserve the printed number and unit typography. This is not a verified modern elevation, surveyed summit, or site-height estimate.",
        "fit_revision": "a6619d96ba8fa8279ea6a8027654a92b15942b9d",
        "fit_sha256": "fabbe2df06d4283c3ddbd3f9c259be5d966eb6391fdf6785711d5167891f0ca5",
        "label_anchors": [
          {
            "box_index": 0,
            "source_pixel_xy": [
              4513.0,
              5337.5
            ],
            "covering_crop_ids": [
              "F19-R04C03"
            ],
            "inside_control_hull": true,
            "status": "derived-lettering-location",
            "projected_xy_m": [
              -6841523.3980406,
              5745987.56165477
            ],
            "lonlat": [
              -61.45845035121196,
              45.78516008888729
            ]
          }
        ],
        "geographic_role": "printed-lettering-only"
      }
    },
    {
      "type": "Feature",
      "id": "F19-JUD-091",
      "geometry": {
        "type": "MultiPoint",
        "coordinates": [
          [
            -61.40766620714999,
            45.78567717810998
          ]
        ]
      },
      "properties": {
        "id": "F19-JUD-091",
        "source_text": "School",
        "kind": "school",
        "reading_status": "clear",
        "source_record_file": "../judique-south.json",
        "source_record_sha256": "5c61af33c89717d77c9296ba2159e9ac5a3f388fa351b959dabb6af72c759ad8",
        "source_label_boxes_xywh": [
          [
            5551,
            5345,
            97,
            47
          ]
        ],
        "review_status": "source-reviewed-in-prior-pilot",
        "geometry": null,
        "placement_status": "deferred",
        "review_note": "Separate eastern school south of the A. MᶜDougall annotation.",
        "fit_revision": "a6619d96ba8fa8279ea6a8027654a92b15942b9d",
        "fit_sha256": "fabbe2df06d4283c3ddbd3f9c259be5d966eb6391fdf6785711d5167891f0ca5",
        "label_anchors": [
          {
            "box_index": 0,
            "source_pixel_xy": [
              5599.5,
              5368.5
            ],
            "covering_crop_ids": [
              "F19-R04C04"
            ],
            "inside_control_hull": true,
            "status": "derived-lettering-location",
            "projected_xy_m": [
              -6835870.13298325,
              5746070.10601978
            ],
            "lonlat": [
              -61.40766620714999,
              45.78567717810998
            ]
          }
        ],
        "geographic_role": "printed-lettering-only"
      }
    },
    {
      "type": "Feature",
      "id": "F19-JUD-092",
      "geometry": {
        "type": "MultiPoint",
        "coordinates": [
          [
            -61.446871044323245,
            45.772632445587014
          ]
        ]
      },
      "properties": {
        "id": "F19-JUD-092",
        "source_text": "General Line Road",
        "kind": "road-name",
        "reading_status": "clear",
        "source_record_file": "../judique-south.json",
        "source_record_sha256": "5c61af33c89717d77c9296ba2159e9ac5a3f388fa351b959dabb6af72c759ad8",
        "source_label_boxes_xywh": [
          [
            4695,
            5590,
            165,
            345
          ]
        ],
        "review_status": "source-reviewed-in-prior-pilot",
        "geometry": null,
        "placement_status": "deferred",
        "review_note": "Edge fragments completed from E03; a rotated enlargement resolves General Line. No modern road identity or alignment established.",
        "fit_revision": "a6619d96ba8fa8279ea6a8027654a92b15942b9d",
        "fit_sha256": "fabbe2df06d4283c3ddbd3f9c259be5d966eb6391fdf6785711d5167891f0ca5",
        "label_anchors": [
          {
            "box_index": 0,
            "source_pixel_xy": [
              4777.5,
              5762.5
            ],
            "covering_crop_ids": [
              "F19-R04C03"
            ],
            "inside_control_hull": true,
            "status": "derived-lettering-location",
            "projected_xy_m": [
              -6840234.39549401,
              5743987.97366549
            ],
            "lonlat": [
              -61.446871044323245,
              45.772632445587014
            ]
          }
        ],
        "geographic_role": "printed-lettering-only"
      }
    },
    {
      "type": "Feature",
      "id": "F19-JUD-093",
      "geometry": {
        "type": "MultiPoint",
        "coordinates": [
          [
            -61.41213891945349,
            45.769843909288696
          ]
        ]
      },
      "properties": {
        "id": "F19-JUD-093",
        "source_text": "Wood Road",
        "kind": "road-name",
        "reading_status": "clear",
        "source_record_file": "../judique-south.json",
        "source_record_sha256": "5c61af33c89717d77c9296ba2159e9ac5a3f388fa351b959dabb6af72c759ad8",
        "source_label_boxes_xywh": [
          [
            5395,
            5778,
            235,
            118
          ]
        ],
        "review_status": "source-reviewed-in-prior-pilot",
        "geometry": null,
        "placement_status": "deferred",
        "review_note": "Completed from E04 beyond the southern crop edge; no modern route match asserted.",
        "fit_revision": "a6619d96ba8fa8279ea6a8027654a92b15942b9d",
        "fit_sha256": "fabbe2df06d4283c3ddbd3f9c259be5d966eb6391fdf6785711d5167891f0ca5",
        "label_anchors": [
          {
            "box_index": 0,
            "source_pixel_xy": [
              5512.5,
              5837.0
            ],
            "covering_crop_ids": [
              "F19-R04C04",
              "F19-R05C04"
            ],
            "inside_control_hull": true,
            "status": "derived-lettering-location",
            "projected_xy_m": [
              -6836368.03303934,
              5743542.94519021
            ],
            "lonlat": [
              -61.41213891945349,
              45.769843909288696
            ]
          }
        ],
        "geographic_role": "printed-lettering-only"
      }
    },
    {
      "type": "Feature",
      "id": "F19-JUD-094",
      "geometry": {
        "type": "MultiPoint",
        "coordinates": [
          [
            -61.34136890577816,
            45.83410504920338
          ]
        ]
      },
      "properties": {
        "id": "F19-JUD-094",
        "source_text": "Gold Mine",
        "kind": "mine-annotation",
        "reading_status": "clear",
        "source_record_file": "../judique-southeast.json",
        "source_record_sha256": "cb4f79ba42904e7c7dda45c6ae72b0fe31f61dc08189558616cad02f49c07c2e",
        "source_label_boxes_xywh": [
          [
            6971,
            3911,
            173,
            36
          ]
        ],
        "review_status": "source-reviewed-in-prior-pilot",
        "geometry": null,
        "placement_status": "deferred",
        "review_note": "Separate printed occurrence from F19-JUD-061; no mine-site identity or location inferred.",
        "fit_revision": "a6619d96ba8fa8279ea6a8027654a92b15942b9d",
        "fit_sha256": "fabbe2df06d4283c3ddbd3f9c259be5d966eb6391fdf6785711d5167891f0ca5",
        "label_anchors": [
          {
            "box_index": 0,
            "source_pixel_xy": [
              7057.5,
              3929.0
            ],
            "covering_crop_ids": [
              "F19-R03C05"
            ],
            "inside_control_hull": true,
            "status": "derived-lettering-location",
            "projected_xy_m": [
              -6828489.95115357,
              5753804.17603159
            ],
            "lonlat": [
              -61.34136890577816,
              45.83410504920338
            ]
          }
        ],
        "geographic_role": "printed-lettering-only"
      }
    },
    {
      "type": "Feature",
      "id": "F19-JUD-095",
      "geometry": {
        "type": "MultiPoint",
        "coordinates": [
          [
            -61.34076095965392,
            45.829878131943275
          ],
          [
            -61.3384238720808,
            45.823604025148065
          ]
        ]
      },
      "properties": {
        "id": "F19-JUD-095",
        "source_text": "Glendale Brook",
        "kind": "watercourse",
        "reading_status": "clear",
        "source_record_file": "../judique-southeast.json",
        "source_record_sha256": "cb4f79ba42904e7c7dda45c6ae72b0fe31f61dc08189558616cad02f49c07c2e",
        "source_label_boxes_xywh": [
          [
            7022,
            3955,
            82,
            179
          ],
          [
            7073,
            4160,
            72,
            136
          ]
        ],
        "review_status": "source-reviewed-in-prior-pilot",
        "geometry": null,
        "placement_status": "deferred",
        "review_note": "",
        "fit_revision": "a6619d96ba8fa8279ea6a8027654a92b15942b9d",
        "fit_sha256": "fabbe2df06d4283c3ddbd3f9c259be5d966eb6391fdf6785711d5167891f0ca5",
        "label_anchors": [
          {
            "box_index": 0,
            "source_pixel_xy": [
              7063.0,
              4044.5
            ],
            "covering_crop_ids": [
              "F19-R03C05"
            ],
            "inside_control_hull": true,
            "status": "derived-lettering-location",
            "projected_xy_m": [
              -6828422.27490059,
              5753128.85726663
            ],
            "lonlat": [
              -61.34076095965392,
              45.829878131943275
            ]
          },
          {
            "box_index": 1,
            "source_pixel_xy": [
              7109.0,
              4228.0
            ],
            "covering_crop_ids": [
              "F19-R03C05"
            ],
            "inside_control_hull": true,
            "status": "derived-lettering-location",
            "projected_xy_m": [
              -6828162.11150201,
              5752126.56123573
            ],
            "lonlat": [
              -61.3384238720808,
              45.823604025148065
            ]
          }
        ],
        "geographic_role": "printed-lettering-only"
      }
    },
    {
      "type": "Feature",
      "id": "F19-JUD-096",
      "geometry": {
        "type": "MultiPoint",
        "coordinates": [
          [
            -61.35770423724825,
            45.819912889102184
          ],
          [
            -61.347876149530876,
            45.81660839582888
          ]
        ]
      },
      "properties": {
        "id": "F19-JUD-096",
        "source_text": "MᶜPherson's Brook",
        "kind": "watercourse",
        "reading_status": "clear",
        "source_record_file": "../judique-southeast.json",
        "source_record_sha256": "cb4f79ba42904e7c7dda45c6ae72b0fe31f61dc08189558616cad02f49c07c2e",
        "source_label_boxes_xywh": [
          [
            6550,
            4238,
            239,
            158
          ],
          [
            6839,
            4400,
            105,
            58
          ]
        ],
        "review_status": "source-reviewed-in-prior-pilot",
        "geometry": null,
        "placement_status": "deferred",
        "review_note": "Multipart lettering spans I01 and I02.",
        "fit_revision": "a6619d96ba8fa8279ea6a8027654a92b15942b9d",
        "fit_sha256": "fabbe2df06d4283c3ddbd3f9c259be5d966eb6391fdf6785711d5167891f0ca5",
        "label_anchors": [
          {
            "box_index": 0,
            "source_pixel_xy": [
              6669.5,
              4317.0
            ],
            "covering_crop_ids": [
              "F19-R03C05"
            ],
            "inside_control_hull": true,
            "status": "derived-lettering-location",
            "projected_xy_m": [
              -6830308.39193476,
              5751536.95063174
            ],
            "lonlat": [
              -61.35770423724825,
              45.819912889102184
            ]
          },
          {
            "box_index": 1,
            "source_pixel_xy": [
              6891.5,
              4429.0
            ],
            "covering_crop_ids": [
              "F19-R03C05"
            ],
            "inside_control_hull": true,
            "status": "derived-lettering-location",
            "projected_xy_m": [
              -6829214.33421459,
              5751009.13430219
            ],
            "lonlat": [
              -61.347876149530876,
              45.81660839582888
            ]
          }
        ],
        "geographic_role": "printed-lettering-only"
      }
    },
    {
      "type": "Feature",
      "id": "F19-JUD-097",
      "geometry": {
        "type": "MultiPoint",
        "coordinates": [
          [
            -61.33591841564947,
            45.81525491940891
          ]
        ]
      },
      "properties": {
        "id": "F19-JUD-097",
        "source_text": "D. MᶜInnes",
        "kind": "person-label",
        "reading_status": "clear",
        "source_record_file": "../judique-southeast.json",
        "source_record_sha256": "cb4f79ba42904e7c7dda45c6ae72b0fe31f61dc08189558616cad02f49c07c2e",
        "source_label_boxes_xywh": [
          [
            7073,
            4470,
            164,
            34
          ]
        ],
        "review_status": "source-reviewed-in-prior-pilot",
        "geometry": null,
        "placement_status": "deferred",
        "review_note": "Independent source review agrees on McInnes.",
        "fit_revision": "a6619d96ba8fa8279ea6a8027654a92b15942b9d",
        "fit_sha256": "fabbe2df06d4283c3ddbd3f9c259be5d966eb6391fdf6785711d5167891f0ca5",
        "label_anchors": [
          {
            "box_index": 0,
            "source_pixel_xy": [
              7155.0,
              4487.0
            ],
            "covering_crop_ids": [
              "F19-R03C05"
            ],
            "inside_control_hull": true,
            "status": "derived-lettering-location",
            "projected_xy_m": [
              -6827883.20536787,
              5750792.95680737
            ],
            "lonlat": [
              -61.33591841564947,
              45.81525491940891
            ]
          }
        ],
        "geographic_role": "printed-lettering-only"
      }
    },
    {
      "type": "Feature",
      "id": "F19-JUD-098",
      "geometry": {
        "type": "MultiPoint",
        "coordinates": [
          [
            -61.31817575016381,
            45.81581058725601
          ]
        ]
      },
      "properties": {
        "id": "F19-JUD-098",
        "source_text": "Glendale",
        "kind": "named-place",
        "reading_status": "clear",
        "source_record_file": "../judique-southeast.json",
        "source_record_sha256": "cb4f79ba42904e7c7dda45c6ae72b0fe31f61dc08189558616cad02f49c07c2e",
        "source_label_boxes_xywh": [
          [
            7340,
            4452,
            412,
            59
          ]
        ],
        "review_status": "source-reviewed-in-prior-pilot",
        "geometry": null,
        "placement_status": "deferred",
        "review_note": "",
        "fit_revision": "a6619d96ba8fa8279ea6a8027654a92b15942b9d",
        "fit_sha256": "fabbe2df06d4283c3ddbd3f9c259be5d966eb6391fdf6785711d5167891f0ca5",
        "label_anchors": [
          {
            "box_index": 0,
            "source_pixel_xy": [
              7546.0,
              4481.5
            ],
            "covering_crop_ids": [
              "F19-R03C05",
              "F19-R03C06"
            ],
            "inside_control_hull": true,
            "status": "derived-lettering-location",
            "projected_xy_m": [
              -6825908.10088069,
              5750881.7075391
            ],
            "lonlat": [
              -61.31817575016381,
              45.81581058725601
            ]
          }
        ],
        "geographic_role": "printed-lettering-only"
      }
    },
    {
      "type": "Feature",
      "id": "F19-JUD-099",
      "geometry": {
        "type": "MultiPoint",
        "coordinates": [
          [
            -61.31878774394014,
            45.814715006625065
          ]
        ]
      },
      "properties": {
        "id": "F19-JUD-099",
        "source_text": "P.O.",
        "kind": "post-office",
        "reading_status": "clear",
        "source_record_file": "../judique-southeast.json",
        "source_record_sha256": "cb4f79ba42904e7c7dda45c6ae72b0fe31f61dc08189558616cad02f49c07c2e",
        "source_label_boxes_xywh": [
          [
            7508,
            4500,
            46,
            31
          ]
        ],
        "review_status": "source-reviewed-in-prior-pilot",
        "geometry": null,
        "placement_status": "deferred",
        "review_note": "Separate annotation from nearby Shop; shared premises unresolved.",
        "fit_revision": "a6619d96ba8fa8279ea6a8027654a92b15942b9d",
        "fit_sha256": "fabbe2df06d4283c3ddbd3f9c259be5d966eb6391fdf6785711d5167891f0ca5",
        "label_anchors": [
          {
            "box_index": 0,
            "source_pixel_xy": [
              7531.0,
              4515.5
            ],
            "covering_crop_ids": [
              "F19-R03C05",
              "F19-R03C06"
            ],
            "inside_control_hull": true,
            "status": "derived-lettering-location",
            "projected_xy_m": [
              -6825976.22771624,
              5750706.72330738
            ],
            "lonlat": [
              -61.31878774394014,
              45.814715006625065
            ]
          }
        ],
        "geographic_role": "printed-lettering-only"
      }
    },
    {
      "type": "Feature",
      "id": "F19-JUD-100",
      "geometry": {
        "type": "MultiPoint",
        "coordinates": [
          [
            -61.32012303114466,
            45.813599984941
          ]
        ]
      },
      "properties": {
        "id": "F19-JUD-100",
        "source_text": "School",
        "kind": "school",
        "reading_status": "clear",
        "source_record_file": "../judique-southeast.json",
        "source_record_sha256": "cb4f79ba42904e7c7dda45c6ae72b0fe31f61dc08189558616cad02f49c07c2e",
        "source_label_boxes_xywh": [
          [
            7445,
            4530,
            110,
            40
          ]
        ],
        "review_status": "source-reviewed",
        "geometry": null,
        "placement_status": "deferred",
        "review_note": "Native close-up and independent DeepSeek detail read School. Correct prior Shop transcription and expand the lettering box; preserve ID100, the original source file and its hash. Final tall l is visible; no Shop descender is supported.",
        "prior_source_reading": {
          "source_text": "Shop",
          "kind": "shop",
          "source_label_boxes_xywh": [
            [
              7454,
              4534,
              70,
              32
            ]
          ],
          "review_note": "The short word south of P.O. reads Shop, not School."
        },
        "fit_revision": "a6619d96ba8fa8279ea6a8027654a92b15942b9d",
        "fit_sha256": "fabbe2df06d4283c3ddbd3f9c259be5d966eb6391fdf6785711d5167891f0ca5",
        "label_anchors": [
          {
            "box_index": 0,
            "source_pixel_xy": [
              7500.0,
              4550.0
            ],
            "covering_crop_ids": [
              "F19-R03C05",
              "F19-R03C06"
            ],
            "inside_control_hull": true,
            "status": "derived-lettering-location",
            "projected_xy_m": [
              -6826124.87120791,
              5750528.63751912
            ],
            "lonlat": [
              -61.32012303114466,
              45.813599984941
            ]
          }
        ],
        "geographic_role": "printed-lettering-only"
      }
    },
    {
      "type": "Feature",
      "id": "F19-JUD-101",
      "geometry": {
        "type": "MultiPoint",
        "coordinates": [
          [
            -61.32077091960476,
            45.811673088595825
          ]
        ]
      },
      "properties": {
        "id": "F19-JUD-101",
        "source_text": "Mills",
        "kind": "mill",
        "reading_status": "clear",
        "source_record_file": "../judique-southeast.json",
        "source_record_sha256": "cb4f79ba42904e7c7dda45c6ae72b0fe31f61dc08189558616cad02f49c07c2e",
        "source_label_boxes_xywh": [
          [
            7444,
            4594,
            78,
            33
          ]
        ],
        "review_status": "source-reviewed-in-prior-pilot",
        "geometry": null,
        "placement_status": "deferred",
        "review_note": "Plural wording retained; no count of physical mills inferred.",
        "fit_revision": "a6619d96ba8fa8279ea6a8027654a92b15942b9d",
        "fit_sha256": "fabbe2df06d4283c3ddbd3f9c259be5d966eb6391fdf6785711d5167891f0ca5",
        "label_anchors": [
          {
            "box_index": 0,
            "source_pixel_xy": [
              7483.0,
              4610.5
            ],
            "covering_crop_ids": [
              "F19-R03C05",
              "F19-R03C06"
            ],
            "inside_control_hull": true,
            "status": "derived-lettering-location",
            "projected_xy_m": [
              -6826196.99382138,
              5750220.89150129
            ],
            "lonlat": [
              -61.32077091960476,
              45.811673088595825
            ]
          }
        ],
        "geographic_role": "printed-lettering-only"
      }
    },
    {
      "type": "Feature",
      "id": "F19-JUD-102",
      "geometry": {
        "type": "MultiPoint",
        "coordinates": [
          [
            -61.32676168523266,
            45.8101780383759
          ]
        ]
      },
      "properties": {
        "id": "F19-JUD-102",
        "source_text": "R.C.Ch.",
        "kind": "church",
        "reading_status": "clear",
        "source_record_file": "../judique-southeast.json",
        "source_record_sha256": "cb4f79ba42904e7c7dda45c6ae72b0fe31f61dc08189558616cad02f49c07c2e",
        "source_label_boxes_xywh": [
          [
            7298,
            4638,
            102,
            36
          ]
        ],
        "review_status": "source-reviewed-in-prior-pilot",
        "geometry": null,
        "placement_status": "deferred",
        "review_note": "Abbreviation retained.",
        "fit_revision": "a6619d96ba8fa8279ea6a8027654a92b15942b9d",
        "fit_sha256": "fabbe2df06d4283c3ddbd3f9c259be5d966eb6391fdf6785711d5167891f0ca5",
        "label_anchors": [
          {
            "box_index": 0,
            "source_pixel_xy": [
              7349.0,
              4656.0
            ],
            "covering_crop_ids": [
              "F19-R03C05",
              "F19-R04C05"
            ],
            "inside_control_hull": true,
            "status": "derived-lettering-location",
            "projected_xy_m": [
              -6826863.88280054,
              5749982.12327767
            ],
            "lonlat": [
              -61.32676168523266,
              45.8101780383759
            ]
          }
        ],
        "geographic_role": "printed-lettering-only"
      }
    },
    {
      "type": "Feature",
      "id": "F19-JUD-103",
      "geometry": {
        "type": "MultiPoint",
        "coordinates": [
          [
            -61.34799330466802,
            45.809677718277
          ]
        ]
      },
      "properties": {
        "id": "F19-JUD-103",
        "source_text": "Plumbago Mine",
        "kind": "mine-annotation",
        "reading_status": "clear",
        "source_record_file": "../judique-southeast.json",
        "source_record_sha256": "cb4f79ba42904e7c7dda45c6ae72b0fe31f61dc08189558616cad02f49c07c2e",
        "source_label_boxes_xywh": [
          [
            6770,
            4631,
            233,
            39
          ]
        ],
        "review_status": "source-reviewed-in-prior-pilot",
        "geometry": null,
        "placement_status": "deferred",
        "review_note": "",
        "fit_revision": "a6619d96ba8fa8279ea6a8027654a92b15942b9d",
        "fit_sha256": "fabbe2df06d4283c3ddbd3f9c259be5d966eb6391fdf6785711d5167891f0ca5",
        "label_anchors": [
          {
            "box_index": 0,
            "source_pixel_xy": [
              6886.5,
              4650.5
            ],
            "covering_crop_ids": [
              "F19-R03C05",
              "F19-R04C05"
            ],
            "inside_control_hull": true,
            "status": "derived-lettering-location",
            "projected_xy_m": [
              -6829227.3758648,
              5749902.22067652
            ],
            "lonlat": [
              -61.34799330466802,
              45.809677718277
            ]
          }
        ],
        "geographic_role": "printed-lettering-only"
      }
    },
    {
      "type": "Feature",
      "id": "F19-JUD-104",
      "geometry": {
        "type": "MultiPoint",
        "coordinates": [
          [
            -61.342343123409215,
            45.81672715239303
          ],
          [
            -61.33432660537503,
            45.81050338784577
          ],
          [
            -61.33158871648416,
            45.80550516847809
          ]
        ]
      },
      "properties": {
        "id": "F19-JUD-104",
        "source_text": "River Inhabitants Road",
        "kind": "road-name",
        "reading_status": "clear",
        "source_record_file": "../judique-southeast.json",
        "source_record_sha256": "cb4f79ba42904e7c7dda45c6ae72b0fe31f61dc08189558616cad02f49c07c2e",
        "source_label_boxes_xywh": [
          [
            6973,
            4384,
            83,
            98
          ],
          [
            7110,
            4558,
            148,
            166
          ],
          [
            7216,
            4762,
            43,
            88
          ]
        ],
        "review_status": "source-reviewed-in-prior-pilot",
        "geometry": null,
        "placement_status": "deferred",
        "review_note": "Multipart historical road label; separate from the watercourse wording.",
        "fit_revision": "a6619d96ba8fa8279ea6a8027654a92b15942b9d",
        "fit_sha256": "fabbe2df06d4283c3ddbd3f9c259be5d966eb6391fdf6785711d5167891f0ca5",
        "label_anchors": [
          {
            "box_index": 0,
            "source_pixel_xy": [
              7014.5,
              4433.0
            ],
            "covering_crop_ids": [
              "F19-R03C05"
            ],
            "inside_control_hull": true,
            "status": "derived-lettering-location",
            "projected_xy_m": [
              -6828598.40056418,
              5751028.1023725
            ],
            "lonlat": [
              -61.342343123409215,
              45.81672715239303
            ]
          },
          {
            "box_index": 1,
            "source_pixel_xy": [
              7184.0,
              4641.0
            ],
            "covering_crop_ids": [
              "F19-R03C05",
              "F19-R04C05"
            ],
            "inside_control_hull": true,
            "status": "derived-lettering-location",
            "projected_xy_m": [
              -6827706.00585868,
              5750034.08293643
            ],
            "lonlat": [
              -61.33432660537503,
              45.81050338784577
            ]
          },
          {
            "box_index": 2,
            "source_pixel_xy": [
              7237.5,
              4806.0
            ],
            "covering_crop_ids": [
              "F19-R03C05",
              "F19-R04C05"
            ],
            "inside_control_hull": true,
            "status": "derived-lettering-location",
            "projected_xy_m": [
              -6827401.2254615,
              5749235.88007013
            ],
            "lonlat": [
              -61.33158871648416,
              45.80550516847809
            ]
          }
        ],
        "geographic_role": "printed-lettering-only"
      }
    },
    {
      "type": "Feature",
      "id": "F19-JUD-105",
      "geometry": {
        "type": "MultiPoint",
        "coordinates": [
          [
            -61.3081114697205,
            45.83748065310895
          ]
        ]
      },
      "properties": {
        "id": "F19-JUD-105",
        "source_text": "Don. Smith",
        "kind": "person-label",
        "reading_status": "clear",
        "source_record_file": "../judique-southeast.json",
        "source_record_sha256": "cb4f79ba42904e7c7dda45c6ae72b0fe31f61dc08189558616cad02f49c07c2e",
        "source_label_boxes_xywh": [
          [
            7695,
            3800,
            177,
            36
          ]
        ],
        "review_status": "source-reviewed-in-prior-pilot",
        "geometry": null,
        "placement_status": "deferred",
        "review_note": "Given-name abbreviation retained.",
        "fit_revision": "a6619d96ba8fa8279ea6a8027654a92b15942b9d",
        "fit_sha256": "fabbe2df06d4283c3ddbd3f9c259be5d966eb6391fdf6785711d5167891f0ca5",
        "label_anchors": [
          {
            "box_index": 0,
            "source_pixel_xy": [
              7783.5,
              3818.0
            ],
            "covering_crop_ids": [
              "F19-R03C06"
            ],
            "inside_control_hull": true,
            "status": "derived-lettering-location",
            "projected_xy_m": [
              -6824787.75030654,
              5754343.52048339
            ],
            "lonlat": [
              -61.3081114697205,
              45.83748065310895
            ]
          }
        ],
        "geographic_role": "printed-lettering-only"
      }
    },
    {
      "type": "Feature",
      "id": "F19-JUD-106",
      "geometry": {
        "type": "MultiPoint",
        "coordinates": [
          [
            -61.30700652874131,
            45.834183698969916
          ]
        ]
      },
      "properties": {
        "id": "F19-JUD-106",
        "source_text": "D. MᶜTaggart",
        "kind": "person-label",
        "reading_status": "tentative",
        "source_record_file": "../judique-southeast.json",
        "source_record_sha256": "cb4f79ba42904e7c7dda45c6ae72b0fe31f61dc08189558616cad02f49c07c2e",
        "source_label_boxes_xywh": [
          [
            7719,
            3900,
            174,
            36
          ]
        ],
        "review_status": "source-reviewed-in-prior-pilot",
        "geometry": null,
        "placement_status": "deferred",
        "review_note": "Tentative surname: independent reviewer reads McTaggart; intervening strokes and the ending remain difficult.",
        "fit_revision": "a6619d96ba8fa8279ea6a8027654a92b15942b9d",
        "fit_sha256": "fabbe2df06d4283c3ddbd3f9c259be5d966eb6391fdf6785711d5167891f0ca5",
        "label_anchors": [
          {
            "box_index": 0,
            "source_pixel_xy": [
              7806.0,
              3918.0
            ],
            "covering_crop_ids": [
              "F19-R03C06"
            ],
            "inside_control_hull": true,
            "status": "derived-lettering-location",
            "projected_xy_m": [
              -6824664.74883938,
              5753816.74209676
            ],
            "lonlat": [
              -61.30700652874131,
              45.834183698969916
            ]
          }
        ],
        "geographic_role": "printed-lettering-only"
      }
    },
    {
      "type": "Feature",
      "id": "F19-JUD-107",
      "geometry": {
        "type": "MultiPoint",
        "coordinates": [
          [
            -61.275742489094974,
            45.82809466877375
          ]
        ]
      },
      "properties": {
        "id": "F19-JUD-107",
        "source_text": "Donald MᶜMaster",
        "kind": "person-label",
        "reading_status": "clear",
        "source_record_file": "../judique-southeast.json",
        "source_record_sha256": "cb4f79ba42904e7c7dda45c6ae72b0fe31f61dc08189558616cad02f49c07c2e",
        "source_label_boxes_xywh": [
          [
            8348,
            4086,
            267,
            34
          ]
        ],
        "review_status": "source-reviewed-in-prior-pilot",
        "geometry": null,
        "placement_status": "deferred",
        "review_note": "",
        "fit_revision": "a6619d96ba8fa8279ea6a8027654a92b15942b9d",
        "fit_sha256": "fabbe2df06d4283c3ddbd3f9c259be5d966eb6391fdf6785711d5167891f0ca5",
        "label_anchors": [
          {
            "box_index": 0,
            "source_pixel_xy": [
              8481.5,
              4103.0
            ],
            "covering_crop_ids": [
              "F19-R03C06"
            ],
            "inside_control_hull": true,
            "status": "derived-lettering-location",
            "projected_xy_m": [
              -6821184.45186581,
              5752843.93540942
            ],
            "lonlat": [
              -61.275742489094974,
              45.82809466877375
            ]
          }
        ],
        "geographic_role": "printed-lettering-only"
      }
    },
    {
      "type": "Feature",
      "id": "F19-JUD-108",
      "geometry": {
        "type": "MultiPoint",
        "coordinates": [
          [
            -61.28770648825299,
            45.81261106412397
          ]
        ]
      },
      "properties": {
        "id": "F19-JUD-108",
        "source_text": "D. Buchanan",
        "kind": "person-label",
        "reading_status": "clear",
        "source_record_file": "../judique-southeast.json",
        "source_record_sha256": "cb4f79ba42904e7c7dda45c6ae72b0fe31f61dc08189558616cad02f49c07c2e",
        "source_label_boxes_xywh": [
          [
            8128,
            4570,
            181,
            31
          ]
        ],
        "review_status": "source-reviewed-in-prior-pilot",
        "geometry": null,
        "placement_status": "deferred",
        "review_note": "",
        "fit_revision": "a6619d96ba8fa8279ea6a8027654a92b15942b9d",
        "fit_sha256": "fabbe2df06d4283c3ddbd3f9c259be5d966eb6391fdf6785711d5167891f0ca5",
        "label_anchors": [
          {
            "box_index": 0,
            "source_pixel_xy": [
              8218.5,
              4585.5
            ],
            "covering_crop_ids": [
              "F19-R03C06"
            ],
            "inside_control_hull": true,
            "status": "derived-lettering-location",
            "projected_xy_m": [
              -6822516.27815993,
              5750370.69492561
            ],
            "lonlat": [
              -61.28770648825299,
              45.81261106412397
            ]
          }
        ],
        "geographic_role": "printed-lettering-only"
      }
    },
    {
      "type": "Feature",
      "id": "F19-JUD-109",
      "geometry": {
        "type": "MultiPoint",
        "coordinates": [
          [
            -61.30910713010781,
            45.8100368880995
          ]
        ]
      },
      "properties": {
        "id": "F19-JUD-109",
        "source_text": "Fall",
        "kind": "falls-annotation",
        "reading_status": "clear",
        "source_record_file": "../judique-southeast.json",
        "source_record_sha256": "cb4f79ba42904e7c7dda45c6ae72b0fe31f61dc08189558616cad02f49c07c2e",
        "source_label_boxes_xywh": [
          [
            7705,
            4646,
            70,
            35
          ]
        ],
        "review_status": "source-reviewed-in-prior-pilot",
        "geometry": null,
        "placement_status": "deferred",
        "review_note": "Separate from nearby numbered falls labels; no modern flow or height inferred.",
        "fit_revision": "a6619d96ba8fa8279ea6a8027654a92b15942b9d",
        "fit_sha256": "fabbe2df06d4283c3ddbd3f9c259be5d966eb6391fdf6785711d5167891f0ca5",
        "label_anchors": [
          {
            "box_index": 0,
            "source_pixel_xy": [
              7740.0,
              4663.5
            ],
            "covering_crop_ids": [
              "F19-R03C06",
              "F19-R04C06"
            ],
            "inside_control_hull": true,
            "status": "derived-lettering-location",
            "projected_xy_m": [
              -6824898.58671386,
              5749959.58108793
            ],
            "lonlat": [
              -61.30910713010781,
              45.8100368880995
            ]
          }
        ],
        "geographic_role": "printed-lettering-only"
      }
    },
    {
      "type": "Feature",
      "id": "F19-JUD-110",
      "geometry": {
        "type": "MultiPoint",
        "coordinates": [
          [
            -61.3031999945742,
            45.80890267533286
          ]
        ]
      },
      "properties": {
        "id": "F19-JUD-110",
        "source_text": "Fall 6",
        "kind": "falls-annotation",
        "reading_status": "clear",
        "source_record_file": "../judique-southeast.json",
        "source_record_sha256": "cb4f79ba42904e7c7dda45c6ae72b0fe31f61dc08189558616cad02f49c07c2e",
        "source_label_boxes_xywh": [
          [
            7832,
            4682,
            78,
            34
          ]
        ],
        "review_status": "source-reviewed-in-prior-pilot",
        "geometry": null,
        "placement_status": "deferred",
        "review_note": "Printed number retained without inferred unit.",
        "fit_revision": "a6619d96ba8fa8279ea6a8027654a92b15942b9d",
        "fit_sha256": "fabbe2df06d4283c3ddbd3f9c259be5d966eb6391fdf6785711d5167891f0ca5",
        "label_anchors": [
          {
            "box_index": 0,
            "source_pixel_xy": [
              7871.0,
              4699.0
            ],
            "covering_crop_ids": [
              "F19-R03C06",
              "F19-R04C06"
            ],
            "inside_control_hull": true,
            "status": "derived-lettering-location",
            "projected_xy_m": [
              -6824241.00739421,
              5749778.44544066
            ],
            "lonlat": [
              -61.3031999945742,
              45.80890267533286
            ]
          }
        ],
        "geographic_role": "printed-lettering-only"
      }
    },
    {
      "type": "Feature",
      "id": "F19-JUD-111",
      "geometry": {
        "type": "MultiPoint",
        "coordinates": [
          [
            -61.29517854686242,
            45.807595029852386
          ]
        ]
      },
      "properties": {
        "id": "F19-JUD-111",
        "source_text": "Falls 18",
        "kind": "falls-annotation",
        "reading_status": "clear",
        "source_record_file": "../judique-southeast.json",
        "source_record_sha256": "cb4f79ba42904e7c7dda45c6ae72b0fe31f61dc08189558616cad02f49c07c2e",
        "source_label_boxes_xywh": [
          [
            8002,
            4724,
            96,
            32
          ]
        ],
        "review_status": "source-reviewed-in-prior-pilot",
        "geometry": null,
        "placement_status": "deferred",
        "review_note": "Printed number retained without inferred unit.",
        "fit_revision": "a6619d96ba8fa8279ea6a8027654a92b15942b9d",
        "fit_sha256": "fabbe2df06d4283c3ddbd3f9c259be5d966eb6391fdf6785711d5167891f0ca5",
        "label_anchors": [
          {
            "box_index": 0,
            "source_pixel_xy": [
              8050.0,
              4740.0
            ],
            "covering_crop_ids": [
              "F19-R03C06",
              "F19-R04C06"
            ],
            "inside_control_hull": true,
            "status": "derived-lettering-location",
            "projected_xy_m": [
              -6823348.06391951,
              5749569.61688076
            ],
            "lonlat": [
              -61.29517854686242,
              45.807595029852386
            ]
          }
        ],
        "geographic_role": "printed-lettering-only"
      }
    },
    {
      "type": "Feature",
      "id": "F19-JUD-112",
      "geometry": {
        "type": "MultiPoint",
        "coordinates": [
          [
            -61.27612145585344,
            45.80630901012514
          ]
        ]
      },
      "properties": {
        "id": "F19-JUD-112",
        "source_text": "Coal",
        "kind": "mineral-annotation",
        "reading_status": "clear",
        "source_record_file": "../judique-southeast.json",
        "source_record_sha256": "cb4f79ba42904e7c7dda45c6ae72b0fe31f61dc08189558616cad02f49c07c2e",
        "source_label_boxes_xywh": [
          [
            8441,
            4768,
            74,
            35
          ]
        ],
        "review_status": "source-reviewed-in-prior-pilot",
        "geometry": null,
        "placement_status": "deferred",
        "review_note": "Mineral wording only; no mine or deposit extent inferred.",
        "fit_revision": "a6619d96ba8fa8279ea6a8027654a92b15942b9d",
        "fit_sha256": "fabbe2df06d4283c3ddbd3f9c259be5d966eb6391fdf6785711d5167891f0ca5",
        "label_anchors": [
          {
            "box_index": 0,
            "source_pixel_xy": [
              8478.0,
              4785.5
            ],
            "covering_crop_ids": [
              "F19-R03C06",
              "F19-R04C06"
            ],
            "inside_control_hull": true,
            "status": "derived-lettering-location",
            "projected_xy_m": [
              -6821226.63825239,
              5749364.2466949
            ],
            "lonlat": [
              -61.27612145585344,
              45.80630901012514
            ]
          }
        ],
        "geographic_role": "printed-lettering-only"
      }
    },
    {
      "type": "Feature",
      "id": "F19-JUD-113",
      "geometry": {
        "type": "MultiPoint",
        "coordinates": [
          [
            -61.39076744928392,
            45.79880391929582
          ],
          [
            -61.39171737544075,
            45.79323380328464
          ]
        ]
      },
      "properties": {
        "id": "F19-JUD-113",
        "source_text": "Rough Brook",
        "kind": "watercourse",
        "reading_status": "clear",
        "source_record_file": "../judique-southeast.json",
        "source_record_sha256": "cb4f79ba42904e7c7dda45c6ae72b0fe31f61dc08189558616cad02f49c07c2e",
        "source_label_boxes_xywh": [
          [
            5916,
            4876,
            91,
            167
          ],
          [
            5918,
            5076,
            45,
            145
          ]
        ],
        "review_status": "source-reviewed-in-prior-pilot",
        "geometry": null,
        "placement_status": "deferred",
        "review_note": "",
        "fit_revision": "a6619d96ba8fa8279ea6a8027654a92b15942b9d",
        "fit_sha256": "fabbe2df06d4283c3ddbd3f9c259be5d966eb6391fdf6785711d5167891f0ca5",
        "label_anchors": [
          {
            "box_index": 0,
            "source_pixel_xy": [
              5961.5,
              4959.5
            ],
            "covering_crop_ids": [
              "F19-R04C04"
            ],
            "inside_control_hull": true,
            "status": "derived-lettering-location",
            "projected_xy_m": [
              -6833988.97186256,
              5748165.82006169
            ],
            "lonlat": [
              -61.39076744928392,
              45.79880391929582
            ]
          },
          {
            "box_index": 1,
            "source_pixel_xy": [
              5940.5,
              5148.5
            ],
            "covering_crop_ids": [
              "F19-R04C04"
            ],
            "inside_control_hull": true,
            "status": "derived-lettering-location",
            "projected_xy_m": [
              -6834094.71715863,
              5747276.47810203
            ],
            "lonlat": [
              -61.39171737544075,
              45.79323380328464
            ]
          }
        ],
        "geographic_role": "printed-lettering-only"
      }
    },
    {
      "type": "Feature",
      "id": "F19-JUD-114",
      "geometry": {
        "type": "MultiPoint",
        "coordinates": [
          [
            -61.3737360089631,
            45.789418635934545
          ]
        ]
      },
      "properties": {
        "id": "F19-JUD-114",
        "source_text": "Mal. MᶜDonald",
        "kind": "person-label",
        "reading_status": "clear",
        "source_record_file": "../judique-southeast.json",
        "source_record_sha256": "cb4f79ba42904e7c7dda45c6ae72b0fe31f61dc08189558616cad02f49c07c2e",
        "source_label_boxes_xywh": [
          [
            6204,
            5277,
            230,
            36
          ]
        ],
        "review_status": "source-reviewed-in-prior-pilot",
        "geometry": null,
        "placement_status": "deferred",
        "review_note": "Given-name abbreviation retained.",
        "fit_revision": "a6619d96ba8fa8279ea6a8027654a92b15942b9d",
        "fit_sha256": "fabbe2df06d4283c3ddbd3f9c259be5d966eb6391fdf6785711d5167891f0ca5",
        "label_anchors": [
          {
            "box_index": 0,
            "source_pixel_xy": [
              6319.0,
              5295.0
            ],
            "covering_crop_ids": [
              "F19-R04C04",
              "F19-R04C05"
            ],
            "inside_control_hull": true,
            "status": "derived-lettering-location",
            "projected_xy_m": [
              -6832093.04059857,
              5746667.38796632
            ],
            "lonlat": [
              -61.3737360089631,
              45.789418635934545
            ]
          }
        ],
        "geographic_role": "printed-lettering-only"
      }
    },
    {
      "type": "Feature",
      "id": "F19-JUD-115",
      "geometry": {
        "type": "MultiPoint",
        "coordinates": [
          [
            -61.37670387550161,
            45.78640498500181
          ]
        ]
      },
      "properties": {
        "id": "F19-JUD-115",
        "source_text": "Norman MᶜIntyre",
        "kind": "person-label",
        "reading_status": "clear",
        "source_record_file": "../judique-southeast.json",
        "source_record_sha256": "cb4f79ba42904e7c7dda45c6ae72b0fe31f61dc08189558616cad02f49c07c2e",
        "source_label_boxes_xywh": [
          [
            6102,
            5368,
            303,
            37
          ]
        ],
        "review_status": "source-reviewed-in-prior-pilot",
        "geometry": null,
        "placement_status": "deferred",
        "review_note": "",
        "fit_revision": "a6619d96ba8fa8279ea6a8027654a92b15942b9d",
        "fit_sha256": "fabbe2df06d4283c3ddbd3f9c259be5d966eb6391fdf6785711d5167891f0ca5",
        "label_anchors": [
          {
            "box_index": 0,
            "source_pixel_xy": [
              6253.5,
              5386.5
            ],
            "covering_crop_ids": [
              "F19-R04C04",
              "F19-R04C05"
            ],
            "inside_control_hull": true,
            "status": "derived-lettering-location",
            "projected_xy_m": [
              -6832423.42199038,
              5746186.28911916
            ],
            "lonlat": [
              -61.37670387550161,
              45.78640498500181
            ]
          }
        ],
        "geographic_role": "printed-lettering-only"
      }
    },
    {
      "type": "Feature",
      "id": "F19-JUD-116",
      "geometry": {
        "type": "MultiPoint",
        "coordinates": [
          [
            -61.39143265737554,
            45.778065703469295
          ]
        ]
      },
      "properties": {
        "id": "F19-JUD-116",
        "source_text": "Nor. MᶜIsaac",
        "kind": "person-label",
        "reading_status": "clear",
        "source_record_file": "../judique-southeast.json",
        "source_record_sha256": "cb4f79ba42904e7c7dda45c6ae72b0fe31f61dc08189558616cad02f49c07c2e",
        "source_label_boxes_xywh": [
          [
            5843,
            5580,
            189,
            36
          ]
        ],
        "review_status": "source-reviewed-in-prior-pilot",
        "geometry": null,
        "placement_status": "deferred",
        "review_note": "Given-name abbreviation retained.",
        "fit_revision": "a6619d96ba8fa8279ea6a8027654a92b15942b9d",
        "fit_sha256": "fabbe2df06d4283c3ddbd3f9c259be5d966eb6391fdf6785711d5167891f0ca5",
        "label_anchors": [
          {
            "box_index": 0,
            "source_pixel_xy": [
              5937.5,
              5598.0
            ],
            "covering_crop_ids": [
              "F19-R04C04"
            ],
            "inside_control_hull": true,
            "status": "derived-lettering-location",
            "projected_xy_m": [
              -6834063.02248859,
              5744855.1428372
            ],
            "lonlat": [
              -61.39143265737554,
              45.778065703469295
            ]
          }
        ],
        "geographic_role": "printed-lettering-only"
      }
    },
    {
      "type": "Feature",
      "id": "F19-JUD-117",
      "geometry": {
        "type": "MultiPoint",
        "coordinates": [
          [
            -61.32747238724321,
            45.802208540899535
          ]
        ]
      },
      "properties": {
        "id": "F19-JUD-117",
        "source_text": "Red Bridge",
        "kind": "bridge",
        "reading_status": "clear",
        "source_record_file": "../judique-southeast.json",
        "source_record_sha256": "cb4f79ba42904e7c7dda45c6ae72b0fe31f61dc08189558616cad02f49c07c2e",
        "source_label_boxes_xywh": [
          [
            7245,
            4894,
            158,
            39
          ]
        ],
        "review_status": "source-reviewed-in-prior-pilot",
        "geometry": null,
        "placement_status": "deferred",
        "review_note": "Historical bridge name only; no present-day structure match.",
        "fit_revision": "a6619d96ba8fa8279ea6a8027654a92b15942b9d",
        "fit_sha256": "fabbe2df06d4283c3ddbd3f9c259be5d966eb6391fdf6785711d5167891f0ca5",
        "label_anchors": [
          {
            "box_index": 0,
            "source_pixel_xy": [
              7324.0,
              4913.5
            ],
            "covering_crop_ids": [
              "F19-R04C05"
            ],
            "inside_control_hull": true,
            "status": "derived-lettering-location",
            "projected_xy_m": [
              -6826942.99778646,
              5748709.4562612
            ],
            "lonlat": [
              -61.32747238724321,
              45.802208540899535
            ]
          }
        ],
        "geographic_role": "printed-lettering-only"
      }
    },
    {
      "type": "Feature",
      "id": "F19-JUD-118",
      "geometry": {
        "type": "MultiPoint",
        "coordinates": [
          [
            -61.3290259373634,
            45.796634387936734
          ]
        ]
      },
      "properties": {
        "id": "F19-JUD-118",
        "source_text": "Shop",
        "kind": "shop",
        "reading_status": "clear",
        "source_record_file": "../judique-southeast.json",
        "source_record_sha256": "cb4f79ba42904e7c7dda45c6ae72b0fe31f61dc08189558616cad02f49c07c2e",
        "source_label_boxes_xywh": [
          [
            7248,
            5075,
            74,
            37
          ]
        ],
        "review_status": "source-reviewed-in-prior-pilot",
        "geometry": null,
        "placement_status": "deferred",
        "review_note": "Northern shop on the road below Red Bridge.",
        "fit_revision": "a6619d96ba8fa8279ea6a8027654a92b15942b9d",
        "fit_sha256": "fabbe2df06d4283c3ddbd3f9c259be5d966eb6391fdf6785711d5167891f0ca5",
        "label_anchors": [
          {
            "box_index": 0,
            "source_pixel_xy": [
              7285.0,
              5093.5
            ],
            "covering_crop_ids": [
              "F19-R04C05"
            ],
            "inside_control_hull": true,
            "status": "derived-lettering-location",
            "projected_xy_m": [
              -6827115.93819476,
              5747819.41540178
            ],
            "lonlat": [
              -61.3290259373634,
              45.796634387936734
            ]
          }
        ],
        "geographic_role": "printed-lettering-only"
      }
    },
    {
      "type": "Feature",
      "id": "F19-JUD-119",
      "geometry": {
        "type": "MultiPoint",
        "coordinates": [
          [
            -61.327580998198435,
            45.7904756849054
          ]
        ]
      },
      "properties": {
        "id": "F19-JUD-119",
        "source_text": "Forge",
        "kind": "forge",
        "reading_status": "clear",
        "source_record_file": "../judique-southeast.json",
        "source_record_sha256": "cb4f79ba42904e7c7dda45c6ae72b0fe31f61dc08189558616cad02f49c07c2e",
        "source_label_boxes_xywh": [
          [
            7270,
            5266,
            85,
            35
          ]
        ],
        "review_status": "source-reviewed-in-prior-pilot",
        "geometry": null,
        "placement_status": "deferred",
        "review_note": "",
        "fit_revision": "a6619d96ba8fa8279ea6a8027654a92b15942b9d",
        "fit_sha256": "fabbe2df06d4283c3ddbd3f9c259be5d966eb6391fdf6785711d5167891f0ca5",
        "label_anchors": [
          {
            "box_index": 0,
            "source_pixel_xy": [
              7312.5,
              5283.5
            ],
            "covering_crop_ids": [
              "F19-R04C05"
            ],
            "inside_control_hull": true,
            "status": "derived-lettering-location",
            "projected_xy_m": [
              -6826955.08830269,
              5746836.14128998
            ],
            "lonlat": [
              -61.327580998198435,
              45.7904756849054
            ]
          }
        ],
        "geographic_role": "printed-lettering-only"
      }
    },
    {
      "type": "Feature",
      "id": "F19-JUD-120",
      "geometry": {
        "type": "MultiPoint",
        "coordinates": [
          [
            -61.32893978524905,
            45.786612752057664
          ]
        ]
      },
      "properties": {
        "id": "F19-JUD-120",
        "source_text": "Shop",
        "kind": "shop",
        "reading_status": "clear",
        "source_record_file": "../judique-southeast.json",
        "source_record_sha256": "cb4f79ba42904e7c7dda45c6ae72b0fe31f61dc08189558616cad02f49c07c2e",
        "source_label_boxes_xywh": [
          [
            7242,
            5382,
            75,
            37
          ]
        ],
        "review_status": "source-reviewed-in-prior-pilot",
        "geometry": null,
        "placement_status": "deferred",
        "review_note": "Second shop occurrence north of Kingsville.",
        "fit_revision": "a6619d96ba8fa8279ea6a8027654a92b15942b9d",
        "fit_sha256": "fabbe2df06d4283c3ddbd3f9c259be5d966eb6391fdf6785711d5167891f0ca5",
        "label_anchors": [
          {
            "box_index": 0,
            "source_pixel_xy": [
              7279.5,
              5400.5
            ],
            "covering_crop_ids": [
              "F19-R04C05"
            ],
            "inside_control_hull": true,
            "status": "derived-lettering-location",
            "projected_xy_m": [
              -6827106.34778526,
              5746219.45619045
            ],
            "lonlat": [
              -61.32893978524905,
              45.786612752057664
            ]
          }
        ],
        "geographic_role": "printed-lettering-only"
      }
    },
    {
      "type": "Feature",
      "id": "F19-JUD-121",
      "geometry": {
        "type": "MultiPoint",
        "coordinates": [
          [
            -61.315051104368074,
            45.78392640677893
          ]
        ]
      },
      "properties": {
        "id": "F19-JUD-121",
        "source_text": "Kingsville",
        "kind": "named-place",
        "reading_status": "clear",
        "source_record_file": "../judique-southeast.json",
        "source_record_sha256": "cb4f79ba42904e7c7dda45c6ae72b0fe31f61dc08189558616cad02f49c07c2e",
        "source_label_boxes_xywh": [
          [
            7454,
            5440,
            279,
            53
          ]
        ],
        "review_status": "source-reviewed-in-prior-pilot",
        "geometry": null,
        "placement_status": "deferred",
        "review_note": "One printed name crossing I05 and I06.",
        "fit_revision": "a6619d96ba8fa8279ea6a8027654a92b15942b9d",
        "fit_sha256": "fabbe2df06d4283c3ddbd3f9c259be5d966eb6391fdf6785711d5167891f0ca5",
        "label_anchors": [
          {
            "box_index": 0,
            "source_pixel_xy": [
              7593.5,
              5466.5
            ],
            "covering_crop_ids": [
              "F19-R04C05",
              "F19-R04C06"
            ],
            "inside_control_hull": true,
            "status": "derived-lettering-location",
            "projected_xy_m": [
              -6825560.2669018,
              5745790.62870252
            ],
            "lonlat": [
              -61.315051104368074,
              45.78392640677893
            ]
          }
        ],
        "geographic_role": "printed-lettering-only"
      }
    },
    {
      "type": "Feature",
      "id": "F19-JUD-122",
      "geometry": {
        "type": "MultiPoint",
        "coordinates": [
          [
            -61.3135612966453,
            45.78173538849485
          ]
        ]
      },
      "properties": {
        "id": "F19-JUD-122",
        "source_text": "MᶜIntosh's Shop",
        "kind": "shop",
        "reading_status": "clear",
        "source_record_file": "../judique-southeast.json",
        "source_record_sha256": "cb4f79ba42904e7c7dda45c6ae72b0fe31f61dc08189558616cad02f49c07c2e",
        "source_label_boxes_xywh": [
          [
            7514,
            5512,
            227,
            35
          ]
        ],
        "review_status": "source-reviewed-in-prior-pilot",
        "geometry": null,
        "placement_status": "deferred",
        "review_note": "Source enlargement and independent review resolve McIntosh; no owner identity inferred.",
        "fit_revision": "a6619d96ba8fa8279ea6a8027654a92b15942b9d",
        "fit_sha256": "fabbe2df06d4283c3ddbd3f9c259be5d966eb6391fdf6785711d5167891f0ca5",
        "label_anchors": [
          {
            "box_index": 0,
            "source_pixel_xy": [
              7627.5,
              5529.5
            ],
            "covering_crop_ids": [
              "F19-R04C06"
            ],
            "inside_control_hull": true,
            "status": "derived-lettering-location",
            "projected_xy_m": [
              -6825394.42226472,
              5745440.88670384
            ],
            "lonlat": [
              -61.3135612966453,
              45.78173538849485
            ]
          }
        ],
        "geographic_role": "printed-lettering-only"
      }
    },
    {
      "type": "Feature",
      "id": "F19-JUD-123",
      "geometry": {
        "type": "MultiPoint",
        "coordinates": [
          [
            -61.31772391745067,
            45.7800331086832
          ]
        ]
      },
      "properties": {
        "id": "F19-JUD-123",
        "source_text": "Shop",
        "kind": "shop",
        "reading_status": "clear",
        "source_record_file": "../judique-southeast.json",
        "source_record_sha256": "cb4f79ba42904e7c7dda45c6ae72b0fe31f61dc08189558616cad02f49c07c2e",
        "source_label_boxes_xywh": [
          [
            7497,
            5564,
            70,
            36
          ]
        ],
        "review_status": "source-reviewed-in-prior-pilot",
        "geometry": null,
        "placement_status": "deferred",
        "review_note": "Separate shop wording from the named shop and P.O.",
        "fit_revision": "a6619d96ba8fa8279ea6a8027654a92b15942b9d",
        "fit_sha256": "fabbe2df06d4283c3ddbd3f9c259be5d966eb6391fdf6785711d5167891f0ca5",
        "label_anchors": [
          {
            "box_index": 0,
            "source_pixel_xy": [
              7532.0,
              5582.0
            ],
            "covering_crop_ids": [
              "F19-R04C05",
              "F19-R04C06"
            ],
            "inside_control_hull": true,
            "status": "derived-lettering-location",
            "projected_xy_m": [
              -6825857.80309314,
              5745169.16922846
            ],
            "lonlat": [
              -61.31772391745067,
              45.7800331086832
            ]
          }
        ],
        "geographic_role": "printed-lettering-only"
      }
    },
    {
      "type": "Feature",
      "id": "F19-JUD-124",
      "geometry": {
        "type": "MultiPoint",
        "coordinates": [
          [
            -61.31885469777902,
            45.7792845156489
          ]
        ]
      },
      "properties": {
        "id": "F19-JUD-124",
        "source_text": "P.O.",
        "kind": "post-office",
        "reading_status": "clear",
        "source_record_file": "../judique-southeast.json",
        "source_record_sha256": "cb4f79ba42904e7c7dda45c6ae72b0fe31f61dc08189558616cad02f49c07c2e",
        "source_label_boxes_xywh": [
          [
            7475,
            5587,
            62,
            35
          ]
        ],
        "review_status": "source-reviewed-in-prior-pilot",
        "geometry": null,
        "placement_status": "deferred",
        "review_note": "Shared or separate premises unresolved.",
        "fit_revision": "a6619d96ba8fa8279ea6a8027654a92b15942b9d",
        "fit_sha256": "fabbe2df06d4283c3ddbd3f9c259be5d966eb6391fdf6785711d5167891f0ca5",
        "label_anchors": [
          {
            "box_index": 0,
            "source_pixel_xy": [
              7506.0,
              5604.5
            ],
            "covering_crop_ids": [
              "F19-R04C05",
              "F19-R04C06"
            ],
            "inside_control_hull": true,
            "status": "derived-lettering-location",
            "projected_xy_m": [
              -6825983.68098349,
              5745049.68162281
            ],
            "lonlat": [
              -61.31885469777902,
              45.7792845156489
            ]
          }
        ],
        "geographic_role": "printed-lettering-only"
      }
    },
    {
      "type": "Feature",
      "id": "F19-JUD-125",
      "geometry": {
        "type": "MultiPoint",
        "coordinates": [
          [
            -61.31687467250536,
            45.777603053388425
          ]
        ]
      },
      "properties": {
        "id": "F19-JUD-125",
        "source_text": "Blue Bridge",
        "kind": "bridge",
        "reading_status": "clear",
        "source_record_file": "../judique-southeast.json",
        "source_record_sha256": "cb4f79ba42904e7c7dda45c6ae72b0fe31f61dc08189558616cad02f49c07c2e",
        "source_label_boxes_xywh": [
          [
            7470,
            5634,
            163,
            35
          ]
        ],
        "review_status": "source-reviewed-in-prior-pilot",
        "geometry": null,
        "placement_status": "deferred",
        "review_note": "Historical bridge name only.",
        "fit_revision": "a6619d96ba8fa8279ea6a8027654a92b15942b9d",
        "fit_sha256": "fabbe2df06d4283c3ddbd3f9c259be5d966eb6391fdf6785711d5167891f0ca5",
        "label_anchors": [
          {
            "box_index": 0,
            "source_pixel_xy": [
              7551.5,
              5651.5
            ],
            "covering_crop_ids": [
              "F19-R04C05",
              "F19-R04C06"
            ],
            "inside_control_hull": true,
            "status": "derived-lettering-location",
            "projected_xy_m": [
              -6825763.26557827,
              5744781.29878693
            ],
            "lonlat": [
              -61.31687467250536,
              45.777603053388425
            ]
          }
        ],
        "geographic_role": "printed-lettering-only"
      }
    },
    {
      "type": "Feature",
      "id": "F19-JUD-126",
      "geometry": {
        "type": "MultiPoint",
        "coordinates": [
          [
            -61.30123850219461,
            45.80653932664585
          ],
          [
            -61.280291060454324,
            45.800532064056235
          ],
          [
            -61.27256695938772,
            45.80347754390857
          ]
        ]
      },
      "properties": {
        "id": "F19-JUD-126",
        "source_text": "River Inhabitants",
        "kind": "watercourse",
        "reading_status": "clear",
        "source_record_file": "../judique-southeast.json",
        "source_record_sha256": "cb4f79ba42904e7c7dda45c6ae72b0fe31f61dc08189558616cad02f49c07c2e",
        "source_label_boxes_xywh": [
          [
            7837,
            4704,
            153,
            137
          ],
          [
            8231,
            4916,
            307,
            91
          ],
          [
            8522,
            4795,
            73,
            160
          ]
        ],
        "review_status": "source-reviewed-in-prior-pilot",
        "geometry": null,
        "placement_status": "deferred",
        "review_note": "Single curved name; separate from the road wording and other printed river occurrences.",
        "fit_revision": "a6619d96ba8fa8279ea6a8027654a92b15942b9d",
        "fit_sha256": "fabbe2df06d4283c3ddbd3f9c259be5d966eb6391fdf6785711d5167891f0ca5",
        "label_anchors": [
          {
            "box_index": 0,
            "source_pixel_xy": [
              7913.5,
              4772.5
            ],
            "covering_crop_ids": [
              "F19-R03C06",
              "F19-R04C06"
            ],
            "inside_control_hull": true,
            "status": "derived-lettering-location",
            "projected_xy_m": [
              -6824022.65506132,
              5749401.02661161
            ],
            "lonlat": [
              -61.30123850219461,
              45.80653932664585
            ]
          },
          {
            "box_index": 1,
            "source_pixel_xy": [
              8384.5,
              4961.5
            ],
            "covering_crop_ids": [
              "F19-R04C06"
            ],
            "inside_control_hull": true,
            "status": "derived-lettering-location",
            "projected_xy_m": [
              -6821690.79651337,
              5748441.75907193
            ],
            "lonlat": [
              -61.280291060454324,
              45.800532064056235
            ]
          },
          {
            "box_index": 2,
            "source_pixel_xy": [
              8558.5,
              4875.0
            ],
            "covering_crop_ids": [
              "F19-R04C06"
            ],
            "inside_control_hull": true,
            "status": "derived-lettering-location",
            "projected_xy_m": [
              -6820830.9535158,
              5748912.09402506
            ],
            "lonlat": [
              -61.27256695938772,
              45.80347754390857
            ]
          }
        ],
        "geographic_role": "printed-lettering-only"
      }
    },
    {
      "type": "Feature",
      "id": "F19-JUD-127",
      "geometry": {
        "type": "MultiPoint",
        "coordinates": [
          [
            -61.26524550084105,
            45.82299236588058
          ]
        ]
      },
      "properties": {
        "id": "F19-JUD-127",
        "source_text": "Angus MᶜVarish",
        "kind": "person-label",
        "reading_status": "clear",
        "source_record_file": "../judique-southeast.json",
        "source_record_sha256": "cb4f79ba42904e7c7dda45c6ae72b0fe31f61dc08189558616cad02f49c07c2e",
        "source_label_boxes_xywh": [
          [
            8580,
            4252,
            272,
            36
          ]
        ],
        "review_status": "source-reviewed-in-prior-pilot",
        "geometry": null,
        "placement_status": "deferred",
        "review_note": "Completed east of I03 from native source pixels. Nearby dots are building marks and are excluded from the lettering box.",
        "fit_revision": "a6619d96ba8fa8279ea6a8027654a92b15942b9d",
        "fit_sha256": "fabbe2df06d4283c3ddbd3f9c259be5d966eb6391fdf6785711d5167891f0ca5",
        "label_anchors": [
          {
            "box_index": 0,
            "source_pixel_xy": [
              8716.0,
              4270.0
            ],
            "covering_crop_ids": [
              "F19-R03C06",
              "F19-R03C07"
            ],
            "inside_control_hull": true,
            "status": "derived-lettering-location",
            "projected_xy_m": [
              -6820015.93247852,
              5752028.85398256
            ],
            "lonlat": [
              -61.26524550084105,
              45.82299236588058
            ]
          }
        ],
        "geographic_role": "printed-lettering-only"
      }
    },
    {
      "type": "Feature",
      "id": "F19-JUD-128",
      "geometry": {
        "type": "MultiPoint",
        "coordinates": [
          [
            -61.26402699784823,
            45.820140180291844
          ]
        ]
      },
      "properties": {
        "id": "F19-JUD-128",
        "source_text": "Neil MᶜCuish",
        "kind": "person-label",
        "reading_status": "clear",
        "source_record_file": "../judique-southeast.json",
        "source_record_sha256": "cb4f79ba42904e7c7dda45c6ae72b0fe31f61dc08189558616cad02f49c07c2e",
        "source_label_boxes_xywh": [
          [
            8647,
            4344,
            195,
            34
          ]
        ],
        "review_status": "source-reviewed-in-prior-pilot",
        "geometry": null,
        "placement_status": "deferred",
        "review_note": "Completed east of I03 from native source pixels.",
        "fit_revision": "a6619d96ba8fa8279ea6a8027654a92b15942b9d",
        "fit_sha256": "fabbe2df06d4283c3ddbd3f9c259be5d966eb6391fdf6785711d5167891f0ca5",
        "label_anchors": [
          {
            "box_index": 0,
            "source_pixel_xy": [
              8744.5,
              4361.0
            ],
            "covering_crop_ids": [
              "F19-R03C06",
              "F19-R03C07"
            ],
            "inside_control_hull": true,
            "status": "derived-lettering-location",
            "projected_xy_m": [
              -6819880.28934583,
              5751573.25629082
            ],
            "lonlat": [
              -61.26402699784823,
              45.820140180291844
            ]
          }
        ],
        "geographic_role": "printed-lettering-only"
      }
    },
    {
      "type": "Feature",
      "id": "F19-JUD-129",
      "geometry": {
        "type": "MultiPoint",
        "coordinates": [
          [
            -61.26383710132761,
            45.81024075945278
          ],
          [
            -61.264879295015824,
            45.8091545141421
          ],
          [
            -61.26378376593757,
            45.8080713151271
          ]
        ]
      },
      "properties": {
        "id": "F19-JUD-129",
        "source_text": "Fine outcrops of\nblack shale full\nof fossils",
        "kind": "descriptive-geology",
        "reading_status": "clear",
        "source_record_file": "../judique-southeast.json",
        "source_record_sha256": "cb4f79ba42904e7c7dda45c6ae72b0fe31f61dc08189558616cad02f49c07c2e",
        "source_label_boxes_xywh": [
          [
            8618,
            4652,
            270,
            39
          ],
          [
            8611,
            4686,
            238,
            37
          ],
          [
            8680,
            4720,
            150,
            38
          ]
        ],
        "review_status": "source-reviewed-in-prior-pilot",
        "geometry": null,
        "placement_status": "deferred",
        "review_note": "Three-line wording completed east of I06; line breaks preserved.",
        "fit_revision": "a6619d96ba8fa8279ea6a8027654a92b15942b9d",
        "fit_sha256": "fabbe2df06d4283c3ddbd3f9c259be5d966eb6391fdf6785711d5167891f0ca5",
        "label_anchors": [
          {
            "box_index": 0,
            "source_pixel_xy": [
              8753.0,
              4671.5
            ],
            "covering_crop_ids": [
              "F19-R03C06",
              "F19-R03C07",
              "F19-R04C06",
              "F19-R04C07"
            ],
            "inside_control_hull": true,
            "status": "derived-lettering-location",
            "projected_xy_m": [
              -6819859.15016185,
              5749992.14006998
            ],
            "lonlat": [
              -61.26383710132761,
              45.81024075945278
            ]
          },
          {
            "box_index": 1,
            "source_pixel_xy": [
              8730.0,
              4704.5
            ],
            "covering_crop_ids": [
              "F19-R03C06",
              "F19-R03C07",
              "F19-R04C06",
              "F19-R04C07"
            ],
            "inside_control_hull": true,
            "status": "derived-lettering-location",
            "projected_xy_m": [
              -6819975.16663253,
              5749818.66419479
            ],
            "lonlat": [
              -61.264879295015824,
              45.8091545141421
            ]
          },
          {
            "box_index": 2,
            "source_pixel_xy": [
              8755.0,
              4739.0
            ],
            "covering_crop_ids": [
              "F19-R03C06",
              "F19-R03C07",
              "F19-R04C06",
              "F19-R04C07"
            ],
            "inside_control_hull": true,
            "status": "derived-lettering-location",
            "projected_xy_m": [
              -6819853.21289339,
              5749645.67818886
            ],
            "lonlat": [
              -61.26378376593757,
              45.8080713151271
            ]
          }
        ],
        "geographic_role": "printed-lettering-only"
      }
    },
    {
      "type": "Feature",
      "id": "F19-JUD-130",
      "geometry": {
        "type": "MultiPoint",
        "coordinates": [
          [
            -61.42743336381384,
            45.7740099668497
          ],
          [
            -61.4187144098477,
            45.78295574697037
          ],
          [
            -61.40912274914569,
            45.79186797667741
          ],
          [
            -61.400167674059325,
            45.80066902270046
          ],
          [
            -61.392231116845984,
            45.80841870741977
          ],
          [
            -61.38392194332024,
            45.81638078091453
          ],
          [
            -61.37394954482219,
            45.82768499587218
          ],
          [
            -61.36549912958577,
            45.83771242134646
          ],
          [
            -61.35885357115482,
            45.84616083192545
          ],
          [
            -61.33442471920121,
            45.871145108162544
          ],
          [
            -61.32510255684739,
            45.87981432687657
          ],
          [
            -61.315661232444526,
            45.88868823620878
          ],
          [
            -61.306024232037096,
            45.89781217799508
          ],
          [
            -61.29739758029726,
            45.90686278757951
          ]
        ]
      },
      "properties": {
        "id": "F19-JUD-130",
        "source_text": "CRAIGNISH HILLS",
        "kind": "named-place-or-landscape",
        "reading_status": "clear",
        "source_record_file": "../judique-southeast.json",
        "source_record_sha256": "cb4f79ba42904e7c7dda45c6ae72b0fe31f61dc08189558616cad02f49c07c2e",
        "source_label_boxes_xywh": [
          [
            5155,
            5680,
            70,
            70
          ],
          [
            5332,
            5400,
            70,
            80
          ],
          [
            5528,
            5140,
            75,
            75
          ],
          [
            5723,
            4874,
            60,
            42
          ],
          [
            5898,
            4598,
            56,
            57
          ],
          [
            6075,
            4322,
            66,
            75
          ],
          [
            6258,
            4068,
            63,
            52
          ],
          [
            6442,
            3795,
            62,
            62
          ],
          [
            6628,
            3525,
            72,
            67
          ],
          [
            7161,
            2770,
            67,
            71
          ],
          [
            7353,
            2506,
            62,
            55
          ],
          [
            7549,
            2219,
            72,
            57
          ],
          [
            7760,
            1915,
            77,
            66
          ],
          [
            7957,
            1617,
            73,
            68
          ]
        ],
        "review_status": "source-reviewed-in-prior-pilot",
        "geometry": null,
        "placement_status": "deferred",
        "review_note": "Complete the same widely spaced diagonal regional inscription with H I L L S, using original pixels. Preserve F19-JUD-130 and all CRAIGNISH lettering boxes; original source file remains unchanged.",
        "source_completion": {
          "previous_source_text": "CRAIGNISH",
          "added_source_text": "HILLS",
          "evidence": "sheet-19-north-review-evidence.json"
        },
        "fit_revision": "a6619d96ba8fa8279ea6a8027654a92b15942b9d",
        "fit_sha256": "fabbe2df06d4283c3ddbd3f9c259be5d966eb6391fdf6785711d5167891f0ca5",
        "label_anchors": [
          {
            "box_index": 0,
            "source_pixel_xy": [
              5190.0,
              5715.0
            ],
            "covering_crop_ids": [
              "F19-R04C03",
              "F19-R04C04"
            ],
            "inside_control_hull": true,
            "status": "derived-lettering-location",
            "projected_xy_m": [
              -6838070.6027975,
              5744207.82344269
            ],
            "lonlat": [
              -61.42743336381384,
              45.7740099668497
            ]
          },
          {
            "box_index": 1,
            "source_pixel_xy": [
              5367.0,
              5440.0
            ],
            "covering_crop_ids": [
              "F19-R04C04"
            ],
            "inside_control_hull": true,
            "status": "derived-lettering-location",
            "projected_xy_m": [
              -6837100.01328174,
              5745635.68512242
            ],
            "lonlat": [
              -61.4187144098477,
              45.78295574697037
            ]
          },
          {
            "box_index": 2,
            "source_pixel_xy": [
              5565.5,
              5177.5
            ],
            "covering_crop_ids": [
              "F19-R04C04"
            ],
            "inside_control_hull": true,
            "status": "derived-lettering-location",
            "projected_xy_m": [
              -6836032.27449653,
              5747058.41956955
            ],
            "lonlat": [
              -61.40912274914569,
              45.79186797667741
            ]
          },
          {
            "box_index": 3,
            "source_pixel_xy": [
              5753.0,
              4895.0
            ],
            "covering_crop_ids": [
              "F19-R04C04"
            ],
            "inside_control_hull": true,
            "status": "derived-lettering-location",
            "projected_xy_m": [
              -6835035.4000979,
              5748463.62811099
            ],
            "lonlat": [
              -61.400167674059325,
              45.80066902270046
            ]
          },
          {
            "box_index": 4,
            "source_pixel_xy": [
              5926.0,
              4626.5
            ],
            "covering_crop_ids": [
              "F19-R03C04"
            ],
            "inside_control_hull": true,
            "status": "derived-lettering-location",
            "projected_xy_m": [
              -6834151.90659026,
              5749701.15609038
            ],
            "lonlat": [
              -61.392231116845984,
              45.80841870741977
            ]
          },
          {
            "box_index": 5,
            "source_pixel_xy": [
              6108.0,
              4359.5
            ],
            "covering_crop_ids": [
              "F19-R03C04"
            ],
            "inside_control_hull": true,
            "status": "derived-lettering-location",
            "projected_xy_m": [
              -6833226.93362446,
              5750972.77924003
            ],
            "lonlat": [
              -61.38392194332024,
              45.81638078091453
            ]
          },
          {
            "box_index": 6,
            "source_pixel_xy": [
              6289.5,
              4094.0
            ],
            "covering_crop_ids": [
              "F19-R03C04",
              "F19-R03C05"
            ],
            "inside_control_hull": true,
            "status": "derived-lettering-location",
            "projected_xy_m": [
              -6832116.81130167,
              5752778.48832509
            ],
            "lonlat": [
              -61.37394954482219,
              45.82768499587218
            ]
          },
          {
            "box_index": 7,
            "source_pixel_xy": [
              6473.0,
              3826.0
            ],
            "covering_crop_ids": [
              "F19-R03C05"
            ],
            "inside_control_hull": true,
            "status": "derived-lettering-location",
            "projected_xy_m": [
              -6831176.11538056,
              5754380.55295766
            ],
            "lonlat": [
              -61.36549912958577,
              45.83771242134646
            ]
          },
          {
            "box_index": 8,
            "source_pixel_xy": [
              6664.0,
              3558.5
            ],
            "covering_crop_ids": [
              "F19-R02C05",
              "F19-R03C05"
            ],
            "inside_control_hull": true,
            "status": "derived-lettering-location",
            "projected_xy_m": [
              -6830436.33519999,
              5755730.56518057
            ],
            "lonlat": [
              -61.35885357115482,
              45.84616083192545
            ]
          },
          {
            "box_index": 9,
            "source_pixel_xy": [
              7194.5,
              2805.5
            ],
            "covering_crop_ids": [
              "F19-R02C05"
            ],
            "inside_control_hull": true,
            "status": "derived-lettering-location",
            "projected_xy_m": [
              -6827716.92783985,
              5759724.12318584
            ],
            "lonlat": [
              -61.33442471920121,
              45.871145108162544
            ]
          },
          {
            "box_index": 10,
            "source_pixel_xy": [
              7384.0,
              2533.5
            ],
            "covering_crop_ids": [
              "F19-R02C05"
            ],
            "inside_control_hull": true,
            "status": "derived-lettering-location",
            "projected_xy_m": [
              -6826679.18947353,
              5761110.25534211
            ],
            "lonlat": [
              -61.32510255684739,
              45.87981432687657
            ]
          },
          {
            "box_index": 11,
            "source_pixel_xy": [
              7585.0,
              2247.5
            ],
            "covering_crop_ids": [
              "F19-R01C05",
              "F19-R01C06",
              "F19-R02C05",
              "F19-R02C06"
            ],
            "inside_control_hull": true,
            "status": "derived-lettering-location",
            "projected_xy_m": [
              -6825628.18604859,
              5762529.33974677
            ],
            "lonlat": [
              -61.315661232444526,
              45.88868823620878
            ]
          },
          {
            "box_index": 12,
            "source_pixel_xy": [
              7798.5,
              1948.0
            ],
            "covering_crop_ids": [
              "F19-R01C06"
            ],
            "inside_control_hull": true,
            "status": "derived-lettering-location",
            "projected_xy_m": [
              -6824555.40007046,
              5763988.64486708
            ],
            "lonlat": [
              -61.306024232037096,
              45.89781217799508
            ]
          },
          {
            "box_index": 13,
            "source_pixel_xy": [
              7993.5,
              1651.0
            ],
            "covering_crop_ids": [
              "F19-R01C06"
            ],
            "inside_control_hull": true,
            "status": "derived-lettering-location",
            "projected_xy_m": [
              -6823595.08559153,
              5765436.45797855
            ],
            "lonlat": [
              -61.29739758029726,
              45.90686278757951
            ]
          }
        ],
        "geographic_role": "printed-lettering-only"
      }
    },
    {
      "type": "Feature",
      "id": "F19-JUD-131",
      "geometry": {
        "type": "MultiPoint",
        "coordinates": [
          [
            -61.32696624192429,
            45.771460195743394
          ],
          [
            -61.32256881648054,
            45.77740072424688
          ]
        ]
      },
      "properties": {
        "id": "F19-JUD-131",
        "source_text": "Victoria Road",
        "kind": "road-name",
        "reading_status": "clear",
        "source_record_file": "../judique-southeast.json",
        "source_record_sha256": "cb4f79ba42904e7c7dda45c6ae72b0fe31f61dc08189558616cad02f49c07c2e",
        "source_label_boxes_xywh": [
          [
            7262,
            5780,
            113,
            107
          ],
          [
            7391,
            5620,
            59,
            83
          ]
        ],
        "review_status": "source-reviewed-in-prior-pilot",
        "geometry": null,
        "placement_status": "deferred",
        "review_note": "Multipart lettering follows the road southwest from the Kingsville/Blue Bridge area. Box order follows source text: Victoria, then Road. The label intersects the core and continues below it.",
        "fit_revision": "a6619d96ba8fa8279ea6a8027654a92b15942b9d",
        "fit_sha256": "fabbe2df06d4283c3ddbd3f9c259be5d966eb6391fdf6785711d5167891f0ca5",
        "label_anchors": [
          {
            "box_index": 0,
            "source_pixel_xy": [
              7318.5,
              5833.5
            ],
            "covering_crop_ids": [
              "F19-R04C05",
              "F19-R05C05"
            ],
            "inside_control_hull": true,
            "status": "derived-lettering-location",
            "projected_xy_m": [
              -6826886.65394729,
              5743800.88909358
            ],
            "lonlat": [
              -61.32696624192429,
              45.771460195743394
            ]
          },
          {
            "box_index": 1,
            "source_pixel_xy": [
              7420.5,
              5661.5
            ],
            "covering_crop_ids": [
              "F19-R04C05",
              "F19-R04C06"
            ],
            "inside_control_hull": true,
            "status": "derived-lettering-location",
            "projected_xy_m": [
              -6826397.13478609,
              5744749.00501929
            ],
            "lonlat": [
              -61.32256881648054,
              45.77740072424688
            ]
          }
        ],
        "geographic_role": "printed-lettering-only"
      }
    },
    {
      "type": "Feature",
      "id": "F19-JUD-132",
      "geometry": {
        "type": "MultiPoint",
        "coordinates": [
          [
            -61.3127729486857,
            45.77050739049008
          ],
          [
            -61.303850574535296,
            45.75270007517263
          ]
        ]
      },
      "properties": {
        "id": "F19-JUD-132",
        "source_text": "River Inhabitants",
        "kind": "watercourse",
        "reading_status": "clear",
        "source_record_file": "../judique-southeast.json",
        "source_record_sha256": "cb4f79ba42904e7c7dda45c6ae72b0fe31f61dc08189558616cad02f49c07c2e",
        "source_label_boxes_xywh": [
          [
            7602,
            5775,
            92,
            156
          ],
          [
            7770,
            6218,
            193,
            309
          ]
        ],
        "review_status": "source-reviewed-in-prior-pilot",
        "geometry": null,
        "placement_status": "deferred",
        "review_note": "Large watercourse lettering follows the river south beyond the I06/core edge. Box order follows source text: River, then Inhabitants. It is distinct from Victoria Road.",
        "fit_revision": "a6619d96ba8fa8279ea6a8027654a92b15942b9d",
        "fit_sha256": "fabbe2df06d4283c3ddbd3f9c259be5d966eb6391fdf6785711d5167891f0ca5",
        "label_anchors": [
          {
            "box_index": 0,
            "source_pixel_xy": [
              7648.0,
              5853.0
            ],
            "covering_crop_ids": [
              "F19-R04C06",
              "F19-R05C06"
            ],
            "inside_control_hull": true,
            "status": "derived-lettering-location",
            "projected_xy_m": [
              -6825306.66377129,
              5743648.8295578
            ],
            "lonlat": [
              -61.3127729486857,
              45.77050739049008
            ]
          },
          {
            "box_index": 1,
            "source_pixel_xy": [
              7866.5,
              6372.5
            ],
            "covering_crop_ids": [
              "F19-R05C06"
            ],
            "inside_control_hull": true,
            "status": "derived-lettering-location",
            "projected_xy_m": [
              -6824313.4296242,
              5740807.41275523
            ],
            "lonlat": [
              -61.303850574535296,
              45.75270007517263
            ]
          }
        ],
        "geographic_role": "printed-lettering-only"
      }
    },
    {
      "type": "Feature",
      "id": "F19-JUD-133",
      "geometry": {
        "type": "MultiPoint",
        "coordinates": [
          [
            -61.3317372309966,
            45.76838616163951
          ],
          [
            -61.32576391167578,
            45.76110877921952
          ],
          [
            -61.32142957325425,
            45.75657489459517
          ],
          [
            -61.31628193658967,
            45.7511970268372
          ]
        ]
      },
      "properties": {
        "id": "F19-JUD-133",
        "source_text": "PROPOSED RAILWAY TO WHYCOCOMAGH",
        "kind": "railway-annotation",
        "reading_status": "clear",
        "source_record_file": "../judique-southeast.json",
        "source_record_sha256": "cb4f79ba42904e7c7dda45c6ae72b0fe31f61dc08189558616cad02f49c07c2e",
        "source_label_boxes_xywh": [
          [
            7156,
            5828,
            104,
            190
          ],
          [
            7279,
            6045,
            140,
            169
          ],
          [
            7428,
            6228,
            51,
            65
          ],
          [
            7476,
            6295,
            204,
            249
          ]
        ],
        "review_status": "source-reviewed-in-prior-pilot",
        "geometry": null,
        "placement_status": "deferred",
        "review_note": "Added during the final core-boundary audit: the opening P intersects I05; the rest is completed from E06. Proposed status is explicit source wording, not evidence of construction or a modern route.",
        "fit_revision": "a6619d96ba8fa8279ea6a8027654a92b15942b9d",
        "fit_sha256": "fabbe2df06d4283c3ddbd3f9c259be5d966eb6391fdf6785711d5167891f0ca5",
        "label_anchors": [
          {
            "box_index": 0,
            "source_pixel_xy": [
              7208.0,
              5923.0
            ],
            "covering_crop_ids": [
              "F19-R04C05",
              "F19-R05C05"
            ],
            "inside_control_hull": true,
            "status": "derived-lettering-location",
            "projected_xy_m": [
              -6827417.7580214,
              5743310.30897899
            ],
            "lonlat": [
              -61.3317372309966,
              45.76838616163951
            ]
          },
          {
            "box_index": 1,
            "source_pixel_xy": [
              7349.0,
              6129.5
            ],
            "covering_crop_ids": [
              "F19-R05C05"
            ],
            "inside_control_hull": true,
            "status": "derived-lettering-location",
            "projected_xy_m": [
              -6826752.81115626,
              5742149.03108017
            ],
            "lonlat": [
              -61.32576391167578,
              45.76110877921952
            ]
          },
          {
            "box_index": 2,
            "source_pixel_xy": [
              7453.5,
              6260.5
            ],
            "covering_crop_ids": [
              "F19-R05C05",
              "F19-R05C06"
            ],
            "inside_control_hull": true,
            "status": "derived-lettering-location",
            "projected_xy_m": [
              -6826270.31481025,
              5741425.61949969
            ],
            "lonlat": [
              -61.32142957325425,
              45.75657489459517
            ]
          },
          {
            "box_index": 3,
            "source_pixel_xy": [
              7578.0,
              6419.5
            ],
            "covering_crop_ids": [
              "F19-R05C05",
              "F19-R05C06"
            ],
            "inside_control_hull": true,
            "status": "derived-lettering-location",
            "projected_xy_m": [
              -6825697.28251796,
              5740567.62097458
            ],
            "lonlat": [
              -61.31628193658967,
              45.7511970268372
            ]
          }
        ],
        "geographic_role": "printed-lettering-only"
      }
    },
    {
      "type": "Feature",
      "id": "F19-JUD-134",
      "geometry": {
        "type": "MultiPoint",
        "coordinates": [
          [
            -61.25336184481223,
            45.916406810281195
          ]
        ]
      },
      "properties": {
        "id": "F19-JUD-134",
        "source_text": "Falls",
        "kind": "falls",
        "reading_status": "clear",
        "crop_id": "F19-R01C07",
        "raw_candidate_ids": [
          "F19-R01C07-01",
          "F19-DETAIL-EAST-FALLS-01"
        ],
        "source_label_boxes_xywh": [
          [
            8919,
            1300,
            80,
            40
          ]
        ],
        "review_status": "source-reviewed",
        "geometry": null,
        "placement_status": "deferred",
        "review_note": "Northern occurrence; distinct from the next Falls below.",
        "fit_revision": "a6619d96ba8fa8279ea6a8027654a92b15942b9d",
        "fit_sha256": "fabbe2df06d4283c3ddbd3f9c259be5d966eb6391fdf6785711d5167891f0ca5",
        "label_anchors": [
          {
            "box_index": 0,
            "source_pixel_xy": [
              8959.0,
              1320.0
            ],
            "covering_crop_ids": [
              "F19-R01C07"
            ],
            "inside_control_hull": false,
            "status": "derived-lettering-location",
            "projected_xy_m": [
              -6818693.04994063,
              5766963.45741804
            ],
            "lonlat": [
              -61.25336184481223,
              45.916406810281195
            ]
          }
        ],
        "geographic_role": "printed-lettering-only"
      }
    },
    {
      "type": "Feature",
      "id": "F19-JUD-135",
      "geometry": {
        "type": "MultiPoint",
        "coordinates": [
          [
            -61.25409139067326,
            45.91250209420196
          ]
        ]
      },
      "properties": {
        "id": "F19-JUD-135",
        "source_text": "Falls",
        "kind": "falls",
        "reading_status": "clear",
        "crop_id": "F19-R01C07",
        "raw_candidate_ids": [
          "F19-R01C07-02",
          "F19-DETAIL-EAST-FALLS-02"
        ],
        "source_label_boxes_xywh": [
          [
            8896,
            1422,
            87,
            43
          ]
        ],
        "review_status": "source-reviewed",
        "geometry": null,
        "placement_status": "deferred",
        "review_note": "",
        "fit_revision": "a6619d96ba8fa8279ea6a8027654a92b15942b9d",
        "fit_sha256": "fabbe2df06d4283c3ddbd3f9c259be5d966eb6391fdf6785711d5167891f0ca5",
        "label_anchors": [
          {
            "box_index": 0,
            "source_pixel_xy": [
              8939.5,
              1443.5
            ],
            "covering_crop_ids": [
              "F19-R01C07"
            ],
            "inside_control_hull": true,
            "status": "derived-lettering-location",
            "projected_xy_m": [
              -6818774.26261439,
              5766338.68918639
            ],
            "lonlat": [
              -61.25409139067326,
              45.91250209420196
            ]
          }
        ],
        "geographic_role": "printed-lettering-only"
      }
    },
    {
      "type": "Feature",
      "id": "F19-JUD-136",
      "geometry": {
        "type": "MultiPoint",
        "coordinates": [
          [
            -61.262884470098115,
            45.9088958797514
          ]
        ]
      },
      "properties": {
        "id": "F19-JUD-136",
        "source_text": "Fall",
        "kind": "falls",
        "reading_status": "clear",
        "crop_id": "F19-R01C06",
        "raw_candidate_ids": [
          "F19-DETAIL-OVERPRINTED-FALL-01"
        ],
        "source_label_boxes_xywh": [
          [
            8707,
            1540,
            77,
            43
          ]
        ],
        "review_status": "source-reviewed",
        "geometry": null,
        "placement_status": "deferred",
        "review_note": "Printed black Fall over red report reference; reject detail Fau. and retain singular form.",
        "fit_revision": "a6619d96ba8fa8279ea6a8027654a92b15942b9d",
        "fit_sha256": "fabbe2df06d4283c3ddbd3f9c259be5d966eb6391fdf6785711d5167891f0ca5",
        "label_anchors": [
          {
            "box_index": 0,
            "source_pixel_xy": [
              8745.5,
              1561.5
            ],
            "covering_crop_ids": [
              "F19-R01C06",
              "F19-R01C07"
            ],
            "inside_control_hull": true,
            "status": "derived-lettering-location",
            "projected_xy_m": [
              -6819753.10373847,
              5765761.72130265
            ],
            "lonlat": [
              -61.262884470098115,
              45.9088958797514
            ]
          }
        ],
        "geographic_role": "printed-lettering-only"
      }
    },
    {
      "type": "Feature",
      "id": "F19-JUD-137",
      "geometry": {
        "type": "MultiPoint",
        "coordinates": [
          [
            -61.260477118287945,
            45.90126248565533
          ]
        ]
      },
      "properties": {
        "id": "F19-JUD-137",
        "source_text": "Fall 8'",
        "kind": "falls",
        "reading_status": "clear",
        "crop_id": "F19-R01C07",
        "raw_candidate_ids": [
          "F19-R01C07-03",
          "F19-R01C06-10",
          "F19-DETAIL-EAST-FALLS-06"
        ],
        "source_label_boxes_xywh": [
          [
            8737,
            1780,
            108,
            43
          ]
        ],
        "review_status": "source-reviewed",
        "geometry": null,
        "placement_status": "deferred",
        "review_note": "Complete native height at crop overlap.",
        "fit_revision": "a6619d96ba8fa8279ea6a8027654a92b15942b9d",
        "fit_sha256": "fabbe2df06d4283c3ddbd3f9c259be5d966eb6391fdf6785711d5167891f0ca5",
        "label_anchors": [
          {
            "box_index": 0,
            "source_pixel_xy": [
              8791.0,
              1801.5
            ],
            "covering_crop_ids": [
              "F19-R01C06",
              "F19-R01C07"
            ],
            "inside_control_hull": true,
            "status": "derived-lettering-location",
            "projected_xy_m": [
              -6819485.1185608,
              5764540.55782714
            ],
            "lonlat": [
              -61.260477118287945,
              45.90126248565533
            ]
          }
        ],
        "geographic_role": "printed-lettering-only"
      }
    },
    {
      "type": "Feature",
      "id": "F19-JUD-138",
      "geometry": {
        "type": "MultiPoint",
        "coordinates": [
          [
            -61.25080258723119,
            45.90187322307924
          ]
        ]
      },
      "properties": {
        "id": "F19-JUD-138",
        "source_text": "Fall 30'",
        "kind": "falls",
        "reading_status": "clear",
        "crop_id": "F19-R01C07",
        "raw_candidate_ids": [
          "F19-R01C07-04",
          "F19-DETAIL-EAST-FALLS-05",
          "F19-DETAIL-EAST-NAMES-02"
        ],
        "source_label_boxes_xywh": [
          [
            8946,
            1759,
            109,
            38
          ]
        ],
        "review_status": "source-reviewed",
        "geometry": null,
        "placement_status": "deferred",
        "review_note": "Distinct from existing F19-JUD-034; retain the printed height mark.",
        "fit_revision": "a6619d96ba8fa8279ea6a8027654a92b15942b9d",
        "fit_sha256": "fabbe2df06d4283c3ddbd3f9c259be5d966eb6391fdf6785711d5167891f0ca5",
        "label_anchors": [
          {
            "box_index": 0,
            "source_pixel_xy": [
              9000.5,
              1778.0
            ],
            "covering_crop_ids": [
              "F19-R01C07"
            ],
            "inside_control_hull": true,
            "status": "derived-lettering-location",
            "projected_xy_m": [
              -6818408.1546899,
              5764638.25526746
            ],
            "lonlat": [
              -61.25080258723119,
              45.90187322307924
            ]
          }
        ],
        "geographic_role": "printed-lettering-only"
      }
    },
    {
      "type": "Feature",
      "id": "F19-JUD-139",
      "geometry": {
        "type": "MultiPoint",
        "coordinates": [
          [
            -61.250005628458055,
            45.90340098963458
          ],
          [
            -61.23599606944267,
            45.896375214409424
          ]
        ]
      },
      "properties": {
        "id": "F19-JUD-139",
        "source_text": "West Branch",
        "kind": "stream",
        "reading_status": "clear",
        "crop_id": "F19-R01C07",
        "raw_candidate_ids": [
          "F19-R01C07-05",
          "F19-DETAIL-EAST-FALLS-03",
          "F19-DETAIL-EAST-NAMES-01",
          "F19-DETAIL-EAST-NAMES-06"
        ],
        "source_label_boxes_xywh": [
          [
            8960,
            1707,
            118,
            45
          ],
          [
            9291,
            1860,
            52,
            177
          ]
        ],
        "review_status": "source-reviewed",
        "geometry": null,
        "placement_status": "deferred",
        "review_note": "One multipart name, distinct from other West Branch inscriptions on this sheet.",
        "fit_revision": "a6619d96ba8fa8279ea6a8027654a92b15942b9d",
        "fit_sha256": "fabbe2df06d4283c3ddbd3f9c259be5d966eb6391fdf6785711d5167891f0ca5",
        "label_anchors": [
          {
            "box_index": 0,
            "source_pixel_xy": [
              9019.0,
              1729.5
            ],
            "covering_crop_ids": [
              "F19-R01C07"
            ],
            "inside_control_hull": true,
            "status": "derived-lettering-location",
            "projected_xy_m": [
              -6818319.43764509,
              5764882.65122331
            ],
            "lonlat": [
              -61.250005628458055,
              45.90340098963458
            ]
          },
          {
            "box_index": 1,
            "source_pixel_xy": [
              9317.0,
              1948.5
            ],
            "covering_crop_ids": [
              "F19-R01C07"
            ],
            "inside_control_hull": false,
            "status": "derived-lettering-location",
            "projected_xy_m": [
              -6816759.90066926,
              5763758.79755995
            ],
            "lonlat": [
              -61.23599606944267,
              45.896375214409424
            ]
          }
        ],
        "geographic_role": "printed-lettering-only"
      }
    },
    {
      "type": "Feature",
      "id": "F19-JUD-140",
      "geometry": {
        "type": "MultiPoint",
        "coordinates": [
          [
            -61.23251633159497,
            45.90444983854913
          ],
          [
            -61.226449537855196,
            45.896955763118235
          ]
        ]
      },
      "properties": {
        "id": "F19-JUD-140",
        "source_text": "East Branch",
        "kind": "stream",
        "reading_status": "clear",
        "crop_id": "F19-R01C07",
        "raw_candidate_ids": [
          "F19-R01C07-06",
          "F19-DETAIL-EAST-NAMES-07",
          "F19-DETAIL-EAST-NAMES-09"
        ],
        "source_label_boxes_xywh": [
          [
            9343,
            1669,
            111,
            49
          ],
          [
            9490,
            1836,
            72,
            189
          ]
        ],
        "review_status": "source-reviewed",
        "geometry": null,
        "placement_status": "deferred",
        "review_note": "",
        "fit_revision": "a6619d96ba8fa8279ea6a8027654a92b15942b9d",
        "fit_sha256": "fabbe2df06d4283c3ddbd3f9c259be5d966eb6391fdf6785711d5167891f0ca5",
        "label_anchors": [
          {
            "box_index": 0,
            "source_pixel_xy": [
              9398.5,
              1693.5
            ],
            "covering_crop_ids": [
              "F19-R01C07"
            ],
            "inside_control_hull": false,
            "status": "derived-lettering-location",
            "projected_xy_m": [
              -6816372.53802396,
              5765050.43888732
            ],
            "lonlat": [
              -61.23251633159497,
              45.90444983854913
            ]
          },
          {
            "box_index": 1,
            "source_pixel_xy": [
              9526.0,
              1930.5
            ],
            "covering_crop_ids": [
              "F19-R01C07"
            ],
            "inside_control_hull": false,
            "status": "derived-lettering-location",
            "projected_xy_m": [
              -6815697.1856341,
              5763851.65762246
            ],
            "lonlat": [
              -61.226449537855196,
              45.896955763118235
            ]
          }
        ],
        "geographic_role": "printed-lettering-only"
      }
    },
    {
      "type": "Feature",
      "id": "F19-JUD-141",
      "geometry": {
        "type": "MultiPoint",
        "coordinates": [
          [
            -61.24728148470632,
            45.89375817707679
          ],
          [
            -61.24010916053802,
            45.905228787166195
          ]
        ]
      },
      "properties": {
        "id": "F19-JUD-141",
        "source_text": "PROPOSED RAILWAY",
        "kind": "railway-annotation",
        "reading_status": "clear",
        "crop_id": "F19-R01C07",
        "raw_candidate_ids": [
          "F19-R01C07-07",
          "F19-DETAIL-EAST-FALLS-08",
          "F19-DETAIL-EAST-NAMES-04",
          "F19-DETAIL-EAST-NAMES-05"
        ],
        "source_label_boxes_xywh": [
          [
            9005,
            1922,
            133,
            222
          ],
          [
            9170,
            1558,
            129,
            223
          ]
        ],
        "review_status": "source-reviewed",
        "geometry": null,
        "placement_status": "deferred",
        "review_note": "Only the printed proposal wording; no unprinted destination supplied. Distinct from the southern proposed-railway inscription F19-JUD-133.",
        "fit_revision": "a6619d96ba8fa8279ea6a8027654a92b15942b9d",
        "fit_sha256": "fabbe2df06d4283c3ddbd3f9c259be5d966eb6391fdf6785711d5167891f0ca5",
        "label_anchors": [
          {
            "box_index": 0,
            "source_pixel_xy": [
              9071.5,
              2033.0
            ],
            "covering_crop_ids": [
              "F19-R01C07"
            ],
            "inside_control_hull": true,
            "status": "derived-lettering-location",
            "projected_xy_m": [
              -6818016.1873498,
              5763340.20864553
            ],
            "lonlat": [
              -61.24728148470632,
              45.89375817707679
            ]
          },
          {
            "box_index": 1,
            "source_pixel_xy": [
              9234.5,
              1669.5
            ],
            "covering_crop_ids": [
              "F19-R01C07"
            ],
            "inside_control_hull": false,
            "status": "derived-lettering-location",
            "projected_xy_m": [
              -6817217.76787558,
              5765175.05180212
            ],
            "lonlat": [
              -61.24010916053802,
              45.905228787166195
            ]
          }
        ],
        "geographic_role": "printed-lettering-only"
      }
    },
    {
      "type": "Feature",
      "id": "F19-JUD-142",
      "geometry": {
        "type": "MultiPoint",
        "coordinates": [
          [
            -61.24538427882059,
            45.89852723910389
          ]
        ]
      },
      "properties": {
        "id": "F19-JUD-142",
        "source_text": "John R. Morrison",
        "kind": "personal-name",
        "reading_status": "clear",
        "crop_id": "F19-R01C07",
        "raw_candidate_ids": [
          "F19-R01C07-08",
          "F19-DETAIL-EAST-FALLS-07",
          "F19-DETAIL-EAST-NAMES-03"
        ],
        "source_label_boxes_xywh": [
          [
            8984,
            1861,
            262,
            42
          ]
        ],
        "review_status": "source-reviewed",
        "geometry": null,
        "placement_status": "deferred",
        "review_note": "Printed middle initial retained; no identity or property ownership inferred.",
        "fit_revision": "a6619d96ba8fa8279ea6a8027654a92b15942b9d",
        "fit_sha256": "fabbe2df06d4283c3ddbd3f9c259be5d966eb6391fdf6785711d5167891f0ca5",
        "label_anchors": [
          {
            "box_index": 0,
            "source_pixel_xy": [
              9115.0,
              1882.0
            ],
            "covering_crop_ids": [
              "F19-R01C07"
            ],
            "inside_control_hull": true,
            "status": "derived-lettering-location",
            "projected_xy_m": [
              -6817804.99135667,
              5764103.02358676
            ],
            "lonlat": [
              -61.24538427882059,
              45.89852723910389
            ]
          }
        ],
        "geographic_role": "printed-lettering-only"
      }
    },
    {
      "type": "Feature",
      "id": "F19-JUD-143",
      "geometry": {
        "type": "MultiPoint",
        "coordinates": [
          [
            -61.23291728861123,
            45.900901139378085
          ]
        ]
      },
      "properties": {
        "id": "F19-JUD-143",
        "source_text": "Shop",
        "kind": "shop",
        "reading_status": "clear",
        "crop_id": "F19-R01C07",
        "raw_candidate_ids": [
          "F19-R01C07-09",
          "F19-DETAIL-EAST-NAMES-08"
        ],
        "source_label_boxes_xywh": [
          [
            9347,
            1787,
            80,
            37
          ]
        ],
        "review_status": "source-reviewed",
        "geometry": null,
        "placement_status": "deferred",
        "review_note": "Singular Shop; reject first-pass Shops.",
        "fit_revision": "a6619d96ba8fa8279ea6a8027654a92b15942b9d",
        "fit_sha256": "fabbe2df06d4283c3ddbd3f9c259be5d966eb6391fdf6785711d5167891f0ca5",
        "label_anchors": [
          {
            "box_index": 0,
            "source_pixel_xy": [
              9387.0,
              1805.5
            ],
            "covering_crop_ids": [
              "F19-R01C07"
            ],
            "inside_control_hull": false,
            "status": "derived-lettering-location",
            "projected_xy_m": [
              -6816417.17235484,
              5764482.75508585
            ],
            "lonlat": [
              -61.23291728861123,
              45.900901139378085
            ]
          }
        ],
        "geographic_role": "printed-lettering-only"
      }
    },
    {
      "type": "Feature",
      "id": "F19-JUD-144",
      "geometry": {
        "type": "MultiPoint",
        "coordinates": [
          [
            -61.23403025293254,
            45.880582939987065
          ],
          [
            -61.23076498741184,
            45.875581075211876
          ]
        ]
      },
      "properties": {
        "id": "F19-JUD-144",
        "source_text": "MᶜPhail Brook",
        "kind": "stream",
        "reading_status": "clear",
        "crop_id": "F19-R02C07",
        "raw_candidate_ids": [
          "F19-R02C07-03"
        ],
        "source_label_boxes_xywh": [
          [
            9295,
            2375,
            136,
            148
          ],
          [
            9408,
            2532,
            64,
            154
          ]
        ],
        "review_status": "source-reviewed",
        "geometry": null,
        "placement_status": "deferred",
        "review_note": "Superscript c transcribed consistently with the inherited Judique records.",
        "fit_revision": "a6619d96ba8fa8279ea6a8027654a92b15942b9d",
        "fit_sha256": "fabbe2df06d4283c3ddbd3f9c259be5d966eb6391fdf6785711d5167891f0ca5",
        "label_anchors": [
          {
            "box_index": 0,
            "source_pixel_xy": [
              9363.0,
              2449.0
            ],
            "covering_crop_ids": [
              "F19-R02C07"
            ],
            "inside_control_hull": true,
            "status": "derived-lettering-location",
            "projected_xy_m": [
              -6816541.06697636,
              5761233.1602845
            ],
            "lonlat": [
              -61.23403025293254,
              45.880582939987065
            ]
          },
          {
            "box_index": 1,
            "source_pixel_xy": [
              9440.0,
              2609.0
            ],
            "covering_crop_ids": [
              "F19-R02C07"
            ],
            "inside_control_hull": false,
            "status": "derived-lettering-location",
            "projected_xy_m": [
              -6816177.57928129,
              5760433.36845612
            ],
            "lonlat": [
              -61.23076498741184,
              45.875581075211876
            ]
          }
        ],
        "geographic_role": "printed-lettering-only"
      }
    },
    {
      "type": "Feature",
      "id": "F19-JUD-145",
      "geometry": {
        "type": "MultiPoint",
        "coordinates": [
          [
            -61.25175488546886,
            45.87179144637767
          ],
          [
            -61.25022071079395,
            45.86713577220656
          ]
        ]
      },
      "properties": {
        "id": "F19-JUD-145",
        "source_text": "River Denys\nCross Roads",
        "kind": "settlement",
        "reading_status": "clear",
        "crop_id": "F19-R02C07",
        "raw_candidate_ids": [
          "F19-R02C07-05",
          "F19-R02C07-08",
          "F19-DETAIL-EAST-TOWN-01",
          "F19-DETAIL-EAST-TOWN-05"
        ],
        "source_label_boxes_xywh": [
          [
            8758,
            2696,
            450,
            62
          ],
          [
            8828,
            2842,
            385,
            64
          ]
        ],
        "review_status": "source-reviewed",
        "geometry": null,
        "placement_status": "deferred",
        "review_note": "One two-line settlement label; intervening tannery, post office and school are separate annotations.",
        "fit_revision": "a6619d96ba8fa8279ea6a8027654a92b15942b9d",
        "fit_sha256": "fabbe2df06d4283c3ddbd3f9c259be5d966eb6391fdf6785711d5167891f0ca5",
        "label_anchors": [
          {
            "box_index": 0,
            "source_pixel_xy": [
              8983.0,
              2727.0
            ],
            "covering_crop_ids": [
              "F19-R02C07"
            ],
            "inside_control_hull": true,
            "status": "derived-lettering-location",
            "projected_xy_m": [
              -6818514.1640448,
              5759827.459547
            ],
            "lonlat": [
              -61.25175488546886,
              45.87179144637767
            ]
          },
          {
            "box_index": 1,
            "source_pixel_xy": [
              9020.5,
              2874.0
            ],
            "covering_crop_ids": [
              "F19-R02C07"
            ],
            "inside_control_hull": true,
            "status": "derived-lettering-location",
            "projected_xy_m": [
              -6818343.3805012,
              5759083.13859414
            ],
            "lonlat": [
              -61.25022071079395,
              45.86713577220656
            ]
          }
        ],
        "geographic_role": "printed-lettering-only"
      }
    },
    {
      "type": "Feature",
      "id": "F19-JUD-146",
      "geometry": {
        "type": "MultiPoint",
        "coordinates": [
          [
            -61.262353341846115,
            45.87074959182233
          ]
        ]
      },
      "properties": {
        "id": "F19-JUD-146",
        "source_text": "Tannery",
        "kind": "tannery",
        "reading_status": "clear",
        "crop_id": "F19-R02C07",
        "raw_candidate_ids": [
          "F19-R02C07-06",
          "F19-R02C06-13",
          "F19-DETAIL-EAST-TOWN-02"
        ],
        "source_label_boxes_xywh": [
          [
            8701,
            2743,
            100,
            36
          ]
        ],
        "review_status": "source-reviewed",
        "geometry": null,
        "placement_status": "deferred",
        "review_note": "Reject Hammer and invented R Marlowe.",
        "fit_revision": "a6619d96ba8fa8279ea6a8027654a92b15942b9d",
        "fit_sha256": "fabbe2df06d4283c3ddbd3f9c259be5d966eb6391fdf6785711d5167891f0ca5",
        "label_anchors": [
          {
            "box_index": 0,
            "source_pixel_xy": [
              8751.0,
              2761.0
            ],
            "covering_crop_ids": [
              "F19-R02C06",
              "F19-R02C07"
            ],
            "inside_control_hull": true,
            "status": "derived-lettering-location",
            "projected_xy_m": [
              -6819693.97881191,
              5759660.88874395
            ],
            "lonlat": [
              -61.262353341846115,
              45.87074959182233
            ]
          }
        ],
        "geographic_role": "printed-lettering-only"
      }
    },
    {
      "type": "Feature",
      "id": "F19-JUD-147",
      "geometry": {
        "type": "MultiPoint",
        "coordinates": [
          [
            -61.263215326371686,
            45.87005183998691
          ]
        ]
      },
      "properties": {
        "id": "F19-JUD-147",
        "source_text": "P.O.",
        "kind": "post-office",
        "reading_status": "clear",
        "crop_id": "F19-R02C07",
        "raw_candidate_ids": [
          "F19-R02C07-06",
          "F19-R02C06-13",
          "F19-DETAIL-EAST-TOWN-03"
        ],
        "source_label_boxes_xywh": [
          [
            8704,
            2768,
            57,
            30
          ]
        ],
        "review_status": "source-reviewed",
        "geometry": null,
        "placement_status": "deferred",
        "review_note": "Separate printed post-office abbreviation, not a height 130.",
        "fit_revision": "a6619d96ba8fa8279ea6a8027654a92b15942b9d",
        "fit_sha256": "fabbe2df06d4283c3ddbd3f9c259be5d966eb6391fdf6785711d5167891f0ca5",
        "label_anchors": [
          {
            "box_index": 0,
            "source_pixel_xy": [
              8732.5,
              2783.0
            ],
            "covering_crop_ids": [
              "F19-R02C06",
              "F19-R02C07"
            ],
            "inside_control_hull": true,
            "status": "derived-lettering-location",
            "projected_xy_m": [
              -6819789.93449037,
              5759549.33453122
            ],
            "lonlat": [
              -61.263215326371686,
              45.87005183998691
            ]
          }
        ],
        "geographic_role": "printed-lettering-only"
      }
    },
    {
      "type": "Feature",
      "id": "F19-JUD-148",
      "geometry": {
        "type": "MultiPoint",
        "coordinates": [
          [
            -61.2573655084559,
            45.86917832008169
          ]
        ]
      },
      "properties": {
        "id": "F19-JUD-148",
        "source_text": "School",
        "kind": "school",
        "reading_status": "clear",
        "crop_id": "F19-R02C07",
        "raw_candidate_ids": [
          "F19-R02C07-07",
          "F19-DETAIL-EAST-TOWN-04"
        ],
        "source_label_boxes_xywh": [
          [
            8814,
            2791,
            95,
            37
          ]
        ],
        "review_status": "source-reviewed",
        "geometry": null,
        "placement_status": "deferred",
        "review_note": "",
        "fit_revision": "a6619d96ba8fa8279ea6a8027654a92b15942b9d",
        "fit_sha256": "fabbe2df06d4283c3ddbd3f9c259be5d966eb6391fdf6785711d5167891f0ca5",
        "label_anchors": [
          {
            "box_index": 0,
            "source_pixel_xy": [
              8861.5,
              2809.5
            ],
            "covering_crop_ids": [
              "F19-R02C07"
            ],
            "inside_control_hull": true,
            "status": "derived-lettering-location",
            "projected_xy_m": [
              -6819138.73573875,
              5759409.68108564
            ],
            "lonlat": [
              -61.2573655084559,
              45.86917832008169
            ]
          }
        ],
        "geographic_role": "printed-lettering-only"
      }
    },
    {
      "type": "Feature",
      "id": "F19-JUD-149",
      "geometry": {
        "type": "MultiPoint",
        "coordinates": [
          [
            -61.24158910995276,
            45.85633704956797
          ],
          [
            -61.2361772891596,
            45.85580848318059
          ],
          [
            -61.23059706296863,
            45.85602184550788
          ]
        ]
      },
      "properties": {
        "id": "F19-JUD-149",
        "source_text": "River Denys Road",
        "kind": "road",
        "reading_status": "clear",
        "crop_id": "F19-R02C07",
        "raw_candidate_ids": [
          "F19-R02C07-11",
          "F19-DETAIL-MCLENNAN-BROOK-02",
          "F19-DETAIL-MCLENNAN-BROOK-03"
        ],
        "source_label_boxes_xywh": [
          [
            9164,
            3187,
            110,
            65
          ],
          [
            9295,
            3220,
            88,
            38
          ],
          [
            9415,
            3214,
            94,
            42
          ]
        ],
        "review_status": "source-reviewed",
        "geometry": null,
        "placement_status": "deferred",
        "review_note": "Separate eastern road-label occurrence.",
        "fit_revision": "a6619d96ba8fa8279ea6a8027654a92b15942b9d",
        "fit_sha256": "fabbe2df06d4283c3ddbd3f9c259be5d966eb6391fdf6785711d5167891f0ca5",
        "label_anchors": [
          {
            "box_index": 0,
            "source_pixel_xy": [
              9219.0,
              3219.5
            ],
            "covering_crop_ids": [
              "F19-R02C07"
            ],
            "inside_control_hull": true,
            "status": "derived-lettering-location",
            "projected_xy_m": [
              -6817382.51509083,
              5757356.94426198
            ],
            "lonlat": [
              -61.24158910995276,
              45.85633704956797
            ]
          },
          {
            "box_index": 1,
            "source_pixel_xy": [
              9339.0,
              3239.0
            ],
            "covering_crop_ids": [
              "F19-R02C07"
            ],
            "inside_control_hull": true,
            "status": "derived-lettering-location",
            "projected_xy_m": [
              -6816780.07395587,
              5757272.46062472
            ],
            "lonlat": [
              -61.2361772891596,
              45.85580848318059
            ]
          },
          {
            "box_index": 2,
            "source_pixel_xy": [
              9462.0,
              3235.0
            ],
            "covering_crop_ids": [
              "F19-R02C07"
            ],
            "inside_control_hull": false,
            "status": "derived-lettering-location",
            "projected_xy_m": [
              -6816158.88601778,
              5757306.56338798
            ],
            "lonlat": [
              -61.23059706296863,
              45.85602184550788
            ]
          }
        ],
        "geographic_role": "printed-lettering-only"
      }
    },
    {
      "type": "Feature",
      "id": "F19-JUD-150",
      "geometry": {
        "type": "MultiPoint",
        "coordinates": [
          [
            -61.25127145815998,
            45.85328197643471
          ],
          [
            -61.24614729459397,
            45.85724796844043
          ]
        ]
      },
      "properties": {
        "id": "F19-JUD-150",
        "source_text": "MᶜLennan Brook",
        "kind": "stream",
        "reading_status": "clear",
        "crop_id": "F19-R02C07",
        "raw_candidate_ids": [
          "F19-R02C07-12",
          "F19-DETAIL-MCLENNAN-BROOK-01"
        ],
        "source_label_boxes_xywh": [
          [
            8935,
            3210,
            143,
            205
          ],
          [
            9062,
            3140,
            111,
            97
          ]
        ],
        "review_status": "source-reviewed",
        "geometry": null,
        "placement_status": "deferred",
        "review_note": "Native superscript c belongs to McLennan; do not invent an additional W. initial.",
        "fit_revision": "a6619d96ba8fa8279ea6a8027654a92b15942b9d",
        "fit_sha256": "fabbe2df06d4283c3ddbd3f9c259be5d966eb6391fdf6785711d5167891f0ca5",
        "label_anchors": [
          {
            "box_index": 0,
            "source_pixel_xy": [
              9006.5,
              3312.5
            ],
            "covering_crop_ids": [
              "F19-R02C07"
            ],
            "inside_control_hull": true,
            "status": "derived-lettering-location",
            "projected_xy_m": [
              -6818460.34916294,
              5756868.64641793
            ],
            "lonlat": [
              -61.25127145815998,
              45.85328197643471
            ]
          },
          {
            "box_index": 1,
            "source_pixel_xy": [
              9117.5,
              3188.5
            ],
            "covering_crop_ids": [
              "F19-R02C07"
            ],
            "inside_control_hull": true,
            "status": "derived-lettering-location",
            "projected_xy_m": [
              -6817889.92988403,
              5757502.54325866
            ],
            "lonlat": [
              -61.24614729459397,
              45.85724796844043
            ]
          }
        ],
        "geographic_role": "printed-lettering-only"
      }
    },
    {
      "type": "Feature",
      "id": "F19-JUD-151",
      "geometry": {
        "type": "MultiPoint",
        "coordinates": [
          [
            -61.253909536109376,
            45.84340707719828
          ]
        ]
      },
      "properties": {
        "id": "F19-JUD-151",
        "source_text": "Falls",
        "kind": "falls",
        "reading_status": "clear",
        "crop_id": "F19-R02C07",
        "raw_candidate_ids": [
          "F19-R02C07-13"
        ],
        "source_label_boxes_xywh": [
          [
            8910,
            3604,
            89,
            44
          ]
        ],
        "review_status": "source-reviewed",
        "geometry": null,
        "placement_status": "deferred",
        "review_note": "Complete in a native lower-edge excerpt; excerpt does not count as whole-row-three coverage.",
        "fit_revision": "a6619d96ba8fa8279ea6a8027654a92b15942b9d",
        "fit_sha256": "fabbe2df06d4283c3ddbd3f9c259be5d966eb6391fdf6785711d5167891f0ca5",
        "label_anchors": [
          {
            "box_index": 0,
            "source_pixel_xy": [
              8954.5,
              3626.0
            ],
            "covering_crop_ids": [
              "F19-R02C07",
              "F19-R03C07"
            ],
            "inside_control_hull": true,
            "status": "derived-lettering-location",
            "projected_xy_m": [
              -6818754.01865694,
              5755290.50692714
            ],
            "lonlat": [
              -61.253909536109376,
              45.84340707719828
            ]
          }
        ],
        "geographic_role": "printed-lettering-only"
      }
    },
    {
      "type": "Feature",
      "id": "F19-JUD-152",
      "geometry": {
        "type": "MultiPoint",
        "coordinates": [
          [
            -61.23232178719447,
            45.81483153939624
          ]
        ]
      },
      "properties": {
        "id": "F19-JUD-152",
        "source_text": "Widow MᶜLeod",
        "kind": "personal-name",
        "reading_status": "clear",
        "crop_id": "F19-R03C07",
        "raw_candidate_ids": [
          "F19-R03C07-05"
        ],
        "source_label_boxes_xywh": [
          [
            9338,
            4538,
            235,
            38
          ]
        ],
        "review_status": "source-reviewed",
        "geometry": null,
        "placement_status": "deferred",
        "review_note": "Whole native crop and independent DeepSeek detail inspected; lettering boxes checked against the original pixels. No geographic location inferred.",
        "fit_revision": "a6619d96ba8fa8279ea6a8027654a92b15942b9d",
        "fit_sha256": "fabbe2df06d4283c3ddbd3f9c259be5d966eb6391fdf6785711d5167891f0ca5",
        "label_anchors": [
          {
            "box_index": 0,
            "source_pixel_xy": [
              9455.5,
              4557.0
            ],
            "covering_crop_ids": [
              "F19-R03C07"
            ],
            "inside_control_hull": true,
            "status": "derived-lettering-location",
            "projected_xy_m": [
              -6816350.88144036,
              5750725.33555518
            ],
            "lonlat": [
              -61.23232178719447,
              45.81483153939624
            ]
          }
        ],
        "geographic_role": "printed-lettering-only"
      }
    },
    {
      "type": "Feature",
      "id": "F19-JUD-153",
      "geometry": {
        "type": "MultiPoint",
        "coordinates": [
          [
            -61.244607645011406,
            45.80924119636638
          ]
        ]
      },
      "properties": {
        "id": "F19-JUD-153",
        "source_text": "MᶜIntosh",
        "kind": "personal-name",
        "reading_status": "clear",
        "crop_id": "F19-R03C07",
        "raw_candidate_ids": [
          "F19-R03C07-06",
          "F19-R04C07-02"
        ],
        "source_label_boxes_xywh": [
          [
            9095,
            4702,
            180,
            36
          ]
        ],
        "review_status": "source-reviewed",
        "geometry": null,
        "placement_status": "deferred",
        "review_note": "Whole native crop and independent DeepSeek detail inspected; lettering boxes checked against the original pixels. No geographic location inferred.",
        "fit_revision": "a6619d96ba8fa8279ea6a8027654a92b15942b9d",
        "fit_sha256": "fabbe2df06d4283c3ddbd3f9c259be5d966eb6391fdf6785711d5167891f0ca5",
        "label_anchors": [
          {
            "box_index": 0,
            "source_pixel_xy": [
              9185.0,
              4720.0
            ],
            "covering_crop_ids": [
              "F19-R03C07",
              "F19-R04C07"
            ],
            "inside_control_hull": true,
            "status": "derived-lettering-location",
            "projected_xy_m": [
              -6817718.5368765,
              5749832.50742122
            ],
            "lonlat": [
              -61.244607645011406,
              45.80924119636638
            ]
          }
        ],
        "geographic_role": "printed-lettering-only"
      }
    },
    {
      "type": "Feature",
      "id": "F19-JUD-154",
      "geometry": {
        "type": "MultiPoint",
        "coordinates": [
          [
            -61.23899341457623,
            45.78539320739362
          ]
        ]
      },
      "properties": {
        "id": "F19-JUD-154",
        "source_text": "Falls 15",
        "kind": "falls",
        "reading_status": "clear",
        "crop_id": "F19-R04C07",
        "raw_candidate_ids": [
          "F19-R04C07-03"
        ],
        "source_label_boxes_xywh": [
          [
            9262,
            5446,
            112,
            36
          ]
        ],
        "review_status": "source-reviewed",
        "geometry": null,
        "placement_status": "deferred",
        "review_note": "Whole native crop and independent DeepSeek detail inspected; lettering boxes checked against the original pixels. No geographic location inferred. Numeral preserved without adding an unprinted unit.",
        "fit_revision": "a6619d96ba8fa8279ea6a8027654a92b15942b9d",
        "fit_sha256": "fabbe2df06d4283c3ddbd3f9c259be5d966eb6391fdf6785711d5167891f0ca5",
        "label_anchors": [
          {
            "box_index": 0,
            "source_pixel_xy": [
              9318.0,
              5464.0
            ],
            "covering_crop_ids": [
              "F19-R04C07"
            ],
            "inside_control_hull": true,
            "status": "derived-lettering-location",
            "projected_xy_m": [
              -6817093.56360326,
              5746024.7749039
            ],
            "lonlat": [
              -61.23899341457623,
              45.78539320739362
            ]
          }
        ],
        "geographic_role": "printed-lettering-only"
      }
    },
    {
      "type": "Feature",
      "id": "F19-JUD-155",
      "geometry": {
        "type": "MultiPoint",
        "coordinates": [
          [
            -61.23365305716259,
            45.783168745282445
          ]
        ]
      },
      "properties": {
        "id": "F19-JUD-155",
        "source_text": "Big Brook",
        "kind": "settlement",
        "reading_status": "clear",
        "crop_id": "F19-R04C07",
        "raw_candidate_ids": [
          "F19-R04C07-04"
        ],
        "source_label_boxes_xywh": [
          [
            9290,
            5507,
            294,
            65
          ]
        ],
        "review_status": "source-reviewed",
        "geometry": null,
        "placement_status": "deferred",
        "review_note": "Whole native crop and independent DeepSeek detail inspected; lettering boxes checked against the original pixels. No geographic location inferred. Upright place-style label distinguished from the separate rotated stream inscription ID157.",
        "fit_revision": "a6619d96ba8fa8279ea6a8027654a92b15942b9d",
        "fit_sha256": "fabbe2df06d4283c3ddbd3f9c259be5d966eb6391fdf6785711d5167891f0ca5",
        "label_anchors": [
          {
            "box_index": 0,
            "source_pixel_xy": [
              9437.0,
              5539.5
            ],
            "covering_crop_ids": [
              "F19-R04C07"
            ],
            "inside_control_hull": true,
            "status": "derived-lettering-location",
            "projected_xy_m": [
              -6816499.07773532,
              5745669.68518761
            ],
            "lonlat": [
              -61.23365305716259,
              45.783168745282445
            ]
          }
        ],
        "geographic_role": "printed-lettering-only"
      }
    },
    {
      "type": "Feature",
      "id": "F19-JUD-156",
      "geometry": {
        "type": "MultiPoint",
        "coordinates": [
          [
            -61.223568895864695,
            45.78436593458517
          ]
        ]
      },
      "properties": {
        "id": "F19-JUD-156",
        "source_text": "P.O.",
        "kind": "post-office",
        "reading_status": "clear",
        "crop_id": "F19-R04C07",
        "raw_candidate_ids": [
          "F19-R04C07-05"
        ],
        "source_label_boxes_xywh": [
          [
            9631,
            5494,
            63,
            37
          ]
        ],
        "review_status": "source-reviewed",
        "geometry": null,
        "placement_status": "deferred",
        "review_note": "Whole native crop and independent DeepSeek detail inspected; lettering boxes checked against the original pixels. No geographic location inferred.",
        "fit_revision": "a6619d96ba8fa8279ea6a8027654a92b15942b9d",
        "fit_sha256": "fabbe2df06d4283c3ddbd3f9c259be5d966eb6391fdf6785711d5167891f0ca5",
        "label_anchors": [
          {
            "box_index": 0,
            "source_pixel_xy": [
              9662.5,
              5512.5
            ],
            "covering_crop_ids": [
              "F19-R04C07"
            ],
            "inside_control_hull": false,
            "status": "derived-lettering-location",
            "projected_xy_m": [
              -6815376.51403456,
              5745860.79012528
            ],
            "lonlat": [
              -61.223568895864695,
              45.78436593458517
            ]
          }
        ],
        "geographic_role": "printed-lettering-only"
      }
    },
    {
      "type": "Feature",
      "id": "F19-JUD-157",
      "geometry": {
        "type": "MultiPoint",
        "coordinates": [
          [
            -61.24944919462855,
            45.77138553274421
          ],
          [
            -61.245872686435575,
            45.767566910585934
          ]
        ]
      },
      "properties": {
        "id": "F19-JUD-157",
        "source_text": "Big Brook",
        "kind": "stream",
        "reading_status": "clear",
        "crop_id": "F19-R05C07",
        "raw_candidate_ids": [
          "F19-R04C07-06",
          "F19-R05C07-01"
        ],
        "source_label_boxes_xywh": [
          [
            9033,
            5847,
            80,
            90
          ],
          [
            9104,
            5951,
            88,
            137
          ]
        ],
        "review_status": "source-reviewed",
        "geometry": null,
        "placement_status": "deferred",
        "review_note": "Whole native crop and independent DeepSeek detail inspected; lettering boxes checked against the original pixels. No geographic location inferred.",
        "fit_revision": "a6619d96ba8fa8279ea6a8027654a92b15942b9d",
        "fit_sha256": "fabbe2df06d4283c3ddbd3f9c259be5d966eb6391fdf6785711d5167891f0ca5",
        "label_anchors": [
          {
            "box_index": 0,
            "source_pixel_xy": [
              9073.0,
              5892.0
            ],
            "covering_crop_ids": [
              "F19-R04C07",
              "F19-R05C07"
            ],
            "inside_control_hull": true,
            "status": "derived-lettering-location",
            "projected_xy_m": [
              -6818257.49571453,
              5743788.97342631
            ],
            "lonlat": [
              -61.24944919462855,
              45.77138553274421
            ]
          },
          {
            "box_index": 1,
            "source_pixel_xy": [
              9148.0,
              6019.5
            ],
            "covering_crop_ids": [
              "F19-R04C07",
              "F19-R05C07"
            ],
            "inside_control_hull": true,
            "status": "derived-lettering-location",
            "projected_xy_m": [
              -6817859.36064367,
              5743179.57059556
            ],
            "lonlat": [
              -61.245872686435575,
              45.767566910585934
            ]
          }
        ],
        "geographic_role": "printed-lettering-only"
      }
    },
    {
      "type": "Feature",
      "id": "F19-JUD-158",
      "geometry": {
        "type": "MultiPoint",
        "coordinates": [
          [
            -61.29961196637469,
            45.765230056177195
          ]
        ]
      },
      "properties": {
        "id": "F19-JUD-158",
        "source_text": "School",
        "kind": "school",
        "reading_status": "clear",
        "crop_id": "F19-R05C06",
        "raw_candidate_ids": [
          "F19-R04C06-15",
          "F19-R05C06-03"
        ],
        "source_label_boxes_xywh": [
          [
            7905,
            5985,
            100,
            40
          ]
        ],
        "review_status": "source-reviewed",
        "geometry": null,
        "placement_status": "deferred",
        "review_note": "Whole native crop and independent DeepSeek detail inspected; lettering boxes checked against the original pixels. No geographic location inferred.",
        "fit_revision": "a6619d96ba8fa8279ea6a8027654a92b15942b9d",
        "fit_sha256": "fabbe2df06d4283c3ddbd3f9c259be5d966eb6391fdf6785711d5167891f0ca5",
        "label_anchors": [
          {
            "box_index": 0,
            "source_pixel_xy": [
              7955.0,
              6005.0
            ],
            "covering_crop_ids": [
              "F19-R04C06",
              "F19-R05C06"
            ],
            "inside_control_hull": true,
            "status": "derived-lettering-location",
            "projected_xy_m": [
              -6823841.58992209,
              5742806.65935725
            ],
            "lonlat": [
              -61.29961196637469,
              45.765230056177195
            ]
          }
        ],
        "geographic_role": "printed-lettering-only"
      }
    },
    {
      "type": "Feature",
      "id": "F19-JUD-159",
      "geometry": {
        "type": "MultiPoint",
        "coordinates": [
          [
            -61.45544589108717,
            45.74964201119137
          ]
        ]
      },
      "properties": {
        "id": "F19-JUD-159",
        "source_text": "850 Fᵀ.",
        "kind": "printed-height",
        "reading_status": "clear",
        "crop_id": "F19-R05C03",
        "raw_candidate_ids": [
          "F19-R05C03-01"
        ],
        "source_label_boxes_xywh": [
          [
            4536,
            6496,
            143,
            43
          ]
        ],
        "review_status": "source-reviewed",
        "geometry": null,
        "placement_status": "deferred",
        "review_note": "Whole native crop and independent DeepSeek detail inspected; lettering boxes checked against the original pixels. No geographic location inferred. Literal printed height only; no modern elevation or datum inferred.",
        "fit_revision": "a6619d96ba8fa8279ea6a8027654a92b15942b9d",
        "fit_sha256": "fabbe2df06d4283c3ddbd3f9c259be5d966eb6391fdf6785711d5167891f0ca5",
        "label_anchors": [
          {
            "box_index": 0,
            "source_pixel_xy": [
              4607.5,
              6517.5
            ],
            "covering_crop_ids": [
              "F19-R05C03"
            ],
            "inside_control_hull": false,
            "status": "derived-lettering-location",
            "projected_xy_m": [
              -6841188.9430694,
              5740319.54528288
            ],
            "lonlat": [
              -61.45544589108717,
              45.74964201119137
            ]
          }
        ],
        "geographic_role": "printed-lettering-only"
      }
    },
    {
      "type": "Feature",
      "id": "F19-JUD-160",
      "geometry": {
        "type": "MultiPoint",
        "coordinates": [
          [
            -61.37497055734659,
            45.75938758229249
          ]
        ]
      },
      "properties": {
        "id": "F19-JUD-160",
        "source_text": "Don. MᶜIsaac",
        "kind": "personal-name",
        "reading_status": "clear",
        "crop_id": "F19-R05C04",
        "raw_candidate_ids": [
          "F19-R05C04-02",
          "F19-R05C05-03"
        ],
        "source_label_boxes_xywh": [
          [
            6182,
            6196,
            194,
            37
          ]
        ],
        "review_status": "source-reviewed",
        "geometry": null,
        "placement_status": "deferred",
        "review_note": "Whole native crop and independent DeepSeek detail inspected; lettering boxes checked against the original pixels. No geographic location inferred. Two adjacent building symbols are not a printed colon or part of the name.",
        "fit_revision": "a6619d96ba8fa8279ea6a8027654a92b15942b9d",
        "fit_sha256": "fabbe2df06d4283c3ddbd3f9c259be5d966eb6391fdf6785711d5167891f0ca5",
        "label_anchors": [
          {
            "box_index": 0,
            "source_pixel_xy": [
              6279.0,
              6214.5
            ],
            "covering_crop_ids": [
              "F19-R05C04",
              "F19-R05C05"
            ],
            "inside_control_hull": true,
            "status": "derived-lettering-location",
            "projected_xy_m": [
              -6832230.46989598,
              5741874.39569011
            ],
            "lonlat": [
              -61.37497055734659,
              45.75938758229249
            ]
          }
        ],
        "geographic_role": "printed-lettering-only"
      }
    },
    {
      "type": "Feature",
      "id": "F19-JUD-161",
      "geometry": {
        "type": "MultiPoint",
        "coordinates": [
          [
            -61.368539585430185,
            45.764731943472526
          ],
          [
            -61.35934495786959,
            45.757872855152975
          ]
        ]
      },
      "properties": {
        "id": "F19-JUD-161",
        "source_text": "Rough Brook",
        "kind": "stream",
        "reading_status": "clear",
        "crop_id": "F19-R05C05",
        "raw_candidate_ids": [
          "F19-R05C04-03",
          "F19-R05C05-01",
          "F19-R05C05-02"
        ],
        "source_label_boxes_xywh": [
          [
            6335,
            5960,
            130,
            147
          ],
          [
            6529,
            6170,
            124,
            132
          ]
        ],
        "review_status": "source-reviewed",
        "geometry": null,
        "placement_status": "deferred",
        "review_note": "Whole native crop and independent DeepSeek detail inspected; lettering boxes checked against the original pixels. No geographic location inferred. Separate repeated inscription from upstream Rough Brook ID113.",
        "fit_revision": "a6619d96ba8fa8279ea6a8027654a92b15942b9d",
        "fit_sha256": "fabbe2df06d4283c3ddbd3f9c259be5d966eb6391fdf6785711d5167891f0ca5",
        "label_anchors": [
          {
            "box_index": 0,
            "source_pixel_xy": [
              6400.0,
              6033.5
            ],
            "covering_crop_ids": [
              "F19-R05C04",
              "F19-R05C05"
            ],
            "inside_control_hull": true,
            "status": "derived-lettering-location",
            "projected_xy_m": [
              -6831514.57737694,
              5742727.17340173
            ],
            "lonlat": [
              -61.368539585430185,
              45.764731943472526
            ]
          },
          {
            "box_index": 1,
            "source_pixel_xy": [
              6591.0,
              6236.0
            ],
            "covering_crop_ids": [
              "F19-R05C05"
            ],
            "inside_control_hull": true,
            "status": "derived-lettering-location",
            "projected_xy_m": [
              -6830491.03611886,
              5741632.71177263
            ],
            "lonlat": [
              -61.35934495786959,
              45.757872855152975
            ]
          }
        ],
        "geographic_role": "printed-lettering-only"
      }
    },
    {
      "type": "Feature",
      "id": "F19-JUD-162",
      "geometry": {
        "type": "MultiPoint",
        "coordinates": [
          [
            -61.28792596429761,
            45.75419545739104
          ]
        ]
      },
      "properties": {
        "id": "F19-JUD-162",
        "source_text": "Fall 20",
        "kind": "falls",
        "reading_status": "clear",
        "crop_id": "F19-R05C06",
        "raw_candidate_ids": [
          "F19-R05C06-06"
        ],
        "source_label_boxes_xywh": [
          [
            8173,
            6328,
            101,
            36
          ]
        ],
        "review_status": "source-reviewed",
        "geometry": null,
        "placement_status": "deferred",
        "review_note": "Whole native crop and independent DeepSeek detail inspected; lettering boxes checked against the original pixels. No geographic location inferred. Numeral preserved without adding an unprinted unit.",
        "fit_revision": "a6619d96ba8fa8279ea6a8027654a92b15942b9d",
        "fit_sha256": "fabbe2df06d4283c3ddbd3f9c259be5d966eb6391fdf6785711d5167891f0ca5",
        "label_anchors": [
          {
            "box_index": 0,
            "source_pixel_xy": [
              8223.5,
              6346.0
            ],
            "covering_crop_ids": [
              "F19-R05C06"
            ],
            "inside_control_hull": true,
            "status": "derived-lettering-location",
            "projected_xy_m": [
              -6822540.71012146,
              5741045.98791552
            ],
            "lonlat": [
              -61.28792596429761,
              45.75419545739104
            ]
          }
        ],
        "geographic_role": "printed-lettering-only"
      }
    },
    {
      "type": "Feature",
      "id": "F19-JUD-163",
      "geometry": {
        "type": "MultiPoint",
        "coordinates": [
          [
            -61.2791323010855,
            45.75478304028616
          ]
        ]
      },
      "properties": {
        "id": "F19-JUD-163",
        "source_text": "Old Road",
        "kind": "road",
        "reading_status": "clear",
        "crop_id": "F19-R05C06",
        "raw_candidate_ids": [
          "F19-R05C06-07"
        ],
        "source_label_boxes_xywh": [
          [
            8330,
            6325,
            171,
            43
          ]
        ],
        "review_status": "source-reviewed",
        "geometry": null,
        "placement_status": "deferred",
        "review_note": "Whole native crop and independent DeepSeek detail inspected; lettering boxes checked against the original pixels. No geographic location inferred.",
        "fit_revision": "a6619d96ba8fa8279ea6a8027654a92b15942b9d",
        "fit_sha256": "fabbe2df06d4283c3ddbd3f9c259be5d966eb6391fdf6785711d5167891f0ca5",
        "label_anchors": [
          {
            "box_index": 0,
            "source_pixel_xy": [
              8415.5,
              6346.5
            ],
            "covering_crop_ids": [
              "F19-R05C06"
            ],
            "inside_control_hull": true,
            "status": "derived-lettering-location",
            "projected_xy_m": [
              -6821561.80401048,
              5741139.73337924
            ],
            "lonlat": [
              -61.2791323010855,
              45.75478304028616
            ]
          }
        ],
        "geographic_role": "printed-lettering-only"
      }
    },
    {
      "type": "Feature",
      "id": "F19-JUD-164",
      "geometry": {
        "type": "MultiPoint",
        "coordinates": [
          [
            -61.27666271512206,
            45.75141053875505
          ]
        ]
      },
      "properties": {
        "id": "F19-JUD-164",
        "source_text": "Princeville",
        "kind": "settlement",
        "reading_status": "tentative",
        "crop_id": "F19-R05C06",
        "raw_candidate_ids": [
          "F19-R05C06-08"
        ],
        "source_label_boxes_xywh": [
          [
            8296,
            6427,
            345,
            60
          ]
        ],
        "review_status": "source-reviewed",
        "geometry": null,
        "placement_status": "deferred",
        "review_note": "Whole native crop and independent DeepSeek detail inspected; lettering boxes checked against the original pixels. No geographic location inferred. c/d letterform crossed by linework; Princeville is supported by detail reading, with uncertainty retained.",
        "fit_revision": "a6619d96ba8fa8279ea6a8027654a92b15942b9d",
        "fit_sha256": "fabbe2df06d4283c3ddbd3f9c259be5d966eb6391fdf6785711d5167891f0ca5",
        "label_anchors": [
          {
            "box_index": 0,
            "source_pixel_xy": [
              8468.5,
              6457.0
            ],
            "covering_crop_ids": [
              "F19-R05C06"
            ],
            "inside_control_hull": true,
            "status": "derived-lettering-location",
            "projected_xy_m": [
              -6821286.89095856,
              5740601.68362599
            ],
            "lonlat": [
              -61.27666271512206,
              45.75141053875505
            ]
          }
        ],
        "geographic_role": "printed-lettering-only"
      }
    },
    {
      "type": "Feature",
      "id": "F19-JUD-165",
      "geometry": {
        "type": "MultiPoint",
        "coordinates": [
          [
            -61.28666769492436,
            45.74827559291191
          ]
        ]
      },
      "properties": {
        "id": "F19-JUD-165",
        "source_text": "P.O.",
        "kind": "post-office",
        "reading_status": "clear",
        "crop_id": "F19-R05C06",
        "raw_candidate_ids": [
          "F19-R05C06-09"
        ],
        "source_label_boxes_xywh": [
          [
            8223,
            6517,
            56,
            30
          ]
        ],
        "review_status": "source-reviewed",
        "geometry": null,
        "placement_status": "deferred",
        "review_note": "Whole native crop and independent DeepSeek detail inspected; lettering boxes checked against the original pixels. No geographic location inferred.",
        "fit_revision": "a6619d96ba8fa8279ea6a8027654a92b15942b9d",
        "fit_sha256": "fabbe2df06d4283c3ddbd3f9c259be5d966eb6391fdf6785711d5167891f0ca5",
        "label_anchors": [
          {
            "box_index": 0,
            "source_pixel_xy": [
              8251.0,
              6532.0
            ],
            "covering_crop_ids": [
              "F19-R05C06"
            ],
            "inside_control_hull": false,
            "status": "derived-lettering-location",
            "projected_xy_m": [
              -6822400.64021555,
              5740101.56272448
            ],
            "lonlat": [
              -61.28666769492436,
              45.74827559291191
            ]
          }
        ],
        "geographic_role": "printed-lettering-only"
      }
    },
    {
      "type": "Feature",
      "id": "F19-JUD-166",
      "geometry": {
        "type": "MultiPoint",
        "coordinates": [
          [
            -61.25758185384644,
            45.757667767740394
          ]
        ]
      },
      "properties": {
        "id": "F19-JUD-166",
        "source_text": "Abraham MᶜArthur",
        "kind": "personal-name",
        "reading_status": "clear",
        "crop_id": "F19-R05C07",
        "raw_candidate_ids": [
          "F19-R05C07-02"
        ],
        "source_label_boxes_xywh": [
          [
            8756,
            6290,
            253,
            38
          ]
        ],
        "review_status": "source-reviewed",
        "geometry": null,
        "placement_status": "deferred",
        "review_note": "Whole native crop and independent DeepSeek detail inspected; lettering boxes checked against the original pixels. No geographic location inferred. Reject first-pass McArtins; terminal Arthur letters are visible.",
        "fit_revision": "a6619d96ba8fa8279ea6a8027654a92b15942b9d",
        "fit_sha256": "fabbe2df06d4283c3ddbd3f9c259be5d966eb6391fdf6785711d5167891f0ca5",
        "label_anchors": [
          {
            "box_index": 0,
            "source_pixel_xy": [
              8882.5,
              6309.0
            ],
            "covering_crop_ids": [
              "F19-R05C07"
            ],
            "inside_control_hull": true,
            "status": "derived-lettering-location",
            "projected_xy_m": [
              -6819162.81919746,
              5741599.98933428
            ],
            "lonlat": [
              -61.25758185384644,
              45.757667767740394
            ]
          }
        ],
        "geographic_role": "printed-lettering-only"
      }
    }
  ]
}
