{
  "type": "FeatureCollection",
  "sheet": 14,
  "provenance": {
    "fit_revision": "249b2be0b378adec894abc34520f83b009dbf8fd",
    "fit_pr": "https://github.com/dfakkeldy/ns-marks-the-spot/pull/385",
    "fit_path": "reports/fletcher/sheet14/southern-audit-20260909/hay-topology/fit.json",
    "fit_sha256": "71118fb1eb9f2b87dbd838f1a218692fd8defc793c6549a76cf8730100a72ccb",
    "input_sha256": {
      "reports/fletcher/sheet14/southern-audit-20260909/hay-topology/fit.json": "71118fb1eb9f2b87dbd838f1a218692fd8defc793c6549a76cf8730100a72ccb",
      "reports/fletcher/sheet14/boundary.json": "03983c1d7ed4bdfefde19d469abba2b60cd9e05fb36567508e17411c5b606ec5",
      "docs/fletcher/label-extraction/highway19-production/sheet-14-reviewed.json": "a42933b43e31f61b3505bc674f39e6a178a4f1192c87e7981343a9e775a89cb2",
      "docs/fletcher/label-extraction/highway19-production/sheet-14-manifest.json": "d964665f4b1d3151a68cd915d6ae94f526f0fc08091652b55d0479edba649a1c",
      "reports/fletcher/sheet14/southern-audit-20260909/hay-topology/sheet-14-controls.csv": "ef7b79692654f107bb508ebd2d4ff6d7fce0e8a15b790a5a2597925d63c522d1",
      "reports/fletcher/sheet14/southern-audit-20260909/hay-topology/render-receipt.json": "30772562d593ae886f6fc8ca96b5553a549a97af46c215dc99ec2b083bed7932",
      "reports/fletcher/sheet14/southern-audit-20260909/hay-topology/checks.json": "79ab5b655f89c033578aac7fd307f053318a40ddca8ca9b6e9cc20327df8865b",
      "reports/fletcher/sheet14/southern-audit-20260909/hay-topology/scores.json": "342f0d9de06a136fe6cba6534d4a6149a00514902fa24fb0fc58d6ecbfff94f3"
    }
  },
  "source_sha256": "907ebc260018055cfc9da780a88f127db13834c0f7e831be7bf395c600a6854c",
  "source_dimensions_px": [
    10852,
    7622
  ],
  "source_frame": {
    "origin": "full scan top-left",
    "axes": "x right, y down",
    "scale_to_fit_xy": [
      1,
      1
    ],
    "offset_to_fit_xy": [
      0,
      0
    ],
    "rotation_degrees": 0,
    "anchor_convention": "Continuous pixel-edge coordinates: xywh box centre (x+w/2,y+h/2), passed unchanged to native GCP TPS; no half-pixel shift.",
    "resampled_raster_pixels_used": false
  },
  "method": "GDAL TPS in EPSG:3857, then inverse spherical Mercator to GeoJSON longitude/latitude (OGC:CRS84)",
  "gdal_version": "GDAL 3.9.0, released 2024/05/07 (debug build)",
  "geographic_role": "Lettering box centres, not feature symbols, sites, boundaries or ownership. Feature placement remains deferred.",
  "accuracy": "Approximate PR #385 fits; working accuracy targets not uniformly satisfied. See full-sheets/README.md. No new geographic acceptance.",
  "credit": "David Rumsey Map Collection, David Rumsey Map Center, Stanford University Libraries",
  "manifest_url": "https://www.davidrumsey.com/luna/servlet/iiif/m/RUMSEY~8~1~2639~290007/manifest",
  "imagery_licence_url": "https://creativecommons.org/licenses/by-nc-sa/3.0/",
  "verification": {
    "annotation_count": 166,
    "box_count": 204,
    "derived_anchor_count": 204,
    "complete_geometry_count": 166,
    "max_control_residual_projected_m": 8.586369880747876e-09,
    "frozen_check_count": 13,
    "max_frozen_check_difference_projected_m": 2.7939677238464355e-09
  },
  "features": [
    {
      "type": "Feature",
      "id": "F14-CMB-001",
      "geometry": {
        "type": "MultiPoint",
        "coordinates": [
          [
            -61.331367231528795,
            46.23074713302319
          ]
        ]
      },
      "properties": {
        "source_text": "MᶜIsaac Pond",
        "kind": "pond",
        "reading_status": "clear",
        "source_label_boxes_xywh": [
          [
            7228,
            2170,
            355,
            48
          ]
        ],
        "crop_ids": [
          "F14-R01C05",
          "F14-R01C06",
          "F14-R02C05",
          "F14-R02C06"
        ],
        "raw_candidate_ids": [
          "F14-R01C05-01",
          "F14-R01C06-19",
          "F14-R02C05-01",
          "F14-R02C06-01"
        ],
        "review_note": "Native whole-crop source inspection; geographic placement deferred.",
        "id": "F14-CMB-001",
        "review_status": "source-reviewed",
        "geometry": null,
        "placement_status": "deferred",
        "crop_id": "F14-R01C05",
        "fit_revision": "249b2be0b378adec894abc34520f83b009dbf8fd",
        "fit_sha256": "71118fb1eb9f2b87dbd838f1a218692fd8defc793c6549a76cf8730100a72ccb",
        "label_anchors": [
          {
            "box_index": 0,
            "source_pixel_xy": [
              7405.5,
              2194.0
            ],
            "covering_crop_ids": [
              "F14-R01C05",
              "F14-R01C06",
              "F14-R02C05",
              "F14-R02C06"
            ],
            "inside_control_hull": true,
            "status": "derived-lettering-location",
            "projected_xy_m": [
              -6827376.56986905,
              5817404.03063085
            ],
            "lonlat": [
              -61.331367231528795,
              46.23074713302319
            ]
          }
        ],
        "geographic_role": "printed-lettering-only"
      }
    },
    {
      "type": "Feature",
      "id": "F14-CMB-002",
      "geometry": {
        "type": "MultiPoint",
        "coordinates": [
          [
            -61.281905510127515,
            46.26751603533744
          ]
        ]
      },
      "properties": {
        "source_text": "Broad Cove",
        "kind": "cove",
        "reading_status": "clear",
        "source_label_boxes_xywh": [
          [
            8311,
            1043,
            314,
            52
          ]
        ],
        "crop_ids": [
          "F14-R01C06",
          "F14-R01C07"
        ],
        "raw_candidate_ids": [
          "F14-R01C06-01"
        ],
        "review_note": "Native whole-crop source inspection; geographic placement deferred.",
        "id": "F14-CMB-002",
        "review_status": "source-reviewed",
        "geometry": null,
        "placement_status": "deferred",
        "crop_id": "F14-R01C06",
        "fit_revision": "249b2be0b378adec894abc34520f83b009dbf8fd",
        "fit_sha256": "71118fb1eb9f2b87dbd838f1a218692fd8defc793c6549a76cf8730100a72ccb",
        "label_anchors": [
          {
            "box_index": 0,
            "source_pixel_xy": [
              8468.0,
              1069.0
            ],
            "covering_crop_ids": [
              "F14-R01C06"
            ],
            "inside_control_hull": false,
            "status": "derived-lettering-location",
            "projected_xy_m": [
              -6821870.5162289,
              5823322.98019776
            ],
            "lonlat": [
              -61.281905510127515,
              46.26751603533744
            ]
          }
        ],
        "geographic_role": "printed-lettering-only"
      }
    },
    {
      "type": "Feature",
      "id": "F14-CMB-003",
      "geometry": {
        "type": "MultiPoint",
        "coordinates": [
          [
            -61.2758192251693,
            46.25754196879
          ]
        ]
      },
      "properties": {
        "source_text": "A wedge of Coal\non the shore",
        "kind": "geological-description",
        "reading_status": "clear",
        "source_label_boxes_xywh": [
          [
            8473,
            1347,
            223,
            64
          ]
        ],
        "crop_ids": [
          "F14-R01C06",
          "F14-R01C07"
        ],
        "raw_candidate_ids": [
          "F14-R01C06-02"
        ],
        "review_note": "Native whole-crop source inspection; geographic placement deferred.",
        "id": "F14-CMB-003",
        "review_status": "source-reviewed",
        "geometry": null,
        "placement_status": "deferred",
        "crop_id": "F14-R01C06",
        "fit_revision": "249b2be0b378adec894abc34520f83b009dbf8fd",
        "fit_sha256": "71118fb1eb9f2b87dbd838f1a218692fd8defc793c6549a76cf8730100a72ccb",
        "label_anchors": [
          {
            "box_index": 0,
            "source_pixel_xy": [
              8584.5,
              1379.0
            ],
            "covering_crop_ids": [
              "F14-R01C06"
            ],
            "inside_control_hull": true,
            "status": "derived-lettering-location",
            "projected_xy_m": [
              -6821192.99408653,
              5821716.99211925
            ],
            "lonlat": [
              -61.2758192251693,
              46.25754196879
            ]
          }
        ],
        "geographic_role": "printed-lettering-only"
      }
    },
    {
      "type": "Feature",
      "id": "F14-CMB-004",
      "geometry": {
        "type": "MultiPoint",
        "coordinates": [
          [
            -61.27877263195878,
            46.249049333089474
          ],
          [
            -61.26857450627676,
            46.249222323788736
          ],
          [
            -61.25750626815205,
            46.24925358981737
          ]
        ]
      },
      "properties": {
        "source_text": "Broad Cove Chapel",
        "kind": "settlement",
        "reading_status": "clear",
        "source_label_boxes_xywh": [
          [
            8430,
            1604,
            177,
            50
          ],
          [
            8665,
            1605,
            132,
            49
          ],
          [
            8882,
            1608,
            163,
            49
          ]
        ],
        "crop_ids": [
          "F14-R01C06",
          "F14-R01C07"
        ],
        "raw_candidate_ids": [
          "F14-R01C06-04",
          "F14-R01C07-09",
          "F14-R01C07-10"
        ],
        "review_note": "Native whole-crop source inspection; geographic placement deferred.",
        "id": "F14-CMB-004",
        "review_status": "source-reviewed",
        "geometry": null,
        "placement_status": "deferred",
        "crop_id": "F14-R01C06",
        "fit_revision": "249b2be0b378adec894abc34520f83b009dbf8fd",
        "fit_sha256": "71118fb1eb9f2b87dbd838f1a218692fd8defc793c6549a76cf8730100a72ccb",
        "label_anchors": [
          {
            "box_index": 0,
            "source_pixel_xy": [
              8518.5,
              1629.0
            ],
            "covering_crop_ids": [
              "F14-R01C06"
            ],
            "inside_control_hull": true,
            "status": "derived-lettering-location",
            "projected_xy_m": [
              -6821521.76582644,
              5820349.7689169
            ],
            "lonlat": [
              -61.27877263195878,
              46.249049333089474
            ]
          },
          {
            "box_index": 1,
            "source_pixel_xy": [
              8731.0,
              1629.5
            ],
            "covering_crop_ids": [
              "F14-R01C06",
              "F14-R01C07"
            ],
            "inside_control_hull": true,
            "status": "derived-lettering-location",
            "projected_xy_m": [
              -6820386.51566847,
              5820377.61645064
            ],
            "lonlat": [
              -61.26857450627676,
              46.249222323788736
            ]
          },
          {
            "box_index": 2,
            "source_pixel_xy": [
              8963.5,
              1632.5
            ],
            "covering_crop_ids": [
              "F14-R01C07"
            ],
            "inside_control_hull": true,
            "status": "derived-lettering-location",
            "projected_xy_m": [
              -6819154.40503645,
              5820382.6495733
            ],
            "lonlat": [
              -61.25750626815205,
              46.24925358981737
            ]
          }
        ],
        "geographic_role": "printed-lettering-only"
      }
    },
    {
      "type": "Feature",
      "id": "F14-CMB-005",
      "geometry": {
        "type": "MultiPoint",
        "coordinates": [
          [
            -61.281218526588546,
            46.24596906373741
          ]
        ]
      },
      "properties": {
        "source_text": "2′ Seam",
        "kind": "coal-seam",
        "reading_status": "tentative",
        "source_label_boxes_xywh": [
          [
            8410,
            1683,
            113,
            72
          ]
        ],
        "crop_ids": [
          "F14-R01C06"
        ],
        "raw_candidate_ids": [
          "F14-R01C06-05"
        ],
        "review_note": "Native seam numeral and trailing raised mark remain qualified. Narrow DeepSeek passes disagree between thickness-style marks and ordinal lettering (2d./1st./3rd.); preserve the visible draft reading without asserting measured seam thickness.",
        "id": "F14-CMB-005",
        "review_status": "source-reviewed",
        "geometry": null,
        "placement_status": "deferred",
        "crop_id": "F14-R01C06",
        "fit_revision": "249b2be0b378adec894abc34520f83b009dbf8fd",
        "fit_sha256": "71118fb1eb9f2b87dbd838f1a218692fd8defc793c6549a76cf8730100a72ccb",
        "label_anchors": [
          {
            "box_index": 0,
            "source_pixel_xy": [
              8466.5,
              1719.0
            ],
            "covering_crop_ids": [
              "F14-R01C06"
            ],
            "inside_control_hull": true,
            "status": "derived-lettering-location",
            "projected_xy_m": [
              -6821794.04157116,
              5819853.93092438
            ],
            "lonlat": [
              -61.281218526588546,
              46.24596906373741
            ]
          }
        ],
        "geographic_role": "printed-lettering-only"
      }
    },
    {
      "type": "Feature",
      "id": "F14-CMB-006",
      "geometry": {
        "type": "MultiPoint",
        "coordinates": [
          [
            -61.280084005040536,
            46.245250815939286
          ]
        ]
      },
      "properties": {
        "source_text": "14′ Seam",
        "kind": "coal-seam",
        "reading_status": "tentative",
        "source_label_boxes_xywh": [
          [
            8425,
            1703,
            130,
            75
          ]
        ],
        "crop_ids": [
          "F14-R01C06"
        ],
        "raw_candidate_ids": [
          "F14-R01C06-06"
        ],
        "review_note": "Native seam numeral and trailing raised mark remain qualified. Narrow DeepSeek passes disagree between thickness-style marks and ordinal lettering (2d./1st./3rd.); preserve the visible draft reading without asserting measured seam thickness.",
        "id": "F14-CMB-006",
        "review_status": "source-reviewed",
        "geometry": null,
        "placement_status": "deferred",
        "crop_id": "F14-R01C06",
        "fit_revision": "249b2be0b378adec894abc34520f83b009dbf8fd",
        "fit_sha256": "71118fb1eb9f2b87dbd838f1a218692fd8defc793c6549a76cf8730100a72ccb",
        "label_anchors": [
          {
            "box_index": 0,
            "source_pixel_xy": [
              8490.0,
              1740.5
            ],
            "covering_crop_ids": [
              "F14-R01C06"
            ],
            "inside_control_hull": true,
            "status": "derived-lettering-location",
            "projected_xy_m": [
              -6821667.74721014,
              5819738.31693895
            ],
            "lonlat": [
              -61.280084005040536,
              46.245250815939286
            ]
          }
        ],
        "geographic_role": "printed-lettering-only"
      }
    },
    {
      "type": "Feature",
      "id": "F14-CMB-007",
      "geometry": {
        "type": "MultiPoint",
        "coordinates": [
          [
            -61.27773445757102,
            46.244711490740606
          ]
        ]
      },
      "properties": {
        "source_text": "3′ Seam",
        "kind": "coal-seam",
        "reading_status": "tentative",
        "source_label_boxes_xywh": [
          [
            8478,
            1721,
            122,
            72
          ]
        ],
        "crop_ids": [
          "F14-R01C06"
        ],
        "raw_candidate_ids": [
          "F14-R01C06-06"
        ],
        "review_note": "Native seam numeral and trailing raised mark remain qualified. Narrow DeepSeek passes disagree between thickness-style marks and ordinal lettering (2d./1st./3rd.); preserve the visible draft reading without asserting measured seam thickness.",
        "id": "F14-CMB-007",
        "review_status": "source-reviewed",
        "geometry": null,
        "placement_status": "deferred",
        "crop_id": "F14-R01C06",
        "fit_revision": "249b2be0b378adec894abc34520f83b009dbf8fd",
        "fit_sha256": "71118fb1eb9f2b87dbd838f1a218692fd8defc793c6549a76cf8730100a72ccb",
        "label_anchors": [
          {
            "box_index": 0,
            "source_pixel_xy": [
              8539.0,
              1757.0
            ],
            "covering_crop_ids": [
              "F14-R01C06"
            ],
            "inside_control_hull": true,
            "status": "derived-lettering-location",
            "projected_xy_m": [
              -6821406.19678224,
              5819651.50453086
            ],
            "lonlat": [
              -61.27773445757102,
              46.244711490740606
            ]
          }
        ],
        "geographic_role": "printed-lettering-only"
      }
    },
    {
      "type": "Feature",
      "id": "F14-CMB-008",
      "geometry": {
        "type": "MultiPoint",
        "coordinates": [
          [
            -61.288495479956445,
            46.2418282951429
          ]
        ]
      },
      "properties": {
        "source_text": "Slopes",
        "kind": "mine",
        "reading_status": "clear",
        "source_label_boxes_xywh": [
          [
            8261,
            1822,
            104,
            41
          ]
        ],
        "crop_ids": [
          "F14-R01C06"
        ],
        "raw_candidate_ids": [
          "F14-R01C06-07"
        ],
        "review_note": "Native whole-crop source inspection; geographic placement deferred.",
        "id": "F14-CMB-008",
        "review_status": "source-reviewed",
        "geometry": null,
        "placement_status": "deferred",
        "crop_id": "F14-R01C06",
        "fit_revision": "249b2be0b378adec894abc34520f83b009dbf8fd",
        "fit_sha256": "71118fb1eb9f2b87dbd838f1a218692fd8defc793c6549a76cf8730100a72ccb",
        "label_anchors": [
          {
            "box_index": 0,
            "source_pixel_xy": [
              8313.0,
              1842.5
            ],
            "covering_crop_ids": [
              "F14-R01C06"
            ],
            "inside_control_hull": true,
            "status": "derived-lettering-location",
            "projected_xy_m": [
              -6822604.1083146,
              5819187.42581531
            ],
            "lonlat": [
              -61.288495479956445,
              46.2418282951429
            ]
          }
        ],
        "geographic_role": "printed-lettering-only"
      }
    },
    {
      "type": "Feature",
      "id": "F14-CMB-009",
      "geometry": {
        "type": "MultiPoint",
        "coordinates": [
          [
            -61.28629092076954,
            46.23920958569373
          ]
        ]
      },
      "properties": {
        "source_text": "Coal Mine",
        "kind": "mine",
        "reading_status": "clear",
        "source_label_boxes_xywh": [
          [
            8279,
            1903,
            159,
            37
          ]
        ],
        "crop_ids": [
          "F14-R01C06"
        ],
        "raw_candidate_ids": [
          "F14-R01C06-09"
        ],
        "review_note": "Native whole-crop source inspection; geographic placement deferred.",
        "id": "F14-CMB-009",
        "review_status": "source-reviewed",
        "geometry": null,
        "placement_status": "deferred",
        "crop_id": "F14-R01C06",
        "fit_revision": "249b2be0b378adec894abc34520f83b009dbf8fd",
        "fit_sha256": "71118fb1eb9f2b87dbd838f1a218692fd8defc793c6549a76cf8730100a72ccb",
        "label_anchors": [
          {
            "box_index": 0,
            "source_pixel_xy": [
              8358.5,
              1921.5
            ],
            "covering_crop_ids": [
              "F14-R01C06"
            ],
            "inside_control_hull": true,
            "status": "derived-lettering-location",
            "projected_xy_m": [
              -6822358.69790849,
              5818765.93988343
            ],
            "lonlat": [
              -61.28629092076954,
              46.23920958569373
            ]
          }
        ],
        "geographic_role": "printed-lettering-only"
      }
    },
    {
      "type": "Feature",
      "id": "F14-CMB-010",
      "geometry": {
        "type": "MultiPoint",
        "coordinates": [
          [
            -61.2834265119804,
            46.23821808759232
          ]
        ]
      },
      "properties": {
        "source_text": "MᶜIsaac",
        "kind": "person-label",
        "reading_status": "clear",
        "source_label_boxes_xywh": [
          [
            8361,
            1934,
            115,
            34
          ]
        ],
        "crop_ids": [
          "F14-R01C06"
        ],
        "raw_candidate_ids": [],
        "review_note": "Native whole-crop source inspection; geographic placement deferred.",
        "id": "F14-CMB-010",
        "review_status": "source-reviewed",
        "geometry": null,
        "placement_status": "deferred",
        "crop_id": "F14-R01C06",
        "fit_revision": "249b2be0b378adec894abc34520f83b009dbf8fd",
        "fit_sha256": "71118fb1eb9f2b87dbd838f1a218692fd8defc793c6549a76cf8730100a72ccb",
        "label_anchors": [
          {
            "box_index": 0,
            "source_pixel_xy": [
              8418.5,
              1951.0
            ],
            "covering_crop_ids": [
              "F14-R01C06"
            ],
            "inside_control_hull": true,
            "status": "derived-lettering-location",
            "projected_xy_m": [
              -6822039.83338066,
              5818606.36175495
            ],
            "lonlat": [
              -61.2834265119804,
              46.23821808759232
            ]
          }
        ],
        "geographic_role": "printed-lettering-only"
      }
    },
    {
      "type": "Feature",
      "id": "F14-CMB-011",
      "geometry": {
        "type": "MultiPoint",
        "coordinates": [
          [
            -61.294612644779214,
            46.23831990178618
          ],
          [
            -61.29390468649789,
            46.237259474239025
          ]
        ]
      },
      "properties": {
        "source_text": "Eng. Slope",
        "kind": "mine",
        "reading_status": "clear",
        "source_label_boxes_xywh": [
          [
            8151,
            1935,
            65,
            32
          ],
          [
            8158,
            1965,
            80,
            37
          ]
        ],
        "crop_ids": [
          "F14-R01C06"
        ],
        "raw_candidate_ids": [
          "F14-R01C06-08"
        ],
        "review_note": "Native enlarged context reads Eng. Slope; abbreviation retained without expansion. Reject initial Fine and model Big.",
        "id": "F14-CMB-011",
        "review_status": "source-reviewed",
        "geometry": null,
        "placement_status": "deferred",
        "crop_id": "F14-R01C06",
        "fit_revision": "249b2be0b378adec894abc34520f83b009dbf8fd",
        "fit_sha256": "71118fb1eb9f2b87dbd838f1a218692fd8defc793c6549a76cf8730100a72ccb",
        "label_anchors": [
          {
            "box_index": 0,
            "source_pixel_xy": [
              8183.5,
              1951.0
            ],
            "covering_crop_ids": [
              "F14-R01C06"
            ],
            "inside_control_hull": true,
            "status": "derived-lettering-location",
            "projected_xy_m": [
              -6823285.06798777,
              5818622.74825813
            ],
            "lonlat": [
              -61.294612644779214,
              46.23831990178618
            ]
          },
          {
            "box_index": 1,
            "source_pixel_xy": [
              8198.0,
              1983.5
            ],
            "covering_crop_ids": [
              "F14-R01C06"
            ],
            "inside_control_hull": true,
            "status": "derived-lettering-location",
            "projected_xy_m": [
              -6823206.25843239,
              5818452.0790525
            ],
            "lonlat": [
              -61.29390468649789,
              46.237259474239025
            ]
          }
        ],
        "geographic_role": "printed-lettering-only"
      }
    },
    {
      "type": "Feature",
      "id": "F14-CMB-012",
      "geometry": {
        "type": "MultiPoint",
        "coordinates": [
          [
            -61.299859234246156,
            46.234776810657415
          ]
        ]
      },
      "properties": {
        "source_text": "Broad Cove Mines",
        "kind": "settlement",
        "reading_status": "clear",
        "source_label_boxes_xywh": [
          [
            7841,
            2039,
            462,
            47
          ]
        ],
        "crop_ids": [
          "F14-R01C06"
        ],
        "raw_candidate_ids": [
          "F14-R01C06-12"
        ],
        "review_note": "Native whole-crop source inspection; geographic placement deferred.",
        "id": "F14-CMB-012",
        "review_status": "source-reviewed",
        "geometry": null,
        "placement_status": "deferred",
        "crop_id": "F14-R01C06",
        "fit_revision": "249b2be0b378adec894abc34520f83b009dbf8fd",
        "fit_sha256": "71118fb1eb9f2b87dbd838f1a218692fd8defc793c6549a76cf8730100a72ccb",
        "label_anchors": [
          {
            "box_index": 0,
            "source_pixel_xy": [
              8072.0,
              2062.5
            ],
            "covering_crop_ids": [
              "F14-R01C06"
            ],
            "inside_control_hull": true,
            "status": "derived-lettering-location",
            "projected_xy_m": [
              -6823869.11565563,
              5818052.52271921
            ],
            "lonlat": [
              -61.299859234246156,
              46.234776810657415
            ]
          }
        ],
        "geographic_role": "printed-lettering-only"
      }
    },
    {
      "type": "Feature",
      "id": "F14-CMB-013",
      "geometry": {
        "type": "MultiPoint",
        "coordinates": [
          [
            -61.29319283250355,
            46.22891648583155
          ]
        ]
      },
      "properties": {
        "source_text": "Coal 3′",
        "kind": "coal-seam",
        "reading_status": "clear",
        "source_label_boxes_xywh": [
          [
            8154,
            2225,
            113,
            39
          ]
        ],
        "crop_ids": [
          "F14-R01C06",
          "F14-R02C06"
        ],
        "raw_candidate_ids": [
          "F14-R01C06-14",
          "F14-R01C06-15",
          "F14-R02C06-02"
        ],
        "review_note": "Native whole-crop source inspection; geographic placement deferred.",
        "id": "F14-CMB-013",
        "review_status": "source-reviewed",
        "geometry": null,
        "placement_status": "deferred",
        "crop_id": "F14-R01C06",
        "fit_revision": "249b2be0b378adec894abc34520f83b009dbf8fd",
        "fit_sha256": "71118fb1eb9f2b87dbd838f1a218692fd8defc793c6549a76cf8730100a72ccb",
        "label_anchors": [
          {
            "box_index": 0,
            "source_pixel_xy": [
              8210.5,
              2244.5
            ],
            "covering_crop_ids": [
              "F14-R01C06",
              "F14-R02C06"
            ],
            "inside_control_hull": true,
            "status": "derived-lettering-location",
            "projected_xy_m": [
              -6823127.01520822,
              5817109.44209314
            ],
            "lonlat": [
              -61.29319283250355,
              46.22891648583155
            ]
          }
        ],
        "geographic_role": "printed-lettering-only"
      }
    },
    {
      "type": "Feature",
      "id": "F14-CMB-014",
      "geometry": {
        "type": "MultiPoint",
        "coordinates": [
          [
            -61.285913387871204,
            46.229252177406984
          ]
        ]
      },
      "properties": {
        "source_text": "Pits",
        "kind": "mine",
        "reading_status": "clear",
        "source_label_boxes_xywh": [
          [
            8324,
            2213,
            81,
            37
          ]
        ],
        "crop_ids": [
          "F14-R01C06",
          "F14-R02C06"
        ],
        "raw_candidate_ids": [
          "F14-R01C06-16",
          "F14-R02C06-04"
        ],
        "review_note": "Native whole-crop source inspection; geographic placement deferred.",
        "id": "F14-CMB-014",
        "review_status": "source-reviewed",
        "geometry": null,
        "placement_status": "deferred",
        "crop_id": "F14-R01C06",
        "fit_revision": "249b2be0b378adec894abc34520f83b009dbf8fd",
        "fit_sha256": "71118fb1eb9f2b87dbd838f1a218692fd8defc793c6549a76cf8730100a72ccb",
        "label_anchors": [
          {
            "box_index": 0,
            "source_pixel_xy": [
              8364.5,
              2231.5
            ],
            "covering_crop_ids": [
              "F14-R01C06",
              "F14-R02C06"
            ],
            "inside_control_hull": true,
            "status": "derived-lettering-location",
            "projected_xy_m": [
              -6822316.67113849,
              5817163.46099097
            ],
            "lonlat": [
              -61.285913387871204,
              46.229252177406984
            ]
          }
        ],
        "geographic_role": "printed-lettering-only"
      }
    },
    {
      "type": "Feature",
      "id": "F14-CMB-015",
      "geometry": {
        "type": "MultiPoint",
        "coordinates": [
          [
            -61.27471534900193,
            46.23001895997058
          ],
          [
            -61.267683113355226,
            46.22709650007148
          ]
        ]
      },
      "properties": {
        "source_text": "More Brook",
        "kind": "stream",
        "reading_status": "clear",
        "source_label_boxes_xywh": [
          [
            8550,
            2175,
            105,
            61
          ],
          [
            8692,
            2276,
            123,
            50
          ]
        ],
        "crop_ids": [
          "F14-R01C06",
          "F14-R01C07",
          "F14-R02C06",
          "F14-R02C07"
        ],
        "raw_candidate_ids": [
          "F14-R01C07-18",
          "F14-R02C06-08",
          "F14-R02C07-04"
        ],
        "review_note": "Native whole-crop source inspection; geographic placement deferred.",
        "id": "F14-CMB-015",
        "review_status": "source-reviewed",
        "geometry": null,
        "placement_status": "deferred",
        "crop_id": "F14-R01C06",
        "fit_revision": "249b2be0b378adec894abc34520f83b009dbf8fd",
        "fit_sha256": "71118fb1eb9f2b87dbd838f1a218692fd8defc793c6549a76cf8730100a72ccb",
        "label_anchors": [
          {
            "box_index": 0,
            "source_pixel_xy": [
              8602.5,
              2205.5
            ],
            "covering_crop_ids": [
              "F14-R01C06",
              "F14-R01C07",
              "F14-R02C06",
              "F14-R02C07"
            ],
            "inside_control_hull": true,
            "status": "derived-lettering-location",
            "projected_xy_m": [
              -6821070.11115368,
              5817286.85153151
            ],
            "lonlat": [
              -61.27471534900193,
              46.23001895997058
            ]
          },
          {
            "box_index": 1,
            "source_pixel_xy": [
              8753.5,
              2301.0
            ],
            "covering_crop_ids": [
              "F14-R02C06",
              "F14-R02C07"
            ],
            "inside_control_hull": true,
            "status": "derived-lettering-location",
            "projected_xy_m": [
              -6820287.28626235,
              5816816.57893681
            ],
            "lonlat": [
              -61.267683113355226,
              46.22709650007148
            ]
          }
        ],
        "geographic_role": "printed-lettering-only"
      }
    },
    {
      "type": "Feature",
      "id": "F14-CMB-016",
      "geometry": {
        "type": "MultiPoint",
        "coordinates": [
          [
            -61.2318493245785,
            46.26746099798153
          ]
        ]
      },
      "properties": {
        "source_text": "Iron Pyrites",
        "kind": "geological-description",
        "reading_status": "clear",
        "source_label_boxes_xywh": [
          [
            9430,
            1055,
            171,
            39
          ]
        ],
        "crop_ids": [
          "F14-R01C07"
        ],
        "raw_candidate_ids": [
          "F14-R01C07-01",
          "F14-R01C07-02"
        ],
        "review_note": "Native whole-crop source inspection; geographic placement deferred.",
        "id": "F14-CMB-016",
        "review_status": "source-reviewed",
        "geometry": null,
        "placement_status": "deferred",
        "crop_id": "F14-R01C07",
        "fit_revision": "249b2be0b378adec894abc34520f83b009dbf8fd",
        "fit_sha256": "71118fb1eb9f2b87dbd838f1a218692fd8defc793c6549a76cf8730100a72ccb",
        "label_anchors": [
          {
            "box_index": 0,
            "source_pixel_xy": [
              9515.5,
              1074.5
            ],
            "covering_crop_ids": [
              "F14-R01C07"
            ],
            "inside_control_hull": false,
            "status": "derived-lettering-location",
            "projected_xy_m": [
              -6816298.28714253,
              5823314.11748028
            ],
            "lonlat": [
              -61.2318493245785,
              46.26746099798153
            ]
          }
        ],
        "geographic_role": "printed-lettering-only"
      }
    },
    {
      "type": "Feature",
      "id": "F14-CMB-017",
      "geometry": {
        "type": "MultiPoint",
        "coordinates": [
          [
            -61.24728694412556,
            46.259728569279105
          ]
        ]
      },
      "properties": {
        "source_text": "Mill",
        "kind": "mill",
        "reading_status": "clear",
        "source_label_boxes_xywh": [
          [
            9146,
            1298,
            74,
            35
          ]
        ],
        "crop_ids": [
          "F14-R01C07"
        ],
        "raw_candidate_ids": [
          "F14-R01C07-03"
        ],
        "review_note": "Native whole-crop source inspection; geographic placement deferred.",
        "id": "F14-CMB-017",
        "review_status": "source-reviewed",
        "geometry": null,
        "placement_status": "deferred",
        "crop_id": "F14-R01C07",
        "fit_revision": "249b2be0b378adec894abc34520f83b009dbf8fd",
        "fit_sha256": "71118fb1eb9f2b87dbd838f1a218692fd8defc793c6549a76cf8730100a72ccb",
        "label_anchors": [
          {
            "box_index": 0,
            "source_pixel_xy": [
              9183.0,
              1315.5
            ],
            "covering_crop_ids": [
              "F14-R01C07"
            ],
            "inside_control_hull": false,
            "status": "derived-lettering-location",
            "projected_xy_m": [
              -6818016.79508957,
              5822069.04560826
            ],
            "lonlat": [
              -61.24728694412556,
              46.259728569279105
            ]
          }
        ],
        "geographic_role": "printed-lettering-only"
      }
    },
    {
      "type": "Feature",
      "id": "F14-CMB-018",
      "geometry": {
        "type": "MultiPoint",
        "coordinates": [
          [
            -61.2363546897226,
            46.25774590719258
          ]
        ]
      },
      "properties": {
        "source_text": "Fall 12′",
        "kind": "waterfall",
        "reading_status": "clear",
        "source_label_boxes_xywh": [
          [
            9353,
            1350,
            124,
            44
          ]
        ],
        "crop_ids": [
          "F14-R01C07"
        ],
        "raw_candidate_ids": [
          "F14-R01C07-04",
          "F14-R01C07-05"
        ],
        "review_note": "Native enlarged snippet shows a prime after 12; preserve the printed mark without modern elevation interpretation.",
        "id": "F14-CMB-018",
        "review_status": "source-reviewed",
        "geometry": null,
        "placement_status": "deferred",
        "crop_id": "F14-R01C07",
        "fit_revision": "249b2be0b378adec894abc34520f83b009dbf8fd",
        "fit_sha256": "71118fb1eb9f2b87dbd838f1a218692fd8defc793c6549a76cf8730100a72ccb",
        "label_anchors": [
          {
            "box_index": 0,
            "source_pixel_xy": [
              9415.0,
              1372.0
            ],
            "covering_crop_ids": [
              "F14-R01C07"
            ],
            "inside_control_hull": false,
            "status": "derived-lettering-location",
            "projected_xy_m": [
              -6816799.82209621,
              5821749.82661668
            ],
            "lonlat": [
              -61.2363546897226,
              46.25774590719258
            ]
          }
        ],
        "geographic_role": "printed-lettering-only"
      }
    },
    {
      "type": "Feature",
      "id": "F14-CMB-019",
      "geometry": {
        "type": "MultiPoint",
        "coordinates": [
          [
            -61.26502512319823,
            46.25598990454292
          ]
        ]
      },
      "properties": {
        "source_text": "R.C. Ch.",
        "kind": "church",
        "reading_status": "clear",
        "source_label_boxes_xywh": [
          [
            8756,
            1414,
            101,
            40
          ]
        ],
        "crop_ids": [
          "F14-R01C06",
          "F14-R01C07"
        ],
        "raw_candidate_ids": [
          "F14-R01C07-06"
        ],
        "review_note": "Native whole-crop source inspection; geographic placement deferred.",
        "id": "F14-CMB-019",
        "review_status": "source-reviewed",
        "geometry": null,
        "placement_status": "deferred",
        "crop_id": "F14-R01C06",
        "fit_revision": "249b2be0b378adec894abc34520f83b009dbf8fd",
        "fit_sha256": "71118fb1eb9f2b87dbd838f1a218692fd8defc793c6549a76cf8730100a72ccb",
        "label_anchors": [
          {
            "box_index": 0,
            "source_pixel_xy": [
              8806.5,
              1434.0
            ],
            "covering_crop_ids": [
              "F14-R01C07"
            ],
            "inside_control_hull": true,
            "status": "derived-lettering-location",
            "projected_xy_m": [
              -6819991.40015154,
              5821467.11062108
            ],
            "lonlat": [
              -61.26502512319823,
              46.25598990454292
            ]
          }
        ],
        "geographic_role": "printed-lettering-only"
      }
    },
    {
      "type": "Feature",
      "id": "F14-CMB-020",
      "geometry": {
        "type": "MultiPoint",
        "coordinates": [
          [
            -61.254370485769535,
            46.25373987964837
          ]
        ]
      },
      "properties": {
        "source_text": "School",
        "kind": "school",
        "reading_status": "clear",
        "source_label_boxes_xywh": [
          [
            8981,
            1478,
            98,
            44
          ]
        ],
        "crop_ids": [
          "F14-R01C07"
        ],
        "raw_candidate_ids": [
          "F14-R01C07-07"
        ],
        "review_note": "Retained lettering inspected in native source snippets; source-only transcription.",
        "id": "F14-CMB-020",
        "review_status": "source-reviewed",
        "geometry": null,
        "placement_status": "deferred",
        "crop_id": "F14-R01C07",
        "fit_revision": "249b2be0b378adec894abc34520f83b009dbf8fd",
        "fit_sha256": "71118fb1eb9f2b87dbd838f1a218692fd8defc793c6549a76cf8730100a72ccb",
        "label_anchors": [
          {
            "box_index": 0,
            "source_pixel_xy": [
              9030.0,
              1500.0
            ],
            "covering_crop_ids": [
              "F14-R01C07"
            ],
            "inside_control_hull": true,
            "status": "derived-lettering-location",
            "projected_xy_m": [
              -6818805.33133839,
              5821104.87039682
            ],
            "lonlat": [
              -61.254370485769535,
              46.25373987964837
            ]
          }
        ],
        "geographic_role": "printed-lettering-only"
      }
    },
    {
      "type": "Feature",
      "id": "F14-CMB-021",
      "geometry": {
        "type": "MultiPoint",
        "coordinates": [
          [
            -61.25712508388784,
            46.25257954726712
          ]
        ]
      },
      "properties": {
        "source_text": "P.O.",
        "kind": "post-office",
        "reading_status": "clear",
        "source_label_boxes_xywh": [
          [
            8941,
            1517,
            61,
            36
          ]
        ],
        "crop_ids": [
          "F14-R01C07"
        ],
        "raw_candidate_ids": [
          "F14-R01C07-08"
        ],
        "review_note": "Native whole-crop source inspection; geographic placement deferred.",
        "id": "F14-CMB-021",
        "review_status": "source-reviewed",
        "geometry": null,
        "placement_status": "deferred",
        "crop_id": "F14-R01C07",
        "fit_revision": "249b2be0b378adec894abc34520f83b009dbf8fd",
        "fit_sha256": "71118fb1eb9f2b87dbd838f1a218692fd8defc793c6549a76cf8730100a72ccb",
        "label_anchors": [
          {
            "box_index": 0,
            "source_pixel_xy": [
              8971.5,
              1535.0
            ],
            "covering_crop_ids": [
              "F14-R01C07"
            ],
            "inside_control_hull": true,
            "status": "derived-lettering-location",
            "projected_xy_m": [
              -6819111.97179826,
              5820918.06980002
            ],
            "lonlat": [
              -61.25712508388784,
              46.25257954726712
            ]
          }
        ],
        "geographic_role": "printed-lettering-only"
      }
    },
    {
      "type": "Feature",
      "id": "F14-CMB-022",
      "geometry": {
        "type": "MultiPoint",
        "coordinates": [
          [
            -61.25879215605137,
            46.24473598628527
          ]
        ]
      },
      "properties": {
        "source_text": "Widow Ron. MᶜDonald",
        "kind": "person-label",
        "reading_status": "tentative",
        "source_label_boxes_xywh": [
          [
            8774,
            1747,
            326,
            36
          ]
        ],
        "crop_ids": [
          "F14-R01C06",
          "F14-R01C07"
        ],
        "raw_candidate_ids": [
          "F14-R01C07-11"
        ],
        "review_note": "Initial after Widow resembles R/H under source texture; retain Ron. as qualified, do not expand personal name.",
        "id": "F14-CMB-022",
        "review_status": "source-reviewed",
        "geometry": null,
        "placement_status": "deferred",
        "crop_id": "F14-R01C06",
        "fit_revision": "249b2be0b378adec894abc34520f83b009dbf8fd",
        "fit_sha256": "71118fb1eb9f2b87dbd838f1a218692fd8defc793c6549a76cf8730100a72ccb",
        "label_anchors": [
          {
            "box_index": 0,
            "source_pixel_xy": [
              8937.0,
              1765.0
            ],
            "covering_crop_ids": [
              "F14-R01C07"
            ],
            "inside_control_hull": true,
            "status": "derived-lettering-location",
            "projected_xy_m": [
              -6819297.54942262,
              5819655.44743441
            ],
            "lonlat": [
              -61.25879215605137,
              46.24473598628527
            ]
          }
        ],
        "geographic_role": "printed-lettering-only"
      }
    },
    {
      "type": "Feature",
      "id": "F14-CMB-023",
      "geometry": {
        "type": "MultiPoint",
        "coordinates": [
          [
            -61.22893887415475,
            46.25083632507297
          ]
        ]
      },
      "properties": {
        "source_text": "Wᵐ MᶜDonald",
        "kind": "person-label",
        "reading_status": "clear",
        "source_label_boxes_xywh": [
          [
            9479,
            1567,
            185,
            37
          ]
        ],
        "crop_ids": [
          "F14-R01C07"
        ],
        "raw_candidate_ids": [
          "F14-R01C07-12"
        ],
        "review_note": "Native whole-crop source inspection; geographic placement deferred.",
        "id": "F14-CMB-023",
        "review_status": "source-reviewed",
        "geometry": null,
        "placement_status": "deferred",
        "crop_id": "F14-R01C07",
        "fit_revision": "249b2be0b378adec894abc34520f83b009dbf8fd",
        "fit_sha256": "71118fb1eb9f2b87dbd838f1a218692fd8defc793c6549a76cf8730100a72ccb",
        "label_anchors": [
          {
            "box_index": 0,
            "source_pixel_xy": [
              9571.5,
              1585.5
            ],
            "covering_crop_ids": [
              "F14-R01C07"
            ],
            "inside_control_hull": false,
            "status": "derived-lettering-location",
            "projected_xy_m": [
              -6815974.29728338,
              5820637.43786063
            ],
            "lonlat": [
              -61.22893887415475,
              46.25083632507297
            ]
          }
        ],
        "geographic_role": "printed-lettering-only"
      }
    },
    {
      "type": "Feature",
      "id": "F14-CMB-024",
      "geometry": {
        "type": "MultiPoint",
        "coordinates": [
          [
            -61.240518547564896,
            46.247936999222354
          ]
        ]
      },
      "properties": {
        "source_text": "Mill",
        "kind": "mill",
        "reading_status": "clear",
        "source_label_boxes_xywh": [
          [
            9286,
            1653,
            78,
            38
          ]
        ],
        "crop_ids": [
          "F14-R01C07"
        ],
        "raw_candidate_ids": [
          "F14-R01C07-13"
        ],
        "review_note": "Native whole-crop source inspection; geographic placement deferred.",
        "id": "F14-CMB-024",
        "review_status": "source-reviewed",
        "geometry": null,
        "placement_status": "deferred",
        "crop_id": "F14-R01C07",
        "fit_revision": "249b2be0b378adec894abc34520f83b009dbf8fd",
        "fit_sha256": "71118fb1eb9f2b87dbd838f1a218692fd8defc793c6549a76cf8730100a72ccb",
        "label_anchors": [
          {
            "box_index": 0,
            "source_pixel_xy": [
              9325.0,
              1672.0
            ],
            "covering_crop_ids": [
              "F14-R01C07"
            ],
            "inside_control_hull": false,
            "status": "derived-lettering-location",
            "projected_xy_m": [
              -6817263.34063095,
              5820170.71078196
            ],
            "lonlat": [
              -61.240518547564896,
              46.247936999222354
            ]
          }
        ],
        "geographic_role": "printed-lettering-only"
      }
    },
    {
      "type": "Feature",
      "id": "F14-CMB-025",
      "geometry": {
        "type": "MultiPoint",
        "coordinates": [
          [
            -61.254788418288264,
            46.23830251563565
          ]
        ]
      },
      "properties": {
        "source_text": "Alexʳ. Smith",
        "kind": "person-label",
        "reading_status": "clear",
        "source_label_boxes_xywh": [
          [
            8925,
            1942,
            198,
            36
          ]
        ],
        "crop_ids": [
          "F14-R01C07"
        ],
        "raw_candidate_ids": [
          "F14-R01C07-14"
        ],
        "review_note": "Native whole-crop source inspection; geographic placement deferred.",
        "id": "F14-CMB-025",
        "review_status": "source-reviewed",
        "geometry": null,
        "placement_status": "deferred",
        "crop_id": "F14-R01C07",
        "fit_revision": "249b2be0b378adec894abc34520f83b009dbf8fd",
        "fit_sha256": "71118fb1eb9f2b87dbd838f1a218692fd8defc793c6549a76cf8730100a72ccb",
        "label_anchors": [
          {
            "box_index": 0,
            "source_pixel_xy": [
              9024.0,
              1960.0
            ],
            "covering_crop_ids": [
              "F14-R01C07"
            ],
            "inside_control_hull": true,
            "status": "derived-lettering-location",
            "projected_xy_m": [
              -6818851.85537356,
              5818619.95003895
            ],
            "lonlat": [
              -61.254788418288264,
              46.23830251563565
            ]
          }
        ],
        "geographic_role": "printed-lettering-only"
      }
    },
    {
      "type": "Feature",
      "id": "F14-CMB-026",
      "geometry": {
        "type": "MultiPoint",
        "coordinates": [
          [
            -61.26884159334208,
            46.23317856738976
          ]
        ]
      },
      "properties": {
        "source_text": "Shop",
        "kind": "shop",
        "reading_status": "clear",
        "source_label_boxes_xywh": [
          [
            8688,
            2089,
            78,
            37
          ]
        ],
        "crop_ids": [
          "F14-R01C06",
          "F14-R01C07",
          "F14-R02C06",
          "F14-R02C07"
        ],
        "raw_candidate_ids": [
          "F14-R01C07-15",
          "F14-R02C06-06",
          "F14-R02C07-01"
        ],
        "review_note": "Native whole-crop source inspection; geographic placement deferred.",
        "id": "F14-CMB-026",
        "review_status": "source-reviewed",
        "geometry": null,
        "placement_status": "deferred",
        "crop_id": "F14-R01C06",
        "fit_revision": "249b2be0b378adec894abc34520f83b009dbf8fd",
        "fit_sha256": "71118fb1eb9f2b87dbd838f1a218692fd8defc793c6549a76cf8730100a72ccb",
        "label_anchors": [
          {
            "box_index": 0,
            "source_pixel_xy": [
              8727.0,
              2107.5
            ],
            "covering_crop_ids": [
              "F14-R01C06",
              "F14-R01C07",
              "F14-R02C06",
              "F14-R02C07"
            ],
            "inside_control_hull": true,
            "status": "derived-lettering-location",
            "projected_xy_m": [
              -6820416.24766458,
              5817795.31329267
            ],
            "lonlat": [
              -61.26884159334208,
              46.23317856738976
            ]
          }
        ],
        "geographic_role": "printed-lettering-only"
      }
    },
    {
      "type": "Feature",
      "id": "F14-CMB-027",
      "geometry": {
        "type": "MultiPoint",
        "coordinates": [
          [
            -61.257637986419404,
            46.232555477771676
          ]
        ]
      },
      "properties": {
        "source_text": "Rory MᶜNeil",
        "kind": "person-label",
        "reading_status": "clear",
        "source_label_boxes_xywh": [
          [
            8871,
            2115,
            190,
            40
          ]
        ],
        "crop_ids": [
          "F14-R01C07",
          "F14-R02C07"
        ],
        "raw_candidate_ids": [
          "F14-R01C07-16",
          "F14-R02C07-02"
        ],
        "review_note": "Native whole-crop source inspection; geographic placement deferred.",
        "id": "F14-CMB-027",
        "review_status": "source-reviewed",
        "geometry": null,
        "placement_status": "deferred",
        "crop_id": "F14-R01C07",
        "fit_revision": "249b2be0b378adec894abc34520f83b009dbf8fd",
        "fit_sha256": "71118fb1eb9f2b87dbd838f1a218692fd8defc793c6549a76cf8730100a72ccb",
        "label_anchors": [
          {
            "box_index": 0,
            "source_pixel_xy": [
              8966.0,
              2135.0
            ],
            "covering_crop_ids": [
              "F14-R01C07",
              "F14-R02C07"
            ],
            "inside_control_hull": true,
            "status": "derived-lettering-location",
            "projected_xy_m": [
              -6819169.0678469,
              5817695.03989675
            ],
            "lonlat": [
              -61.257637986419404,
              46.232555477771676
            ]
          }
        ],
        "geographic_role": "printed-lettering-only"
      }
    },
    {
      "type": "Feature",
      "id": "F14-CMB-028",
      "geometry": {
        "type": "MultiPoint",
        "coordinates": [
          [
            -61.26638903926647,
            46.22916961958113
          ]
        ]
      },
      "properties": {
        "source_text": "Forge",
        "kind": "forge",
        "reading_status": "clear",
        "source_label_boxes_xywh": [
          [
            8733,
            2217,
            95,
            37
          ]
        ],
        "crop_ids": [
          "F14-R01C06",
          "F14-R01C07",
          "F14-R02C06",
          "F14-R02C07"
        ],
        "raw_candidate_ids": [
          "F14-R01C06-20",
          "F14-R01C07-17",
          "F14-R02C06-07",
          "F14-R02C07-03"
        ],
        "review_note": "Native whole-crop source inspection; geographic placement deferred.",
        "id": "F14-CMB-028",
        "review_status": "source-reviewed",
        "geometry": null,
        "placement_status": "deferred",
        "crop_id": "F14-R01C06",
        "fit_revision": "249b2be0b378adec894abc34520f83b009dbf8fd",
        "fit_sha256": "71118fb1eb9f2b87dbd838f1a218692fd8defc793c6549a76cf8730100a72ccb",
        "label_anchors": [
          {
            "box_index": 0,
            "source_pixel_xy": [
              8780.5,
              2235.5
            ],
            "covering_crop_ids": [
              "F14-R01C06",
              "F14-R01C07",
              "F14-R02C06",
              "F14-R02C07"
            ],
            "inside_control_hull": true,
            "status": "derived-lettering-location",
            "projected_xy_m": [
              -6820143.23059374,
              5817150.17590022
            ],
            "lonlat": [
              -61.26638903926647,
              46.22916961958113
            ]
          }
        ],
        "geographic_role": "printed-lettering-only"
      }
    },
    {
      "type": "Feature",
      "id": "F14-CMB-029",
      "geometry": {
        "type": "MultiPoint",
        "coordinates": [
          [
            -61.385630804107805,
            46.20766597977056
          ]
        ]
      },
      "properties": {
        "source_text": "Port Ban",
        "kind": "coastal-place",
        "reading_status": "clear",
        "source_label_boxes_xywh": [
          [
            6121,
            2910,
            238,
            59
          ]
        ],
        "crop_ids": [
          "F14-R02C04",
          "F14-R02C05"
        ],
        "raw_candidate_ids": [
          "F14-R02C04-01",
          "F14-R02C05-07"
        ],
        "review_note": "Native whole-crop source inspection; geographic placement deferred.",
        "id": "F14-CMB-029",
        "review_status": "source-reviewed",
        "geometry": null,
        "placement_status": "deferred",
        "crop_id": "F14-R02C04",
        "fit_revision": "249b2be0b378adec894abc34520f83b009dbf8fd",
        "fit_sha256": "71118fb1eb9f2b87dbd838f1a218692fd8defc793c6549a76cf8730100a72ccb",
        "label_anchors": [
          {
            "box_index": 0,
            "source_pixel_xy": [
              6240.0,
              2939.5
            ],
            "covering_crop_ids": [
              "F14-R02C04",
              "F14-R02C05"
            ],
            "inside_control_hull": false,
            "status": "derived-lettering-location",
            "projected_xy_m": [
              -6833417.16313717,
              5813690.52019619
            ],
            "lonlat": [
              -61.385630804107805,
              46.20766597977056
            ]
          }
        ],
        "geographic_role": "printed-lettering-only"
      }
    },
    {
      "type": "Feature",
      "id": "F14-CMB-030",
      "geometry": {
        "type": "MultiPoint",
        "coordinates": [
          [
            -61.389497339530884,
            46.198247358287595
          ]
        ]
      },
      "properties": {
        "source_text": "Rankin",
        "kind": "person-label",
        "reading_status": "clear",
        "source_label_boxes_xywh": [
          [
            6093,
            3238,
            123,
            36
          ]
        ],
        "crop_ids": [
          "F14-R02C04",
          "F14-R02C05"
        ],
        "raw_candidate_ids": [
          "F14-R02C04-02"
        ],
        "review_note": "Native whole-crop source inspection; geographic placement deferred.",
        "id": "F14-CMB-030",
        "review_status": "source-reviewed",
        "geometry": null,
        "placement_status": "deferred",
        "crop_id": "F14-R02C04",
        "fit_revision": "249b2be0b378adec894abc34520f83b009dbf8fd",
        "fit_sha256": "71118fb1eb9f2b87dbd838f1a218692fd8defc793c6549a76cf8730100a72ccb",
        "label_anchors": [
          {
            "box_index": 0,
            "source_pixel_xy": [
              6154.5,
              3256.0
            ],
            "covering_crop_ids": [
              "F14-R02C04"
            ],
            "inside_control_hull": false,
            "status": "derived-lettering-location",
            "projected_xy_m": [
              -6833847.5838916,
              5812175.61314292
            ],
            "lonlat": [
              -61.389497339530884,
              46.198247358287595
            ]
          }
        ],
        "geographic_role": "printed-lettering-only"
      }
    },
    {
      "type": "Feature",
      "id": "F14-CMB-031",
      "geometry": {
        "type": "MultiPoint",
        "coordinates": [
          [
            -61.402185461223354,
            46.19605476380598
          ]
        ]
      },
      "properties": {
        "source_text": "School",
        "kind": "school",
        "reading_status": "clear",
        "source_label_boxes_xywh": [
          [
            5853,
            3324,
            103,
            36
          ]
        ],
        "crop_ids": [
          "F14-R02C04",
          "F14-R03C04"
        ],
        "raw_candidate_ids": [
          "F14-R02C04-03",
          "F14-R03C04-08"
        ],
        "review_note": "Native whole-crop source inspection; geographic placement deferred.",
        "id": "F14-CMB-031",
        "review_status": "source-reviewed",
        "geometry": null,
        "placement_status": "deferred",
        "crop_id": "F14-R02C04",
        "fit_revision": "249b2be0b378adec894abc34520f83b009dbf8fd",
        "fit_sha256": "71118fb1eb9f2b87dbd838f1a218692fd8defc793c6549a76cf8730100a72ccb",
        "label_anchors": [
          {
            "box_index": 0,
            "source_pixel_xy": [
              5904.5,
              3342.0
            ],
            "covering_crop_ids": [
              "F14-R02C04",
              "F14-R03C04"
            ],
            "inside_control_hull": false,
            "status": "derived-lettering-location",
            "projected_xy_m": [
              -6835260.01913753,
              5811822.98979026
            ],
            "lonlat": [
              -61.402185461223354,
              46.19605476380598
            ]
          }
        ],
        "geographic_role": "printed-lettering-only"
      }
    },
    {
      "type": "Feature",
      "id": "F14-CMB-032",
      "geometry": {
        "type": "MultiPoint",
        "coordinates": [
          [
            -61.386064938659594,
            46.19367492858065
          ]
        ]
      },
      "properties": {
        "source_text": "Kennedy",
        "kind": "person-label",
        "reading_status": "clear",
        "source_label_boxes_xywh": [
          [
            6158,
            3382,
            123,
            42
          ]
        ],
        "crop_ids": [
          "F14-R02C04",
          "F14-R02C05",
          "F14-R03C04",
          "F14-R03C05"
        ],
        "raw_candidate_ids": [
          "F14-R02C04-04",
          "F14-R03C04-07",
          "F14-R03C05-12"
        ],
        "review_note": "Native whole-crop source inspection; geographic placement deferred.",
        "id": "F14-CMB-032",
        "review_status": "source-reviewed",
        "geometry": null,
        "placement_status": "deferred",
        "crop_id": "F14-R02C04",
        "fit_revision": "249b2be0b378adec894abc34520f83b009dbf8fd",
        "fit_sha256": "71118fb1eb9f2b87dbd838f1a218692fd8defc793c6549a76cf8730100a72ccb",
        "label_anchors": [
          {
            "box_index": 0,
            "source_pixel_xy": [
              6219.5,
              3403.0
            ],
            "covering_crop_ids": [
              "F14-R02C04",
              "F14-R02C05",
              "F14-R03C04",
              "F14-R03C05"
            ],
            "inside_control_hull": true,
            "status": "derived-lettering-location",
            "projected_xy_m": [
              -6833465.49077441,
              5811440.26942378
            ],
            "lonlat": [
              -61.386064938659594,
              46.19367492858065
            ]
          }
        ],
        "geographic_role": "printed-lettering-only"
      }
    },
    {
      "type": "Feature",
      "id": "F14-CMB-033",
      "geometry": {
        "type": "MultiPoint",
        "coordinates": [
          [
            -61.33512707644057,
            46.22639063819545
          ]
        ]
      },
      "properties": {
        "source_text": "Coal 2′–2′6″",
        "kind": "coal-seam",
        "reading_status": "clear",
        "source_label_boxes_xywh": [
          [
            7237,
            2311,
            171,
            39
          ]
        ],
        "crop_ids": [
          "F14-R02C05",
          "F14-R02C06"
        ],
        "raw_candidate_ids": [
          "F14-R02C05-02"
        ],
        "review_note": "Native whole-crop source inspection; geographic placement deferred.",
        "id": "F14-CMB-033",
        "review_status": "source-reviewed",
        "geometry": null,
        "placement_status": "deferred",
        "crop_id": "F14-R02C05",
        "fit_revision": "249b2be0b378adec894abc34520f83b009dbf8fd",
        "fit_sha256": "71118fb1eb9f2b87dbd838f1a218692fd8defc793c6549a76cf8730100a72ccb",
        "label_anchors": [
          {
            "box_index": 0,
            "source_pixel_xy": [
              7322.5,
              2330.5
            ],
            "covering_crop_ids": [
              "F14-R02C05"
            ],
            "inside_control_hull": true,
            "status": "derived-lettering-location",
            "projected_xy_m": [
              -6827795.11389009,
              5816702.99772897
            ],
            "lonlat": [
              -61.33512707644057,
              46.22639063819545
            ]
          }
        ],
        "geographic_role": "printed-lettering-only"
      }
    },
    {
      "type": "Feature",
      "id": "F14-CMB-034",
      "geometry": {
        "type": "MultiPoint",
        "coordinates": [
          [
            -61.331988147288534,
            46.224052157537315
          ]
        ]
      },
      "properties": {
        "source_text": "Coal",
        "kind": "geological-description",
        "reading_status": "clear",
        "source_label_boxes_xywh": [
          [
            7347,
            2384,
            82,
            39
          ]
        ],
        "crop_ids": [
          "F14-R02C05",
          "F14-R02C06"
        ],
        "raw_candidate_ids": [
          "F14-R02C05-03"
        ],
        "review_note": "Native whole-crop source inspection; geographic placement deferred.",
        "id": "F14-CMB-034",
        "review_status": "source-reviewed",
        "geometry": null,
        "placement_status": "deferred",
        "crop_id": "F14-R02C05",
        "fit_revision": "249b2be0b378adec894abc34520f83b009dbf8fd",
        "fit_sha256": "71118fb1eb9f2b87dbd838f1a218692fd8defc793c6549a76cf8730100a72ccb",
        "label_anchors": [
          {
            "box_index": 0,
            "source_pixel_xy": [
              7388.0,
              2403.5
            ],
            "covering_crop_ids": [
              "F14-R02C05"
            ],
            "inside_control_hull": true,
            "status": "derived-lettering-location",
            "projected_xy_m": [
              -6827445.68989525,
              5816326.72001539
            ],
            "lonlat": [
              -61.331988147288534,
              46.224052157537315
            ]
          }
        ],
        "geographic_role": "printed-lettering-only"
      }
    },
    {
      "type": "Feature",
      "id": "F14-CMB-035",
      "geometry": {
        "type": "MultiPoint",
        "coordinates": [
          [
            -61.34637651526306,
            46.21306057317899
          ]
        ]
      },
      "properties": {
        "source_text": "Gray Sandstone",
        "kind": "geological-description",
        "reading_status": "clear",
        "source_label_boxes_xywh": [
          [
            6949,
            2729,
            234,
            40
          ]
        ],
        "crop_ids": [
          "F14-R02C05"
        ],
        "raw_candidate_ids": [
          "F14-R02C05-04"
        ],
        "review_note": "Native whole-crop source inspection; geographic placement deferred.",
        "id": "F14-CMB-035",
        "review_status": "source-reviewed",
        "geometry": null,
        "placement_status": "deferred",
        "crop_id": "F14-R02C05",
        "fit_revision": "249b2be0b378adec894abc34520f83b009dbf8fd",
        "fit_sha256": "71118fb1eb9f2b87dbd838f1a218692fd8defc793c6549a76cf8730100a72ccb",
        "label_anchors": [
          {
            "box_index": 0,
            "source_pixel_xy": [
              7066.0,
              2749.0
            ],
            "covering_crop_ids": [
              "F14-R02C05"
            ],
            "inside_control_hull": true,
            "status": "derived-lettering-location",
            "projected_xy_m": [
              -6829047.39569152,
              5814558.31274593
            ],
            "lonlat": [
              -61.34637651526306,
              46.21306057317899
            ]
          }
        ],
        "geographic_role": "printed-lettering-only"
      }
    },
    {
      "type": "Feature",
      "id": "F14-CMB-036",
      "geometry": {
        "type": "MultiPoint",
        "coordinates": [
          [
            -61.34547150463489,
            46.21034562761116
          ]
        ]
      },
      "properties": {
        "source_text": "Sh. Mill",
        "kind": "mill",
        "reading_status": "clear",
        "source_label_boxes_xywh": [
          [
            7026,
            2817,
            111,
            34
          ]
        ],
        "crop_ids": [
          "F14-R02C05"
        ],
        "raw_candidate_ids": [
          "F14-R02C05-05"
        ],
        "review_note": "Native whole-crop source inspection; geographic placement deferred.",
        "id": "F14-CMB-036",
        "review_status": "source-reviewed",
        "geometry": null,
        "placement_status": "deferred",
        "crop_id": "F14-R02C05",
        "fit_revision": "249b2be0b378adec894abc34520f83b009dbf8fd",
        "fit_sha256": "71118fb1eb9f2b87dbd838f1a218692fd8defc793c6549a76cf8730100a72ccb",
        "label_anchors": [
          {
            "box_index": 0,
            "source_pixel_xy": [
              7081.5,
              2834.0
            ],
            "covering_crop_ids": [
              "F14-R02C05"
            ],
            "inside_control_hull": true,
            "status": "derived-lettering-location",
            "projected_xy_m": [
              -6828946.65036923,
              5814121.56676151
            ],
            "lonlat": [
              -61.34547150463489,
              46.21034562761116
            ]
          }
        ],
        "geographic_role": "printed-lettering-only"
      }
    },
    {
      "type": "Feature",
      "id": "F14-CMB-037",
      "geometry": {
        "type": "MultiPoint",
        "coordinates": [
          [
            -61.329653113386584,
            46.2141866712243
          ]
        ]
      },
      "properties": {
        "source_text": "School",
        "kind": "school",
        "reading_status": "clear",
        "source_label_boxes_xywh": [
          [
            7380,
            2693,
            106,
            35
          ]
        ],
        "crop_ids": [
          "F14-R02C05",
          "F14-R02C06"
        ],
        "raw_candidate_ids": [
          "F14-R02C05-06",
          "F14-R02C06-16"
        ],
        "review_note": "Native whole-crop source inspection; geographic placement deferred.",
        "id": "F14-CMB-037",
        "review_status": "source-reviewed",
        "geometry": null,
        "placement_status": "deferred",
        "crop_id": "F14-R02C05",
        "fit_revision": "249b2be0b378adec894abc34520f83b009dbf8fd",
        "fit_sha256": "71118fb1eb9f2b87dbd838f1a218692fd8defc793c6549a76cf8730100a72ccb",
        "label_anchors": [
          {
            "box_index": 0,
            "source_pixel_xy": [
              7433.0,
              2710.5
            ],
            "covering_crop_ids": [
              "F14-R02C05",
              "F14-R02C06"
            ],
            "inside_control_hull": true,
            "status": "derived-lettering-location",
            "projected_xy_m": [
              -6827185.7551103,
              5814739.47144166
            ],
            "lonlat": [
              -61.329653113386584,
              46.2141866712243
            ]
          }
        ],
        "geographic_role": "printed-lettering-only"
      }
    },
    {
      "type": "Feature",
      "id": "F14-CMB-038",
      "geometry": {
        "type": "MultiPoint",
        "coordinates": [
          [
            -61.32942544199787,
            46.21314862827579
          ]
        ]
      },
      "properties": {
        "source_text": "Forge",
        "kind": "forge",
        "reading_status": "clear",
        "source_label_boxes_xywh": [
          [
            7392,
            2724,
            91,
            37
          ]
        ],
        "crop_ids": [
          "F14-R02C05",
          "F14-R02C06"
        ],
        "raw_candidate_ids": [
          "F14-R02C05-06",
          "F14-R02C06-17"
        ],
        "review_note": "Native whole-crop source inspection; geographic placement deferred.",
        "id": "F14-CMB-038",
        "review_status": "source-reviewed",
        "geometry": null,
        "placement_status": "deferred",
        "crop_id": "F14-R02C05",
        "fit_revision": "249b2be0b378adec894abc34520f83b009dbf8fd",
        "fit_sha256": "71118fb1eb9f2b87dbd838f1a218692fd8defc793c6549a76cf8730100a72ccb",
        "label_anchors": [
          {
            "box_index": 0,
            "source_pixel_xy": [
              7437.5,
              2742.5
            ],
            "covering_crop_ids": [
              "F14-R02C05",
              "F14-R02C06"
            ],
            "inside_control_hull": true,
            "status": "derived-lettering-location",
            "projected_xy_m": [
              -6827160.41084724,
              5814572.47829377
            ],
            "lonlat": [
              -61.32942544199787,
              46.21314862827579
            ]
          }
        ],
        "geographic_role": "printed-lettering-only"
      }
    },
    {
      "type": "Feature",
      "id": "F14-CMB-039",
      "geometry": {
        "type": "MultiPoint",
        "coordinates": [
          [
            -61.363024010159094,
            46.20642858478096
          ]
        ]
      },
      "properties": {
        "source_text": "Shop",
        "kind": "shop",
        "reading_status": "clear",
        "source_label_boxes_xywh": [
          [
            6654,
            2946,
            87,
            39
          ]
        ],
        "crop_ids": [
          "F14-R02C05"
        ],
        "raw_candidate_ids": [
          "F14-R02C05-08"
        ],
        "review_note": "Native whole-crop source inspection; geographic placement deferred.",
        "id": "F14-CMB-039",
        "review_status": "source-reviewed",
        "geometry": null,
        "placement_status": "deferred",
        "crop_id": "F14-R02C05",
        "fit_revision": "249b2be0b378adec894abc34520f83b009dbf8fd",
        "fit_sha256": "71118fb1eb9f2b87dbd838f1a218692fd8defc793c6549a76cf8730100a72ccb",
        "label_anchors": [
          {
            "box_index": 0,
            "source_pixel_xy": [
              6697.5,
              2965.5
            ],
            "covering_crop_ids": [
              "F14-R02C05"
            ],
            "inside_control_hull": true,
            "status": "derived-lettering-location",
            "projected_xy_m": [
              -6830900.58634633,
              5813491.48066768
            ],
            "lonlat": [
              -61.363024010159094,
              46.20642858478096
            ]
          }
        ],
        "geographic_role": "printed-lettering-only"
      }
    },
    {
      "type": "Feature",
      "id": "F14-CMB-040",
      "geometry": {
        "type": "MultiPoint",
        "coordinates": [
          [
            -61.3768598582382,
            46.20479347532672
          ]
        ]
      },
      "properties": {
        "source_text": "Shop",
        "kind": "shop",
        "reading_status": "clear",
        "source_label_boxes_xywh": [
          [
            6377,
            3005,
            71,
            40
          ]
        ],
        "crop_ids": [
          "F14-R02C04",
          "F14-R02C05"
        ],
        "raw_candidate_ids": [
          "F14-R02C05-09"
        ],
        "review_note": "Native whole-crop source inspection; geographic placement deferred.",
        "id": "F14-CMB-040",
        "review_status": "source-reviewed",
        "geometry": null,
        "placement_status": "deferred",
        "crop_id": "F14-R02C04",
        "fit_revision": "249b2be0b378adec894abc34520f83b009dbf8fd",
        "fit_sha256": "71118fb1eb9f2b87dbd838f1a218692fd8defc793c6549a76cf8730100a72ccb",
        "label_anchors": [
          {
            "box_index": 0,
            "source_pixel_xy": [
              6412.5,
              3025.0
            ],
            "covering_crop_ids": [
              "F14-R02C05"
            ],
            "inside_control_hull": true,
            "status": "derived-lettering-location",
            "projected_xy_m": [
              -6832440.78590919,
              5813228.47418347
            ],
            "lonlat": [
              -61.3768598582382,
              46.20479347532672
            ]
          }
        ],
        "geographic_role": "printed-lettering-only"
      }
    },
    {
      "type": "Feature",
      "id": "F14-CMB-041",
      "geometry": {
        "type": "MultiPoint",
        "coordinates": [
          [
            -61.36485121776326,
            46.204482035802194
          ]
        ]
      },
      "properties": {
        "source_text": "Don. Beaton",
        "kind": "person-label",
        "reading_status": "clear",
        "source_label_boxes_xywh": [
          [
            6555,
            3011,
            201,
            37
          ]
        ],
        "crop_ids": [
          "F14-R02C05"
        ],
        "raw_candidate_ids": [
          "F14-R02C05-10"
        ],
        "review_note": "Native whole-crop source inspection; geographic placement deferred.",
        "id": "F14-CMB-041",
        "review_status": "source-reviewed",
        "geometry": null,
        "placement_status": "deferred",
        "crop_id": "F14-R02C05",
        "fit_revision": "249b2be0b378adec894abc34520f83b009dbf8fd",
        "fit_sha256": "71118fb1eb9f2b87dbd838f1a218692fd8defc793c6549a76cf8730100a72ccb",
        "label_anchors": [
          {
            "box_index": 0,
            "source_pixel_xy": [
              6655.5,
              3029.5
            ],
            "covering_crop_ids": [
              "F14-R02C05"
            ],
            "inside_control_hull": true,
            "status": "derived-lettering-location",
            "projected_xy_m": [
              -6831103.9901664,
              5813178.38018947
            ],
            "lonlat": [
              -61.36485121776326,
              46.204482035802194
            ]
          }
        ],
        "geographic_role": "printed-lettering-only"
      }
    },
    {
      "type": "Feature",
      "id": "F14-CMB-042",
      "geometry": {
        "type": "MultiPoint",
        "coordinates": [
          [
            -61.32783614197961,
            46.19869166752303
          ]
        ]
      },
      "properties": {
        "source_text": "John MᶜArthur",
        "kind": "person-label",
        "reading_status": "clear",
        "source_label_boxes_xywh": [
          [
            7363,
            3156,
            208,
            40
          ]
        ],
        "crop_ids": [
          "F14-R02C05",
          "F14-R02C06"
        ],
        "raw_candidate_ids": [
          "F14-R02C05-11",
          "F14-R02C06-18"
        ],
        "review_note": "Native whole-crop source inspection; geographic placement deferred.",
        "id": "F14-CMB-042",
        "review_status": "source-reviewed",
        "geometry": null,
        "placement_status": "deferred",
        "crop_id": "F14-R02C05",
        "fit_revision": "249b2be0b378adec894abc34520f83b009dbf8fd",
        "fit_sha256": "71118fb1eb9f2b87dbd838f1a218692fd8defc793c6549a76cf8730100a72ccb",
        "label_anchors": [
          {
            "box_index": 0,
            "source_pixel_xy": [
              7467.0,
              3176.0
            ],
            "covering_crop_ids": [
              "F14-R02C05",
              "F14-R02C06"
            ],
            "inside_control_hull": true,
            "status": "derived-lettering-location",
            "projected_xy_m": [
              -6826983.49077849,
              5812247.07075754
            ],
            "lonlat": [
              -61.32783614197961,
              46.19869166752303
            ]
          }
        ],
        "geographic_role": "printed-lettering-only"
      }
    },
    {
      "type": "Feature",
      "id": "F14-CMB-043",
      "geometry": {
        "type": "MultiPoint",
        "coordinates": [
          [
            -61.30037154335325,
            46.22663094446882
          ]
        ]
      },
      "properties": {
        "source_text": "Coal reported",
        "kind": "geological-description",
        "reading_status": "clear",
        "source_label_boxes_xywh": [
          [
            7948,
            2300,
            221,
            38
          ]
        ],
        "crop_ids": [
          "F14-R02C06"
        ],
        "raw_candidate_ids": [
          "F14-R02C06-03"
        ],
        "review_note": "Native whole-crop source inspection; geographic placement deferred.",
        "id": "F14-CMB-043",
        "review_status": "source-reviewed",
        "geometry": null,
        "placement_status": "deferred",
        "crop_id": "F14-R02C06",
        "fit_revision": "249b2be0b378adec894abc34520f83b009dbf8fd",
        "fit_sha256": "71118fb1eb9f2b87dbd838f1a218692fd8defc793c6549a76cf8730100a72ccb",
        "label_anchors": [
          {
            "box_index": 0,
            "source_pixel_xy": [
              8058.5,
              2319.0
            ],
            "covering_crop_ids": [
              "F14-R02C06"
            ],
            "inside_control_hull": true,
            "status": "derived-lettering-location",
            "projected_xy_m": [
              -6823926.14564456,
              5816741.66557882
            ],
            "lonlat": [
              -61.30037154335325,
              46.22663094446882
            ]
          }
        ],
        "geographic_role": "printed-lettering-only"
      }
    },
    {
      "type": "Feature",
      "id": "F14-CMB-044",
      "geometry": {
        "type": "MultiPoint",
        "coordinates": [
          [
            -61.28508199549381,
            46.22569115717432
          ]
        ]
      },
      "properties": {
        "source_text": "Quarry",
        "kind": "quarry",
        "reading_status": "clear",
        "source_label_boxes_xywh": [
          [
            8328,
            2324,
            107,
            42
          ]
        ],
        "crop_ids": [
          "F14-R02C06"
        ],
        "raw_candidate_ids": [
          "F14-R02C06-05"
        ],
        "review_note": "Native whole-crop source inspection; geographic placement deferred.",
        "id": "F14-CMB-044",
        "review_status": "source-reviewed",
        "geometry": null,
        "placement_status": "deferred",
        "crop_id": "F14-R02C06",
        "fit_revision": "249b2be0b378adec894abc34520f83b009dbf8fd",
        "fit_sha256": "71118fb1eb9f2b87dbd838f1a218692fd8defc793c6549a76cf8730100a72ccb",
        "label_anchors": [
          {
            "box_index": 0,
            "source_pixel_xy": [
              8381.5,
              2345.0
            ],
            "covering_crop_ids": [
              "F14-R02C06"
            ],
            "inside_control_hull": true,
            "status": "derived-lettering-location",
            "projected_xy_m": [
              -6822224.12096239,
              5816590.44471404
            ],
            "lonlat": [
              -61.28508199549381,
              46.22569115717432
            ]
          }
        ],
        "geographic_role": "printed-lettering-only"
      }
    },
    {
      "type": "Feature",
      "id": "F14-CMB-045",
      "geometry": {
        "type": "MultiPoint",
        "coordinates": [
          [
            -61.30474812483091,
            46.217440013599266
          ],
          [
            -61.299585803268315,
            46.21116839121091
          ],
          [
            -61.29428013560948,
            46.202532324393694
          ]
        ]
      },
      "properties": {
        "source_text": "Rusty Brown Sand",
        "kind": "geological-description",
        "reading_status": "clear",
        "source_label_boxes_xywh": [
          [
            7910,
            2532,
            108,
            156
          ],
          [
            8018,
            2716,
            104,
            180
          ],
          [
            8140,
            3004,
            72,
            129
          ]
        ],
        "crop_ids": [
          "F14-R02C06"
        ],
        "raw_candidate_ids": [],
        "review_note": "Rotated native context resolves Rusty Brown Sand; no printed stone suffix. Broad Cove is separate river lettering.",
        "id": "F14-CMB-045",
        "review_status": "source-reviewed",
        "geometry": null,
        "placement_status": "deferred",
        "crop_id": "F14-R02C06",
        "fit_revision": "249b2be0b378adec894abc34520f83b009dbf8fd",
        "fit_sha256": "71118fb1eb9f2b87dbd838f1a218692fd8defc793c6549a76cf8730100a72ccb",
        "label_anchors": [
          {
            "box_index": 0,
            "source_pixel_xy": [
              7964.0,
              2610.0
            ],
            "covering_crop_ids": [
              "F14-R02C06"
            ],
            "inside_control_hull": true,
            "status": "derived-lettering-location",
            "projected_xy_m": [
              -6824413.34446607,
              5815262.86704203
            ],
            "lonlat": [
              -61.30474812483091,
              46.217440013599266
            ]
          },
          {
            "box_index": 1,
            "source_pixel_xy": [
              8070.0,
              2806.0
            ],
            "covering_crop_ids": [
              "F14-R02C06"
            ],
            "inside_control_hull": true,
            "status": "derived-lettering-location",
            "projected_xy_m": [
              -6823838.67745841,
              5814253.92024685
            ],
            "lonlat": [
              -61.299585803268315,
              46.21116839121091
            ]
          },
          {
            "box_index": 2,
            "source_pixel_xy": [
              8176.0,
              3068.5
            ],
            "covering_crop_ids": [
              "F14-R02C06"
            ],
            "inside_control_hull": true,
            "status": "derived-lettering-location",
            "projected_xy_m": [
              -6823248.05323631,
              5812864.7821585
            ],
            "lonlat": [
              -61.29428013560948,
              46.202532324393694
            ]
          }
        ],
        "geographic_role": "printed-lettering-only"
      }
    },
    {
      "type": "Feature",
      "id": "F14-CMB-046",
      "geometry": {
        "type": "MultiPoint",
        "coordinates": [
          [
            -61.30189810544726,
            46.20637235817395
          ]
        ]
      },
      "properties": {
        "source_text": "Dark gray diorite",
        "kind": "geological-description",
        "reading_status": "clear",
        "source_label_boxes_xywh": [
          [
            7948,
            2824,
            145,
            254
          ]
        ],
        "crop_ids": [
          "F14-R02C06"
        ],
        "raw_candidate_ids": [
          "F14-R02C06-09",
          "F14-R02C06-10"
        ],
        "review_note": "Rotated native detail reads Dark gray diorite; Do. geological unit overprint remains excluded.",
        "id": "F14-CMB-046",
        "review_status": "source-reviewed",
        "geometry": null,
        "placement_status": "deferred",
        "crop_id": "F14-R02C06",
        "fit_revision": "249b2be0b378adec894abc34520f83b009dbf8fd",
        "fit_sha256": "71118fb1eb9f2b87dbd838f1a218692fd8defc793c6549a76cf8730100a72ccb",
        "label_anchors": [
          {
            "box_index": 0,
            "source_pixel_xy": [
              8020.5,
              2951.0
            ],
            "covering_crop_ids": [
              "F14-R02C06"
            ],
            "inside_control_hull": true,
            "status": "derived-lettering-location",
            "projected_xy_m": [
              -6824096.08175953,
              5813482.43651794
            ],
            "lonlat": [
              -61.30189810544726,
              46.20637235817395
            ]
          }
        ],
        "geographic_role": "printed-lettering-only"
      }
    },
    {
      "type": "Feature",
      "id": "F14-CMB-047",
      "geometry": {
        "type": "MultiPoint",
        "coordinates": [
          [
            -61.27134633980995,
            46.20609491536285
          ]
        ]
      },
      "properties": {
        "source_text": "Hugh Cameron",
        "kind": "person-label",
        "reading_status": "clear",
        "source_label_boxes_xywh": [
          [
            8577,
            2949,
            210,
            35
          ]
        ],
        "crop_ids": [
          "F14-R02C06",
          "F14-R02C07"
        ],
        "raw_candidate_ids": [
          "F14-R02C06-14",
          "F14-R02C07-05"
        ],
        "review_note": "Native whole-crop source inspection; geographic placement deferred.",
        "id": "F14-CMB-047",
        "review_status": "source-reviewed",
        "geometry": null,
        "placement_status": "deferred",
        "crop_id": "F14-R02C06",
        "fit_revision": "249b2be0b378adec894abc34520f83b009dbf8fd",
        "fit_sha256": "71118fb1eb9f2b87dbd838f1a218692fd8defc793c6549a76cf8730100a72ccb",
        "label_anchors": [
          {
            "box_index": 0,
            "source_pixel_xy": [
              8682.0,
              2966.5
            ],
            "covering_crop_ids": [
              "F14-R02C06",
              "F14-R02C07"
            ],
            "inside_control_hull": true,
            "status": "derived-lettering-location",
            "projected_xy_m": [
              -6820695.07476595,
              5813437.80948386
            ],
            "lonlat": [
              -61.27134633980995,
              46.20609491536285
            ]
          }
        ],
        "geographic_role": "printed-lettering-only"
      }
    },
    {
      "type": "Feature",
      "id": "F14-CMB-048",
      "geometry": {
        "type": "MultiPoint",
        "coordinates": [
          [
            -61.297735637328074,
            46.206828337962435
          ]
        ]
      },
      "properties": {
        "source_text": "Forge",
        "kind": "forge",
        "reading_status": "clear",
        "source_label_boxes_xywh": [
          [
            8060,
            2920,
            93,
            38
          ]
        ],
        "crop_ids": [
          "F14-R02C06"
        ],
        "raw_candidate_ids": [],
        "review_note": "Native whole-crop source inspection; geographic placement deferred.",
        "id": "F14-CMB-048",
        "review_status": "source-reviewed",
        "geometry": null,
        "placement_status": "deferred",
        "crop_id": "F14-R02C06",
        "fit_revision": "249b2be0b378adec894abc34520f83b009dbf8fd",
        "fit_sha256": "71118fb1eb9f2b87dbd838f1a218692fd8defc793c6549a76cf8730100a72ccb",
        "label_anchors": [
          {
            "box_index": 0,
            "source_pixel_xy": [
              8106.5,
              2939.0
            ],
            "covering_crop_ids": [
              "F14-R02C06"
            ],
            "inside_control_hull": true,
            "status": "derived-lettering-location",
            "projected_xy_m": [
              -6823632.71792806,
              5813555.78194478
            ],
            "lonlat": [
              -61.297735637328074,
              46.206828337962435
            ]
          }
        ],
        "geographic_role": "printed-lettering-only"
      }
    },
    {
      "type": "Feature",
      "id": "F14-CMB-049",
      "geometry": {
        "type": "MultiPoint",
        "coordinates": [
          [
            -61.28253586268231,
            46.20669990259336
          ]
        ]
      },
      "properties": {
        "source_text": "Shop",
        "kind": "shop",
        "reading_status": "clear",
        "source_label_boxes_xywh": [
          [
            8390,
            2927,
            81,
            40
          ]
        ],
        "crop_ids": [
          "F14-R02C06"
        ],
        "raw_candidate_ids": [],
        "review_note": "Native whole-crop source inspection; geographic placement deferred.",
        "id": "F14-CMB-049",
        "review_status": "source-reviewed",
        "geometry": null,
        "placement_status": "deferred",
        "crop_id": "F14-R02C06",
        "fit_revision": "249b2be0b378adec894abc34520f83b009dbf8fd",
        "fit_sha256": "71118fb1eb9f2b87dbd838f1a218692fd8defc793c6549a76cf8730100a72ccb",
        "label_anchors": [
          {
            "box_index": 0,
            "source_pixel_xy": [
              8430.5,
              2947.0
            ],
            "covering_crop_ids": [
              "F14-R02C06"
            ],
            "inside_control_hull": true,
            "status": "derived-lettering-location",
            "projected_xy_m": [
              -6821940.68675432,
              5813535.12275047
            ],
            "lonlat": [
              -61.28253586268231,
              46.20669990259336
            ]
          }
        ],
        "geographic_role": "printed-lettering-only"
      }
    },
    {
      "type": "Feature",
      "id": "F14-CMB-050",
      "geometry": {
        "type": "MultiPoint",
        "coordinates": [
          [
            -61.28281637411168,
            46.19494054252326
          ]
        ]
      },
      "properties": {
        "source_text": "Shops",
        "kind": "shop",
        "reading_status": "clear",
        "source_label_boxes_xywh": [
          [
            8386,
            3271,
            80,
            36
          ]
        ],
        "crop_ids": [
          "F14-R02C06",
          "F14-R03C06"
        ],
        "raw_candidate_ids": [
          "F14-R02C06-24"
        ],
        "review_note": "Retained lettering inspected in native source snippets; source-only transcription.",
        "id": "F14-CMB-050",
        "review_status": "source-reviewed",
        "geometry": null,
        "placement_status": "deferred",
        "crop_id": "F14-R02C06",
        "fit_revision": "249b2be0b378adec894abc34520f83b009dbf8fd",
        "fit_sha256": "71118fb1eb9f2b87dbd838f1a218692fd8defc793c6549a76cf8730100a72ccb",
        "label_anchors": [
          {
            "box_index": 0,
            "source_pixel_xy": [
              8426.0,
              3289.0
            ],
            "covering_crop_ids": [
              "F14-R02C06"
            ],
            "inside_control_hull": true,
            "status": "derived-lettering-location",
            "projected_xy_m": [
              -6821971.9131438,
              5811643.80087685
            ],
            "lonlat": [
              -61.28281637411168,
              46.19494054252326
            ]
          }
        ],
        "geographic_role": "printed-lettering-only"
      }
    },
    {
      "type": "Feature",
      "id": "F14-CMB-051",
      "geometry": {
        "type": "MultiPoint",
        "coordinates": [
          [
            -61.283417978768625,
            46.19204650600409
          ]
        ]
      },
      "properties": {
        "source_text": "Shop",
        "kind": "shop",
        "reading_status": "clear",
        "source_label_boxes_xywh": [
          [
            8384,
            3347,
            67,
            36
          ]
        ],
        "crop_ids": [
          "F14-R02C06",
          "F14-R03C06"
        ],
        "raw_candidate_ids": [
          "F14-R03C06-03"
        ],
        "review_note": "Native whole-crop source inspection; geographic placement deferred.",
        "id": "F14-CMB-051",
        "review_status": "source-reviewed",
        "geometry": null,
        "placement_status": "deferred",
        "crop_id": "F14-R02C06",
        "fit_revision": "249b2be0b378adec894abc34520f83b009dbf8fd",
        "fit_sha256": "71118fb1eb9f2b87dbd838f1a218692fd8defc793c6549a76cf8730100a72ccb",
        "label_anchors": [
          {
            "box_index": 0,
            "source_pixel_xy": [
              8417.5,
              3365.0
            ],
            "covering_crop_ids": [
              "F14-R02C06",
              "F14-R03C06"
            ],
            "inside_control_hull": true,
            "status": "derived-lettering-location",
            "projected_xy_m": [
              -6822038.88346787,
              5811178.39929458
            ],
            "lonlat": [
              -61.283417978768625,
              46.19204650600409
            ]
          }
        ],
        "geographic_role": "printed-lettering-only"
      }
    },
    {
      "type": "Feature",
      "id": "F14-CMB-052",
      "geometry": {
        "type": "MultiPoint",
        "coordinates": [
          [
            -61.283289304521475,
            46.18957472888593
          ]
        ]
      },
      "properties": {
        "source_text": "Geo. MᶜLeod",
        "kind": "person-label",
        "reading_status": "clear",
        "source_label_boxes_xywh": [
          [
            8353,
            3410,
            149,
            35
          ]
        ],
        "crop_ids": [
          "F14-R02C06",
          "F14-R03C06"
        ],
        "raw_candidate_ids": [
          "F14-R03C06-04"
        ],
        "review_note": "Native whole-crop source inspection; geographic placement deferred.",
        "id": "F14-CMB-052",
        "review_status": "source-reviewed",
        "geometry": null,
        "placement_status": "deferred",
        "crop_id": "F14-R02C06",
        "fit_revision": "249b2be0b378adec894abc34520f83b009dbf8fd",
        "fit_sha256": "71118fb1eb9f2b87dbd838f1a218692fd8defc793c6549a76cf8730100a72ccb",
        "label_anchors": [
          {
            "box_index": 0,
            "source_pixel_xy": [
              8427.5,
              3427.5
            ],
            "covering_crop_ids": [
              "F14-R02C06",
              "F14-R03C06"
            ],
            "inside_control_hull": true,
            "status": "derived-lettering-location",
            "projected_xy_m": [
              -6822024.5595162,
              5810780.92233836
            ],
            "lonlat": [
              -61.283289304521475,
              46.18957472888593
            ]
          }
        ],
        "geographic_role": "printed-lettering-only"
      }
    },
    {
      "type": "Feature",
      "id": "F14-CMB-053",
      "geometry": {
        "type": "MultiPoint",
        "coordinates": [
          [
            -61.293770302042546,
            46.18806454005308
          ],
          [
            -61.280737015894076,
            46.18866264085997
          ]
        ]
      },
      "properties": {
        "source_text": "Strath Lorne",
        "kind": "settlement",
        "reading_status": "clear",
        "source_label_boxes_xywh": [
          [
            8076,
            3428,
            247,
            58
          ],
          [
            8398,
            3430,
            183,
            48
          ]
        ],
        "crop_ids": [
          "F14-R02C06",
          "F14-R03C06"
        ],
        "raw_candidate_ids": [
          "F14-R02C06-21",
          "F14-R02C06-22",
          "F14-R03C06-02"
        ],
        "review_note": "Retained lettering inspected in native source snippets; source-only transcription.",
        "id": "F14-CMB-053",
        "review_status": "source-reviewed",
        "geometry": null,
        "placement_status": "deferred",
        "crop_id": "F14-R02C06",
        "fit_revision": "249b2be0b378adec894abc34520f83b009dbf8fd",
        "fit_sha256": "71118fb1eb9f2b87dbd838f1a218692fd8defc793c6549a76cf8730100a72ccb",
        "label_anchors": [
          {
            "box_index": 0,
            "source_pixel_xy": [
              8199.5,
              3457.0
            ],
            "covering_crop_ids": [
              "F14-R02C06",
              "F14-R03C06"
            ],
            "inside_control_hull": true,
            "status": "derived-lettering-location",
            "projected_xy_m": [
              -6823191.29882325,
              5810538.08348653
            ],
            "lonlat": [
              -61.293770302042546,
              46.18806454005308
            ]
          },
          {
            "box_index": 1,
            "source_pixel_xy": [
              8489.5,
              3454.0
            ],
            "covering_crop_ids": [
              "F14-R02C06",
              "F14-R03C06"
            ],
            "inside_control_hull": true,
            "status": "derived-lettering-location",
            "projected_xy_m": [
              -6821740.44004584,
              5810634.25749141
            ],
            "lonlat": [
              -61.280737015894076,
              46.18866264085997
            ]
          }
        ],
        "geographic_role": "printed-lettering-only"
      }
    },
    {
      "type": "Feature",
      "id": "F14-CMB-054",
      "geometry": {
        "type": "MultiPoint",
        "coordinates": [
          [
            -61.28509675622124,
            46.18763271026822
          ]
        ]
      },
      "properties": {
        "source_text": "Shop",
        "kind": "shop",
        "reading_status": "clear",
        "source_label_boxes_xywh": [
          [
            8355,
            3460,
            75,
            27
          ]
        ],
        "crop_ids": [
          "F14-R02C06",
          "F14-R03C06"
        ],
        "raw_candidate_ids": [
          "F14-R03C06-05"
        ],
        "review_note": "Retained lettering inspected in native source snippets; source-only transcription.",
        "id": "F14-CMB-054",
        "review_status": "source-reviewed",
        "geometry": null,
        "placement_status": "deferred",
        "crop_id": "F14-R02C06",
        "fit_revision": "249b2be0b378adec894abc34520f83b009dbf8fd",
        "fit_sha256": "71118fb1eb9f2b87dbd838f1a218692fd8defc793c6549a76cf8730100a72ccb",
        "label_anchors": [
          {
            "box_index": 0,
            "source_pixel_xy": [
              8392.5,
              3473.5
            ],
            "covering_crop_ids": [
              "F14-R02C06",
              "F14-R03C06"
            ],
            "inside_control_hull": true,
            "status": "derived-lettering-location",
            "projected_xy_m": [
              -6822225.76411905,
              5810468.64634437
            ],
            "lonlat": [
              -61.28509675622124,
              46.18763271026822
            ]
          }
        ],
        "geographic_role": "printed-lettering-only"
      }
    },
    {
      "type": "Feature",
      "id": "F14-CMB-055",
      "geometry": {
        "type": "MultiPoint",
        "coordinates": [
          [
            -61.28494367727128,
            46.18664551478547
          ]
        ]
      },
      "properties": {
        "source_text": "P.O.",
        "kind": "post-office",
        "reading_status": "clear",
        "source_label_boxes_xywh": [
          [
            8367,
            3483,
            65,
            30
          ]
        ],
        "crop_ids": [
          "F14-R02C06",
          "F14-R03C06"
        ],
        "raw_candidate_ids": [
          "F14-R03C06-06"
        ],
        "review_note": "Retained lettering inspected in native source snippets; source-only transcription.",
        "id": "F14-CMB-055",
        "review_status": "source-reviewed",
        "geometry": null,
        "placement_status": "deferred",
        "crop_id": "F14-R02C06",
        "fit_revision": "249b2be0b378adec894abc34520f83b009dbf8fd",
        "fit_sha256": "71118fb1eb9f2b87dbd838f1a218692fd8defc793c6549a76cf8730100a72ccb",
        "label_anchors": [
          {
            "box_index": 0,
            "source_pixel_xy": [
              8399.5,
              3498.0
            ],
            "covering_crop_ids": [
              "F14-R02C06",
              "F14-R03C06"
            ],
            "inside_control_hull": true,
            "status": "derived-lettering-location",
            "projected_xy_m": [
              -6822208.72344829,
              5810309.90984518
            ],
            "lonlat": [
              -61.28494367727128,
              46.18664551478547
            ]
          }
        ],
        "geographic_role": "printed-lettering-only"
      }
    },
    {
      "type": "Feature",
      "id": "F14-CMB-056",
      "geometry": {
        "type": "MultiPoint",
        "coordinates": [
          [
            -61.28683164413515,
            46.209038031068054
          ],
          [
            -61.28848862685053,
            46.19733940837901
          ],
          [
            -61.28918564067478,
            46.18489783944637
          ]
        ]
      },
      "properties": {
        "source_text": "Broad Cove River",
        "kind": "river",
        "reading_status": "clear",
        "source_label_boxes_xywh": [
          [
            8306,
            2769,
            64,
            211
          ],
          [
            8244,
            3135,
            106,
            173
          ],
          [
            8280,
            3462,
            61,
            146
          ]
        ],
        "crop_ids": [
          "F14-R02C06",
          "F14-R03C06"
        ],
        "raw_candidate_ids": [],
        "review_note": "Retained lettering inspected in native source snippets; source-only transcription.",
        "id": "F14-CMB-056",
        "review_status": "source-reviewed",
        "geometry": null,
        "placement_status": "deferred",
        "crop_id": "F14-R02C06",
        "fit_revision": "249b2be0b378adec894abc34520f83b009dbf8fd",
        "fit_sha256": "71118fb1eb9f2b87dbd838f1a218692fd8defc793c6549a76cf8730100a72ccb",
        "label_anchors": [
          {
            "box_index": 0,
            "source_pixel_xy": [
              8338.0,
              2874.5
            ],
            "covering_crop_ids": [
              "F14-R02C06"
            ],
            "inside_control_hull": true,
            "status": "derived-lettering-location",
            "projected_xy_m": [
              -6822418.89095821,
              5813911.2249286
            ],
            "lonlat": [
              -61.28683164413515,
              46.209038031068054
            ]
          },
          {
            "box_index": 1,
            "source_pixel_xy": [
              8297.0,
              3221.5
            ],
            "covering_crop_ids": [
              "F14-R02C06"
            ],
            "inside_control_hull": true,
            "status": "derived-lettering-location",
            "projected_xy_m": [
              -6822603.34543034,
              5812029.59066317
            ],
            "lonlat": [
              -61.28848862685053,
              46.19733940837901
            ]
          },
          {
            "box_index": 2,
            "source_pixel_xy": [
              8310.5,
              3535.0
            ],
            "covering_crop_ids": [
              "F14-R03C06"
            ],
            "inside_control_hull": true,
            "status": "derived-lettering-location",
            "projected_xy_m": [
              -6822680.93665433,
              5810028.89866858
            ],
            "lonlat": [
              -61.28918564067478,
              46.18489783944637
            ]
          }
        ],
        "geographic_role": "printed-lettering-only"
      }
    },
    {
      "type": "Feature",
      "id": "F14-CMB-057",
      "geometry": {
        "type": "MultiPoint",
        "coordinates": [
          [
            -61.27356324547724,
            46.19808915022785
          ],
          [
            -61.27133397438768,
            46.171395009751194
          ]
        ]
      },
      "properties": {
        "source_text": "PROPOSED RAILWAY",
        "kind": "proposed-railway",
        "reading_status": "clear",
        "source_label_boxes_xywh": [
          [
            8598,
            3100,
            80,
            208
          ],
          [
            8704,
            3888,
            51,
            206
          ]
        ],
        "crop_ids": [
          "F14-R02C06",
          "F14-R02C07",
          "F14-R03C06",
          "F14-R03C07"
        ],
        "raw_candidate_ids": [
          "F14-R02C06-15",
          "F14-R02C07-06",
          "F14-R03C06-18",
          "F14-R03C07-06"
        ],
        "review_note": "Native whole-crop source inspection; geographic placement deferred.",
        "id": "F14-CMB-057",
        "review_status": "source-reviewed",
        "geometry": null,
        "placement_status": "deferred",
        "crop_id": "F14-R02C06",
        "fit_revision": "249b2be0b378adec894abc34520f83b009dbf8fd",
        "fit_sha256": "71118fb1eb9f2b87dbd838f1a218692fd8defc793c6549a76cf8730100a72ccb",
        "label_anchors": [
          {
            "box_index": 0,
            "source_pixel_xy": [
              8638.0,
              3204.0
            ],
            "covering_crop_ids": [
              "F14-R02C06",
              "F14-R02C07"
            ],
            "inside_control_hull": true,
            "status": "derived-lettering-location",
            "projected_xy_m": [
              -6820941.85957597,
              5812150.16890796
            ],
            "lonlat": [
              -61.27356324547724,
              46.19808915022785
            ]
          },
          {
            "box_index": 1,
            "source_pixel_xy": [
              8729.5,
              3991.0
            ],
            "covering_crop_ids": [
              "F14-R03C06",
              "F14-R03C07"
            ],
            "inside_control_hull": true,
            "status": "derived-lettering-location",
            "projected_xy_m": [
              -6820693.69825344,
              5807858.06077007
            ],
            "lonlat": [
              -61.27133397438768,
              46.171395009751194
            ]
          }
        ],
        "geographic_role": "printed-lettering-only"
      }
    },
    {
      "type": "Feature",
      "id": "F14-CMB-058",
      "geometry": {
        "type": "MultiPoint",
        "coordinates": [
          [
            -61.263040504710624,
            46.211085708886856
          ]
        ]
      },
      "properties": {
        "source_text": "Trap Hill",
        "kind": "hill",
        "reading_status": "clear",
        "source_label_boxes_xywh": [
          [
            8826,
            2692,
            77,
            244
          ]
        ],
        "crop_ids": [
          "F14-R02C07"
        ],
        "raw_candidate_ids": [],
        "review_note": "Native caption rotated 90 degrees reads Trap Hill, not Impure diorite or the model Do. Little.",
        "id": "F14-CMB-058",
        "review_status": "source-reviewed",
        "geometry": null,
        "placement_status": "deferred",
        "crop_id": "F14-R02C07",
        "fit_revision": "249b2be0b378adec894abc34520f83b009dbf8fd",
        "fit_sha256": "71118fb1eb9f2b87dbd838f1a218692fd8defc793c6549a76cf8730100a72ccb",
        "label_anchors": [
          {
            "box_index": 0,
            "source_pixel_xy": [
              8864.5,
              2814.0
            ],
            "covering_crop_ids": [
              "F14-R02C07"
            ],
            "inside_control_hull": true,
            "status": "derived-lettering-location",
            "projected_xy_m": [
              -6819770.47343208,
              5814240.61950348
            ],
            "lonlat": [
              -61.263040504710624,
              46.211085708886856
            ]
          }
        ],
        "geographic_role": "printed-lettering-only"
      }
    },
    {
      "type": "Feature",
      "id": "F14-CMB-059",
      "geometry": {
        "type": "MultiPoint",
        "coordinates": [
          [
            -61.24040588079791,
            46.191939484044376
          ]
        ]
      },
      "properties": {
        "source_text": "Donald Kennedy",
        "kind": "person-label",
        "reading_status": "clear",
        "source_label_boxes_xywh": [
          [
            9232,
            3419,
            263,
            38
          ]
        ],
        "crop_ids": [
          "F14-R02C07",
          "F14-R03C07"
        ],
        "raw_candidate_ids": [
          "F14-R02C07-07",
          "F14-R03C07-01"
        ],
        "review_note": "Native whole-crop source inspection; geographic placement deferred.",
        "id": "F14-CMB-059",
        "review_status": "source-reviewed",
        "geometry": null,
        "placement_status": "deferred",
        "crop_id": "F14-R02C07",
        "fit_revision": "249b2be0b378adec894abc34520f83b009dbf8fd",
        "fit_sha256": "71118fb1eb9f2b87dbd838f1a218692fd8defc793c6549a76cf8730100a72ccb",
        "label_anchors": [
          {
            "box_index": 0,
            "source_pixel_xy": [
              9363.5,
              3438.0
            ],
            "covering_crop_ids": [
              "F14-R02C07",
              "F14-R03C07"
            ],
            "inside_control_hull": true,
            "status": "derived-lettering-location",
            "projected_xy_m": [
              -6817250.79862382,
              5811161.18913529
            ],
            "lonlat": [
              -61.24040588079791,
              46.191939484044376
            ]
          }
        ],
        "geographic_role": "printed-lettering-only"
      }
    },
    {
      "type": "Feature",
      "id": "F14-CMB-060",
      "geometry": {
        "type": "MultiPoint",
        "coordinates": [
          [
            -61.454916148410845,
            46.16076817818268
          ]
        ]
      },
      "properties": {
        "source_text": "Cape Mabou",
        "kind": "cape",
        "reading_status": "clear",
        "source_label_boxes_xywh": [
          [
            4645,
            4414,
            325,
            51
          ]
        ],
        "crop_ids": [
          "F14-R03C03"
        ],
        "raw_candidate_ids": [
          "F14-R03C03-02"
        ],
        "review_note": "Native whole-crop source inspection; geographic placement deferred.",
        "id": "F14-CMB-060",
        "review_status": "source-reviewed",
        "geometry": null,
        "placement_status": "deferred",
        "crop_id": "F14-R03C03",
        "fit_revision": "249b2be0b378adec894abc34520f83b009dbf8fd",
        "fit_sha256": "71118fb1eb9f2b87dbd838f1a218692fd8defc793c6549a76cf8730100a72ccb",
        "label_anchors": [
          {
            "box_index": 0,
            "source_pixel_xy": [
              4807.5,
              4439.5
            ],
            "covering_crop_ids": [
              "F14-R03C03"
            ],
            "inside_control_hull": false,
            "status": "derived-lettering-location",
            "projected_xy_m": [
              -6841129.97238442,
              5806149.96927357
            ],
            "lonlat": [
              -61.454916148410845,
              46.16076817818268
            ]
          }
        ],
        "geographic_role": "printed-lettering-only"
      }
    },
    {
      "type": "Feature",
      "id": "F14-CMB-061",
      "geometry": {
        "type": "MultiPoint",
        "coordinates": [
          [
            -61.44317863076142,
            46.16337359259607
          ]
        ]
      },
      "properties": {
        "source_text": "School",
        "kind": "school",
        "reading_status": "clear",
        "source_label_boxes_xywh": [
          [
            5007,
            4339,
            102,
            38
          ]
        ],
        "crop_ids": [
          "F14-R03C03",
          "F14-R03C04"
        ],
        "raw_candidate_ids": [
          "F14-R03C03-03",
          "F14-R03C04-18"
        ],
        "review_note": "Native whole-crop source inspection; geographic placement deferred.",
        "id": "F14-CMB-061",
        "review_status": "source-reviewed",
        "geometry": null,
        "placement_status": "deferred",
        "crop_id": "F14-R03C03",
        "fit_revision": "249b2be0b378adec894abc34520f83b009dbf8fd",
        "fit_sha256": "71118fb1eb9f2b87dbd838f1a218692fd8defc793c6549a76cf8730100a72ccb",
        "label_anchors": [
          {
            "box_index": 0,
            "source_pixel_xy": [
              5058.0,
              4358.0
            ],
            "covering_crop_ids": [
              "F14-R03C03",
              "F14-R03C04"
            ],
            "inside_control_hull": false,
            "status": "derived-lettering-location",
            "projected_xy_m": [
              -6839823.35789651,
              5806568.71701842
            ],
            "lonlat": [
              -61.44317863076142,
              46.16337359259607
            ]
          }
        ],
        "geographic_role": "printed-lettering-only"
      }
    },
    {
      "type": "Feature",
      "id": "F14-CMB-062",
      "geometry": {
        "type": "MultiPoint",
        "coordinates": [
          [
            -61.43655385934265,
            46.18304311702948
          ]
        ]
      },
      "properties": {
        "source_text": "Sight Point",
        "kind": "point",
        "reading_status": "clear",
        "source_label_boxes_xywh": [
          [
            5075,
            3738,
            263,
            55
          ]
        ],
        "crop_ids": [
          "F14-R03C03",
          "F14-R03C04"
        ],
        "raw_candidate_ids": [
          "F14-R03C03-01",
          "F14-R03C04-01"
        ],
        "review_note": "Native whole-crop source inspection; geographic placement deferred.",
        "id": "F14-CMB-062",
        "review_status": "source-reviewed",
        "geometry": null,
        "placement_status": "deferred",
        "crop_id": "F14-R03C03",
        "fit_revision": "249b2be0b378adec894abc34520f83b009dbf8fd",
        "fit_sha256": "71118fb1eb9f2b87dbd838f1a218692fd8defc793c6549a76cf8730100a72ccb",
        "label_anchors": [
          {
            "box_index": 0,
            "source_pixel_xy": [
              5206.5,
              3765.5
            ],
            "covering_crop_ids": [
              "F14-R03C04"
            ],
            "inside_control_hull": false,
            "status": "derived-lettering-location",
            "projected_xy_m": [
              -6839085.89171555,
              5809730.68501278
            ],
            "lonlat": [
              -61.43655385934265,
              46.18304311702948
            ]
          }
        ],
        "geographic_role": "printed-lettering-only"
      }
    },
    {
      "type": "Feature",
      "id": "F14-CMB-063",
      "geometry": {
        "type": "MultiPoint",
        "coordinates": [
          [
            -61.43379698803105,
            46.18082465746282
          ]
        ]
      },
      "properties": {
        "source_text": "Wharf",
        "kind": "wharf",
        "reading_status": "clear",
        "source_label_boxes_xywh": [
          [
            5214,
            3816,
            100,
            35
          ]
        ],
        "crop_ids": [
          "F14-R03C04"
        ],
        "raw_candidate_ids": [
          "F14-R03C04-02"
        ],
        "review_note": "Native whole-crop source inspection; geographic placement deferred.",
        "id": "F14-CMB-063",
        "review_status": "source-reviewed",
        "geometry": null,
        "placement_status": "deferred",
        "crop_id": "F14-R03C04",
        "fit_revision": "249b2be0b378adec894abc34520f83b009dbf8fd",
        "fit_sha256": "71118fb1eb9f2b87dbd838f1a218692fd8defc793c6549a76cf8730100a72ccb",
        "label_anchors": [
          {
            "box_index": 0,
            "source_pixel_xy": [
              5264.0,
              3833.5
            ],
            "covering_crop_ids": [
              "F14-R03C04"
            ],
            "inside_control_hull": false,
            "status": "derived-lettering-location",
            "projected_xy_m": [
              -6838778.99820496,
              5809374.00067845
            ],
            "lonlat": [
              -61.43379698803105,
              46.18082465746282
            ]
          }
        ],
        "geographic_role": "printed-lettering-only"
      }
    },
    {
      "type": "Feature",
      "id": "F14-CMB-064",
      "geometry": {
        "type": "MultiPoint",
        "coordinates": [
          [
            -61.42163362914628,
            46.18314896896909
          ]
        ]
      },
      "properties": {
        "source_text": "John MᶜEachern",
        "kind": "person-label",
        "reading_status": "clear",
        "source_label_boxes_xywh": [
          [
            5386,
            3745,
            263,
            36
          ]
        ],
        "crop_ids": [
          "F14-R03C04"
        ],
        "raw_candidate_ids": [
          "F14-R03C04-03"
        ],
        "review_note": "Native whole-crop source inspection; geographic placement deferred.",
        "id": "F14-CMB-064",
        "review_status": "source-reviewed",
        "geometry": null,
        "placement_status": "deferred",
        "crop_id": "F14-R03C04",
        "fit_revision": "249b2be0b378adec894abc34520f83b009dbf8fd",
        "fit_sha256": "71118fb1eb9f2b87dbd838f1a218692fd8defc793c6549a76cf8730100a72ccb",
        "label_anchors": [
          {
            "box_index": 0,
            "source_pixel_xy": [
              5517.5,
              3763.0
            ],
            "covering_crop_ids": [
              "F14-R03C04"
            ],
            "inside_control_hull": false,
            "status": "derived-lettering-location",
            "projected_xy_m": [
              -6837424.97928757,
              5809747.70426672
            ],
            "lonlat": [
              -61.42163362914628,
              46.18314896896909
            ]
          }
        ],
        "geographic_role": "printed-lettering-only"
      }
    },
    {
      "type": "Feature",
      "id": "F14-CMB-065",
      "geometry": {
        "type": "MultiPoint",
        "coordinates": [
          [
            -61.42825718422504,
            46.18010749377892
          ]
        ]
      },
      "properties": {
        "source_text": "Shop",
        "kind": "shop",
        "reading_status": "clear",
        "source_label_boxes_xywh": [
          [
            5340,
            3837,
            80,
            37
          ]
        ],
        "crop_ids": [
          "F14-R03C04"
        ],
        "raw_candidate_ids": [
          "F14-R03C04-04"
        ],
        "review_note": "Native whole-crop source inspection; geographic placement deferred.",
        "id": "F14-CMB-065",
        "review_status": "source-reviewed",
        "geometry": null,
        "placement_status": "deferred",
        "crop_id": "F14-R03C04",
        "fit_revision": "249b2be0b378adec894abc34520f83b009dbf8fd",
        "fit_sha256": "71118fb1eb9f2b87dbd838f1a218692fd8defc793c6549a76cf8730100a72ccb",
        "label_anchors": [
          {
            "box_index": 0,
            "source_pixel_xy": [
              5380.0,
              3855.5
            ],
            "covering_crop_ids": [
              "F14-R03C04"
            ],
            "inside_control_hull": false,
            "status": "derived-lettering-location",
            "projected_xy_m": [
              -6838162.31006618,
              5809258.69804864
            ],
            "lonlat": [
              -61.42825718422504,
              46.18010749377892
            ]
          }
        ],
        "geographic_role": "printed-lettering-only"
      }
    },
    {
      "type": "Feature",
      "id": "F14-CMB-066",
      "geometry": {
        "type": "MultiPoint",
        "coordinates": [
          [
            -61.4060274080928,
            46.183836559965336
          ],
          [
            -61.39897721911639,
            46.17630766317482
          ]
        ]
      },
      "properties": {
        "source_text": "White Brook",
        "kind": "stream",
        "reading_status": "clear",
        "source_label_boxes_xywh": [
          [
            5777,
            3668,
            115,
            140
          ],
          [
            5904,
            3902,
            149,
            110
          ]
        ],
        "crop_ids": [
          "F14-R03C04"
        ],
        "raw_candidate_ids": [
          "F14-R03C04-05",
          "F14-R03C04-06"
        ],
        "review_note": "Native whole-crop source inspection; geographic placement deferred.",
        "id": "F14-CMB-066",
        "review_status": "source-reviewed",
        "geometry": null,
        "placement_status": "deferred",
        "crop_id": "F14-R03C04",
        "fit_revision": "249b2be0b378adec894abc34520f83b009dbf8fd",
        "fit_sha256": "71118fb1eb9f2b87dbd838f1a218692fd8defc793c6549a76cf8730100a72ccb",
        "label_anchors": [
          {
            "box_index": 0,
            "source_pixel_xy": [
              5834.5,
              3738.0
            ],
            "covering_crop_ids": [
              "F14-R03C04"
            ],
            "inside_control_hull": false,
            "status": "derived-lettering-location",
            "projected_xy_m": [
              -6835687.70270669,
              5809858.25840734
            ],
            "lonlat": [
              -61.4060274080928,
              46.183836559965336
            ]
          },
          {
            "box_index": 1,
            "source_pixel_xy": [
              5978.5,
              3957.0
            ],
            "covering_crop_ids": [
              "F14-R03C04"
            ],
            "inside_control_hull": true,
            "status": "derived-lettering-location",
            "projected_xy_m": [
              -6834902.87925984,
              5808647.80199294
            ],
            "lonlat": [
              -61.39897721911639,
              46.17630766317482
            ]
          }
        ],
        "geographic_role": "printed-lettering-only"
      }
    },
    {
      "type": "Feature",
      "id": "F14-CMB-067",
      "geometry": {
        "type": "MultiPoint",
        "coordinates": [
          [
            -61.38993491431121,
            46.17817014038444
          ]
        ]
      },
      "properties": {
        "source_text": "Widow Fraser",
        "kind": "person-label",
        "reading_status": "clear",
        "source_label_boxes_xywh": [
          [
            6038,
            3871,
            227,
            40
          ]
        ],
        "crop_ids": [
          "F14-R03C04",
          "F14-R03C05"
        ],
        "raw_candidate_ids": [
          "F14-R03C04-09",
          "F14-R03C05-13"
        ],
        "review_note": "Native whole-crop source inspection; geographic placement deferred.",
        "id": "F14-CMB-067",
        "review_status": "source-reviewed",
        "geometry": null,
        "placement_status": "deferred",
        "crop_id": "F14-R03C04",
        "fit_revision": "249b2be0b378adec894abc34520f83b009dbf8fd",
        "fit_sha256": "71118fb1eb9f2b87dbd838f1a218692fd8defc793c6549a76cf8730100a72ccb",
        "label_anchors": [
          {
            "box_index": 0,
            "source_pixel_xy": [
              6151.5,
              3891.0
            ],
            "covering_crop_ids": [
              "F14-R03C04"
            ],
            "inside_control_hull": true,
            "status": "derived-lettering-location",
            "projected_xy_m": [
              -6833896.29449333,
              5808947.22585045
            ],
            "lonlat": [
              -61.38993491431121,
              46.17817014038444
            ]
          }
        ],
        "geographic_role": "printed-lettering-only"
      }
    },
    {
      "type": "Feature",
      "id": "F14-CMB-068",
      "geometry": {
        "type": "MultiPoint",
        "coordinates": [
          [
            -61.397862379650135,
            46.17103722129234
          ]
        ]
      },
      "properties": {
        "source_text": "Mill",
        "kind": "mill",
        "reading_status": "clear",
        "source_label_boxes_xywh": [
          [
            5964,
            4085,
            77,
            37
          ]
        ],
        "crop_ids": [
          "F14-R03C04"
        ],
        "raw_candidate_ids": [
          "F14-R03C04-10"
        ],
        "review_note": "Native whole-crop source inspection; geographic placement deferred.",
        "id": "F14-CMB-068",
        "review_status": "source-reviewed",
        "geometry": null,
        "placement_status": "deferred",
        "crop_id": "F14-R03C04",
        "fit_revision": "249b2be0b378adec894abc34520f83b009dbf8fd",
        "fit_sha256": "71118fb1eb9f2b87dbd838f1a218692fd8defc793c6549a76cf8730100a72ccb",
        "label_anchors": [
          {
            "box_index": 0,
            "source_pixel_xy": [
              6002.5,
              4103.5
            ],
            "covering_crop_ids": [
              "F14-R03C04"
            ],
            "inside_control_hull": true,
            "status": "derived-lettering-location",
            "projected_xy_m": [
              -6834778.77589814,
              5807800.5466872
            ],
            "lonlat": [
              -61.397862379650135,
              46.17103722129234
            ]
          }
        ],
        "geographic_role": "printed-lettering-only"
      }
    },
    {
      "type": "Feature",
      "id": "F14-CMB-069",
      "geometry": {
        "type": "MultiPoint",
        "coordinates": [
          [
            -61.38944863292513,
            46.166392183895994
          ]
        ]
      },
      "properties": {
        "source_text": "Cape Mabou",
        "kind": "settlement",
        "reading_status": "clear",
        "source_label_boxes_xywh": [
          [
            6025,
            4201,
            290,
            54
          ]
        ],
        "crop_ids": [
          "F14-R03C04",
          "F14-R03C05"
        ],
        "raw_candidate_ids": [
          "F14-R03C04-11",
          "F14-R03C05-14"
        ],
        "review_note": "Native whole-crop source inspection; geographic placement deferred.",
        "id": "F14-CMB-069",
        "review_status": "source-reviewed",
        "geometry": null,
        "placement_status": "deferred",
        "crop_id": "F14-R03C04",
        "fit_revision": "249b2be0b378adec894abc34520f83b009dbf8fd",
        "fit_sha256": "71118fb1eb9f2b87dbd838f1a218692fd8defc793c6549a76cf8730100a72ccb",
        "label_anchors": [
          {
            "box_index": 0,
            "source_pixel_xy": [
              6170.0,
              4228.0
            ],
            "covering_crop_ids": [
              "F14-R03C04"
            ],
            "inside_control_hull": true,
            "status": "derived-lettering-location",
            "projected_xy_m": [
              -6833842.16189705,
              5807053.89622972
            ],
            "lonlat": [
              -61.38944863292513,
              46.166392183895994
            ]
          }
        ],
        "geographic_role": "printed-lettering-only"
      }
    },
    {
      "type": "Feature",
      "id": "F14-CMB-070",
      "geometry": {
        "type": "MultiPoint",
        "coordinates": [
          [
            -61.405251949877666,
            46.16603180485767
          ]
        ]
      },
      "properties": {
        "source_text": "MᶜArthur",
        "kind": "person-label",
        "reading_status": "clear",
        "source_label_boxes_xywh": [
          [
            5776,
            4233,
            160,
            38
          ]
        ],
        "crop_ids": [
          "F14-R03C04"
        ],
        "raw_candidate_ids": [
          "F14-R03C04-12"
        ],
        "review_note": "Native whole-crop source inspection; geographic placement deferred.",
        "id": "F14-CMB-070",
        "review_status": "source-reviewed",
        "geometry": null,
        "placement_status": "deferred",
        "crop_id": "F14-R03C04",
        "fit_revision": "249b2be0b378adec894abc34520f83b009dbf8fd",
        "fit_sha256": "71118fb1eb9f2b87dbd838f1a218692fd8defc793c6549a76cf8730100a72ccb",
        "label_anchors": [
          {
            "box_index": 0,
            "source_pixel_xy": [
              5856.0,
              4252.0
            ],
            "covering_crop_ids": [
              "F14-R03C04"
            ],
            "inside_control_hull": true,
            "status": "derived-lettering-location",
            "projected_xy_m": [
              -6835601.37909305,
              5806995.97098424
            ],
            "lonlat": [
              -61.405251949877666,
              46.16603180485767
            ]
          }
        ],
        "geographic_role": "printed-lettering-only"
      }
    },
    {
      "type": "Feature",
      "id": "F14-CMB-071",
      "geometry": {
        "type": "MultiPoint",
        "coordinates": [
          [
            -61.39034811840378,
            46.18382184199201
          ]
        ]
      },
      "properties": {
        "source_text": "700 Fᵀ.",
        "kind": "printed-height",
        "reading_status": "clear",
        "source_label_boxes_xywh": [
          [
            6074,
            3702,
            131,
            39
          ]
        ],
        "crop_ids": [
          "F14-R03C04",
          "F14-R03C05"
        ],
        "raw_candidate_ids": [
          "F14-R03C04-14"
        ],
        "review_note": "Native whole-crop source inspection; geographic placement deferred.",
        "id": "F14-CMB-071",
        "review_status": "source-reviewed",
        "geometry": null,
        "placement_status": "deferred",
        "crop_id": "F14-R03C04",
        "fit_revision": "249b2be0b378adec894abc34520f83b009dbf8fd",
        "fit_sha256": "71118fb1eb9f2b87dbd838f1a218692fd8defc793c6549a76cf8730100a72ccb",
        "label_anchors": [
          {
            "box_index": 0,
            "source_pixel_xy": [
              6139.5,
              3721.5
            ],
            "covering_crop_ids": [
              "F14-R03C04"
            ],
            "inside_control_hull": true,
            "status": "derived-lettering-location",
            "projected_xy_m": [
              -6833942.29216251,
              5809855.89196732
            ],
            "lonlat": [
              -61.39034811840378,
              46.18382184199201
            ]
          }
        ],
        "geographic_role": "printed-lettering-only"
      }
    },
    {
      "type": "Feature",
      "id": "F14-CMB-072",
      "geometry": {
        "type": "MultiPoint",
        "coordinates": [
          [
            -61.39315572484039,
            46.16850033142372
          ]
        ]
      },
      "properties": {
        "source_text": "1000 Fᵀ.",
        "kind": "printed-height",
        "reading_status": "clear",
        "source_label_boxes_xywh": [
          [
            6028,
            4150,
            136,
            40
          ]
        ],
        "crop_ids": [
          "F14-R03C04"
        ],
        "raw_candidate_ids": [
          "F14-R03C04-15"
        ],
        "review_note": "Native whole-crop source inspection; geographic placement deferred.",
        "id": "F14-CMB-072",
        "review_status": "source-reviewed",
        "geometry": null,
        "placement_status": "deferred",
        "crop_id": "F14-R03C04",
        "fit_revision": "249b2be0b378adec894abc34520f83b009dbf8fd",
        "fit_sha256": "71118fb1eb9f2b87dbd838f1a218692fd8defc793c6549a76cf8730100a72ccb",
        "label_anchors": [
          {
            "box_index": 0,
            "source_pixel_xy": [
              6096.0,
              4170.0
            ],
            "covering_crop_ids": [
              "F14-R03C04"
            ],
            "inside_control_hull": true,
            "status": "derived-lettering-location",
            "projected_xy_m": [
              -6834254.83348138,
              5807392.75529226
            ],
            "lonlat": [
              -61.39315572484039,
              46.16850033142372
            ]
          }
        ],
        "geographic_role": "printed-lettering-only"
      }
    },
    {
      "type": "Feature",
      "id": "F14-CMB-073",
      "geometry": {
        "type": "MultiPoint",
        "coordinates": [
          [
            -61.431945180666574,
            46.1535689361897
          ]
        ]
      },
      "properties": {
        "source_text": "760 Fᵀ.",
        "kind": "printed-height",
        "reading_status": "clear",
        "source_label_boxes_xywh": [
          [
            5226,
            4626,
            130,
            40
          ]
        ],
        "crop_ids": [
          "F14-R03C04",
          "F14-R04C04"
        ],
        "raw_candidate_ids": [
          "F14-R03C04-16",
          "F14-R04C04-01"
        ],
        "review_note": "Native whole-crop source inspection; geographic placement deferred.",
        "id": "F14-CMB-073",
        "review_status": "source-reviewed",
        "geometry": null,
        "placement_status": "deferred",
        "crop_id": "F14-R03C04",
        "fit_revision": "249b2be0b378adec894abc34520f83b009dbf8fd",
        "fit_sha256": "71118fb1eb9f2b87dbd838f1a218692fd8defc793c6549a76cf8730100a72ccb",
        "label_anchors": [
          {
            "box_index": 0,
            "source_pixel_xy": [
              5291.0,
              4646.0
            ],
            "covering_crop_ids": [
              "F14-R03C04",
              "F14-R04C04"
            ],
            "inside_control_hull": true,
            "status": "derived-lettering-location",
            "projected_xy_m": [
              -6838572.8559521,
              5804992.99487718
            ],
            "lonlat": [
              -61.431945180666574,
              46.1535689361897
            ]
          }
        ],
        "geographic_role": "printed-lettering-only"
      }
    },
    {
      "type": "Feature",
      "id": "F14-CMB-074",
      "geometry": {
        "type": "MultiPoint",
        "coordinates": [
          [
            -61.40059708198519,
            46.15376966533736
          ]
        ]
      },
      "properties": {
        "source_text": "1000 Fᵀ.",
        "kind": "printed-height",
        "reading_status": "clear",
        "source_label_boxes_xywh": [
          [
            5880,
            4595,
            153,
            43
          ]
        ],
        "crop_ids": [
          "F14-R03C04",
          "F14-R04C04"
        ],
        "raw_candidate_ids": [
          "F14-R03C04-17",
          "F14-R04C04-02"
        ],
        "review_note": "Native whole-crop source inspection; geographic placement deferred.",
        "id": "F14-CMB-074",
        "review_status": "source-reviewed",
        "geometry": null,
        "placement_status": "deferred",
        "crop_id": "F14-R03C04",
        "fit_revision": "249b2be0b378adec894abc34520f83b009dbf8fd",
        "fit_sha256": "71118fb1eb9f2b87dbd838f1a218692fd8defc793c6549a76cf8730100a72ccb",
        "label_anchors": [
          {
            "box_index": 0,
            "source_pixel_xy": [
              5956.5,
              4616.5
            ],
            "covering_crop_ids": [
              "F14-R03C04",
              "F14-R04C04"
            ],
            "inside_control_hull": true,
            "status": "derived-lettering-location",
            "projected_xy_m": [
              -6835083.20156955,
              5805025.25156714
            ],
            "lonlat": [
              -61.40059708198519,
              46.15376966533736
            ]
          }
        ],
        "geographic_role": "printed-lettering-only"
      }
    },
    {
      "type": "Feature",
      "id": "F14-CMB-075",
      "geometry": {
        "type": "MultiPoint",
        "coordinates": [
          [
            -61.38210499638841,
            46.15651466832345
          ]
        ]
      },
      "properties": {
        "source_text": "John MᶜLean",
        "kind": "person-label",
        "reading_status": "clear",
        "source_label_boxes_xywh": [
          [
            6218,
            4504,
            216,
            36
          ]
        ],
        "crop_ids": [
          "F14-R03C04",
          "F14-R03C05",
          "F14-R04C04",
          "F14-R04C05"
        ],
        "raw_candidate_ids": [
          "F14-R03C04-13",
          "F14-R03C05-07",
          "F14-R04C04-03",
          "F14-R04C04-04",
          "F14-R04C05-01"
        ],
        "review_note": "Native whole-crop source inspection; geographic placement deferred.",
        "id": "F14-CMB-075",
        "review_status": "source-reviewed",
        "geometry": null,
        "placement_status": "deferred",
        "crop_id": "F14-R03C04",
        "fit_revision": "249b2be0b378adec894abc34520f83b009dbf8fd",
        "fit_sha256": "71118fb1eb9f2b87dbd838f1a218692fd8defc793c6549a76cf8730100a72ccb",
        "label_anchors": [
          {
            "box_index": 0,
            "source_pixel_xy": [
              6326.0,
              4522.0
            ],
            "covering_crop_ids": [
              "F14-R03C04",
              "F14-R03C05",
              "F14-R04C04",
              "F14-R04C05"
            ],
            "inside_control_hull": true,
            "status": "derived-lettering-location",
            "projected_xy_m": [
              -6833024.67201721,
              5805466.37873343
            ],
            "lonlat": [
              -61.38210499638841,
              46.15651466832345
            ]
          }
        ],
        "geographic_role": "printed-lettering-only"
      }
    },
    {
      "type": "Feature",
      "id": "F14-CMB-076",
      "geometry": {
        "type": "MultiPoint",
        "coordinates": [
          [
            -61.37885354649889,
            46.15134138473769
          ]
        ]
      },
      "properties": {
        "source_text": "School",
        "kind": "school",
        "reading_status": "clear",
        "source_label_boxes_xywh": [
          [
            6347,
            4664,
            103,
            36
          ]
        ],
        "crop_ids": [
          "F14-R03C04",
          "F14-R03C05",
          "F14-R04C04",
          "F14-R04C05"
        ],
        "raw_candidate_ids": [
          "F14-R03C04-19",
          "F14-R03C05-08",
          "F14-R04C04-05",
          "F14-R04C05-02"
        ],
        "review_note": "Native whole-crop source inspection; geographic placement deferred.",
        "id": "F14-CMB-076",
        "review_status": "source-reviewed",
        "geometry": null,
        "placement_status": "deferred",
        "crop_id": "F14-R03C04",
        "fit_revision": "249b2be0b378adec894abc34520f83b009dbf8fd",
        "fit_sha256": "71118fb1eb9f2b87dbd838f1a218692fd8defc793c6549a76cf8730100a72ccb",
        "label_anchors": [
          {
            "box_index": 0,
            "source_pixel_xy": [
              6398.5,
              4682.0
            ],
            "covering_crop_ids": [
              "F14-R03C04",
              "F14-R03C05",
              "F14-R04C04",
              "F14-R04C05"
            ],
            "inside_control_hull": true,
            "status": "derived-lettering-location",
            "projected_xy_m": [
              -6832662.72227117,
              5804635.04062767
            ],
            "lonlat": [
              -61.37885354649889,
              46.15134138473769
            ]
          }
        ],
        "geographic_role": "printed-lettering-only"
      }
    },
    {
      "type": "Feature",
      "id": "F14-CMB-077",
      "geometry": {
        "type": "MultiPoint",
        "coordinates": [
          [
            -61.37568967714546,
            46.18544650514336
          ]
        ]
      },
      "properties": {
        "source_text": "Rankin Brook",
        "kind": "stream",
        "reading_status": "clear",
        "source_label_boxes_xywh": [
          [
            6368,
            3477,
            101,
            356
          ]
        ],
        "crop_ids": [
          "F14-R02C04",
          "F14-R02C05",
          "F14-R03C04",
          "F14-R03C05"
        ],
        "raw_candidate_ids": [
          "F14-R03C05-01",
          "F14-R03C05-02"
        ],
        "review_note": "Native whole-crop source inspection; geographic placement deferred.",
        "id": "F14-CMB-077",
        "review_status": "source-reviewed",
        "geometry": null,
        "placement_status": "deferred",
        "crop_id": "F14-R02C04",
        "fit_revision": "249b2be0b378adec894abc34520f83b009dbf8fd",
        "fit_sha256": "71118fb1eb9f2b87dbd838f1a218692fd8defc793c6549a76cf8730100a72ccb",
        "label_anchors": [
          {
            "box_index": 0,
            "source_pixel_xy": [
              6418.5,
              3655.0
            ],
            "covering_crop_ids": [
              "F14-R03C05"
            ],
            "inside_control_hull": true,
            "status": "derived-lettering-location",
            "projected_xy_m": [
              -6832310.52194581,
              5810117.11843583
            ],
            "lonlat": [
              -61.37568967714546,
              46.18544650514336
            ]
          }
        ],
        "geographic_role": "printed-lettering-only"
      }
    },
    {
      "type": "Feature",
      "id": "F14-CMB-078",
      "geometry": {
        "type": "MultiPoint",
        "coordinates": [
          [
            -61.35755424663887,
            46.176113079117115
          ]
        ]
      },
      "properties": {
        "source_text": "School",
        "kind": "school",
        "reading_status": "clear",
        "source_label_boxes_xywh": [
          [
            6729,
            3900,
            103,
            33
          ]
        ],
        "crop_ids": [
          "F14-R03C05"
        ],
        "raw_candidate_ids": [
          "F14-R03C05-03"
        ],
        "review_note": "Native whole-crop source inspection; geographic placement deferred.",
        "id": "F14-CMB-078",
        "review_status": "source-reviewed",
        "geometry": null,
        "placement_status": "deferred",
        "crop_id": "F14-R03C05",
        "fit_revision": "249b2be0b378adec894abc34520f83b009dbf8fd",
        "fit_sha256": "71118fb1eb9f2b87dbd838f1a218692fd8defc793c6549a76cf8730100a72ccb",
        "label_anchors": [
          {
            "box_index": 0,
            "source_pixel_xy": [
              6780.5,
              3916.5
            ],
            "covering_crop_ids": [
              "F14-R03C05"
            ],
            "inside_control_hull": true,
            "status": "derived-lettering-location",
            "projected_xy_m": [
              -6830291.6950565,
              5808616.519989
            ],
            "lonlat": [
              -61.35755424663887,
              46.176113079117115
            ]
          }
        ],
        "geographic_role": "printed-lettering-only"
      }
    },
    {
      "type": "Feature",
      "id": "F14-CMB-079",
      "geometry": {
        "type": "MultiPoint",
        "coordinates": [
          [
            -61.34588124327701,
            46.17361711963631
          ]
        ]
      },
      "properties": {
        "source_text": "MᶜIntyre",
        "kind": "person-label",
        "reading_status": "clear",
        "source_label_boxes_xywh": [
          [
            6957,
            3949,
            150,
            35
          ]
        ],
        "crop_ids": [
          "F14-R03C05"
        ],
        "raw_candidate_ids": [
          "F14-R03C05-04"
        ],
        "review_note": "Native whole-crop source inspection; geographic placement deferred.",
        "id": "F14-CMB-079",
        "review_status": "source-reviewed",
        "geometry": null,
        "placement_status": "deferred",
        "crop_id": "F14-R03C05",
        "fit_revision": "249b2be0b378adec894abc34520f83b009dbf8fd",
        "fit_sha256": "71118fb1eb9f2b87dbd838f1a218692fd8defc793c6549a76cf8730100a72ccb",
        "label_anchors": [
          {
            "box_index": 0,
            "source_pixel_xy": [
              7032.0,
              3966.5
            ],
            "covering_crop_ids": [
              "F14-R03C05"
            ],
            "inside_control_hull": true,
            "status": "derived-lettering-location",
            "projected_xy_m": [
              -6828992.26226623,
              5808215.27075399
            ],
            "lonlat": [
              -61.34588124327701,
              46.17361711963631
            ]
          }
        ],
        "geographic_role": "printed-lettering-only"
      }
    },
    {
      "type": "Feature",
      "id": "F14-CMB-080",
      "geometry": {
        "type": "MultiPoint",
        "coordinates": [
          [
            -61.34692080153726,
            46.17048805682259
          ]
        ]
      },
      "properties": {
        "source_text": "MᶜKay",
        "kind": "person-label",
        "reading_status": "clear",
        "source_label_boxes_xywh": [
          [
            6952,
            4038,
            124,
            45
          ]
        ],
        "crop_ids": [
          "F14-R03C05"
        ],
        "raw_candidate_ids": [
          "F14-R03C05-05"
        ],
        "review_note": "Native whole-crop source inspection; geographic placement deferred.",
        "id": "F14-CMB-080",
        "review_status": "source-reviewed",
        "geometry": null,
        "placement_status": "deferred",
        "crop_id": "F14-R03C05",
        "fit_revision": "249b2be0b378adec894abc34520f83b009dbf8fd",
        "fit_sha256": "71118fb1eb9f2b87dbd838f1a218692fd8defc793c6549a76cf8730100a72ccb",
        "label_anchors": [
          {
            "box_index": 0,
            "source_pixel_xy": [
              7014.0,
              4060.5
            ],
            "covering_crop_ids": [
              "F14-R03C05"
            ],
            "inside_control_hull": true,
            "status": "derived-lettering-location",
            "projected_xy_m": [
              -6829107.98536241,
              5807712.26985874
            ],
            "lonlat": [
              -61.34692080153726,
              46.17048805682259
            ]
          }
        ],
        "geographic_role": "printed-lettering-only"
      }
    },
    {
      "type": "Feature",
      "id": "F14-CMB-081",
      "geometry": {
        "type": "MultiPoint",
        "coordinates": [
          [
            -61.37669173476839,
            46.16529366933493
          ]
        ]
      },
      "properties": {
        "source_text": "P.O.",
        "kind": "post-office",
        "reading_status": "clear",
        "source_label_boxes_xywh": [
          [
            6391,
            4236,
            57,
            36
          ]
        ],
        "crop_ids": [
          "F14-R03C04",
          "F14-R03C05"
        ],
        "raw_candidate_ids": [
          "F14-R03C05-06"
        ],
        "review_note": "Native whole-crop source inspection; geographic placement deferred.",
        "id": "F14-CMB-081",
        "review_status": "source-reviewed",
        "geometry": null,
        "placement_status": "deferred",
        "crop_id": "F14-R03C04",
        "fit_revision": "249b2be0b378adec894abc34520f83b009dbf8fd",
        "fit_sha256": "71118fb1eb9f2b87dbd838f1a218692fd8defc793c6549a76cf8730100a72ccb",
        "label_anchors": [
          {
            "box_index": 0,
            "source_pixel_xy": [
              6419.5,
              4254.0
            ],
            "covering_crop_ids": [
              "F14-R03C05"
            ],
            "inside_control_hull": true,
            "status": "derived-lettering-location",
            "projected_xy_m": [
              -6832422.07049014,
              5806877.32852756
            ],
            "lonlat": [
              -61.37669173476839,
              46.16529366933493
            ]
          }
        ],
        "geographic_role": "printed-lettering-only"
      }
    },
    {
      "type": "Feature",
      "id": "F14-CMB-082",
      "geometry": {
        "type": "MultiPoint",
        "coordinates": [
          [
            -61.35814996134784,
            46.158927255919046
          ],
          [
            -61.346031854316294,
            46.15393501338074
          ]
        ]
      },
      "properties": {
        "source_text": "MᶜAulay Brook",
        "kind": "stream",
        "reading_status": "clear",
        "source_label_boxes_xywh": [
          [
            6733,
            4334,
            126,
            182
          ],
          [
            6988,
            4508,
            130,
            92
          ]
        ],
        "crop_ids": [
          "F14-R03C05",
          "F14-R04C05"
        ],
        "raw_candidate_ids": [
          "F14-R03C05-09",
          "F14-R03C05-10",
          "F14-R04C05-03",
          "F14-R04C05-04"
        ],
        "review_note": "Native whole-crop source inspection; geographic placement deferred.",
        "id": "F14-CMB-082",
        "review_status": "source-reviewed",
        "geometry": null,
        "placement_status": "deferred",
        "crop_id": "F14-R03C05",
        "fit_revision": "249b2be0b378adec894abc34520f83b009dbf8fd",
        "fit_sha256": "71118fb1eb9f2b87dbd838f1a218692fd8defc793c6549a76cf8730100a72ccb",
        "label_anchors": [
          {
            "box_index": 0,
            "source_pixel_xy": [
              6796.0,
              4425.0
            ],
            "covering_crop_ids": [
              "F14-R03C05"
            ],
            "inside_control_hull": true,
            "status": "derived-lettering-location",
            "projected_xy_m": [
              -6830358.00971456,
              5805854.10428793
            ],
            "lonlat": [
              -61.35814996134784,
              46.158927255919046
            ]
          },
          {
            "box_index": 1,
            "source_pixel_xy": [
              7053.0,
              4554.0
            ],
            "covering_crop_ids": [
              "F14-R03C05",
              "F14-R04C05"
            ],
            "inside_control_hull": true,
            "status": "derived-lettering-location",
            "projected_xy_m": [
              -6829009.02821043,
              5805051.82268734
            ],
            "lonlat": [
              -61.346031854316294,
              46.15393501338074
            ]
          }
        ],
        "geographic_role": "printed-lettering-only"
      }
    },
    {
      "type": "Feature",
      "id": "F14-CMB-083",
      "geometry": {
        "type": "MultiPoint",
        "coordinates": [
          [
            -61.34084141804037,
            46.15545575584876
          ]
        ]
      },
      "properties": {
        "source_text": "John MᶜQuarrie",
        "kind": "person-label",
        "reading_status": "clear",
        "source_label_boxes_xywh": [
          [
            7037,
            4475,
            254,
            42
          ]
        ],
        "crop_ids": [
          "F14-R03C05",
          "F14-R04C05"
        ],
        "raw_candidate_ids": [
          "F14-R03C05-11"
        ],
        "review_note": "Native whole-crop source inspection; geographic placement deferred.",
        "id": "F14-CMB-083",
        "review_status": "source-reviewed",
        "geometry": null,
        "placement_status": "deferred",
        "crop_id": "F14-R03C05",
        "fit_revision": "249b2be0b378adec894abc34520f83b009dbf8fd",
        "fit_sha256": "71118fb1eb9f2b87dbd838f1a218692fd8defc793c6549a76cf8730100a72ccb",
        "label_anchors": [
          {
            "box_index": 0,
            "source_pixel_xy": [
              7164.0,
              4496.0
            ],
            "covering_crop_ids": [
              "F14-R03C05"
            ],
            "inside_control_hull": true,
            "status": "derived-lettering-location",
            "projected_xy_m": [
              -6828431.2314872,
              5805296.20689111
            ],
            "lonlat": [
              -61.34084141804037,
              46.15545575584876
            ]
          }
        ],
        "geographic_role": "printed-lettering-only"
      }
    },
    {
      "type": "Feature",
      "id": "F14-CMB-084",
      "geometry": {
        "type": "MultiPoint",
        "coordinates": [
          [
            -61.28236503491436,
            46.186150540109274
          ]
        ]
      },
      "properties": {
        "source_text": "Isaac MᶜLeod",
        "kind": "person-label",
        "reading_status": "clear",
        "source_label_boxes_xywh": [
          [
            8370,
            3499,
            180,
            33
          ]
        ],
        "crop_ids": [
          "F14-R02C06",
          "F14-R03C06"
        ],
        "raw_candidate_ids": [
          "F14-R03C06-07"
        ],
        "review_note": "Native whole-crop source inspection; geographic placement deferred.",
        "id": "F14-CMB-084",
        "review_status": "source-reviewed",
        "geometry": null,
        "placement_status": "deferred",
        "crop_id": "F14-R02C06",
        "fit_revision": "249b2be0b378adec894abc34520f83b009dbf8fd",
        "fit_sha256": "71118fb1eb9f2b87dbd838f1a218692fd8defc793c6549a76cf8730100a72ccb",
        "label_anchors": [
          {
            "box_index": 0,
            "source_pixel_xy": [
              8460.0,
              3515.5
            ],
            "covering_crop_ids": [
              "F14-R03C06"
            ],
            "inside_control_hull": true,
            "status": "derived-lettering-location",
            "projected_xy_m": [
              -6821921.67029418,
              5810230.32126378
            ],
            "lonlat": [
              -61.28236503491436,
              46.186150540109274
            ]
          }
        ],
        "geographic_role": "printed-lettering-only"
      }
    },
    {
      "type": "Feature",
      "id": "F14-CMB-085",
      "geometry": {
        "type": "MultiPoint",
        "coordinates": [
          [
            -61.31147079929679,
            46.182999375207444
          ]
        ]
      },
      "properties": {
        "source_text": "S. & G. Mill",
        "kind": "mill",
        "reading_status": "clear",
        "source_label_boxes_xywh": [
          [
            7767,
            3580,
            126,
            38
          ]
        ],
        "crop_ids": [
          "F14-R03C06"
        ],
        "raw_candidate_ids": [
          "F14-R03C06-23"
        ],
        "review_note": "Wider native source contains S. & G. before Mill; narrow model/initial boxes clipped the prefix. No abbreviation expansion.",
        "id": "F14-CMB-085",
        "review_status": "source-reviewed",
        "geometry": null,
        "placement_status": "deferred",
        "crop_id": "F14-R03C06",
        "fit_revision": "249b2be0b378adec894abc34520f83b009dbf8fd",
        "fit_sha256": "71118fb1eb9f2b87dbd838f1a218692fd8defc793c6549a76cf8730100a72ccb",
        "label_anchors": [
          {
            "box_index": 0,
            "source_pixel_xy": [
              7830.0,
              3599.0
            ],
            "covering_crop_ids": [
              "F14-R03C06"
            ],
            "inside_control_hull": true,
            "status": "derived-lettering-location",
            "projected_xy_m": [
              -6825161.70916438,
              5809723.65205555
            ],
            "lonlat": [
              -61.31147079929679,
              46.182999375207444
            ]
          }
        ],
        "geographic_role": "printed-lettering-only"
      }
    },
    {
      "type": "Feature",
      "id": "F14-CMB-086",
      "geometry": {
        "type": "MultiPoint",
        "coordinates": [
          [
            -61.307209836077405,
            46.18090307180391
          ]
        ]
      },
      "properties": {
        "source_text": "C. Mill",
        "kind": "mill",
        "reading_status": "clear",
        "source_label_boxes_xywh": [
          [
            7877,
            3633,
            96,
            36
          ]
        ],
        "crop_ids": [
          "F14-R03C06"
        ],
        "raw_candidate_ids": [
          "F14-R03C06-24"
        ],
        "review_note": "Native enlarged context confirms C. Mill, distinct from adjacent S. & G. Mill.",
        "id": "F14-CMB-086",
        "review_status": "source-reviewed",
        "geometry": null,
        "placement_status": "deferred",
        "crop_id": "F14-R03C06",
        "fit_revision": "249b2be0b378adec894abc34520f83b009dbf8fd",
        "fit_sha256": "71118fb1eb9f2b87dbd838f1a218692fd8defc793c6549a76cf8730100a72ccb",
        "label_anchors": [
          {
            "box_index": 0,
            "source_pixel_xy": [
              7925.0,
              3651.0
            ],
            "covering_crop_ids": [
              "F14-R03C06"
            ],
            "inside_control_hull": true,
            "status": "derived-lettering-location",
            "projected_xy_m": [
              -6824687.38090851,
              5809386.60790517
            ],
            "lonlat": [
              -61.307209836077405,
              46.18090307180391
            ]
          }
        ],
        "geographic_role": "printed-lettering-only"
      }
    },
    {
      "type": "Feature",
      "id": "F14-CMB-087",
      "geometry": {
        "type": "MultiPoint",
        "coordinates": [
          [
            -61.28532810817557,
            46.18090741676047
          ]
        ]
      },
      "properties": {
        "source_text": "Forge",
        "kind": "forge",
        "reading_status": "clear",
        "source_label_boxes_xywh": [
          [
            8373,
            3631,
            73,
            32
          ]
        ],
        "crop_ids": [
          "F14-R03C06"
        ],
        "raw_candidate_ids": [],
        "review_note": "Native whole-crop source inspection; geographic placement deferred.",
        "id": "F14-CMB-087",
        "review_status": "source-reviewed",
        "geometry": null,
        "placement_status": "deferred",
        "crop_id": "F14-R03C06",
        "fit_revision": "249b2be0b378adec894abc34520f83b009dbf8fd",
        "fit_sha256": "71118fb1eb9f2b87dbd838f1a218692fd8defc793c6549a76cf8730100a72ccb",
        "label_anchors": [
          {
            "box_index": 0,
            "source_pixel_xy": [
              8409.5,
              3647.0
            ],
            "covering_crop_ids": [
              "F14-R03C06"
            ],
            "inside_control_hull": true,
            "status": "derived-lettering-location",
            "projected_xy_m": [
              -6822251.5181008,
              5809387.30647501
            ],
            "lonlat": [
              -61.28532810817557,
              46.18090741676047
            ]
          }
        ],
        "geographic_role": "printed-lettering-only"
      }
    },
    {
      "type": "Feature",
      "id": "F14-CMB-088",
      "geometry": {
        "type": "MultiPoint",
        "coordinates": [
          [
            -61.28553146457262,
            46.179918860311325
          ]
        ]
      },
      "properties": {
        "source_text": "School",
        "kind": "school",
        "reading_status": "clear",
        "source_label_boxes_xywh": [
          [
            8363,
            3658,
            89,
            33
          ]
        ],
        "crop_ids": [
          "F14-R03C06"
        ],
        "raw_candidate_ids": [
          "F14-R03C06-10"
        ],
        "review_note": "Native whole-crop source inspection; geographic placement deferred.",
        "id": "F14-CMB-088",
        "review_status": "source-reviewed",
        "geometry": null,
        "placement_status": "deferred",
        "crop_id": "F14-R03C06",
        "fit_revision": "249b2be0b378adec894abc34520f83b009dbf8fd",
        "fit_sha256": "71118fb1eb9f2b87dbd838f1a218692fd8defc793c6549a76cf8730100a72ccb",
        "label_anchors": [
          {
            "box_index": 0,
            "source_pixel_xy": [
              8407.5,
              3674.5
            ],
            "covering_crop_ids": [
              "F14-R03C06"
            ],
            "inside_control_hull": true,
            "status": "derived-lettering-location",
            "projected_xy_m": [
              -6822274.15563137,
              5809228.37058475
            ],
            "lonlat": [
              -61.28553146457262,
              46.179918860311325
            ]
          }
        ],
        "geographic_role": "printed-lettering-only"
      }
    },
    {
      "type": "Feature",
      "id": "F14-CMB-089",
      "geometry": {
        "type": "MultiPoint",
        "coordinates": [
          [
            -61.28701316772141,
            46.179080629698994
          ]
        ]
      },
      "properties": {
        "source_text": "Shop",
        "kind": "shop",
        "reading_status": "clear",
        "source_label_boxes_xywh": [
          [
            8342,
            3678,
            69,
            33
          ]
        ],
        "crop_ids": [
          "F14-R03C06"
        ],
        "raw_candidate_ids": [
          "F14-R03C06-11"
        ],
        "review_note": "Native whole-crop source inspection; geographic placement deferred.",
        "id": "F14-CMB-089",
        "review_status": "source-reviewed",
        "geometry": null,
        "placement_status": "deferred",
        "crop_id": "F14-R03C06",
        "fit_revision": "249b2be0b378adec894abc34520f83b009dbf8fd",
        "fit_sha256": "71118fb1eb9f2b87dbd838f1a218692fd8defc793c6549a76cf8730100a72ccb",
        "label_anchors": [
          {
            "box_index": 0,
            "source_pixel_xy": [
              8376.5,
              3694.5
            ],
            "covering_crop_ids": [
              "F14-R03C06"
            ],
            "inside_control_hull": true,
            "status": "derived-lettering-location",
            "projected_xy_m": [
              -6822439.0980714,
              5809093.60568024
            ],
            "lonlat": [
              -61.28701316772141,
              46.179080629698994
            ]
          }
        ],
        "geographic_role": "printed-lettering-only"
      }
    },
    {
      "type": "Feature",
      "id": "F14-CMB-090",
      "geometry": {
        "type": "MultiPoint",
        "coordinates": [
          [
            -61.27779377750666,
            46.18196758916752
          ]
        ]
      },
      "properties": {
        "source_text": "J. Y. Gunn",
        "kind": "person-label",
        "reading_status": "clear",
        "source_label_boxes_xywh": [
          [
            8505,
            3625,
            141,
            38
          ]
        ],
        "crop_ids": [
          "F14-R03C06",
          "F14-R03C07"
        ],
        "raw_candidate_ids": [
          "F14-R03C06-08",
          "F14-R03C07-11"
        ],
        "review_note": "Native enlarged context resolves J. Y. Gunn; reject A. Gunn/A. Y. draft.",
        "id": "F14-CMB-090",
        "review_status": "source-reviewed",
        "geometry": null,
        "placement_status": "deferred",
        "crop_id": "F14-R03C06",
        "fit_revision": "249b2be0b378adec894abc34520f83b009dbf8fd",
        "fit_sha256": "71118fb1eb9f2b87dbd838f1a218692fd8defc793c6549a76cf8730100a72ccb",
        "label_anchors": [
          {
            "box_index": 0,
            "source_pixel_xy": [
              8575.5,
              3644.0
            ],
            "covering_crop_ids": [
              "F14-R03C06"
            ],
            "inside_control_hull": true,
            "status": "derived-lettering-location",
            "projected_xy_m": [
              -6821412.80024727,
              5809557.75964929
            ],
            "lonlat": [
              -61.27779377750666,
              46.18196758916752
            ]
          }
        ],
        "geographic_role": "printed-lettering-only"
      }
    },
    {
      "type": "Feature",
      "id": "F14-CMB-091",
      "geometry": {
        "type": "MultiPoint",
        "coordinates": [
          [
            -61.2779603130055,
            46.17843987092166
          ]
        ]
      },
      "properties": {
        "source_text": "Dʳ Gunn",
        "kind": "person-label",
        "reading_status": "clear",
        "source_label_boxes_xywh": [
          [
            8512,
            3730,
            134,
            34
          ]
        ],
        "crop_ids": [
          "F14-R03C06",
          "F14-R03C07"
        ],
        "raw_candidate_ids": [
          "F14-R03C06-09",
          "F14-R03C07-12"
        ],
        "review_note": "Native enlarged context shows raised r after D; retain title without model D.T. expansion.",
        "id": "F14-CMB-091",
        "review_status": "source-reviewed",
        "geometry": null,
        "placement_status": "deferred",
        "crop_id": "F14-R03C06",
        "fit_revision": "249b2be0b378adec894abc34520f83b009dbf8fd",
        "fit_sha256": "71118fb1eb9f2b87dbd838f1a218692fd8defc793c6549a76cf8730100a72ccb",
        "label_anchors": [
          {
            "box_index": 0,
            "source_pixel_xy": [
              8579.0,
              3747.0
            ],
            "covering_crop_ids": [
              "F14-R03C06"
            ],
            "inside_control_hull": true,
            "status": "derived-lettering-location",
            "projected_xy_m": [
              -6821431.3388942,
              5808990.59031332
            ],
            "lonlat": [
              -61.2779603130055,
              46.17843987092166
            ]
          }
        ],
        "geographic_role": "printed-lettering-only"
      }
    },
    {
      "type": "Feature",
      "id": "F14-CMB-092",
      "geometry": {
        "type": "MultiPoint",
        "coordinates": [
          [
            -61.285877440673175,
            46.17483239742178
          ]
        ]
      },
      "properties": {
        "source_text": "Church",
        "kind": "church",
        "reading_status": "clear",
        "source_label_boxes_xywh": [
          [
            8363,
            3810,
            93,
            33
          ]
        ],
        "crop_ids": [
          "F14-R03C06"
        ],
        "raw_candidate_ids": [
          "F14-R03C06-14"
        ],
        "review_note": "Native whole-crop source inspection; geographic placement deferred.",
        "id": "F14-CMB-092",
        "review_status": "source-reviewed",
        "geometry": null,
        "placement_status": "deferred",
        "crop_id": "F14-R03C06",
        "fit_revision": "249b2be0b378adec894abc34520f83b009dbf8fd",
        "fit_sha256": "71118fb1eb9f2b87dbd838f1a218692fd8defc793c6549a76cf8730100a72ccb",
        "label_anchors": [
          {
            "box_index": 0,
            "source_pixel_xy": [
              8409.5,
              3826.5
            ],
            "covering_crop_ids": [
              "F14-R03C06"
            ],
            "inside_control_hull": true,
            "status": "derived-lettering-location",
            "projected_xy_m": [
              -6822312.66951471,
              5808410.63594622
            ],
            "lonlat": [
              -61.285877440673175,
              46.17483239742178
            ]
          }
        ],
        "geographic_role": "printed-lettering-only"
      }
    },
    {
      "type": "Feature",
      "id": "F14-CMB-093",
      "geometry": {
        "type": "MultiPoint",
        "coordinates": [
          [
            -61.29478771462019,
            46.173555859326015
          ]
        ]
      },
      "properties": {
        "source_text": "Alex. Campbell",
        "kind": "person-label",
        "reading_status": "clear",
        "source_label_boxes_xywh": [
          [
            8106,
            3834,
            212,
            34
          ]
        ],
        "crop_ids": [
          "F14-R03C06"
        ],
        "raw_candidate_ids": [
          "F14-R03C06-13"
        ],
        "review_note": "Native whole-crop source inspection; geographic placement deferred.",
        "id": "F14-CMB-093",
        "review_status": "source-reviewed",
        "geometry": null,
        "placement_status": "deferred",
        "crop_id": "F14-R03C06",
        "fit_revision": "249b2be0b378adec894abc34520f83b009dbf8fd",
        "fit_sha256": "71118fb1eb9f2b87dbd838f1a218692fd8defc793c6549a76cf8730100a72ccb",
        "label_anchors": [
          {
            "box_index": 0,
            "source_pixel_xy": [
              8212.0,
              3851.0
            ],
            "covering_crop_ids": [
              "F14-R03C06"
            ],
            "inside_control_hull": true,
            "status": "derived-lettering-location",
            "projected_xy_m": [
              -6823304.55667332,
              5808205.4228052
            ],
            "lonlat": [
              -61.29478771462019,
              46.173555859326015
            ]
          }
        ],
        "geographic_role": "printed-lettering-only"
      }
    },
    {
      "type": "Feature",
      "id": "F14-CMB-094",
      "geometry": {
        "type": "MultiPoint",
        "coordinates": [
          [
            -61.28628400186428,
            46.17327281380597
          ]
        ]
      },
      "properties": {
        "source_text": "Shop",
        "kind": "shop",
        "reading_status": "clear",
        "source_label_boxes_xywh": [
          [
            8369,
            3857,
            67,
            34
          ]
        ],
        "crop_ids": [
          "F14-R03C06"
        ],
        "raw_candidate_ids": [
          "F14-R03C06-15"
        ],
        "review_note": "Native whole-crop source inspection; geographic placement deferred.",
        "id": "F14-CMB-094",
        "review_status": "source-reviewed",
        "geometry": null,
        "placement_status": "deferred",
        "crop_id": "F14-R03C06",
        "fit_revision": "249b2be0b378adec894abc34520f83b009dbf8fd",
        "fit_sha256": "71118fb1eb9f2b87dbd838f1a218692fd8defc793c6549a76cf8730100a72ccb",
        "label_anchors": [
          {
            "box_index": 0,
            "source_pixel_xy": [
              8402.5,
              3874.0
            ],
            "covering_crop_ids": [
              "F14-R03C06"
            ],
            "inside_control_hull": true,
            "status": "derived-lettering-location",
            "projected_xy_m": [
              -6822357.92769948,
              5808159.9217451
            ],
            "lonlat": [
              -61.28628400186428,
              46.17327281380597
            ]
          }
        ],
        "geographic_role": "printed-lettering-only"
      }
    },
    {
      "type": "Feature",
      "id": "F14-CMB-095",
      "geometry": {
        "type": "MultiPoint",
        "coordinates": [
          [
            -61.2854281954937,
            46.171848237846724
          ]
        ]
      },
      "properties": {
        "source_text": "John MᶜLean",
        "kind": "person-label",
        "reading_status": "clear",
        "source_label_boxes_xywh": [
          [
            8325,
            3902,
            196,
            39
          ]
        ],
        "crop_ids": [
          "F14-R03C06"
        ],
        "raw_candidate_ids": [
          "F14-R03C06-16"
        ],
        "review_note": "Native whole-crop source inspection; geographic placement deferred.",
        "id": "F14-CMB-095",
        "review_status": "source-reviewed",
        "geometry": null,
        "placement_status": "deferred",
        "crop_id": "F14-R03C06",
        "fit_revision": "249b2be0b378adec894abc34520f83b009dbf8fd",
        "fit_sha256": "71118fb1eb9f2b87dbd838f1a218692fd8defc793c6549a76cf8730100a72ccb",
        "label_anchors": [
          {
            "box_index": 0,
            "source_pixel_xy": [
              8423.0,
              3921.5
            ],
            "covering_crop_ids": [
              "F14-R03C06"
            ],
            "inside_control_hull": true,
            "status": "derived-lettering-location",
            "projected_xy_m": [
              -6822262.65977009,
              5807930.91720182
            ],
            "lonlat": [
              -61.2854281954937,
              46.171848237846724
            ]
          }
        ],
        "geographic_role": "printed-lettering-only"
      }
    },
    {
      "type": "Feature",
      "id": "F14-CMB-096",
      "geometry": {
        "type": "MultiPoint",
        "coordinates": [
          [
            -61.2773623378578,
            46.17415207768768
          ]
        ]
      },
      "properties": {
        "source_text": "Indian pipes\ngouges etc\nfound in the\nfields",
        "kind": "historical-note",
        "reading_status": "clear",
        "source_label_boxes_xywh": [
          [
            8500,
            3821,
            196,
            119
          ]
        ],
        "crop_ids": [
          "F14-R03C06",
          "F14-R03C07"
        ],
        "raw_candidate_ids": [
          "F14-R03C06-26",
          "F14-R03C07-13",
          "F14-R03C07-14",
          "F14-R03C07-15",
          "F14-R03C07-16"
        ],
        "review_note": "Native whole-crop source inspection; geographic placement deferred.",
        "id": "F14-CMB-096",
        "review_status": "source-reviewed",
        "geometry": null,
        "placement_status": "deferred",
        "crop_id": "F14-R03C06",
        "fit_revision": "249b2be0b378adec894abc34520f83b009dbf8fd",
        "fit_sha256": "71118fb1eb9f2b87dbd838f1a218692fd8defc793c6549a76cf8730100a72ccb",
        "label_anchors": [
          {
            "box_index": 0,
            "source_pixel_xy": [
              8598.0,
              3880.5
            ],
            "covering_crop_ids": [
              "F14-R03C06"
            ],
            "inside_control_hull": true,
            "status": "derived-lettering-location",
            "projected_xy_m": [
              -6821364.77260525,
              5808301.26881743
            ],
            "lonlat": [
              -61.2773623378578,
              46.17415207768768
            ]
          }
        ],
        "geographic_role": "printed-lettering-only"
      }
    },
    {
      "type": "Feature",
      "id": "F14-CMB-097",
      "geometry": {
        "type": "MultiPoint",
        "coordinates": [
          [
            -61.31198659859464,
            46.169216324698255
          ]
        ]
      },
      "properties": {
        "source_text": "John MᶜIsaac",
        "kind": "person-label",
        "reading_status": "clear",
        "source_label_boxes_xywh": [
          [
            7719,
            3985,
            211,
            33
          ]
        ],
        "crop_ids": [
          "F14-R03C06"
        ],
        "raw_candidate_ids": [
          "F14-R03C06-19"
        ],
        "review_note": "Native whole-crop source inspection; geographic placement deferred.",
        "id": "F14-CMB-097",
        "review_status": "source-reviewed",
        "geometry": null,
        "placement_status": "deferred",
        "crop_id": "F14-R03C06",
        "fit_revision": "249b2be0b378adec894abc34520f83b009dbf8fd",
        "fit_sha256": "71118fb1eb9f2b87dbd838f1a218692fd8defc793c6549a76cf8730100a72ccb",
        "label_anchors": [
          {
            "box_index": 0,
            "source_pixel_xy": [
              7824.5,
              4001.5
            ],
            "covering_crop_ids": [
              "F14-R03C06"
            ],
            "inside_control_hull": true,
            "status": "derived-lettering-location",
            "projected_xy_m": [
              -6825219.12767957,
              5807507.84545318
            ],
            "lonlat": [
              -61.31198659859464,
              46.169216324698255
            ]
          }
        ],
        "geographic_role": "printed-lettering-only"
      }
    },
    {
      "type": "Feature",
      "id": "F14-CMB-098",
      "geometry": {
        "type": "MultiPoint",
        "coordinates": [
          [
            -61.29410107173694,
            46.16043095477091
          ]
        ]
      },
      "properties": {
        "source_text": "Black River",
        "kind": "settlement",
        "reading_status": "clear",
        "source_label_boxes_xywh": [
          [
            8050,
            4240,
            370,
            60
          ]
        ],
        "crop_ids": [
          "F14-R03C06"
        ],
        "raw_candidate_ids": [
          "F14-R03C06-17"
        ],
        "review_note": "Native whole-crop source inspection; geographic placement deferred.",
        "id": "F14-CMB-098",
        "review_status": "source-reviewed",
        "geometry": null,
        "placement_status": "deferred",
        "crop_id": "F14-R03C06",
        "fit_revision": "249b2be0b378adec894abc34520f83b009dbf8fd",
        "fit_sha256": "71118fb1eb9f2b87dbd838f1a218692fd8defc793c6549a76cf8730100a72ccb",
        "label_anchors": [
          {
            "box_index": 0,
            "source_pixel_xy": [
              8235.0,
              4270.0
            ],
            "covering_crop_ids": [
              "F14-R03C06"
            ],
            "inside_control_hull": true,
            "status": "derived-lettering-location",
            "projected_xy_m": [
              -6823228.1199372,
              5806095.77145913
            ],
            "lonlat": [
              -61.29410107173694,
              46.16043095477091
            ]
          }
        ],
        "geographic_role": "printed-lettering-only"
      }
    },
    {
      "type": "Feature",
      "id": "F14-CMB-099",
      "geometry": {
        "type": "MultiPoint",
        "coordinates": [
          [
            -61.30764816470865,
            46.158227293941586
          ]
        ]
      },
      "properties": {
        "source_text": "Forge",
        "kind": "forge",
        "reading_status": "clear",
        "source_label_boxes_xywh": [
          [
            7885,
            4323,
            81,
            36
          ]
        ],
        "crop_ids": [
          "F14-R03C06"
        ],
        "raw_candidate_ids": [],
        "review_note": "Native whole-crop source inspection; geographic placement deferred.",
        "id": "F14-CMB-099",
        "review_status": "source-reviewed",
        "geometry": null,
        "placement_status": "deferred",
        "crop_id": "F14-R03C06",
        "fit_revision": "249b2be0b378adec894abc34520f83b009dbf8fd",
        "fit_sha256": "71118fb1eb9f2b87dbd838f1a218692fd8defc793c6549a76cf8730100a72ccb",
        "label_anchors": [
          {
            "box_index": 0,
            "source_pixel_xy": [
              7925.5,
              4341.0
            ],
            "covering_crop_ids": [
              "F14-R03C06"
            ],
            "inside_control_hull": true,
            "status": "derived-lettering-location",
            "projected_xy_m": [
              -6824736.17542854,
              5805741.61205354
            ],
            "lonlat": [
              -61.30764816470865,
              46.158227293941586
            ]
          }
        ],
        "geographic_role": "printed-lettering-only"
      }
    },
    {
      "type": "Feature",
      "id": "F14-CMB-100",
      "geometry": {
        "type": "MultiPoint",
        "coordinates": [
          [
            -61.31299350490084,
            46.15240395575395
          ]
        ]
      },
      "properties": {
        "source_text": "School",
        "kind": "school",
        "reading_status": "clear",
        "source_label_boxes_xywh": [
          [
            7756,
            4515,
            92,
            37
          ]
        ],
        "crop_ids": [
          "F14-R03C06",
          "F14-R04C06"
        ],
        "raw_candidate_ids": [
          "F14-R03C06-20",
          "F14-R04C06-01"
        ],
        "review_note": "Native whole-crop source inspection; geographic placement deferred.",
        "id": "F14-CMB-100",
        "review_status": "source-reviewed",
        "geometry": null,
        "placement_status": "deferred",
        "crop_id": "F14-R03C06",
        "fit_revision": "249b2be0b378adec894abc34520f83b009dbf8fd",
        "fit_sha256": "71118fb1eb9f2b87dbd838f1a218692fd8defc793c6549a76cf8730100a72ccb",
        "label_anchors": [
          {
            "box_index": 0,
            "source_pixel_xy": [
              7802.0,
              4533.5
            ],
            "covering_crop_ids": [
              "F14-R03C06",
              "F14-R04C06"
            ],
            "inside_control_hull": true,
            "status": "derived-lettering-location",
            "projected_xy_m": [
              -6825331.21597685,
              5804805.78765341
            ],
            "lonlat": [
              -61.31299350490084,
              46.15240395575395
            ]
          }
        ],
        "geographic_role": "printed-lettering-only"
      }
    },
    {
      "type": "Feature",
      "id": "F14-CMB-101",
      "geometry": {
        "type": "MultiPoint",
        "coordinates": [
          [
            -61.280357911986236,
            46.1553566019363
          ]
        ]
      },
      "properties": {
        "source_text": "Shop",
        "kind": "shop",
        "reading_status": "clear",
        "source_label_boxes_xywh": [
          [
            8504,
            4438,
            74,
            37
          ]
        ],
        "crop_ids": [
          "F14-R03C06"
        ],
        "raw_candidate_ids": [
          "F14-R03C06-22"
        ],
        "review_note": "Native whole-crop source inspection; geographic placement deferred.",
        "id": "F14-CMB-101",
        "review_status": "source-reviewed",
        "geometry": null,
        "placement_status": "deferred",
        "crop_id": "F14-R03C06",
        "fit_revision": "249b2be0b378adec894abc34520f83b009dbf8fd",
        "fit_sha256": "71118fb1eb9f2b87dbd838f1a218692fd8defc793c6549a76cf8730100a72ccb",
        "label_anchors": [
          {
            "box_index": 0,
            "source_pixel_xy": [
              8541.0,
              4456.5
            ],
            "covering_crop_ids": [
              "F14-R03C06"
            ],
            "inside_control_hull": true,
            "status": "derived-lettering-location",
            "projected_xy_m": [
              -6821698.23839186,
              5805280.27259359
            ],
            "lonlat": [
              -61.280357911986236,
              46.1553566019363
            ]
          }
        ],
        "geographic_role": "printed-lettering-only"
      }
    },
    {
      "type": "Feature",
      "id": "F14-CMB-102",
      "geometry": {
        "type": "MultiPoint",
        "coordinates": [
          [
            -61.25928704430057,
            46.18657872207808
          ]
        ]
      },
      "properties": {
        "source_text": "Shop",
        "kind": "shop",
        "reading_status": "clear",
        "source_label_boxes_xywh": [
          [
            8938,
            3550,
            78,
            37
          ]
        ],
        "crop_ids": [
          "F14-R03C07"
        ],
        "raw_candidate_ids": [
          "F14-R03C07-02"
        ],
        "review_note": "Native whole-crop source inspection; geographic placement deferred.",
        "id": "F14-CMB-102",
        "review_status": "source-reviewed",
        "geometry": null,
        "placement_status": "deferred",
        "crop_id": "F14-R03C07",
        "fit_revision": "249b2be0b378adec894abc34520f83b009dbf8fd",
        "fit_sha256": "71118fb1eb9f2b87dbd838f1a218692fd8defc793c6549a76cf8730100a72ccb",
        "label_anchors": [
          {
            "box_index": 0,
            "source_pixel_xy": [
              8977.0,
              3568.5
            ],
            "covering_crop_ids": [
              "F14-R03C07"
            ],
            "inside_control_hull": true,
            "status": "derived-lettering-location",
            "projected_xy_m": [
              -6819352.64013052,
              5810299.16998759
            ],
            "lonlat": [
              -61.25928704430057,
              46.18657872207808
            ]
          }
        ],
        "geographic_role": "printed-lettering-only"
      }
    },
    {
      "type": "Feature",
      "id": "F14-CMB-103",
      "geometry": {
        "type": "MultiPoint",
        "coordinates": [
          [
            -61.244676736758734,
            46.18710916463711
          ]
        ]
      },
      "properties": {
        "source_text": "Mill",
        "kind": "mill",
        "reading_status": "clear",
        "source_label_boxes_xywh": [
          [
            9237,
            3567,
            72,
            34
          ]
        ],
        "crop_ids": [
          "F14-R03C07"
        ],
        "raw_candidate_ids": [
          "F14-R03C07-03"
        ],
        "review_note": "Native whole-crop source inspection; geographic placement deferred.",
        "id": "F14-CMB-103",
        "review_status": "source-reviewed",
        "geometry": null,
        "placement_status": "deferred",
        "crop_id": "F14-R03C07",
        "fit_revision": "249b2be0b378adec894abc34520f83b009dbf8fd",
        "fit_sha256": "71118fb1eb9f2b87dbd838f1a218692fd8defc793c6549a76cf8730100a72ccb",
        "label_anchors": [
          {
            "box_index": 0,
            "source_pixel_xy": [
              9273.0,
              3584.0
            ],
            "covering_crop_ids": [
              "F14-R03C07"
            ],
            "inside_control_hull": true,
            "status": "derived-lettering-location",
            "projected_xy_m": [
              -6817726.22813463,
              5810384.46225663
            ],
            "lonlat": [
              -61.244676736758734,
              46.18710916463711
            ]
          }
        ],
        "geographic_role": "printed-lettering-only"
      }
    },
    {
      "type": "Feature",
      "id": "F14-CMB-104",
      "geometry": {
        "type": "MultiPoint",
        "coordinates": [
          [
            -61.26897637830123,
            46.184066454039545
          ]
        ]
      },
      "properties": {
        "source_text": "School",
        "kind": "school",
        "reading_status": "clear",
        "source_label_boxes_xywh": [
          [
            8721,
            3598,
            95,
            35
          ]
        ],
        "crop_ids": [
          "F14-R03C06",
          "F14-R03C07"
        ],
        "raw_candidate_ids": [
          "F14-R03C07-04"
        ],
        "review_note": "Native whole-crop source inspection; geographic placement deferred.",
        "id": "F14-CMB-104",
        "review_status": "source-reviewed",
        "geometry": null,
        "placement_status": "deferred",
        "crop_id": "F14-R03C06",
        "fit_revision": "249b2be0b378adec894abc34520f83b009dbf8fd",
        "fit_sha256": "71118fb1eb9f2b87dbd838f1a218692fd8defc793c6549a76cf8730100a72ccb",
        "label_anchors": [
          {
            "box_index": 0,
            "source_pixel_xy": [
              8768.5,
              3615.5
            ],
            "covering_crop_ids": [
              "F14-R03C06",
              "F14-R03C07"
            ],
            "inside_control_hull": true,
            "status": "derived-lettering-location",
            "projected_xy_m": [
              -6820431.2518576,
              5809895.22217509
            ],
            "lonlat": [
              -61.26897637830123,
              46.184066454039545
            ]
          }
        ],
        "geographic_role": "printed-lettering-only"
      }
    },
    {
      "type": "Feature",
      "id": "F14-CMB-105",
      "geometry": {
        "type": "MultiPoint",
        "coordinates": [
          [
            -61.26872152597162,
            46.183093718381755
          ]
        ]
      },
      "properties": {
        "source_text": "Shop",
        "kind": "shop",
        "reading_status": "clear",
        "source_label_boxes_xywh": [
          [
            8737,
            3628,
            77,
            35
          ]
        ],
        "crop_ids": [
          "F14-R03C06",
          "F14-R03C07"
        ],
        "raw_candidate_ids": [
          "F14-R03C07-05"
        ],
        "review_note": "Native whole-crop source inspection; geographic placement deferred.",
        "id": "F14-CMB-105",
        "review_status": "source-reviewed",
        "geometry": null,
        "placement_status": "deferred",
        "crop_id": "F14-R03C06",
        "fit_revision": "249b2be0b378adec894abc34520f83b009dbf8fd",
        "fit_sha256": "71118fb1eb9f2b87dbd838f1a218692fd8defc793c6549a76cf8730100a72ccb",
        "label_anchors": [
          {
            "box_index": 0,
            "source_pixel_xy": [
              8775.5,
              3645.5
            ],
            "covering_crop_ids": [
              "F14-R03C06",
              "F14-R03C07"
            ],
            "inside_control_hull": true,
            "status": "derived-lettering-location",
            "projected_xy_m": [
              -6820402.88182604,
              5809738.82087533
            ],
            "lonlat": [
              -61.26872152597162,
              46.183093718381755
            ]
          }
        ],
        "geographic_role": "printed-lettering-only"
      }
    },
    {
      "type": "Feature",
      "id": "F14-CMB-106",
      "geometry": {
        "type": "MultiPoint",
        "coordinates": [
          [
            -61.26314807068172,
            46.17882220642696
          ],
          [
            -61.26013998539609,
            46.17462561936786
          ],
          [
            -61.258078539479975,
            46.170257908103274
          ],
          [
            -61.25432617241933,
            46.16681791884526
          ],
          [
            -61.24275721700162,
            46.16132448222392
          ],
          [
            -61.23561608455046,
            46.15963585870059
          ],
          [
            -61.22896870376568,
            46.15716710871352
          ]
        ]
      },
      "properties": {
        "source_text": "LOCH BAN",
        "kind": "lake",
        "reading_status": "clear",
        "source_label_boxes_xywh": [
          [
            8870,
            3768,
            56,
            57
          ],
          [
            8939,
            3912,
            41,
            44
          ],
          [
            8975,
            4046,
            51,
            47
          ],
          [
            9050,
            4154,
            52,
            52
          ],
          [
            9285,
            4338,
            55,
            49
          ],
          [
            9436,
            4400,
            48,
            43
          ],
          [
            9573,
            4474,
            58,
            52
          ]
        ],
        "crop_ids": [
          "F14-R03C07",
          "F14-R04C07"
        ],
        "raw_candidate_ids": [
          "F14-R03C07-09",
          "F14-R03C07-10"
        ],
        "review_note": "Native whole-crop source inspection; geographic placement deferred.",
        "id": "F14-CMB-106",
        "review_status": "source-reviewed",
        "geometry": null,
        "placement_status": "deferred",
        "crop_id": "F14-R03C07",
        "fit_revision": "249b2be0b378adec894abc34520f83b009dbf8fd",
        "fit_sha256": "71118fb1eb9f2b87dbd838f1a218692fd8defc793c6549a76cf8730100a72ccb",
        "label_anchors": [
          {
            "box_index": 0,
            "source_pixel_xy": [
              8898.0,
              3796.5
            ],
            "covering_crop_ids": [
              "F14-R03C07"
            ],
            "inside_control_hull": true,
            "status": "derived-lettering-location",
            "projected_xy_m": [
              -6819782.44762121,
              5809052.05859312
            ],
            "lonlat": [
              -61.26314807068172,
              46.17882220642696
            ]
          },
          {
            "box_index": 1,
            "source_pixel_xy": [
              8959.5,
              3934.0
            ],
            "covering_crop_ids": [
              "F14-R03C07"
            ],
            "inside_control_hull": true,
            "status": "derived-lettering-location",
            "projected_xy_m": [
              -6819447.58909895,
              5808377.39448888
            ],
            "lonlat": [
              -61.26013998539609,
              46.17462561936786
            ]
          },
          {
            "box_index": 2,
            "source_pixel_xy": [
              9000.5,
              4069.5
            ],
            "covering_crop_ids": [
              "F14-R03C07"
            ],
            "inside_control_hull": true,
            "status": "derived-lettering-location",
            "projected_xy_m": [
              -6819218.10998927,
              5807675.27428419
            ],
            "lonlat": [
              -61.258078539479975,
              46.170257908103274
            ]
          },
          {
            "box_index": 3,
            "source_pixel_xy": [
              9076.0,
              4180.0
            ],
            "covering_crop_ids": [
              "F14-R03C07"
            ],
            "inside_control_hull": true,
            "status": "derived-lettering-location",
            "projected_xy_m": [
              -6818800.39839881,
              5807122.32689586
            ],
            "lonlat": [
              -61.25432617241933,
              46.16681791884526
            ]
          },
          {
            "box_index": 4,
            "source_pixel_xy": [
              9312.5,
              4362.5
            ],
            "covering_crop_ids": [
              "F14-R03C07"
            ],
            "inside_control_hull": true,
            "status": "derived-lettering-location",
            "projected_xy_m": [
              -6817512.5481727,
              5806239.37797703
            ],
            "lonlat": [
              -61.24275721700162,
              46.16132448222392
            ]
          },
          {
            "box_index": 5,
            "source_pixel_xy": [
              9460.0,
              4421.5
            ],
            "covering_crop_ids": [
              "F14-R03C07"
            ],
            "inside_control_hull": false,
            "status": "derived-lettering-location",
            "projected_xy_m": [
              -6816717.60094455,
              5805967.9866602
            ],
            "lonlat": [
              -61.23561608455046,
              46.15963585870059
            ]
          },
          {
            "box_index": 6,
            "source_pixel_xy": [
              9602.0,
              4500.0
            ],
            "covering_crop_ids": [
              "F14-R03C07",
              "F14-R04C07"
            ],
            "inside_control_hull": false,
            "status": "derived-lettering-location",
            "projected_xy_m": [
              -6815977.61790048,
              5805571.23037347
            ],
            "lonlat": [
              -61.22896870376568,
              46.15716710871352
            ]
          }
        ],
        "geographic_role": "printed-lettering-only"
      }
    },
    {
      "type": "Feature",
      "id": "F14-CMB-107",
      "geometry": {
        "type": "MultiPoint",
        "coordinates": [
          [
            -61.25735918727229,
            46.15567788103569
          ]
        ]
      },
      "properties": {
        "source_text": "Ferrug. Spring",
        "kind": "spring",
        "reading_status": "clear",
        "source_label_boxes_xywh": [
          [
            8928,
            4480,
            196,
            39
          ]
        ],
        "crop_ids": [
          "F14-R03C07",
          "F14-R04C07"
        ],
        "raw_candidate_ids": [
          "F14-R03C07-07"
        ],
        "review_note": "Native whole-crop source inspection; geographic placement deferred.",
        "id": "F14-CMB-107",
        "review_status": "source-reviewed",
        "geometry": null,
        "placement_status": "deferred",
        "crop_id": "F14-R03C07",
        "fit_revision": "249b2be0b378adec894abc34520f83b009dbf8fd",
        "fit_sha256": "71118fb1eb9f2b87dbd838f1a218692fd8defc793c6549a76cf8730100a72ccb",
        "label_anchors": [
          {
            "box_index": 0,
            "source_pixel_xy": [
              9026.0,
              4499.5
            ],
            "covering_crop_ids": [
              "F14-R03C07"
            ],
            "inside_control_hull": true,
            "status": "derived-lettering-location",
            "projected_xy_m": [
              -6819138.03206781,
              5805331.90310378
            ],
            "lonlat": [
              -61.25735918727229,
              46.15567788103569
            ]
          }
        ],
        "geographic_role": "printed-lettering-only"
      }
    },
    {
      "type": "Feature",
      "id": "F14-CMB-108",
      "geometry": {
        "type": "MultiPoint",
        "coordinates": [
          [
            -61.2540648672546,
            46.15183620725315
          ]
        ]
      },
      "properties": {
        "source_text": "School",
        "kind": "school",
        "reading_status": "clear",
        "source_label_boxes_xywh": [
          [
            9050,
            4601,
            99,
            35
          ]
        ],
        "crop_ids": [
          "F14-R03C07",
          "F14-R04C07"
        ],
        "raw_candidate_ids": [
          "F14-R03C07-08",
          "F14-R04C07-01"
        ],
        "review_note": "Native whole-crop source inspection; geographic placement deferred.",
        "id": "F14-CMB-108",
        "review_status": "source-reviewed",
        "geometry": null,
        "placement_status": "deferred",
        "crop_id": "F14-R03C07",
        "fit_revision": "249b2be0b378adec894abc34520f83b009dbf8fd",
        "fit_sha256": "71118fb1eb9f2b87dbd838f1a218692fd8defc793c6549a76cf8730100a72ccb",
        "label_anchors": [
          {
            "box_index": 0,
            "source_pixel_xy": [
              9099.5,
              4618.5
            ],
            "covering_crop_ids": [
              "F14-R03C07",
              "F14-R04C07"
            ],
            "inside_control_hull": true,
            "status": "derived-lettering-location",
            "projected_xy_m": [
              -6818771.31004093,
              5804714.55440671
            ],
            "lonlat": [
              -61.2540648672546,
              46.15183620725315
            ]
          }
        ],
        "geographic_role": "printed-lettering-only"
      }
    },
    {
      "type": "Feature",
      "id": "F14-CMB-109",
      "geometry": {
        "type": "MultiPoint",
        "coordinates": [
          [
            -61.42968404649712,
            46.10718094620105
          ],
          [
            -61.42360300709165,
            46.112952999772986
          ],
          [
            -61.41656273611741,
            46.12026940240915
          ],
          [
            -61.40989686389276,
            46.12742414722879
          ],
          [
            -61.40342702622339,
            46.13472515110557
          ],
          [
            -61.38859516044028,
            46.15110944294716
          ],
          [
            -61.381775932159044,
            46.15819544010912
          ],
          [
            -61.37477015701803,
            46.164542070666556
          ],
          [
            -61.36630901249924,
            46.17193100329206
          ],
          [
            -61.35814295282306,
            46.17857355164226
          ],
          [
            -61.35067857202147,
            46.18478011811178
          ],
          [
            -61.34423431092804,
            46.19044743172439
          ],
          [
            -61.337961012762335,
            46.19529670194654
          ],
          [
            -61.330921720191945,
            46.200695065409306
          ]
        ]
      },
      "properties": {
        "source_text": "MABOU HIGHLANDS",
        "kind": "regional-caption",
        "reading_status": "clear",
        "source_label_boxes_xywh": [
          [
            5290,
            6040,
            85,
            85
          ],
          [
            5415,
            5865,
            95,
            90
          ],
          [
            5570,
            5640,
            95,
            90
          ],
          [
            5720,
            5410,
            95,
            95
          ],
          [
            5865,
            5175,
            90,
            95
          ],
          [
            6160,
            4655,
            90,
            80
          ],
          [
            6295,
            4435,
            70,
            70
          ],
          [
            6418,
            4230,
            80,
            90
          ],
          [
            6570,
            4005,
            85,
            90
          ],
          [
            6725,
            3800,
            80,
            90
          ],
          [
            6870,
            3605,
            85,
            90
          ],
          [
            7020,
            3420,
            90,
            80
          ],
          [
            7185,
            3250,
            85,
            85
          ],
          [
            7360,
            3075,
            75,
            90
          ]
        ],
        "crop_ids": [
          "F14-R02C05",
          "F14-R02C06",
          "F14-R03C04",
          "F14-R03C05",
          "F14-R04C04",
          "F14-R04C05",
          "F14-R05C04"
        ],
        "raw_candidate_ids": [
          "F14-R04C04-14",
          "F14-R05C04-06",
          "F14-R05C04-07"
        ],
        "review_note": "Complete 14-letter diagonal regional caption traced through rows 2–5; each retained native letter snippet inspected. Not geological unit codes.",
        "id": "F14-CMB-109",
        "review_status": "source-reviewed",
        "geometry": null,
        "placement_status": "deferred",
        "crop_id": "F14-R02C05",
        "fit_revision": "249b2be0b378adec894abc34520f83b009dbf8fd",
        "fit_sha256": "71118fb1eb9f2b87dbd838f1a218692fd8defc793c6549a76cf8730100a72ccb",
        "label_anchors": [
          {
            "box_index": 0,
            "source_pixel_xy": [
              5332.5,
              6082.5
            ],
            "covering_crop_ids": [
              "F14-R05C04"
            ],
            "inside_control_hull": true,
            "status": "derived-lettering-location",
            "projected_xy_m": [
              -6838321.14764774,
              5797541.70943304
            ],
            "lonlat": [
              -61.42968404649712,
              46.10718094620105
            ]
          },
          {
            "box_index": 1,
            "source_pixel_xy": [
              5462.5,
              5910.0
            ],
            "covering_crop_ids": [
              "F14-R05C04"
            ],
            "inside_control_hull": true,
            "status": "derived-lettering-location",
            "projected_xy_m": [
              -6837644.20943763,
              5798468.53048624
            ],
            "lonlat": [
              -61.42360300709165,
              46.112952999772986
            ]
          },
          {
            "box_index": 2,
            "source_pixel_xy": [
              5617.5,
              5685.0
            ],
            "covering_crop_ids": [
              "F14-R04C04"
            ],
            "inside_control_hull": true,
            "status": "derived-lettering-location",
            "projected_xy_m": [
              -6836860.49005773,
              5799643.46782525
            ],
            "lonlat": [
              -61.41656273611741,
              46.12026940240915
            ]
          },
          {
            "box_index": 3,
            "source_pixel_xy": [
              5767.5,
              5457.5
            ],
            "covering_crop_ids": [
              "F14-R04C04"
            ],
            "inside_control_hull": true,
            "status": "derived-lettering-location",
            "projected_xy_m": [
              -6836118.44855599,
              5800792.59551417
            ],
            "lonlat": [
              -61.40989686389276,
              46.12742414722879
            ]
          },
          {
            "box_index": 4,
            "source_pixel_xy": [
              5910.0,
              5222.5
            ],
            "covering_crop_ids": [
              "F14-R04C04"
            ],
            "inside_control_hull": true,
            "status": "derived-lettering-location",
            "projected_xy_m": [
              -6835398.22952112,
              5801965.36783019
            ],
            "lonlat": [
              -61.40342702622339,
              46.13472515110557
            ]
          },
          {
            "box_index": 5,
            "source_pixel_xy": [
              6205.0,
              4695.0
            ],
            "covering_crop_ids": [
              "F14-R03C04",
              "F14-R03C05",
              "F14-R04C04",
              "F14-R04C05"
            ],
            "inside_control_hull": true,
            "status": "derived-lettering-location",
            "projected_xy_m": [
              -6833747.15377463,
              5804597.76979633
            ],
            "lonlat": [
              -61.38859516044028,
              46.15110944294716
            ]
          },
          {
            "box_index": 6,
            "source_pixel_xy": [
              6330.0,
              4470.0
            ],
            "covering_crop_ids": [
              "F14-R03C04",
              "F14-R03C05"
            ],
            "inside_control_hull": true,
            "status": "derived-lettering-location",
            "projected_xy_m": [
              -6832988.04075476,
              5805736.49279696
            ],
            "lonlat": [
              -61.381775932159044,
              46.15819544010912
            ]
          },
          {
            "box_index": 7,
            "source_pixel_xy": [
              6458.0,
              4275.0
            ],
            "covering_crop_ids": [
              "F14-R03C05"
            ],
            "inside_control_hull": true,
            "status": "derived-lettering-location",
            "projected_xy_m": [
              -6832208.16143345,
              5806756.52373994
            ],
            "lonlat": [
              -61.37477015701803,
              46.164542070666556
            ]
          },
          {
            "box_index": 8,
            "source_pixel_xy": [
              6612.5,
              4050.0
            ],
            "covering_crop_ids": [
              "F14-R03C05"
            ],
            "inside_control_hull": true,
            "status": "derived-lettering-location",
            "projected_xy_m": [
              -6831266.27113409,
              5807944.2218148
            ],
            "lonlat": [
              -61.36630901249924,
              46.17193100329206
            ]
          },
          {
            "box_index": 9,
            "source_pixel_xy": [
              6765.0,
              3845.0
            ],
            "covering_crop_ids": [
              "F14-R03C05"
            ],
            "inside_control_hull": true,
            "status": "derived-lettering-location",
            "projected_xy_m": [
              -6830357.22952915,
              5809012.08218432
            ],
            "lonlat": [
              -61.35814295282306,
              46.17857355164226
            ]
          },
          {
            "box_index": 10,
            "source_pixel_xy": [
              6912.5,
              3650.0
            ],
            "covering_crop_ids": [
              "F14-R03C05"
            ],
            "inside_control_hull": true,
            "status": "derived-lettering-location",
            "projected_xy_m": [
              -6829526.29845923,
              5810009.97041072
            ],
            "lonlat": [
              -61.35067857202147,
              46.18478011811178
            ]
          },
          {
            "box_index": 11,
            "source_pixel_xy": [
              7065.0,
              3460.0
            ],
            "covering_crop_ids": [
              "F14-R02C05",
              "F14-R03C05"
            ],
            "inside_control_hull": true,
            "status": "derived-lettering-location",
            "projected_xy_m": [
              -6828808.92659577,
              5810921.2562784
            ],
            "lonlat": [
              -61.34423431092804,
              46.19044743172439
            ]
          },
          {
            "box_index": 12,
            "source_pixel_xy": [
              7227.5,
              3292.5
            ],
            "covering_crop_ids": [
              "F14-R02C05"
            ],
            "inside_control_hull": true,
            "status": "derived-lettering-location",
            "projected_xy_m": [
              -6828110.58623837,
              5811701.07799125
            ],
            "lonlat": [
              -61.337961012762335,
              46.19529670194654
            ]
          },
          {
            "box_index": 13,
            "source_pixel_xy": [
              7397.5,
              3120.0
            ],
            "covering_crop_ids": [
              "F14-R02C05"
            ],
            "inside_control_hull": true,
            "status": "derived-lettering-location",
            "projected_xy_m": [
              -6827326.97577389,
              5812569.28153186
            ],
            "lonlat": [
              -61.330921720191945,
              46.200695065409306
            ]
          }
        ],
        "geographic_role": "printed-lettering-only"
      }
    },
    {
      "type": "Feature",
      "id": "F14-CMB-110",
      "geometry": {
        "type": "MultiPoint",
        "coordinates": [
          [
            -61.445453035391346,
            46.14815083140612
          ]
        ]
      },
      "properties": {
        "source_text": "MᶜPhee",
        "kind": "person-label",
        "reading_status": "clear",
        "source_label_boxes_xywh": [
          [
            4925,
            4792,
            155,
            45
          ]
        ],
        "crop_ids": [
          "F14-R04C03",
          "F14-R04C04"
        ],
        "raw_candidate_ids": [
          "F14-R04C03-01",
          "F14-R04C04-06"
        ],
        "review_note": "Native whole-crop and retained original-pixel lettering inspected.",
        "id": "F14-CMB-110",
        "review_status": "source-reviewed",
        "geometry": null,
        "placement_status": "deferred",
        "crop_id": "F14-R04C03",
        "fit_revision": "249b2be0b378adec894abc34520f83b009dbf8fd",
        "fit_sha256": "71118fb1eb9f2b87dbd838f1a218692fd8defc793c6549a76cf8730100a72ccb",
        "label_anchors": [
          {
            "box_index": 0,
            "source_pixel_xy": [
              5002.5,
              4814.5
            ],
            "covering_crop_ids": [
              "F14-R04C03",
              "F14-R04C04"
            ],
            "inside_control_hull": false,
            "status": "derived-lettering-location",
            "projected_xy_m": [
              -6840076.54346177,
              5804122.3629474
            ],
            "lonlat": [
              -61.445453035391346,
              46.14815083140612
            ]
          }
        ],
        "geographic_role": "printed-lettering-only"
      }
    },
    {
      "type": "Feature",
      "id": "F14-CMB-111",
      "geometry": {
        "type": "MultiPoint",
        "coordinates": [
          [
            -61.44274028243041,
            46.143630677603824
          ]
        ]
      },
      "properties": {
        "source_text": "A. MᶜDonald",
        "kind": "person-label",
        "reading_status": "clear",
        "source_label_boxes_xywh": [
          [
            4920,
            4925,
            280,
            48
          ]
        ],
        "crop_ids": [
          "F14-R04C03",
          "F14-R04C04"
        ],
        "raw_candidate_ids": [
          "F14-R04C03-02",
          "F14-R04C04-07"
        ],
        "review_note": "continues into R04C04 overlap",
        "id": "F14-CMB-111",
        "review_status": "source-reviewed",
        "geometry": null,
        "placement_status": "deferred",
        "crop_id": "F14-R04C03",
        "fit_revision": "249b2be0b378adec894abc34520f83b009dbf8fd",
        "fit_sha256": "71118fb1eb9f2b87dbd838f1a218692fd8defc793c6549a76cf8730100a72ccb",
        "label_anchors": [
          {
            "box_index": 0,
            "source_pixel_xy": [
              5060.0,
              4949.0
            ],
            "covering_crop_ids": [
              "F14-R04C03",
              "F14-R04C04"
            ],
            "inside_control_hull": true,
            "status": "derived-lettering-location",
            "projected_xy_m": [
              -6839774.56118351,
              5803396.08777756
            ],
            "lonlat": [
              -61.44274028243041,
              46.143630677603824
            ]
          }
        ],
        "geographic_role": "printed-lettering-only"
      }
    },
    {
      "type": "Feature",
      "id": "F14-CMB-112",
      "geometry": {
        "type": "MultiPoint",
        "coordinates": [
          [
            -61.44950823800333,
            46.14178544922553
          ]
        ]
      },
      "properties": {
        "source_text": "Mill",
        "kind": "mill",
        "reading_status": "clear",
        "source_label_boxes_xywh": [
          [
            4872,
            4986,
            90,
            42
          ]
        ],
        "crop_ids": [
          "F14-R04C03"
        ],
        "raw_candidate_ids": [
          "F14-R04C03-03"
        ],
        "review_note": "Native whole-crop and retained original-pixel lettering inspected.",
        "id": "F14-CMB-112",
        "review_status": "source-reviewed",
        "geometry": null,
        "placement_status": "deferred",
        "crop_id": "F14-R04C03",
        "fit_revision": "249b2be0b378adec894abc34520f83b009dbf8fd",
        "fit_sha256": "71118fb1eb9f2b87dbd838f1a218692fd8defc793c6549a76cf8730100a72ccb",
        "label_anchors": [
          {
            "box_index": 0,
            "source_pixel_xy": [
              4917.0,
              5007.0
            ],
            "covering_crop_ids": [
              "F14-R04C03"
            ],
            "inside_control_hull": false,
            "status": "derived-lettering-location",
            "projected_xy_m": [
              -6840527.9665516,
              5803099.62306942
            ],
            "lonlat": [
              -61.44950823800333,
              46.14178544922553
            ]
          }
        ],
        "geographic_role": "printed-lettering-only"
      }
    },
    {
      "type": "Feature",
      "id": "F14-CMB-113",
      "geometry": {
        "type": "MultiPoint",
        "coordinates": [
          [
            -61.444336202673966,
            46.140145140433724
          ]
        ]
      },
      "properties": {
        "source_text": "Don MᶜDonald",
        "kind": "person-label",
        "reading_status": "clear",
        "source_label_boxes_xywh": [
          [
            4890,
            5030,
            275,
            48
          ]
        ],
        "crop_ids": [
          "F14-R04C03",
          "F14-R04C04"
        ],
        "raw_candidate_ids": [
          "F14-R04C03-04",
          "F14-R04C04-08"
        ],
        "review_note": "Native whole-crop and retained original-pixel lettering inspected.",
        "id": "F14-CMB-113",
        "review_status": "source-reviewed",
        "geometry": null,
        "placement_status": "deferred",
        "crop_id": "F14-R04C03",
        "fit_revision": "249b2be0b378adec894abc34520f83b009dbf8fd",
        "fit_sha256": "71118fb1eb9f2b87dbd838f1a218692fd8defc793c6549a76cf8730100a72ccb",
        "label_anchors": [
          {
            "box_index": 0,
            "source_pixel_xy": [
              5027.5,
              5054.0
            ],
            "covering_crop_ids": [
              "F14-R04C03",
              "F14-R04C04"
            ],
            "inside_control_hull": true,
            "status": "derived-lettering-location",
            "projected_xy_m": [
              -6839952.21821237,
              5802836.09022984
            ],
            "lonlat": [
              -61.444336202673966,
              46.140145140433724
            ]
          }
        ],
        "geographic_role": "printed-lettering-only"
      }
    },
    {
      "type": "Feature",
      "id": "F14-CMB-114",
      "geometry": {
        "type": "MultiPoint",
        "coordinates": [
          [
            -61.461920212214714,
            46.145193841316285
          ]
        ]
      },
      "properties": {
        "source_text": "Fossils collected by Mr Foord",
        "kind": "geological-description",
        "reading_status": "clear",
        "source_label_boxes_xywh": [
          [
            4530,
            4872,
            245,
            78
          ]
        ],
        "crop_ids": [
          "F14-R04C03"
        ],
        "raw_candidate_ids": [
          "F14-R04C03-05"
        ],
        "review_note": "Native whole-crop and retained original-pixel lettering inspected.",
        "id": "F14-CMB-114",
        "review_status": "source-reviewed",
        "geometry": null,
        "placement_status": "deferred",
        "crop_id": "F14-R04C03",
        "fit_revision": "249b2be0b378adec894abc34520f83b009dbf8fd",
        "fit_sha256": "71118fb1eb9f2b87dbd838f1a218692fd8defc793c6549a76cf8730100a72ccb",
        "label_anchors": [
          {
            "box_index": 0,
            "source_pixel_xy": [
              4652.5,
              4911.0
            ],
            "covering_crop_ids": [
              "F14-R04C03"
            ],
            "inside_control_hull": false,
            "status": "derived-lettering-location",
            "projected_xy_m": [
              -6841909.66120055,
              5803647.24217391
            ],
            "lonlat": [
              -61.461920212214714,
              46.145193841316285
            ]
          }
        ],
        "geographic_role": "printed-lettering-only"
      }
    },
    {
      "type": "Feature",
      "id": "F14-CMB-115",
      "geometry": {
        "type": "MultiPoint",
        "coordinates": [
          [
            -61.47882583579105,
            46.13639796519782
          ]
        ]
      },
      "properties": {
        "source_text": "Finlay Point",
        "kind": "point",
        "reading_status": "clear",
        "source_label_boxes_xywh": [
          [
            4115,
            5150,
            345,
            78
          ]
        ],
        "crop_ids": [
          "F14-R04C03"
        ],
        "raw_candidate_ids": [
          "F14-R04C03-06"
        ],
        "review_note": "Native whole-crop and retained original-pixel lettering inspected.",
        "id": "F14-CMB-115",
        "review_status": "source-reviewed",
        "geometry": null,
        "placement_status": "deferred",
        "crop_id": "F14-R04C03",
        "fit_revision": "249b2be0b378adec894abc34520f83b009dbf8fd",
        "fit_sha256": "71118fb1eb9f2b87dbd838f1a218692fd8defc793c6549a76cf8730100a72ccb",
        "label_anchors": [
          {
            "box_index": 0,
            "source_pixel_xy": [
              4287.5,
              5189.0
            ],
            "covering_crop_ids": [
              "F14-R04C03"
            ],
            "inside_control_hull": false,
            "status": "derived-lettering-location",
            "projected_xy_m": [
              -6843791.58660861,
              5802234.0966143
            ],
            "lonlat": [
              -61.47882583579105,
              46.13639796519782
            ]
          }
        ],
        "geographic_role": "printed-lettering-only"
      }
    },
    {
      "type": "Feature",
      "id": "F14-CMB-116",
      "geometry": {
        "type": "MultiPoint",
        "coordinates": [
          [
            -61.46683675436758,
            46.13467815612577
          ]
        ]
      },
      "properties": {
        "source_text": "Coal",
        "kind": "geological-description",
        "reading_status": "clear",
        "source_label_boxes_xywh": [
          [
            4500,
            5210,
            92,
            45
          ]
        ],
        "crop_ids": [
          "F14-R04C03"
        ],
        "raw_candidate_ids": [
          "F14-R04C03-07"
        ],
        "review_note": "Native whole-crop and retained original-pixel lettering inspected.",
        "id": "F14-CMB-116",
        "review_status": "source-reviewed",
        "geometry": null,
        "placement_status": "deferred",
        "crop_id": "F14-R04C03",
        "fit_revision": "249b2be0b378adec894abc34520f83b009dbf8fd",
        "fit_sha256": "71118fb1eb9f2b87dbd838f1a218692fd8defc793c6549a76cf8730100a72ccb",
        "label_anchors": [
          {
            "box_index": 0,
            "source_pixel_xy": [
              4546.0,
              5232.5
            ],
            "covering_crop_ids": [
              "F14-R04C03"
            ],
            "inside_control_hull": false,
            "status": "derived-lettering-location",
            "projected_xy_m": [
              -6842456.96816947,
              5801957.81845179
            ],
            "lonlat": [
              -61.46683675436758,
              46.13467815612577
            ]
          }
        ],
        "geographic_role": "printed-lettering-only"
      }
    },
    {
      "type": "Feature",
      "id": "F14-CMB-117",
      "geometry": {
        "type": "MultiPoint",
        "coordinates": [
          [
            -61.45667159197808,
            46.13157935003362
          ]
        ]
      },
      "properties": {
        "source_text": "P.O.",
        "kind": "post-office",
        "reading_status": "clear",
        "source_label_boxes_xywh": [
          [
            4725,
            5295,
            85,
            45
          ]
        ],
        "crop_ids": [
          "F14-R04C03"
        ],
        "raw_candidate_ids": [
          "F14-R04C03-08"
        ],
        "review_note": "Native whole-crop and retained original-pixel lettering inspected.",
        "id": "F14-CMB-117",
        "review_status": "source-reviewed",
        "geometry": null,
        "placement_status": "deferred",
        "crop_id": "F14-R04C03",
        "fit_revision": "249b2be0b378adec894abc34520f83b009dbf8fd",
        "fit_sha256": "71118fb1eb9f2b87dbd838f1a218692fd8defc793c6549a76cf8730100a72ccb",
        "label_anchors": [
          {
            "box_index": 0,
            "source_pixel_xy": [
              4767.5,
              5317.5
            ],
            "covering_crop_ids": [
              "F14-R04C03"
            ],
            "inside_control_hull": false,
            "status": "derived-lettering-location",
            "projected_xy_m": [
              -6841325.38746844,
              5801460.03354476
            ],
            "lonlat": [
              -61.45667159197808,
              46.13157935003362
            ]
          }
        ],
        "geographic_role": "printed-lettering-only"
      }
    },
    {
      "type": "Feature",
      "id": "F14-CMB-118",
      "geometry": {
        "type": "MultiPoint",
        "coordinates": [
          [
            -61.44396398569269,
            46.13066461922505
          ]
        ]
      },
      "properties": {
        "source_text": "Mabou Coal Mines",
        "kind": "settlement",
        "reading_status": "clear",
        "source_label_boxes_xywh": [
          [
            4718,
            5300,
            650,
            75
          ]
        ],
        "crop_ids": [
          "F14-R04C03",
          "F14-R04C04"
        ],
        "raw_candidate_ids": [
          "F14-R04C03-09",
          "F14-R04C04-10"
        ],
        "review_note": "complete native box continues into R04C04 overlap",
        "id": "F14-CMB-118",
        "review_status": "source-reviewed",
        "geometry": null,
        "placement_status": "deferred",
        "crop_id": "F14-R04C03",
        "fit_revision": "249b2be0b378adec894abc34520f83b009dbf8fd",
        "fit_sha256": "71118fb1eb9f2b87dbd838f1a218692fd8defc793c6549a76cf8730100a72ccb",
        "label_anchors": [
          {
            "box_index": 0,
            "source_pixel_xy": [
              5043.0,
              5337.5
            ],
            "covering_crop_ids": [
              "F14-R04C03",
              "F14-R04C04"
            ],
            "inside_control_hull": true,
            "status": "derived-lettering-location",
            "projected_xy_m": [
              -6839910.78320755,
              5801313.09869762
            ],
            "lonlat": [
              -61.44396398569269,
              46.13066461922505
            ]
          }
        ],
        "geographic_role": "printed-lettering-only"
      }
    },
    {
      "type": "Feature",
      "id": "F14-CMB-119",
      "geometry": {
        "type": "MultiPoint",
        "coordinates": [
          [
            -61.48178761711909,
            46.12295253912842
          ]
        ]
      },
      "properties": {
        "source_text": "Coal Mine Point",
        "kind": "point",
        "reading_status": "clear",
        "source_label_boxes_xywh": [
          [
            3990,
            5570,
            455,
            70
          ]
        ],
        "crop_ids": [
          "F14-R04C02",
          "F14-R04C03"
        ],
        "raw_candidate_ids": [
          "F14-R04C03-10"
        ],
        "review_note": "Native whole-crop and retained original-pixel lettering inspected.",
        "id": "F14-CMB-119",
        "review_status": "source-reviewed",
        "geometry": null,
        "placement_status": "deferred",
        "crop_id": "F14-R04C02",
        "fit_revision": "249b2be0b378adec894abc34520f83b009dbf8fd",
        "fit_sha256": "71118fb1eb9f2b87dbd838f1a218692fd8defc793c6549a76cf8730100a72ccb",
        "label_anchors": [
          {
            "box_index": 0,
            "source_pixel_xy": [
              4217.5,
              5605.0
            ],
            "covering_crop_ids": [
              "F14-R04C03"
            ],
            "inside_control_hull": false,
            "status": "derived-lettering-location",
            "projected_xy_m": [
              -6844121.29059789,
              5800074.39047117
            ],
            "lonlat": [
              -61.48178761711909,
              46.12295253912842
            ]
          }
        ],
        "geographic_role": "printed-lettering-only"
      }
    },
    {
      "type": "Feature",
      "id": "F14-CMB-120",
      "geometry": {
        "type": "MultiPoint",
        "coordinates": [
          [
            -61.472065707820384,
            46.12412108976652
          ]
        ]
      },
      "properties": {
        "source_text": "Coal",
        "kind": "geological-description",
        "reading_status": "clear",
        "source_label_boxes_xywh": [
          [
            4375,
            5528,
            110,
            65
          ]
        ],
        "crop_ids": [
          "F14-R04C03"
        ],
        "raw_candidate_ids": [
          "F14-R04C03-11"
        ],
        "review_note": "Native whole-crop and retained original-pixel lettering inspected.",
        "id": "F14-CMB-120",
        "review_status": "source-reviewed",
        "geometry": null,
        "placement_status": "deferred",
        "crop_id": "F14-R04C03",
        "fit_revision": "249b2be0b378adec894abc34520f83b009dbf8fd",
        "fit_sha256": "71118fb1eb9f2b87dbd838f1a218692fd8defc793c6549a76cf8730100a72ccb",
        "label_anchors": [
          {
            "box_index": 0,
            "source_pixel_xy": [
              4430.0,
              5560.5
            ],
            "covering_crop_ids": [
              "F14-R04C03"
            ],
            "inside_control_hull": false,
            "status": "derived-lettering-location",
            "projected_xy_m": [
              -6843039.05260522,
              5800262.07100629
            ],
            "lonlat": [
              -61.472065707820384,
              46.12412108976652
            ]
          }
        ],
        "geographic_role": "printed-lettering-only"
      }
    },
    {
      "type": "Feature",
      "id": "F14-CMB-121",
      "geometry": {
        "type": "MultiPoint",
        "coordinates": [
          [
            -61.460158427593235,
            46.12163277460526
          ]
        ]
      },
      "properties": {
        "source_text": "250 Fᵀ.",
        "kind": "printed-height",
        "reading_status": "clear",
        "source_label_boxes_xywh": [
          [
            4620,
            5595,
            150,
            52
          ]
        ],
        "crop_ids": [
          "F14-R04C03"
        ],
        "raw_candidate_ids": [
          "F14-R04C03-12"
        ],
        "review_note": "Native whole-crop and retained original-pixel lettering inspected.",
        "id": "F14-CMB-121",
        "review_status": "source-reviewed",
        "geometry": null,
        "placement_status": "deferred",
        "crop_id": "F14-R04C03",
        "fit_revision": "249b2be0b378adec894abc34520f83b009dbf8fd",
        "fit_sha256": "71118fb1eb9f2b87dbd838f1a218692fd8defc793c6549a76cf8730100a72ccb",
        "label_anchors": [
          {
            "box_index": 0,
            "source_pixel_xy": [
              4695.0,
              5621.0
            ],
            "covering_crop_ids": [
              "F14-R04C03"
            ],
            "inside_control_hull": true,
            "status": "derived-lettering-location",
            "projected_xy_m": [
              -6841713.5402336,
              5799862.42831029
            ],
            "lonlat": [
              -61.460158427593235,
              46.12163277460526
            ]
          }
        ],
        "geographic_role": "printed-lettering-only"
      }
    },
    {
      "type": "Feature",
      "id": "F14-CMB-122",
      "geometry": {
        "type": "MultiPoint",
        "coordinates": [
          [
            -61.46008600060895,
            46.119442420207314
          ]
        ]
      },
      "properties": {
        "source_text": "400 Fᵀ.",
        "kind": "printed-height",
        "reading_status": "clear",
        "source_label_boxes_xywh": [
          [
            4620,
            5662,
            155,
            50
          ]
        ],
        "crop_ids": [
          "F14-R04C03",
          "F14-R05C03"
        ],
        "raw_candidate_ids": [
          "F14-R04C03-13"
        ],
        "review_note": "Native whole-crop and retained original-pixel lettering inspected.",
        "id": "F14-CMB-122",
        "review_status": "source-reviewed",
        "geometry": null,
        "placement_status": "deferred",
        "crop_id": "F14-R04C03",
        "fit_revision": "249b2be0b378adec894abc34520f83b009dbf8fd",
        "fit_sha256": "71118fb1eb9f2b87dbd838f1a218692fd8defc793c6549a76cf8730100a72ccb",
        "label_anchors": [
          {
            "box_index": 0,
            "source_pixel_xy": [
              4697.5,
              5687.0
            ],
            "covering_crop_ids": [
              "F14-R04C03"
            ],
            "inside_control_hull": true,
            "status": "derived-lettering-location",
            "projected_xy_m": [
              -6841705.47769859,
              5799510.65535825
            ],
            "lonlat": [
              -61.46008600060895,
              46.119442420207314
            ]
          }
        ],
        "geographic_role": "printed-lettering-only"
      }
    },
    {
      "type": "Feature",
      "id": "F14-CMB-123",
      "geometry": {
        "type": "MultiPoint",
        "coordinates": [
          [
            -61.4204023403465,
            46.14526059439248
          ]
        ]
      },
      "properties": {
        "source_text": "Mill Brook",
        "kind": "stream",
        "reading_status": "clear",
        "source_label_boxes_xywh": [
          [
            5395,
            4840,
            285,
            105
          ]
        ],
        "crop_ids": [
          "F14-R04C04"
        ],
        "raw_candidate_ids": [
          "F14-R04C04-09"
        ],
        "review_note": "Native whole-crop and retained original-pixel lettering inspected.",
        "id": "F14-CMB-123",
        "review_status": "source-reviewed",
        "geometry": null,
        "placement_status": "deferred",
        "crop_id": "F14-R04C04",
        "fit_revision": "249b2be0b378adec894abc34520f83b009dbf8fd",
        "fit_sha256": "71118fb1eb9f2b87dbd838f1a218692fd8defc793c6549a76cf8730100a72ccb",
        "label_anchors": [
          {
            "box_index": 0,
            "source_pixel_xy": [
              5537.5,
              4892.5
            ],
            "covering_crop_ids": [
              "F14-R04C04"
            ],
            "inside_control_hull": true,
            "status": "derived-lettering-location",
            "projected_xy_m": [
              -6837287.91284536,
              5803657.96758713
            ],
            "lonlat": [
              -61.4204023403465,
              46.14526059439248
            ]
          }
        ],
        "geographic_role": "printed-lettering-only"
      }
    },
    {
      "type": "Feature",
      "id": "F14-CMB-124",
      "geometry": {
        "type": "MultiPoint",
        "coordinates": [
          [
            -61.42006799900847,
            46.126580736802765
          ]
        ]
      },
      "properties": {
        "source_text": "Don MᶜDonald",
        "kind": "person-label",
        "reading_status": "clear",
        "source_label_boxes_xywh": [
          [
            5430,
            5443,
            245,
            62
          ]
        ],
        "crop_ids": [
          "F14-R04C04"
        ],
        "raw_candidate_ids": [
          "F14-R04C04-11"
        ],
        "review_note": "Native whole-crop and retained original-pixel lettering inspected.",
        "id": "F14-CMB-124",
        "review_status": "source-reviewed",
        "geometry": null,
        "placement_status": "deferred",
        "crop_id": "F14-R04C04",
        "fit_revision": "249b2be0b378adec894abc34520f83b009dbf8fd",
        "fit_sha256": "71118fb1eb9f2b87dbd838f1a218692fd8defc793c6549a76cf8730100a72ccb",
        "label_anchors": [
          {
            "box_index": 0,
            "source_pixel_xy": [
              5552.5,
              5474.0
            ],
            "covering_crop_ids": [
              "F14-R04C04"
            ],
            "inside_control_hull": true,
            "status": "derived-lettering-location",
            "projected_xy_m": [
              -6837250.69413786,
              5800657.12711988
            ],
            "lonlat": [
              -61.42006799900847,
              46.126580736802765
            ]
          }
        ],
        "geographic_role": "printed-lettering-only"
      }
    },
    {
      "type": "Feature",
      "id": "F14-CMB-125",
      "geometry": {
        "type": "MultiPoint",
        "coordinates": [
          [
            -61.39762139617123,
            46.12892205205845
          ]
        ]
      },
      "properties": {
        "source_text": "Wᵐ Burke",
        "kind": "person-label",
        "reading_status": "clear",
        "source_label_boxes_xywh": [
          [
            5920,
            5380,
            225,
            65
          ]
        ],
        "crop_ids": [
          "F14-R04C04"
        ],
        "raw_candidate_ids": [
          "F14-R04C04-12"
        ],
        "review_note": "Native whole-crop and retained original-pixel lettering inspected.",
        "id": "F14-CMB-125",
        "review_status": "source-reviewed",
        "geometry": null,
        "placement_status": "deferred",
        "crop_id": "F14-R04C04",
        "fit_revision": "249b2be0b378adec894abc34520f83b009dbf8fd",
        "fit_sha256": "71118fb1eb9f2b87dbd838f1a218692fd8defc793c6549a76cf8730100a72ccb",
        "label_anchors": [
          {
            "box_index": 0,
            "source_pixel_xy": [
              6032.5,
              5412.5
            ],
            "covering_crop_ids": [
              "F14-R04C04"
            ],
            "inside_control_hull": true,
            "status": "derived-lettering-location",
            "projected_xy_m": [
              -6834751.94973998,
              5801033.19376664
            ],
            "lonlat": [
              -61.39762139617123,
              46.12892205205845
            ]
          }
        ],
        "geographic_role": "printed-lettering-only"
      }
    },
    {
      "type": "Feature",
      "id": "F14-CMB-126",
      "geometry": {
        "type": "MultiPoint",
        "coordinates": [
          [
            -61.38420965005579,
            46.11931486812015
          ]
        ]
      },
      "properties": {
        "source_text": "Thomas Burke",
        "kind": "person-label",
        "reading_status": "clear",
        "source_label_boxes_xywh": [
          [
            6160,
            5705,
            285,
            70
          ]
        ],
        "crop_ids": [
          "F14-R04C04",
          "F14-R04C05",
          "F14-R05C04",
          "F14-R05C05"
        ],
        "raw_candidate_ids": [
          "F14-R04C04-13",
          "F14-R04C05-12",
          "F14-R05C04-01",
          "F14-R05C05-01"
        ],
        "review_note": "complete native box continues into R04C05 overlap",
        "id": "F14-CMB-126",
        "review_status": "source-reviewed",
        "geometry": null,
        "placement_status": "deferred",
        "crop_id": "F14-R04C04",
        "fit_revision": "249b2be0b378adec894abc34520f83b009dbf8fd",
        "fit_sha256": "71118fb1eb9f2b87dbd838f1a218692fd8defc793c6549a76cf8730100a72ccb",
        "label_anchors": [
          {
            "box_index": 0,
            "source_pixel_xy": [
              6302.5,
              5740.0
            ],
            "covering_crop_ids": [
              "F14-R04C04",
              "F14-R04C05",
              "F14-R05C04",
              "F14-R05C05"
            ],
            "inside_control_hull": true,
            "status": "derived-lettering-location",
            "projected_xy_m": [
              -6833258.96099176,
              5799490.17080539
            ],
            "lonlat": [
              -61.38420965005579,
              46.11931486812015
            ]
          }
        ],
        "geographic_role": "printed-lettering-only"
      }
    },
    {
      "type": "Feature",
      "id": "F14-CMB-127",
      "geometry": {
        "type": "MultiPoint",
        "coordinates": [
          [
            -61.33758489449705,
            46.13805529812517
          ]
        ]
      },
      "properties": {
        "source_text": "Widow Archie MᶜDonald",
        "kind": "person-label",
        "reading_status": "clear",
        "source_label_boxes_xywh": [
          [
            7070,
            5005,
            350,
            48
          ]
        ],
        "crop_ids": [
          "F14-R04C05",
          "F14-R04C06"
        ],
        "raw_candidate_ids": [
          "F14-R04C05-05"
        ],
        "review_note": "Native whole-crop and retained original-pixel lettering inspected.",
        "id": "F14-CMB-127",
        "review_status": "source-reviewed",
        "geometry": null,
        "placement_status": "deferred",
        "crop_id": "F14-R04C05",
        "fit_revision": "249b2be0b378adec894abc34520f83b009dbf8fd",
        "fit_sha256": "71118fb1eb9f2b87dbd838f1a218692fd8defc793c6549a76cf8730100a72ccb",
        "label_anchors": [
          {
            "box_index": 0,
            "source_pixel_xy": [
              7245.0,
              5029.0
            ],
            "covering_crop_ids": [
              "F14-R04C05"
            ],
            "inside_control_hull": true,
            "status": "derived-lettering-location",
            "projected_xy_m": [
              -6828068.7169446,
              5802500.34648125
            ],
            "lonlat": [
              -61.33758489449705,
              46.13805529812517
            ]
          }
        ],
        "geographic_role": "printed-lettering-only"
      }
    },
    {
      "type": "Feature",
      "id": "F14-CMB-128",
      "geometry": {
        "type": "MultiPoint",
        "coordinates": [
          [
            -61.33062674974836,
            46.130663668619036
          ],
          [
            -61.32322404498904,
            46.13046122368055
          ],
          [
            -61.318109366292774,
            46.13015291958929
          ],
          [
            -61.32803645774437,
            46.12859630361918
          ]
        ]
      },
      "properties": {
        "source_text": "Glen Dhu or Alexander",
        "kind": "settlement",
        "reading_status": "clear",
        "source_label_boxes_xywh": [
          [
            7340,
            5222,
            143,
            55
          ],
          [
            7510,
            5222,
            140,
            53
          ],
          [
            7667,
            5235,
            61,
            40
          ],
          [
            7331,
            5285,
            285,
            55
          ]
        ],
        "crop_ids": [
          "F14-R04C05",
          "F14-R04C06"
        ],
        "raw_candidate_ids": [
          "F14-R04C05-06",
          "F14-R04C05-07",
          "F14-R04C06-04",
          "F14-R04C06-05"
        ],
        "review_note": "Parent full-native audit repaired reviewer boxes that enclosed roads instead of lettering. One complete caption: Glen Dhu or Alexander.",
        "id": "F14-CMB-128",
        "review_status": "source-reviewed",
        "geometry": null,
        "placement_status": "deferred",
        "crop_id": "F14-R04C05",
        "fit_revision": "249b2be0b378adec894abc34520f83b009dbf8fd",
        "fit_sha256": "71118fb1eb9f2b87dbd838f1a218692fd8defc793c6549a76cf8730100a72ccb",
        "label_anchors": [
          {
            "box_index": 0,
            "source_pixel_xy": [
              7411.5,
              5249.5
            ],
            "covering_crop_ids": [
              "F14-R04C05",
              "F14-R04C06"
            ],
            "inside_control_hull": true,
            "status": "derived-lettering-location",
            "projected_xy_m": [
              -6827294.13981431,
              5801312.94600134
            ],
            "lonlat": [
              -61.33062674974836,
              46.130663668619036
            ]
          },
          {
            "box_index": 1,
            "source_pixel_xy": [
              7580.0,
              5248.5
            ],
            "covering_crop_ids": [
              "F14-R04C05",
              "F14-R04C06"
            ],
            "inside_control_hull": true,
            "status": "derived-lettering-location",
            "projected_xy_m": [
              -6826470.07449001,
              5801280.42723886
            ],
            "lonlat": [
              -61.32322404498904,
              46.13046122368055
            ]
          },
          {
            "box_index": 2,
            "source_pixel_xy": [
              7697.5,
              5255.0
            ],
            "covering_crop_ids": [
              "F14-R04C06"
            ],
            "inside_control_hull": true,
            "status": "derived-lettering-location",
            "projected_xy_m": [
              -6825900.71106197,
              5801230.90453355
            ],
            "lonlat": [
              -61.318109366292774,
              46.13015291958929
            ]
          },
          {
            "box_index": 3,
            "source_pixel_xy": [
              7473.5,
              5312.5
            ],
            "covering_crop_ids": [
              "F14-R04C05",
              "F14-R04C06"
            ],
            "inside_control_hull": true,
            "status": "derived-lettering-location",
            "projected_xy_m": [
              -6827005.78982742,
              5800980.87045638
            ],
            "lonlat": [
              -61.32803645774437,
              46.12859630361918
            ]
          }
        ],
        "geographic_role": "printed-lettering-only"
      }
    },
    {
      "type": "Feature",
      "id": "F14-CMB-129",
      "geometry": {
        "type": "MultiPoint",
        "coordinates": [
          [
            -61.36102849263582,
            46.13148775330947
          ]
        ]
      },
      "properties": {
        "source_text": "Angus MᶜDonald",
        "kind": "person-label",
        "reading_status": "clear",
        "source_label_boxes_xywh": [
          [
            6620,
            5252,
            310,
            48
          ]
        ],
        "crop_ids": [
          "F14-R04C05"
        ],
        "raw_candidate_ids": [
          "F14-R04C05-08"
        ],
        "review_note": "Native whole-crop and retained original-pixel lettering inspected.",
        "id": "F14-CMB-129",
        "review_status": "source-reviewed",
        "geometry": null,
        "placement_status": "deferred",
        "crop_id": "F14-R04C05",
        "fit_revision": "249b2be0b378adec894abc34520f83b009dbf8fd",
        "fit_sha256": "71118fb1eb9f2b87dbd838f1a218692fd8defc793c6549a76cf8730100a72ccb",
        "label_anchors": [
          {
            "box_index": 0,
            "source_pixel_xy": [
              6775.0,
              5276.0
            ],
            "covering_crop_ids": [
              "F14-R04C05"
            ],
            "inside_control_hull": true,
            "status": "derived-lettering-location",
            "projected_xy_m": [
              -6830678.44635177,
              5801445.32008906
            ],
            "lonlat": [
              -61.36102849263582,
              46.13148775330947
            ]
          }
        ],
        "geographic_role": "printed-lettering-only"
      }
    },
    {
      "type": "Feature",
      "id": "F14-CMB-130",
      "geometry": {
        "type": "MultiPoint",
        "coordinates": [
          [
            -61.37864202696756,
            46.13803086417256
          ]
        ]
      },
      "properties": {
        "source_text": "Fall",
        "kind": "waterfall",
        "reading_status": "clear",
        "source_label_boxes_xywh": [
          [
            6375,
            5080,
            100,
            46
          ]
        ],
        "crop_ids": [
          "F14-R04C04",
          "F14-R04C05"
        ],
        "raw_candidate_ids": [
          "F14-R04C05-09"
        ],
        "review_note": "Native whole-crop and retained original-pixel lettering inspected.",
        "id": "F14-CMB-130",
        "review_status": "source-reviewed",
        "geometry": null,
        "placement_status": "deferred",
        "crop_id": "F14-R04C04",
        "fit_revision": "249b2be0b378adec894abc34520f83b009dbf8fd",
        "fit_sha256": "71118fb1eb9f2b87dbd838f1a218692fd8defc793c6549a76cf8730100a72ccb",
        "label_anchors": [
          {
            "box_index": 0,
            "source_pixel_xy": [
              6425.0,
              5103.0
            ],
            "covering_crop_ids": [
              "F14-R04C05"
            ],
            "inside_control_hull": true,
            "status": "derived-lettering-location",
            "projected_xy_m": [
              -6832639.17602465,
              5802496.42111841
            ],
            "lonlat": [
              -61.37864202696756,
              46.13803086417256
            ]
          }
        ],
        "geographic_role": "printed-lettering-only"
      }
    },
    {
      "type": "Feature",
      "id": "F14-CMB-131",
      "geometry": {
        "type": "MultiPoint",
        "coordinates": [
          [
            -61.36740638518752,
            46.12370622831175
          ]
        ]
      },
      "properties": {
        "source_text": "Rapids",
        "kind": "rapids",
        "reading_status": "clear",
        "source_label_boxes_xywh": [
          [
            6605,
            5505,
            150,
            48
          ]
        ],
        "crop_ids": [
          "F14-R04C05"
        ],
        "raw_candidate_ids": [
          "F14-R04C05-10"
        ],
        "review_note": "Native whole-crop and retained original-pixel lettering inspected.",
        "id": "F14-CMB-131",
        "review_status": "source-reviewed",
        "geometry": null,
        "placement_status": "deferred",
        "crop_id": "F14-R04C05",
        "fit_revision": "249b2be0b378adec894abc34520f83b009dbf8fd",
        "fit_sha256": "71118fb1eb9f2b87dbd838f1a218692fd8defc793c6549a76cf8730100a72ccb",
        "label_anchors": [
          {
            "box_index": 0,
            "source_pixel_xy": [
              6680.0,
              5529.0
            ],
            "covering_crop_ids": [
              "F14-R04C05"
            ],
            "inside_control_hull": true,
            "status": "derived-lettering-location",
            "projected_xy_m": [
              -6831388.43010296,
              5800195.43978819
            ],
            "lonlat": [
              -61.36740638518752,
              46.12370622831175
            ]
          }
        ],
        "geographic_role": "printed-lettering-only"
      }
    },
    {
      "type": "Feature",
      "id": "F14-CMB-132",
      "geometry": {
        "type": "MultiPoint",
        "coordinates": [
          [
            -61.3757587012721,
            46.12223867753741
          ]
        ]
      },
      "properties": {
        "source_text": "Boyle",
        "kind": "person-label",
        "reading_status": "clear",
        "source_label_boxes_xywh": [
          [
            6450,
            5580,
            115,
            45
          ]
        ],
        "crop_ids": [
          "F14-R04C05"
        ],
        "raw_candidate_ids": [
          "F14-R04C05-11"
        ],
        "review_note": "Native whole-crop and retained original-pixel lettering inspected.",
        "id": "F14-CMB-132",
        "review_status": "source-reviewed",
        "geometry": null,
        "placement_status": "deferred",
        "crop_id": "F14-R04C05",
        "fit_revision": "249b2be0b378adec894abc34520f83b009dbf8fd",
        "fit_sha256": "71118fb1eb9f2b87dbd838f1a218692fd8defc793c6549a76cf8730100a72ccb",
        "label_anchors": [
          {
            "box_index": 0,
            "source_pixel_xy": [
              6507.5,
              5602.5
            ],
            "covering_crop_ids": [
              "F14-R04C05"
            ],
            "inside_control_hull": true,
            "status": "derived-lettering-location",
            "projected_xy_m": [
              -6832318.20567644,
              5799959.73935366
            ],
            "lonlat": [
              -61.3757587012721,
              46.12223867753741
            ]
          }
        ],
        "geographic_role": "printed-lettering-only"
      }
    },
    {
      "type": "Feature",
      "id": "F14-CMB-133",
      "geometry": {
        "type": "MultiPoint",
        "coordinates": [
          [
            -61.36468952592842,
            46.11841461163382
          ]
        ]
      },
      "properties": {
        "source_text": "Fall",
        "kind": "waterfall",
        "reading_status": "clear",
        "source_label_boxes_xywh": [
          [
            6700,
            5670,
            105,
            46
          ]
        ],
        "crop_ids": [
          "F14-R04C05",
          "F14-R05C05"
        ],
        "raw_candidate_ids": [
          "F14-R04C05-13",
          "F14-R05C05-04"
        ],
        "review_note": "Native whole-crop and retained original-pixel lettering inspected.",
        "id": "F14-CMB-133",
        "review_status": "source-reviewed",
        "geometry": null,
        "placement_status": "deferred",
        "crop_id": "F14-R04C05",
        "fit_revision": "249b2be0b378adec894abc34520f83b009dbf8fd",
        "fit_sha256": "71118fb1eb9f2b87dbd838f1a218692fd8defc793c6549a76cf8730100a72ccb",
        "label_anchors": [
          {
            "box_index": 0,
            "source_pixel_xy": [
              6752.5,
              5693.0
            ],
            "covering_crop_ids": [
              "F14-R04C05"
            ],
            "inside_control_hull": true,
            "status": "derived-lettering-location",
            "projected_xy_m": [
              -6831085.99071368,
              5799345.59316658
            ],
            "lonlat": [
              -61.36468952592842,
              46.11841461163382
            ]
          }
        ],
        "geographic_role": "printed-lettering-only"
      }
    },
    {
      "type": "Feature",
      "id": "F14-CMB-134",
      "geometry": {
        "type": "MultiPoint",
        "coordinates": [
          [
            -61.30295419832579,
            46.14307502379111
          ]
        ]
      },
      "properties": {
        "source_text": "Black Brook",
        "kind": "stream",
        "reading_status": "clear",
        "source_label_boxes_xywh": [
          [
            7850,
            4630,
            375,
            395
          ]
        ],
        "crop_ids": [
          "F14-R03C06",
          "F14-R04C06"
        ],
        "raw_candidate_ids": [
          "F14-R04C06-02",
          "F14-R04C06-03"
        ],
        "review_note": "curving caption",
        "id": "F14-CMB-134",
        "review_status": "source-reviewed",
        "geometry": null,
        "placement_status": "deferred",
        "crop_id": "F14-R03C06",
        "fit_revision": "249b2be0b378adec894abc34520f83b009dbf8fd",
        "fit_sha256": "71118fb1eb9f2b87dbd838f1a218692fd8defc793c6549a76cf8730100a72ccb",
        "label_anchors": [
          {
            "box_index": 0,
            "source_pixel_xy": [
              8037.5,
              4827.5
            ],
            "covering_crop_ids": [
              "F14-R04C06"
            ],
            "inside_control_hull": true,
            "status": "derived-lettering-location",
            "projected_xy_m": [
              -6824213.645481,
              5803306.81228372
            ],
            "lonlat": [
              -61.30295419832579,
              46.14307502379111
            ]
          }
        ],
        "geographic_role": "printed-lettering-only"
      }
    },
    {
      "type": "Feature",
      "id": "F14-CMB-135",
      "geometry": {
        "type": "MultiPoint",
        "coordinates": [
          [
            -61.30846921402975,
            46.123050998157275
          ]
        ]
      },
      "properties": {
        "source_text": "School",
        "kind": "school",
        "reading_status": "clear",
        "source_label_boxes_xywh": [
          [
            7855,
            5465,
            135,
            48
          ]
        ],
        "crop_ids": [
          "F14-R04C06"
        ],
        "raw_candidate_ids": [
          "F14-R04C06-06"
        ],
        "review_note": "Native whole-crop and retained original-pixel lettering inspected.",
        "id": "F14-CMB-135",
        "review_status": "source-reviewed",
        "geometry": null,
        "placement_status": "deferred",
        "crop_id": "F14-R04C06",
        "fit_revision": "249b2be0b378adec894abc34520f83b009dbf8fd",
        "fit_sha256": "71118fb1eb9f2b87dbd838f1a218692fd8defc793c6549a76cf8730100a72ccb",
        "label_anchors": [
          {
            "box_index": 0,
            "source_pixel_xy": [
              7922.5,
              5489.0
            ],
            "covering_crop_ids": [
              "F14-R04C06"
            ],
            "inside_control_hull": true,
            "status": "derived-lettering-location",
            "projected_xy_m": [
              -6824827.57422088,
              5800090.20378996
            ],
            "lonlat": [
              -61.30846921402975,
              46.123050998157275
            ]
          }
        ],
        "geographic_role": "printed-lettering-only"
      }
    },
    {
      "type": "Feature",
      "id": "F14-CMB-136",
      "geometry": {
        "type": "MultiPoint",
        "coordinates": [
          [
            -61.316117919231246,
            46.11302618449325
          ]
        ]
      },
      "properties": {
        "source_text": "Brook comes out",
        "kind": "geological-description",
        "reading_status": "clear",
        "source_label_boxes_xywh": [
          [
            7590,
            5800,
            310,
            75
          ]
        ],
        "crop_ids": [
          "F14-R04C05",
          "F14-R04C06",
          "F14-R05C05",
          "F14-R05C06"
        ],
        "raw_candidate_ids": [
          "F14-R04C06-10",
          "F14-R05C06-03"
        ],
        "review_note": "same printed instance visible in the R04/R05 overlap; raw candidates from both crops retained",
        "id": "F14-CMB-136",
        "review_status": "source-reviewed",
        "geometry": null,
        "placement_status": "deferred",
        "crop_id": "F14-R04C05",
        "fit_revision": "249b2be0b378adec894abc34520f83b009dbf8fd",
        "fit_sha256": "71118fb1eb9f2b87dbd838f1a218692fd8defc793c6549a76cf8730100a72ccb",
        "label_anchors": [
          {
            "box_index": 0,
            "source_pixel_xy": [
              7745.0,
              5837.5
            ],
            "covering_crop_ids": [
              "F14-R04C06",
              "F14-R05C06"
            ],
            "inside_control_hull": true,
            "status": "derived-lettering-location",
            "projected_xy_m": [
              -6825679.02418914,
              5798480.28241049
            ],
            "lonlat": [
              -61.316117919231246,
              46.11302618449325
            ]
          }
        ],
        "geographic_role": "printed-lettering-only"
      }
    },
    {
      "type": "Feature",
      "id": "F14-CMB-137",
      "geometry": {
        "type": "MultiPoint",
        "coordinates": [
          [
            -61.277829608623406,
            46.11558405883978
          ],
          [
            -61.26639293576453,
            46.11512698612075
          ]
        ]
      },
      "properties": {
        "source_text": "Mound Young",
        "kind": "settlement",
        "reading_status": "tentative",
        "source_label_boxes_xywh": [
          [
            8492,
            5700,
            226,
            58
          ],
          [
            8762,
            5700,
            208,
            69
          ]
        ],
        "crop_ids": [
          "F14-R04C06",
          "F14-R04C07",
          "F14-R05C06",
          "F14-R05C07"
        ],
        "raw_candidate_ids": [
          "F14-R04C06-08",
          "F14-R04C07-02",
          "F14-R05C06-01",
          "F14-R05C07-01"
        ],
        "review_note": "Native lettering resembles Mound Young; model reads Mount. Preserve the qualified source reading instead of silently normalizing the final d/t.",
        "id": "F14-CMB-137",
        "review_status": "source-reviewed",
        "geometry": null,
        "placement_status": "deferred",
        "crop_id": "F14-R04C06",
        "fit_revision": "249b2be0b378adec894abc34520f83b009dbf8fd",
        "fit_sha256": "71118fb1eb9f2b87dbd838f1a218692fd8defc793c6549a76cf8730100a72ccb",
        "label_anchors": [
          {
            "box_index": 0,
            "source_pixel_xy": [
              8605.0,
              5729.0
            ],
            "covering_crop_ids": [
              "F14-R04C06",
              "F14-R04C07",
              "F14-R05C06",
              "F14-R05C07"
            ],
            "inside_control_hull": true,
            "status": "derived-lettering-location",
            "projected_xy_m": [
              -6821416.78894894,
              5798891.03294728
            ],
            "lonlat": [
              -61.277829608623406,
              46.11558405883978
            ]
          },
          {
            "box_index": 1,
            "source_pixel_xy": [
              8866.0,
              5734.5
            ],
            "covering_crop_ids": [
              "F14-R04C07",
              "F14-R05C07"
            ],
            "inside_control_hull": true,
            "status": "derived-lettering-location",
            "projected_xy_m": [
              -6820143.66434992,
              5798817.63354694
            ],
            "lonlat": [
              -61.26639293576453,
              46.11512698612075
            ]
          }
        ],
        "geographic_role": "printed-lettering-only"
      }
    },
    {
      "type": "Feature",
      "id": "F14-CMB-138",
      "geometry": {
        "type": "MultiPoint",
        "coordinates": [
          [
            -61.485080436152835,
            46.112388981208454
          ]
        ]
      },
      "properties": {
        "source_text": "Beaton Point",
        "kind": "point",
        "reading_status": "clear",
        "source_label_boxes_xywh": [
          [
            3965,
            5905,
            350,
            60
          ]
        ],
        "crop_ids": [
          "F14-R05C02",
          "F14-R05C03"
        ],
        "raw_candidate_ids": [
          "F14-R05C03-01"
        ],
        "review_note": "Native whole-crop and retained original-pixel lettering inspected.",
        "id": "F14-CMB-138",
        "review_status": "source-reviewed",
        "geometry": null,
        "placement_status": "deferred",
        "crop_id": "F14-R05C02",
        "fit_revision": "249b2be0b378adec894abc34520f83b009dbf8fd",
        "fit_sha256": "71118fb1eb9f2b87dbd838f1a218692fd8defc793c6549a76cf8730100a72ccb",
        "label_anchors": [
          {
            "box_index": 0,
            "source_pixel_xy": [
              4140.0,
              5935.0
            ],
            "covering_crop_ids": [
              "F14-R05C03"
            ],
            "inside_control_hull": false,
            "status": "derived-lettering-location",
            "projected_xy_m": [
              -6844487.845536,
              5798377.96151084
            ],
            "lonlat": [
              -61.485080436152835,
              46.112388981208454
            ]
          }
        ],
        "geographic_role": "printed-lettering-only"
      }
    },
    {
      "type": "Feature",
      "id": "F14-CMB-139",
      "geometry": {
        "type": "MultiPoint",
        "coordinates": [
          [
            -61.47027234331246,
            46.10990782212295
          ]
        ]
      },
      "properties": {
        "source_text": "500 Fᵀ.",
        "kind": "printed-height",
        "reading_status": "clear",
        "source_label_boxes_xywh": [
          [
            4390,
            5970,
            155,
            48
          ]
        ],
        "crop_ids": [
          "F14-R05C03"
        ],
        "raw_candidate_ids": [
          "F14-R05C03-02"
        ],
        "review_note": "Native whole-crop and retained original-pixel lettering inspected.",
        "id": "F14-CMB-139",
        "review_status": "source-reviewed",
        "geometry": null,
        "placement_status": "deferred",
        "crop_id": "F14-R05C03",
        "fit_revision": "249b2be0b378adec894abc34520f83b009dbf8fd",
        "fit_sha256": "71118fb1eb9f2b87dbd838f1a218692fd8defc793c6549a76cf8730100a72ccb",
        "label_anchors": [
          {
            "box_index": 0,
            "source_pixel_xy": [
              4467.5,
              5994.0
            ],
            "covering_crop_ids": [
              "F14-R05C03"
            ],
            "inside_control_hull": false,
            "status": "derived-lettering-location",
            "projected_xy_m": [
              -6842839.41618139,
              5797979.55294346
            ],
            "lonlat": [
              -61.47027234331246,
              46.10990782212295
            ]
          }
        ],
        "geographic_role": "printed-lettering-only"
      }
    },
    {
      "type": "Feature",
      "id": "F14-CMB-140",
      "geometry": {
        "type": "MultiPoint",
        "coordinates": [
          [
            -61.454936916175626,
            46.1102318643152
          ]
        ]
      },
      "properties": {
        "source_text": "760 Fᵀ.",
        "kind": "printed-height",
        "reading_status": "clear",
        "source_label_boxes_xywh": [
          [
            4730,
            5935,
            170,
            50
          ]
        ],
        "crop_ids": [
          "F14-R05C03"
        ],
        "raw_candidate_ids": [
          "F14-R05C03-03"
        ],
        "review_note": "Native whole-crop and retained original-pixel lettering inspected.",
        "id": "F14-CMB-140",
        "review_status": "source-reviewed",
        "geometry": null,
        "placement_status": "deferred",
        "crop_id": "F14-R05C03",
        "fit_revision": "249b2be0b378adec894abc34520f83b009dbf8fd",
        "fit_sha256": "71118fb1eb9f2b87dbd838f1a218692fd8defc793c6549a76cf8730100a72ccb",
        "label_anchors": [
          {
            "box_index": 0,
            "source_pixel_xy": [
              4815.0,
              5960.0
            ],
            "covering_crop_ids": [
              "F14-R05C03"
            ],
            "inside_control_hull": false,
            "status": "derived-lettering-location",
            "projected_xy_m": [
              -6841132.28424142,
              5798031.58453627
            ],
            "lonlat": [
              -61.454936916175626,
              46.1102318643152
            ]
          }
        ],
        "geographic_role": "printed-lettering-only"
      }
    },
    {
      "type": "Feature",
      "id": "F14-CMB-141",
      "geometry": {
        "type": "MultiPoint",
        "coordinates": [
          [
            -61.45130251274844,
            46.10146966187573
          ]
        ]
      },
      "properties": {
        "source_text": "760 Fᵀ.",
        "kind": "printed-height",
        "reading_status": "clear",
        "source_label_boxes_xywh": [
          [
            4790,
            6220,
            175,
            48
          ]
        ],
        "crop_ids": [
          "F14-R05C03"
        ],
        "raw_candidate_ids": [
          "F14-R05C03-04"
        ],
        "review_note": "Native whole-crop and retained original-pixel lettering inspected.",
        "id": "F14-CMB-141",
        "review_status": "source-reviewed",
        "geometry": null,
        "placement_status": "deferred",
        "crop_id": "F14-R05C03",
        "fit_revision": "249b2be0b378adec894abc34520f83b009dbf8fd",
        "fit_sha256": "71118fb1eb9f2b87dbd838f1a218692fd8defc793c6549a76cf8730100a72ccb",
        "label_anchors": [
          {
            "box_index": 0,
            "source_pixel_xy": [
              4877.5,
              6244.0
            ],
            "covering_crop_ids": [
              "F14-R05C03"
            ],
            "inside_control_hull": false,
            "status": "derived-lettering-location",
            "projected_xy_m": [
              -6840727.70430257,
              5796624.7416403
            ],
            "lonlat": [
              -61.45130251274844,
              46.10146966187573
            ]
          }
        ],
        "geographic_role": "printed-lettering-only"
      }
    },
    {
      "type": "Feature",
      "id": "F14-CMB-142",
      "geometry": {
        "type": "MultiPoint",
        "coordinates": [
          [
            -61.470042910902485,
            46.1026502798979
          ]
        ]
      },
      "properties": {
        "source_text": "Diorite dykes",
        "kind": "geological-description",
        "reading_status": "clear",
        "source_label_boxes_xywh": [
          [
            4335,
            6205,
            255,
            42
          ]
        ],
        "crop_ids": [
          "F14-R05C03"
        ],
        "raw_candidate_ids": [
          "F14-R05C03-05"
        ],
        "review_note": "Native whole-crop and retained original-pixel lettering inspected.",
        "id": "F14-CMB-142",
        "review_status": "source-reviewed",
        "geometry": null,
        "placement_status": "deferred",
        "crop_id": "F14-R05C03",
        "fit_revision": "249b2be0b378adec894abc34520f83b009dbf8fd",
        "fit_sha256": "71118fb1eb9f2b87dbd838f1a218692fd8defc793c6549a76cf8730100a72ccb",
        "label_anchors": [
          {
            "box_index": 0,
            "source_pixel_xy": [
              4462.5,
              6226.0
            ],
            "covering_crop_ids": [
              "F14-R05C03"
            ],
            "inside_control_hull": false,
            "status": "derived-lettering-location",
            "projected_xy_m": [
              -6842813.87588234,
              5796814.28643549
            ],
            "lonlat": [
              -61.470042910902485,
              46.1026502798979
            ]
          }
        ],
        "geographic_role": "printed-lettering-only"
      }
    },
    {
      "type": "Feature",
      "id": "F14-CMB-143",
      "geometry": {
        "type": "MultiPoint",
        "coordinates": [
          [
            -61.47104569582042,
            46.101571728226276
          ]
        ]
      },
      "properties": {
        "source_text": "100 Fᵀ.",
        "kind": "printed-height",
        "reading_status": "clear",
        "source_label_boxes_xywh": [
          [
            4355,
            6240,
            165,
            46
          ]
        ],
        "crop_ids": [
          "F14-R05C03"
        ],
        "raw_candidate_ids": [
          "F14-R05C03-06"
        ],
        "review_note": "Native whole-crop and retained original-pixel lettering inspected.",
        "id": "F14-CMB-143",
        "review_status": "source-reviewed",
        "geometry": null,
        "placement_status": "deferred",
        "crop_id": "F14-R05C03",
        "fit_revision": "249b2be0b378adec894abc34520f83b009dbf8fd",
        "fit_sha256": "71118fb1eb9f2b87dbd838f1a218692fd8defc793c6549a76cf8730100a72ccb",
        "label_anchors": [
          {
            "box_index": 0,
            "source_pixel_xy": [
              4437.5,
              6263.0
            ],
            "covering_crop_ids": [
              "F14-R05C03"
            ],
            "inside_control_hull": false,
            "status": "derived-lettering-location",
            "projected_xy_m": [
              -6842925.50538878,
              5796641.12793622
            ],
            "lonlat": [
              -61.47104569582042,
              46.101571728226276
            ]
          }
        ],
        "geographic_role": "printed-lettering-only"
      }
    },
    {
      "type": "Feature",
      "id": "F14-CMB-144",
      "geometry": {
        "type": "MultiPoint",
        "coordinates": [
          [
            -61.472151305736375,
            46.09790350914114
          ]
        ]
      },
      "properties": {
        "source_text": "400 Fᵀ.",
        "kind": "printed-height",
        "reading_status": "clear",
        "source_label_boxes_xywh": [
          [
            4320,
            6365,
            165,
            45
          ]
        ],
        "crop_ids": [
          "F14-R05C03"
        ],
        "raw_candidate_ids": [
          "F14-R05C03-07"
        ],
        "review_note": "Native whole-crop and retained original-pixel lettering inspected.",
        "id": "F14-CMB-144",
        "review_status": "source-reviewed",
        "geometry": null,
        "placement_status": "deferred",
        "crop_id": "F14-R05C03",
        "fit_revision": "249b2be0b378adec894abc34520f83b009dbf8fd",
        "fit_sha256": "71118fb1eb9f2b87dbd838f1a218692fd8defc793c6549a76cf8730100a72ccb",
        "label_anchors": [
          {
            "box_index": 0,
            "source_pixel_xy": [
              4402.5,
              6387.5
            ],
            "covering_crop_ids": [
              "F14-R05C03"
            ],
            "inside_control_hull": false,
            "status": "derived-lettering-location",
            "projected_xy_m": [
              -6843048.58132164,
              5796052.23081905
            ],
            "lonlat": [
              -61.472151305736375,
              46.09790350914114
            ]
          }
        ],
        "geographic_role": "printed-lettering-only"
      }
    },
    {
      "type": "Feature",
      "id": "F14-CMB-145",
      "geometry": {
        "type": "MultiPoint",
        "coordinates": [
          [
            -61.465459855799786,
            46.09640261207645
          ]
        ]
      },
      "properties": {
        "source_text": "440 Fᵀ.",
        "kind": "printed-height",
        "reading_status": "clear",
        "source_label_boxes_xywh": [
          [
            4465,
            6410,
            160,
            45
          ]
        ],
        "crop_ids": [
          "F14-R05C03"
        ],
        "raw_candidate_ids": [
          "F14-R05C03-08"
        ],
        "review_note": "Native whole-crop and retained original-pixel lettering inspected.",
        "id": "F14-CMB-145",
        "review_status": "source-reviewed",
        "geometry": null,
        "placement_status": "deferred",
        "crop_id": "F14-R05C03",
        "fit_revision": "249b2be0b378adec894abc34520f83b009dbf8fd",
        "fit_sha256": "71118fb1eb9f2b87dbd838f1a218692fd8defc793c6549a76cf8730100a72ccb",
        "label_anchors": [
          {
            "box_index": 0,
            "source_pixel_xy": [
              4545.0,
              6432.5
            ],
            "covering_crop_ids": [
              "F14-R05C03"
            ],
            "inside_control_hull": false,
            "status": "derived-lettering-location",
            "projected_xy_m": [
              -6842303.69252203,
              5795811.28759699
            ],
            "lonlat": [
              -61.465459855799786,
              46.09640261207645
            ]
          }
        ],
        "geographic_role": "printed-lettering-only"
      }
    },
    {
      "type": "Feature",
      "id": "F14-CMB-146",
      "geometry": {
        "type": "MultiPoint",
        "coordinates": [
          [
            -61.48829273267864,
            46.09857210738465
          ]
        ]
      },
      "properties": {
        "source_text": "Grooved and polished rocks",
        "kind": "geological-description",
        "reading_status": "clear",
        "source_label_boxes_xywh": [
          [
            3905,
            6340,
            285,
            85
          ]
        ],
        "crop_ids": [
          "F14-R05C02",
          "F14-R05C03"
        ],
        "raw_candidate_ids": [
          "F14-R05C02-01",
          "F14-R05C02-02",
          "F14-R05C03-09"
        ],
        "review_note": "Native whole-crop and retained original-pixel lettering inspected.",
        "id": "F14-CMB-146",
        "review_status": "source-reviewed",
        "geometry": null,
        "placement_status": "deferred",
        "crop_id": "F14-R05C02",
        "fit_revision": "249b2be0b378adec894abc34520f83b009dbf8fd",
        "fit_sha256": "71118fb1eb9f2b87dbd838f1a218692fd8defc793c6549a76cf8730100a72ccb",
        "label_anchors": [
          {
            "box_index": 0,
            "source_pixel_xy": [
              4047.5,
              6382.5
            ],
            "covering_crop_ids": [
              "F14-R05C03"
            ],
            "inside_control_hull": false,
            "status": "derived-lettering-location",
            "projected_xy_m": [
              -6844845.43674953,
              5796159.56488474
            ],
            "lonlat": [
              -61.48829273267864,
              46.09857210738465
            ]
          }
        ],
        "geographic_role": "printed-lettering-only"
      }
    },
    {
      "type": "Feature",
      "id": "F14-CMB-147",
      "geometry": {
        "type": "MultiPoint",
        "coordinates": [
          [
            -61.48853862084949,
            46.09677474828732
          ]
        ]
      },
      "properties": {
        "source_text": "Green Point",
        "kind": "point",
        "reading_status": "clear",
        "source_label_boxes_xywh": [
          [
            3880,
            6415,
            315,
            55
          ]
        ],
        "crop_ids": [
          "F14-R05C02",
          "F14-R05C03"
        ],
        "raw_candidate_ids": [
          "F14-R05C02-03",
          "F14-R05C03-10"
        ],
        "review_note": "Native whole-crop and retained original-pixel lettering inspected.",
        "id": "F14-CMB-147",
        "review_status": "source-reviewed",
        "geometry": null,
        "placement_status": "deferred",
        "crop_id": "F14-R05C02",
        "fit_revision": "249b2be0b378adec894abc34520f83b009dbf8fd",
        "fit_sha256": "71118fb1eb9f2b87dbd838f1a218692fd8defc793c6549a76cf8730100a72ccb",
        "label_anchors": [
          {
            "box_index": 0,
            "source_pixel_xy": [
              4037.5,
              6442.5
            ],
            "covering_crop_ids": [
              "F14-R05C03"
            ],
            "inside_control_hull": false,
            "status": "derived-lettering-location",
            "projected_xy_m": [
              -6844872.8088955,
              5795871.02705688
            ],
            "lonlat": [
              -61.48853862084949,
              46.09677474828732
            ]
          }
        ],
        "geographic_role": "printed-lettering-only"
      }
    },
    {
      "type": "Feature",
      "id": "F14-CMB-148",
      "geometry": {
        "type": "MultiPoint",
        "coordinates": [
          [
            -61.436104540454885,
            46.1108506928812
          ]
        ]
      },
      "properties": {
        "source_text": "700 Fᵀ.",
        "kind": "printed-height",
        "reading_status": "clear",
        "source_label_boxes_xywh": [
          [
            5135,
            5920,
            165,
            48
          ]
        ],
        "crop_ids": [
          "F14-R05C03",
          "F14-R05C04"
        ],
        "raw_candidate_ids": [
          "F14-R05C04-02"
        ],
        "review_note": "Native whole-crop and retained original-pixel lettering inspected.",
        "id": "F14-CMB-148",
        "review_status": "source-reviewed",
        "geometry": null,
        "placement_status": "deferred",
        "crop_id": "F14-R05C03",
        "fit_revision": "249b2be0b378adec894abc34520f83b009dbf8fd",
        "fit_sha256": "71118fb1eb9f2b87dbd838f1a218692fd8defc793c6549a76cf8730100a72ccb",
        "label_anchors": [
          {
            "box_index": 0,
            "source_pixel_xy": [
              5217.5,
              5944.0
            ],
            "covering_crop_ids": [
              "F14-R05C04"
            ],
            "inside_control_hull": true,
            "status": "derived-lettering-location",
            "projected_xy_m": [
              -6839035.87376576,
              5798130.95095257
            ],
            "lonlat": [
              -61.436104540454885,
              46.1108506928812
            ]
          }
        ],
        "geographic_role": "printed-lettering-only"
      }
    },
    {
      "type": "Feature",
      "id": "F14-CMB-149",
      "geometry": {
        "type": "MultiPoint",
        "coordinates": [
          [
            -61.43353453347955,
            46.10599818481047
          ]
        ]
      },
      "properties": {
        "source_text": "700 Fᵀ.",
        "kind": "printed-height",
        "reading_status": "clear",
        "source_label_boxes_xywh": [
          [
            5175,
            6085,
            165,
            48
          ]
        ],
        "crop_ids": [
          "F14-R05C03",
          "F14-R05C04"
        ],
        "raw_candidate_ids": [
          "F14-R05C04-03"
        ],
        "review_note": "Native whole-crop and retained original-pixel lettering inspected.",
        "id": "F14-CMB-149",
        "review_status": "source-reviewed",
        "geometry": null,
        "placement_status": "deferred",
        "crop_id": "F14-R05C03",
        "fit_revision": "249b2be0b378adec894abc34520f83b009dbf8fd",
        "fit_sha256": "71118fb1eb9f2b87dbd838f1a218692fd8defc793c6549a76cf8730100a72ccb",
        "label_anchors": [
          {
            "box_index": 0,
            "source_pixel_xy": [
              5257.5,
              6109.0
            ],
            "covering_crop_ids": [
              "F14-R05C04"
            ],
            "inside_control_hull": true,
            "status": "derived-lettering-location",
            "projected_xy_m": [
              -6838749.78189793,
              5797351.80492359
            ],
            "lonlat": [
              -61.43353453347955,
              46.10599818481047
            ]
          }
        ],
        "geographic_role": "printed-lettering-only"
      }
    },
    {
      "type": "Feature",
      "id": "F14-CMB-150",
      "geometry": {
        "type": "MultiPoint",
        "coordinates": [
          [
            -61.426761532955766,
            46.0974507083464
          ]
        ]
      },
      "properties": {
        "source_text": "870 Fᵀ.",
        "kind": "printed-height",
        "reading_status": "clear",
        "source_label_boxes_xywh": [
          [
            5245,
            6425,
            170,
            45
          ]
        ],
        "crop_ids": [
          "F14-R05C04"
        ],
        "raw_candidate_ids": [
          "F14-R05C04-04"
        ],
        "review_note": "Native whole-crop and retained original-pixel lettering inspected.",
        "id": "F14-CMB-150",
        "review_status": "source-reviewed",
        "geometry": null,
        "placement_status": "deferred",
        "crop_id": "F14-R05C04",
        "fit_revision": "249b2be0b378adec894abc34520f83b009dbf8fd",
        "fit_sha256": "71118fb1eb9f2b87dbd838f1a218692fd8defc793c6549a76cf8730100a72ccb",
        "label_anchors": [
          {
            "box_index": 0,
            "source_pixel_xy": [
              5330.0,
              6447.5
            ],
            "covering_crop_ids": [
              "F14-R05C04"
            ],
            "inside_control_hull": false,
            "status": "derived-lettering-location",
            "projected_xy_m": [
              -6837995.81492848,
              5795979.54074467
            ],
            "lonlat": [
              -61.426761532955766,
              46.0974507083464
            ]
          }
        ],
        "geographic_role": "printed-lettering-only"
      }
    },
    {
      "type": "Feature",
      "id": "F14-CMB-151",
      "geometry": {
        "type": "MultiPoint",
        "coordinates": [
          [
            -61.376805447792584,
            46.10443344687738
          ],
          [
            -61.36746833600405,
            46.10683532495886
          ],
          [
            -61.3664997796771,
            46.10992216800248
          ]
        ]
      },
      "properties": {
        "source_text": "Northeast Mabou River",
        "kind": "stream",
        "reading_status": "clear",
        "source_label_boxes_xywh": [
          [
            6070,
            6380,
            330,
            80
          ],
          [
            6410,
            6225,
            180,
            120
          ],
          [
            6583,
            6006,
            114,
            132
          ]
        ],
        "crop_ids": [
          "F14-R05C04",
          "F14-R05C05"
        ],
        "raw_candidate_ids": [
          "F14-R05C04-05",
          "F14-R05C05-07",
          "F14-R05C05-08",
          "F14-R05C05-09",
          "F14-R05C05-13"
        ],
        "review_note": "one continuous curving stream caption across R05C04/R05C05",
        "id": "F14-CMB-151",
        "review_status": "source-reviewed",
        "geometry": null,
        "placement_status": "deferred",
        "crop_id": "F14-R05C04",
        "fit_revision": "249b2be0b378adec894abc34520f83b009dbf8fd",
        "fit_sha256": "71118fb1eb9f2b87dbd838f1a218692fd8defc793c6549a76cf8730100a72ccb",
        "label_anchors": [
          {
            "box_index": 0,
            "source_pixel_xy": [
              6235.0,
              6420.0
            ],
            "covering_crop_ids": [
              "F14-R05C04",
              "F14-R05C05"
            ],
            "inside_control_hull": false,
            "status": "derived-lettering-location",
            "projected_xy_m": [
              -6832434.72896609,
              5797100.57641125
            ],
            "lonlat": [
              -61.376805447792584,
              46.10443344687738
            ]
          },
          {
            "box_index": 1,
            "source_pixel_xy": [
              6500.0,
              6285.0
            ],
            "covering_crop_ids": [
              "F14-R05C05"
            ],
            "inside_control_hull": true,
            "status": "derived-lettering-location",
            "projected_xy_m": [
              -6831395.32643631,
              5797486.2159655
            ],
            "lonlat": [
              -61.36746833600405,
              46.10683532495886
            ]
          },
          {
            "box_index": 2,
            "source_pixel_xy": [
              6640.0,
              6072.0
            ],
            "covering_crop_ids": [
              "F14-R05C05"
            ],
            "inside_control_hull": true,
            "status": "derived-lettering-location",
            "projected_xy_m": [
              -6831287.50723919,
              5797981.85646097
            ],
            "lonlat": [
              -61.3664997796771,
              46.10992216800248
            ]
          }
        ],
        "geographic_role": "printed-lettering-only"
      }
    },
    {
      "type": "Feature",
      "id": "F14-CMB-152",
      "geometry": {
        "type": "MultiPoint",
        "coordinates": [
          [
            -61.366499938852016,
            46.11293076933156
          ]
        ]
      },
      "properties": {
        "source_text": "Mill",
        "kind": "mill",
        "reading_status": "clear",
        "source_label_boxes_xywh": [
          [
            6655,
            5885,
            100,
            43
          ]
        ],
        "crop_ids": [
          "F14-R04C05",
          "F14-R05C05"
        ],
        "raw_candidate_ids": [
          "F14-R05C05-02"
        ],
        "review_note": "Native whole-crop and retained original-pixel lettering inspected.",
        "id": "F14-CMB-152",
        "review_status": "source-reviewed",
        "geometry": null,
        "placement_status": "deferred",
        "crop_id": "F14-R04C05",
        "fit_revision": "249b2be0b378adec894abc34520f83b009dbf8fd",
        "fit_sha256": "71118fb1eb9f2b87dbd838f1a218692fd8defc793c6549a76cf8730100a72ccb",
        "label_anchors": [
          {
            "box_index": 0,
            "source_pixel_xy": [
              6705.0,
              5906.5
            ],
            "covering_crop_ids": [
              "F14-R05C05"
            ],
            "inside_control_hull": true,
            "status": "derived-lettering-location",
            "projected_xy_m": [
              -6831287.52495846,
              5798464.96074878
            ],
            "lonlat": [
              -61.366499938852016,
              46.11293076933156
            ]
          }
        ],
        "geographic_role": "printed-lettering-only"
      }
    },
    {
      "type": "Feature",
      "id": "F14-CMB-153",
      "geometry": {
        "type": "MultiPoint",
        "coordinates": [
          [
            -61.36251006082854,
            46.111561391397885
          ]
        ]
      },
      "properties": {
        "source_text": "Fall",
        "kind": "waterfall",
        "reading_status": "clear",
        "source_label_boxes_xywh": [
          [
            6735,
            5925,
            95,
            45
          ]
        ],
        "crop_ids": [
          "F14-R05C05"
        ],
        "raw_candidate_ids": [
          "F14-R05C05-03"
        ],
        "review_note": "Native whole-crop and retained original-pixel lettering inspected.",
        "id": "F14-CMB-153",
        "review_status": "source-reviewed",
        "geometry": null,
        "placement_status": "deferred",
        "crop_id": "F14-R05C05",
        "fit_revision": "249b2be0b378adec894abc34520f83b009dbf8fd",
        "fit_sha256": "71118fb1eb9f2b87dbd838f1a218692fd8defc793c6549a76cf8730100a72ccb",
        "label_anchors": [
          {
            "box_index": 0,
            "source_pixel_xy": [
              6782.5,
              5947.5
            ],
            "covering_crop_ids": [
              "F14-R05C05"
            ],
            "inside_control_hull": true,
            "status": "derived-lettering-location",
            "projected_xy_m": [
              -6830843.37376856,
              5798245.07046856
            ],
            "lonlat": [
              -61.36251006082854,
              46.111561391397885
            ]
          }
        ],
        "geographic_role": "printed-lettering-only"
      }
    },
    {
      "type": "Feature",
      "id": "F14-CMB-154",
      "geometry": {
        "type": "MultiPoint",
        "coordinates": [
          [
            -61.354247725738205,
            46.110895587193376
          ]
        ]
      },
      "properties": {
        "source_text": "School",
        "kind": "school",
        "reading_status": "clear",
        "source_label_boxes_xywh": [
          [
            6880,
            5925,
            135,
            43
          ]
        ],
        "crop_ids": [
          "F14-R05C05"
        ],
        "raw_candidate_ids": [
          "F14-R05C05-05"
        ],
        "review_note": "Native whole-crop and retained original-pixel lettering inspected.",
        "id": "F14-CMB-154",
        "review_status": "source-reviewed",
        "geometry": null,
        "placement_status": "deferred",
        "crop_id": "F14-R05C05",
        "fit_revision": "249b2be0b378adec894abc34520f83b009dbf8fd",
        "fit_sha256": "71118fb1eb9f2b87dbd838f1a218692fd8defc793c6549a76cf8730100a72ccb",
        "label_anchors": [
          {
            "box_index": 0,
            "source_pixel_xy": [
              6947.5,
              5946.5
            ],
            "covering_crop_ids": [
              "F14-R05C05"
            ],
            "inside_control_hull": true,
            "status": "derived-lettering-location",
            "projected_xy_m": [
              -6829923.61483354,
              5798138.15975646
            ],
            "lonlat": [
              -61.354247725738205,
              46.110895587193376
            ]
          }
        ],
        "geographic_role": "printed-lettering-only"
      }
    },
    {
      "type": "Feature",
      "id": "F14-CMB-155",
      "geometry": {
        "type": "MultiPoint",
        "coordinates": [
          [
            -61.33586422180636,
            46.11068913711878
          ]
        ]
      },
      "properties": {
        "source_text": "Saw Mill",
        "kind": "mill",
        "reading_status": "clear",
        "source_label_boxes_xywh": [
          [
            7225,
            5895,
            175,
            50
          ]
        ],
        "crop_ids": [
          "F14-R04C05",
          "F14-R05C05"
        ],
        "raw_candidate_ids": [
          "F14-R05C05-06"
        ],
        "review_note": "Native whole-crop and retained original-pixel lettering inspected.",
        "id": "F14-CMB-155",
        "review_status": "source-reviewed",
        "geometry": null,
        "placement_status": "deferred",
        "crop_id": "F14-R04C05",
        "fit_revision": "249b2be0b378adec894abc34520f83b009dbf8fd",
        "fit_sha256": "71118fb1eb9f2b87dbd838f1a218692fd8defc793c6549a76cf8730100a72ccb",
        "label_anchors": [
          {
            "box_index": 0,
            "source_pixel_xy": [
              7312.5,
              5920.0
            ],
            "covering_crop_ids": [
              "F14-R05C05"
            ],
            "inside_control_hull": true,
            "status": "derived-lettering-location",
            "projected_xy_m": [
              -6827877.17253685,
              5798105.0095455
            ],
            "lonlat": [
              -61.33586422180636,
              46.11068913711878
            ]
          }
        ],
        "geographic_role": "printed-lettering-only"
      }
    },
    {
      "type": "Feature",
      "id": "F14-CMB-156",
      "geometry": {
        "type": "MultiPoint",
        "coordinates": [
          [
            -61.34453447534419,
            46.10745674447378
          ],
          [
            -61.33379038576556,
            46.11678627489134
          ]
        ]
      },
      "properties": {
        "source_text": "Glendyer Brook",
        "kind": "stream",
        "reading_status": "clear",
        "source_label_boxes_xywh": [
          [
            7035,
            5950,
            165,
            237
          ],
          [
            7280,
            5610,
            168,
            183
          ]
        ],
        "crop_ids": [
          "F14-R04C05",
          "F14-R04C06",
          "F14-R05C05",
          "F14-R05C06"
        ],
        "raw_candidate_ids": [
          "F14-R04C05-14",
          "F14-R05C05-10",
          "F14-R05C05-12"
        ],
        "review_note": "Complete curved Glendyer Brook lettering traced across rows; retained in reading order, with no modern-name inference.",
        "id": "F14-CMB-156",
        "review_status": "source-reviewed",
        "geometry": null,
        "placement_status": "deferred",
        "crop_id": "F14-R04C05",
        "fit_revision": "249b2be0b378adec894abc34520f83b009dbf8fd",
        "fit_sha256": "71118fb1eb9f2b87dbd838f1a218692fd8defc793c6549a76cf8730100a72ccb",
        "label_anchors": [
          {
            "box_index": 0,
            "source_pixel_xy": [
              7117.5,
              6068.5
            ],
            "covering_crop_ids": [
              "F14-R05C05"
            ],
            "inside_control_hull": true,
            "status": "derived-lettering-location",
            "projected_xy_m": [
              -6828842.34074573,
              5797585.99226898
            ],
            "lonlat": [
              -61.34453447534419,
              46.10745674447378
            ]
          },
          {
            "box_index": 1,
            "source_pixel_xy": [
              7364.0,
              5701.5
            ],
            "covering_crop_ids": [
              "F14-R04C05",
              "F14-R05C05"
            ],
            "inside_control_hull": true,
            "status": "derived-lettering-location",
            "projected_xy_m": [
              -6827646.3141648,
              5799084.09471209
            ],
            "lonlat": [
              -61.33379038576556,
              46.11678627489134
            ]
          }
        ],
        "geographic_role": "printed-lettering-only"
      }
    },
    {
      "type": "Feature",
      "id": "F14-CMB-157",
      "geometry": {
        "type": "MultiPoint",
        "coordinates": [
          [
            -61.349714619612726,
            46.100429583858215
          ]
        ]
      },
      "properties": {
        "source_text": "Shop",
        "kind": "shop",
        "reading_status": "clear",
        "source_label_boxes_xywh": [
          [
            6825,
            6435,
            110,
            43
          ]
        ],
        "crop_ids": [
          "F14-R05C05"
        ],
        "raw_candidate_ids": [
          "F14-R05C05-11"
        ],
        "review_note": "Native whole-crop and retained original-pixel lettering inspected.",
        "id": "F14-CMB-157",
        "review_status": "source-reviewed",
        "geometry": null,
        "placement_status": "deferred",
        "crop_id": "F14-R05C05",
        "fit_revision": "249b2be0b378adec894abc34520f83b009dbf8fd",
        "fit_sha256": "71118fb1eb9f2b87dbd838f1a218692fd8defc793c6549a76cf8730100a72ccb",
        "label_anchors": [
          {
            "box_index": 0,
            "source_pixel_xy": [
              6880.0,
              6456.5
            ],
            "covering_crop_ids": [
              "F14-R05C05"
            ],
            "inside_control_hull": false,
            "status": "derived-lettering-location",
            "projected_xy_m": [
              -6829418.99176794,
              5796457.76349758
            ],
            "lonlat": [
              -61.349714619612726,
              46.100429583858215
            ]
          }
        ],
        "geographic_role": "printed-lettering-only"
      }
    },
    {
      "type": "Feature",
      "id": "F14-CMB-158",
      "geometry": {
        "type": "MultiPoint",
        "coordinates": [
          [
            -61.30402488168305,
            46.101756829508666
          ]
        ]
      },
      "properties": {
        "source_text": "Brook runs underground",
        "kind": "geological-description",
        "reading_status": "clear",
        "source_label_boxes_xywh": [
          [
            7790,
            6220,
            365,
            48
          ]
        ],
        "crop_ids": [
          "F14-R05C06"
        ],
        "raw_candidate_ids": [
          "F14-R05C06-04"
        ],
        "review_note": "Native whole-crop and retained original-pixel lettering inspected.",
        "id": "F14-CMB-158",
        "review_status": "source-reviewed",
        "geometry": null,
        "placement_status": "deferred",
        "crop_id": "F14-R05C06",
        "fit_revision": "249b2be0b378adec894abc34520f83b009dbf8fd",
        "fit_sha256": "71118fb1eb9f2b87dbd838f1a218692fd8defc793c6549a76cf8730100a72ccb",
        "label_anchors": [
          {
            "box_index": 0,
            "source_pixel_xy": [
              7972.5,
              6244.0
            ],
            "covering_crop_ids": [
              "F14-R05C06"
            ],
            "inside_control_hull": false,
            "status": "derived-lettering-location",
            "projected_xy_m": [
              -6824332.83340713,
              5796670.84519633
            ],
            "lonlat": [
              -61.30402488168305,
              46.101756829508666
            ]
          }
        ],
        "geographic_role": "printed-lettering-only"
      }
    },
    {
      "type": "Feature",
      "id": "F14-CMB-159",
      "geometry": {
        "type": "MultiPoint",
        "coordinates": [
          [
            -61.26536928455181,
            46.10518795247909
          ]
        ]
      },
      "properties": {
        "source_text": "Mill",
        "kind": "mill",
        "reading_status": "clear",
        "source_label_boxes_xywh": [
          [
            8815,
            6050,
            95,
            43
          ]
        ],
        "crop_ids": [
          "F14-R05C07"
        ],
        "raw_candidate_ids": [
          "F14-R05C07-03"
        ],
        "review_note": "Native whole-crop and retained original-pixel lettering inspected.",
        "id": "F14-CMB-159",
        "review_status": "source-reviewed",
        "geometry": null,
        "placement_status": "deferred",
        "crop_id": "F14-R05C07",
        "fit_revision": "249b2be0b378adec894abc34520f83b009dbf8fd",
        "fit_sha256": "71118fb1eb9f2b87dbd838f1a218692fd8defc793c6549a76cf8730100a72ccb",
        "label_anchors": [
          {
            "box_index": 0,
            "source_pixel_xy": [
              8862.5,
              6071.5
            ],
            "covering_crop_ids": [
              "F14-R05C07"
            ],
            "inside_control_hull": true,
            "status": "derived-lettering-location",
            "projected_xy_m": [
              -6820029.71201817,
              5797221.71613879
            ],
            "lonlat": [
              -61.26536928455181,
              46.10518795247909
            ]
          }
        ],
        "geographic_role": "printed-lettering-only"
      }
    },
    {
      "type": "Feature",
      "id": "F14-CMB-160",
      "geometry": {
        "type": "MultiPoint",
        "coordinates": [
          [
            -61.25281022590953,
            46.10535706513511
          ]
        ]
      },
      "properties": {
        "source_text": "P.O.",
        "kind": "post-office",
        "reading_status": "clear",
        "source_label_boxes_xywh": [
          [
            9118,
            6025,
            92,
            40
          ]
        ],
        "crop_ids": [
          "F14-R05C07"
        ],
        "raw_candidate_ids": [
          "F14-R05C07-04"
        ],
        "review_note": "Native whole-crop and retained original-pixel lettering inspected.",
        "id": "F14-CMB-160",
        "review_status": "source-reviewed",
        "geometry": null,
        "placement_status": "deferred",
        "crop_id": "F14-R05C07",
        "fit_revision": "249b2be0b378adec894abc34520f83b009dbf8fd",
        "fit_sha256": "71118fb1eb9f2b87dbd838f1a218692fd8defc793c6549a76cf8730100a72ccb",
        "label_anchors": [
          {
            "box_index": 0,
            "source_pixel_xy": [
              9164.0,
              6045.0
            ],
            "covering_crop_ids": [
              "F14-R05C07"
            ],
            "inside_control_hull": false,
            "status": "derived-lettering-location",
            "projected_xy_m": [
              -6818631.64400527,
              5797248.86826681
            ],
            "lonlat": [
              -61.25281022590953,
              46.10535706513511
            ]
          }
        ],
        "geographic_role": "printed-lettering-only"
      }
    },
    {
      "type": "Feature",
      "id": "F14-CMB-161",
      "geometry": {
        "type": "MultiPoint",
        "coordinates": [
          [
            -61.24736456831463,
            46.10420223398578
          ]
        ]
      },
      "properties": {
        "source_text": "Hay River",
        "kind": "stream",
        "reading_status": "clear",
        "source_label_boxes_xywh": [
          [
            9100,
            6050,
            375,
            58
          ]
        ],
        "crop_ids": [
          "F14-R05C07"
        ],
        "raw_candidate_ids": [
          "F14-R05C07-05",
          "F14-R05C07-06"
        ],
        "review_note": "Native whole-crop and retained original-pixel lettering inspected.",
        "id": "F14-CMB-161",
        "review_status": "source-reviewed",
        "geometry": null,
        "placement_status": "deferred",
        "crop_id": "F14-R05C07",
        "fit_revision": "249b2be0b378adec894abc34520f83b009dbf8fd",
        "fit_sha256": "71118fb1eb9f2b87dbd838f1a218692fd8defc793c6549a76cf8730100a72ccb",
        "label_anchors": [
          {
            "box_index": 0,
            "source_pixel_xy": [
              9287.5,
              6079.0
            ],
            "covering_crop_ids": [
              "F14-R05C07"
            ],
            "inside_control_hull": false,
            "status": "derived-lettering-location",
            "projected_xy_m": [
              -6818025.43617477,
              5797063.45433261
            ],
            "lonlat": [
              -61.24736456831463,
              46.10420223398578
            ]
          }
        ],
        "geographic_role": "printed-lettering-only"
      }
    },
    {
      "type": "Feature",
      "id": "F14-CMB-162",
      "geometry": {
        "type": "MultiPoint",
        "coordinates": [
          [
            -61.275842276239445,
            46.11417367398062
          ]
        ]
      },
      "properties": {
        "source_text": "School",
        "kind": "school",
        "reading_status": "clear",
        "source_label_boxes_xywh": [
          [
            8575,
            5750,
            145,
            50
          ]
        ],
        "crop_ids": [
          "F14-R04C06",
          "F14-R04C07",
          "F14-R05C06",
          "F14-R05C07"
        ],
        "raw_candidate_ids": [
          "F14-R04C06-09",
          "F14-R05C06-02",
          "F14-R05C07-02"
        ],
        "review_note": "distinct school immediately below Mount Young",
        "id": "F14-CMB-162",
        "review_status": "source-reviewed",
        "geometry": null,
        "placement_status": "deferred",
        "crop_id": "F14-R04C06",
        "fit_revision": "249b2be0b378adec894abc34520f83b009dbf8fd",
        "fit_sha256": "71118fb1eb9f2b87dbd838f1a218692fd8defc793c6549a76cf8730100a72ccb",
        "label_anchors": [
          {
            "box_index": 0,
            "source_pixel_xy": [
              8647.5,
              5775.0
            ],
            "covering_crop_ids": [
              "F14-R04C06",
              "F14-R04C07",
              "F14-R05C06",
              "F14-R05C07"
            ],
            "inside_control_hull": true,
            "status": "derived-lettering-location",
            "projected_xy_m": [
              -6821195.56011992,
              5798664.54708803
            ],
            "lonlat": [
              -61.275842276239445,
              46.11417367398062
            ]
          }
        ],
        "geographic_role": "printed-lettering-only"
      }
    },
    {
      "type": "Feature",
      "id": "F14-CMB-163",
      "geometry": {
        "type": "MultiPoint",
        "coordinates": [
          [
            -61.45723819785158,
            46.1398243218703
          ]
        ]
      },
      "properties": {
        "source_text": "School",
        "kind": "school",
        "reading_status": "clear",
        "source_label_boxes_xywh": [
          [
            4680,
            5045,
            145,
            50
          ]
        ],
        "crop_ids": [
          "F14-R04C03"
        ],
        "raw_candidate_ids": [],
        "review_note": "Native whole-crop and retained original-pixel lettering inspected.",
        "id": "F14-CMB-163",
        "review_status": "source-reviewed",
        "geometry": null,
        "placement_status": "deferred",
        "crop_id": "F14-R04C03",
        "fit_revision": "249b2be0b378adec894abc34520f83b009dbf8fd",
        "fit_sha256": "71118fb1eb9f2b87dbd838f1a218692fd8defc793c6549a76cf8730100a72ccb",
        "label_anchors": [
          {
            "box_index": 0,
            "source_pixel_xy": [
              4752.5,
              5070.0
            ],
            "covering_crop_ids": [
              "F14-R04C03"
            ],
            "inside_control_hull": false,
            "status": "derived-lettering-location",
            "projected_xy_m": [
              -6841388.46174576,
              5802784.54827522
            ],
            "lonlat": [
              -61.45723819785158,
              46.1398243218703
            ]
          }
        ],
        "geographic_role": "printed-lettering-only"
      }
    },
    {
      "type": "Feature",
      "id": "F14-CMB-164",
      "geometry": {
        "type": "MultiPoint",
        "coordinates": [
          [
            -61.3366755845604,
            46.132520827202754
          ]
        ]
      },
      "properties": {
        "source_text": "P.O.",
        "kind": "post-office",
        "reading_status": "clear",
        "source_label_boxes_xywh": [
          [
            7230,
            5175,
            85,
            50
          ]
        ],
        "crop_ids": [
          "F14-R04C05"
        ],
        "raw_candidate_ids": [],
        "review_note": "Native whole-crop and retained original-pixel lettering inspected.",
        "id": "F14-CMB-164",
        "review_status": "source-reviewed",
        "geometry": null,
        "placement_status": "deferred",
        "crop_id": "F14-R04C05",
        "fit_revision": "249b2be0b378adec894abc34520f83b009dbf8fd",
        "fit_sha256": "71118fb1eb9f2b87dbd838f1a218692fd8defc793c6549a76cf8730100a72ccb",
        "label_anchors": [
          {
            "box_index": 0,
            "source_pixel_xy": [
              7272.5,
              5200.0
            ],
            "covering_crop_ids": [
              "F14-R04C05"
            ],
            "inside_control_hull": true,
            "status": "derived-lettering-location",
            "projected_xy_m": [
              -6827967.49302548,
              5801611.26725614
            ],
            "lonlat": [
              -61.3366755845604,
              46.132520827202754
            ]
          }
        ],
        "geographic_role": "printed-lettering-only"
      }
    },
    {
      "type": "Feature",
      "id": "F14-CMB-165",
      "geometry": {
        "type": "MultiPoint",
        "coordinates": [
          [
            -61.339867260218895,
            46.12641275351426
          ]
        ]
      },
      "properties": {
        "source_text": "Forge",
        "kind": "forge",
        "reading_status": "clear",
        "source_label_boxes_xywh": [
          [
            7160,
            5370,
            115,
            50
          ]
        ],
        "crop_ids": [
          "F14-R04C05"
        ],
        "raw_candidate_ids": [
          "F14-R04C05-15"
        ],
        "review_note": "Native whole-crop and retained original-pixel lettering inspected.",
        "id": "F14-CMB-165",
        "review_status": "source-reviewed",
        "geometry": null,
        "placement_status": "deferred",
        "crop_id": "F14-R04C05",
        "fit_revision": "249b2be0b378adec894abc34520f83b009dbf8fd",
        "fit_sha256": "71118fb1eb9f2b87dbd838f1a218692fd8defc793c6549a76cf8730100a72ccb",
        "label_anchors": [
          {
            "box_index": 0,
            "source_pixel_xy": [
              7217.5,
              5395.0
            ],
            "covering_crop_ids": [
              "F14-R04C05"
            ],
            "inside_control_hull": true,
            "status": "derived-lettering-location",
            "projected_xy_m": [
              -6828322.78873456,
              5800630.14592929
            ],
            "lonlat": [
              -61.339867260218895,
              46.12641275351426
            ]
          }
        ],
        "geographic_role": "printed-lettering-only"
      }
    },
    {
      "type": "Feature",
      "id": "F14-CMB-166",
      "geometry": {
        "type": "MultiPoint",
        "coordinates": [
          [
            -61.25465443305203,
            46.10616467415564
          ]
        ]
      },
      "properties": {
        "source_text": "Shop",
        "kind": "shop",
        "reading_status": "clear",
        "source_label_boxes_xywh": [
          [
            9065,
            5995,
            115,
            50
          ]
        ],
        "crop_ids": [
          "F14-R05C07"
        ],
        "raw_candidate_ids": [],
        "review_note": "Native whole-crop and retained original-pixel lettering inspected.",
        "id": "F14-CMB-166",
        "review_status": "source-reviewed",
        "geometry": null,
        "placement_status": "deferred",
        "crop_id": "F14-R05C07",
        "fit_revision": "249b2be0b378adec894abc34520f83b009dbf8fd",
        "fit_sha256": "71118fb1eb9f2b87dbd838f1a218692fd8defc793c6549a76cf8730100a72ccb",
        "label_anchors": [
          {
            "box_index": 0,
            "source_pixel_xy": [
              9122.5,
              6020.0
            ],
            "covering_crop_ids": [
              "F14-R05C07"
            ],
            "inside_control_hull": true,
            "status": "derived-lettering-location",
            "projected_xy_m": [
              -6818836.94020529,
              5797378.53625438
            ],
            "lonlat": [
              -61.25465443305203,
              46.10616467415564
            ]
          }
        ],
        "geographic_role": "printed-lettering-only"
      }
    }
  ]
}
