{
  "type": "FeatureCollection",
  "sheet": 22,
  "provenance": {
    "fit_revision": "a6619d96ba8fa8279ea6a8027654a92b15942b9d",
    "fit_pr": "https://github.com/dfakkeldy/ns-marks-the-spot/pull/380",
    "fit_path": "reports/fletcher/hawkesbury-full-sheet/boundary-fit.json",
    "fit_sha256": "e96a8934ae42cc6dbc079e69afebb743c05decf0a61f19ac24eb620be48c32ed",
    "input_sha256": {
      "reports/fletcher/hawkesbury-full-sheet/boundary-fit.json": "e96a8934ae42cc6dbc079e69afebb743c05decf0a61f19ac24eb620be48c32ed",
      "reports/fletcher/sheet22/boundary.json": "2e58a9529f5dbb238e8739d468a74a3f9c771b2574f1b19c46bf43697c3124fc",
      "docs/fletcher/label-extraction/highway19-production/sheet-22-reviewed.json": "a17c32b6ad4d8d735fd4eed5098fef8d0798e41e16a0ee2600dfd5c22ec45572",
      "docs/fletcher/label-extraction/highway19-production/sheet-22-manifest.json": "d2572a87f462c659c0fb60cf04fd71d6042ed7ce99e7a4e184b8761fb42ebe7c",
      "reports/fletcher/full-sheets/sheet-22-controls.csv": "1e7c4ef6a74e9cc0cba026ac88d4abd69c47dd272845c47d8448568146a60eaa",
      "reports/fletcher/full-sheets/hawkesbury-boundary-render-receipt.json": "94eb7d2cf08274061d63771b3c58aa740109692ba2c687ce566a6836f340156c",
      "reports/fletcher/hawkesbury-full-sheet/boundary-diagnostic-checks.json": "baf52a32736f73d3b91e7472dc6aadcd3277184954123b99e2c26f4d03c3a544"
    }
  },
  "source_sha256": "b2dd6efed654eba240b0db7077c760577154ed049e86ce001573c1bb41b10ed9",
  "source_dimensions_px": [
    10790,
    7687
  ],
  "source_frame": {
    "origin": "full scan top-left",
    "axes": "x right, y down",
    "scale_to_fit_xy": [
      1,
      1
    ],
    "offset_to_fit_xy": [
      0,
      0
    ],
    "rotation_degrees": 0,
    "anchor_convention": "Continuous pixel-edge coordinates: xywh box centre (x+w/2,y+h/2), passed unchanged to native GCP TPS; no half-pixel shift.",
    "resampled_raster_pixels_used": false
  },
  "method": "GDAL TPS in EPSG:3857, then inverse spherical Mercator to GeoJSON longitude/latitude (OGC:CRS84)",
  "gdal_version": "GDAL 3.9.0, released 2024/05/07 (debug build)",
  "geographic_role": "Lettering box centres, not feature symbols, sites, boundaries or ownership. Feature placement remains deferred.",
  "accuracy": "Approximate PR #380 fits; working accuracy targets not uniformly satisfied. See full-sheets/README.md. No new geographic acceptance.",
  "credit": "David Rumsey Map Collection, David Rumsey Map Center, Stanford University Libraries",
  "manifest_url": "https://www.davidrumsey.com/luna/servlet/iiif/m/RUMSEY~8~1~2647~290015/manifest",
  "imagery_licence_url": "https://creativecommons.org/licenses/by-nc-sa/3.0/",
  "verification": {
    "annotation_count": 301,
    "box_count": 436,
    "derived_anchor_count": 435,
    "complete_geometry_count": 300,
    "max_control_residual_projected_m": 8.586369880747876e-09,
    "frozen_check_count": 17,
    "max_frozen_check_difference_projected_m": 2.7939677238464355e-09
  },
  "features": [
    {
      "type": "Feature",
      "id": "F22-HAW-001",
      "geometry": {
        "type": "MultiPoint",
        "coordinates": [
          [
            -61.46050037313736,
            45.74511615514314
          ]
        ]
      },
      "properties": {
        "id": "F22-HAW-001",
        "source_text": "School",
        "kind": "school",
        "reading_status": "clear",
        "crop_id": "F22-R01C03",
        "raw_candidate_id": "F22-R01C03-01",
        "source_label_boxes_xywh": [
          [
            4460,
            1052,
            80,
            30
          ]
        ],
        "review_status": "source-reviewed",
        "geometry": null,
        "placement_status": "deferred",
        "fit_revision": "a6619d96ba8fa8279ea6a8027654a92b15942b9d",
        "fit_sha256": "e96a8934ae42cc6dbc079e69afebb743c05decf0a61f19ac24eb620be48c32ed",
        "label_anchors": [
          {
            "box_index": 0,
            "source_pixel_xy": [
              4500.0,
              1067.0
            ],
            "covering_crop_ids": [
              "F22-R01C03"
            ],
            "inside_control_hull": false,
            "status": "derived-lettering-location",
            "projected_xy_m": [
              -6841751.60543745,
              5739597.56302034
            ],
            "lonlat": [
              -61.46050037313736,
              45.74511615514314
            ]
          }
        ],
        "geographic_role": "printed-lettering-only"
      }
    },
    {
      "type": "Feature",
      "id": "F22-HAW-002",
      "geometry": {
        "type": "MultiPoint",
        "coordinates": [
          [
            -61.46568262759773,
            45.745091009192905
          ]
        ]
      },
      "properties": {
        "id": "F22-HAW-002",
        "source_text": "Shop",
        "kind": "shop",
        "reading_status": "clear",
        "crop_id": "F22-R01C03",
        "raw_candidate_id": "F22-R01C03-02",
        "source_label_boxes_xywh": [
          [
            4360,
            1050,
            61,
            33
          ]
        ],
        "review_status": "source-reviewed",
        "geometry": null,
        "placement_status": "deferred",
        "fit_revision": "a6619d96ba8fa8279ea6a8027654a92b15942b9d",
        "fit_sha256": "e96a8934ae42cc6dbc079e69afebb743c05decf0a61f19ac24eb620be48c32ed",
        "label_anchors": [
          {
            "box_index": 0,
            "source_pixel_xy": [
              4390.5,
              1066.5
            ],
            "covering_crop_ids": [
              "F22-R01C03"
            ],
            "inside_control_hull": false,
            "status": "derived-lettering-location",
            "projected_xy_m": [
              -6842328.49136514,
              5739593.5518035
            ],
            "lonlat": [
              -61.46568262759773,
              45.745091009192905
            ]
          }
        ],
        "geographic_role": "printed-lettering-only"
      }
    },
    {
      "type": "Feature",
      "id": "F22-HAW-003",
      "geometry": {
        "type": "MultiPoint",
        "coordinates": [
          [
            -61.45397881167343,
            45.73526356315527
          ]
        ]
      },
      "properties": {
        "id": "F22-HAW-003",
        "source_text": "Craignish",
        "kind": "settlement",
        "reading_status": "clear",
        "crop_id": "F22-R01C03",
        "raw_candidate_id": "F22-R01C03-03",
        "source_label_boxes_xywh": [
          [
            4491,
            1359,
            274,
            55
          ]
        ],
        "review_status": "source-reviewed",
        "geometry": null,
        "placement_status": "deferred",
        "fit_revision": "a6619d96ba8fa8279ea6a8027654a92b15942b9d",
        "fit_sha256": "e96a8934ae42cc6dbc079e69afebb743c05decf0a61f19ac24eb620be48c32ed",
        "label_anchors": [
          {
            "box_index": 0,
            "source_pixel_xy": [
              4628.0,
              1386.5
            ],
            "covering_crop_ids": [
              "F22-R01C03"
            ],
            "inside_control_hull": true,
            "status": "derived-lettering-location",
            "projected_xy_m": [
              -6841025.62853611,
              5738026.041385
            ],
            "lonlat": [
              -61.45397881167343,
              45.73526356315527
            ]
          }
        ],
        "geographic_role": "printed-lettering-only"
      }
    },
    {
      "type": "Feature",
      "id": "F22-HAW-004",
      "geometry": {
        "type": "MultiPoint",
        "coordinates": [
          [
            -61.45476465115794,
            45.73364233808826
          ]
        ]
      },
      "properties": {
        "id": "F22-HAW-004",
        "source_text": "R.C.Church",
        "kind": "church",
        "reading_status": "clear",
        "crop_id": "F22-R01C03",
        "raw_candidate_id": "F22-R01C03-04",
        "source_label_boxes_xywh": [
          [
            4532,
            1422,
            155,
            33
          ]
        ],
        "review_status": "source-reviewed",
        "geometry": null,
        "placement_status": "deferred",
        "fit_revision": "a6619d96ba8fa8279ea6a8027654a92b15942b9d",
        "fit_sha256": "e96a8934ae42cc6dbc079e69afebb743c05decf0a61f19ac24eb620be48c32ed",
        "label_anchors": [
          {
            "box_index": 0,
            "source_pixel_xy": [
              4609.5,
              1438.5
            ],
            "covering_crop_ids": [
              "F22-R01C03"
            ],
            "inside_control_hull": true,
            "status": "derived-lettering-location",
            "projected_xy_m": [
              -6841113.10778737,
              5737767.47708852
            ],
            "lonlat": [
              -61.45476465115794,
              45.73364233808826
            ]
          }
        ],
        "geographic_role": "printed-lettering-only"
      }
    },
    {
      "type": "Feature",
      "id": "F22-HAW-005",
      "geometry": {
        "type": "MultiPoint",
        "coordinates": [
          [
            -61.459901428612056,
            45.727065651718554
          ]
        ]
      },
      "properties": {
        "id": "F22-HAW-005",
        "source_text": "P.O.",
        "kind": "post_office",
        "reading_status": "clear",
        "crop_id": "F22-R01C03",
        "raw_candidate_id": "F22-R01C03-05",
        "source_label_boxes_xywh": [
          [
            4462,
            1625,
            60,
            31
          ]
        ],
        "review_status": "source-reviewed",
        "geometry": null,
        "placement_status": "deferred",
        "fit_revision": "a6619d96ba8fa8279ea6a8027654a92b15942b9d",
        "fit_sha256": "e96a8934ae42cc6dbc079e69afebb743c05decf0a61f19ac24eb620be48c32ed",
        "label_anchors": [
          {
            "box_index": 0,
            "source_pixel_xy": [
              4492.0,
              1640.5
            ],
            "covering_crop_ids": [
              "F22-R01C03"
            ],
            "inside_control_hull": true,
            "status": "derived-lettering-location",
            "projected_xy_m": [
              -6841684.93123788,
              5736718.65819122
            ],
            "lonlat": [
              -61.459901428612056,
              45.727065651718554
            ]
          }
        ],
        "geographic_role": "printed-lettering-only"
      }
    },
    {
      "type": "Feature",
      "id": "F22-HAW-006",
      "geometry": {
        "type": "MultiPoint",
        "coordinates": [
          [
            -61.473250034343366,
            45.71676443146294
          ]
        ]
      },
      "properties": {
        "id": "F22-HAW-006",
        "source_text": "Flat Point",
        "kind": "geographical_feature",
        "reading_status": "clear",
        "crop_id": "F22-R01C03",
        "raw_candidate_id": "F22-R01C03-06",
        "source_label_boxes_xywh": [
          [
            4063,
            1908,
            269,
            51
          ]
        ],
        "review_status": "source-reviewed",
        "geometry": null,
        "placement_status": "deferred",
        "fit_revision": "a6619d96ba8fa8279ea6a8027654a92b15942b9d",
        "fit_sha256": "e96a8934ae42cc6dbc079e69afebb743c05decf0a61f19ac24eb620be48c32ed",
        "label_anchors": [
          {
            "box_index": 0,
            "source_pixel_xy": [
              4197.5,
              1933.5
            ],
            "covering_crop_ids": [
              "F22-R01C03"
            ],
            "inside_control_hull": true,
            "status": "derived-lettering-location",
            "projected_xy_m": [
              -6843170.89123069,
              5735076.11636299
            ],
            "lonlat": [
              -61.473250034343366,
              45.71676443146294
            ]
          }
        ],
        "geographic_role": "printed-lettering-only"
      }
    },
    {
      "type": "Feature",
      "id": "F22-HAW-007",
      "geometry": {
        "type": "MultiPoint",
        "coordinates": [
          [
            -61.4450577448912,
            45.7384935714097
          ],
          [
            -61.43823593678359,
            45.74187611409107
          ]
        ]
      },
      "properties": {
        "id": "F22-HAW-007",
        "source_text": "Craignish Road",
        "kind": "named_road",
        "reading_status": "clear",
        "crop_id": "F22-R01C03",
        "raw_candidate_id": "F22-R01C03-07",
        "source_label_boxes_xywh": [
          [
            4772,
            1208,
            99,
            145
          ],
          [
            4922,
            1157,
            99,
            39
          ]
        ],
        "review_status": "source-reviewed",
        "geometry": null,
        "placement_status": "deferred",
        "fit_revision": "a6619d96ba8fa8279ea6a8027654a92b15942b9d",
        "fit_sha256": "e96a8934ae42cc6dbc079e69afebb743c05decf0a61f19ac24eb620be48c32ed",
        "label_anchors": [
          {
            "box_index": 0,
            "source_pixel_xy": [
              4821.5,
              1280.5
            ],
            "covering_crop_ids": [
              "F22-R01C03"
            ],
            "inside_control_hull": true,
            "status": "derived-lettering-location",
            "projected_xy_m": [
              -6840032.53992458,
              5738541.20803673
            ],
            "lonlat": [
              -61.4450577448912,
              45.7384935714097
            ]
          },
          {
            "box_index": 1,
            "source_pixel_xy": [
              4971.5,
              1176.5
            ],
            "covering_crop_ids": [
              "F22-R01C03"
            ],
            "inside_control_hull": true,
            "status": "derived-lettering-location",
            "projected_xy_m": [
              -6839273.13971975,
              5739080.73494673
            ],
            "lonlat": [
              -61.43823593678359,
              45.74187611409107
            ]
          }
        ],
        "geographic_role": "printed-lettering-only"
      }
    },
    {
      "type": "Feature",
      "id": "F22-HAW-008",
      "geometry": {
        "type": "MultiPoint",
        "coordinates": [
          [
            -61.43344997540123,
            45.73940311912349
          ]
        ]
      },
      "properties": {
        "id": "F22-HAW-008",
        "source_text": "School",
        "kind": "school",
        "reading_status": "clear",
        "crop_id": "F22-R01C03",
        "raw_candidate_id": "F22-R01C03-08",
        "source_label_boxes_xywh": [
          [
            5035,
            1246,
            91,
            34
          ]
        ],
        "review_status": "source-reviewed",
        "geometry": null,
        "placement_status": "deferred",
        "fit_revision": "a6619d96ba8fa8279ea6a8027654a92b15942b9d",
        "fit_sha256": "e96a8934ae42cc6dbc079e69afebb743c05decf0a61f19ac24eb620be48c32ed",
        "label_anchors": [
          {
            "box_index": 0,
            "source_pixel_xy": [
              5080.5,
              1263.0
            ],
            "covering_crop_ids": [
              "F22-R01C03"
            ],
            "inside_control_hull": true,
            "status": "derived-lettering-location",
            "projected_xy_m": [
              -6838740.36893571,
              5738686.28073687
            ],
            "lonlat": [
              -61.43344997540123,
              45.73940311912349
            ]
          }
        ],
        "geographic_role": "printed-lettering-only"
      }
    },
    {
      "type": "Feature",
      "id": "F22-HAW-009",
      "geometry": {
        "type": "MultiPoint",
        "coordinates": [
          [
            -61.440708575746626,
            45.71139404471175
          ]
        ]
      },
      "properties": {
        "id": "F22-HAW-009",
        "source_text": "D.McDonald",
        "kind": "personal_name",
        "reading_status": "clear",
        "crop_id": "F22-R01C03",
        "raw_candidate_id": "F22-R01C03-09",
        "source_label_boxes_xywh": [
          [
            4794,
            2057,
            183,
            35
          ]
        ],
        "review_status": "source-reviewed",
        "geometry": null,
        "placement_status": "deferred",
        "fit_revision": "a6619d96ba8fa8279ea6a8027654a92b15942b9d",
        "fit_sha256": "e96a8934ae42cc6dbc079e69afebb743c05decf0a61f19ac24eb620be48c32ed",
        "label_anchors": [
          {
            "box_index": 0,
            "source_pixel_xy": [
              4885.5,
              2074.5
            ],
            "covering_crop_ids": [
              "F22-R01C03"
            ],
            "inside_control_hull": true,
            "status": "derived-lettering-location",
            "projected_xy_m": [
              -6839548.39263003,
              5734219.92188151
            ],
            "lonlat": [
              -61.440708575746626,
              45.71139404471175
            ]
          }
        ],
        "geographic_role": "printed-lettering-only"
      }
    },
    {
      "type": "Feature",
      "id": "F22-HAW-010",
      "geometry": {
        "type": "MultiPoint",
        "coordinates": [
          [
            -61.56442342189836,
            45.706601303859635
          ]
        ]
      },
      "properties": {
        "id": "F22-HAW-010",
        "source_text": "Jack Shoal",
        "kind": "shoal",
        "reading_status": "clear",
        "crop_id": "F22-R01C01",
        "raw_candidate_id": "F22-R01C01-01",
        "source_label_boxes_xywh": [
          [
            2110,
            2126,
            246,
            52
          ]
        ],
        "review_status": "source-reviewed",
        "geometry": null,
        "placement_status": "deferred",
        "fit_revision": "a6619d96ba8fa8279ea6a8027654a92b15942b9d",
        "fit_sha256": "e96a8934ae42cc6dbc079e69afebb743c05decf0a61f19ac24eb620be48c32ed",
        "label_anchors": [
          {
            "box_index": 0,
            "source_pixel_xy": [
              2233.0,
              2152.0
            ],
            "covering_crop_ids": [
              "F22-R01C01",
              "F22-R02C01"
            ],
            "inside_control_hull": false,
            "status": "derived-lettering-location",
            "projected_xy_m": [
              -6853320.26630721,
              5733455.89028002
            ],
            "lonlat": [
              -61.56442342189836,
              45.706601303859635
            ]
          }
        ],
        "geographic_role": "printed-lettering-only"
      }
    },
    {
      "type": "Feature",
      "id": "F22-HAW-011",
      "geometry": {
        "type": "MultiPoint",
        "coordinates": [
          [
            -61.413058293017365,
            45.73883578919338
          ],
          [
            -61.3844410933651,
            45.72830587232111
          ]
        ]
      },
      "properties": {
        "id": "F22-HAW-011",
        "source_text": "Queensville Brook",
        "kind": "watercourse",
        "reading_status": "clear",
        "crop_id": "F22-R01C04",
        "raw_candidate_ids": [
          "F22-R01C04-01",
          "F22-R01C04-04"
        ],
        "source_label_boxes_xywh": [
          [
            5408,
            1253,
            304,
            145
          ],
          [
            6089,
            1569,
            143,
            112
          ]
        ],
        "review_status": "source-reviewed",
        "geometry": null,
        "placement_status": "deferred",
        "review_note": "Multipart stream name, separate from Queensville settlement.",
        "fit_revision": "a6619d96ba8fa8279ea6a8027654a92b15942b9d",
        "fit_sha256": "e96a8934ae42cc6dbc079e69afebb743c05decf0a61f19ac24eb620be48c32ed",
        "label_anchors": [
          {
            "box_index": 0,
            "source_pixel_xy": [
              5560.0,
              1325.5
            ],
            "covering_crop_ids": [
              "F22-R01C04"
            ],
            "inside_control_hull": true,
            "status": "derived-lettering-location",
            "projected_xy_m": [
              -6836470.37723632,
              5738595.79143565
            ],
            "lonlat": [
              -61.413058293017365,
              45.73883578919338
            ]
          },
          {
            "box_index": 1,
            "source_pixel_xy": [
              6160.5,
              1625.0
            ],
            "covering_crop_ids": [
              "F22-R01C04"
            ],
            "inside_control_hull": true,
            "status": "derived-lettering-location",
            "projected_xy_m": [
              -6833284.7251431,
              5736916.43327027
            ],
            "lonlat": [
              -61.3844410933651,
              45.72830587232111
            ]
          }
        ],
        "geographic_role": "printed-lettering-only"
      }
    },
    {
      "type": "Feature",
      "id": "F22-HAW-012",
      "geometry": {
        "type": "MultiPoint",
        "coordinates": [
          [
            -61.38323636378078,
            45.74662273762155
          ],
          [
            -61.365542715002796,
            45.742178947504634
          ]
        ]
      },
      "properties": {
        "id": "F22-HAW-012",
        "source_text": "McMaster Brook",
        "kind": "watercourse",
        "reading_status": "clear",
        "crop_id": "F22-R01C04",
        "raw_candidate_ids": [
          "F22-R01C04-02",
          "F22-R01C05-01"
        ],
        "source_label_boxes_xywh": [
          [
            6130,
            1008,
            166,
            147
          ],
          [
            6523,
            1159,
            121,
            93
          ]
        ],
        "review_status": "source-reviewed",
        "geometry": null,
        "placement_status": "deferred",
        "fit_revision": "a6619d96ba8fa8279ea6a8027654a92b15942b9d",
        "fit_sha256": "e96a8934ae42cc6dbc079e69afebb743c05decf0a61f19ac24eb620be48c32ed",
        "label_anchors": [
          {
            "box_index": 0,
            "source_pixel_xy": [
              6213.0,
              1081.5
            ],
            "covering_crop_ids": [
              "F22-R01C04"
            ],
            "inside_control_hull": false,
            "status": "derived-lettering-location",
            "projected_xy_m": [
              -6833150.61525923,
              5739837.89245153
            ],
            "lonlat": [
              -61.38323636378078,
              45.74662273762155
            ]
          },
          {
            "box_index": 1,
            "source_pixel_xy": [
              6583.5,
              1205.5
            ],
            "covering_crop_ids": [
              "F22-R01C05"
            ],
            "inside_control_hull": true,
            "status": "derived-lettering-location",
            "projected_xy_m": [
              -6831180.96728699,
              5739129.03948674
            ],
            "lonlat": [
              -61.365542715002796,
              45.742178947504634
            ]
          }
        ],
        "geographic_role": "printed-lettering-only"
      }
    },
    {
      "type": "Feature",
      "id": "F22-HAW-013",
      "geometry": {
        "type": "MultiPoint",
        "coordinates": [
          [
            -61.40490077808257,
            45.720080535809615
          ],
          [
            -61.394903133695784,
            45.70976050646003
          ]
        ]
      },
      "properties": {
        "id": "F22-HAW-013",
        "source_text": "Northwest Arm",
        "kind": "watercourse",
        "reading_status": "clear",
        "crop_id": "F22-R01C04",
        "raw_candidate_ids": [
          "F22-R01C04-05"
        ],
        "source_label_boxes_xywh": [
          [
            5605,
            1723,
            189,
            258
          ],
          [
            5858,
            2113,
            80,
            85
          ]
        ],
        "review_status": "source-reviewed",
        "geometry": null,
        "placement_status": "deferred",
        "review_note": "Arm belongs to Northwest; it does not complete the adjacent General road label.",
        "fit_revision": "a6619d96ba8fa8279ea6a8027654a92b15942b9d",
        "fit_sha256": "e96a8934ae42cc6dbc079e69afebb743c05decf0a61f19ac24eb620be48c32ed",
        "label_anchors": [
          {
            "box_index": 0,
            "source_pixel_xy": [
              5699.5,
              1852.0
            ],
            "covering_crop_ids": [
              "F22-R01C04"
            ],
            "inside_control_hull": true,
            "status": "derived-lettering-location",
            "projected_xy_m": [
              -6835562.28682764,
              5735604.84009445
            ],
            "lonlat": [
              -61.40490077808257,
              45.720080535809615
            ]
          },
          {
            "box_index": 1,
            "source_pixel_xy": [
              5898.0,
              2155.5
            ],
            "covering_crop_ids": [
              "F22-R01C04",
              "F22-R02C04"
            ],
            "inside_control_hull": true,
            "status": "derived-lettering-location",
            "projected_xy_m": [
              -6834449.35414537,
              5733959.50510616
            ],
            "lonlat": [
              -61.394903133695784,
              45.70976050646003
            ]
          }
        ],
        "geographic_role": "printed-lettering-only"
      }
    },
    {
      "type": "Feature",
      "id": "F22-HAW-014",
      "geometry": {
        "type": "MultiPoint",
        "coordinates": [
          [
            -61.40424841737222,
            45.71092889321943
          ],
          [
            -61.39663720579227,
            45.70602395086688
          ],
          [
            -61.38722839764425,
            45.699970715724255
          ]
        ]
      },
      "properties": {
        "id": "F22-HAW-014",
        "source_text": "General Line Road",
        "kind": "road-name",
        "reading_status": "clear",
        "crop_id": "F22-R01C04",
        "raw_candidate_ids": [
          "F22-R01C04-06"
        ],
        "source_label_boxes_xywh": [
          [
            5621,
            2061,
            149,
            106
          ],
          [
            5818,
            2238,
            73,
            58
          ],
          [
            6009,
            2430,
            88,
            89
          ]
        ],
        "review_status": "source-reviewed",
        "geometry": null,
        "placement_status": "deferred",
        "review_note": "Line confirmed in rotated native context; DeepSeek incorrectly merged General with Arm / Ice grooves.",
        "fit_revision": "a6619d96ba8fa8279ea6a8027654a92b15942b9d",
        "fit_sha256": "e96a8934ae42cc6dbc079e69afebb743c05decf0a61f19ac24eb620be48c32ed",
        "label_anchors": [
          {
            "box_index": 0,
            "source_pixel_xy": [
              5695.5,
              2114.0
            ],
            "covering_crop_ids": [
              "F22-R01C04",
              "F22-R02C04"
            ],
            "inside_control_hull": true,
            "status": "derived-lettering-location",
            "projected_xy_m": [
              -6835489.66636555,
              5734145.76719449
            ],
            "lonlat": [
              -61.40424841737222,
              45.71092889321943
            ]
          },
          {
            "box_index": 1,
            "source_pixel_xy": [
              5854.5,
              2267.0
            ],
            "covering_crop_ids": [
              "F22-R01C04",
              "F22-R02C04"
            ],
            "inside_control_hull": true,
            "status": "derived-lettering-location",
            "projected_xy_m": [
              -6834642.39016815,
              5733363.85635697
            ],
            "lonlat": [
              -61.39663720579227,
              45.70602395086688
            ]
          },
          {
            "box_index": 2,
            "source_pixel_xy": [
              6053.0,
              2474.5
            ],
            "covering_crop_ids": [
              "F22-R02C04"
            ],
            "inside_control_hull": true,
            "status": "derived-lettering-location",
            "projected_xy_m": [
              -6833595.00643614,
              5732398.98746788
            ],
            "lonlat": [
              -61.38722839764425,
              45.699970715724255
            ]
          }
        ],
        "geographic_role": "printed-lettering-only"
      }
    },
    {
      "type": "Feature",
      "id": "F22-HAW-015",
      "geometry": {
        "type": "MultiPoint",
        "coordinates": [
          [
            -61.3833592581409,
            45.7178485816263
          ],
          [
            -61.379359733296624,
            45.72097076557157
          ]
        ]
      },
      "properties": {
        "id": "F22-HAW-015",
        "source_text": "Old Road",
        "kind": "road-name",
        "reading_status": "clear",
        "crop_id": "F22-R01C04",
        "raw_candidate_ids": [
          "F22-R01C04-07"
        ],
        "source_label_boxes_xywh": [
          [
            6129,
            1891,
            69,
            77
          ],
          [
            6206,
            1793,
            99,
            95
          ]
        ],
        "review_status": "source-reviewed",
        "geometry": null,
        "placement_status": "deferred",
        "fit_revision": "a6619d96ba8fa8279ea6a8027654a92b15942b9d",
        "fit_sha256": "e96a8934ae42cc6dbc079e69afebb743c05decf0a61f19ac24eb620be48c32ed",
        "label_anchors": [
          {
            "box_index": 0,
            "source_pixel_xy": [
              6163.5,
              1929.5
            ],
            "covering_crop_ids": [
              "F22-R01C04"
            ],
            "inside_control_hull": true,
            "status": "derived-lettering-location",
            "projected_xy_m": [
              -6833164.29579682,
              5735248.97113825
            ],
            "lonlat": [
              -61.3833592581409,
              45.7178485816263
            ]
          },
          {
            "box_index": 1,
            "source_pixel_xy": [
              6255.5,
              1840.5
            ],
            "covering_crop_ids": [
              "F22-R01C04"
            ],
            "inside_control_hull": true,
            "status": "derived-lettering-location",
            "projected_xy_m": [
              -6832719.07072774,
              5735746.78475889
            ],
            "lonlat": [
              -61.379359733296624,
              45.72097076557157
            ]
          }
        ],
        "geographic_role": "printed-lettering-only"
      }
    },
    {
      "type": "Feature",
      "id": "F22-HAW-016",
      "geometry": {
        "type": "MultiPoint",
        "coordinates": [
          [
            -61.40237093809154,
            45.7080256419951
          ]
        ]
      },
      "properties": {
        "id": "F22-HAW-016",
        "source_text": "Ice grooves",
        "kind": "landscape-annotation",
        "reading_status": "clear",
        "crop_id": "F22-R01C04",
        "raw_candidate_ids": [
          "F22-R01C04-09"
        ],
        "source_label_boxes_xywh": [
          [
            5651,
            2179,
            162,
            45
          ]
        ],
        "review_status": "source-reviewed",
        "geometry": null,
        "placement_status": "deferred",
        "fit_revision": "a6619d96ba8fa8279ea6a8027654a92b15942b9d",
        "fit_sha256": "e96a8934ae42cc6dbc079e69afebb743c05decf0a61f19ac24eb620be48c32ed",
        "label_anchors": [
          {
            "box_index": 0,
            "source_pixel_xy": [
              5732.0,
              2201.5
            ],
            "covering_crop_ids": [
              "F22-R01C04",
              "F22-R02C04"
            ],
            "inside_control_hull": true,
            "status": "derived-lettering-location",
            "projected_xy_m": [
              -6835280.66632805,
              5733682.94335686
            ],
            "lonlat": [
              -61.40237093809154,
              45.7080256419951
            ]
          }
        ],
        "geographic_role": "printed-lettering-only"
      }
    },
    {
      "type": "Feature",
      "id": "F22-HAW-017",
      "geometry": {
        "type": "MultiPoint",
        "coordinates": [
          [
            -61.40803700572943,
            45.70569316425417
          ]
        ]
      },
      "properties": {
        "id": "F22-HAW-017",
        "source_text": "685 F.T.",
        "kind": "spot-height-label",
        "reading_status": "clear",
        "crop_id": "F22-DETAIL-GENERAL",
        "raw_candidate_ids": [
          "F22-R01C04-10"
        ],
        "source_label_boxes_xywh": [
          [
            5542,
            2249,
            125,
            42
          ]
        ],
        "review_status": "source-reviewed",
        "geometry": null,
        "placement_status": "deferred",
        "review_note": "Printed historical height only; no modern elevation or vertical datum inferred.",
        "fit_revision": "a6619d96ba8fa8279ea6a8027654a92b15942b9d",
        "fit_sha256": "e96a8934ae42cc6dbc079e69afebb743c05decf0a61f19ac24eb620be48c32ed",
        "label_anchors": [
          {
            "box_index": 0,
            "source_pixel_xy": [
              5604.5,
              2270.0
            ],
            "covering_crop_ids": [
              "F22-R01C04",
              "F22-R02C04"
            ],
            "inside_control_hull": true,
            "status": "derived-lettering-location",
            "projected_xy_m": [
              -6835911.4100923,
              5733311.12718997
            ],
            "lonlat": [
              -61.40803700572943,
              45.70569316425417
            ]
          }
        ],
        "geographic_role": "printed-lettering-only"
      }
    },
    {
      "type": "Feature",
      "id": "F22-HAW-018",
      "geometry": {
        "type": "MultiPoint",
        "coordinates": [
          [
            -61.38028293671902,
            45.7105358637965
          ],
          [
            -61.36774772337789,
            45.70559249789317
          ]
        ]
      },
      "properties": {
        "id": "F22-HAW-018",
        "source_text": "Lamey Brook",
        "kind": "watercourse",
        "reading_status": "clear",
        "crop_id": "F22-DETAIL-GENERAL",
        "raw_candidate_ids": [
          "F22-R01C04-08"
        ],
        "source_label_boxes_xywh": [
          [
            6130,
            2072,
            174,
            159
          ],
          [
            6401,
            2282,
            160,
            80
          ]
        ],
        "review_status": "source-reviewed",
        "geometry": null,
        "placement_status": "deferred",
        "review_note": "Southern printed occurrence; distinct from the other Lamey Brook lettering near the northern sheet edge.",
        "fit_revision": "a6619d96ba8fa8279ea6a8027654a92b15942b9d",
        "fit_sha256": "e96a8934ae42cc6dbc079e69afebb743c05decf0a61f19ac24eb620be48c32ed",
        "label_anchors": [
          {
            "box_index": 0,
            "source_pixel_xy": [
              6217.0,
              2151.5
            ],
            "covering_crop_ids": [
              "F22-R01C04",
              "F22-R02C04"
            ],
            "inside_control_hull": true,
            "status": "derived-lettering-location",
            "projected_xy_m": [
              -6832821.84126262,
              5734083.11072541
            ],
            "lonlat": [
              -61.38028293671902,
              45.7105358637965
            ]
          },
          {
            "box_index": 1,
            "source_pixel_xy": [
              6481.0,
              2322.0
            ],
            "covering_crop_ids": [
              "F22-R02C04",
              "F22-R02C05"
            ],
            "inside_control_hull": true,
            "status": "derived-lettering-location",
            "projected_xy_m": [
              -6831426.4276965,
              5733295.08049197
            ],
            "lonlat": [
              -61.36774772337789,
              45.70559249789317
            ]
          }
        ],
        "geographic_role": "printed-lettering-only"
      }
    },
    {
      "type": "Feature",
      "id": "F22-HAW-019",
      "geometry": {
        "type": "MultiPoint",
        "coordinates": [
          [
            -61.35126584206353,
            45.74241352204714
          ],
          [
            -61.347547953227526,
            45.74678458951646
          ]
        ]
      },
      "properties": {
        "id": "F22-HAW-019",
        "source_text": "Victoria Road",
        "kind": "road-name",
        "reading_status": "clear",
        "crop_id": "F22-R01C05",
        "raw_candidate_ids": [
          "F22-R01C05-02"
        ],
        "source_label_boxes_xywh": [
          [
            6837,
            1113,
            98,
            155
          ],
          [
            6927,
            1000,
            86,
            107
          ]
        ],
        "review_status": "source-reviewed",
        "geometry": null,
        "placement_status": "deferred",
        "fit_revision": "a6619d96ba8fa8279ea6a8027654a92b15942b9d",
        "fit_sha256": "e96a8934ae42cc6dbc079e69afebb743c05decf0a61f19ac24eb620be48c32ed",
        "label_anchors": [
          {
            "box_index": 0,
            "source_pixel_xy": [
              6886.0,
              1190.5
            ],
            "covering_crop_ids": [
              "F22-R01C05"
            ],
            "inside_control_hull": true,
            "status": "derived-lettering-location",
            "projected_xy_m": [
              -6829591.67306127,
              5739166.45632848
            ],
            "lonlat": [
              -61.35126584206353,
              45.74241352204714
            ]
          },
          {
            "box_index": 1,
            "source_pixel_xy": [
              6970.0,
              1053.5
            ],
            "covering_crop_ids": [
              "F22-R01C05"
            ],
            "inside_control_hull": false,
            "status": "derived-lettering-location",
            "projected_xy_m": [
              -6829177.79956922,
              5739863.71138656
            ],
            "lonlat": [
              -61.347547953227526,
              45.74678458951646
            ]
          }
        ],
        "geographic_role": "printed-lettering-only"
      }
    },
    {
      "type": "Feature",
      "id": "F22-HAW-020",
      "geometry": {
        "type": "MultiPoint",
        "coordinates": [
          [
            -61.329608728671516,
            45.743348249105075
          ],
          [
            -61.317102109287276,
            45.745915965516666
          ]
        ]
      },
      "properties": {
        "id": "F22-HAW-020",
        "source_text": "Lamey Brook",
        "kind": "watercourse",
        "reading_status": "clear",
        "crop_id": "F22-R01C05",
        "raw_candidate_ids": [
          "F22-R01C05-03",
          "F22-R01C05-05",
          "F22-R01C06-01"
        ],
        "source_label_boxes_xywh": [
          [
            7278,
            1127,
            136,
            50
          ],
          [
            7560,
            1028,
            110,
            83
          ]
        ],
        "review_status": "source-reviewed",
        "geometry": null,
        "placement_status": "deferred",
        "review_note": "Northern printed occurrence; adjoining C06 Brook is an overlap duplicate.",
        "fit_revision": "a6619d96ba8fa8279ea6a8027654a92b15942b9d",
        "fit_sha256": "e96a8934ae42cc6dbc079e69afebb743c05decf0a61f19ac24eb620be48c32ed",
        "label_anchors": [
          {
            "box_index": 0,
            "source_pixel_xy": [
              7346.0,
              1152.0
            ],
            "covering_crop_ids": [
              "F22-R01C05"
            ],
            "inside_control_hull": true,
            "status": "derived-lettering-location",
            "projected_xy_m": [
              -6827180.81422642,
              5739315.5556309
            ],
            "lonlat": [
              -61.329608728671516,
              45.743348249105075
            ]
          },
          {
            "box_index": 1,
            "source_pixel_xy": [
              7615.0,
              1069.5
            ],
            "covering_crop_ids": [
              "F22-R01C05",
              "F22-R01C06"
            ],
            "inside_control_hull": false,
            "status": "derived-lettering-location",
            "projected_xy_m": [
              -6825788.58372502,
              5739725.14764186
            ],
            "lonlat": [
              -61.317102109287276,
              45.745915965516666
            ]
          }
        ],
        "geographic_role": "printed-lettering-only"
      }
    },
    {
      "type": "Feature",
      "id": "F22-HAW-021",
      "geometry": {
        "type": "MultiPoint",
        "coordinates": [
          [
            -61.32322800430009,
            45.74147840807387
          ]
        ]
      },
      "properties": {
        "id": "F22-HAW-021",
        "source_text": "Coal said to have\nbeen found here",
        "kind": "mineral-annotation",
        "reading_status": "clear",
        "crop_id": "F22-R01C05",
        "raw_candidate_ids": [
          "F22-R01C05-06"
        ],
        "source_label_boxes_xywh": [
          [
            7348,
            1180,
            262,
            58
          ]
        ],
        "review_status": "source-reviewed",
        "geometry": null,
        "placement_status": "deferred",
        "review_note": "Preserve the original reported/uncertain wording; not proof of a mine or deposit.",
        "fit_revision": "a6619d96ba8fa8279ea6a8027654a92b15942b9d",
        "fit_sha256": "e96a8934ae42cc6dbc079e69afebb743c05decf0a61f19ac24eb620be48c32ed",
        "label_anchors": [
          {
            "box_index": 0,
            "source_pixel_xy": [
              7479.0,
              1209.0
            ],
            "covering_crop_ids": [
              "F22-R01C05"
            ],
            "inside_control_hull": true,
            "status": "derived-lettering-location",
            "projected_xy_m": [
              -6826470.5152385,
              5739017.29780659
            ],
            "lonlat": [
              -61.32322800430009,
              45.74147840807387
            ]
          }
        ],
        "geographic_role": "printed-lettering-only"
      }
    },
    {
      "type": "Feature",
      "id": "F22-HAW-022",
      "geometry": {
        "type": "MultiPoint",
        "coordinates": [
          [
            -61.36538940543519,
            45.729753598900984
          ]
        ]
      },
      "properties": {
        "id": "F22-HAW-022",
        "source_text": "Queensville",
        "kind": "settlement",
        "reading_status": "clear",
        "crop_id": "F22-R01C05",
        "raw_candidate_ids": [
          "F22-R01C05-07",
          "F22-R01C04-03"
        ],
        "source_label_boxes_xywh": [
          [
            6367,
            1547,
            404,
            70
          ]
        ],
        "review_status": "source-reviewed",
        "geometry": null,
        "placement_status": "deferred",
        "fit_revision": "a6619d96ba8fa8279ea6a8027654a92b15942b9d",
        "fit_sha256": "e96a8934ae42cc6dbc079e69afebb743c05decf0a61f19ac24eb620be48c32ed",
        "label_anchors": [
          {
            "box_index": 0,
            "source_pixel_xy": [
              6569.0,
              1582.0
            ],
            "covering_crop_ids": [
              "F22-R01C05"
            ],
            "inside_control_hull": true,
            "status": "derived-lettering-location",
            "projected_xy_m": [
              -6831163.90094399,
              5737147.30439714
            ],
            "lonlat": [
              -61.36538940543519,
              45.729753598900984
            ]
          }
        ],
        "geographic_role": "printed-lettering-only"
      }
    },
    {
      "type": "Feature",
      "id": "F22-HAW-023",
      "geometry": {
        "type": "MultiPoint",
        "coordinates": [
          [
            -61.35031539763266,
            45.73471941856747
          ]
        ]
      },
      "properties": {
        "id": "F22-HAW-023",
        "source_text": "P.O.",
        "kind": "post-office",
        "reading_status": "clear",
        "crop_id": "F22-R01C05",
        "raw_candidate_ids": [
          "F22-R01C05-08"
        ],
        "source_label_boxes_xywh": [
          [
            6865,
            1410,
            62,
            35
          ]
        ],
        "review_status": "source-reviewed",
        "geometry": null,
        "placement_status": "deferred",
        "fit_revision": "a6619d96ba8fa8279ea6a8027654a92b15942b9d",
        "fit_sha256": "e96a8934ae42cc6dbc079e69afebb743c05decf0a61f19ac24eb620be48c32ed",
        "label_anchors": [
          {
            "box_index": 0,
            "source_pixel_xy": [
              6896.0,
              1427.5
            ],
            "covering_crop_ids": [
              "F22-R01C05"
            ],
            "inside_control_hull": true,
            "status": "derived-lettering-location",
            "projected_xy_m": [
              -6829485.8700712,
              5737939.25656888
            ],
            "lonlat": [
              -61.35031539763266,
              45.73471941856747
            ]
          }
        ],
        "geographic_role": "printed-lettering-only"
      }
    },
    {
      "type": "Feature",
      "id": "F22-HAW-024",
      "geometry": {
        "type": "MultiPoint",
        "coordinates": [
          [
            -61.342119707263365,
            45.73649647534381
          ]
        ]
      },
      "properties": {
        "id": "F22-HAW-024",
        "source_text": "Spring",
        "kind": "hydrology-annotation",
        "reading_status": "clear",
        "crop_id": "F22-R01C05",
        "raw_candidate_ids": [
          "F22-R01C05-09"
        ],
        "source_label_boxes_xywh": [
          [
            7024,
            1354,
            96,
            32
          ]
        ],
        "review_status": "source-reviewed",
        "geometry": null,
        "placement_status": "deferred",
        "fit_revision": "a6619d96ba8fa8279ea6a8027654a92b15942b9d",
        "fit_sha256": "e96a8934ae42cc6dbc079e69afebb743c05decf0a61f19ac24eb620be48c32ed",
        "label_anchors": [
          {
            "box_index": 0,
            "source_pixel_xy": [
              7072.0,
              1370.0
            ],
            "covering_crop_ids": [
              "F22-R01C05"
            ],
            "inside_control_hull": true,
            "status": "derived-lettering-location",
            "projected_xy_m": [
              -6828573.52999259,
              5738222.67985654
            ],
            "lonlat": [
              -61.342119707263365,
              45.73649647534381
            ]
          }
        ],
        "geographic_role": "printed-lettering-only"
      }
    },
    {
      "type": "Feature",
      "id": "F22-HAW-025",
      "geometry": {
        "type": "MultiPoint",
        "coordinates": [
          [
            -61.337737026355164,
            45.733567169987
          ]
        ]
      },
      "properties": {
        "id": "F22-HAW-025",
        "source_text": "McMaster's Mill",
        "kind": "mill",
        "reading_status": "clear",
        "crop_id": "F22-R01C05",
        "raw_candidate_ids": [
          "F22-R01C05-10",
          "F22-R01C05-13"
        ],
        "source_label_boxes_xywh": [
          [
            7052,
            1441,
            218,
            39
          ]
        ],
        "review_status": "source-reviewed",
        "geometry": null,
        "placement_status": "deferred",
        "review_note": "Native close-up confirms McMaster, not first-pass McMinisters. No additional standalone Mill label exists here.",
        "fit_revision": "a6619d96ba8fa8279ea6a8027654a92b15942b9d",
        "fit_sha256": "e96a8934ae42cc6dbc079e69afebb743c05decf0a61f19ac24eb620be48c32ed",
        "label_anchors": [
          {
            "box_index": 0,
            "source_pixel_xy": [
              7161.0,
              1460.5
            ],
            "covering_crop_ids": [
              "F22-R01C05"
            ],
            "inside_control_hull": true,
            "status": "derived-lettering-location",
            "projected_xy_m": [
              -6828085.65218558,
              5737755.48893683
            ],
            "lonlat": [
              -61.337737026355164,
              45.733567169987
            ]
          }
        ],
        "geographic_role": "printed-lettering-only"
      }
    },
    {
      "type": "Feature",
      "id": "F22-HAW-026",
      "geometry": {
        "type": "MultiPoint",
        "coordinates": [
          [
            -61.36879897286498,
            45.721373072582665
          ]
        ]
      },
      "properties": {
        "id": "F22-HAW-026",
        "source_text": "McInnesHill\nSchool",
        "kind": "school",
        "reading_status": "tentative",
        "crop_id": "F22-R01C05",
        "raw_candidate_ids": [
          "F22-R01C05-11"
        ],
        "source_label_boxes_xywh": [
          [
            6400,
            1775,
            165,
            118
          ]
        ],
        "review_status": "source-reviewed",
        "geometry": null,
        "placement_status": "deferred",
        "review_note": "Rotated source excerpt and independent close-up support McInnesHill; word division/capitalization remains tentative. First-pass McIlreath's rejected.",
        "fit_revision": "a6619d96ba8fa8279ea6a8027654a92b15942b9d",
        "fit_sha256": "e96a8934ae42cc6dbc079e69afebb743c05decf0a61f19ac24eb620be48c32ed",
        "label_anchors": [
          {
            "box_index": 0,
            "source_pixel_xy": [
              6482.5,
              1834.0
            ],
            "covering_crop_ids": [
              "F22-R01C04",
              "F22-R01C05"
            ],
            "inside_control_hull": true,
            "status": "derived-lettering-location",
            "projected_xy_m": [
              -6831543.4522541,
              5735810.93223707
            ],
            "lonlat": [
              -61.36879897286498,
              45.721373072582665
            ]
          }
        ],
        "geographic_role": "printed-lettering-only"
      }
    },
    {
      "type": "Feature",
      "id": "F22-HAW-027",
      "geometry": {
        "type": "MultiPoint",
        "coordinates": [
          [
            -61.339601756997304,
            45.72056149968472
          ],
          [
            -61.33632866400018,
            45.71266108070377
          ]
        ]
      },
      "properties": {
        "id": "F22-HAW-027",
        "source_text": "Crandall Road",
        "kind": "road-name",
        "reading_status": "clear",
        "crop_id": "F22-R01C05",
        "raw_candidate_ids": [
          "F22-R01C05-12"
        ],
        "source_label_boxes_xywh": [
          [
            7084,
            1795,
            41,
            149
          ],
          [
            7143,
            2077,
            45,
            89
          ]
        ],
        "review_status": "source-reviewed",
        "geometry": null,
        "placement_status": "deferred",
        "fit_revision": "a6619d96ba8fa8279ea6a8027654a92b15942b9d",
        "fit_sha256": "e96a8934ae42cc6dbc079e69afebb743c05decf0a61f19ac24eb620be48c32ed",
        "label_anchors": [
          {
            "box_index": 0,
            "source_pixel_xy": [
              7104.5,
              1869.5
            ],
            "covering_crop_ids": [
              "F22-R01C05"
            ],
            "inside_control_hull": true,
            "status": "derived-lettering-location",
            "projected_xy_m": [
              -6828293.23305113,
              5735681.5281684
            ],
            "lonlat": [
              -61.339601756997304,
              45.72056149968472
            ]
          },
          {
            "box_index": 1,
            "source_pixel_xy": [
              7165.5,
              2121.5
            ],
            "covering_crop_ids": [
              "F22-R01C05",
              "F22-R02C05"
            ],
            "inside_control_hull": true,
            "status": "derived-lettering-location",
            "projected_xy_m": [
              -6827928.87400537,
              5734421.9165327
            ],
            "lonlat": [
              -61.33632866400018,
              45.71266108070377
            ]
          }
        ],
        "geographic_role": "printed-lettering-only"
      }
    },
    {
      "type": "Feature",
      "id": "F22-HAW-028",
      "geometry": {
        "type": "MultiPoint",
        "coordinates": [
          [
            -61.27938693152253,
            45.74686441634587
          ]
        ]
      },
      "properties": {
        "id": "F22-HAW-028",
        "source_text": "Church",
        "kind": "church",
        "reading_status": "clear",
        "crop_id": "F22-R01C06",
        "raw_candidate_ids": [
          "F22-R01C06-02"
        ],
        "source_label_boxes_xywh": [
          [
            8375,
            1045,
            100,
            32
          ]
        ],
        "review_status": "source-reviewed",
        "geometry": null,
        "placement_status": "deferred",
        "fit_revision": "a6619d96ba8fa8279ea6a8027654a92b15942b9d",
        "fit_sha256": "e96a8934ae42cc6dbc079e69afebb743c05decf0a61f19ac24eb620be48c32ed",
        "label_anchors": [
          {
            "box_index": 0,
            "source_pixel_xy": [
              8425.0,
              1061.0
            ],
            "covering_crop_ids": [
              "F22-R01C06"
            ],
            "inside_control_hull": false,
            "status": "derived-lettering-location",
            "projected_xy_m": [
              -6821590.14934107,
              5739876.44554816
            ],
            "lonlat": [
              -61.27938693152253,
              45.74686441634587
            ]
          }
        ],
        "geographic_role": "printed-lettering-only"
      }
    },
    {
      "type": "Feature",
      "id": "F22-HAW-029",
      "geometry": {
        "type": "MultiPoint",
        "coordinates": [
          [
            -61.27634908714118,
            45.72508055496755
          ]
        ]
      },
      "properties": {
        "id": "F22-HAW-029",
        "source_text": "Askilton",
        "kind": "settlement",
        "reading_status": "clear",
        "crop_id": "F22-R01C06",
        "raw_candidate_ids": [
          "F22-R01C06-04"
        ],
        "source_label_boxes_xywh": [
          [
            8343,
            1726,
            235,
            61
          ]
        ],
        "review_status": "source-reviewed",
        "geometry": null,
        "placement_status": "deferred",
        "review_note": "Native crop and independent DeepSeek detail agree; first-pass Ashillton rejected. No modern name substitution.",
        "fit_revision": "a6619d96ba8fa8279ea6a8027654a92b15942b9d",
        "fit_sha256": "e96a8934ae42cc6dbc079e69afebb743c05decf0a61f19ac24eb620be48c32ed",
        "label_anchors": [
          {
            "box_index": 0,
            "source_pixel_xy": [
              8460.5,
              1756.5
            ],
            "covering_crop_ids": [
              "F22-R01C06"
            ],
            "inside_control_hull": true,
            "status": "derived-lettering-location",
            "projected_xy_m": [
              -6821251.97805143,
              5736402.10859353
            ],
            "lonlat": [
              -61.27634908714118,
              45.72508055496755
            ]
          }
        ],
        "geographic_role": "printed-lettering-only"
      }
    },
    {
      "type": "Feature",
      "id": "F22-HAW-030",
      "geometry": {
        "type": "MultiPoint",
        "coordinates": [
          [
            -61.27843415080583,
            45.71938939950449
          ]
        ]
      },
      "properties": {
        "id": "F22-HAW-030",
        "source_text": "Long Stretch Bridge",
        "kind": "bridge",
        "reading_status": "clear",
        "crop_id": "F22-R01C06",
        "raw_candidate_ids": [
          "F22-R01C06-06"
        ],
        "source_label_boxes_xywh": [
          [
            8274,
            1916,
            276,
            44
          ]
        ],
        "review_status": "source-reviewed",
        "geometry": null,
        "placement_status": "deferred",
        "fit_revision": "a6619d96ba8fa8279ea6a8027654a92b15942b9d",
        "fit_sha256": "e96a8934ae42cc6dbc079e69afebb743c05decf0a61f19ac24eb620be48c32ed",
        "label_anchors": [
          {
            "box_index": 0,
            "source_pixel_xy": [
              8412.0,
              1938.0
            ],
            "covering_crop_ids": [
              "F22-R01C06"
            ],
            "inside_control_hull": true,
            "status": "derived-lettering-location",
            "projected_xy_m": [
              -6821484.08627685,
              5735494.64188852
            ],
            "lonlat": [
              -61.27843415080583,
              45.71938939950449
            ]
          }
        ],
        "geographic_role": "printed-lettering-only"
      }
    },
    {
      "type": "Feature",
      "id": "F22-HAW-031",
      "geometry": {
        "type": "MultiPoint",
        "coordinates": [
          [
            -61.26920443858412,
            45.72265935346518
          ]
        ]
      },
      "properties": {
        "id": "F22-HAW-031",
        "source_text": "School",
        "kind": "school",
        "reading_status": "clear",
        "crop_id": "F22-R01C06",
        "raw_candidate_ids": [
          "F22-R01C06-07"
        ],
        "source_label_boxes_xywh": [
          [
            8574,
            1823,
            80,
            27
          ]
        ],
        "review_status": "source-reviewed",
        "geometry": null,
        "placement_status": "deferred",
        "fit_revision": "a6619d96ba8fa8279ea6a8027654a92b15942b9d",
        "fit_sha256": "e96a8934ae42cc6dbc079e69afebb743c05decf0a61f19ac24eb620be48c32ed",
        "label_anchors": [
          {
            "box_index": 0,
            "source_pixel_xy": [
              8614.0,
              1836.5
            ],
            "covering_crop_ids": [
              "F22-R01C06"
            ],
            "inside_control_hull": true,
            "status": "derived-lettering-location",
            "projected_xy_m": [
              -6820456.63941216,
              5736016.03162502
            ],
            "lonlat": [
              -61.26920443858412,
              45.72265935346518
            ]
          }
        ],
        "geographic_role": "printed-lettering-only"
      }
    },
    {
      "type": "Feature",
      "id": "F22-HAW-032",
      "geometry": {
        "type": "MultiPoint",
        "coordinates": [
          [
            -61.268129973285646,
            45.72161330128137
          ]
        ]
      },
      "properties": {
        "id": "F22-HAW-032",
        "source_text": "R.C. Ch.",
        "kind": "church",
        "reading_status": "clear",
        "crop_id": "F22-R01C06",
        "raw_candidate_ids": [
          "F22-R01C06-08"
        ],
        "source_label_boxes_xywh": [
          [
            8590,
            1855,
            94,
            30
          ]
        ],
        "review_status": "source-reviewed",
        "geometry": null,
        "placement_status": "deferred",
        "fit_revision": "a6619d96ba8fa8279ea6a8027654a92b15942b9d",
        "fit_sha256": "e96a8934ae42cc6dbc079e69afebb743c05decf0a61f19ac24eb620be48c32ed",
        "label_anchors": [
          {
            "box_index": 0,
            "source_pixel_xy": [
              8637.0,
              1870.0
            ],
            "covering_crop_ids": [
              "F22-R01C06"
            ],
            "inside_control_hull": true,
            "status": "derived-lettering-location",
            "projected_xy_m": [
              -6820337.03048226,
              5735849.23669957
            ],
            "lonlat": [
              -61.268129973285646,
              45.72161330128137
            ]
          }
        ],
        "geographic_role": "printed-lettering-only"
      }
    },
    {
      "type": "Feature",
      "id": "F22-HAW-033",
      "geometry": {
        "type": "MultiPoint",
        "coordinates": [
          [
            -61.23239471581292,
            45.746584868044984
          ]
        ]
      },
      "properties": {
        "id": "F22-HAW-033",
        "source_text": "Falls",
        "kind": "falls-annotation",
        "reading_status": "clear",
        "crop_id": "F22-R01C07",
        "raw_candidate_ids": [
          "F22-R01C07-01"
        ],
        "source_label_boxes_xywh": [
          [
            9428,
            1082,
            87,
            34
          ]
        ],
        "review_status": "source-reviewed",
        "geometry": null,
        "placement_status": "deferred",
        "fit_revision": "a6619d96ba8fa8279ea6a8027654a92b15942b9d",
        "fit_sha256": "e96a8934ae42cc6dbc079e69afebb743c05decf0a61f19ac24eb620be48c32ed",
        "label_anchors": [
          {
            "box_index": 0,
            "source_pixel_xy": [
              9471.5,
              1099.0
            ],
            "covering_crop_ids": [
              "F22-R01C07"
            ],
            "inside_control_hull": false,
            "status": "derived-lettering-location",
            "projected_xy_m": [
              -6816358.99981703,
              5739831.85143243
            ],
            "lonlat": [
              -61.23239471581292,
              45.746584868044984
            ]
          }
        ],
        "geographic_role": "printed-lettering-only"
      }
    },
    {
      "type": "Feature",
      "id": "F22-HAW-034",
      "geometry": {
        "type": "MultiPoint",
        "coordinates": [
          [
            -61.23352144355508,
            45.74518779587817
          ]
        ]
      },
      "properties": {
        "id": "F22-HAW-034",
        "source_text": "Fall",
        "kind": "falls-annotation",
        "reading_status": "clear",
        "crop_id": "F22-R01C07",
        "raw_candidate_ids": [
          "F22-R01C07-02"
        ],
        "source_label_boxes_xywh": [
          [
            9411,
            1122,
            66,
            36
          ]
        ],
        "review_status": "source-reviewed",
        "geometry": null,
        "placement_status": "deferred",
        "fit_revision": "a6619d96ba8fa8279ea6a8027654a92b15942b9d",
        "fit_sha256": "e96a8934ae42cc6dbc079e69afebb743c05decf0a61f19ac24eb620be48c32ed",
        "label_anchors": [
          {
            "box_index": 0,
            "source_pixel_xy": [
              9444.0,
              1140.0
            ],
            "covering_crop_ids": [
              "F22-R01C07"
            ],
            "inside_control_hull": false,
            "status": "derived-lettering-location",
            "projected_xy_m": [
              -6816484.42657555,
              5739608.99097471
            ],
            "lonlat": [
              -61.23352144355508,
              45.74518779587817
            ]
          }
        ],
        "geographic_role": "printed-lettering-only"
      }
    },
    {
      "type": "Feature",
      "id": "F22-HAW-035",
      "geometry": {
        "type": "MultiPoint",
        "coordinates": [
          [
            -61.22838777221794,
            45.73599995134969
          ]
        ]
      },
      "properties": {
        "id": "F22-HAW-035",
        "source_text": "Falls 35'",
        "kind": "falls-annotation",
        "reading_status": "clear",
        "crop_id": "F22-R01C07",
        "raw_candidate_ids": [
          "F22-R01C07-03"
        ],
        "source_label_boxes_xywh": [
          [
            9469,
            1395,
            155,
            42
          ]
        ],
        "review_status": "source-reviewed",
        "geometry": null,
        "placement_status": "deferred",
        "fit_revision": "a6619d96ba8fa8279ea6a8027654a92b15942b9d",
        "fit_sha256": "e96a8934ae42cc6dbc079e69afebb743c05decf0a61f19ac24eb620be48c32ed",
        "label_anchors": [
          {
            "box_index": 0,
            "source_pixel_xy": [
              9546.5,
              1416.0
            ],
            "covering_crop_ids": [
              "F22-R01C07"
            ],
            "inside_control_hull": false,
            "status": "derived-lettering-location",
            "projected_xy_m": [
              -6815912.9488964,
              5738143.48819638
            ],
            "lonlat": [
              -61.22838777221794,
              45.73599995134969
            ]
          }
        ],
        "geographic_role": "printed-lettering-only"
      }
    },
    {
      "type": "Feature",
      "id": "F22-HAW-036",
      "geometry": {
        "type": "MultiPoint",
        "coordinates": [
          [
            -61.572861096391904,
            45.7016130040221
          ]
        ]
      },
      "properties": {
        "id": "F22-HAW-036",
        "source_text": "Rock dries\nat ½ tide",
        "kind": "hydrology-annotation",
        "reading_status": "clear",
        "crop_id": "F22-R02C01",
        "raw_candidate_ids": [
          "F22-R02C01-02",
          "F22-R01C01-02"
        ],
        "source_label_boxes_xywh": [
          [
            1962,
            2261,
            176,
            82
          ]
        ],
        "review_status": "source-reviewed",
        "geometry": null,
        "placement_status": "deferred",
        "review_note": "Complete overlapping crop corrects earlier clipped Rocky. Historical tidal description only.",
        "fit_revision": "a6619d96ba8fa8279ea6a8027654a92b15942b9d",
        "fit_sha256": "e96a8934ae42cc6dbc079e69afebb743c05decf0a61f19ac24eb620be48c32ed",
        "label_anchors": [
          {
            "box_index": 0,
            "source_pixel_xy": [
              2050.0,
              2302.0
            ],
            "covering_crop_ids": [
              "F22-R02C01"
            ],
            "inside_control_hull": false,
            "status": "derived-lettering-location",
            "projected_xy_m": [
              -6854259.54393531,
              5732660.75333999
            ],
            "lonlat": [
              -61.572861096391904,
              45.7016130040221
            ]
          }
        ],
        "geographic_role": "printed-lettering-only"
      }
    },
    {
      "type": "Feature",
      "id": "F22-HAW-037",
      "geometry": {
        "type": "MultiPoint",
        "coordinates": [
          [
            -61.57599686062467,
            45.69150912310736
          ]
        ]
      },
      "properties": {
        "id": "F22-HAW-037",
        "source_text": "Cape Jack",
        "kind": "cape",
        "reading_status": "clear",
        "crop_id": "F22-R02C01",
        "raw_candidate_ids": [
          "F22-R02C01-03"
        ],
        "source_label_boxes_xywh": [
          [
            1882,
            2594,
            214,
            49
          ]
        ],
        "review_status": "source-reviewed",
        "geometry": null,
        "placement_status": "deferred",
        "fit_revision": "a6619d96ba8fa8279ea6a8027654a92b15942b9d",
        "fit_sha256": "e96a8934ae42cc6dbc079e69afebb743c05decf0a61f19ac24eb620be48c32ed",
        "label_anchors": [
          {
            "box_index": 0,
            "source_pixel_xy": [
              1989.0,
              2618.5
            ],
            "covering_crop_ids": [
              "F22-R02C01"
            ],
            "inside_control_hull": false,
            "status": "derived-lettering-location",
            "projected_xy_m": [
              -6854608.61561295,
              5731050.40812877
            ],
            "lonlat": [
              -61.57599686062467,
              45.69150912310736
            ]
          }
        ],
        "geographic_role": "printed-lettering-only"
      }
    },
    {
      "type": "Feature",
      "id": "F22-HAW-038",
      "geometry": {
        "type": "MultiPoint",
        "coordinates": [
          [
            -61.56913599203681,
            45.69030479195426
          ]
        ]
      },
      "properties": {
        "id": "F22-HAW-038",
        "source_text": "45FT",
        "kind": "spot-height-label",
        "reading_status": "clear",
        "crop_id": "F22-R02C01",
        "raw_candidate_ids": [
          "F22-R02C01-04"
        ],
        "source_label_boxes_xywh": [
          [
            2102,
            2645,
            75,
            32
          ]
        ],
        "review_status": "source-reviewed",
        "geometry": null,
        "placement_status": "deferred",
        "fit_revision": "a6619d96ba8fa8279ea6a8027654a92b15942b9d",
        "fit_sha256": "e96a8934ae42cc6dbc079e69afebb743c05decf0a61f19ac24eb620be48c32ed",
        "label_anchors": [
          {
            "box_index": 0,
            "source_pixel_xy": [
              2139.5,
              2661.0
            ],
            "covering_crop_ids": [
              "F22-R02C01"
            ],
            "inside_control_hull": true,
            "status": "derived-lettering-location",
            "projected_xy_m": [
              -6853844.86721535,
              5730858.48258572
            ],
            "lonlat": [
              -61.56913599203681,
              45.69030479195426
            ]
          }
        ],
        "geographic_role": "printed-lettering-only"
      }
    },
    {
      "type": "Feature",
      "id": "F22-HAW-039",
      "geometry": {
        "type": "MultiPoint",
        "coordinates": [
          [
            -61.568197398349255,
            45.68508982737367
          ],
          [
            -61.561234232278196,
            45.685215910039204
          ]
        ]
      },
      "properties": {
        "id": "F22-HAW-039",
        "source_text": "Cape Pond",
        "kind": "waterbody",
        "reading_status": "clear",
        "crop_id": "F22-R02C01",
        "raw_candidate_ids": [
          "F22-R02C01-05"
        ],
        "source_label_boxes_xywh": [
          [
            2122,
            2804,
            94,
            49
          ],
          [
            2276,
            2804,
            93,
            47
          ]
        ],
        "review_status": "source-reviewed",
        "geometry": null,
        "placement_status": "deferred",
        "fit_revision": "a6619d96ba8fa8279ea6a8027654a92b15942b9d",
        "fit_sha256": "e96a8934ae42cc6dbc079e69afebb743c05decf0a61f19ac24eb620be48c32ed",
        "label_anchors": [
          {
            "box_index": 0,
            "source_pixel_xy": [
              2169.0,
              2828.5
            ],
            "covering_crop_ids": [
              "F22-R02C01"
            ],
            "inside_control_hull": true,
            "status": "derived-lettering-location",
            "projected_xy_m": [
              -6853740.38344399,
              5730027.45909591
            ],
            "lonlat": [
              -61.568197398349255,
              45.68508982737367
            ]
          },
          {
            "box_index": 1,
            "source_pixel_xy": [
              2322.5,
              2827.5
            ],
            "covering_crop_ids": [
              "F22-R02C01"
            ],
            "inside_control_hull": true,
            "status": "derived-lettering-location",
            "projected_xy_m": [
              -6852965.24734265,
              5730047.54991133
            ],
            "lonlat": [
              -61.561234232278196,
              45.685215910039204
            ]
          }
        ],
        "geographic_role": "printed-lettering-only"
      }
    },
    {
      "type": "Feature",
      "id": "F22-HAW-040",
      "geometry": {
        "type": "MultiPoint",
        "coordinates": [
          [
            -61.57025914764927,
            45.680969126853775
          ]
        ]
      },
      "properties": {
        "id": "F22-HAW-040",
        "source_text": "40FT.",
        "kind": "spot-height-label",
        "reading_status": "clear",
        "crop_id": "F22-R02C01",
        "raw_candidate_ids": [
          "F22-R02C01-06"
        ],
        "source_label_boxes_xywh": [
          [
            2088,
            2946,
            86,
            29
          ]
        ],
        "review_status": "source-reviewed",
        "geometry": null,
        "placement_status": "deferred",
        "fit_revision": "a6619d96ba8fa8279ea6a8027654a92b15942b9d",
        "fit_sha256": "e96a8934ae42cc6dbc079e69afebb743c05decf0a61f19ac24eb620be48c32ed",
        "label_anchors": [
          {
            "box_index": 0,
            "source_pixel_xy": [
              2131.0,
              2960.5
            ],
            "covering_crop_ids": [
              "F22-R02C01"
            ],
            "inside_control_hull": true,
            "status": "derived-lettering-location",
            "projected_xy_m": [
              -6853969.89632621,
              5729370.86533651
            ],
            "lonlat": [
              -61.57025914764927,
              45.680969126853775
            ]
          }
        ],
        "geographic_role": "printed-lettering-only"
      }
    },
    {
      "type": "Feature",
      "id": "F22-HAW-041",
      "geometry": {
        "type": "MultiPoint",
        "coordinates": [
          [
            -61.56408406521382,
            45.68093383458954
          ]
        ]
      },
      "properties": {
        "id": "F22-HAW-041",
        "source_text": "School",
        "kind": "school",
        "reading_status": "clear",
        "crop_id": "F22-R02C01",
        "raw_candidate_ids": [
          "F22-R02C01-07"
        ],
        "source_label_boxes_xywh": [
          [
            2227,
            2951,
            80,
            29
          ]
        ],
        "review_status": "source-reviewed",
        "geometry": null,
        "placement_status": "deferred",
        "fit_revision": "a6619d96ba8fa8279ea6a8027654a92b15942b9d",
        "fit_sha256": "e96a8934ae42cc6dbc079e69afebb743c05decf0a61f19ac24eb620be48c32ed",
        "label_anchors": [
          {
            "box_index": 0,
            "source_pixel_xy": [
              2267.0,
              2965.5
            ],
            "covering_crop_ids": [
              "F22-R02C01"
            ],
            "inside_control_hull": true,
            "status": "derived-lettering-location",
            "projected_xy_m": [
              -6853282.48929389,
              5729365.24206453
            ],
            "lonlat": [
              -61.56408406521382,
              45.68093383458954
            ]
          }
        ],
        "geographic_role": "printed-lettering-only"
      }
    },
    {
      "type": "Feature",
      "id": "F22-HAW-042",
      "geometry": {
        "type": "MultiPoint",
        "coordinates": [
          [
            -61.55741706350467,
            45.68187841065633
          ]
        ]
      },
      "properties": {
        "id": "F22-HAW-042",
        "source_text": "P.O.",
        "kind": "post-office",
        "reading_status": "clear",
        "crop_id": "F22-R02C01",
        "raw_candidate_ids": [
          "F22-R02C01-08"
        ],
        "source_label_boxes_xywh": [
          [
            2383,
            2919,
            59,
            36
          ]
        ],
        "review_status": "source-reviewed",
        "geometry": null,
        "placement_status": "deferred",
        "fit_revision": "a6619d96ba8fa8279ea6a8027654a92b15942b9d",
        "fit_sha256": "e96a8934ae42cc6dbc079e69afebb743c05decf0a61f19ac24eb620be48c32ed",
        "label_anchors": [
          {
            "box_index": 0,
            "source_pixel_xy": [
              2412.5,
              2937.0
            ],
            "covering_crop_ids": [
              "F22-R02C01"
            ],
            "inside_control_hull": true,
            "status": "derived-lettering-location",
            "projected_xy_m": [
              -6852540.32205851,
              5729515.74675468
            ],
            "lonlat": [
              -61.55741706350467,
              45.68187841065633
            ]
          }
        ],
        "geographic_role": "printed-lettering-only"
      }
    },
    {
      "type": "Feature",
      "id": "F22-HAW-043",
      "geometry": {
        "type": "MultiPoint",
        "coordinates": [
          [
            -61.552756660667015,
            45.68231382027133
          ]
        ]
      },
      "properties": {
        "id": "F22-HAW-043",
        "source_text": "60FT",
        "kind": "spot-height-label",
        "reading_status": "clear",
        "crop_id": "F22-R02C01",
        "raw_candidate_ids": [
          "F22-R02C01-09"
        ],
        "source_label_boxes_xywh": [
          [
            2470,
            2908,
            89,
            31
          ]
        ],
        "review_status": "source-reviewed",
        "geometry": null,
        "placement_status": "deferred",
        "fit_revision": "a6619d96ba8fa8279ea6a8027654a92b15942b9d",
        "fit_sha256": "e96a8934ae42cc6dbc079e69afebb743c05decf0a61f19ac24eb620be48c32ed",
        "label_anchors": [
          {
            "box_index": 0,
            "source_pixel_xy": [
              2514.5,
              2923.5
            ],
            "covering_crop_ids": [
              "F22-R02C01"
            ],
            "inside_control_hull": true,
            "status": "derived-lettering-location",
            "projected_xy_m": [
              -6852021.52838773,
              5729585.12390669
            ],
            "lonlat": [
              -61.552756660667015,
              45.68231382027133
            ]
          }
        ],
        "geographic_role": "printed-lettering-only"
      }
    },
    {
      "type": "Feature",
      "id": "F22-HAW-044",
      "geometry": {
        "type": "MultiPoint",
        "coordinates": [
          [
            -61.558404787682505,
            45.68013452114819
          ]
        ]
      },
      "properties": {
        "id": "F22-HAW-044",
        "source_text": "Cape Jack",
        "kind": "settlement",
        "reading_status": "clear",
        "crop_id": "F22-R02C01",
        "raw_candidate_ids": [
          "F22-R02C01-10"
        ],
        "source_label_boxes_xywh": [
          [
            2275,
            2971,
            237,
            46
          ]
        ],
        "review_status": "source-reviewed",
        "geometry": null,
        "placement_status": "deferred",
        "review_note": "Distinct printed settlement annotation south of Cape Pond, not the cape label.",
        "fit_revision": "a6619d96ba8fa8279ea6a8027654a92b15942b9d",
        "fit_sha256": "e96a8934ae42cc6dbc079e69afebb743c05decf0a61f19ac24eb620be48c32ed",
        "label_anchors": [
          {
            "box_index": 0,
            "source_pixel_xy": [
              2393.5,
              2994.0
            ],
            "covering_crop_ids": [
              "F22-R02C01"
            ],
            "inside_control_hull": true,
            "status": "derived-lettering-location",
            "projected_xy_m": [
              -6852650.27501103,
              5729237.8848815
            ],
            "lonlat": [
              -61.558404787682505,
              45.68013452114819
            ]
          }
        ],
        "geographic_role": "printed-lettering-only"
      }
    },
    {
      "type": "Feature",
      "id": "F22-HAW-045",
      "geometry": {
        "type": "MultiPoint",
        "coordinates": [
          [
            -61.54337532972714,
            45.68121821857183
          ]
        ]
      },
      "properties": {
        "id": "F22-HAW-045",
        "source_text": "R.C. Ch.",
        "kind": "church",
        "reading_status": "clear",
        "crop_id": "F22-R02C01",
        "raw_candidate_ids": [
          "F22-R02C01-11"
        ],
        "source_label_boxes_xywh": [
          [
            2664,
            2938,
            114,
            44
          ]
        ],
        "review_status": "source-reviewed",
        "geometry": null,
        "placement_status": "deferred",
        "fit_revision": "a6619d96ba8fa8279ea6a8027654a92b15942b9d",
        "fit_sha256": "e96a8934ae42cc6dbc079e69afebb743c05decf0a61f19ac24eb620be48c32ed",
        "label_anchors": [
          {
            "box_index": 0,
            "source_pixel_xy": [
              2721.0,
              2960.0
            ],
            "covering_crop_ids": [
              "F22-R02C01",
              "F22-R02C02"
            ],
            "inside_control_hull": true,
            "status": "derived-lettering-location",
            "projected_xy_m": [
              -6850977.20340454,
              5729410.55431848
            ],
            "lonlat": [
              -61.54337532972714,
              45.68121821857183
            ]
          }
        ],
        "geographic_role": "printed-lettering-only"
      }
    },
    {
      "type": "Feature",
      "id": "F22-HAW-046",
      "geometry": {
        "type": "MultiPoint",
        "coordinates": [
          [
            -61.53704321532303,
            45.68163806632594
          ]
        ]
      },
      "properties": {
        "id": "F22-HAW-046",
        "source_text": "School",
        "kind": "school",
        "reading_status": "clear",
        "crop_id": "F22-R02C01",
        "raw_candidate_ids": [
          "F22-R02C01-12"
        ],
        "source_label_boxes_xywh": [
          [
            2816,
            2930,
            82,
            38
          ]
        ],
        "review_status": "source-reviewed",
        "geometry": null,
        "placement_status": "deferred",
        "fit_revision": "a6619d96ba8fa8279ea6a8027654a92b15942b9d",
        "fit_sha256": "e96a8934ae42cc6dbc079e69afebb743c05decf0a61f19ac24eb620be48c32ed",
        "label_anchors": [
          {
            "box_index": 0,
            "source_pixel_xy": [
              2857.0,
              2949.0
            ],
            "covering_crop_ids": [
              "F22-R02C01",
              "F22-R02C02"
            ],
            "inside_control_hull": true,
            "status": "derived-lettering-location",
            "projected_xy_m": [
              -6850272.31565343,
              5729477.4510812
            ],
            "lonlat": [
              -61.53704321532303,
              45.68163806632594
            ]
          }
        ],
        "geographic_role": "printed-lettering-only"
      }
    },
    {
      "type": "Feature",
      "id": "F22-HAW-047",
      "geometry": {
        "type": "MultiPoint",
        "coordinates": [
          [
            -61.53398243297368,
            45.67821677423553
          ]
        ]
      },
      "properties": {
        "id": "F22-HAW-047",
        "source_text": "Lt F. Red 107 ft.",
        "kind": "light-annotation",
        "reading_status": "clear",
        "crop_id": "F22-CAPE-JACK-EDGE",
        "raw_candidate_ids": [
          "F22-R02C01-13"
        ],
        "source_label_boxes_xywh": [
          [
            2828,
            3047,
            193,
            35
          ]
        ],
        "review_status": "source-reviewed",
        "geometry": null,
        "placement_status": "deferred",
        "review_note": "Edge context confirms printed light annotation, not the first-pass Lt.Ho; abbreviations retained without expansion.",
        "fit_revision": "a6619d96ba8fa8279ea6a8027654a92b15942b9d",
        "fit_sha256": "e96a8934ae42cc6dbc079e69afebb743c05decf0a61f19ac24eb620be48c32ed",
        "label_anchors": [
          {
            "box_index": 0,
            "source_pixel_xy": [
              2924.5,
              3064.5
            ],
            "covering_crop_ids": [
              "F22-R02C02"
            ],
            "inside_control_hull": true,
            "status": "derived-lettering-location",
            "projected_xy_m": [
              -6849931.59092087,
              5728932.33151303
            ],
            "lonlat": [
              -61.53398243297368,
              45.67821677423553
            ]
          }
        ],
        "geographic_role": "printed-lettering-only"
      }
    },
    {
      "type": "Feature",
      "id": "F22-HAW-048",
      "geometry": {
        "type": "MultiPoint",
        "coordinates": [
          [
            -61.59376925599857,
            45.67553152200787
          ]
        ]
      },
      "properties": {
        "id": "F22-HAW-048",
        "source_text": "Cape\nBlue",
        "kind": "cape",
        "reading_status": "clear",
        "crop_id": "F22-R02C01",
        "raw_candidate_ids": [
          "F22-R02C01-14"
        ],
        "source_label_boxes_xywh": [
          [
            1568,
            3068,
            113,
            80
          ]
        ],
        "review_status": "source-reviewed",
        "geometry": null,
        "placement_status": "deferred",
        "fit_revision": "a6619d96ba8fa8279ea6a8027654a92b15942b9d",
        "fit_sha256": "e96a8934ae42cc6dbc079e69afebb743c05decf0a61f19ac24eb620be48c32ed",
        "label_anchors": [
          {
            "box_index": 0,
            "source_pixel_xy": [
              1624.5,
              3108.0
            ],
            "covering_crop_ids": [
              "F22-R02C01"
            ],
            "inside_control_hull": false,
            "status": "derived-lettering-location",
            "projected_xy_m": [
              -6856587.02961615,
              5728504.50961882
            ],
            "lonlat": [
              -61.59376925599857,
              45.67553152200787
            ]
          }
        ],
        "geographic_role": "printed-lettering-only"
      }
    },
    {
      "type": "Feature",
      "id": "F22-HAW-049",
      "geometry": {
        "type": "MultiPoint",
        "coordinates": [
          [
            -61.5835851969284,
            45.67371723482943
          ]
        ]
      },
      "properties": {
        "id": "F22-HAW-049",
        "source_text": "50FT",
        "kind": "spot-height-label",
        "reading_status": "clear",
        "crop_id": "F22-R02C01",
        "raw_candidate_ids": [
          "F22-R02C01-15"
        ],
        "source_label_boxes_xywh": [
          [
            1802,
            3160,
            94,
            39
          ]
        ],
        "review_status": "source-reviewed",
        "geometry": null,
        "placement_status": "deferred",
        "fit_revision": "a6619d96ba8fa8279ea6a8027654a92b15942b9d",
        "fit_sha256": "e96a8934ae42cc6dbc079e69afebb743c05decf0a61f19ac24eb620be48c32ed",
        "label_anchors": [
          {
            "box_index": 0,
            "source_pixel_xy": [
              1849.0,
              3179.5
            ],
            "covering_crop_ids": [
              "F22-R02C01"
            ],
            "inside_control_hull": false,
            "status": "derived-lettering-location",
            "projected_xy_m": [
              -6855453.34534625,
              5728215.46393274
            ],
            "lonlat": [
              -61.5835851969284,
              45.67371723482943
            ]
          }
        ],
        "geographic_role": "printed-lettering-only"
      }
    },
    {
      "type": "Feature",
      "id": "F22-HAW-050",
      "geometry": {
        "type": "MultiPoint",
        "coordinates": [
          [
            -61.572952318397384,
            45.67675761120351
          ]
        ]
      },
      "properties": {
        "id": "F22-HAW-050",
        "source_text": "Beach\nPond",
        "kind": "waterbody",
        "reading_status": "clear",
        "crop_id": "F22-R02C01",
        "raw_candidate_ids": [
          "F22-R02C01-16"
        ],
        "source_label_boxes_xywh": [
          [
            2025,
            3063,
            107,
            64
          ]
        ],
        "review_status": "source-reviewed",
        "geometry": null,
        "placement_status": "deferred",
        "fit_revision": "a6619d96ba8fa8279ea6a8027654a92b15942b9d",
        "fit_sha256": "e96a8934ae42cc6dbc079e69afebb743c05decf0a61f19ac24eb620be48c32ed",
        "label_anchors": [
          {
            "box_index": 0,
            "source_pixel_xy": [
              2078.5,
              3095.0
            ],
            "covering_crop_ids": [
              "F22-R02C01"
            ],
            "inside_control_hull": true,
            "status": "derived-lettering-location",
            "projected_xy_m": [
              -6854269.69872251,
              5728699.85103132
            ],
            "lonlat": [
              -61.572952318397384,
              45.67675761120351
            ]
          }
        ],
        "geographic_role": "printed-lettering-only"
      }
    },
    {
      "type": "Feature",
      "id": "F22-HAW-051",
      "geometry": {
        "type": "MultiPoint",
        "coordinates": [
          [
            -61.55317726548847,
            45.67516868951188
          ]
        ]
      },
      "properties": {
        "id": "F22-HAW-051",
        "source_text": "90FT",
        "kind": "spot-height-label",
        "reading_status": "clear",
        "crop_id": "F22-R02C01",
        "raw_candidate_ids": [
          "F22-R02C01-17"
        ],
        "source_label_boxes_xywh": [
          [
            2465,
            3145,
            99,
            32
          ]
        ],
        "review_status": "source-reviewed",
        "geometry": null,
        "placement_status": "deferred",
        "fit_revision": "a6619d96ba8fa8279ea6a8027654a92b15942b9d",
        "fit_sha256": "e96a8934ae42cc6dbc079e69afebb743c05decf0a61f19ac24eb620be48c32ed",
        "label_anchors": [
          {
            "box_index": 0,
            "source_pixel_xy": [
              2514.5,
              3161.0
            ],
            "covering_crop_ids": [
              "F22-R02C01"
            ],
            "inside_control_hull": true,
            "status": "derived-lettering-location",
            "projected_xy_m": [
              -6852068.34990228,
              5728446.70370527
            ],
            "lonlat": [
              -61.55317726548847,
              45.67516868951188
            ]
          }
        ],
        "geographic_role": "printed-lettering-only"
      }
    },
    {
      "type": "Feature",
      "id": "F22-HAW-052",
      "geometry": {
        "type": "MultiPoint",
        "coordinates": [
          [
            -61.5683728498816,
            45.66857380410449
          ]
        ]
      },
      "properties": {
        "id": "F22-HAW-052",
        "source_text": "60FT",
        "kind": "spot-height-label",
        "reading_status": "clear",
        "crop_id": "F22-R02C01",
        "raw_candidate_ids": [
          "F22-R02C01-18"
        ],
        "source_label_boxes_xywh": [
          [
            2137,
            3350,
            100,
            35
          ]
        ],
        "review_status": "source-reviewed",
        "geometry": null,
        "placement_status": "deferred",
        "fit_revision": "a6619d96ba8fa8279ea6a8027654a92b15942b9d",
        "fit_sha256": "e96a8934ae42cc6dbc079e69afebb743c05decf0a61f19ac24eb620be48c32ed",
        "label_anchors": [
          {
            "box_index": 0,
            "source_pixel_xy": [
              2187.0,
              3367.5
            ],
            "covering_crop_ids": [
              "F22-R02C01",
              "F22-R03C01"
            ],
            "inside_control_hull": true,
            "status": "derived-lettering-location",
            "projected_xy_m": [
              -6853759.91461923,
              5727396.08204485
            ],
            "lonlat": [
              -61.5683728498816,
              45.66857380410449
            ]
          }
        ],
        "geographic_role": "printed-lettering-only"
      }
    },
    {
      "type": "Feature",
      "id": "F22-HAW-053",
      "geometry": {
        "type": "MultiPoint",
        "coordinates": [
          [
            -61.53048253689919,
            45.689261695105046
          ]
        ]
      },
      "properties": {
        "id": "F22-HAW-053",
        "source_text": "Shop",
        "kind": "shop",
        "reading_status": "clear",
        "crop_id": "F22-R02C02",
        "raw_candidate_ids": [
          "F22-R02C02-01"
        ],
        "source_label_boxes_xywh": [
          [
            2955,
            2699,
            70,
            29
          ]
        ],
        "review_status": "source-reviewed",
        "geometry": null,
        "placement_status": "deferred",
        "fit_revision": "a6619d96ba8fa8279ea6a8027654a92b15942b9d",
        "fit_sha256": "e96a8934ae42cc6dbc079e69afebb743c05decf0a61f19ac24eb620be48c32ed",
        "label_anchors": [
          {
            "box_index": 0,
            "source_pixel_xy": [
              2990.0,
              2713.5
            ],
            "covering_crop_ids": [
              "F22-R02C02"
            ],
            "inside_control_hull": true,
            "status": "derived-lettering-location",
            "projected_xy_m": [
              -6849541.98427203,
              5730692.25512691
            ],
            "lonlat": [
              -61.53048253689919,
              45.689261695105046
            ]
          }
        ],
        "geographic_role": "printed-lettering-only"
      }
    },
    {
      "type": "Feature",
      "id": "F22-HAW-054",
      "geometry": {
        "type": "MultiPoint",
        "coordinates": [
          [
            -61.524680332371155,
            45.68691885705288
          ],
          [
            -61.52354142580038,
            45.684787975263134
          ]
        ]
      },
      "properties": {
        "id": "F22-HAW-054",
        "source_text": "Havre\nBouché",
        "kind": "settlement",
        "reading_status": "clear",
        "crop_id": "F22-R02C02",
        "raw_candidate_ids": [
          "F22-R02C02-02"
        ],
        "source_label_boxes_xywh": [
          [
            3026,
            2775,
            179,
            38
          ],
          [
            3042,
            2842,
            198,
            42
          ]
        ],
        "review_status": "source-reviewed",
        "geometry": null,
        "placement_status": "deferred",
        "fit_revision": "a6619d96ba8fa8279ea6a8027654a92b15942b9d",
        "fit_sha256": "e96a8934ae42cc6dbc079e69afebb743c05decf0a61f19ac24eb620be48c32ed",
        "label_anchors": [
          {
            "box_index": 0,
            "source_pixel_xy": [
              3115.5,
              2794.0
            ],
            "covering_crop_ids": [
              "F22-R02C02"
            ],
            "inside_control_hull": true,
            "status": "derived-lettering-location",
            "projected_xy_m": [
              -6848896.08581849,
              5730318.91277716
            ],
            "lonlat": [
              -61.524680332371155,
              45.68691885705288
            ]
          },
          {
            "box_index": 1,
            "source_pixel_xy": [
              3141.0,
              2863.0
            ],
            "covering_crop_ids": [
              "F22-R02C02"
            ],
            "inside_control_hull": true,
            "status": "derived-lettering-location",
            "projected_xy_m": [
              -6848769.30331897,
              5729979.36024096
            ],
            "lonlat": [
              -61.52354142580038,
              45.684787975263134
            ]
          }
        ],
        "geographic_role": "printed-lettering-only"
      }
    },
    {
      "type": "Feature",
      "id": "F22-HAW-055",
      "geometry": {
        "type": "MultiPoint",
        "coordinates": [
          [
            -61.523958831982426,
            45.68585725586449
          ]
        ]
      },
      "properties": {
        "id": "F22-HAW-055",
        "source_text": "Lobster Factory",
        "kind": "factory",
        "reading_status": "clear",
        "crop_id": "F22-R02C02",
        "raw_candidate_ids": [
          "F22-R02C02-03"
        ],
        "source_label_boxes_xywh": [
          [
            3026,
            2813,
            211,
            31
          ]
        ],
        "review_status": "source-reviewed",
        "geometry": null,
        "placement_status": "deferred",
        "fit_revision": "a6619d96ba8fa8279ea6a8027654a92b15942b9d",
        "fit_sha256": "e96a8934ae42cc6dbc079e69afebb743c05decf0a61f19ac24eb620be48c32ed",
        "label_anchors": [
          {
            "box_index": 0,
            "source_pixel_xy": [
              3131.5,
              2828.5
            ],
            "covering_crop_ids": [
              "F22-R02C02"
            ],
            "inside_control_hull": true,
            "status": "derived-lettering-location",
            "projected_xy_m": [
              -6848815.76876261,
              5730149.74674326
            ],
            "lonlat": [
              -61.523958831982426,
              45.68585725586449
            ]
          }
        ],
        "geographic_role": "printed-lettering-only"
      }
    },
    {
      "type": "Feature",
      "id": "F22-HAW-056",
      "geometry": {
        "type": "MultiPoint",
        "coordinates": [
          [
            -61.53218811476168,
            45.68392840555677
          ]
        ]
      },
      "properties": {
        "id": "F22-HAW-056",
        "source_text": "Forge",
        "kind": "forge",
        "reading_status": "clear",
        "crop_id": "F22-R02C02",
        "raw_candidate_ids": [
          "F22-R02C02-04"
        ],
        "source_label_boxes_xywh": [
          [
            2916,
            2862,
            85,
            36
          ]
        ],
        "review_status": "source-reviewed",
        "geometry": null,
        "placement_status": "deferred",
        "fit_revision": "a6619d96ba8fa8279ea6a8027654a92b15942b9d",
        "fit_sha256": "e96a8934ae42cc6dbc079e69afebb743c05decf0a61f19ac24eb620be48c32ed",
        "label_anchors": [
          {
            "box_index": 0,
            "source_pixel_xy": [
              2958.5,
              2880.0
            ],
            "covering_crop_ids": [
              "F22-R02C02"
            ],
            "inside_control_hull": true,
            "status": "derived-lettering-location",
            "projected_xy_m": [
              -6849731.84833119,
              5729842.3928718
            ],
            "lonlat": [
              -61.53218811476168,
              45.68392840555677
            ]
          }
        ],
        "geographic_role": "printed-lettering-only"
      }
    },
    {
      "type": "Feature",
      "id": "F22-HAW-057",
      "geometry": {
        "type": "MultiPoint",
        "coordinates": [
          [
            -61.532638061947864,
            45.679901988959536
          ]
        ]
      },
      "properties": {
        "id": "F22-HAW-057",
        "source_text": "Hotel",
        "kind": "hotel",
        "reading_status": "clear",
        "crop_id": "F22-R02C02",
        "raw_candidate_ids": [
          "F22-R02C02-07"
        ],
        "source_label_boxes_xywh": [
          [
            2912,
            2994,
            80,
            32
          ]
        ],
        "review_status": "source-reviewed",
        "geometry": null,
        "placement_status": "deferred",
        "fit_revision": "a6619d96ba8fa8279ea6a8027654a92b15942b9d",
        "fit_sha256": "e96a8934ae42cc6dbc079e69afebb743c05decf0a61f19ac24eb620be48c32ed",
        "label_anchors": [
          {
            "box_index": 0,
            "source_pixel_xy": [
              2952.0,
              3010.0
            ],
            "covering_crop_ids": [
              "F22-R02C02"
            ],
            "inside_control_hull": true,
            "status": "derived-lettering-location",
            "projected_xy_m": [
              -6849781.93622284,
              5729200.83512116
            ],
            "lonlat": [
              -61.532638061947864,
              45.679901988959536
            ]
          }
        ],
        "geographic_role": "printed-lettering-only"
      }
    },
    {
      "type": "Feature",
      "id": "F22-HAW-058",
      "geometry": {
        "type": "MultiPoint",
        "coordinates": [
          [
            -61.52335620540839,
            45.68187515197125
          ]
        ]
      },
      "properties": {
        "id": "F22-HAW-058",
        "source_text": "Lt F. white\n36 ft.",
        "kind": "light",
        "reading_status": "clear",
        "crop_id": "F22-R02C02",
        "raw_candidate_ids": [
          "F22-R02C02-09"
        ],
        "source_label_boxes_xywh": [
          [
            3074,
            2929,
            145,
            55
          ]
        ],
        "review_status": "source-reviewed",
        "geometry": null,
        "placement_status": "deferred",
        "review_note": "Literal printed light annotation; abbreviations and units are not expanded.",
        "fit_revision": "a6619d96ba8fa8279ea6a8027654a92b15942b9d",
        "fit_sha256": "e96a8934ae42cc6dbc079e69afebb743c05decf0a61f19ac24eb620be48c32ed",
        "label_anchors": [
          {
            "box_index": 0,
            "source_pixel_xy": [
              3146.5,
              2956.5
            ],
            "covering_crop_ids": [
              "F22-R02C02"
            ],
            "inside_control_hull": true,
            "status": "derived-lettering-location",
            "projected_xy_m": [
              -6848748.68467925,
              5729515.22752544
            ],
            "lonlat": [
              -61.52335620540839,
              45.68187515197125
            ]
          }
        ],
        "geographic_role": "printed-lettering-only"
      }
    },
    {
      "type": "Feature",
      "id": "F22-HAW-059",
      "geometry": {
        "type": "MultiPoint",
        "coordinates": [
          [
            -61.49077559150463,
            45.6858970353914
          ]
        ]
      },
      "properties": {
        "id": "F22-HAW-059",
        "source_text": "North Canso",
        "kind": "settlement",
        "reading_status": "clear",
        "crop_id": "F22-R02C02",
        "raw_candidate_ids": [
          "F22-R02C02-10"
        ],
        "source_label_boxes_xywh": [
          [
            3620,
            2836,
            412,
            65
          ]
        ],
        "review_status": "source-reviewed",
        "geometry": null,
        "placement_status": "deferred",
        "fit_revision": "a6619d96ba8fa8279ea6a8027654a92b15942b9d",
        "fit_sha256": "e96a8934ae42cc6dbc079e69afebb743c05decf0a61f19ac24eb620be48c32ed",
        "label_anchors": [
          {
            "box_index": 0,
            "source_pixel_xy": [
              3826.0,
              2868.5
            ],
            "covering_crop_ids": [
              "F22-R02C02"
            ],
            "inside_control_hull": true,
            "status": "derived-lettering-location",
            "projected_xy_m": [
              -6845121.82732975,
              5730156.08554865
            ],
            "lonlat": [
              -61.49077559150463,
              45.6858970353914
            ]
          }
        ],
        "geographic_role": "printed-lettering-only"
      }
    },
    {
      "type": "Feature",
      "id": "F22-HAW-060",
      "geometry": {
        "type": "MultiPoint",
        "coordinates": [
          [
            -61.4908016456574,
            45.683429845012036
          ]
        ]
      },
      "properties": {
        "id": "F22-HAW-060",
        "source_text": "350 FT",
        "kind": "spot-height-label",
        "reading_status": "clear",
        "crop_id": "F22-R02C02",
        "raw_candidate_ids": [
          "F22-R02C02-11"
        ],
        "source_label_boxes_xywh": [
          [
            3740,
            2927,
            172,
            39
          ]
        ],
        "review_status": "source-reviewed",
        "geometry": null,
        "placement_status": "deferred",
        "fit_revision": "a6619d96ba8fa8279ea6a8027654a92b15942b9d",
        "fit_sha256": "e96a8934ae42cc6dbc079e69afebb743c05decf0a61f19ac24eb620be48c32ed",
        "label_anchors": [
          {
            "box_index": 0,
            "source_pixel_xy": [
              3826.0,
              2946.5
            ],
            "covering_crop_ids": [
              "F22-R02C02"
            ],
            "inside_control_hull": true,
            "status": "derived-lettering-location",
            "projected_xy_m": [
              -6845124.72766477,
              5729762.95115021
            ],
            "lonlat": [
              -61.4908016456574,
              45.683429845012036
            ]
          }
        ],
        "geographic_role": "printed-lettering-only"
      }
    },
    {
      "type": "Feature",
      "id": "F22-HAW-061",
      "geometry": {
        "type": "MultiPoint",
        "coordinates": [
          [
            -61.4849756106295,
            45.67633266245393
          ]
        ]
      },
      "properties": {
        "id": "F22-HAW-061",
        "source_text": "School",
        "kind": "school",
        "reading_status": "clear",
        "crop_id": "F22-R02C02",
        "raw_candidate_ids": [
          "F22-R02C02-12",
          "F22-R02C03-06"
        ],
        "source_label_boxes_xywh": [
          [
            3903,
            3160,
            92,
            35
          ]
        ],
        "review_status": "source-reviewed",
        "geometry": null,
        "placement_status": "deferred",
        "fit_revision": "a6619d96ba8fa8279ea6a8027654a92b15942b9d",
        "fit_sha256": "e96a8934ae42cc6dbc079e69afebb743c05decf0a61f19ac24eb620be48c32ed",
        "label_anchors": [
          {
            "box_index": 0,
            "source_pixel_xy": [
              3949.0,
              3177.5
            ],
            "covering_crop_ids": [
              "F22-R02C02",
              "F22-R02C03"
            ],
            "inside_control_hull": true,
            "status": "derived-lettering-location",
            "projected_xy_m": [
              -6844476.17641212,
              5728632.14740626
            ],
            "lonlat": [
              -61.4849756106295,
              45.67633266245393
            ]
          }
        ],
        "geographic_role": "printed-lettering-only"
      }
    },
    {
      "type": "Feature",
      "id": "F22-HAW-062",
      "geometry": {
        "type": "MultiPoint",
        "coordinates": [
          [
            -61.52794900557517,
            45.67118438700909
          ]
        ]
      },
      "properties": {
        "id": "F22-HAW-062",
        "source_text": "350 FT",
        "kind": "spot-height-label",
        "reading_status": "clear",
        "crop_id": "F22-R02C02",
        "raw_candidate_ids": [
          "F22-R02C02-13"
        ],
        "source_label_boxes_xywh": [
          [
            2983,
            3283,
            137,
            40
          ]
        ],
        "review_status": "source-reviewed",
        "geometry": null,
        "placement_status": "deferred",
        "fit_revision": "a6619d96ba8fa8279ea6a8027654a92b15942b9d",
        "fit_sha256": "e96a8934ae42cc6dbc079e69afebb743c05decf0a61f19ac24eb620be48c32ed",
        "label_anchors": [
          {
            "box_index": 0,
            "source_pixel_xy": [
              3051.5,
              3303.0
            ],
            "covering_crop_ids": [
              "F22-R02C02",
              "F22-R03C02"
            ],
            "inside_control_hull": true,
            "status": "derived-lettering-location",
            "projected_xy_m": [
              -6849259.95285513,
              5727811.95543016
            ],
            "lonlat": [
              -61.52794900557517,
              45.67118438700909
            ]
          }
        ],
        "geographic_role": "printed-lettering-only"
      }
    },
    {
      "type": "Feature",
      "id": "F22-HAW-063",
      "geometry": {
        "type": "MultiPoint",
        "coordinates": [
          [
            -61.51194683370009,
            45.67174273572339
          ]
        ]
      },
      "properties": {
        "id": "F22-HAW-063",
        "source_text": "40 FT",
        "kind": "spot-height-label",
        "reading_status": "clear",
        "crop_id": "F22-R02C02",
        "raw_candidate_ids": [
          "F22-R02C02-14"
        ],
        "source_label_boxes_xywh": [
          [
            3332,
            3278,
            105,
            35
          ]
        ],
        "review_status": "source-reviewed",
        "geometry": null,
        "placement_status": "deferred",
        "fit_revision": "a6619d96ba8fa8279ea6a8027654a92b15942b9d",
        "fit_sha256": "e96a8934ae42cc6dbc079e69afebb743c05decf0a61f19ac24eb620be48c32ed",
        "label_anchors": [
          {
            "box_index": 0,
            "source_pixel_xy": [
              3384.5,
              3295.5
            ],
            "covering_crop_ids": [
              "F22-R02C02",
              "F22-R03C02"
            ],
            "inside_control_hull": true,
            "status": "derived-lettering-location",
            "projected_xy_m": [
              -6847478.59923041,
              5727900.90450858
            ],
            "lonlat": [
              -61.51194683370009,
              45.67174273572339
            ]
          }
        ],
        "geographic_role": "printed-lettering-only"
      }
    },
    {
      "type": "Feature",
      "id": "F22-HAW-064",
      "geometry": {
        "type": "MultiPoint",
        "coordinates": [
          [
            -61.47959900682908,
            45.69305743333771
          ]
        ]
      },
      "properties": {
        "id": "F22-HAW-064",
        "source_text": "Lt. F. 110 ft. vis: 18 m.",
        "kind": "light",
        "reading_status": "clear",
        "crop_id": "F22-R02C03",
        "raw_candidate_ids": [
          "F22-R02C03-03",
          "F22-R02C02-15"
        ],
        "source_label_boxes_xywh": [
          [
            3910,
            2633,
            295,
            40
          ]
        ],
        "review_status": "source-reviewed",
        "geometry": null,
        "placement_status": "deferred",
        "review_note": "Completed using overlap; reject model H0 reading. Printed distance abbreviation remains uninterpreted.",
        "fit_revision": "a6619d96ba8fa8279ea6a8027654a92b15942b9d",
        "fit_sha256": "e96a8934ae42cc6dbc079e69afebb743c05decf0a61f19ac24eb620be48c32ed",
        "label_anchors": [
          {
            "box_index": 0,
            "source_pixel_xy": [
              4057.5,
              2653.0
            ],
            "covering_crop_ids": [
              "F22-R02C02",
              "F22-R02C03"
            ],
            "inside_control_hull": true,
            "status": "derived-lettering-location",
            "projected_xy_m": [
              -6843877.65561486,
              5731297.15720085
            ],
            "lonlat": [
              -61.47959900682908,
              45.69305743333771
            ]
          }
        ],
        "geographic_role": "printed-lettering-only"
      }
    },
    {
      "type": "Feature",
      "id": "F22-HAW-065",
      "geometry": {
        "type": "MultiPoint",
        "coordinates": [
          [
            -61.45112257871059,
            45.70387525203882
          ]
        ]
      },
      "properties": {
        "id": "F22-HAW-065",
        "source_text": "190 FT",
        "kind": "spot-height-label",
        "reading_status": "clear",
        "crop_id": "F22-R02C03",
        "raw_candidate_ids": [
          "F22-R02C03-01"
        ],
        "source_label_boxes_xywh": [
          [
            4591,
            2286,
            126,
            37
          ]
        ],
        "review_status": "source-reviewed",
        "geometry": null,
        "placement_status": "deferred",
        "fit_revision": "a6619d96ba8fa8279ea6a8027654a92b15942b9d",
        "fit_sha256": "e96a8934ae42cc6dbc079e69afebb743c05decf0a61f19ac24eb620be48c32ed",
        "label_anchors": [
          {
            "box_index": 0,
            "source_pixel_xy": [
              4654.0,
              2304.5
            ],
            "covering_crop_ids": [
              "F22-R02C03"
            ],
            "inside_control_hull": true,
            "status": "derived-lettering-location",
            "projected_xy_m": [
              -6840707.6741371,
              5733021.34776442
            ],
            "lonlat": [
              -61.45112257871059,
              45.70387525203882
            ]
          }
        ],
        "geographic_role": "printed-lettering-only"
      }
    },
    {
      "type": "Feature",
      "id": "F22-HAW-066",
      "geometry": {
        "type": "MultiPoint",
        "coordinates": [
          [
            -61.461970591535355,
            45.698979520101005
          ],
          [
            -61.45817542654502,
            45.697680701601044
          ]
        ]
      },
      "properties": {
        "id": "F22-HAW-066",
        "source_text": "Heffernan\nPond",
        "kind": "waterbody",
        "reading_status": "clear",
        "crop_id": "F22-R02C03",
        "raw_candidate_ids": [
          "F22-R02C03-02"
        ],
        "source_label_boxes_xywh": [
          [
            4316,
            2447,
            218,
            45
          ],
          [
            4448,
            2490,
            114,
            43
          ]
        ],
        "review_status": "source-reviewed",
        "geometry": null,
        "placement_status": "deferred",
        "fit_revision": "a6619d96ba8fa8279ea6a8027654a92b15942b9d",
        "fit_sha256": "e96a8934ae42cc6dbc079e69afebb743c05decf0a61f19ac24eb620be48c32ed",
        "label_anchors": [
          {
            "box_index": 0,
            "source_pixel_xy": [
              4425.0,
              2469.5
            ],
            "covering_crop_ids": [
              "F22-R02C03"
            ],
            "inside_control_hull": true,
            "status": "derived-lettering-location",
            "projected_xy_m": [
              -6841915.26940087,
              5732241.00358843
            ],
            "lonlat": [
              -61.461970591535355,
              45.698979520101005
            ]
          },
          {
            "box_index": 1,
            "source_pixel_xy": [
              4505.0,
              2511.5
            ],
            "covering_crop_ids": [
              "F22-R02C03"
            ],
            "inside_control_hull": true,
            "status": "derived-lettering-location",
            "projected_xy_m": [
              -6841492.79356667,
              5732033.99280399
            ],
            "lonlat": [
              -61.45817542654502,
              45.697680701601044
            ]
          }
        ],
        "geographic_role": "printed-lettering-only"
      }
    },
    {
      "type": "Feature",
      "id": "F22-HAW-067",
      "geometry": {
        "type": "MultiPoint",
        "coordinates": [
          [
            -61.436731998400056,
            45.69156846648412
          ]
        ]
      },
      "properties": {
        "id": "F22-HAW-067",
        "source_text": "School",
        "kind": "school",
        "reading_status": "clear",
        "crop_id": "F22-R02C03",
        "raw_candidate_ids": [
          "F22-R02C03-04"
        ],
        "source_label_boxes_xywh": [
          [
            4922,
            2711,
            95,
            33
          ]
        ],
        "review_status": "source-reviewed",
        "geometry": null,
        "placement_status": "deferred",
        "fit_revision": "a6619d96ba8fa8279ea6a8027654a92b15942b9d",
        "fit_sha256": "e96a8934ae42cc6dbc079e69afebb743c05decf0a61f19ac24eb620be48c32ed",
        "label_anchors": [
          {
            "box_index": 0,
            "source_pixel_xy": [
              4969.5,
              2727.5
            ],
            "covering_crop_ids": [
              "F22-R02C03"
            ],
            "inside_control_hull": true,
            "status": "derived-lettering-location",
            "projected_xy_m": [
              -6839105.72206471,
              5731059.86536024
            ],
            "lonlat": [
              -61.436731998400056,
              45.69156846648412
            ]
          }
        ],
        "geographic_role": "printed-lettering-only"
      }
    },
    {
      "type": "Feature",
      "id": "F22-HAW-068",
      "geometry": {
        "type": "MultiPoint",
        "coordinates": [
          [
            -61.43649641417788,
            45.67976976698266
          ]
        ]
      },
      "properties": {
        "id": "F22-HAW-068",
        "source_text": "Forge",
        "kind": "forge",
        "reading_status": "clear",
        "crop_id": "F22-R02C03",
        "raw_candidate_ids": [
          "F22-R02C03-05"
        ],
        "source_label_boxes_xywh": [
          [
            4941,
            3094,
            91,
            36
          ]
        ],
        "review_status": "source-reviewed",
        "geometry": null,
        "placement_status": "deferred",
        "fit_revision": "a6619d96ba8fa8279ea6a8027654a92b15942b9d",
        "fit_sha256": "e96a8934ae42cc6dbc079e69afebb743c05decf0a61f19ac24eb620be48c32ed",
        "label_anchors": [
          {
            "box_index": 0,
            "source_pixel_xy": [
              4986.5,
              3112.0
            ],
            "covering_crop_ids": [
              "F22-R02C03"
            ],
            "inside_control_hull": true,
            "status": "derived-lettering-location",
            "projected_xy_m": [
              -6839079.49694906,
              5729179.76803099
            ],
            "lonlat": [
              -61.43649641417788,
              45.67976976698266
            ]
          }
        ],
        "geographic_role": "printed-lettering-only"
      }
    },
    {
      "type": "Feature",
      "id": "F22-HAW-069",
      "geometry": {
        "type": "MultiPoint",
        "coordinates": [
          [
            -61.468574386233854,
            45.67251205389037
          ]
        ]
      },
      "properties": {
        "id": "F22-HAW-069",
        "source_text": "250 FT",
        "kind": "spot-height-label",
        "reading_status": "clear",
        "crop_id": "F22-R02C03",
        "raw_candidate_ids": [
          "F22-R02C03-07"
        ],
        "source_label_boxes_xywh": [
          [
            4241,
            3296,
            112,
            39
          ]
        ],
        "review_status": "source-reviewed",
        "geometry": null,
        "placement_status": "deferred",
        "fit_revision": "a6619d96ba8fa8279ea6a8027654a92b15942b9d",
        "fit_sha256": "e96a8934ae42cc6dbc079e69afebb743c05decf0a61f19ac24eb620be48c32ed",
        "label_anchors": [
          {
            "box_index": 0,
            "source_pixel_xy": [
              4297.0,
              3315.5
            ],
            "covering_crop_ids": [
              "F22-R02C03",
              "F22-R03C03"
            ],
            "inside_control_hull": true,
            "status": "derived-lettering-location",
            "projected_xy_m": [
              -6842650.40046401,
              5728023.46403432
            ],
            "lonlat": [
              -61.468574386233854,
              45.67251205389037
            ]
          }
        ],
        "geographic_role": "printed-lettering-only"
      }
    },
    {
      "type": "Feature",
      "id": "F22-HAW-070",
      "geometry": {
        "type": "MultiPoint",
        "coordinates": [
          [
            -61.42447441934461,
            45.66893358539527
          ]
        ]
      },
      "properties": {
        "id": "F22-HAW-070",
        "source_text": "Mill",
        "kind": "mill",
        "reading_status": "clear",
        "crop_id": "F22-R02C03",
        "raw_candidate_ids": [
          "F22-R02C03-10",
          "F22-R02C04-16"
        ],
        "source_label_boxes_xywh": [
          [
            5220,
            3432,
            77,
            35
          ]
        ],
        "review_status": "source-reviewed",
        "geometry": null,
        "placement_status": "deferred",
        "fit_revision": "a6619d96ba8fa8279ea6a8027654a92b15942b9d",
        "fit_sha256": "e96a8934ae42cc6dbc079e69afebb743c05decf0a61f19ac24eb620be48c32ed",
        "label_anchors": [
          {
            "box_index": 0,
            "source_pixel_xy": [
              5258.5,
              3449.5
            ],
            "covering_crop_ids": [
              "F22-R02C03",
              "F22-R02C04",
              "F22-R03C03",
              "F22-R03C04"
            ],
            "inside_control_hull": true,
            "status": "derived-lettering-location",
            "projected_xy_m": [
              -6837741.2146059,
              5727453.39508966
            ],
            "lonlat": [
              -61.42447441934461,
              45.66893358539527
            ]
          }
        ],
        "geographic_role": "printed-lettering-only"
      }
    },
    {
      "type": "Feature",
      "id": "F22-HAW-071",
      "geometry": {
        "type": "MultiPoint",
        "coordinates": [
          [
            -61.394253121833664,
            45.699229927795855
          ],
          [
            -61.39012355388807,
            45.694608409017
          ]
        ]
      },
      "properties": {
        "id": "F22-HAW-071",
        "source_text": "Brown's Brook",
        "kind": "stream",
        "reading_status": "clear",
        "crop_id": "F22-R02C04",
        "raw_candidate_ids": [
          "F22-R02C04-06"
        ],
        "source_label_boxes_xywh": [
          [
            5844,
            2399,
            112,
            179
          ],
          [
            5935,
            2582,
            105,
            131
          ]
        ],
        "review_status": "source-reviewed",
        "geometry": null,
        "placement_status": "deferred",
        "fit_revision": "a6619d96ba8fa8279ea6a8027654a92b15942b9d",
        "fit_sha256": "e96a8934ae42cc6dbc079e69afebb743c05decf0a61f19ac24eb620be48c32ed",
        "label_anchors": [
          {
            "box_index": 0,
            "source_pixel_xy": [
              5900.0,
              2488.5
            ],
            "covering_crop_ids": [
              "F22-R02C04"
            ],
            "inside_control_hull": true,
            "status": "derived-lettering-location",
            "projected_xy_m": [
              -6834376.99515587,
              5732280.91510144
            ],
            "lonlat": [
              -61.394253121833664,
              45.699229927795855
            ]
          },
          {
            "box_index": 1,
            "source_pixel_xy": [
              5987.5,
              2647.5
            ],
            "covering_crop_ids": [
              "F22-R02C04"
            ],
            "inside_control_hull": true,
            "status": "derived-lettering-location",
            "projected_xy_m": [
              -6833917.29375497,
              5731544.33790566
            ],
            "lonlat": [
              -61.39012355388807,
              45.694608409017
            ]
          }
        ],
        "geographic_role": "printed-lettering-only"
      }
    },
    {
      "type": "Feature",
      "id": "F22-HAW-072",
      "geometry": {
        "type": "MultiPoint",
        "coordinates": [
          [
            -61.37573031737099,
            45.70147262121541
          ]
        ]
      },
      "properties": {
        "id": "F22-HAW-072",
        "source_text": "L. Murray",
        "kind": "personal-name",
        "reading_status": "clear",
        "crop_id": "F22-R02C04",
        "raw_candidate_ids": [
          "F22-R02C04-09",
          "F22-R02C05-02"
        ],
        "source_label_boxes_xywh": [
          [
            6215,
            2422,
            177,
            43
          ]
        ],
        "review_status": "source-reviewed",
        "geometry": null,
        "placement_status": "deferred",
        "fit_revision": "a6619d96ba8fa8279ea6a8027654a92b15942b9d",
        "fit_sha256": "e96a8934ae42cc6dbc079e69afebb743c05decf0a61f19ac24eb620be48c32ed",
        "label_anchors": [
          {
            "box_index": 0,
            "source_pixel_xy": [
              6303.5,
              2443.5
            ],
            "covering_crop_ids": [
              "F22-R02C04",
              "F22-R02C05"
            ],
            "inside_control_hull": true,
            "status": "derived-lettering-location",
            "projected_xy_m": [
              -6832315.04599502,
              5732638.37729223
            ],
            "lonlat": [
              -61.37573031737099,
              45.70147262121541
            ]
          }
        ],
        "geographic_role": "printed-lettering-only"
      }
    },
    {
      "type": "Feature",
      "id": "F22-HAW-073",
      "geometry": {
        "type": "MultiPoint",
        "coordinates": [
          [
            -61.38553923748083,
            45.69778409297939
          ]
        ]
      },
      "properties": {
        "id": "F22-HAW-073",
        "source_text": "School",
        "kind": "school",
        "reading_status": "clear",
        "crop_id": "F22-R02C04",
        "raw_candidate_ids": [
          "F22-R02C04-08"
        ],
        "source_label_boxes_xywh": [
          [
            6042,
            2532,
            92,
            34
          ]
        ],
        "review_status": "source-reviewed",
        "geometry": null,
        "placement_status": "deferred",
        "review_note": "Model joined School to Road incorrectly; Road belongs to existing General Line Road, F22-HAW-014.",
        "fit_revision": "a6619d96ba8fa8279ea6a8027654a92b15942b9d",
        "fit_sha256": "e96a8934ae42cc6dbc079e69afebb743c05decf0a61f19ac24eb620be48c32ed",
        "label_anchors": [
          {
            "box_index": 0,
            "source_pixel_xy": [
              6088.0,
              2549.0
            ],
            "covering_crop_ids": [
              "F22-R02C04"
            ],
            "inside_control_hull": true,
            "status": "derived-lettering-location",
            "projected_xy_m": [
              -6833406.96998688,
              5732050.47155106
            ],
            "lonlat": [
              -61.38553923748083,
              45.69778409297939
            ]
          }
        ],
        "geographic_role": "printed-lettering-only"
      }
    },
    {
      "type": "Feature",
      "id": "F22-HAW-074",
      "geometry": {
        "type": "MultiPoint",
        "coordinates": [
          [
            -61.40108559001125,
            45.68880330778348
          ]
        ]
      },
      "properties": {
        "id": "F22-HAW-074",
        "source_text": "Widow Mc Askill",
        "kind": "personal-name",
        "reading_status": "clear",
        "crop_id": "F22-R02C04",
        "raw_candidate_ids": [
          "F22-R02C04-10"
        ],
        "source_label_boxes_xywh": [
          [
            5618,
            2805,
            267,
            45
          ]
        ],
        "review_status": "source-reviewed",
        "geometry": null,
        "placement_status": "deferred",
        "review_note": "ASCII c represents the printed superscript c; printed separation before Askill retained.",
        "fit_revision": "a6619d96ba8fa8279ea6a8027654a92b15942b9d",
        "fit_sha256": "e96a8934ae42cc6dbc079e69afebb743c05decf0a61f19ac24eb620be48c32ed",
        "label_anchors": [
          {
            "box_index": 0,
            "source_pixel_xy": [
              5751.5,
              2827.5
            ],
            "covering_crop_ids": [
              "F22-R02C04"
            ],
            "inside_control_hull": true,
            "status": "derived-lettering-location",
            "projected_xy_m": [
              -6835137.58203426,
              5730619.20770379
            ],
            "lonlat": [
              -61.40108559001125,
              45.68880330778348
            ]
          }
        ],
        "geographic_role": "printed-lettering-only"
      }
    },
    {
      "type": "Feature",
      "id": "F22-HAW-075",
      "geometry": {
        "type": "MultiPoint",
        "coordinates": [
          [
            -61.414500796083324,
            45.68900572712502
          ]
        ]
      },
      "properties": {
        "id": "F22-HAW-075",
        "source_text": "570 FT",
        "kind": "spot-height-label",
        "reading_status": "clear",
        "crop_id": "F22-R02C04",
        "raw_candidate_ids": [
          "F22-R02C04-11"
        ],
        "source_label_boxes_xywh": [
          [
            5388,
            2792,
            143,
            39
          ]
        ],
        "review_status": "source-reviewed",
        "geometry": null,
        "placement_status": "deferred",
        "fit_revision": "a6619d96ba8fa8279ea6a8027654a92b15942b9d",
        "fit_sha256": "e96a8934ae42cc6dbc079e69afebb743c05decf0a61f19ac24eb620be48c32ed",
        "label_anchors": [
          {
            "box_index": 0,
            "source_pixel_xy": [
              5459.5,
              2811.5
            ],
            "covering_crop_ids": [
              "F22-R02C04"
            ],
            "inside_control_hull": true,
            "status": "derived-lettering-location",
            "projected_xy_m": [
              -6836630.95594309,
              5730651.46465498
            ],
            "lonlat": [
              -61.414500796083324,
              45.68900572712502
            ]
          }
        ],
        "geographic_role": "printed-lettering-only"
      }
    },
    {
      "type": "Feature",
      "id": "F22-HAW-076",
      "geometry": {
        "type": "MultiPoint",
        "coordinates": [
          [
            -61.40976390140988,
            45.68604924644028
          ],
          [
            -61.40846315264595,
            45.68153871535716
          ]
        ]
      },
      "properties": {
        "id": "F22-HAW-076",
        "source_text": "Horton Brook",
        "kind": "stream",
        "reading_status": "clear",
        "crop_id": "F22-R02C04",
        "raw_candidate_ids": [
          "F22-R02C04-12"
        ],
        "source_label_boxes_xywh": [
          [
            5533,
            2840,
            64,
            143
          ],
          [
            5565,
            2994,
            64,
            132
          ]
        ],
        "review_status": "source-reviewed",
        "geometry": null,
        "placement_status": "deferred",
        "fit_revision": "a6619d96ba8fa8279ea6a8027654a92b15942b9d",
        "fit_sha256": "e96a8934ae42cc6dbc079e69afebb743c05decf0a61f19ac24eb620be48c32ed",
        "label_anchors": [
          {
            "box_index": 0,
            "source_pixel_xy": [
              5565.0,
              2911.5
            ],
            "covering_crop_ids": [
              "F22-R02C04"
            ],
            "inside_control_hull": true,
            "status": "derived-lettering-location",
            "projected_xy_m": [
              -6836103.6472401,
              5730180.34018283
            ],
            "lonlat": [
              -61.40976390140988,
              45.68604924644028
            ]
          },
          {
            "box_index": 1,
            "source_pixel_xy": [
              5597.0,
              3060.0
            ],
            "covering_crop_ids": [
              "F22-R02C04"
            ],
            "inside_control_hull": true,
            "status": "derived-lettering-location",
            "projected_xy_m": [
              -6835958.84855005,
              5729461.62087333
            ],
            "lonlat": [
              -61.40846315264595,
              45.68153871535716
            ]
          }
        ],
        "geographic_role": "printed-lettering-only"
      }
    },
    {
      "type": "Feature",
      "id": "F22-HAW-077",
      "geometry": {
        "type": "MultiPoint",
        "coordinates": [
          [
            -61.37710112723816,
            45.682816271985644
          ]
        ]
      },
      "properties": {
        "id": "F22-HAW-077",
        "source_text": "Brown's Mill",
        "kind": "mill",
        "reading_status": "clear",
        "crop_id": "F22-R02C04",
        "raw_candidate_ids": [
          "F22-R02C04-13",
          "F22-R02C05-06"
        ],
        "source_label_boxes_xywh": [
          [
            6177,
            3034,
            183,
            40
          ]
        ],
        "review_status": "source-reviewed",
        "geometry": null,
        "placement_status": "deferred",
        "fit_revision": "a6619d96ba8fa8279ea6a8027654a92b15942b9d",
        "fit_sha256": "e96a8934ae42cc6dbc079e69afebb743c05decf0a61f19ac24eb620be48c32ed",
        "label_anchors": [
          {
            "box_index": 0,
            "source_pixel_xy": [
              6268.5,
              3054.0
            ],
            "covering_crop_ids": [
              "F22-R02C04"
            ],
            "inside_control_hull": true,
            "status": "derived-lettering-location",
            "projected_xy_m": [
              -6832467.64385141,
              5729665.1840614
            ],
            "lonlat": [
              -61.37710112723816,
              45.682816271985644
            ]
          }
        ],
        "geographic_role": "printed-lettering-only"
      }
    },
    {
      "type": "Feature",
      "id": "F22-HAW-078",
      "geometry": {
        "type": "MultiPoint",
        "coordinates": [
          [
            -61.39272874839394,
            45.67646155456649
          ],
          [
            -61.39232566695627,
            45.674993877305454
          ]
        ]
      },
      "properties": {
        "id": "F22-HAW-078",
        "source_text": "Horton\nLake",
        "kind": "waterbody",
        "reading_status": "clear",
        "crop_id": "F22-R02C04",
        "raw_candidate_ids": [
          "F22-R02C04-14",
          "F22-DETAIL-HORTON-EDGE-01"
        ],
        "source_label_boxes_xywh": [
          [
            5836,
            3196,
            207,
            91
          ],
          [
            5885,
            3261,
            128,
            56
          ]
        ],
        "review_status": "source-reviewed",
        "geometry": null,
        "placement_status": "deferred",
        "fit_revision": "a6619d96ba8fa8279ea6a8027654a92b15942b9d",
        "fit_sha256": "e96a8934ae42cc6dbc079e69afebb743c05decf0a61f19ac24eb620be48c32ed",
        "label_anchors": [
          {
            "box_index": 0,
            "source_pixel_xy": [
              5939.5,
              3241.5
            ],
            "covering_crop_ids": [
              "F22-R02C04"
            ],
            "inside_control_hull": true,
            "status": "derived-lettering-location",
            "projected_xy_m": [
              -6834207.30268078,
              5728652.68268301
            ],
            "lonlat": [
              -61.39272874839394,
              45.67646155456649
            ]
          },
          {
            "box_index": 1,
            "source_pixel_xy": [
              5949.0,
              3289.0
            ],
            "covering_crop_ids": [
              "F22-R02C04",
              "F22-R03C04"
            ],
            "inside_control_hull": true,
            "status": "derived-lettering-location",
            "projected_xy_m": [
              -6834162.43186039,
              5728418.853028
            ],
            "lonlat": [
              -61.39232566695627,
              45.674993877305454
            ]
          }
        ],
        "geographic_role": "printed-lettering-only"
      }
    },
    {
      "type": "Feature",
      "id": "F22-HAW-079",
      "geometry": {
        "type": "MultiPoint",
        "coordinates": [
          [
            -61.415591060635066,
            45.66984349988251
          ],
          [
            -61.40447089223168,
            45.66897750806825
          ]
        ]
      },
      "properties": {
        "id": "F22-HAW-079",
        "source_text": "Horton Brook",
        "kind": "stream",
        "reading_status": "clear",
        "crop_id": "F22-R02C04",
        "raw_candidate_ids": [
          "F22-R02C04-15",
          "F22-DETAIL-HORTON-EDGE-02"
        ],
        "source_label_boxes_xywh": [
          [
            5358,
            3406,
            186,
            41
          ],
          [
            5622,
            3428,
            137,
            74
          ]
        ],
        "review_status": "source-reviewed",
        "geometry": null,
        "placement_status": "deferred",
        "review_note": "Separate printed occurrence from the western vertical Horton Brook; lower edge completed in HORTON-EDGE native context.",
        "fit_revision": "a6619d96ba8fa8279ea6a8027654a92b15942b9d",
        "fit_sha256": "e96a8934ae42cc6dbc079e69afebb743c05decf0a61f19ac24eb620be48c32ed",
        "label_anchors": [
          {
            "box_index": 0,
            "source_pixel_xy": [
              5451.0,
              3426.5
            ],
            "covering_crop_ids": [
              "F22-R02C04",
              "F22-R03C04"
            ],
            "inside_control_hull": true,
            "status": "derived-lettering-location",
            "projected_xy_m": [
              -6836752.32363782,
              5727598.34582113
            ],
            "lonlat": [
              -61.415591060635066,
              45.66984349988251
            ]
          },
          {
            "box_index": 1,
            "source_pixel_xy": [
              5690.5,
              3465.0
            ],
            "covering_crop_ids": [
              "F22-R02C04",
              "F22-R03C04"
            ],
            "inside_control_hull": true,
            "status": "derived-lettering-location",
            "projected_xy_m": [
              -6835514.43215362,
              5727460.39198268
            ],
            "lonlat": [
              -61.40447089223168,
              45.66897750806825
            ]
          }
        ],
        "geographic_role": "printed-lettering-only"
      }
    },
    {
      "type": "Feature",
      "id": "F22-HAW-080",
      "geometry": {
        "type": "MultiPoint",
        "coordinates": [
          [
            -61.36606598647534,
            45.69045409250625
          ]
        ]
      },
      "properties": {
        "id": "F22-HAW-080",
        "source_text": "Barrens",
        "kind": "landscape-annotation",
        "reading_status": "clear",
        "crop_id": "F22-R02C05",
        "raw_candidate_ids": [
          "F22-R02C05-03",
          "F22-R02C04-17"
        ],
        "source_label_boxes_xywh": [
          [
            6384,
            2791,
            243,
            48
          ]
        ],
        "review_status": "source-reviewed",
        "geometry": null,
        "placement_status": "deferred",
        "fit_revision": "a6619d96ba8fa8279ea6a8027654a92b15942b9d",
        "fit_sha256": "e96a8934ae42cc6dbc079e69afebb743c05decf0a61f19ac24eb620be48c32ed",
        "label_anchors": [
          {
            "box_index": 0,
            "source_pixel_xy": [
              6505.5,
              2815.0
            ],
            "covering_crop_ids": [
              "F22-R02C05"
            ],
            "inside_control_hull": true,
            "status": "derived-lettering-location",
            "projected_xy_m": [
              -6831239.21760086,
              5730882.27531016
            ],
            "lonlat": [
              -61.36606598647534,
              45.69045409250625
            ]
          }
        ],
        "geographic_role": "printed-lettering-only"
      }
    },
    {
      "type": "Feature",
      "id": "F22-HAW-081",
      "geometry": {
        "type": "MultiPoint",
        "coordinates": [
          [
            -61.32378545960246,
            45.69431257332064
          ],
          [
            -61.31668382764011,
            45.69296930489064
          ]
        ]
      },
      "properties": {
        "id": "F22-HAW-081",
        "source_text": "Sugar Camp Brook",
        "kind": "stream",
        "reading_status": "clear",
        "crop_id": "F22-R02C05",
        "raw_candidate_ids": [
          "F22-R02C05-04",
          "F22-R02C05-05",
          "F22-R02C06-02"
        ],
        "source_label_boxes_xywh": [
          [
            7324,
            2645,
            201,
            142
          ],
          [
            7520,
            2742,
            117,
            42
          ]
        ],
        "review_status": "source-reviewed",
        "geometry": null,
        "placement_status": "deferred",
        "fit_revision": "a6619d96ba8fa8279ea6a8027654a92b15942b9d",
        "fit_sha256": "e96a8934ae42cc6dbc079e69afebb743c05decf0a61f19ac24eb620be48c32ed",
        "label_anchors": [
          {
            "box_index": 0,
            "source_pixel_xy": [
              7424.5,
              2716.0
            ],
            "covering_crop_ids": [
              "F22-R02C05"
            ],
            "inside_control_hull": true,
            "status": "derived-lettering-location",
            "projected_xy_m": [
              -6826532.5708789,
              5731497.18971533
            ],
            "lonlat": [
              -61.32378545960246,
              45.69431257332064
            ]
          },
          {
            "box_index": 1,
            "source_pixel_xy": [
              7578.5,
              2763.0
            ],
            "covering_crop_ids": [
              "F22-R02C05",
              "F22-R02C06"
            ],
            "inside_control_hull": true,
            "status": "derived-lettering-location",
            "projected_xy_m": [
              -6825742.02082505,
              5731283.11227885
            ],
            "lonlat": [
              -61.31668382764011,
              45.69296930489064
            ]
          }
        ],
        "geographic_role": "printed-lettering-only"
      }
    },
    {
      "type": "Feature",
      "id": "F22-HAW-082",
      "geometry": {
        "type": "MultiPoint",
        "coordinates": [
          [
            -61.352302159244985,
            45.6798749893325
          ]
        ]
      },
      "properties": {
        "id": "F22-HAW-082",
        "source_text": "McQuarrie",
        "kind": "personal-name",
        "reading_status": "clear",
        "crop_id": "F22-R02C05",
        "raw_candidate_ids": [
          "F22-R02C05-07"
        ],
        "source_label_boxes_xywh": [
          [
            6720,
            3145,
            165,
            36
          ]
        ],
        "review_status": "source-reviewed",
        "geometry": null,
        "placement_status": "deferred",
        "review_note": "ASCII c represents the printed superscript c.",
        "fit_revision": "a6619d96ba8fa8279ea6a8027654a92b15942b9d",
        "fit_sha256": "e96a8934ae42cc6dbc079e69afebb743c05decf0a61f19ac24eb620be48c32ed",
        "label_anchors": [
          {
            "box_index": 0,
            "source_pixel_xy": [
              6802.5,
              3163.0
            ],
            "covering_crop_ids": [
              "F22-R02C05"
            ],
            "inside_control_hull": true,
            "status": "derived-lettering-location",
            "projected_xy_m": [
              -6829707.03536221,
              5729196.53323334
            ],
            "lonlat": [
              -61.352302159244985,
              45.6798749893325
            ]
          }
        ],
        "geographic_role": "printed-lettering-only"
      }
    },
    {
      "type": "Feature",
      "id": "F22-HAW-083",
      "geometry": {
        "type": "MultiPoint",
        "coordinates": [
          [
            -61.352273107825795,
            45.67633871524866
          ]
        ]
      },
      "properties": {
        "id": "F22-HAW-083",
        "source_text": "Dortons Bridge",
        "kind": "settlement",
        "reading_status": "clear",
        "crop_id": "F22-R02C05",
        "raw_candidate_ids": [
          "F22-R02C05-08"
        ],
        "source_label_boxes_xywh": [
          [
            6562,
            3242,
            482,
            66
          ]
        ],
        "review_status": "source-reviewed",
        "geometry": null,
        "placement_status": "deferred",
        "fit_revision": "a6619d96ba8fa8279ea6a8027654a92b15942b9d",
        "fit_sha256": "e96a8934ae42cc6dbc079e69afebb743c05decf0a61f19ac24eb620be48c32ed",
        "label_anchors": [
          {
            "box_index": 0,
            "source_pixel_xy": [
              6803.0,
              3275.0
            ],
            "covering_crop_ids": [
              "F22-R02C05"
            ],
            "inside_control_hull": true,
            "status": "derived-lettering-location",
            "projected_xy_m": [
              -6829703.80137302,
              5728633.11174516
            ],
            "lonlat": [
              -61.352273107825795,
              45.67633871524866
            ]
          }
        ],
        "geographic_role": "printed-lettering-only"
      }
    },
    {
      "type": "Feature",
      "id": "F22-HAW-084",
      "geometry": {
        "type": "MultiPoint",
        "coordinates": [
          [
            -61.329075292916855,
            45.68223536518115
          ]
        ]
      },
      "properties": {
        "id": "F22-HAW-084",
        "source_text": "School",
        "kind": "school",
        "reading_status": "clear",
        "crop_id": "F22-R02C05",
        "raw_candidate_ids": [
          "F22-R02C05-09"
        ],
        "source_label_boxes_xywh": [
          [
            7264,
            3082,
            86,
            32
          ]
        ],
        "review_status": "source-reviewed",
        "geometry": null,
        "placement_status": "deferred",
        "fit_revision": "a6619d96ba8fa8279ea6a8027654a92b15942b9d",
        "fit_sha256": "e96a8934ae42cc6dbc079e69afebb743c05decf0a61f19ac24eb620be48c32ed",
        "label_anchors": [
          {
            "box_index": 0,
            "source_pixel_xy": [
              7307.0,
              3098.0
            ],
            "covering_crop_ids": [
              "F22-R02C05"
            ],
            "inside_control_hull": true,
            "status": "derived-lettering-location",
            "projected_xy_m": [
              -6827121.43242984,
              5729572.62301582
            ],
            "lonlat": [
              -61.329075292916855,
              45.68223536518115
            ]
          }
        ],
        "geographic_role": "printed-lettering-only"
      }
    },
    {
      "type": "Feature",
      "id": "F22-HAW-085",
      "geometry": {
        "type": "MultiPoint",
        "coordinates": [
          [
            -61.36833340066347,
            45.670393775994086
          ],
          [
            -61.36445954455088,
            45.67220311115753
          ],
          [
            -61.3604114813607,
            45.67427328634186
          ]
        ]
      },
      "properties": {
        "id": "F22-HAW-085",
        "source_text": "Big Brook Road",
        "kind": "road",
        "reading_status": "clear",
        "crop_id": "F22-R02C05",
        "raw_candidate_ids": [
          "F22-R02C05-10",
          "F22-DETAIL-HORTON-EDGE-05"
        ],
        "source_label_boxes_xywh": [
          [
            6428,
            3432,
            62,
            44
          ],
          [
            6496,
            3363,
            91,
            73
          ],
          [
            6588,
            3306,
            80,
            61
          ]
        ],
        "review_status": "source-reviewed",
        "geometry": null,
        "placement_status": "deferred",
        "review_note": "Bottom word checked against overlapping native HORTON-EDGE context.",
        "fit_revision": "a6619d96ba8fa8279ea6a8027654a92b15942b9d",
        "fit_sha256": "e96a8934ae42cc6dbc079e69afebb743c05decf0a61f19ac24eb620be48c32ed",
        "label_anchors": [
          {
            "box_index": 0,
            "source_pixel_xy": [
              6459.0,
              3454.0
            ],
            "covering_crop_ids": [
              "F22-R02C04",
              "F22-R02C05",
              "F22-R03C04",
              "F22-R03C05"
            ],
            "inside_control_hull": true,
            "status": "derived-lettering-location",
            "projected_xy_m": [
              -6831491.6249937,
              5727686.00676778
            ],
            "lonlat": [
              -61.36833340066347,
              45.670393775994086
            ]
          },
          {
            "box_index": 1,
            "source_pixel_xy": [
              6541.5,
              3399.5
            ],
            "covering_crop_ids": [
              "F22-R02C05",
              "F22-R03C05"
            ],
            "inside_control_hull": true,
            "status": "derived-lettering-location",
            "projected_xy_m": [
              -6831060.38930384,
              5727974.24638657
            ],
            "lonlat": [
              -61.36445954455088,
              45.67220311115753
            ]
          },
          {
            "box_index": 2,
            "source_pixel_xy": [
              6628.0,
              3336.5
            ],
            "covering_crop_ids": [
              "F22-R02C05",
              "F22-R03C05"
            ],
            "inside_control_hull": true,
            "status": "derived-lettering-location",
            "projected_xy_m": [
              -6830609.76097081,
              5728304.0510572
            ],
            "lonlat": [
              -61.3604114813607,
              45.67427328634186
            ]
          }
        ],
        "geographic_role": "printed-lettering-only"
      }
    },
    {
      "type": "Feature",
      "id": "F22-HAW-086",
      "geometry": {
        "type": "MultiPoint",
        "coordinates": [
          [
            -61.3044135607991,
            45.698784060976124
          ]
        ]
      },
      "properties": {
        "id": "F22-HAW-086",
        "source_text": "Beaver Dam Lake",
        "kind": "waterbody",
        "reading_status": "clear",
        "crop_id": "F22-R02C06",
        "raw_candidate_ids": [
          "F22-R02C06-01"
        ],
        "source_label_boxes_xywh": [
          [
            7706,
            2563,
            280,
            43
          ]
        ],
        "review_status": "source-reviewed",
        "geometry": null,
        "placement_status": "deferred",
        "fit_revision": "a6619d96ba8fa8279ea6a8027654a92b15942b9d",
        "fit_sha256": "e96a8934ae42cc6dbc079e69afebb743c05decf0a61f19ac24eb620be48c32ed",
        "label_anchors": [
          {
            "box_index": 0,
            "source_pixel_xy": [
              7846.0,
              2584.5
            ],
            "covering_crop_ids": [
              "F22-R02C06"
            ],
            "inside_control_hull": true,
            "status": "derived-lettering-location",
            "projected_xy_m": [
              -6824376.10096841,
              5732209.85023946
            ],
            "lonlat": [
              -61.3044135607991,
              45.698784060976124
            ]
          }
        ],
        "geographic_role": "printed-lettering-only"
      }
    },
    {
      "type": "Feature",
      "id": "F22-HAW-087",
      "geometry": {
        "type": "MultiPoint",
        "coordinates": [
          [
            -61.274577218461815,
            45.69068398081664
          ]
        ]
      },
      "properties": {
        "id": "F22-HAW-087",
        "source_text": "J. Dowling",
        "kind": "personal-name",
        "reading_status": "clear",
        "crop_id": "F22-R02C06",
        "raw_candidate_ids": [
          "F22-R02C06-04",
          "F22-DETAIL-RAILWAY-01"
        ],
        "source_label_boxes_xywh": [
          [
            8419,
            2838,
            167,
            43
          ]
        ],
        "review_status": "source-reviewed",
        "geometry": null,
        "placement_status": "deferred",
        "fit_revision": "a6619d96ba8fa8279ea6a8027654a92b15942b9d",
        "fit_sha256": "e96a8934ae42cc6dbc079e69afebb743c05decf0a61f19ac24eb620be48c32ed",
        "label_anchors": [
          {
            "box_index": 0,
            "source_pixel_xy": [
              8502.5,
              2859.5
            ],
            "covering_crop_ids": [
              "F22-R02C06"
            ],
            "inside_control_hull": true,
            "status": "derived-lettering-location",
            "projected_xy_m": [
              -6821054.73453229,
              5730918.9107257
            ],
            "lonlat": [
              -61.274577218461815,
              45.69068398081664
            ]
          }
        ],
        "geographic_role": "printed-lettering-only"
      }
    },
    {
      "type": "Feature",
      "id": "F22-HAW-088",
      "geometry": {
        "type": "MultiPoint",
        "coordinates": [
          [
            -61.284287841329,
            45.68641008621729
          ],
          [
            -61.27445620971174,
            45.68412905149982
          ]
        ]
      },
      "properties": {
        "id": "F22-HAW-088",
        "source_text": "Northwest Arm",
        "kind": "stream",
        "reading_status": "clear",
        "crop_id": "F22-R02C06",
        "raw_candidate_ids": [
          "F22-R02C06-05",
          "F22-DETAIL-RAILWAY-02"
        ],
        "source_label_boxes_xywh": [
          [
            8167,
            2939,
            244,
            104
          ],
          [
            8452,
            3045,
            112,
            47
          ]
        ],
        "review_status": "source-reviewed",
        "geometry": null,
        "placement_status": "deferred",
        "review_note": "Separate eastern printed occurrence; do not merge with F22-HAW-013.",
        "fit_revision": "a6619d96ba8fa8279ea6a8027654a92b15942b9d",
        "fit_sha256": "e96a8934ae42cc6dbc079e69afebb743c05decf0a61f19ac24eb620be48c32ed",
        "label_anchors": [
          {
            "box_index": 0,
            "source_pixel_xy": [
              8289.0,
              2991.0
            ],
            "covering_crop_ids": [
              "F22-R02C06"
            ],
            "inside_control_hull": true,
            "status": "derived-lettering-location",
            "projected_xy_m": [
              -6822135.71612515,
              5730237.83979924
            ],
            "lonlat": [
              -61.284287841329,
              45.68641008621729
            ]
          },
          {
            "box_index": 1,
            "source_pixel_xy": [
              8508.0,
              3068.5
            ],
            "covering_crop_ids": [
              "F22-R02C06"
            ],
            "inside_control_hull": true,
            "status": "derived-lettering-location",
            "projected_xy_m": [
              -6821041.26389985,
              5729874.36443257
            ],
            "lonlat": [
              -61.27445620971174,
              45.68412905149982
            ]
          }
        ],
        "geographic_role": "printed-lettering-only"
      }
    },
    {
      "type": "Feature",
      "id": "F22-HAW-089",
      "geometry": {
        "type": "MultiPoint",
        "coordinates": [
          [
            -61.260039459555735,
            45.69791463687888
          ]
        ]
      },
      "properties": {
        "id": "F22-HAW-089",
        "source_text": "New Bridge",
        "kind": "bridge-label",
        "reading_status": "clear",
        "crop_id": "F22-R02C07",
        "raw_candidate_ids": [
          "F22-R02C07-04",
          "F22-R02C06-03"
        ],
        "source_label_boxes_xywh": [
          [
            8731,
            2611,
            181,
            39
          ]
        ],
        "review_status": "source-reviewed",
        "geometry": null,
        "placement_status": "deferred",
        "fit_revision": "a6619d96ba8fa8279ea6a8027654a92b15942b9d",
        "fit_sha256": "e96a8934ae42cc6dbc079e69afebb743c05decf0a61f19ac24eb620be48c32ed",
        "label_anchors": [
          {
            "box_index": 0,
            "source_pixel_xy": [
              8821.5,
              2630.5
            ],
            "covering_crop_ids": [
              "F22-R02C06",
              "F22-R02C07"
            ],
            "inside_control_hull": true,
            "status": "derived-lettering-location",
            "projected_xy_m": [
              -6819436.39861359,
              5732071.27797066
            ],
            "lonlat": [
              -61.260039459555735,
              45.69791463687888
            ]
          }
        ],
        "geographic_role": "printed-lettering-only"
      }
    },
    {
      "type": "Feature",
      "id": "F22-HAW-090",
      "geometry": {
        "type": "MultiPoint",
        "coordinates": [
          [
            -61.27338361316177,
            45.6720686937064
          ],
          [
            -61.26432084250857,
            45.67764586392583
          ]
        ]
      },
      "properties": {
        "id": "F22-HAW-090",
        "source_text": "Black Brook",
        "kind": "stream",
        "reading_status": "clear",
        "crop_id": "F22-R02C06",
        "raw_candidate_ids": [
          "F22-R02C06-06",
          "F22-R02C06-07",
          "F22-DETAIL-RAILWAY-06",
          "F22-R02C07-06"
        ],
        "source_label_boxes_xywh": [
          [
            8500,
            3373,
            70,
            151
          ],
          [
            8664,
            3252,
            145,
            52
          ]
        ],
        "review_status": "source-reviewed",
        "geometry": null,
        "placement_status": "deferred",
        "review_note": "Black completed in native RAILWAY context; reject first-pass Jack guess.",
        "fit_revision": "a6619d96ba8fa8279ea6a8027654a92b15942b9d",
        "fit_sha256": "e96a8934ae42cc6dbc079e69afebb743c05decf0a61f19ac24eb620be48c32ed",
        "label_anchors": [
          {
            "box_index": 0,
            "source_pixel_xy": [
              8535.0,
              3448.5
            ],
            "covering_crop_ids": [
              "F22-R02C06",
              "F22-R03C06"
            ],
            "inside_control_hull": true,
            "status": "derived-lettering-location",
            "projected_xy_m": [
              -6820921.86299808,
              5727952.83243553
            ],
            "lonlat": [
              -61.27338361316177,
              45.6720686937064
            ]
          },
          {
            "box_index": 1,
            "source_pixel_xy": [
              8736.5,
              3278.0
            ],
            "covering_crop_ids": [
              "F22-R02C06",
              "F22-R02C07"
            ],
            "inside_control_hull": true,
            "status": "derived-lettering-location",
            "projected_xy_m": [
              -6819912.99998379,
              5728841.37076749
            ],
            "lonlat": [
              -61.26432084250857,
              45.67764586392583
            ]
          }
        ],
        "geographic_role": "printed-lettering-only"
      }
    },
    {
      "type": "Feature",
      "id": "F22-HAW-091",
      "geometry": {
        "type": "MultiPoint",
        "coordinates": [
          [
            -61.28851057157857,
            45.702832673314965
          ],
          [
            -61.29478432398663,
            45.69518195960288
          ],
          [
            -61.29712922466971,
            45.68870983124127
          ],
          [
            -61.29149814669557,
            45.68260570090726
          ],
          [
            -61.286620296402845,
            45.67682762568633
          ],
          [
            -61.28614844931736,
            45.67228742443657
          ],
          [
            -61.28442690891069,
            45.66791955486122
          ]
        ]
      },
      "properties": {
        "id": "F22-HAW-091",
        "source_text": "PROPOSED RAILWAY TO WHYCOCOMAGH AND BROAD COVE",
        "kind": "proposed-railway-label",
        "reading_status": "clear",
        "crop_id": "F22-R02C06",
        "raw_candidate_ids": [
          "F22-R02C06-08",
          "F22-R02C06-11",
          "F22-DETAIL-RAILWAY-04"
        ],
        "source_label_boxes_xywh": [
          [
            8115,
            2378,
            154,
            172
          ],
          [
            8013,
            2615,
            86,
            181
          ],
          [
            7980,
            2880,
            51,
            61
          ],
          [
            8026,
            2994,
            209,
            227
          ],
          [
            8217,
            3251,
            45,
            83
          ],
          [
            8218,
            3369,
            65,
            132
          ],
          [
            8266,
            3527,
            46,
            90
          ]
        ],
        "review_status": "source-reviewed",
        "geometry": null,
        "placement_status": "deferred",
        "review_note": "Multipart source annotation continued in RAILWAY context; named destination spelling is transcribed, not normalized.",
        "fit_revision": "a6619d96ba8fa8279ea6a8027654a92b15942b9d",
        "fit_sha256": "e96a8934ae42cc6dbc079e69afebb743c05decf0a61f19ac24eb620be48c32ed",
        "label_anchors": [
          {
            "box_index": 0,
            "source_pixel_xy": [
              8192.0,
              2464.0
            ],
            "covering_crop_ids": [
              "F22-R02C06"
            ],
            "inside_control_hull": true,
            "status": "derived-lettering-location",
            "projected_xy_m": [
              -6822605.78830629,
              5732855.16254825
            ],
            "lonlat": [
              -61.28851057157857,
              45.702832673314965
            ]
          },
          {
            "box_index": 1,
            "source_pixel_xy": [
              8056.0,
              2705.5
            ],
            "covering_crop_ids": [
              "F22-R02C06"
            ],
            "inside_control_hull": true,
            "status": "derived-lettering-location",
            "projected_xy_m": [
              -6823304.17922972,
              5731635.74703147
            ],
            "lonlat": [
              -61.29478432398663,
              45.69518195960288
            ]
          },
          {
            "box_index": 2,
            "source_pixel_xy": [
              8005.5,
              2910.5
            ],
            "covering_crop_ids": [
              "F22-R02C06"
            ],
            "inside_control_hull": true,
            "status": "derived-lettering-location",
            "projected_xy_m": [
              -6823565.21237972,
              5730604.31159623
            ],
            "lonlat": [
              -61.29712922466971,
              45.68870983124127
            ]
          },
          {
            "box_index": 3,
            "source_pixel_xy": [
              8130.5,
              3107.5
            ],
            "covering_crop_ids": [
              "F22-R02C06"
            ],
            "inside_control_hull": true,
            "status": "derived-lettering-location",
            "projected_xy_m": [
              -6822938.36364702,
              5729631.6317884
            ],
            "lonlat": [
              -61.29149814669557,
              45.68260570090726
            ]
          },
          {
            "box_index": 4,
            "source_pixel_xy": [
              8239.5,
              3292.5
            ],
            "covering_crop_ids": [
              "F22-R02C06",
              "F22-R03C06"
            ],
            "inside_control_hull": true,
            "status": "derived-lettering-location",
            "projected_xy_m": [
              -6822395.36383627,
              5728711.00591826
            ],
            "lonlat": [
              -61.286620296402845,
              45.67682762568633
            ]
          },
          {
            "box_index": 5,
            "source_pixel_xy": [
              8250.5,
              3435.0
            ],
            "covering_crop_ids": [
              "F22-R02C06",
              "F22-R03C06"
            ],
            "inside_control_hull": true,
            "status": "derived-lettering-location",
            "projected_xy_m": [
              -6822342.83805898,
              5727987.67830291
            ],
            "lonlat": [
              -61.28614844931736,
              45.67228742443657
            ]
          },
          {
            "box_index": 6,
            "source_pixel_xy": [
              8289.0,
              3572.0
            ],
            "covering_crop_ids": [
              "F22-R03C06"
            ],
            "inside_control_hull": true,
            "status": "derived-lettering-location",
            "projected_xy_m": [
              -6822151.19705753,
              5727291.86129322
            ],
            "lonlat": [
              -61.28442690891069,
              45.66791955486122
            ]
          }
        ],
        "geographic_role": "printed-lettering-only"
      }
    },
    {
      "type": "Feature",
      "id": "F22-HAW-092",
      "geometry": {
        "type": "MultiPoint",
        "coordinates": [
          [
            -61.29725351406029,
            45.68300333124668
          ],
          [
            -61.29147962831288,
            45.67889983658441
          ],
          [
            -61.29026041589003,
            45.674610227986705
          ],
          [
            -61.289663626690256,
            45.66998171554049
          ],
          [
            -61.28826942757863,
            45.66778935415725
          ],
          [
            -61.28905334413608,
            45.66529550163961
          ]
        ]
      },
      "properties": {
        "id": "F22-HAW-092",
        "source_text": "Surveyed by W.H. Tremaine, C.E., in 1875",
        "kind": "survey-annotation",
        "reading_status": "clear",
        "crop_id": "F22-R02C06",
        "raw_candidate_ids": [
          "F22-R02C06-09",
          "F22-DETAIL-RAILWAY-03"
        ],
        "source_label_boxes_xywh": [
          [
            7920,
            2995,
            167,
            193
          ],
          [
            8094,
            3185,
            75,
            79
          ],
          [
            8129,
            3257,
            60,
            206
          ],
          [
            8146,
            3459,
            53,
            92
          ],
          [
            8181,
            3550,
            45,
            48
          ],
          [
            8150,
            3600,
            72,
            102
          ]
        ],
        "review_status": "source-reviewed",
        "geometry": null,
        "placement_status": "deferred",
        "review_note": "Native context reads 1875; reject detail model 1879-80, which appears in a separate red report reference.",
        "fit_revision": "a6619d96ba8fa8279ea6a8027654a92b15942b9d",
        "fit_sha256": "e96a8934ae42cc6dbc079e69afebb743c05decf0a61f19ac24eb620be48c32ed",
        "label_anchors": [
          {
            "box_index": 0,
            "source_pixel_xy": [
              8003.5,
              3091.5
            ],
            "covering_crop_ids": [
              "F22-R02C06"
            ],
            "inside_control_hull": true,
            "status": "derived-lettering-location",
            "projected_xy_m": [
              -6823579.04821139,
              5729694.99008104
            ],
            "lonlat": [
              -61.29725351406029,
              45.68300333124668
            ]
          },
          {
            "box_index": 1,
            "source_pixel_xy": [
              8131.5,
              3224.5
            ],
            "covering_crop_ids": [
              "F22-R02C06"
            ],
            "inside_control_hull": true,
            "status": "derived-lettering-location",
            "projected_xy_m": [
              -6822936.30219009,
              5729041.16219212
            ],
            "lonlat": [
              -61.29147962831288,
              45.67889983658441
            ]
          },
          {
            "box_index": 2,
            "source_pixel_xy": [
              8159.0,
              3360.0
            ],
            "covering_crop_ids": [
              "F22-R02C06",
              "F22-R03C06"
            ],
            "inside_control_hull": true,
            "status": "derived-lettering-location",
            "projected_xy_m": [
              -6822800.58008401,
              5728357.73120896
            ],
            "lonlat": [
              -61.29026041589003,
              45.674610227986705
            ]
          },
          {
            "box_index": 3,
            "source_pixel_xy": [
              8172.5,
              3505.0
            ],
            "covering_crop_ids": [
              "F22-R03C06"
            ],
            "inside_control_hull": true,
            "status": "derived-lettering-location",
            "projected_xy_m": [
              -6822734.14581418,
              5727620.36398722
            ],
            "lonlat": [
              -61.289663626690256,
              45.66998171554049
            ]
          },
          {
            "box_index": 4,
            "source_pixel_xy": [
              8203.5,
              3574.0
            ],
            "covering_crop_ids": [
              "F22-R03C06"
            ],
            "inside_control_hull": true,
            "status": "derived-lettering-location",
            "projected_xy_m": [
              -6822578.94427901,
              5727271.12069583
            ],
            "lonlat": [
              -61.28826942757863,
              45.66778935415725
            ]
          },
          {
            "box_index": 5,
            "source_pixel_xy": [
              8186.0,
              3651.0
            ],
            "covering_crop_ids": [
              "F22-R03C06"
            ],
            "inside_control_hull": true,
            "status": "derived-lettering-location",
            "projected_xy_m": [
              -6822666.20947101,
              5726873.86647895
            ],
            "lonlat": [
              -61.28905334413608,
              45.66529550163961
            ]
          }
        ],
        "geographic_role": "printed-lettering-only"
      }
    },
    {
      "type": "Feature",
      "id": "F22-HAW-093",
      "geometry": {
        "type": "MultiPoint",
        "coordinates": [
          [
            -61.233354316272994,
            45.67320277872914
          ]
        ]
      },
      "properties": {
        "id": "F22-HAW-093",
        "source_text": "Fall",
        "kind": "falls",
        "reading_status": "clear",
        "crop_id": "F22-R02C07",
        "raw_candidate_ids": [
          "F22-R02C07-07",
          "F22-DETAIL-INHABITANTS-06"
        ],
        "source_label_boxes_xywh": [
          [
            9387,
            3400,
            81,
            39
          ]
        ],
        "review_status": "source-reviewed",
        "geometry": null,
        "placement_status": "deferred",
        "fit_revision": "a6619d96ba8fa8279ea6a8027654a92b15942b9d",
        "fit_sha256": "e96a8934ae42cc6dbc079e69afebb743c05decf0a61f19ac24eb620be48c32ed",
        "label_anchors": [
          {
            "box_index": 0,
            "source_pixel_xy": [
              9427.5,
              3419.5
            ],
            "covering_crop_ids": [
              "F22-R02C07",
              "F22-R03C07"
            ],
            "inside_control_hull": false,
            "status": "derived-lettering-location",
            "projected_xy_m": [
              -6816465.82205161,
              5728133.50434863
            ],
            "lonlat": [
              -61.233354316272994,
              45.67320277872914
            ]
          }
        ],
        "geographic_role": "printed-lettering-only"
      }
    },
    {
      "type": "Feature",
      "id": "F22-HAW-094",
      "geometry": {
        "type": "MultiPoint",
        "coordinates": [
          [
            -61.22488438449608,
            45.67490161941015
          ]
        ]
      },
      "properties": {
        "id": "F22-HAW-094",
        "source_text": "Ferguson",
        "kind": "personal-name",
        "reading_status": "clear",
        "crop_id": "F22-R02C07",
        "raw_candidate_ids": [
          "F22-R02C07-08",
          "F22-DETAIL-INHABITANTS-07"
        ],
        "source_label_boxes_xywh": [
          [
            9536,
            3315,
            159,
            100
          ]
        ],
        "review_status": "source-reviewed",
        "geometry": null,
        "placement_status": "deferred",
        "review_note": "Only Ferguson is printed at this occurrence; do not append Brook or infer a station from proximity.",
        "fit_revision": "a6619d96ba8fa8279ea6a8027654a92b15942b9d",
        "fit_sha256": "e96a8934ae42cc6dbc079e69afebb743c05decf0a61f19ac24eb620be48c32ed",
        "label_anchors": [
          {
            "box_index": 0,
            "source_pixel_xy": [
              9615.5,
              3365.0
            ],
            "covering_crop_ids": [
              "F22-R02C07",
              "F22-R03C07"
            ],
            "inside_control_hull": false,
            "status": "derived-lettering-location",
            "projected_xy_m": [
              -6815522.95355915,
              5728404.15474812
            ],
            "lonlat": [
              -61.22488438449608,
              45.67490161941015
            ]
          }
        ],
        "geographic_role": "printed-lettering-only"
      }
    },
    {
      "type": "Feature",
      "id": "F22-HAW-095",
      "geometry": {
        "type": "MultiPoint",
        "coordinates": [
          [
            -61.23590792481535,
            45.67139137627701
          ],
          [
            -61.23796201520339,
            45.66985859537002
          ]
        ]
      },
      "properties": {
        "id": "F22-HAW-095",
        "source_text": "River Inhabitants\nor Mc Leods Bridge",
        "kind": "settlement",
        "reading_status": "clear",
        "crop_id": "F22-R02C07",
        "raw_candidate_ids": [
          "F22-R02C07-09",
          "F22-DETAIL-INHABITANTS-02"
        ],
        "source_label_boxes_xywh": [
          [
            9093,
            3450,
            556,
            53
          ],
          [
            9013,
            3490,
            625,
            69
          ]
        ],
        "review_status": "source-reviewed",
        "geometry": null,
        "placement_status": "deferred",
        "review_note": "Complete two-line alternative-name annotation in INHABITANTS context. ASCII c represents printed superscript; spelling retained.",
        "fit_revision": "a6619d96ba8fa8279ea6a8027654a92b15942b9d",
        "fit_sha256": "e96a8934ae42cc6dbc079e69afebb743c05decf0a61f19ac24eb620be48c32ed",
        "label_anchors": [
          {
            "box_index": 0,
            "source_pixel_xy": [
              9371.0,
              3476.5
            ],
            "covering_crop_ids": [
              "F22-R02C07",
              "F22-R03C07"
            ],
            "inside_control_hull": false,
            "status": "derived-lettering-location",
            "projected_xy_m": [
              -6816750.08845423,
              5727844.93024744
            ],
            "lonlat": [
              -61.23590792481535,
              45.67139137627701
            ]
          },
          {
            "box_index": 1,
            "source_pixel_xy": [
              9325.5,
              3524.5
            ],
            "covering_crop_ids": [
              "F22-R03C07"
            ],
            "inside_control_hull": false,
            "status": "derived-lettering-location",
            "projected_xy_m": [
              -6816978.74875027,
              5727600.75057462
            ],
            "lonlat": [
              -61.23796201520339,
              45.66985859537002
            ]
          }
        ],
        "geographic_role": "printed-lettering-only"
      }
    },
    {
      "type": "Feature",
      "id": "F22-HAW-096",
      "geometry": {
        "type": "MultiPoint",
        "coordinates": [
          [
            -61.47096042373965,
            45.697991634765515
          ],
          [
            -61.4615746696712,
            45.69054088540913
          ],
          [
            -61.45361837794063,
            45.68308868351182
          ],
          [
            -61.44703241344137,
            45.67560469745061
          ],
          [
            -61.440620411754395,
            45.66789890013203
          ],
          [
            -61.43434983754098,
            45.66039725475882
          ],
          [
            -61.416577757479054,
            45.64462292026664
          ],
          [
            -61.405932729928665,
            45.64072166437982
          ],
          [
            -61.38539903110152,
            45.62582576510707
          ],
          [
            -61.38013445841578,
            45.61623748310615
          ],
          [
            -61.37674246264668,
            45.60558208735101
          ],
          [
            -61.37178184420085,
            45.59450967324926
          ],
          [
            -61.36323669206611,
            45.585711573121834
          ]
        ]
      },
      "properties": {
        "id": "F22-HAW-096",
        "source_text": "STRAIT OF CANSO",
        "kind": "strait",
        "reading_status": "clear",
        "crop_id": "F22-R02C03",
        "raw_candidate_ids": [],
        "source_label_boxes_xywh": [
          [
            4195,
            2470,
            84,
            62
          ],
          [
            4395,
            2715,
            83,
            65
          ],
          [
            4570,
            2965,
            83,
            68
          ],
          [
            4720,
            3208,
            80,
            61
          ],
          [
            4872,
            3443,
            65,
            70
          ],
          [
            4995,
            3674,
            95,
            75
          ],
          [
            5375,
            4173,
            86,
            76
          ],
          [
            5600,
            4298,
            84,
            82
          ],
          [
            6020,
            4775,
            88,
            66
          ],
          [
            6122,
            5070,
            92,
            67
          ],
          [
            6187,
            5390,
            98,
            84
          ],
          [
            6294,
            5740,
            103,
            74
          ],
          [
            6480,
            6012,
            108,
            84
          ]
        ],
        "review_status": "source-reviewed",
        "geometry": null,
        "placement_status": "deferred",
        "review_note": "Widely spaced regional name assembled from original native pixels across rows 2–5. Each box encloses one letter in reading order; these are not feature coordinates.",
        "fit_revision": "a6619d96ba8fa8279ea6a8027654a92b15942b9d",
        "fit_sha256": "e96a8934ae42cc6dbc079e69afebb743c05decf0a61f19ac24eb620be48c32ed",
        "label_anchors": [
          {
            "box_index": 0,
            "source_pixel_xy": [
              4237.0,
              2501.0
            ],
            "covering_crop_ids": [
              "F22-R02C03"
            ],
            "inside_control_hull": true,
            "status": "derived-lettering-location",
            "projected_xy_m": [
              -6842916.01294417,
              5732083.55011296
            ],
            "lonlat": [
              -61.47096042373965,
              45.697991634765515
            ]
          },
          {
            "box_index": 1,
            "source_pixel_xy": [
              4436.5,
              2747.5
            ],
            "covering_crop_ids": [
              "F22-R02C03"
            ],
            "inside_control_hull": true,
            "status": "derived-lettering-location",
            "projected_xy_m": [
              -6841871.19558056,
              5730896.10676592
            ],
            "lonlat": [
              -61.4615746696712,
              45.69054088540913
            ]
          },
          {
            "box_index": 2,
            "source_pixel_xy": [
              4611.5,
              2999.0
            ],
            "covering_crop_ids": [
              "F22-R02C03"
            ],
            "inside_control_hull": true,
            "status": "derived-lettering-location",
            "projected_xy_m": [
              -6840985.50523651,
              5729708.5901427
            ],
            "lonlat": [
              -61.45361837794063,
              45.68308868351182
            ]
          },
          {
            "box_index": 3,
            "source_pixel_xy": [
              4760.0,
              3238.5
            ],
            "covering_crop_ids": [
              "F22-R02C03"
            ],
            "inside_control_hull": true,
            "status": "derived-lettering-location",
            "projected_xy_m": [
              -6840252.35902207,
              5728516.16786289
            ],
            "lonlat": [
              -61.44703241344137,
              45.67560469745061
            ]
          },
          {
            "box_index": 4,
            "source_pixel_xy": [
              4904.5,
              3478.0
            ],
            "covering_crop_ids": [
              "F22-R02C03",
              "F22-R03C03"
            ],
            "inside_control_hull": true,
            "status": "derived-lettering-location",
            "projected_xy_m": [
              -6839538.57825931,
              5727288.57105109
            ],
            "lonlat": [
              -61.440620411754395,
              45.66789890013203
            ]
          },
          {
            "box_index": 5,
            "source_pixel_xy": [
              5042.5,
              3711.5
            ],
            "covering_crop_ids": [
              "F22-R03C03"
            ],
            "inside_control_hull": true,
            "status": "derived-lettering-location",
            "projected_xy_m": [
              -6838840.54113089,
              5726093.65965015
            ],
            "lonlat": [
              -61.43434983754098,
              45.66039725475882
            ]
          },
          {
            "box_index": 6,
            "source_pixel_xy": [
              5418.0,
              4211.0
            ],
            "covering_crop_ids": [
              "F22-R03C04"
            ],
            "inside_control_hull": true,
            "status": "derived-lettering-location",
            "projected_xy_m": [
              -6836862.16222806,
              5723581.542093
            ],
            "lonlat": [
              -61.416577757479054,
              45.64462292026664
            ]
          },
          {
            "box_index": 7,
            "source_pixel_xy": [
              5642.0,
              4339.0
            ],
            "covering_crop_ids": [
              "F22-R03C04"
            ],
            "inside_control_hull": true,
            "status": "derived-lettering-location",
            "projected_xy_m": [
              -6835677.16318167,
              5722960.36265439
            ],
            "lonlat": [
              -61.405932729928665,
              45.64072166437982
            ]
          },
          {
            "box_index": 8,
            "source_pixel_xy": [
              6064.0,
              4808.0
            ],
            "covering_crop_ids": [
              "F22-R04C04"
            ],
            "inside_control_hull": true,
            "status": "derived-lettering-location",
            "projected_xy_m": [
              -6833391.36228413,
              5720588.95334223
            ],
            "lonlat": [
              -61.38539903110152,
              45.62582576510707
            ]
          },
          {
            "box_index": 9,
            "source_pixel_xy": [
              6168.0,
              5103.5
            ],
            "covering_crop_ids": [
              "F22-R04C04"
            ],
            "inside_control_hull": true,
            "status": "derived-lettering-location",
            "projected_xy_m": [
              -6832805.31273351,
              5719062.84367656
            ],
            "lonlat": [
              -61.38013445841578,
              45.61623748310615
            ]
          },
          {
            "box_index": 10,
            "source_pixel_xy": [
              6236.0,
              5432.0
            ],
            "covering_crop_ids": [
              "F22-R04C04"
            ],
            "inside_control_hull": true,
            "status": "derived-lettering-location",
            "projected_xy_m": [
              -6832427.71749172,
              5717367.19396817
            ],
            "lonlat": [
              -61.37674246264668,
              45.60558208735101
            ]
          },
          {
            "box_index": 11,
            "source_pixel_xy": [
              6345.5,
              5777.0
            ],
            "covering_crop_ids": [
              "F22-R04C04",
              "F22-R04C05",
              "F22-R05C04",
              "F22-R05C05"
            ],
            "inside_control_hull": true,
            "status": "derived-lettering-location",
            "projected_xy_m": [
              -6831875.50397231,
              5715605.52311578
            ],
            "lonlat": [
              -61.37178184420085,
              45.59450967324926
            ]
          },
          {
            "box_index": 12,
            "source_pixel_xy": [
              6534.0,
              6054.0
            ],
            "covering_crop_ids": [
              "F22-R05C05"
            ],
            "inside_control_hull": true,
            "status": "derived-lettering-location",
            "projected_xy_m": [
              -6830924.26198792,
              5714205.95364756
            ],
            "lonlat": [
              -61.36323669206611,
              45.585711573121834
            ]
          }
        ],
        "geographic_role": "printed-lettering-only"
      }
    },
    {
      "type": "Feature",
      "id": "F22-HAW-097",
      "geometry": {
        "type": "MultiPoint",
        "coordinates": [
          [
            -61.539777487542494,
            45.66384729591416
          ]
        ]
      },
      "properties": {
        "id": "F22-HAW-097",
        "source_text": "Harbour Bouché",
        "kind": "settlement",
        "reading_status": "clear",
        "crop_id": "F22-R03C01",
        "raw_candidate_ids": [
          "F22-R03C01-02",
          "F22-R03C02-01"
        ],
        "source_label_boxes_xywh": [
          [
            2598,
            3520,
            403,
            49
          ]
        ],
        "review_status": "source-reviewed",
        "geometry": null,
        "placement_status": "deferred",
        "review_note": "Complete lettering checked in original cross-crop context; retain Harbour, not model Have/Havre.",
        "fit_revision": "a6619d96ba8fa8279ea6a8027654a92b15942b9d",
        "fit_sha256": "e96a8934ae42cc6dbc079e69afebb743c05decf0a61f19ac24eb620be48c32ed",
        "label_anchors": [
          {
            "box_index": 0,
            "source_pixel_xy": [
              2799.5,
              3544.5
            ],
            "covering_crop_ids": [
              "F22-R03C01",
              "F22-R03C02"
            ],
            "inside_control_hull": true,
            "status": "derived-lettering-location",
            "projected_xy_m": [
              -6850576.69344459,
              5726643.1850047
            ],
            "lonlat": [
              -61.539777487542494,
              45.66384729591416
            ]
          }
        ],
        "geographic_role": "printed-lettering-only"
      }
    },
    {
      "type": "Feature",
      "id": "F22-HAW-098",
      "geometry": {
        "type": "MultiPoint",
        "coordinates": [
          [
            -61.57113247253413,
            45.65950574331246
          ]
        ]
      },
      "properties": {
        "id": "F22-HAW-098",
        "source_text": "90 FT",
        "kind": "spot-height-label",
        "reading_status": "clear",
        "crop_id": "F22-R03C01",
        "raw_candidate_ids": [
          "F22-R03C01-03"
        ],
        "source_label_boxes_xywh": [
          [
            2070,
            3632,
            103,
            34
          ]
        ],
        "review_status": "source-reviewed",
        "geometry": null,
        "placement_status": "deferred",
        "fit_revision": "a6619d96ba8fa8279ea6a8027654a92b15942b9d",
        "fit_sha256": "e96a8934ae42cc6dbc079e69afebb743c05decf0a61f19ac24eb620be48c32ed",
        "label_anchors": [
          {
            "box_index": 0,
            "source_pixel_xy": [
              2121.5,
              3649.0
            ],
            "covering_crop_ids": [
              "F22-R03C01"
            ],
            "inside_control_hull": true,
            "status": "derived-lettering-location",
            "projected_xy_m": [
              -6854067.11440769,
              5725951.66448917
            ],
            "lonlat": [
              -61.57113247253413,
              45.65950574331246
            ]
          }
        ],
        "geographic_role": "printed-lettering-only"
      }
    },
    {
      "type": "Feature",
      "id": "F22-HAW-099",
      "geometry": {
        "type": "MultiPoint",
        "coordinates": [
          [
            -61.56047681935643,
            45.66180447867294
          ]
        ]
      },
      "properties": {
        "id": "F22-HAW-099",
        "source_text": "50 FT",
        "kind": "spot-height-label",
        "reading_status": "clear",
        "crop_id": "F22-R03C01",
        "raw_candidate_ids": [
          "F22-R03C01-04"
        ],
        "source_label_boxes_xywh": [
          [
            2305,
            3581,
            105,
            37
          ]
        ],
        "review_status": "source-reviewed",
        "geometry": null,
        "placement_status": "deferred",
        "fit_revision": "a6619d96ba8fa8279ea6a8027654a92b15942b9d",
        "fit_sha256": "e96a8934ae42cc6dbc079e69afebb743c05decf0a61f19ac24eb620be48c32ed",
        "label_anchors": [
          {
            "box_index": 0,
            "source_pixel_xy": [
              2357.5,
              3599.5
            ],
            "covering_crop_ids": [
              "F22-R03C01"
            ],
            "inside_control_hull": true,
            "status": "derived-lettering-location",
            "projected_xy_m": [
              -6852880.93252188,
              5726317.79932779
            ],
            "lonlat": [
              -61.56047681935643,
              45.66180447867294
            ]
          }
        ],
        "geographic_role": "printed-lettering-only"
      }
    },
    {
      "type": "Feature",
      "id": "F22-HAW-100",
      "geometry": {
        "type": "MultiPoint",
        "coordinates": [
          [
            -61.575390211719615,
            45.65523857086866
          ],
          [
            -61.57059786253262,
            45.64615555468807
          ],
          [
            -61.56244409954151,
            45.636354168056435
          ]
        ]
      },
      "properties": {
        "id": "F22-HAW-100",
        "source_text": "Little Tracadie River",
        "kind": "stream",
        "reading_status": "clear",
        "crop_id": "F22-R03C01",
        "raw_candidate_ids": [
          "F22-R03C01-05",
          "F22-R03C01-06",
          "F22-R03C01-07"
        ],
        "source_label_boxes_xywh": [
          [
            1989,
            3705,
            64,
            123
          ],
          [
            2044,
            3926,
            99,
            210
          ],
          [
            2171,
            4243,
            99,
            115
          ]
        ],
        "review_status": "source-reviewed",
        "geometry": null,
        "placement_status": "deferred",
        "review_note": "Three spaced words form one river annotation. Separate from the harbour and settlement names.",
        "fit_revision": "a6619d96ba8fa8279ea6a8027654a92b15942b9d",
        "fit_sha256": "e96a8934ae42cc6dbc079e69afebb743c05decf0a61f19ac24eb620be48c32ed",
        "label_anchors": [
          {
            "box_index": 0,
            "source_pixel_xy": [
              2021.0,
              3766.5
            ],
            "covering_crop_ids": [
              "F22-R03C01"
            ],
            "inside_control_hull": true,
            "status": "derived-lettering-location",
            "projected_xy_m": [
              -6854541.08376575,
              5725272.04345913
            ],
            "lonlat": [
              -61.575390211719615,
              45.65523857086866
            ]
          },
          {
            "box_index": 1,
            "source_pixel_xy": [
              2093.5,
              4031.0
            ],
            "covering_crop_ids": [
              "F22-R03C01"
            ],
            "inside_control_hull": true,
            "status": "derived-lettering-location",
            "projected_xy_m": [
              -6854007.60189455,
              5723825.588418
            ],
            "lonlat": [
              -61.57059786253262,
              45.64615555468807
            ]
          },
          {
            "box_index": 2,
            "source_pixel_xy": [
              2220.5,
              4300.5
            ],
            "covering_crop_ids": [
              "F22-R03C01"
            ],
            "inside_control_hull": true,
            "status": "derived-lettering-location",
            "projected_xy_m": [
              -6853099.92915033,
              5722264.99715988
            ],
            "lonlat": [
              -61.56244409954151,
              45.636354168056435
            ]
          }
        ],
        "geographic_role": "printed-lettering-only"
      }
    },
    {
      "type": "Feature",
      "id": "F22-HAW-101",
      "geometry": {
        "type": "MultiPoint",
        "coordinates": [
          [
            -61.58779208874665,
            45.64973886064755
          ],
          [
            -61.59019349682564,
            45.644929984741545
          ],
          [
            -61.58887940562879,
            45.64199640759062
          ]
        ]
      },
      "properties": {
        "id": "F22-HAW-101",
        "source_text": "Little\nTracadie\nHarbour",
        "kind": "harbour",
        "reading_status": "clear",
        "crop_id": "F22-R03C01",
        "raw_candidate_ids": [
          "F22-R03C01-12",
          "F22-R03C01-13",
          "F22-R03C01-14"
        ],
        "source_label_boxes_xywh": [
          [
            1669,
            3879,
            153,
            47
          ],
          [
            1563,
            4013,
            242,
            51
          ],
          [
            1586,
            4098,
            235,
            54
          ]
        ],
        "review_status": "source-reviewed",
        "geometry": null,
        "placement_status": "deferred",
        "fit_revision": "a6619d96ba8fa8279ea6a8027654a92b15942b9d",
        "fit_sha256": "e96a8934ae42cc6dbc079e69afebb743c05decf0a61f19ac24eb620be48c32ed",
        "label_anchors": [
          {
            "box_index": 0,
            "source_pixel_xy": [
              1745.5,
              3902.5
            ],
            "covering_crop_ids": [
              "F22-R03C01"
            ],
            "inside_control_hull": true,
            "status": "derived-lettering-location",
            "projected_xy_m": [
              -6855921.65440128,
              5724396.19584592
            ],
            "lonlat": [
              -61.58779208874665,
              45.64973886064755
            ]
          },
          {
            "box_index": 1,
            "source_pixel_xy": [
              1684.0,
              4038.5
            ],
            "covering_crop_ids": [
              "F22-R03C01"
            ],
            "inside_control_hull": true,
            "status": "derived-lettering-location",
            "projected_xy_m": [
              -6856188.97792582,
              5723630.43642544
            ],
            "lonlat": [
              -61.59019349682564,
              45.644929984741545
            ]
          },
          {
            "box_index": 2,
            "source_pixel_xy": [
              1703.5,
              4125.0
            ],
            "covering_crop_ids": [
              "F22-R03C01"
            ],
            "inside_control_hull": true,
            "status": "derived-lettering-location",
            "projected_xy_m": [
              -6856042.69396293,
              5723163.3295281
            ],
            "lonlat": [
              -61.58887940562879,
              45.64199640759062
            ]
          }
        ],
        "geographic_role": "printed-lettering-only"
      }
    },
    {
      "type": "Feature",
      "id": "F22-HAW-102",
      "geometry": {
        "type": "MultiPoint",
        "coordinates": [
          [
            -61.57879613354542,
            45.65085082765288
          ]
        ]
      },
      "properties": {
        "id": "F22-HAW-102",
        "source_text": "Shop",
        "kind": "shop",
        "reading_status": "clear",
        "crop_id": "F22-R03C01",
        "raw_candidate_ids": [
          "F22-R03C01-15",
          "F22-DETAIL-SHOP-CHURCH-01"
        ],
        "source_label_boxes_xywh": [
          [
            1907,
            3867,
            61,
            38
          ]
        ],
        "review_status": "source-reviewed",
        "geometry": null,
        "placement_status": "deferred",
        "review_note": "Corrected tentative Shops after narrow native context and nearest-neighbour inspection: the mark after p is a separate filled building symbol, not a terminal s. The original first-pass reading remains in the raw candidate.",
        "fit_revision": "a6619d96ba8fa8279ea6a8027654a92b15942b9d",
        "fit_sha256": "e96a8934ae42cc6dbc079e69afebb743c05decf0a61f19ac24eb620be48c32ed",
        "label_anchors": [
          {
            "box_index": 0,
            "source_pixel_xy": [
              1937.5,
              3886.0
            ],
            "covering_crop_ids": [
              "F22-R03C01"
            ],
            "inside_control_hull": true,
            "status": "derived-lettering-location",
            "projected_xy_m": [
              -6854920.22924908,
              5724573.273448
            ],
            "lonlat": [
              -61.57879613354542,
              45.65085082765288
            ]
          }
        ],
        "geographic_role": "printed-lettering-only"
      }
    },
    {
      "type": "Feature",
      "id": "F22-HAW-103",
      "geometry": {
        "type": "MultiPoint",
        "coordinates": [
          [
            -61.57497004618306,
            45.646764294034
          ]
        ]
      },
      "properties": {
        "id": "F22-HAW-103",
        "source_text": "60 FT",
        "kind": "spot-height-label",
        "reading_status": "clear",
        "crop_id": "F22-R03C01",
        "raw_candidate_ids": [
          "F22-R03C01-16"
        ],
        "source_label_boxes_xywh": [
          [
            1961,
            3989,
            88,
            37
          ]
        ],
        "review_status": "source-reviewed",
        "geometry": null,
        "placement_status": "deferred",
        "fit_revision": "a6619d96ba8fa8279ea6a8027654a92b15942b9d",
        "fit_sha256": "e96a8934ae42cc6dbc079e69afebb743c05decf0a61f19ac24eb620be48c32ed",
        "label_anchors": [
          {
            "box_index": 0,
            "source_pixel_xy": [
              2005.0,
              4007.5
            ],
            "covering_crop_ids": [
              "F22-R03C01"
            ],
            "inside_control_hull": true,
            "status": "derived-lettering-location",
            "projected_xy_m": [
              -6854494.31115217,
              5723922.52180124
            ],
            "lonlat": [
              -61.57497004618306,
              45.646764294034
            ]
          }
        ],
        "geographic_role": "printed-lettering-only"
      }
    },
    {
      "type": "Feature",
      "id": "F22-HAW-104",
      "geometry": {
        "type": "MultiPoint",
        "coordinates": [
          [
            -61.580716049195566,
            45.64549833786075
          ]
        ]
      },
      "properties": {
        "id": "F22-HAW-104",
        "source_text": "Episc.\nChurch",
        "kind": "church",
        "reading_status": "clear",
        "crop_id": "F22-R03C01",
        "raw_candidate_ids": [
          "F22-R03C01-17"
        ],
        "source_label_boxes_xywh": [
          [
            1816,
            4010,
            132,
            49
          ]
        ],
        "review_status": "source-reviewed",
        "geometry": null,
        "placement_status": "deferred",
        "review_note": "Printed abbreviation retained; model Episcopal expansion rejected.",
        "fit_revision": "a6619d96ba8fa8279ea6a8027654a92b15942b9d",
        "fit_sha256": "e96a8934ae42cc6dbc079e69afebb743c05decf0a61f19ac24eb620be48c32ed",
        "label_anchors": [
          {
            "box_index": 0,
            "source_pixel_xy": [
              1882.0,
              4034.5
            ],
            "covering_crop_ids": [
              "F22-R03C01"
            ],
            "inside_control_hull": true,
            "status": "derived-lettering-location",
            "projected_xy_m": [
              -6855133.95328162,
              5723720.93684394
            ],
            "lonlat": [
              -61.580716049195566,
              45.64549833786075
            ]
          }
        ],
        "geographic_role": "printed-lettering-only"
      }
    },
    {
      "type": "Feature",
      "id": "F22-HAW-105",
      "geometry": {
        "type": "MultiPoint",
        "coordinates": [
          [
            -61.57856085043594,
            45.64283803764348
          ]
        ]
      },
      "properties": {
        "id": "F22-HAW-105",
        "source_text": "P.O.",
        "kind": "post-office",
        "reading_status": "clear",
        "crop_id": "F22-R03C01",
        "raw_candidate_ids": [
          "F22-R03C01-18"
        ],
        "source_label_boxes_xywh": [
          [
            1892,
            4096,
            52,
            32
          ]
        ],
        "review_status": "source-reviewed",
        "geometry": null,
        "placement_status": "deferred",
        "fit_revision": "a6619d96ba8fa8279ea6a8027654a92b15942b9d",
        "fit_sha256": "e96a8934ae42cc6dbc079e69afebb743c05decf0a61f19ac24eb620be48c32ed",
        "label_anchors": [
          {
            "box_index": 0,
            "source_pixel_xy": [
              1918.0,
              4112.0
            ],
            "covering_crop_ids": [
              "F22-R03C01"
            ],
            "inside_control_hull": true,
            "status": "derived-lettering-location",
            "projected_xy_m": [
              -6854894.03765314,
              5723297.33788808
            ],
            "lonlat": [
              -61.57856085043594,
              45.64283803764348
            ]
          }
        ],
        "geographic_role": "printed-lettering-only"
      }
    },
    {
      "type": "Feature",
      "id": "F22-HAW-106",
      "geometry": {
        "type": "MultiPoint",
        "coordinates": [
          [
            -61.571129881677685,
            45.64183244565004
          ]
        ]
      },
      "properties": {
        "id": "F22-HAW-106",
        "source_text": "Little Tracadie",
        "kind": "settlement",
        "reading_status": "clear",
        "crop_id": "F22-R03C01",
        "raw_candidate_ids": [
          "F22-R03C01-19"
        ],
        "source_label_boxes_xywh": [
          [
            1889,
            4126,
            354,
            43
          ]
        ],
        "review_status": "source-reviewed",
        "geometry": null,
        "placement_status": "deferred",
        "fit_revision": "a6619d96ba8fa8279ea6a8027654a92b15942b9d",
        "fit_sha256": "e96a8934ae42cc6dbc079e69afebb743c05decf0a61f19ac24eb620be48c32ed",
        "label_anchors": [
          {
            "box_index": 0,
            "source_pixel_xy": [
              2066.0,
              4147.5
            ],
            "covering_crop_ids": [
              "F22-R03C01"
            ],
            "inside_control_hull": true,
            "status": "derived-lettering-location",
            "projected_xy_m": [
              -6854066.82599487,
              5723137.22295848
            ],
            "lonlat": [
              -61.571129881677685,
              45.64183244565004
            ]
          }
        ],
        "geographic_role": "printed-lettering-only"
      }
    },
    {
      "type": "Feature",
      "id": "F22-HAW-107",
      "geometry": {
        "type": "MultiPoint",
        "coordinates": [
          [
            -61.57461826345353,
            45.63509392946441
          ],
          [
            -61.5656886274228,
            45.6286763613611
          ],
          [
            -61.55640510909609,
            45.62085830673994
          ]
        ]
      },
      "properties": {
        "id": "F22-HAW-107",
        "source_text": "Colin Chisholm's Brook",
        "kind": "stream",
        "reading_status": "clear",
        "crop_id": "F22-R03C01",
        "raw_candidate_ids": [
          "F22-R03C01-20",
          "F22-R03C01-21"
        ],
        "source_label_boxes_xywh": [
          [
            1942,
            4280,
            64,
            106
          ],
          [
            2048,
            4427,
            182,
            187
          ],
          [
            2256,
            4710,
            146,
            111
          ]
        ],
        "review_status": "source-reviewed",
        "geometry": null,
        "placement_status": "deferred",
        "review_note": "Colin has one l. Multipart stream name completed in southern native context; apostrophe checked in rotated source.",
        "fit_revision": "a6619d96ba8fa8279ea6a8027654a92b15942b9d",
        "fit_sha256": "e96a8934ae42cc6dbc079e69afebb743c05decf0a61f19ac24eb620be48c32ed",
        "label_anchors": [
          {
            "box_index": 0,
            "source_pixel_xy": [
              1974.0,
              4333.0
            ],
            "covering_crop_ids": [
              "F22-R03C01"
            ],
            "inside_control_hull": true,
            "status": "derived-lettering-location",
            "projected_xy_m": [
              -6854455.15087785,
              5722064.35991558
            ],
            "lonlat": [
              -61.57461826345353,
              45.63509392946441
            ]
          },
          {
            "box_index": 1,
            "source_pixel_xy": [
              2139.0,
              4520.5
            ],
            "covering_crop_ids": [
              "F22-R03C01",
              "F22-R04C01"
            ],
            "inside_control_hull": true,
            "status": "derived-lettering-location",
            "projected_xy_m": [
              -6853461.10834194,
              5721042.71608475
            ],
            "lonlat": [
              -61.5656886274228,
              45.6286763613611
            ]
          },
          {
            "box_index": 2,
            "source_pixel_xy": [
              2329.0,
              4765.5
            ],
            "covering_crop_ids": [
              "F22-R04C01"
            ],
            "inside_control_hull": true,
            "status": "derived-lettering-location",
            "projected_xy_m": [
              -6852427.67180904,
              5719798.28003706
            ],
            "lonlat": [
              -61.55640510909609,
              45.62085830673994
            ]
          }
        ],
        "geographic_role": "printed-lettering-only"
      }
    },
    {
      "type": "Feature",
      "id": "F22-HAW-108",
      "geometry": {
        "type": "MultiPoint",
        "coordinates": [
          [
            -61.56023136854325,
            45.62804101540658
          ],
          [
            -61.55214323020589,
            45.62174409470421
          ]
        ]
      },
      "properties": {
        "id": "F22-HAW-108",
        "source_text": "Tate's Road",
        "kind": "road",
        "reading_status": "clear",
        "crop_id": "F22-R03C01",
        "raw_candidate_ids": [],
        "source_label_boxes_xywh": [
          [
            2202,
            4481,
            92,
            117
          ],
          [
            2380,
            4684,
            76,
            112
          ]
        ],
        "review_status": "source-reviewed",
        "geometry": null,
        "placement_status": "deferred",
        "review_note": "Missed as a complete road label by first pass. Lower Road word and possessive checked in native context.",
        "fit_revision": "a6619d96ba8fa8279ea6a8027654a92b15942b9d",
        "fit_sha256": "e96a8934ae42cc6dbc079e69afebb743c05decf0a61f19ac24eb620be48c32ed",
        "label_anchors": [
          {
            "box_index": 0,
            "source_pixel_xy": [
              2248.0,
              4539.5
            ],
            "covering_crop_ids": [
              "F22-R03C01",
              "F22-R04C01"
            ],
            "inside_control_hull": true,
            "status": "derived-lettering-location",
            "projected_xy_m": [
              -6852853.60906234,
              5720941.57864058
            ],
            "lonlat": [
              -61.56023136854325,
              45.62804101540658
            ]
          },
          {
            "box_index": 1,
            "source_pixel_xy": [
              2418.0,
              4740.0
            ],
            "covering_crop_ids": [
              "F22-R04C01"
            ],
            "inside_control_hull": true,
            "status": "derived-lettering-location",
            "projected_xy_m": [
              -6851953.24162116,
              5719939.26630225
            ],
            "lonlat": [
              -61.55214323020589,
              45.62174409470421
            ]
          }
        ],
        "geographic_role": "printed-lettering-only"
      }
    },
    {
      "type": "Feature",
      "id": "F22-HAW-109",
      "geometry": {
        "type": "MultiPoint",
        "coordinates": [
          [
            -61.553300119916955,
            45.63412256266475
          ]
        ]
      },
      "properties": {
        "id": "F22-HAW-109",
        "source_text": "G. Mill",
        "kind": "mill",
        "reading_status": "clear",
        "crop_id": "F22-R03C01",
        "raw_candidate_ids": [
          "F22-R03C01-23"
        ],
        "source_label_boxes_xywh": [
          [
            2347,
            4344,
            99,
            36
          ]
        ],
        "review_status": "source-reviewed",
        "geometry": null,
        "placement_status": "deferred",
        "review_note": "Printed abbreviation retained without expansion.",
        "fit_revision": "a6619d96ba8fa8279ea6a8027654a92b15942b9d",
        "fit_sha256": "e96a8934ae42cc6dbc079e69afebb743c05decf0a61f19ac24eb620be48c32ed",
        "label_anchors": [
          {
            "box_index": 0,
            "source_pixel_xy": [
              2396.5,
              4362.0
            ],
            "covering_crop_ids": [
              "F22-R03C01"
            ],
            "inside_control_hull": true,
            "status": "derived-lettering-location",
            "projected_xy_m": [
              -6852082.0259947,
              5721909.71580403
            ],
            "lonlat": [
              -61.553300119916955,
              45.63412256266475
            ]
          }
        ],
        "geographic_role": "printed-lettering-only"
      }
    },
    {
      "type": "Feature",
      "id": "F22-HAW-110",
      "geometry": {
        "type": "MultiPoint",
        "coordinates": [
          [
            -61.58004595270178,
            45.63572947018195
          ]
        ]
      },
      "properties": {
        "id": "F22-HAW-110",
        "source_text": "50 FT",
        "kind": "spot-height-label",
        "reading_status": "clear",
        "crop_id": "F22-R03C01",
        "raw_candidate_ids": [],
        "source_label_boxes_xywh": [
          [
            1818,
            4294,
            97,
            37
          ]
        ],
        "review_status": "source-reviewed",
        "geometry": null,
        "placement_status": "deferred",
        "review_note": "Missed by first pass; literal printed height.",
        "fit_revision": "a6619d96ba8fa8279ea6a8027654a92b15942b9d",
        "fit_sha256": "e96a8934ae42cc6dbc079e69afebb743c05decf0a61f19ac24eb620be48c32ed",
        "label_anchors": [
          {
            "box_index": 0,
            "source_pixel_xy": [
              1866.5,
              4312.5
            ],
            "covering_crop_ids": [
              "F22-R03C01"
            ],
            "inside_control_hull": true,
            "status": "derived-lettering-location",
            "projected_xy_m": [
              -6855059.35848115,
              5722165.5410953
            ],
            "lonlat": [
              -61.58004595270178,
              45.63572947018195
            ]
          }
        ],
        "geographic_role": "printed-lettering-only"
      }
    },
    {
      "type": "Feature",
      "id": "F22-HAW-111",
      "geometry": {
        "type": "MultiPoint",
        "coordinates": [
          [
            -61.587824492053876,
            45.63278844200099
          ]
        ]
      },
      "properties": {
        "id": "F22-HAW-111",
        "source_text": "45 FT",
        "kind": "spot-height-label",
        "reading_status": "clear",
        "crop_id": "F22-R03C01",
        "raw_candidate_ids": [],
        "source_label_boxes_xywh": [
          [
            1652,
            4377,
            98,
            36
          ]
        ],
        "review_status": "source-reviewed",
        "geometry": null,
        "placement_status": "deferred",
        "review_note": "Missed by first pass; literal printed height.",
        "fit_revision": "a6619d96ba8fa8279ea6a8027654a92b15942b9d",
        "fit_sha256": "e96a8934ae42cc6dbc079e69afebb743c05decf0a61f19ac24eb620be48c32ed",
        "label_anchors": [
          {
            "box_index": 0,
            "source_pixel_xy": [
              1701.0,
              4395.0
            ],
            "covering_crop_ids": [
              "F22-R03C01"
            ],
            "inside_control_hull": true,
            "status": "derived-lettering-location",
            "projected_xy_m": [
              -6855925.26152094,
              5721697.32470614
            ],
            "lonlat": [
              -61.587824492053876,
              45.63278844200099
            ]
          }
        ],
        "geographic_role": "printed-lettering-only"
      }
    },
    {
      "type": "Feature",
      "id": "F22-HAW-112",
      "geometry": {
        "type": "MultiPoint",
        "coordinates": [
          [
            -61.543278700993895,
            45.630592643832316
          ]
        ]
      },
      "properties": {
        "id": "F22-HAW-112",
        "source_text": "J. Stuart",
        "kind": "personal-name",
        "reading_status": "clear",
        "crop_id": "F22-R03C01",
        "raw_candidate_ids": [
          "F22-R03C01-24"
        ],
        "source_label_boxes_xywh": [
          [
            2541,
            4457,
            128,
            36
          ]
        ],
        "review_status": "source-reviewed",
        "geometry": null,
        "placement_status": "deferred",
        "fit_revision": "a6619d96ba8fa8279ea6a8027654a92b15942b9d",
        "fit_sha256": "e96a8934ae42cc6dbc079e69afebb743c05decf0a61f19ac24eb620be48c32ed",
        "label_anchors": [
          {
            "box_index": 0,
            "source_pixel_xy": [
              2605.0,
              4475.0
            ],
            "covering_crop_ids": [
              "F22-R03C01"
            ],
            "inside_control_hull": true,
            "status": "derived-lettering-location",
            "projected_xy_m": [
              -6850966.44674316,
              5721347.76614685
            ],
            "lonlat": [
              -61.543278700993895,
              45.630592643832316
            ]
          }
        ],
        "geographic_role": "printed-lettering-only"
      }
    },
    {
      "type": "Feature",
      "id": "F22-HAW-113",
      "geometry": {
        "type": "MultiPoint",
        "coordinates": [
          [
            -61.57372926911405,
            45.624148044902995
          ]
        ]
      },
      "properties": {
        "id": "F22-HAW-113",
        "source_text": "Gilbert Benoit",
        "kind": "personal-name",
        "reading_status": "clear",
        "crop_id": "F22-R03C01",
        "raw_candidate_ids": [
          "F22-R03C01-25"
        ],
        "source_label_boxes_xywh": [
          [
            1869,
            4640,
            207,
            36
          ]
        ],
        "review_status": "source-reviewed",
        "geometry": null,
        "placement_status": "deferred",
        "fit_revision": "a6619d96ba8fa8279ea6a8027654a92b15942b9d",
        "fit_sha256": "e96a8934ae42cc6dbc079e69afebb743c05decf0a61f19ac24eb620be48c32ed",
        "label_anchors": [
          {
            "box_index": 0,
            "source_pixel_xy": [
              1972.5,
              4658.0
            ],
            "covering_crop_ids": [
              "F22-R03C01",
              "F22-R04C01"
            ],
            "inside_control_hull": true,
            "status": "derived-lettering-location",
            "projected_xy_m": [
              -6854356.18848066,
              5720321.90178353
            ],
            "lonlat": [
              -61.57372926911405,
              45.624148044902995
            ]
          }
        ],
        "geographic_role": "printed-lettering-only"
      }
    },
    {
      "type": "Feature",
      "id": "F22-HAW-114",
      "geometry": {
        "type": "MultiPoint",
        "coordinates": [
          [
            -61.56419916030417,
            45.62359123632212
          ]
        ]
      },
      "properties": {
        "id": "F22-HAW-114",
        "source_text": "STA",
        "kind": "station-label",
        "reading_status": "clear",
        "crop_id": "F22-R03C01",
        "raw_candidate_ids": [
          "F22-R03C01-26"
        ],
        "source_label_boxes_xywh": [
          [
            2136,
            4658,
            60,
            36
          ]
        ],
        "review_status": "source-reviewed",
        "geometry": null,
        "placement_status": "deferred",
        "review_note": "Bottom-clipped abbreviation completed in southern source context; not expanded.",
        "fit_revision": "a6619d96ba8fa8279ea6a8027654a92b15942b9d",
        "fit_sha256": "e96a8934ae42cc6dbc079e69afebb743c05decf0a61f19ac24eb620be48c32ed",
        "label_anchors": [
          {
            "box_index": 0,
            "source_pixel_xy": [
              2166.0,
              4676.0
            ],
            "covering_crop_ids": [
              "F22-R03C01",
              "F22-R04C01"
            ],
            "inside_control_hull": true,
            "status": "derived-lettering-location",
            "projected_xy_m": [
              -6853295.30162074,
              5720233.27339627
            ],
            "lonlat": [
              -61.56419916030417,
              45.62359123632212
            ]
          }
        ],
        "geographic_role": "printed-lettering-only"
      }
    },
    {
      "type": "Feature",
      "id": "F22-HAW-115",
      "geometry": {
        "type": "MultiPoint",
        "coordinates": [
          [
            -61.549140392690575,
            45.624330987346596
          ]
        ]
      },
      "properties": {
        "id": "F22-HAW-115",
        "source_text": "400 FT",
        "kind": "spot-height-label",
        "reading_status": "clear",
        "crop_id": "F22-R03C01",
        "raw_candidate_ids": [
          "F22-R03C01-27"
        ],
        "source_label_boxes_xywh": [
          [
            2417,
            4642,
            124,
            36
          ]
        ],
        "review_status": "source-reviewed",
        "geometry": null,
        "placement_status": "deferred",
        "fit_revision": "a6619d96ba8fa8279ea6a8027654a92b15942b9d",
        "fit_sha256": "e96a8934ae42cc6dbc079e69afebb743c05decf0a61f19ac24eb620be48c32ed",
        "label_anchors": [
          {
            "box_index": 0,
            "source_pixel_xy": [
              2479.0,
              4660.0
            ],
            "covering_crop_ids": [
              "F22-R03C01",
              "F22-R04C01"
            ],
            "inside_control_hull": true,
            "status": "derived-lettering-location",
            "projected_xy_m": [
              -6851618.96727802,
              5720351.02130731
            ],
            "lonlat": [
              -61.549140392690575,
              45.624330987346596
            ]
          }
        ],
        "geographic_role": "printed-lettering-only"
      }
    },
    {
      "type": "Feature",
      "id": "F22-HAW-116",
      "geometry": {
        "type": "MultiPoint",
        "coordinates": [
          [
            -61.537959779438474,
            45.653405085177994
          ]
        ]
      },
      "properties": {
        "id": "F22-HAW-116",
        "source_text": "School",
        "kind": "school",
        "reading_status": "clear",
        "crop_id": "F22-R03C01",
        "raw_candidate_ids": [
          "F22-R03C01-28",
          "F22-R03C02-03"
        ],
        "source_label_boxes_xywh": [
          [
            2771,
            3850,
            84,
            35
          ]
        ],
        "review_status": "source-reviewed",
        "geometry": null,
        "placement_status": "deferred",
        "fit_revision": "a6619d96ba8fa8279ea6a8027654a92b15942b9d",
        "fit_sha256": "e96a8934ae42cc6dbc079e69afebb743c05decf0a61f19ac24eb620be48c32ed",
        "label_anchors": [
          {
            "box_index": 0,
            "source_pixel_xy": [
              2813.0,
              3867.5
            ],
            "covering_crop_ids": [
              "F22-R03C01",
              "F22-R03C02"
            ],
            "inside_control_hull": true,
            "status": "derived-lettering-location",
            "projected_xy_m": [
              -6850374.34710404,
              5724980.04505131
            ],
            "lonlat": [
              -61.537959779438474,
              45.653405085177994
            ]
          }
        ],
        "geographic_role": "printed-lettering-only"
      }
    },
    {
      "type": "Feature",
      "id": "F22-HAW-117",
      "geometry": {
        "type": "MultiPoint",
        "coordinates": [
          [
            -61.48384994243719,
            45.6621059517866
          ]
        ]
      },
      "properties": {
        "id": "F22-HAW-117",
        "source_text": "D. McDonald",
        "kind": "personal-name",
        "reading_status": "clear",
        "crop_id": "F22-R03C02",
        "raw_candidate_ids": [
          "F22-R03C02-05"
        ],
        "source_label_boxes_xywh": [
          [
            3880,
            3606,
            180,
            33
          ]
        ],
        "review_status": "source-reviewed",
        "geometry": null,
        "placement_status": "deferred",
        "review_note": "Separate printed occurrence from F22-HAW-009; ASCII c represents printed superscript.",
        "fit_revision": "a6619d96ba8fa8279ea6a8027654a92b15942b9d",
        "fit_sha256": "e96a8934ae42cc6dbc079e69afebb743c05decf0a61f19ac24eb620be48c32ed",
        "label_anchors": [
          {
            "box_index": 0,
            "source_pixel_xy": [
              3970.0,
              3622.5
            ],
            "covering_crop_ids": [
              "F22-R03C02",
              "F22-R03C03"
            ],
            "inside_control_hull": true,
            "status": "derived-lettering-location",
            "projected_xy_m": [
              -6844350.86760215,
              5726365.81806664
            ],
            "lonlat": [
              -61.48384994243719,
              45.6621059517866
            ]
          }
        ],
        "geographic_role": "printed-lettering-only"
      }
    },
    {
      "type": "Feature",
      "id": "F22-HAW-118",
      "geometry": {
        "type": "MultiPoint",
        "coordinates": [
          [
            -61.528595777076156,
            45.65365648269725
          ]
        ]
      },
      "properties": {
        "id": "F22-HAW-118",
        "source_text": "STA.",
        "kind": "station-label",
        "reading_status": "clear",
        "crop_id": "F22-R03C02",
        "raw_candidate_ids": [
          "F22-R03C02-04"
        ],
        "source_label_boxes_xywh": [
          [
            2976,
            3841,
            67,
            32
          ]
        ],
        "review_status": "source-reviewed",
        "geometry": null,
        "placement_status": "deferred",
        "review_note": "Printed station abbreviation retained without expansion.",
        "fit_revision": "a6619d96ba8fa8279ea6a8027654a92b15942b9d",
        "fit_sha256": "e96a8934ae42cc6dbc079e69afebb743c05decf0a61f19ac24eb620be48c32ed",
        "label_anchors": [
          {
            "box_index": 0,
            "source_pixel_xy": [
              3009.5,
              3857.0
            ],
            "covering_crop_ids": [
              "F22-R03C02"
            ],
            "inside_control_hull": true,
            "status": "derived-lettering-location",
            "projected_xy_m": [
              -6849331.95112928,
              5725020.08170872
            ],
            "lonlat": [
              -61.528595777076156,
              45.65365648269725
            ]
          }
        ],
        "geographic_role": "printed-lettering-only"
      }
    },
    {
      "type": "Feature",
      "id": "F22-HAW-119",
      "geometry": {
        "type": "MultiPoint",
        "coordinates": [
          [
            -61.511947377801036,
            45.6499251286232
          ]
        ]
      },
      "properties": {
        "id": "F22-HAW-119",
        "source_text": "350 FT",
        "kind": "spot-height-label",
        "reading_status": "clear",
        "crop_id": "F22-R03C02",
        "raw_candidate_ids": [],
        "source_label_boxes_xywh": [
          [
            3292,
            3952,
            125,
            39
          ]
        ],
        "review_status": "source-reviewed",
        "geometry": null,
        "placement_status": "deferred",
        "review_note": "Central height missed by first pass; distinct from top-edge duplicate of F22-HAW-062.",
        "fit_revision": "a6619d96ba8fa8279ea6a8027654a92b15942b9d",
        "fit_sha256": "e96a8934ae42cc6dbc079e69afebb743c05decf0a61f19ac24eb620be48c32ed",
        "label_anchors": [
          {
            "box_index": 0,
            "source_pixel_xy": [
              3354.5,
              3971.5
            ],
            "covering_crop_ids": [
              "F22-R03C02"
            ],
            "inside_control_hull": true,
            "status": "derived-lettering-location",
            "projected_xy_m": [
              -6847478.65979945,
              5724425.85824934
            ],
            "lonlat": [
              -61.511947377801036,
              45.6499251286232
            ]
          }
        ],
        "geographic_role": "printed-lettering-only"
      }
    },
    {
      "type": "Feature",
      "id": "F22-HAW-120",
      "geometry": {
        "type": "MultiPoint",
        "coordinates": [
          [
            -61.50625512758461,
            45.657488201921154
          ],
          [
            -61.50029203911206,
            45.65314156741982
          ],
          [
            -61.49423615617065,
            45.64907267038755
          ]
        ]
      },
      "properties": {
        "id": "F22-HAW-120",
        "source_text": "Havre Bouché Brook",
        "kind": "stream",
        "reading_status": "clear",
        "crop_id": "F22-R03C02",
        "raw_candidate_ids": [
          "F22-R03C02-02"
        ],
        "source_label_boxes_xywh": [
          [
            3444,
            3686,
            91,
            121
          ],
          [
            3535,
            3812,
            151,
            142
          ],
          [
            3673,
            3954,
            126,
            115
          ]
        ],
        "review_status": "source-reviewed",
        "geometry": null,
        "placement_status": "deferred",
        "review_note": "Correct Havre and retain printed accent; multipart stream annotation.",
        "fit_revision": "a6619d96ba8fa8279ea6a8027654a92b15942b9d",
        "fit_sha256": "e96a8934ae42cc6dbc079e69afebb743c05decf0a61f19ac24eb620be48c32ed",
        "label_anchors": [
          {
            "box_index": 0,
            "source_pixel_xy": [
              3489.5,
              3746.5
            ],
            "covering_crop_ids": [
              "F22-R03C02"
            ],
            "inside_control_hull": true,
            "status": "derived-lettering-location",
            "projected_xy_m": [
              -6846845.00140389,
              5725630.32966621
            ],
            "lonlat": [
              -61.50625512758461,
              45.657488201921154
            ]
          },
          {
            "box_index": 1,
            "source_pixel_xy": [
              3610.5,
              3883.0
            ],
            "covering_crop_ids": [
              "F22-R03C02"
            ],
            "inside_control_hull": true,
            "status": "derived-lettering-location",
            "projected_xy_m": [
              -6846181.19343157,
              5724938.07836153
            ],
            "lonlat": [
              -61.50029203911206,
              45.65314156741982
            ]
          },
          {
            "box_index": 2,
            "source_pixel_xy": [
              3736.0,
              4011.5
            ],
            "covering_crop_ids": [
              "F22-R03C02"
            ],
            "inside_control_hull": true,
            "status": "derived-lettering-location",
            "projected_xy_m": [
              -6845507.05562623,
              5724290.10861431
            ],
            "lonlat": [
              -61.49423615617065,
              45.64907267038755
            ]
          }
        ],
        "geographic_role": "printed-lettering-only"
      }
    },
    {
      "type": "Feature",
      "id": "F22-HAW-121",
      "geometry": {
        "type": "MultiPoint",
        "coordinates": [
          [
            -61.50960993858139,
            45.635282085805954
          ],
          [
            -61.506129603007366,
            45.63170310769419
          ]
        ]
      },
      "properties": {
        "id": "F22-HAW-121",
        "source_text": "Winter Road",
        "kind": "road",
        "reading_status": "clear",
        "crop_id": "F22-R03C02",
        "raw_candidate_ids": [
          "F22-R03C02-06"
        ],
        "source_label_boxes_xywh": [
          [
            3335,
            4353,
            89,
            107
          ],
          [
            3424,
            4468,
            61,
            103
          ]
        ],
        "review_status": "source-reviewed",
        "geometry": null,
        "placement_status": "deferred",
        "review_note": "Reject model Winter Brook; source road lettering reads Road.",
        "fit_revision": "a6619d96ba8fa8279ea6a8027654a92b15942b9d",
        "fit_sha256": "e96a8934ae42cc6dbc079e69afebb743c05decf0a61f19ac24eb620be48c32ed",
        "label_anchors": [
          {
            "box_index": 0,
            "source_pixel_xy": [
              3379.5,
              4406.5
            ],
            "covering_crop_ids": [
              "F22-R03C02"
            ],
            "inside_control_hull": true,
            "status": "derived-lettering-location",
            "projected_xy_m": [
              -6847218.45725576,
              5722094.31520261
            ],
            "lonlat": [
              -61.50960993858139,
              45.635282085805954
            ]
          },
          {
            "box_index": 1,
            "source_pixel_xy": [
              3454.5,
              4519.5
            ],
            "covering_crop_ids": [
              "F22-R03C02",
              "F22-R04C02"
            ],
            "inside_control_hull": true,
            "status": "derived-lettering-location",
            "projected_xy_m": [
              -6846831.02807187,
              5721524.54395583
            ],
            "lonlat": [
              -61.506129603007366,
              45.63170310769419
            ]
          }
        ],
        "geographic_role": "printed-lettering-only"
      }
    },
    {
      "type": "Feature",
      "id": "F22-HAW-122",
      "geometry": {
        "type": "MultiPoint",
        "coordinates": [
          [
            -61.587095291048186,
            45.647094496976806
          ],
          [
            -61.567986140979386,
            45.648152297470695
          ],
          [
            -61.55512775815964,
            45.649025061751686
          ],
          [
            -61.54017509709436,
            45.649072965204105
          ],
          [
            -61.52769777675899,
            45.64898719357202
          ],
          [
            -61.50757858949958,
            45.649003706311944
          ],
          [
            -61.490026100637174,
            45.64930398278323
          ],
          [
            -61.474856116310995,
            45.6498016103252
          ],
          [
            -61.460627198334805,
            45.65011654431189
          ],
          [
            -61.44580023336722,
            45.650438658200585
          ]
        ]
      },
      "properties": {
        "id": "F22-HAW-122",
        "source_text": "ANTIGONISH",
        "kind": "administrative-region-label",
        "reading_status": "clear",
        "crop_id": "F22-R03C03",
        "raw_candidate_ids": [
          "F22-R03C01-08",
          "F22-R03C01-09",
          "F22-R03C01-10",
          "F22-R03C01-11",
          "F22-R03C02-07"
        ],
        "source_label_boxes_xywh": [
          [
            1706,
            3927,
            96,
            106
          ],
          [
            2106,
            3927,
            100,
            109
          ],
          [
            2390,
            3930,
            89,
            110
          ],
          [
            2727,
            3936,
            44,
            107
          ],
          [
            2969,
            3937,
            89,
            110
          ],
          [
            3396,
            3947,
            102,
            110
          ],
          [
            3784,
            3954,
            87,
            109
          ],
          [
            4135,
            3958,
            44,
            100
          ],
          [
            4422,
            3956,
            89,
            110
          ],
          [
            4745,
            3959,
            89,
            106
          ]
        ],
        "review_status": "source-reviewed",
        "geometry": null,
        "placement_status": "deferred",
        "review_note": "Large hatched administrative name assembled letter by letter across C01–C03; no independent IRON mineral label.",
        "fit_revision": "a6619d96ba8fa8279ea6a8027654a92b15942b9d",
        "fit_sha256": "e96a8934ae42cc6dbc079e69afebb743c05decf0a61f19ac24eb620be48c32ed",
        "label_anchors": [
          {
            "box_index": 0,
            "source_pixel_xy": [
              1754.0,
              3980.0
            ],
            "covering_crop_ids": [
              "F22-R03C01"
            ],
            "inside_control_hull": true,
            "status": "derived-lettering-location",
            "projected_xy_m": [
              -6855844.0872363,
              5723975.10252708
            ],
            "lonlat": [
              -61.587095291048186,
              45.647094496976806
            ]
          },
          {
            "box_index": 1,
            "source_pixel_xy": [
              2156.0,
              3981.5
            ],
            "covering_crop_ids": [
              "F22-R03C01"
            ],
            "inside_control_hull": true,
            "status": "derived-lettering-location",
            "projected_xy_m": [
              -6853716.86638115,
              5724143.54623141
            ],
            "lonlat": [
              -61.567986140979386,
              45.648152297470695
            ]
          },
          {
            "box_index": 2,
            "source_pixel_xy": [
              2434.5,
              3985.0
            ],
            "covering_crop_ids": [
              "F22-R03C01"
            ],
            "inside_control_hull": true,
            "status": "derived-lettering-location",
            "projected_xy_m": [
              -6852285.47775323,
              5724282.52724229
            ],
            "lonlat": [
              -61.55512775815964,
              45.649025061751686
            ]
          },
          {
            "box_index": 3,
            "source_pixel_xy": [
              2749.0,
              3989.5
            ],
            "covering_crop_ids": [
              "F22-R03C01",
              "F22-R03C02"
            ],
            "inside_control_hull": true,
            "status": "derived-lettering-location",
            "projected_xy_m": [
              -6850620.95513744,
              5724290.15556199
            ],
            "lonlat": [
              -61.54017509709436,
              45.649072965204105
            ]
          },
          {
            "box_index": 4,
            "source_pixel_xy": [
              3013.5,
              3992.0
            ],
            "covering_crop_ids": [
              "F22-R03C02"
            ],
            "inside_control_hull": true,
            "status": "derived-lettering-location",
            "projected_xy_m": [
              -6849231.98619124,
              5724276.49698048
            ],
            "lonlat": [
              -61.52769777675899,
              45.64898719357202
            ]
          },
          {
            "box_index": 5,
            "source_pixel_xy": [
              3447.0,
              4002.0
            ],
            "covering_crop_ids": [
              "F22-R03C02"
            ],
            "inside_control_hull": true,
            "status": "derived-lettering-location",
            "projected_xy_m": [
              -6846992.32851035,
              5724279.12652663
            ],
            "lonlat": [
              -61.50757858949958,
              45.649003706311944
            ]
          },
          {
            "box_index": 6,
            "source_pixel_xy": [
              3827.5,
              4008.5
            ],
            "covering_crop_ids": [
              "F22-R03C02"
            ],
            "inside_control_hull": true,
            "status": "derived-lettering-location",
            "projected_xy_m": [
              -6845038.39438803,
              5724326.9437317
            ],
            "lonlat": [
              -61.490026100637174,
              45.64930398278323
            ]
          },
          {
            "box_index": 7,
            "source_pixel_xy": [
              4157.0,
              4008.0
            ],
            "covering_crop_ids": [
              "F22-R03C03"
            ],
            "inside_control_hull": true,
            "status": "derived-lettering-location",
            "projected_xy_m": [
              -6843349.6794575,
              5724406.1884611
            ],
            "lonlat": [
              -61.474856116310995,
              45.6498016103252
            ]
          },
          {
            "box_index": 8,
            "source_pixel_xy": [
              4466.5,
              4011.0
            ],
            "covering_crop_ids": [
              "F22-R03C03"
            ],
            "inside_control_hull": true,
            "status": "derived-lettering-location",
            "projected_xy_m": [
              -6841765.72355385,
              5724456.34050751
            ],
            "lonlat": [
              -61.460627198334805,
              45.65011654431189
            ]
          },
          {
            "box_index": 9,
            "source_pixel_xy": [
              4789.5,
              4012.0
            ],
            "covering_crop_ids": [
              "F22-R03C03"
            ],
            "inside_control_hull": true,
            "status": "derived-lettering-location",
            "projected_xy_m": [
              -6840115.19336365,
              5724507.63621788
            ],
            "lonlat": [
              -61.44580023336722,
              45.650438658200585
            ]
          }
        ],
        "geographic_role": "printed-lettering-only"
      }
    },
    {
      "type": "Feature",
      "id": "F22-HAW-123",
      "geometry": {
        "type": "MultiPoint",
        "coordinates": [
          [
            -61.46917255725677,
            45.666394254211355
          ]
        ]
      },
      "properties": {
        "id": "F22-HAW-123",
        "source_text": "Mc Donald Brook",
        "kind": "stream",
        "reading_status": "clear",
        "crop_id": "F22-R03C03",
        "raw_candidate_ids": [
          "F22-R03C03-02",
          "F22-R03C03-03"
        ],
        "source_label_boxes_xywh": [
          [
            4138,
            3459,
            294,
            91
          ]
        ],
        "review_status": "source-reviewed",
        "geometry": null,
        "placement_status": "deferred",
        "review_note": "ASCII c represents printed superscript.",
        "fit_revision": "a6619d96ba8fa8279ea6a8027654a92b15942b9d",
        "fit_sha256": "e96a8934ae42cc6dbc079e69afebb743c05decf0a61f19ac24eb620be48c32ed",
        "label_anchors": [
          {
            "box_index": 0,
            "source_pixel_xy": [
              4285.0,
              3504.5
            ],
            "covering_crop_ids": [
              "F22-R03C03"
            ],
            "inside_control_hull": true,
            "status": "derived-lettering-location",
            "projected_xy_m": [
              -6842716.98855769,
              5727048.88831776
            ],
            "lonlat": [
              -61.46917255725677,
              45.666394254211355
            ]
          }
        ],
        "geographic_role": "printed-lettering-only"
      }
    },
    {
      "type": "Feature",
      "id": "F22-HAW-124",
      "geometry": {
        "type": "MultiPoint",
        "coordinates": [
          [
            -61.46071290986116,
            45.65786031804208
          ]
        ]
      },
      "properties": {
        "id": "F22-HAW-124",
        "source_text": "G. Strachan",
        "kind": "personal-name",
        "reading_status": "clear",
        "crop_id": "F22-R03C03",
        "raw_candidate_ids": [
          "F22-R03C03-05"
        ],
        "source_label_boxes_xywh": [
          [
            4382,
            3757,
            170,
            34
          ]
        ],
        "review_status": "source-reviewed",
        "geometry": null,
        "placement_status": "deferred",
        "fit_revision": "a6619d96ba8fa8279ea6a8027654a92b15942b9d",
        "fit_sha256": "e96a8934ae42cc6dbc079e69afebb743c05decf0a61f19ac24eb620be48c32ed",
        "label_anchors": [
          {
            "box_index": 0,
            "source_pixel_xy": [
              4467.0,
              3774.0
            ],
            "covering_crop_ids": [
              "F22-R03C03"
            ],
            "inside_control_hull": true,
            "status": "derived-lettering-location",
            "projected_xy_m": [
              -6841775.26491732,
              5725689.59591546
            ],
            "lonlat": [
              -61.46071290986116,
              45.65786031804208
            ]
          }
        ],
        "geographic_role": "printed-lettering-only"
      }
    },
    {
      "type": "Feature",
      "id": "F22-HAW-125",
      "geometry": {
        "type": "MultiPoint",
        "coordinates": [
          [
            -61.45460692249915,
            45.65644227538877
          ]
        ]
      },
      "properties": {
        "id": "F22-HAW-125",
        "source_text": "543 FT",
        "kind": "spot-height-label",
        "reading_status": "clear",
        "crop_id": "F22-R03C03",
        "raw_candidate_ids": [
          "F22-R03C03-06"
        ],
        "source_label_boxes_xywh": [
          [
            4538,
            3805,
            123,
            34
          ]
        ],
        "review_status": "source-reviewed",
        "geometry": null,
        "placement_status": "deferred",
        "fit_revision": "a6619d96ba8fa8279ea6a8027654a92b15942b9d",
        "fit_sha256": "e96a8934ae42cc6dbc079e69afebb743c05decf0a61f19ac24eb620be48c32ed",
        "label_anchors": [
          {
            "box_index": 0,
            "source_pixel_xy": [
              4599.5,
              3822.0
            ],
            "covering_crop_ids": [
              "F22-R03C03"
            ],
            "inside_control_hull": true,
            "status": "derived-lettering-location",
            "projected_xy_m": [
              -6841095.54951339,
              5725463.74898295
            ],
            "lonlat": [
              -61.45460692249915,
              45.65644227538877
            ]
          }
        ],
        "geographic_role": "printed-lettering-only"
      }
    },
    {
      "type": "Feature",
      "id": "F22-HAW-126",
      "geometry": {
        "type": "MultiPoint",
        "coordinates": [
          [
            -61.43461058528355,
            45.6650985921766
          ],
          [
            -61.43383871158437,
            45.66336062998515
          ]
        ]
      },
      "properties": {
        "id": "F22-HAW-126",
        "source_text": "Ghost\nBeach",
        "kind": "beach",
        "reading_status": "clear",
        "crop_id": "F22-R03C03",
        "raw_candidate_ids": [
          "F22-R03C03-08",
          "F22-R03C03-09"
        ],
        "source_label_boxes_xywh": [
          [
            4972,
            3548,
            130,
            36
          ],
          [
            4986,
            3600,
            136,
            40
          ]
        ],
        "review_status": "source-reviewed",
        "geometry": null,
        "placement_status": "deferred",
        "fit_revision": "a6619d96ba8fa8279ea6a8027654a92b15942b9d",
        "fit_sha256": "e96a8934ae42cc6dbc079e69afebb743c05decf0a61f19ac24eb620be48c32ed",
        "label_anchors": [
          {
            "box_index": 0,
            "source_pixel_xy": [
              5037.0,
              3566.0
            ],
            "covering_crop_ids": [
              "F22-R03C03"
            ],
            "inside_control_hull": true,
            "status": "derived-lettering-location",
            "projected_xy_m": [
              -6838869.56743682,
              5726842.50085729
            ],
            "lonlat": [
              -61.43461058528355,
              45.6650985921766
            ]
          },
          {
            "box_index": 1,
            "source_pixel_xy": [
              5054.0,
              3620.0
            ],
            "covering_crop_ids": [
              "F22-R03C03"
            ],
            "inside_control_hull": true,
            "status": "derived-lettering-location",
            "projected_xy_m": [
              -6838783.64284967,
              5726565.66640913
            ],
            "lonlat": [
              -61.43383871158437,
              45.66336062998515
            ]
          }
        ],
        "geographic_role": "printed-lettering-only"
      }
    },
    {
      "type": "Feature",
      "id": "F22-HAW-127",
      "geometry": {
        "type": "MultiPoint",
        "coordinates": [
          [
            -61.42915688727108,
            45.66605041100986
          ],
          [
            -61.426243133067665,
            45.66260414251697
          ]
        ]
      },
      "properties": {
        "id": "F22-HAW-127",
        "source_text": "Long Pond",
        "kind": "waterbody",
        "reading_status": "clear",
        "crop_id": "F22-R03C03",
        "raw_candidate_ids": [
          "F22-R03C03-10",
          "F22-R03C03-11",
          "F22-R03C04-04"
        ],
        "source_label_boxes_xywh": [
          [
            5123,
            3482,
            67,
            112
          ],
          [
            5186,
            3600,
            68,
            93
          ]
        ],
        "review_status": "source-reviewed",
        "geometry": null,
        "placement_status": "deferred",
        "fit_revision": "a6619d96ba8fa8279ea6a8027654a92b15942b9d",
        "fit_sha256": "e96a8934ae42cc6dbc079e69afebb743c05decf0a61f19ac24eb620be48c32ed",
        "label_anchors": [
          {
            "box_index": 0,
            "source_pixel_xy": [
              5156.5,
              3538.0
            ],
            "covering_crop_ids": [
              "F22-R03C03",
              "F22-R03C04"
            ],
            "inside_control_hull": true,
            "status": "derived-lettering-location",
            "projected_xy_m": [
              -6838262.46455113,
              5726994.11668244
            ],
            "lonlat": [
              -61.42915688727108,
              45.66605041100986
            ]
          },
          {
            "box_index": 1,
            "source_pixel_xy": [
              5220.0,
              3646.5
            ],
            "covering_crop_ids": [
              "F22-R03C03",
              "F22-R03C04"
            ],
            "inside_control_hull": true,
            "status": "derived-lettering-location",
            "projected_xy_m": [
              -6837938.10691691,
              5726445.17062028
            ],
            "lonlat": [
              -61.426243133067665,
              45.66260414251697
            ]
          }
        ],
        "geographic_role": "printed-lettering-only"
      }
    },
    {
      "type": "Feature",
      "id": "F22-HAW-128",
      "geometry": {
        "type": "MultiPoint",
        "coordinates": [
          [
            -61.44070401569522,
            45.652851862246095
          ]
        ]
      },
      "properties": {
        "id": "F22-HAW-128",
        "source_text": "Archie\nPond",
        "kind": "waterbody",
        "reading_status": "clear",
        "crop_id": "F22-R03C03",
        "raw_candidate_ids": [
          "F22-R03C03-13",
          "F22-R03C03-14"
        ],
        "source_label_boxes_xywh": [
          [
            4843,
            3883,
            117,
            116
          ]
        ],
        "review_status": "source-reviewed",
        "geometry": null,
        "placement_status": "deferred",
        "fit_revision": "a6619d96ba8fa8279ea6a8027654a92b15942b9d",
        "fit_sha256": "e96a8934ae42cc6dbc079e69afebb743c05decf0a61f19ac24eb620be48c32ed",
        "label_anchors": [
          {
            "box_index": 0,
            "source_pixel_xy": [
              4901.5,
              3941.0
            ],
            "covering_crop_ids": [
              "F22-R03C03"
            ],
            "inside_control_hull": true,
            "status": "derived-lettering-location",
            "projected_xy_m": [
              -6839547.88500743,
              5724891.94140594
            ],
            "lonlat": [
              -61.44070401569522,
              45.652851862246095
            ]
          }
        ],
        "geographic_role": "printed-lettering-only"
      }
    },
    {
      "type": "Feature",
      "id": "F22-HAW-129",
      "geometry": {
        "type": "MultiPoint",
        "coordinates": [
          [
            -61.441578090670376,
            45.648511274430675
          ]
        ]
      },
      "properties": {
        "id": "F22-HAW-129",
        "source_text": "P.O.",
        "kind": "post-office",
        "reading_status": "clear",
        "crop_id": "F22-R03C03",
        "raw_candidate_ids": [
          "F22-R03C03-15"
        ],
        "source_label_boxes_xywh": [
          [
            4846,
            4058,
            69,
            32
          ]
        ],
        "review_status": "source-reviewed",
        "geometry": null,
        "placement_status": "deferred",
        "fit_revision": "a6619d96ba8fa8279ea6a8027654a92b15942b9d",
        "fit_sha256": "e96a8934ae42cc6dbc079e69afebb743c05decf0a61f19ac24eb620be48c32ed",
        "label_anchors": [
          {
            "box_index": 0,
            "source_pixel_xy": [
              4880.5,
              4074.0
            ],
            "covering_crop_ids": [
              "F22-R03C03"
            ],
            "inside_control_hull": true,
            "status": "derived-lettering-location",
            "projected_xy_m": [
              -6839645.18658858,
              5724200.71029398
            ],
            "lonlat": [
              -61.441578090670376,
              45.648511274430675
            ]
          }
        ],
        "geographic_role": "printed-lettering-only"
      }
    },
    {
      "type": "Feature",
      "id": "F22-HAW-130",
      "geometry": {
        "type": "MultiPoint",
        "coordinates": [
          [
            -61.44120475558751,
            45.645430752646824
          ]
        ]
      },
      "properties": {
        "id": "F22-HAW-130",
        "source_text": "220 FT",
        "kind": "spot-height-label",
        "reading_status": "clear",
        "crop_id": "F22-R03C03",
        "raw_candidate_ids": [
          "F22-R03C03-16"
        ],
        "source_label_boxes_xywh": [
          [
            4820,
            4152,
            134,
            34
          ]
        ],
        "review_status": "source-reviewed",
        "geometry": null,
        "placement_status": "deferred",
        "fit_revision": "a6619d96ba8fa8279ea6a8027654a92b15942b9d",
        "fit_sha256": "e96a8934ae42cc6dbc079e69afebb743c05decf0a61f19ac24eb620be48c32ed",
        "label_anchors": [
          {
            "box_index": 0,
            "source_pixel_xy": [
              4887.0,
              4169.0
            ],
            "covering_crop_ids": [
              "F22-R03C03"
            ],
            "inside_control_hull": true,
            "status": "derived-lettering-location",
            "projected_xy_m": [
              -6839603.62711726,
              5723710.17501775
            ],
            "lonlat": [
              -61.44120475558751,
              45.645430752646824
            ]
          }
        ],
        "geographic_role": "printed-lettering-only"
      }
    },
    {
      "type": "Feature",
      "id": "F22-HAW-131",
      "geometry": {
        "type": "MultiPoint",
        "coordinates": [
          [
            -61.43079637252536,
            45.64468559389
          ]
        ]
      },
      "properties": {
        "id": "F22-HAW-131",
        "source_text": "Auld Cove",
        "kind": "settlement",
        "reading_status": "clear",
        "crop_id": "F22-R03C03",
        "raw_candidate_ids": [
          "F22-R03C03-17",
          "F22-R03C04-07"
        ],
        "source_label_boxes_xywh": [
          [
            5019,
            4177,
            186,
            44
          ]
        ],
        "review_status": "source-reviewed",
        "geometry": null,
        "placement_status": "deferred",
        "fit_revision": "a6619d96ba8fa8279ea6a8027654a92b15942b9d",
        "fit_sha256": "e96a8934ae42cc6dbc079e69afebb743c05decf0a61f19ac24eb620be48c32ed",
        "label_anchors": [
          {
            "box_index": 0,
            "source_pixel_xy": [
              5112.0,
              4199.0
            ],
            "covering_crop_ids": [
              "F22-R03C03",
              "F22-R03C04"
            ],
            "inside_control_hull": true,
            "status": "derived-lettering-location",
            "projected_xy_m": [
              -6838444.9712148,
              5723591.52168537
            ],
            "lonlat": [
              -61.43079637252536,
              45.64468559389
            ]
          }
        ],
        "geographic_role": "printed-lettering-only"
      }
    },
    {
      "type": "Feature",
      "id": "F22-HAW-132",
      "geometry": {
        "type": "MultiPoint",
        "coordinates": [
          [
            -61.43727355423686,
            45.64165214196322
          ]
        ]
      },
      "properties": {
        "id": "F22-HAW-132",
        "source_text": "Mill",
        "kind": "mill",
        "reading_status": "clear",
        "crop_id": "F22-R03C03",
        "raw_candidate_ids": [
          "F22-R03C03-19"
        ],
        "source_label_boxes_xywh": [
          [
            4933,
            4271,
            74,
            34
          ]
        ],
        "review_status": "source-reviewed",
        "geometry": null,
        "placement_status": "deferred",
        "fit_revision": "a6619d96ba8fa8279ea6a8027654a92b15942b9d",
        "fit_sha256": "e96a8934ae42cc6dbc079e69afebb743c05decf0a61f19ac24eb620be48c32ed",
        "label_anchors": [
          {
            "box_index": 0,
            "source_pixel_xy": [
              4970.0,
              4288.0
            ],
            "covering_crop_ids": [
              "F22-R03C03"
            ],
            "inside_control_hull": true,
            "status": "derived-lettering-location",
            "projected_xy_m": [
              -6839166.0077847,
              5723108.51448947
            ],
            "lonlat": [
              -61.43727355423686,
              45.64165214196322
            ]
          }
        ],
        "geographic_role": "printed-lettering-only"
      }
    },
    {
      "type": "Feature",
      "id": "F22-HAW-133",
      "geometry": {
        "type": "MultiPoint",
        "coordinates": [
          [
            -61.42387720328904,
            45.641127437099264
          ]
        ]
      },
      "properties": {
        "id": "F22-HAW-133",
        "source_text": "Cable",
        "kind": "cable-label",
        "reading_status": "clear",
        "crop_id": "F22-R03C03",
        "raw_candidate_ids": [
          "F22-R03C03-20"
        ],
        "source_label_boxes_xywh": [
          [
            5220,
            4298,
            77,
            31
          ]
        ],
        "review_status": "source-reviewed",
        "geometry": null,
        "placement_status": "deferred",
        "review_note": "Separate printed cable occurrence from the upper and eastern Cable labels.",
        "fit_revision": "a6619d96ba8fa8279ea6a8027654a92b15942b9d",
        "fit_sha256": "e96a8934ae42cc6dbc079e69afebb743c05decf0a61f19ac24eb620be48c32ed",
        "label_anchors": [
          {
            "box_index": 0,
            "source_pixel_xy": [
              5258.5,
              4313.5
            ],
            "covering_crop_ids": [
              "F22-R03C03",
              "F22-R03C04"
            ],
            "inside_control_hull": true,
            "status": "derived-lettering-location",
            "projected_xy_m": [
              -6837674.7328187,
              5723024.97000505
            ],
            "lonlat": [
              -61.42387720328904,
              45.641127437099264
            ]
          }
        ],
        "geographic_role": "printed-lettering-only"
      }
    },
    {
      "type": "Feature",
      "id": "F22-HAW-134",
      "geometry": {
        "type": "MultiPoint",
        "coordinates": [
          [
            -61.458662580541365,
            45.63704698568263
          ]
        ]
      },
      "properties": {
        "id": "F22-HAW-134",
        "source_text": "STA.",
        "kind": "station-label",
        "reading_status": "clear",
        "crop_id": "F22-R03C03",
        "raw_candidate_ids": [
          "F22-R03C03-21"
        ],
        "source_label_boxes_xywh": [
          [
            4466,
            4394,
            75,
            38
          ]
        ],
        "review_status": "source-reviewed",
        "geometry": null,
        "placement_status": "deferred",
        "fit_revision": "a6619d96ba8fa8279ea6a8027654a92b15942b9d",
        "fit_sha256": "e96a8934ae42cc6dbc079e69afebb743c05decf0a61f19ac24eb620be48c32ed",
        "label_anchors": [
          {
            "box_index": 0,
            "source_pixel_xy": [
              4503.5,
              4413.0
            ],
            "covering_crop_ids": [
              "F22-R03C03"
            ],
            "inside_control_hull": true,
            "status": "derived-lettering-location",
            "projected_xy_m": [
              -6841547.02330148,
              5722375.29963956
            ],
            "lonlat": [
              -61.458662580541365,
              45.63704698568263
            ]
          }
        ],
        "geographic_role": "printed-lettering-only"
      }
    },
    {
      "type": "Feature",
      "id": "F22-HAW-135",
      "geometry": {
        "type": "MultiPoint",
        "coordinates": [
          [
            -61.4633207131613,
            45.63316631575724
          ]
        ]
      },
      "properties": {
        "id": "F22-HAW-135",
        "source_text": "Cape Porcupine",
        "kind": "settlement",
        "reading_status": "clear",
        "crop_id": "F22-R03C03",
        "raw_candidate_ids": [
          "F22-R03C03-23"
        ],
        "source_label_boxes_xywh": [
          [
            4190,
            4499,
            421,
            58
          ]
        ],
        "review_status": "source-reviewed",
        "geometry": null,
        "placement_status": "deferred",
        "fit_revision": "a6619d96ba8fa8279ea6a8027654a92b15942b9d",
        "fit_sha256": "e96a8934ae42cc6dbc079e69afebb743c05decf0a61f19ac24eb620be48c32ed",
        "label_anchors": [
          {
            "box_index": 0,
            "source_pixel_xy": [
              4400.5,
              4528.0
            ],
            "covering_crop_ids": [
              "F22-R03C03",
              "F22-R04C03"
            ],
            "inside_control_hull": true,
            "status": "derived-lettering-location",
            "projected_xy_m": [
              -6842065.56425278,
              5721757.48143666
            ],
            "lonlat": [
              -61.4633207131613,
              45.63316631575724
            ]
          }
        ],
        "geographic_role": "printed-lettering-only"
      }
    },
    {
      "type": "Feature",
      "id": "F22-HAW-136",
      "geometry": {
        "type": "MultiPoint",
        "coordinates": [
          [
            -61.39336966138034,
            45.66725900651699
          ]
        ]
      },
      "properties": {
        "id": "F22-HAW-136",
        "source_text": "Falls",
        "kind": "falls",
        "reading_status": "clear",
        "crop_id": "F22-R03C04",
        "raw_candidate_ids": [
          "F22-R03C04-03",
          "F22-DETAIL-HORTON-EDGE-03"
        ],
        "source_label_boxes_xywh": [
          [
            5881,
            3513,
            94,
            37
          ]
        ],
        "review_status": "source-reviewed",
        "geometry": null,
        "placement_status": "deferred",
        "fit_revision": "a6619d96ba8fa8279ea6a8027654a92b15942b9d",
        "fit_sha256": "e96a8934ae42cc6dbc079e69afebb743c05decf0a61f19ac24eb620be48c32ed",
        "label_anchors": [
          {
            "box_index": 0,
            "source_pixel_xy": [
              5928.0,
              3531.5
            ],
            "covering_crop_ids": [
              "F22-R03C04"
            ],
            "inside_control_hull": true,
            "status": "derived-lettering-location",
            "projected_xy_m": [
              -6834278.64878807,
              5727186.6383417
            ],
            "lonlat": [
              -61.39336966138034,
              45.66725900651699
            ]
          }
        ],
        "geographic_role": "printed-lettering-only"
      }
    },
    {
      "type": "Feature",
      "id": "F22-HAW-137",
      "geometry": {
        "type": "MultiPoint",
        "coordinates": [
          [
            -61.41496497395067,
            45.65814223687903
          ]
        ]
      },
      "properties": {
        "id": "F22-HAW-137",
        "source_text": "Forge",
        "kind": "forge",
        "reading_status": "clear",
        "crop_id": "F22-R03C04",
        "raw_candidate_ids": [
          "F22-R03C04-05",
          "F22-DETAIL-HORTON-EDGE-10"
        ],
        "source_label_boxes_xywh": [
          [
            5422,
            3774,
            81,
            39
          ]
        ],
        "review_status": "source-reviewed",
        "geometry": null,
        "placement_status": "deferred",
        "fit_revision": "a6619d96ba8fa8279ea6a8027654a92b15942b9d",
        "fit_sha256": "e96a8934ae42cc6dbc079e69afebb743c05decf0a61f19ac24eb620be48c32ed",
        "label_anchors": [
          {
            "box_index": 0,
            "source_pixel_xy": [
              5462.5,
              3793.5
            ],
            "covering_crop_ids": [
              "F22-R03C04"
            ],
            "inside_control_hull": true,
            "status": "derived-lettering-location",
            "projected_xy_m": [
              -6836682.62798692,
              5725734.49687163
            ],
            "lonlat": [
              -61.41496497395067,
              45.65814223687903
            ]
          }
        ],
        "geographic_role": "printed-lettering-only"
      }
    },
    {
      "type": "Feature",
      "id": "F22-HAW-138",
      "geometry": {
        "type": "MultiPoint",
        "coordinates": [
          [
            -61.40339896763726,
            45.65007210786313
          ]
        ]
      },
      "properties": {
        "id": "F22-HAW-138",
        "source_text": "Hastings",
        "kind": "settlement",
        "reading_status": "clear",
        "crop_id": "F22-R03C04",
        "raw_candidate_ids": [
          "F22-R03C04-06"
        ],
        "source_label_boxes_xywh": [
          [
            5577,
            4028,
            255,
            51
          ]
        ],
        "review_status": "source-reviewed",
        "geometry": null,
        "placement_status": "deferred",
        "fit_revision": "a6619d96ba8fa8279ea6a8027654a92b15942b9d",
        "fit_sha256": "e96a8934ae42cc6dbc079e69afebb743c05decf0a61f19ac24eb620be48c32ed",
        "label_anchors": [
          {
            "box_index": 0,
            "source_pixel_xy": [
              5704.5,
              4053.5
            ],
            "covering_crop_ids": [
              "F22-R03C04"
            ],
            "inside_control_hull": true,
            "status": "derived-lettering-location",
            "projected_xy_m": [
              -6835395.1060536,
              5724449.264154
            ],
            "lonlat": [
              -61.40339896763726,
              45.65007210786313
            ]
          }
        ],
        "geographic_role": "printed-lettering-only"
      }
    },
    {
      "type": "Feature",
      "id": "F22-HAW-139",
      "geometry": {
        "type": "MultiPoint",
        "coordinates": [
          [
            -61.4220402492743,
            45.64629216779961
          ]
        ]
      },
      "properties": {
        "id": "F22-HAW-139",
        "source_text": "Mc Millan Point",
        "kind": "point",
        "reading_status": "clear",
        "crop_id": "F22-R03C04",
        "raw_candidate_ids": [
          "F22-R03C04-08",
          "F22-R03C03-18"
        ],
        "source_label_boxes_xywh": [
          [
            5148,
            4134,
            308,
            43
          ]
        ],
        "review_status": "source-reviewed",
        "geometry": null,
        "placement_status": "deferred",
        "review_note": "ASCII c represents printed superscript.",
        "fit_revision": "a6619d96ba8fa8279ea6a8027654a92b15942b9d",
        "fit_sha256": "e96a8934ae42cc6dbc079e69afebb743c05decf0a61f19ac24eb620be48c32ed",
        "label_anchors": [
          {
            "box_index": 0,
            "source_pixel_xy": [
              5302.0,
              4155.5
            ],
            "covering_crop_ids": [
              "F22-R03C04"
            ],
            "inside_control_hull": true,
            "status": "derived-lettering-location",
            "projected_xy_m": [
              -6837470.24403317,
              5723847.34208873
            ],
            "lonlat": [
              -61.4220402492743,
              45.64629216779961
            ]
          }
        ],
        "geographic_role": "printed-lettering-only"
      }
    },
    {
      "type": "Feature",
      "id": "F22-HAW-140",
      "geometry": {
        "type": "MultiPoint",
        "coordinates": [
          [
            -61.41831212949616,
            45.64798262161781
          ]
        ]
      },
      "properties": {
        "id": "F22-HAW-140",
        "source_text": "Cable",
        "kind": "cable-label",
        "reading_status": "clear",
        "crop_id": "F22-R03C04",
        "raw_candidate_ids": [],
        "source_label_boxes_xywh": [
          [
            5329,
            4089,
            109,
            34
          ]
        ],
        "review_status": "source-reviewed",
        "geometry": null,
        "placement_status": "deferred",
        "review_note": "Upper separate cable occurrence; displaced first-pass boxes do not support a unique correspondence for all three printed Cable occurrences.",
        "fit_revision": "a6619d96ba8fa8279ea6a8027654a92b15942b9d",
        "fit_sha256": "e96a8934ae42cc6dbc079e69afebb743c05decf0a61f19ac24eb620be48c32ed",
        "label_anchors": [
          {
            "box_index": 0,
            "source_pixel_xy": [
              5383.5,
              4106.0
            ],
            "covering_crop_ids": [
              "F22-R03C04"
            ],
            "inside_control_hull": true,
            "status": "derived-lettering-location",
            "projected_xy_m": [
              -6837055.23163785,
              5724116.52690599
            ],
            "lonlat": [
              -61.41831212949616,
              45.64798262161781
            ]
          }
        ],
        "geographic_role": "printed-lettering-only"
      }
    },
    {
      "type": "Feature",
      "id": "F22-HAW-141",
      "geometry": {
        "type": "MultiPoint",
        "coordinates": [
          [
            -61.419078471390215,
            45.640540125355336
          ]
        ]
      },
      "properties": {
        "id": "F22-HAW-141",
        "source_text": "Cable",
        "kind": "cable-label",
        "reading_status": "clear",
        "crop_id": "F22-R03C04",
        "raw_candidate_ids": [],
        "source_label_boxes_xywh": [
          [
            5323,
            4319,
            76,
            32
          ]
        ],
        "review_status": "source-reviewed",
        "geometry": null,
        "placement_status": "deferred",
        "review_note": "Eastern separate cable occurrence.",
        "fit_revision": "a6619d96ba8fa8279ea6a8027654a92b15942b9d",
        "fit_sha256": "e96a8934ae42cc6dbc079e69afebb743c05decf0a61f19ac24eb620be48c32ed",
        "label_anchors": [
          {
            "box_index": 0,
            "source_pixel_xy": [
              5361.0,
              4335.0
            ],
            "covering_crop_ids": [
              "F22-R03C04"
            ],
            "inside_control_hull": true,
            "status": "derived-lettering-location",
            "projected_xy_m": [
              -6837140.54042727,
              5722931.45806475
            ],
            "lonlat": [
              -61.419078471390215,
              45.640540125355336
            ]
          }
        ],
        "geographic_role": "printed-lettering-only"
      }
    },
    {
      "type": "Feature",
      "id": "F22-HAW-142",
      "geometry": {
        "type": "MultiPoint",
        "coordinates": [
          [
            -61.40926820931007,
            45.64360079202699
          ]
        ]
      },
      "properties": {
        "id": "F22-HAW-142",
        "source_text": "Mc Keen Point",
        "kind": "point",
        "reading_status": "clear",
        "crop_id": "F22-R03C04",
        "raw_candidate_ids": [
          "F22-R03C04-11"
        ],
        "source_label_boxes_xywh": [
          [
            5444,
            4225,
            259,
            46
          ]
        ],
        "review_status": "source-reviewed",
        "geometry": null,
        "placement_status": "deferred",
        "review_note": "ASCII c represents printed superscript.",
        "fit_revision": "a6619d96ba8fa8279ea6a8027654a92b15942b9d",
        "fit_sha256": "e96a8934ae42cc6dbc079e69afebb743c05decf0a61f19ac24eb620be48c32ed",
        "label_anchors": [
          {
            "box_index": 0,
            "source_pixel_xy": [
              5573.5,
              4248.0
            ],
            "covering_crop_ids": [
              "F22-R03C04"
            ],
            "inside_control_hull": true,
            "status": "derived-lettering-location",
            "projected_xy_m": [
              -6836048.46704796,
              5723418.78902596
            ],
            "lonlat": [
              -61.40926820931007,
              45.64360079202699
            ]
          }
        ],
        "geographic_role": "printed-lettering-only"
      }
    },
    {
      "type": "Feature",
      "id": "F22-HAW-143",
      "geometry": {
        "type": "MultiPoint",
        "coordinates": [
          [
            -61.408999540739316,
            45.639492710489286
          ]
        ]
      },
      "properties": {
        "id": "F22-HAW-143",
        "source_text": "C. Porcupine",
        "kind": "point-label",
        "reading_status": "clear",
        "crop_id": "F22-R03C04",
        "raw_candidate_ids": [
          "F22-R03C04-12"
        ],
        "source_label_boxes_xywh": [
          [
            5460,
            4350,
            231,
            49
          ]
        ],
        "review_status": "source-reviewed",
        "geometry": null,
        "placement_status": "deferred",
        "review_note": "C. Porcupine and Plaster Cove are separate annotations; abbreviation not expanded.",
        "fit_revision": "a6619d96ba8fa8279ea6a8027654a92b15942b9d",
        "fit_sha256": "e96a8934ae42cc6dbc079e69afebb743c05decf0a61f19ac24eb620be48c32ed",
        "label_anchors": [
          {
            "box_index": 0,
            "source_pixel_xy": [
              5575.5,
              4374.5
            ],
            "covering_crop_ids": [
              "F22-R03C04"
            ],
            "inside_control_hull": true,
            "status": "derived-lettering-location",
            "projected_xy_m": [
              -6836018.55899947,
              5722764.69080938
            ],
            "lonlat": [
              -61.408999540739316,
              45.639492710489286
            ]
          }
        ],
        "geographic_role": "printed-lettering-only"
      }
    },
    {
      "type": "Feature",
      "id": "F22-HAW-144",
      "geometry": {
        "type": "MultiPoint",
        "coordinates": [
          [
            -61.4003812466039,
            45.64105137000883
          ]
        ]
      },
      "properties": {
        "id": "F22-HAW-144",
        "source_text": "Plaster Cove",
        "kind": "cove",
        "reading_status": "clear",
        "crop_id": "F22-R03C04",
        "raw_candidate_ids": [
          "F22-R03C04-12"
        ],
        "source_label_boxes_xywh": [
          [
            5690,
            4254,
            141,
            158
          ]
        ],
        "review_status": "source-reviewed",
        "geometry": null,
        "placement_status": "deferred",
        "review_note": "Reject model plaster force; separate from C. Porcupine.",
        "fit_revision": "a6619d96ba8fa8279ea6a8027654a92b15942b9d",
        "fit_sha256": "e96a8934ae42cc6dbc079e69afebb743c05decf0a61f19ac24eb620be48c32ed",
        "label_anchors": [
          {
            "box_index": 0,
            "source_pixel_xy": [
              5760.5,
              4333.0
            ],
            "covering_crop_ids": [
              "F22-R03C04"
            ],
            "inside_control_hull": true,
            "status": "derived-lettering-location",
            "projected_xy_m": [
              -6835059.17488481,
              5723012.85852636
            ],
            "lonlat": [
              -61.4003812466039,
              45.64105137000883
            ]
          }
        ],
        "geographic_role": "printed-lettering-only"
      }
    },
    {
      "type": "Feature",
      "id": "F22-HAW-145",
      "geometry": {
        "type": "MultiPoint",
        "coordinates": [
          [
            -61.37981695840974,
            45.63929958982518
          ]
        ]
      },
      "properties": {
        "id": "F22-HAW-145",
        "source_text": "Forge",
        "kind": "forge",
        "reading_status": "clear",
        "crop_id": "F22-R03C04",
        "raw_candidate_ids": [
          "F22-R03C04-13"
        ],
        "source_label_boxes_xywh": [
          [
            6152,
            4381,
            88,
            40
          ]
        ],
        "review_status": "source-reviewed",
        "geometry": null,
        "placement_status": "deferred",
        "fit_revision": "a6619d96ba8fa8279ea6a8027654a92b15942b9d",
        "fit_sha256": "e96a8934ae42cc6dbc079e69afebb743c05decf0a61f19ac24eb620be48c32ed",
        "label_anchors": [
          {
            "box_index": 0,
            "source_pixel_xy": [
              6196.0,
              4401.0
            ],
            "covering_crop_ids": [
              "F22-R03C04"
            ],
            "inside_control_hull": true,
            "status": "derived-lettering-location",
            "projected_xy_m": [
              -6832769.96879451,
              5722733.94287213
            ],
            "lonlat": [
              -61.37981695840974,
              45.63929958982518
            ]
          }
        ],
        "geographic_role": "printed-lettering-only"
      }
    },
    {
      "type": "Feature",
      "id": "F22-HAW-146",
      "geometry": {
        "type": "MultiPoint",
        "coordinates": [
          [
            -61.39401013078819,
            45.660613485071394
          ]
        ]
      },
      "properties": {
        "id": "F22-HAW-146",
        "source_text": "Quarry",
        "kind": "quarry",
        "reading_status": "clear",
        "crop_id": "F22-R03C04",
        "raw_candidate_ids": [
          "F22-R03C04-14",
          "F22-DETAIL-HORTON-EDGE-09"
        ],
        "source_label_boxes_xywh": [
          [
            5853,
            3717,
            118,
            40
          ]
        ],
        "review_status": "source-reviewed",
        "geometry": null,
        "placement_status": "deferred",
        "fit_revision": "a6619d96ba8fa8279ea6a8027654a92b15942b9d",
        "fit_sha256": "e96a8934ae42cc6dbc079e69afebb743c05decf0a61f19ac24eb620be48c32ed",
        "label_anchors": [
          {
            "box_index": 0,
            "source_pixel_xy": [
              5912.0,
              3737.0
            ],
            "covering_crop_ids": [
              "F22-R03C04"
            ],
            "inside_control_hull": true,
            "status": "derived-lettering-location",
            "projected_xy_m": [
              -6834349.94551642,
              5726128.09999514
            ],
            "lonlat": [
              -61.39401013078819,
              45.660613485071394
            ]
          }
        ],
        "geographic_role": "printed-lettering-only"
      }
    },
    {
      "type": "Feature",
      "id": "F22-HAW-147",
      "geometry": {
        "type": "MultiPoint",
        "coordinates": [
          [
            -61.385093027708784,
            45.66309966048981
          ],
          [
            -61.3789841188494,
            45.6671350346324
          ]
        ]
      },
      "properties": {
        "id": "F22-HAW-147",
        "source_text": "Victoria Road",
        "kind": "road",
        "reading_status": "clear",
        "crop_id": "F22-R03C04",
        "raw_candidate_ids": [
          "F22-R03C04-15",
          "F22-DETAIL-HORTON-EDGE-04"
        ],
        "source_label_boxes_xywh": [
          [
            6040,
            3622,
            125,
            93
          ],
          [
            6202,
            3503,
            62,
            91
          ]
        ],
        "review_status": "source-reviewed",
        "geometry": null,
        "placement_status": "deferred",
        "review_note": "Separate printed occurrence from F22-HAW-019.",
        "fit_revision": "a6619d96ba8fa8279ea6a8027654a92b15942b9d",
        "fit_sha256": "e96a8934ae42cc6dbc079e69afebb743c05decf0a61f19ac24eb620be48c32ed",
        "label_anchors": [
          {
            "box_index": 0,
            "source_pixel_xy": [
              6102.5,
              3668.5
            ],
            "covering_crop_ids": [
              "F22-R03C04"
            ],
            "inside_control_hull": true,
            "status": "derived-lettering-location",
            "projected_xy_m": [
              -6833357.29814227,
              5726524.09815362
            ],
            "lonlat": [
              -61.385093027708784,
              45.66309966048981
            ]
          },
          {
            "box_index": 1,
            "source_pixel_xy": [
              6233.0,
              3548.5
            ],
            "covering_crop_ids": [
              "F22-R03C04"
            ],
            "inside_control_hull": true,
            "status": "derived-lettering-location",
            "projected_xy_m": [
              -6832677.25751874,
              5727166.89020925
            ],
            "lonlat": [
              -61.3789841188494,
              45.6671350346324
            ]
          }
        ],
        "geographic_role": "printed-lettering-only"
      }
    },
    {
      "type": "Feature",
      "id": "F22-HAW-148",
      "geometry": {
        "type": "MultiPoint",
        "coordinates": [
          [
            -61.374667761744035,
            45.64887900084695
          ]
        ]
      },
      "properties": {
        "id": "F22-HAW-148",
        "source_text": "400 FT",
        "kind": "spot-height-label",
        "reading_status": "clear",
        "crop_id": "F22-R03C04",
        "raw_candidate_ids": [
          "F22-R03C04-18"
        ],
        "source_label_boxes_xywh": [
          [
            6248,
            4094,
            133,
            37
          ]
        ],
        "review_status": "source-reviewed",
        "geometry": null,
        "placement_status": "deferred",
        "fit_revision": "a6619d96ba8fa8279ea6a8027654a92b15942b9d",
        "fit_sha256": "e96a8934ae42cc6dbc079e69afebb743c05decf0a61f19ac24eb620be48c32ed",
        "label_anchors": [
          {
            "box_index": 0,
            "source_pixel_xy": [
              6314.5,
              4112.5
            ],
            "covering_crop_ids": [
              "F22-R03C04",
              "F22-R03C05"
            ],
            "inside_control_hull": true,
            "status": "derived-lettering-location",
            "projected_xy_m": [
              -6832196.76284369,
              5724259.26801375
            ],
            "lonlat": [
              -61.374667761744035,
              45.64887900084695
            ]
          }
        ],
        "geographic_role": "printed-lettering-only"
      }
    },
    {
      "type": "Feature",
      "id": "F22-HAW-149",
      "geometry": {
        "type": "MultiPoint",
        "coordinates": [
          [
            -61.394123171147875,
            45.63233552076836
          ]
        ]
      },
      "properties": {
        "id": "F22-HAW-149",
        "source_text": "Keaton Point",
        "kind": "point",
        "reading_status": "clear",
        "crop_id": "F22-R03C04",
        "raw_candidate_ids": [
          "F22-R03C04-19"
        ],
        "source_label_boxes_xywh": [
          [
            5771,
            4581,
            228,
            46
          ]
        ],
        "review_status": "source-reviewed",
        "geometry": null,
        "placement_status": "deferred",
        "fit_revision": "a6619d96ba8fa8279ea6a8027654a92b15942b9d",
        "fit_sha256": "e96a8934ae42cc6dbc079e69afebb743c05decf0a61f19ac24eb620be48c32ed",
        "label_anchors": [
          {
            "box_index": 0,
            "source_pixel_xy": [
              5885.0,
              4604.0
            ],
            "covering_crop_ids": [
              "F22-R03C04",
              "F22-R04C04"
            ],
            "inside_control_hull": true,
            "status": "derived-lettering-location",
            "projected_xy_m": [
              -6834362.5291117,
              5721625.22110503
            ],
            "lonlat": [
              -61.394123171147875,
              45.63233552076836
            ]
          }
        ],
        "geographic_role": "printed-lettering-only"
      }
    },
    {
      "type": "Feature",
      "id": "F22-HAW-150",
      "geometry": {
        "type": "MultiPoint",
        "coordinates": [
          [
            -61.403368515100645,
            45.63422762136434
          ]
        ]
      },
      "properties": {
        "id": "F22-HAW-150",
        "source_text": "Old Cable",
        "kind": "cable-label",
        "reading_status": "clear",
        "crop_id": "F22-R03C04",
        "raw_candidate_ids": [
          "F22-R03C04-20"
        ],
        "source_label_boxes_xywh": [
          [
            5627,
            4521,
            127,
            38
          ]
        ],
        "review_status": "source-reviewed",
        "geometry": null,
        "placement_status": "deferred",
        "fit_revision": "a6619d96ba8fa8279ea6a8027654a92b15942b9d",
        "fit_sha256": "e96a8934ae42cc6dbc079e69afebb743c05decf0a61f19ac24eb620be48c32ed",
        "label_anchors": [
          {
            "box_index": 0,
            "source_pixel_xy": [
              5690.5,
              4540.0
            ],
            "covering_crop_ids": [
              "F22-R03C04",
              "F22-R04C04"
            ],
            "inside_control_hull": true,
            "status": "derived-lettering-location",
            "projected_xy_m": [
              -6835391.71609273,
              5721926.44129196
            ],
            "lonlat": [
              -61.403368515100645,
              45.63422762136434
            ]
          }
        ],
        "geographic_role": "printed-lettering-only"
      }
    },
    {
      "type": "Feature",
      "id": "F22-HAW-151",
      "geometry": {
        "type": "MultiPoint",
        "coordinates": [
          [
            -61.40134950425449,
            45.629962232100176
          ]
        ]
      },
      "properties": {
        "id": "F22-HAW-151",
        "source_text": "350 FT",
        "kind": "spot-height-label",
        "reading_status": "clear",
        "crop_id": "F22-R03C04",
        "raw_candidate_ids": [
          "F22-R03C04-21"
        ],
        "source_label_boxes_xywh": [
          [
            5670,
            4654,
            119,
            36
          ]
        ],
        "review_status": "source-reviewed",
        "geometry": null,
        "placement_status": "deferred",
        "review_note": "Bottom lettering completed using native lower-edge excerpt.",
        "fit_revision": "a6619d96ba8fa8279ea6a8027654a92b15942b9d",
        "fit_sha256": "e96a8934ae42cc6dbc079e69afebb743c05decf0a61f19ac24eb620be48c32ed",
        "label_anchors": [
          {
            "box_index": 0,
            "source_pixel_xy": [
              5729.5,
              4672.0
            ],
            "covering_crop_ids": [
              "F22-R03C04",
              "F22-R04C04"
            ],
            "inside_control_hull": true,
            "status": "derived-lettering-location",
            "projected_xy_m": [
              -6835166.96083343,
              5721247.41072074
            ],
            "lonlat": [
              -61.40134950425449,
              45.629962232100176
            ]
          }
        ],
        "geographic_role": "printed-lettering-only"
      }
    },
    {
      "type": "Feature",
      "id": "F22-HAW-152",
      "geometry": {
        "type": "MultiPoint",
        "coordinates": [
          [
            -61.417184849853165,
            45.6338243458131
          ]
        ]
      },
      "properties": {
        "id": "F22-HAW-152",
        "source_text": "460 FT",
        "kind": "spot-height-label",
        "reading_status": "clear",
        "crop_id": "F22-R03C04",
        "raw_candidate_ids": [
          "F22-R03C04-22"
        ],
        "source_label_boxes_xywh": [
          [
            5339,
            4526,
            114,
            34
          ]
        ],
        "review_status": "source-reviewed",
        "geometry": null,
        "placement_status": "deferred",
        "fit_revision": "a6619d96ba8fa8279ea6a8027654a92b15942b9d",
        "fit_sha256": "e96a8934ae42cc6dbc079e69afebb743c05decf0a61f19ac24eb620be48c32ed",
        "label_anchors": [
          {
            "box_index": 0,
            "source_pixel_xy": [
              5396.0,
              4543.0
            ],
            "covering_crop_ids": [
              "F22-R03C04",
              "F22-R04C04"
            ],
            "inside_control_hull": true,
            "status": "derived-lettering-location",
            "projected_xy_m": [
              -6836929.74344201,
              5721862.23944628
            ],
            "lonlat": [
              -61.417184849853165,
              45.6338243458131
            ]
          }
        ],
        "geographic_role": "printed-lettering-only"
      }
    },
    {
      "type": "Feature",
      "id": "F22-HAW-153",
      "geometry": {
        "type": "MultiPoint",
        "coordinates": [
          [
            -61.35532323753103,
            45.667025102072756
          ]
        ]
      },
      "properties": {
        "id": "F22-HAW-153",
        "source_text": "A.G. Fraser",
        "kind": "personal-name",
        "reading_status": "clear",
        "crop_id": "F22-R03C05",
        "raw_candidate_ids": [
          "F22-DETAIL-C05-NW-04",
          "F22-DETAIL-HORTON-EDGE-08",
          "F22-R03C05-03"
        ],
        "source_label_boxes_xywh": [
          [
            6647,
            3546,
            179,
            39
          ]
        ],
        "review_status": "source-reviewed",
        "geometry": null,
        "placement_status": "deferred",
        "fit_revision": "a6619d96ba8fa8279ea6a8027654a92b15942b9d",
        "fit_sha256": "e96a8934ae42cc6dbc079e69afebb743c05decf0a61f19ac24eb620be48c32ed",
        "label_anchors": [
          {
            "box_index": 0,
            "source_pixel_xy": [
              6736.5,
              3565.5
            ],
            "covering_crop_ids": [
              "F22-R03C05"
            ],
            "inside_control_hull": true,
            "status": "derived-lettering-location",
            "projected_xy_m": [
              -6830043.34025866,
              5727149.37851118
            ],
            "lonlat": [
              -61.35532323753103,
              45.667025102072756
            ]
          }
        ],
        "geographic_role": "printed-lettering-only"
      }
    },
    {
      "type": "Feature",
      "id": "F22-HAW-154",
      "geometry": {
        "type": "MultiPoint",
        "coordinates": [
          [
            -61.35421994825271,
            45.65654012821235
          ]
        ]
      },
      "properties": {
        "id": "F22-HAW-154",
        "source_text": "Barren",
        "kind": "landscape-annotation",
        "reading_status": "clear",
        "crop_id": "F22-R03C05",
        "raw_candidate_ids": [
          "F22-DETAIL-C05-NW-06",
          "F22-DETAIL-C05-SW-01",
          "F22-R03C05-04"
        ],
        "source_label_boxes_xywh": [
          [
            6653,
            3867,
            207,
            46
          ]
        ],
        "review_status": "source-reviewed",
        "geometry": null,
        "placement_status": "deferred",
        "review_note": "Printed singular Barren; do not normalize to nearby Barrens.",
        "fit_revision": "a6619d96ba8fa8279ea6a8027654a92b15942b9d",
        "fit_sha256": "e96a8934ae42cc6dbc079e69afebb743c05decf0a61f19ac24eb620be48c32ed",
        "label_anchors": [
          {
            "box_index": 0,
            "source_pixel_xy": [
              6756.5,
              3890.0
            ],
            "covering_crop_ids": [
              "F22-R03C05"
            ],
            "inside_control_hull": true,
            "status": "derived-lettering-location",
            "projected_xy_m": [
              -6829920.522658,
              5725479.33349268
            ],
            "lonlat": [
              -61.35421994825271,
              45.65654012821235
            ]
          }
        ],
        "geographic_role": "printed-lettering-only"
      }
    },
    {
      "type": "Feature",
      "id": "F22-HAW-155",
      "geometry": {
        "type": "MultiPoint",
        "coordinates": [
          [
            -61.32902130095411,
            45.664544378423805
          ],
          [
            -61.32038657978866,
            45.65622810786452
          ]
        ]
      },
      "properties": {
        "id": "F22-HAW-155",
        "source_text": "North Branch",
        "kind": "stream",
        "reading_status": "clear",
        "crop_id": "F22-R03C05",
        "raw_candidate_ids": [
          "F22-DETAIL-C05-NE-02",
          "F22-DETAIL-C05-NE-03",
          "F22-R03C05-05"
        ],
        "source_label_boxes_xywh": [
          [
            7252,
            3596,
            106,
            116
          ],
          [
            7425,
            3834,
            133,
            163
          ]
        ],
        "review_status": "source-reviewed",
        "geometry": null,
        "placement_status": "deferred",
        "fit_revision": "a6619d96ba8fa8279ea6a8027654a92b15942b9d",
        "fit_sha256": "e96a8934ae42cc6dbc079e69afebb743c05decf0a61f19ac24eb620be48c32ed",
        "label_anchors": [
          {
            "box_index": 0,
            "source_pixel_xy": [
              7305.0,
              3654.0
            ],
            "covering_crop_ids": [
              "F22-R03C05"
            ],
            "inside_control_hull": true,
            "status": "derived-lettering-location",
            "projected_xy_m": [
              -6827115.42207204,
              5726754.22098488
            ],
            "lonlat": [
              -61.32902130095411,
              45.664544378423805
            ]
          },
          {
            "box_index": 1,
            "source_pixel_xy": [
              7491.5,
              3915.5
            ],
            "covering_crop_ids": [
              "F22-R03C05"
            ],
            "inside_control_hull": true,
            "status": "derived-lettering-location",
            "projected_xy_m": [
              -6826154.20930876,
              5725429.63973148
            ],
            "lonlat": [
              -61.32038657978866,
              45.65622810786452
            ]
          }
        ],
        "geographic_role": "printed-lettering-only"
      }
    },
    {
      "type": "Feature",
      "id": "F22-HAW-156",
      "geometry": {
        "type": "MultiPoint",
        "coordinates": [
          [
            -61.32685762380554,
            45.64877384257119
          ],
          [
            -61.319262390390755,
            45.648958904784514
          ]
        ]
      },
      "properties": {
        "id": "F22-HAW-156",
        "source_text": "South Branch",
        "kind": "stream",
        "reading_status": "clear",
        "crop_id": "F22-R03C05",
        "raw_candidate_ids": [
          "F22-DETAIL-C05-SE-01"
        ],
        "source_label_boxes_xywh": [
          [
            7287,
            4117,
            119,
            49
          ],
          [
            7441,
            4099,
            145,
            81
          ]
        ],
        "review_status": "source-reviewed",
        "geometry": null,
        "placement_status": "deferred",
        "fit_revision": "a6619d96ba8fa8279ea6a8027654a92b15942b9d",
        "fit_sha256": "e96a8934ae42cc6dbc079e69afebb743c05decf0a61f19ac24eb620be48c32ed",
        "label_anchors": [
          {
            "box_index": 0,
            "source_pixel_xy": [
              7346.5,
              4141.5
            ],
            "covering_crop_ids": [
              "F22-R03C05"
            ],
            "inside_control_hull": true,
            "status": "derived-lettering-location",
            "projected_xy_m": [
              -6826874.56263362,
              5724242.52229464
            ],
            "lonlat": [
              -61.32685762380554,
              45.64877384257119
            ]
          },
          {
            "box_index": 1,
            "source_pixel_xy": [
              7513.5,
              4139.5
            ],
            "covering_crop_ids": [
              "F22-R03C05",
              "F22-R03C06"
            ],
            "inside_control_hull": true,
            "status": "derived-lettering-location",
            "projected_xy_m": [
              -6826029.06511743,
              5724271.99217735
            ],
            "lonlat": [
              -61.319262390390755,
              45.648958904784514
            ]
          }
        ],
        "geographic_role": "printed-lettering-only"
      }
    },
    {
      "type": "Feature",
      "id": "F22-HAW-157",
      "geometry": {
        "type": "MultiPoint",
        "coordinates": [
          [
            -61.35974325252989,
            45.645226822796126
          ],
          [
            -61.35597810292164,
            45.63494211798638
          ]
        ]
      },
      "properties": {
        "id": "F22-HAW-157",
        "source_text": "Emery Brook",
        "kind": "stream",
        "reading_status": "clear",
        "crop_id": "F22-R03C05",
        "raw_candidate_ids": [
          "F22-DETAIL-C05-SW-02",
          "F22-DETAIL-C05-SW-03"
        ],
        "source_label_boxes_xywh": [
          [
            6592,
            4166,
            77,
            134
          ],
          [
            6677,
            4482,
            52,
            132
          ]
        ],
        "review_status": "source-reviewed",
        "geometry": null,
        "placement_status": "deferred",
        "fit_revision": "a6619d96ba8fa8279ea6a8027654a92b15942b9d",
        "fit_sha256": "e96a8934ae42cc6dbc079e69afebb743c05decf0a61f19ac24eb620be48c32ed",
        "label_anchors": [
          {
            "box_index": 0,
            "source_pixel_xy": [
              6630.5,
              4233.0
            ],
            "covering_crop_ids": [
              "F22-R03C05"
            ],
            "inside_control_hull": true,
            "status": "derived-lettering-location",
            "projected_xy_m": [
              -6830535.37407763,
              5723677.70264455
            ],
            "lonlat": [
              -61.35974325252989,
              45.645226822796126
            ]
          },
          {
            "box_index": 1,
            "source_pixel_xy": [
              6703.0,
              4548.0
            ],
            "covering_crop_ids": [
              "F22-R03C05",
              "F22-R04C05"
            ],
            "inside_control_hull": true,
            "status": "derived-lettering-location",
            "projected_xy_m": [
              -6830116.23954048,
              5722040.19095817
            ],
            "lonlat": [
              -61.35597810292164,
              45.63494211798638
            ]
          }
        ],
        "geographic_role": "printed-lettering-only"
      }
    },
    {
      "type": "Feature",
      "id": "F22-HAW-158",
      "geometry": {
        "type": "MultiPoint",
        "coordinates": [
          [
            -61.36140282577428,
            45.63394990713402
          ]
        ]
      },
      "properties": {
        "id": "F22-HAW-158",
        "source_text": "250 FT",
        "kind": "spot-height-label",
        "reading_status": "clear",
        "crop_id": "F22-R03C05",
        "raw_candidate_ids": [
          "F22-DETAIL-C05-SW-04"
        ],
        "source_label_boxes_xywh": [
          [
            6516,
            4556,
            138,
            38
          ]
        ],
        "review_status": "source-reviewed",
        "geometry": null,
        "placement_status": "deferred",
        "fit_revision": "a6619d96ba8fa8279ea6a8027654a92b15942b9d",
        "fit_sha256": "e96a8934ae42cc6dbc079e69afebb743c05decf0a61f19ac24eb620be48c32ed",
        "label_anchors": [
          {
            "box_index": 0,
            "source_pixel_xy": [
              6585.0,
              4575.0
            ],
            "covering_crop_ids": [
              "F22-R03C05",
              "F22-R04C05"
            ],
            "inside_control_hull": true,
            "status": "derived-lettering-location",
            "projected_xy_m": [
              -6830720.11692613,
              5721882.22887671
            ],
            "lonlat": [
              -61.36140282577428,
              45.63394990713402
            ]
          }
        ],
        "geographic_role": "printed-lettering-only"
      }
    },
    {
      "type": "Feature",
      "id": "F22-HAW-159",
      "geometry": {
        "type": "MultiPoint",
        "coordinates": [
          [
            -61.32567300047794,
            45.63060329400626
          ],
          [
            -61.31828930253401,
            45.63381328476152
          ],
          [
            -61.3123655509136,
            45.63635317777822
          ]
        ]
      },
      "properties": {
        "id": "F22-HAW-159",
        "source_text": "Saint Peter's Road",
        "kind": "road",
        "reading_status": "clear",
        "crop_id": "F22-R03C05",
        "raw_candidate_ids": [
          "F22-DETAIL-C05-SE-02",
          "F22-R03C06-16",
          "F22-R04C05-05",
          "F22-R04C05-06"
        ],
        "source_label_boxes_xywh": [
          [
            7300,
            4654,
            126,
            85
          ],
          [
            7473,
            4563,
            110,
            79
          ],
          [
            7621,
            4485,
            79,
            86
          ]
        ],
        "review_status": "source-reviewed",
        "geometry": null,
        "placement_status": "deferred",
        "review_note": "Full Saint prefix completed in native R04C05 along the same continuous road label; preserve ID 159 and original Peter’s Road provenance. Reject first-pass Suit reading of Saint.",
        "fit_revision": "a6619d96ba8fa8279ea6a8027654a92b15942b9d",
        "fit_sha256": "e96a8934ae42cc6dbc079e69afebb743c05decf0a61f19ac24eb620be48c32ed",
        "label_anchors": [
          {
            "box_index": 0,
            "source_pixel_xy": [
              7363.0,
              4696.5
            ],
            "covering_crop_ids": [
              "F22-R04C05"
            ],
            "inside_control_hull": true,
            "status": "derived-lettering-location",
            "projected_xy_m": [
              -6826742.69096801,
              5721349.46156082
            ],
            "lonlat": [
              -61.32567300047794,
              45.63060329400626
            ]
          },
          {
            "box_index": 1,
            "source_pixel_xy": [
              7528.0,
              4602.5
            ],
            "covering_crop_ids": [
              "F22-R03C05",
              "F22-R03C06",
              "F22-R04C05",
              "F22-R04C06"
            ],
            "inside_control_hull": true,
            "status": "derived-lettering-location",
            "projected_xy_m": [
              -6825920.74147272,
              5721860.47852301
            ],
            "lonlat": [
              -61.31828930253401,
              45.63381328476152
            ]
          },
          {
            "box_index": 2,
            "source_pixel_xy": [
              7660.5,
              4528.0
            ],
            "covering_crop_ids": [
              "F22-R03C05",
              "F22-R03C06",
              "F22-R04C05",
              "F22-R04C06"
            ],
            "inside_control_hull": true,
            "status": "derived-lettering-location",
            "projected_xy_m": [
              -6825261.31245875,
              5722264.83950011
            ],
            "lonlat": [
              -61.3123655509136,
              45.63635317777822
            ]
          }
        ],
        "geographic_role": "printed-lettering-only"
      }
    },
    {
      "type": "Feature",
      "id": "F22-HAW-160",
      "geometry": {
        "type": "MultiPoint",
        "coordinates": [
          [
            -61.34677270368178,
            45.62932230652436
          ],
          [
            -61.34044426947938,
            45.63297422946711
          ]
        ]
      },
      "properties": {
        "id": "F22-HAW-160",
        "source_text": "Crandall Road",
        "kind": "road",
        "reading_status": "clear",
        "crop_id": "F22-R03C05",
        "raw_candidate_ids": [
          "F22-DETAIL-C05-SW-06",
          "F22-DETAIL-C05-SE-04",
          "F22-DETAIL-C05-ROAD-01"
        ],
        "source_label_boxes_xywh": [
          [
            6807,
            4650,
            183,
            148
          ],
          [
            6995,
            4566,
            89,
            101
          ]
        ],
        "review_status": "source-reviewed",
        "geometry": null,
        "placement_status": "deferred",
        "review_note": "Lower-edge full name completed in new native C05-ROAD context. Separate occurrence from F22-HAW-027.",
        "fit_revision": "a6619d96ba8fa8279ea6a8027654a92b15942b9d",
        "fit_sha256": "e96a8934ae42cc6dbc079e69afebb743c05decf0a61f19ac24eb620be48c32ed",
        "label_anchors": [
          {
            "box_index": 0,
            "source_pixel_xy": [
              6898.5,
              4724.0
            ],
            "covering_crop_ids": [
              "F22-R04C05"
            ],
            "inside_control_hull": true,
            "status": "derived-lettering-location",
            "projected_xy_m": [
              -6829091.49918455,
              5721145.54193751
            ],
            "lonlat": [
              -61.34677270368178,
              45.62932230652436
            ]
          },
          {
            "box_index": 1,
            "source_pixel_xy": [
              7039.5,
              4616.5
            ],
            "covering_crop_ids": [
              "F22-R03C05",
              "F22-R04C05"
            ],
            "inside_control_hull": true,
            "status": "derived-lettering-location",
            "projected_xy_m": [
              -6828387.02111162,
              5721726.90164075
            ],
            "lonlat": [
              -61.34044426947938,
              45.63297422946711
            ]
          }
        ],
        "geographic_role": "printed-lettering-only"
      }
    },
    {
      "type": "Feature",
      "id": "F22-HAW-161",
      "geometry": {
        "type": "MultiPoint",
        "coordinates": [
          [
            -61.29881952851173,
            45.668888296611826
          ]
        ]
      },
      "properties": {
        "id": "F22-HAW-161",
        "source_text": "Hector McDonald",
        "kind": "personal-name",
        "reading_status": "clear",
        "crop_id": "F22-R03C06",
        "raw_candidate_ids": [
          "F22-R03C06-01"
        ],
        "source_label_boxes_xywh": [
          [
            7849,
            3517,
            241,
            34
          ]
        ],
        "review_status": "source-reviewed",
        "geometry": null,
        "placement_status": "deferred",
        "review_note": "ASCII c represents printed superscript.",
        "fit_revision": "a6619d96ba8fa8279ea6a8027654a92b15942b9d",
        "fit_sha256": "e96a8934ae42cc6dbc079e69afebb743c05decf0a61f19ac24eb620be48c32ed",
        "label_anchors": [
          {
            "box_index": 0,
            "source_pixel_xy": [
              7969.5,
              3534.0
            ],
            "covering_crop_ids": [
              "F22-R03C06"
            ],
            "inside_control_hull": true,
            "status": "derived-lettering-location",
            "projected_xy_m": [
              -6823753.3761427,
              5727446.18058064
            ],
            "lonlat": [
              -61.29881952851173,
              45.668888296611826
            ]
          }
        ],
        "geographic_role": "printed-lettering-only"
      }
    },
    {
      "type": "Feature",
      "id": "F22-HAW-162",
      "geometry": {
        "type": "MultiPoint",
        "coordinates": [
          [
            -61.285199779527645,
            45.66115548650255
          ],
          [
            -61.28595729344898,
            45.65997613892787
          ]
        ]
      },
      "properties": {
        "id": "F22-HAW-162",
        "source_text": "Water flows\nN.E. and S.E.",
        "kind": "hydrology-annotation",
        "reading_status": "clear",
        "crop_id": "F22-R03C06",
        "raw_candidate_ids": [
          "F22-R03C06-05",
          "F22-DETAIL-RAILWAY-07"
        ],
        "source_label_boxes_xywh": [
          [
            8177,
            3763,
            189,
            36
          ],
          [
            8164,
            3799,
            181,
            36
          ]
        ],
        "review_status": "source-reviewed",
        "geometry": null,
        "placement_status": "deferred",
        "review_note": "Literal historical descriptive annotation; not a claim about present-day flow.",
        "fit_revision": "a6619d96ba8fa8279ea6a8027654a92b15942b9d",
        "fit_sha256": "e96a8934ae42cc6dbc079e69afebb743c05decf0a61f19ac24eb620be48c32ed",
        "label_anchors": [
          {
            "box_index": 0,
            "source_pixel_xy": [
              8271.5,
              3781.0
            ],
            "covering_crop_ids": [
              "F22-R03C06"
            ],
            "inside_control_hull": true,
            "status": "derived-lettering-location",
            "projected_xy_m": [
              -6822237.23262106,
              5726214.42851424
            ],
            "lonlat": [
              -61.285199779527645,
              45.66115548650255
            ]
          },
          {
            "box_index": 1,
            "source_pixel_xy": [
              8254.5,
              3817.0
            ],
            "covering_crop_ids": [
              "F22-R03C06"
            ],
            "inside_control_hull": true,
            "status": "derived-lettering-location",
            "projected_xy_m": [
              -6822321.55868505,
              5726026.58629777
            ],
            "lonlat": [
              -61.28595729344898,
              45.65997613892787
            ]
          }
        ],
        "geographic_role": "printed-lettering-only"
      }
    },
    {
      "type": "Feature",
      "id": "F22-HAW-163",
      "geometry": {
        "type": "MultiPoint",
        "coordinates": [
          [
            -61.31115013874611,
            45.6585934633633
          ]
        ]
      },
      "properties": {
        "id": "F22-HAW-163",
        "source_text": "J. McQuarrie",
        "kind": "personal-name",
        "reading_status": "clear",
        "crop_id": "F22-R03C06",
        "raw_candidate_ids": [
          "F22-R03C06-06",
          "F22-DETAIL-C05-NE-04"
        ],
        "source_label_boxes_xywh": [
          [
            7603,
            3829,
            185,
            36
          ]
        ],
        "review_status": "source-reviewed",
        "geometry": null,
        "placement_status": "deferred",
        "review_note": "Complete surname checked in native C06; ASCII c represents printed superscript.",
        "fit_revision": "a6619d96ba8fa8279ea6a8027654a92b15942b9d",
        "fit_sha256": "e96a8934ae42cc6dbc079e69afebb743c05decf0a61f19ac24eb620be48c32ed",
        "label_anchors": [
          {
            "box_index": 0,
            "source_pixel_xy": [
              7695.5,
              3847.0
            ],
            "covering_crop_ids": [
              "F22-R03C05",
              "F22-R03C06"
            ],
            "inside_control_hull": true,
            "status": "derived-lettering-location",
            "projected_xy_m": [
              -6825126.01339516,
              5725806.36377294
            ],
            "lonlat": [
              -61.31115013874611,
              45.6585934633633
            ]
          }
        ],
        "geographic_role": "printed-lettering-only"
      }
    },
    {
      "type": "Feature",
      "id": "F22-HAW-164",
      "geometry": {
        "type": "MultiPoint",
        "coordinates": [
          [
            -61.27936236909657,
            45.65517928992453
          ],
          [
            -61.278547101242445,
            45.65383674282408
          ]
        ]
      },
      "properties": {
        "id": "F22-HAW-164",
        "source_text": "Mc Intyre\nLake",
        "kind": "waterbody",
        "reading_status": "clear",
        "crop_id": "F22-R03C06",
        "raw_candidate_ids": [
          "F22-R03C06-07",
          "F22-DETAIL-RAILWAY-08"
        ],
        "source_label_boxes_xywh": [
          [
            8292,
            3945,
            218,
            45
          ],
          [
            8354,
            3990,
            130,
            38
          ]
        ],
        "review_status": "source-reviewed",
        "geometry": null,
        "placement_status": "deferred",
        "review_note": "ASCII c represents printed superscript.",
        "fit_revision": "a6619d96ba8fa8279ea6a8027654a92b15942b9d",
        "fit_sha256": "e96a8934ae42cc6dbc079e69afebb743c05decf0a61f19ac24eb620be48c32ed",
        "label_anchors": [
          {
            "box_index": 0,
            "source_pixel_xy": [
              8401.0,
              3967.5
            ],
            "covering_crop_ids": [
              "F22-R03C06"
            ],
            "inside_control_hull": true,
            "status": "derived-lettering-location",
            "projected_xy_m": [
              -6821587.41506432,
              5725262.602308
            ],
            "lonlat": [
              -61.27936236909657,
              45.65517928992453
            ]
          },
          {
            "box_index": 1,
            "source_pixel_xy": [
              8419.0,
              4009.0
            ],
            "covering_crop_ids": [
              "F22-R03C06"
            ],
            "inside_control_hull": true,
            "status": "derived-lettering-location",
            "projected_xy_m": [
              -6821496.65986194,
              5725048.78939357
            ],
            "lonlat": [
              -61.278547101242445,
              45.65383674282408
            ]
          }
        ],
        "geographic_role": "printed-lettering-only"
      }
    },
    {
      "type": "Feature",
      "id": "F22-HAW-165",
      "geometry": {
        "type": "MultiPoint",
        "coordinates": [
          [
            -61.286422226509046,
            45.65028115118685
          ]
        ]
      },
      "properties": {
        "id": "F22-HAW-165",
        "source_text": "Duff's Mills",
        "kind": "mill",
        "reading_status": "clear",
        "crop_id": "F22-R03C06",
        "raw_candidate_ids": [
          "F22-R03C06-08",
          "F22-DETAIL-RAILWAY-09"
        ],
        "source_label_boxes_xywh": [
          [
            8163,
            4097,
            159,
            35
          ]
        ],
        "review_status": "source-reviewed",
        "geometry": null,
        "placement_status": "deferred",
        "fit_revision": "a6619d96ba8fa8279ea6a8027654a92b15942b9d",
        "fit_sha256": "e96a8934ae42cc6dbc079e69afebb743c05decf0a61f19ac24eb620be48c32ed",
        "label_anchors": [
          {
            "box_index": 0,
            "source_pixel_xy": [
              8242.5,
              4114.5
            ],
            "covering_crop_ids": [
              "F22-R03C06"
            ],
            "inside_control_hull": true,
            "status": "derived-lettering-location",
            "projected_xy_m": [
              -6822373.31479655,
              5724482.55364208
            ],
            "lonlat": [
              -61.286422226509046,
              45.65028115118685
            ]
          }
        ],
        "geographic_role": "printed-lettering-only"
      }
    },
    {
      "type": "Feature",
      "id": "F22-HAW-166",
      "geometry": {
        "type": "MultiPoint",
        "coordinates": [
          [
            -61.296007200400645,
            45.64525285204206
          ]
        ]
      },
      "properties": {
        "id": "F22-HAW-166",
        "source_text": "School",
        "kind": "school",
        "reading_status": "clear",
        "crop_id": "F22-R03C06",
        "raw_candidate_ids": [
          "F22-R03C06-11",
          "F22-DETAIL-RAILWAY-10"
        ],
        "source_label_boxes_xywh": [
          [
            7983,
            4247,
            89,
            34
          ]
        ],
        "review_status": "source-reviewed",
        "geometry": null,
        "placement_status": "deferred",
        "fit_revision": "a6619d96ba8fa8279ea6a8027654a92b15942b9d",
        "fit_sha256": "e96a8934ae42cc6dbc079e69afebb743c05decf0a61f19ac24eb620be48c32ed",
        "label_anchors": [
          {
            "box_index": 0,
            "source_pixel_xy": [
              8027.5,
              4264.0
            ],
            "covering_crop_ids": [
              "F22-R03C06"
            ],
            "inside_control_hull": true,
            "status": "derived-lettering-location",
            "projected_xy_m": [
              -6823440.30920943,
              5723681.84735433
            ],
            "lonlat": [
              -61.296007200400645,
              45.64525285204206
            ]
          }
        ],
        "geographic_role": "printed-lettering-only"
      }
    },
    {
      "type": "Feature",
      "id": "F22-HAW-167",
      "geometry": {
        "type": "MultiPoint",
        "coordinates": [
          [
            -61.28460069076597,
            45.641579807221824
          ],
          [
            -61.284136017230004,
            45.64019143567271
          ],
          [
            -61.283515726489654,
            45.638886498093825
          ]
        ]
      },
      "properties": {
        "id": "F22-HAW-167",
        "source_text": "Beaver\nDam\nLake",
        "kind": "waterbody",
        "reading_status": "clear",
        "crop_id": "F22-R03C06",
        "raw_candidate_ids": [
          "F22-R03C06-12",
          "F22-DETAIL-RAILWAY-11"
        ],
        "source_label_boxes_xywh": [
          [
            8217,
            4360,
            128,
            42
          ],
          [
            8247,
            4406,
            88,
            35
          ],
          [
            8258,
            4444,
            93,
            39
          ]
        ],
        "review_status": "source-reviewed",
        "geometry": null,
        "placement_status": "deferred",
        "review_note": "Separate southern lake name from F22-HAW-086.",
        "fit_revision": "a6619d96ba8fa8279ea6a8027654a92b15942b9d",
        "fit_sha256": "e96a8934ae42cc6dbc079e69afebb743c05decf0a61f19ac24eb620be48c32ed",
        "label_anchors": [
          {
            "box_index": 0,
            "source_pixel_xy": [
              8281.0,
              4381.0
            ],
            "covering_crop_ids": [
              "F22-R03C06"
            ],
            "inside_control_hull": true,
            "status": "derived-lettering-location",
            "projected_xy_m": [
              -6822170.54236517,
              5723096.9971709
            ],
            "lonlat": [
              -61.28460069076597,
              45.641579807221824
            ]
          },
          {
            "box_index": 1,
            "source_pixel_xy": [
              8291.0,
              4423.5
            ],
            "covering_crop_ids": [
              "F22-R03C06"
            ],
            "inside_control_hull": true,
            "status": "derived-lettering-location",
            "projected_xy_m": [
              -6822118.81514376,
              5722875.9400596
            ],
            "lonlat": [
              -61.284136017230004,
              45.64019143567271
            ]
          },
          {
            "box_index": 2,
            "source_pixel_xy": [
              8304.5,
              4463.5
            ],
            "covering_crop_ids": [
              "F22-R03C06"
            ],
            "inside_control_hull": true,
            "status": "derived-lettering-location",
            "projected_xy_m": [
              -6822049.7646944,
              5722668.1723344
            ],
            "lonlat": [
              -61.283515726489654,
              45.638886498093825
            ]
          }
        ],
        "geographic_role": "printed-lettering-only"
      }
    },
    {
      "type": "Feature",
      "id": "F22-HAW-168",
      "geometry": {
        "type": "MultiPoint",
        "coordinates": [
          [
            -61.306158299385714,
            45.64723932524264
          ]
        ]
      },
      "properties": {
        "id": "F22-HAW-168",
        "source_text": "Little River",
        "kind": "stream",
        "reading_status": "clear",
        "crop_id": "F22-R03C06",
        "raw_candidate_ids": [
          "F22-R03C06-13"
        ],
        "source_label_boxes_xywh": [
          [
            7723,
            4105,
            159,
            187
          ]
        ],
        "review_status": "source-reviewed",
        "geometry": null,
        "placement_status": "deferred",
        "fit_revision": "a6619d96ba8fa8279ea6a8027654a92b15942b9d",
        "fit_sha256": "e96a8934ae42cc6dbc079e69afebb743c05decf0a61f19ac24eb620be48c32ed",
        "label_anchors": [
          {
            "box_index": 0,
            "source_pixel_xy": [
              7802.5,
              4198.5
            ],
            "covering_crop_ids": [
              "F22-R03C06"
            ],
            "inside_control_hull": true,
            "status": "derived-lettering-location",
            "projected_xy_m": [
              -6824570.32437944,
              5723998.16473108
            ],
            "lonlat": [
              -61.306158299385714,
              45.64723932524264
            ]
          }
        ],
        "geographic_role": "printed-lettering-only"
      }
    },
    {
      "type": "Feature",
      "id": "F22-HAW-169",
      "geometry": {
        "type": "MultiPoint",
        "coordinates": [
          [
            -61.27400235169649,
            45.63921510761652
          ],
          [
            -61.264535725379204,
            45.64397917666431
          ],
          [
            -61.25841446878897,
            45.647087479044856
          ],
          [
            -61.250570166282486,
            45.64849199638119
          ]
        ]
      },
      "properties": {
        "id": "F22-HAW-169",
        "source_text": "PROPOSED RAILWAY TO LOUISBURG",
        "kind": "proposed-railway-label",
        "reading_status": "clear",
        "crop_id": "F22-R03C06",
        "raw_candidate_ids": [
          "F22-R03C06-10",
          "F22-R03C06-14",
          "F22-R03C07-11",
          "F22-R03C07-12",
          "F22-DETAIL-RAILWAY-13",
          "F22-DETAIL-INHABITANTS-09"
        ],
        "source_label_boxes_xywh": [
          [
            8423,
            4390,
            189,
            134
          ],
          [
            8663,
            4243,
            135,
            144
          ],
          [
            8839,
            4199,
            58,
            46
          ],
          [
            8944,
            4136,
            199,
            90
          ]
        ],
        "review_status": "source-reviewed",
        "geometry": null,
        "placement_status": "deferred",
        "review_note": "Full four-word route annotation spans C06/C07; source remains proposed, with no inference of construction.",
        "fit_revision": "a6619d96ba8fa8279ea6a8027654a92b15942b9d",
        "fit_sha256": "e96a8934ae42cc6dbc079e69afebb743c05decf0a61f19ac24eb620be48c32ed",
        "label_anchors": [
          {
            "box_index": 0,
            "source_pixel_xy": [
              8517.5,
              4457.0
            ],
            "covering_crop_ids": [
              "F22-R03C06"
            ],
            "inside_control_hull": true,
            "status": "derived-lettering-location",
            "projected_xy_m": [
              -6820990.7406567,
              5722720.49196967
            ],
            "lonlat": [
              -61.27400235169649,
              45.63921510761652
            ]
          },
          {
            "box_index": 1,
            "source_pixel_xy": [
              8730.5,
              4315.0
            ],
            "covering_crop_ids": [
              "F22-R03C06",
              "F22-R03C07"
            ],
            "inside_control_hull": true,
            "status": "derived-lettering-location",
            "projected_xy_m": [
              -6819936.92063553,
              5723479.03871287
            ],
            "lonlat": [
              -61.264535725379204,
              45.64397917666431
            ]
          },
          {
            "box_index": 2,
            "source_pixel_xy": [
              8868.0,
              4222.0
            ],
            "covering_crop_ids": [
              "F22-R03C06",
              "F22-R03C07"
            ],
            "inside_control_hull": true,
            "status": "derived-lettering-location",
            "projected_xy_m": [
              -6819255.50546889,
              5723973.98500518
            ],
            "lonlat": [
              -61.25841446878897,
              45.647087479044856
            ]
          },
          {
            "box_index": 3,
            "source_pixel_xy": [
              9043.5,
              4181.0
            ],
            "covering_crop_ids": [
              "F22-R03C07"
            ],
            "inside_control_hull": true,
            "status": "derived-lettering-location",
            "projected_xy_m": [
              -6818382.28170824,
              5724197.64041738
            ],
            "lonlat": [
              -61.250570166282486,
              45.64849199638119
            ]
          }
        ],
        "geographic_role": "printed-lettering-only"
      }
    },
    {
      "type": "Feature",
      "id": "F22-HAW-170",
      "geometry": {
        "type": "MultiPoint",
        "coordinates": [
          [
            -61.263193905926244,
            45.65638738715612
          ],
          [
            -61.2494240484527,
            45.66426695362745
          ]
        ]
      },
      "properties": {
        "id": "F22-HAW-170",
        "source_text": "COUNTY LINE",
        "kind": "administrative-boundary-label",
        "reading_status": "clear",
        "crop_id": "F22-R03C06",
        "raw_candidate_ids": [
          "F22-R03C06-09",
          "F22-R03C07-09",
          "F22-R03C07-10",
          "F22-DETAIL-INHABITANTS-08",
          "F22-DETAIL-RAILWAY-12"
        ],
        "source_label_boxes_xywh": [
          [
            8630,
            3830,
            265,
            213
          ],
          [
            8986,
            3626,
            169,
            143
          ]
        ],
        "review_status": "source-reviewed",
        "geometry": null,
        "placement_status": "deferred",
        "review_note": "One generic boundary annotation, not a county name or modern boundary assertion.",
        "fit_revision": "a6619d96ba8fa8279ea6a8027654a92b15942b9d",
        "fit_sha256": "e96a8934ae42cc6dbc079e69afebb743c05decf0a61f19ac24eb620be48c32ed",
        "label_anchors": [
          {
            "box_index": 0,
            "source_pixel_xy": [
              8762.5,
              3936.5
            ],
            "covering_crop_ids": [
              "F22-R03C06",
              "F22-R03C07"
            ],
            "inside_control_hull": true,
            "status": "derived-lettering-location",
            "projected_xy_m": [
              -6819787.54997729,
              5725455.00723184
            ],
            "lonlat": [
              -61.263193905926244,
              45.65638738715612
            ]
          },
          {
            "box_index": 1,
            "source_pixel_xy": [
              9070.5,
              3697.5
            ],
            "covering_crop_ids": [
              "F22-R03C07"
            ],
            "inside_control_hull": true,
            "status": "derived-lettering-location",
            "projected_xy_m": [
              -6818254.69645504,
              5726710.03073592
            ],
            "lonlat": [
              -61.2494240484527,
              45.66426695362745
            ]
          }
        ],
        "geographic_role": "printed-lettering-only"
      }
    },
    {
      "type": "Feature",
      "id": "F22-HAW-171",
      "geometry": {
        "type": "MultiPoint",
        "coordinates": [
          [
            -61.30307743380309,
            45.63511787449093
          ]
        ]
      },
      "properties": {
        "id": "F22-HAW-171",
        "source_text": "J. McVicar",
        "kind": "personal-name",
        "reading_status": "clear",
        "crop_id": "F22-R03C06",
        "raw_candidate_ids": [
          "F22-R03C06-18",
          "F22-DETAIL-C06-BOTTOM-02"
        ],
        "source_label_boxes_xywh": [
          [
            7795,
            4553,
            143,
            34
          ]
        ],
        "review_status": "source-reviewed",
        "geometry": null,
        "placement_status": "deferred",
        "review_note": "Reject first-pass McVean; native lower context reads McVicar.",
        "fit_revision": "a6619d96ba8fa8279ea6a8027654a92b15942b9d",
        "fit_sha256": "e96a8934ae42cc6dbc079e69afebb743c05decf0a61f19ac24eb620be48c32ed",
        "label_anchors": [
          {
            "box_index": 0,
            "source_pixel_xy": [
              7866.5,
              4570.0
            ],
            "covering_crop_ids": [
              "F22-R03C06",
              "F22-R04C06"
            ],
            "inside_control_hull": true,
            "status": "derived-lettering-location",
            "projected_xy_m": [
              -6824227.36399158,
              5722068.1720597
            ],
            "lonlat": [
              -61.30307743380309,
              45.63511787449093
            ]
          }
        ],
        "geographic_role": "printed-lettering-only"
      }
    },
    {
      "type": "Feature",
      "id": "F22-HAW-172",
      "geometry": {
        "type": "MultiPoint",
        "coordinates": [
          [
            -61.30901537335015,
            45.631843096909485
          ]
        ]
      },
      "properties": {
        "id": "F22-HAW-172",
        "source_text": "Kiln",
        "kind": "kiln",
        "reading_status": "clear",
        "crop_id": "F22-R03C06",
        "raw_candidate_ids": [
          "F22-R03C06-17",
          "F22-DETAIL-C06-BOTTOM-03"
        ],
        "source_label_boxes_xywh": [
          [
            7697,
            4650,
            72,
            34
          ]
        ],
        "review_status": "source-reviewed",
        "geometry": null,
        "placement_status": "deferred",
        "review_note": "Complete lettering checked in new lower context; reject model Kin fragment.",
        "fit_revision": "a6619d96ba8fa8279ea6a8027654a92b15942b9d",
        "fit_sha256": "e96a8934ae42cc6dbc079e69afebb743c05decf0a61f19ac24eb620be48c32ed",
        "label_anchors": [
          {
            "box_index": 0,
            "source_pixel_xy": [
              7733.0,
              4667.0
            ],
            "covering_crop_ids": [
              "F22-R03C06",
              "F22-R04C06"
            ],
            "inside_control_hull": true,
            "status": "derived-lettering-location",
            "projected_xy_m": [
              -6824888.37239832,
              5721546.82947423
            ],
            "lonlat": [
              -61.30901537335015,
              45.631843096909485
            ]
          }
        ],
        "geographic_role": "printed-lettering-only"
      }
    },
    {
      "type": "Feature",
      "id": "F22-HAW-173",
      "geometry": {
        "type": "MultiPoint",
        "coordinates": [
          [
            -61.23925103444753,
            45.667448993528815
          ]
        ]
      },
      "properties": {
        "id": "F22-HAW-173",
        "source_text": "School",
        "kind": "school",
        "reading_status": "clear",
        "crop_id": "F22-R03C07",
        "raw_candidate_ids": [
          "F22-R03C07-05",
          "F22-DETAIL-INHABITANTS-04"
        ],
        "source_label_boxes_xywh": [
          [
            9255,
            3585,
            84,
            29
          ]
        ],
        "review_status": "source-reviewed",
        "geometry": null,
        "placement_status": "deferred",
        "fit_revision": "a6619d96ba8fa8279ea6a8027654a92b15942b9d",
        "fit_sha256": "e96a8934ae42cc6dbc079e69afebb743c05decf0a61f19ac24eb620be48c32ed",
        "label_anchors": [
          {
            "box_index": 0,
            "source_pixel_xy": [
              9297.0,
              3599.5
            ],
            "covering_crop_ids": [
              "F22-R03C07"
            ],
            "inside_control_hull": true,
            "status": "derived-lettering-location",
            "projected_xy_m": [
              -6817122.24171615,
              5727216.90245527
            ],
            "lonlat": [
              -61.23925103444753,
              45.667448993528815
            ]
          }
        ],
        "geographic_role": "printed-lettering-only"
      }
    },
    {
      "type": "Feature",
      "id": "F22-HAW-174",
      "geometry": {
        "type": "MultiPoint",
        "coordinates": [
          [
            -61.23502550490361,
            45.66684785616989
          ]
        ]
      },
      "properties": {
        "id": "F22-HAW-174",
        "source_text": "Church",
        "kind": "church",
        "reading_status": "clear",
        "crop_id": "F22-R03C07",
        "raw_candidate_ids": [
          "F22-R03C07-06",
          "F22-DETAIL-INHABITANTS-05"
        ],
        "source_label_boxes_xywh": [
          [
            9347,
            3606,
            88,
            24
          ]
        ],
        "review_status": "source-reviewed",
        "geometry": null,
        "placement_status": "deferred",
        "fit_revision": "a6619d96ba8fa8279ea6a8027654a92b15942b9d",
        "fit_sha256": "e96a8934ae42cc6dbc079e69afebb743c05decf0a61f19ac24eb620be48c32ed",
        "label_anchors": [
          {
            "box_index": 0,
            "source_pixel_xy": [
              9391.0,
              3618.0
            ],
            "covering_crop_ids": [
              "F22-R03C07"
            ],
            "inside_control_hull": false,
            "status": "derived-lettering-location",
            "projected_xy_m": [
              -6816651.85791899,
              5727121.14421204
            ],
            "lonlat": [
              -61.23502550490361,
              45.66684785616989
            ]
          }
        ],
        "geographic_role": "printed-lettering-only"
      }
    },
    {
      "type": "Feature",
      "id": "F22-HAW-175",
      "geometry": {
        "type": "MultiPoint",
        "coordinates": [
          [
            -61.23140339091614,
            45.66727512898701
          ]
        ]
      },
      "properties": {
        "id": "F22-HAW-175",
        "source_text": "P.O.",
        "kind": "post-office",
        "reading_status": "clear",
        "crop_id": "F22-R03C07",
        "raw_candidate_ids": [
          "F22-R03C07-07"
        ],
        "source_label_boxes_xywh": [
          [
            9435,
            3587,
            73,
            35
          ]
        ],
        "review_status": "source-reviewed",
        "geometry": null,
        "placement_status": "deferred",
        "fit_revision": "a6619d96ba8fa8279ea6a8027654a92b15942b9d",
        "fit_sha256": "e96a8934ae42cc6dbc079e69afebb743c05decf0a61f19ac24eb620be48c32ed",
        "label_anchors": [
          {
            "box_index": 0,
            "source_pixel_xy": [
              9471.5,
              3604.5
            ],
            "covering_crop_ids": [
              "F22-R03C07"
            ],
            "inside_control_hull": false,
            "status": "derived-lettering-location",
            "projected_xy_m": [
              -6816248.64603431,
              5727189.20657782
            ],
            "lonlat": [
              -61.23140339091614,
              45.66727512898701
            ]
          }
        ],
        "geographic_role": "printed-lettering-only"
      }
    },
    {
      "type": "Feature",
      "id": "F22-HAW-176",
      "geometry": {
        "type": "MultiPoint",
        "coordinates": [
          [
            -61.23018273779573,
            45.66903677410051
          ]
        ]
      },
      "properties": {
        "id": "F22-HAW-176",
        "source_text": "Forge",
        "kind": "forge",
        "reading_status": "clear",
        "crop_id": "F22-R03C07",
        "raw_candidate_ids": [
          "F22-R03C07-08",
          "F22-DETAIL-INHABITANTS-03"
        ],
        "source_label_boxes_xywh": [
          [
            9454,
            3532,
            89,
            35
          ]
        ],
        "review_status": "source-reviewed",
        "geometry": null,
        "placement_status": "deferred",
        "fit_revision": "a6619d96ba8fa8279ea6a8027654a92b15942b9d",
        "fit_sha256": "e96a8934ae42cc6dbc079e69afebb743c05decf0a61f19ac24eb620be48c32ed",
        "label_anchors": [
          {
            "box_index": 0,
            "source_pixel_xy": [
              9498.5,
              3549.5
            ],
            "covering_crop_ids": [
              "F22-R03C07"
            ],
            "inside_control_hull": false,
            "status": "derived-lettering-location",
            "projected_xy_m": [
              -6816112.76355051,
              5727469.83308545
            ],
            "lonlat": [
              -61.23018273779573,
              45.66903677410051
            ]
          }
        ],
        "geographic_role": "printed-lettering-only"
      }
    },
    {
      "type": "Feature",
      "id": "F22-HAW-177",
      "geometry": {
        "type": "MultiPoint",
        "coordinates": [
          [
            -61.22272474902185,
            45.665074484181716
          ]
        ]
      },
      "properties": {
        "id": "F22-HAW-177",
        "source_text": "90 FT",
        "kind": "spot-height-label",
        "reading_status": "clear",
        "crop_id": "F22-R03C07",
        "raw_candidate_ids": [
          "F22-DETAIL-INHABITANTS-17"
        ],
        "source_label_boxes_xywh": [
          [
            9614,
            3655,
            101,
            35
          ]
        ],
        "review_status": "source-reviewed",
        "geometry": null,
        "placement_status": "deferred",
        "review_note": "Missed in original first pass; visible next to eastern neatline.",
        "fit_revision": "a6619d96ba8fa8279ea6a8027654a92b15942b9d",
        "fit_sha256": "e96a8934ae42cc6dbc079e69afebb743c05decf0a61f19ac24eb620be48c32ed",
        "label_anchors": [
          {
            "box_index": 0,
            "source_pixel_xy": [
              9664.5,
              3672.5
            ],
            "covering_crop_ids": [
              "F22-R03C07"
            ],
            "inside_control_hull": false,
            "status": "derived-lettering-location",
            "projected_xy_m": [
              -6815282.54403786,
              5726838.66071298
            ],
            "lonlat": [
              -61.22272474902185,
              45.665074484181716
            ]
          }
        ],
        "geographic_role": "printed-lettering-only"
      }
    },
    {
      "type": "Feature",
      "id": "F22-HAW-178",
      "geometry": {
        "type": "MultiPoint",
        "coordinates": [
          [
            -61.23696139226776,
            45.653054929235005
          ]
        ]
      },
      "properties": {
        "id": "F22-HAW-178",
        "source_text": "80 FT",
        "kind": "spot-height-label",
        "reading_status": "clear",
        "crop_id": "F22-R03C07",
        "raw_candidate_ids": [
          "F22-R03C07-13",
          "F22-DETAIL-INHABITANTS-16"
        ],
        "source_label_boxes_xywh": [
          [
            9294,
            4024,
            107,
            39
          ]
        ],
        "review_status": "source-reviewed",
        "geometry": null,
        "placement_status": "deferred",
        "fit_revision": "a6619d96ba8fa8279ea6a8027654a92b15942b9d",
        "fit_sha256": "e96a8934ae42cc6dbc079e69afebb743c05decf0a61f19ac24eb620be48c32ed",
        "label_anchors": [
          {
            "box_index": 0,
            "source_pixel_xy": [
              9347.5,
              4043.5
            ],
            "covering_crop_ids": [
              "F22-R03C07"
            ],
            "inside_control_hull": false,
            "status": "derived-lettering-location",
            "projected_xy_m": [
              -6816867.3599146,
              5724924.28078491
            ],
            "lonlat": [
              -61.23696139226776,
              45.653054929235005
            ]
          }
        ],
        "geographic_role": "printed-lettering-only"
      }
    },
    {
      "type": "Feature",
      "id": "F22-HAW-179",
      "geometry": {
        "type": "MultiPoint",
        "coordinates": [
          [
            -61.23725315707937,
            45.64846870535076
          ]
        ]
      },
      "properties": {
        "id": "F22-HAW-179",
        "source_text": "Cemetery",
        "kind": "cemetery",
        "reading_status": "clear",
        "crop_id": "F22-R03C07",
        "raw_candidate_ids": [
          "F22-R03C07-14",
          "F22-DETAIL-INHABITANTS-11"
        ],
        "source_label_boxes_xywh": [
          [
            9275,
            4162,
            131,
            44
          ]
        ],
        "review_status": "source-reviewed",
        "geometry": null,
        "placement_status": "deferred",
        "fit_revision": "a6619d96ba8fa8279ea6a8027654a92b15942b9d",
        "fit_sha256": "e96a8934ae42cc6dbc079e69afebb743c05decf0a61f19ac24eb620be48c32ed",
        "label_anchors": [
          {
            "box_index": 0,
            "source_pixel_xy": [
              9340.5,
              4184.0
            ],
            "covering_crop_ids": [
              "F22-R03C07"
            ],
            "inside_control_hull": false,
            "status": "derived-lettering-location",
            "projected_xy_m": [
              -6816899.83902486,
              5724193.93150678
            ],
            "lonlat": [
              -61.23725315707937,
              45.64846870535076
            ]
          }
        ],
        "geographic_role": "printed-lettering-only"
      }
    },
    {
      "type": "Feature",
      "id": "F22-HAW-180",
      "geometry": {
        "type": "MultiPoint",
        "coordinates": [
          [
            -61.23326637674211,
            45.646282321886325
          ]
        ]
      },
      "properties": {
        "id": "F22-HAW-180",
        "source_text": "Grant Point",
        "kind": "point",
        "reading_status": "clear",
        "crop_id": "F22-R03C07",
        "raw_candidate_ids": [
          "F22-R03C07-15",
          "F22-DETAIL-INHABITANTS-12"
        ],
        "source_label_boxes_xywh": [
          [
            9320,
            4230,
            218,
            43
          ]
        ],
        "review_status": "source-reviewed",
        "geometry": null,
        "placement_status": "deferred",
        "fit_revision": "a6619d96ba8fa8279ea6a8027654a92b15942b9d",
        "fit_sha256": "e96a8934ae42cc6dbc079e69afebb743c05decf0a61f19ac24eb620be48c32ed",
        "label_anchors": [
          {
            "box_index": 0,
            "source_pixel_xy": [
              9429.0,
              4251.5
            ],
            "covering_crop_ids": [
              "F22-R03C07"
            ],
            "inside_control_hull": false,
            "status": "derived-lettering-location",
            "projected_xy_m": [
              -6816456.03266781,
              5723845.77426705
            ],
            "lonlat": [
              -61.23326637674211,
              45.646282321886325
            ]
          }
        ],
        "geographic_role": "printed-lettering-only"
      }
    },
    {
      "type": "Feature",
      "id": "F22-HAW-181",
      "geometry": null,
      "properties": {
        "id": "F22-HAW-181",
        "source_text": "Rapids",
        "kind": "rapids",
        "reading_status": "clear",
        "crop_id": "F22-R03C07",
        "raw_candidate_ids": [
          "F22-R03C07-16",
          "F22-DETAIL-INHABITANTS-10"
        ],
        "source_label_boxes_xywh": [
          [
            9670,
            4135,
            100,
            35
          ]
        ],
        "review_status": "source-reviewed",
        "geometry": null,
        "placement_status": "deferred",
        "review_note": "Printed word extends beyond neatline but remains inside native scan.",
        "fit_revision": "a6619d96ba8fa8279ea6a8027654a92b15942b9d",
        "fit_sha256": "e96a8934ae42cc6dbc079e69afebb743c05decf0a61f19ac24eb620be48c32ed",
        "label_anchors": [
          {
            "box_index": 0,
            "source_pixel_xy": [
              9720.0,
              4152.5
            ],
            "covering_crop_ids": [
              "F22-R03C07"
            ],
            "inside_control_hull": false,
            "status": "outside-fit-neatline",
            "projected_xy_m": null,
            "lonlat": null
          }
        ],
        "geographic_role": "printed-lettering-only"
      }
    },
    {
      "type": "Feature",
      "id": "F22-HAW-182",
      "geometry": {
        "type": "MultiPoint",
        "coordinates": [
          [
            -61.24760443281482,
            45.63826191566442
          ]
        ]
      },
      "properties": {
        "id": "F22-HAW-182",
        "source_text": "School",
        "kind": "school",
        "reading_status": "clear",
        "crop_id": "F22-R03C07",
        "raw_candidate_ids": [
          "F22-R03C07-17",
          "F22-DETAIL-INHABITANTS-14"
        ],
        "source_label_boxes_xywh": [
          [
            9061,
            4478,
            94,
            31
          ]
        ],
        "review_status": "source-reviewed",
        "geometry": null,
        "placement_status": "deferred",
        "fit_revision": "a6619d96ba8fa8279ea6a8027654a92b15942b9d",
        "fit_sha256": "e96a8934ae42cc6dbc079e69afebb743c05decf0a61f19ac24eb620be48c32ed",
        "label_anchors": [
          {
            "box_index": 0,
            "source_pixel_xy": [
              9108.0,
              4493.5
            ],
            "covering_crop_ids": [
              "F22-R03C07",
              "F22-R04C07"
            ],
            "inside_control_hull": true,
            "status": "derived-lettering-location",
            "projected_xy_m": [
              -6818052.13776879,
              5722568.73015547
            ],
            "lonlat": [
              -61.24760443281482,
              45.63826191566442
            ]
          }
        ],
        "geographic_role": "printed-lettering-only"
      }
    },
    {
      "type": "Feature",
      "id": "F22-HAW-183",
      "geometry": {
        "type": "MultiPoint",
        "coordinates": [
          [
            -61.23391814814146,
            45.636971004964025
          ]
        ]
      },
      "properties": {
        "id": "F22-HAW-183",
        "source_text": "Long Point",
        "kind": "point",
        "reading_status": "clear",
        "crop_id": "F22-R03C07",
        "raw_candidate_ids": [
          "F22-R03C07-18",
          "F22-DETAIL-INHABITANTS-13"
        ],
        "source_label_boxes_xywh": [
          [
            9321,
            4516,
            184,
            40
          ]
        ],
        "review_status": "source-reviewed",
        "geometry": null,
        "placement_status": "deferred",
        "fit_revision": "a6619d96ba8fa8279ea6a8027654a92b15942b9d",
        "fit_sha256": "e96a8934ae42cc6dbc079e69afebb743c05decf0a61f19ac24eb620be48c32ed",
        "label_anchors": [
          {
            "box_index": 0,
            "source_pixel_xy": [
              9413.0,
              4536.0
            ],
            "covering_crop_ids": [
              "F22-R03C07",
              "F22-R04C07"
            ],
            "inside_control_hull": false,
            "status": "derived-lettering-location",
            "projected_xy_m": [
              -6816528.5875281,
              5722363.20279404
            ],
            "lonlat": [
              -61.23391814814146,
              45.636971004964025
            ]
          }
        ],
        "geographic_role": "printed-lettering-only"
      }
    },
    {
      "type": "Feature",
      "id": "F22-HAW-184",
      "geometry": {
        "type": "MultiPoint",
        "coordinates": [
          [
            -61.22236280156097,
            45.636630558203294
          ]
        ]
      },
      "properties": {
        "id": "F22-HAW-184",
        "source_text": "70 FT",
        "kind": "spot-height-label",
        "reading_status": "clear",
        "crop_id": "F22-R03C07",
        "raw_candidate_ids": [
          "F22-R03C07-19",
          "F22-DETAIL-INHABITANTS-18"
        ],
        "source_label_boxes_xywh": [
          [
            9625,
            4530,
            90,
            38
          ]
        ],
        "review_status": "source-reviewed",
        "geometry": null,
        "placement_status": "deferred",
        "fit_revision": "a6619d96ba8fa8279ea6a8027654a92b15942b9d",
        "fit_sha256": "e96a8934ae42cc6dbc079e69afebb743c05decf0a61f19ac24eb620be48c32ed",
        "label_anchors": [
          {
            "box_index": 0,
            "source_pixel_xy": [
              9670.0,
              4549.0
            ],
            "covering_crop_ids": [
              "F22-R03C07",
              "F22-R04C07"
            ],
            "inside_control_hull": false,
            "status": "derived-lettering-location",
            "projected_xy_m": [
              -6815242.25223082,
              5722309.0006669
            ],
            "lonlat": [
              -61.22236280156097,
              45.636630558203294
            ]
          }
        ],
        "geographic_role": "printed-lettering-only"
      }
    },
    {
      "type": "Feature",
      "id": "F22-HAW-185",
      "geometry": {
        "type": "MultiPoint",
        "coordinates": [
          [
            -61.234116804182115,
            45.64237099161633
          ],
          [
            -61.23275895608084,
            45.640907104019036
          ],
          [
            -61.231471297266836,
            45.63991759477697
          ],
          [
            -61.229844148969896,
            45.63868554330446
          ],
          [
            -61.22859532542166,
            45.63710821754124
          ],
          [
            -61.23747934881821,
            45.625210485677194
          ],
          [
            -61.23564551462067,
            45.62396944577197
          ],
          [
            -61.23322195007553,
            45.62239280969147
          ],
          [
            -61.23258065218671,
            45.619916409599554
          ],
          [
            -61.23294569125085,
            45.617300024007484
          ],
          [
            -61.23326528472372,
            45.61476724289159
          ],
          [
            -61.231220520157436,
            45.613225724805886
          ],
          [
            -61.228535697377175,
            45.61242643638339
          ],
          [
            -61.22609133811366,
            45.61126657551232
          ],
          [
            -61.226727917873724,
            45.608929973507514
          ],
          [
            -61.227947368930074,
            45.60657055668792
          ]
        ]
      },
      "properties": {
        "id": "F22-HAW-185",
        "source_text": "RIVER INHABITANTS",
        "kind": "river",
        "reading_status": "tentative",
        "crop_id": "F22-R03C07",
        "raw_candidate_ids": [
          "F22-DETAIL-C07-RIVER-01",
          "F22-DETAIL-C07-RIVER-06"
        ],
        "source_label_boxes_xywh": [
          [
            9380,
            4342,
            59,
            58
          ],
          [
            9415,
            4389,
            49,
            54
          ],
          [
            9437,
            4418,
            62,
            57
          ],
          [
            9474,
            4455,
            60,
            59
          ],
          [
            9503,
            4503,
            57,
            60
          ],
          [
            9304,
            4871,
            54,
            46
          ],
          [
            9342,
            4905,
            59,
            55
          ],
          [
            9403,
            4959,
            44,
            45
          ],
          [
            9410,
            5026,
            57,
            63
          ],
          [
            9401,
            5109,
            57,
            57
          ],
          [
            9393,
            5189,
            57,
            52
          ],
          [
            9436,
            5234,
            61,
            58
          ],
          [
            9496,
            5260,
            60,
            57
          ],
          [
            9551,
            5294,
            58,
            62
          ],
          [
            9536,
            5365,
            58,
            63
          ],
          [
            9507,
            5438,
            60,
            61
          ]
        ],
        "review_status": "source-reviewed",
        "geometry": null,
        "placement_status": "deferred",
        "review_note": "Large river title assembled across rows 3–4; H is partly obscured by a red geological code and remains tentative. Distinct from the bridge alternative-name annotation F22-HAW-095.",
        "fit_revision": "a6619d96ba8fa8279ea6a8027654a92b15942b9d",
        "fit_sha256": "e96a8934ae42cc6dbc079e69afebb743c05decf0a61f19ac24eb620be48c32ed",
        "label_anchors": [
          {
            "box_index": 0,
            "source_pixel_xy": [
              9409.5,
              4371.0
            ],
            "covering_crop_ids": [
              "F22-R03C07"
            ],
            "inside_control_hull": false,
            "status": "derived-lettering-location",
            "projected_xy_m": [
              -6816550.70181739,
              5723222.97233857
            ],
            "lonlat": [
              -61.234116804182115,
              45.64237099161633
            ]
          },
          {
            "box_index": 1,
            "source_pixel_xy": [
              9439.5,
              4416.0
            ],
            "covering_crop_ids": [
              "F22-R03C07"
            ],
            "inside_control_hull": false,
            "status": "derived-lettering-location",
            "projected_xy_m": [
              -6816399.54685818,
              5722989.88839544
            ],
            "lonlat": [
              -61.23275895608084,
              45.640907104019036
            ]
          },
          {
            "box_index": 2,
            "source_pixel_xy": [
              9468.0,
              4446.5
            ],
            "covering_crop_ids": [
              "F22-R03C07"
            ],
            "inside_control_hull": false,
            "status": "derived-lettering-location",
            "projected_xy_m": [
              -6816256.20533469,
              5722832.33964192
            ],
            "lonlat": [
              -61.231471297266836,
              45.63991759477697
            ]
          },
          {
            "box_index": 3,
            "source_pixel_xy": [
              9504.0,
              4484.5
            ],
            "covering_crop_ids": [
              "F22-R03C07",
              "F22-R04C07"
            ],
            "inside_control_hull": false,
            "status": "derived-lettering-location",
            "projected_xy_m": [
              -6816075.07201483,
              5722636.17742593
            ],
            "lonlat": [
              -61.229844148969896,
              45.63868554330446
            ]
          },
          {
            "box_index": 4,
            "source_pixel_xy": [
              9531.5,
              4533.0
            ],
            "covering_crop_ids": [
              "F22-R03C07",
              "F22-R04C07"
            ],
            "inside_control_hull": false,
            "status": "derived-lettering-location",
            "projected_xy_m": [
              -6815936.05361335,
              5722385.04833969
            ],
            "lonlat": [
              -61.22859532542166,
              45.63710821754124
            ]
          },
          {
            "box_index": 5,
            "source_pixel_xy": [
              9331.0,
              4894.0
            ],
            "covering_crop_ids": [
              "F22-R04C07"
            ],
            "inside_control_hull": false,
            "status": "derived-lettering-location",
            "projected_xy_m": [
              -6816925.01857405,
              5720491.01514764
            ],
            "lonlat": [
              -61.23747934881821,
              45.625210485677194
            ]
          },
          {
            "box_index": 6,
            "source_pixel_xy": [
              9371.5,
              4932.5
            ],
            "covering_crop_ids": [
              "F22-R04C07"
            ],
            "inside_control_hull": false,
            "status": "derived-lettering-location",
            "projected_xy_m": [
              -6816720.87708498,
              5720293.47369013
            ],
            "lonlat": [
              -61.23564551462067,
              45.62396944577197
            ]
          },
          {
            "box_index": 7,
            "source_pixel_xy": [
              9425.0,
              4981.5
            ],
            "covering_crop_ids": [
              "F22-R04C07"
            ],
            "inside_control_hull": false,
            "status": "derived-lettering-location",
            "projected_xy_m": [
              -6816451.08711391,
              5720042.5203072
            ],
            "lonlat": [
              -61.23322195007553,
              45.62239280969147
            ]
          },
          {
            "box_index": 8,
            "source_pixel_xy": [
              9438.5,
              5057.5
            ],
            "covering_crop_ids": [
              "F22-R04C07"
            ],
            "inside_control_hull": false,
            "status": "derived-lettering-location",
            "projected_xy_m": [
              -6816379.69815948,
              5719648.36560949
            ],
            "lonlat": [
              -61.23258065218671,
              45.619916409599554
            ]
          },
          {
            "box_index": 9,
            "source_pixel_xy": [
              9429.5,
              5137.5
            ],
            "covering_crop_ids": [
              "F22-R04C07"
            ],
            "inside_control_hull": false,
            "status": "derived-lettering-location",
            "projected_xy_m": [
              -6816420.33412222,
              5719231.94911777
            ],
            "lonlat": [
              -61.23294569125085,
              45.617300024007484
            ]
          },
          {
            "box_index": 10,
            "source_pixel_xy": [
              9421.5,
              5215.0
            ],
            "covering_crop_ids": [
              "F22-R04C07"
            ],
            "inside_control_hull": false,
            "status": "derived-lettering-location",
            "projected_xy_m": [
              -6816455.91110488,
              5718828.85738468
            ],
            "lonlat": [
              -61.23326528472372,
              45.61476724289159
            ]
          },
          {
            "box_index": 11,
            "source_pixel_xy": [
              9466.5,
              5263.0
            ],
            "covering_crop_ids": [
              "F22-R04C07"
            ],
            "inside_control_hull": false,
            "status": "derived-lettering-location",
            "projected_xy_m": [
              -6816228.28895457,
              5718583.5339255
            ],
            "lonlat": [
              -61.231220520157436,
              45.613225724805886
            ]
          },
          {
            "box_index": 12,
            "source_pixel_xy": [
              9526.0,
              5288.5
            ],
            "covering_crop_ids": [
              "F22-R04C07"
            ],
            "inside_control_hull": false,
            "status": "derived-lettering-location",
            "projected_xy_m": [
              -6815929.4158498,
              5718456.334569
            ],
            "lonlat": [
              -61.228535697377175,
              45.61242643638339
            ]
          },
          {
            "box_index": 13,
            "source_pixel_xy": [
              9580.0,
              5325.0
            ],
            "covering_crop_ids": [
              "F22-R04C07"
            ],
            "inside_control_hull": false,
            "status": "derived-lettering-location",
            "projected_xy_m": [
              -6815657.31102127,
              5718271.75666764
            ],
            "lonlat": [
              -61.22609133811366,
              45.61126657551232
            ]
          },
          {
            "box_index": 14,
            "source_pixel_xy": [
              9565.0,
              5396.5
            ],
            "covering_crop_ids": [
              "F22-R04C07"
            ],
            "inside_control_hull": false,
            "status": "derived-lettering-location",
            "projected_xy_m": [
              -6815728.17475601,
              5717899.92616437
            ],
            "lonlat": [
              -61.226727917873724,
              45.608929973507514
            ]
          },
          {
            "box_index": 15,
            "source_pixel_xy": [
              9537.0,
              5468.5
            ],
            "covering_crop_ids": [
              "F22-R04C07"
            ],
            "inside_control_hull": false,
            "status": "derived-lettering-location",
            "projected_xy_m": [
              -6815863.92342665,
              5717524.48078785
            ],
            "lonlat": [
              -61.227947368930074,
              45.60657055668792
            ]
          }
        ],
        "geographic_role": "printed-lettering-only"
      }
    },
    {
      "type": "Feature",
      "id": "F22-HAW-186",
      "geometry": {
        "type": "MultiPoint",
        "coordinates": [
          [
            -61.53083551782535,
            45.62402602912401
          ]
        ]
      },
      "properties": {
        "id": "F22-HAW-186",
        "source_text": "Fall 4'",
        "kind": "falls",
        "reading_status": "clear",
        "crop_id": "F22-R04C02",
        "raw_candidate_ids": [
          "F22-R04C02-01",
          "F22-R04C01-07"
        ],
        "source_label_boxes_xywh": [
          [
            2837,
            4686,
            105,
            36
          ]
        ],
        "review_status": "source-reviewed",
        "geometry": null,
        "placement_status": "deferred",
        "review_note": "Singular Fall; reject the partial western crop’s Falls.",
        "fit_revision": "a6619d96ba8fa8279ea6a8027654a92b15942b9d",
        "fit_sha256": "e96a8934ae42cc6dbc079e69afebb743c05decf0a61f19ac24eb620be48c32ed",
        "label_anchors": [
          {
            "box_index": 0,
            "source_pixel_xy": [
              2889.5,
              4704.0
            ],
            "covering_crop_ids": [
              "F22-R04C01",
              "F22-R04C02"
            ],
            "inside_control_hull": true,
            "status": "derived-lettering-location",
            "projected_xy_m": [
              -6849581.27792899,
              5720302.48020129
            ],
            "lonlat": [
              -61.53083551782535,
              45.62402602912401
            ]
          }
        ],
        "geographic_role": "printed-lettering-only"
      }
    },
    {
      "type": "Feature",
      "id": "F22-HAW-187",
      "geometry": {
        "type": "MultiPoint",
        "coordinates": [
          [
            -61.52811866515648,
            45.62236645254645
          ]
        ]
      },
      "properties": {
        "id": "F22-HAW-187",
        "source_text": "Falls 20'",
        "kind": "falls",
        "reading_status": "clear",
        "crop_id": "F22-R04C02",
        "raw_candidate_ids": [
          "F22-R04C02-02"
        ],
        "source_label_boxes_xywh": [
          [
            2885,
            4743,
            137,
            39
          ]
        ],
        "review_status": "source-reviewed",
        "geometry": null,
        "placement_status": "deferred",
        "review_note": "",
        "fit_revision": "a6619d96ba8fa8279ea6a8027654a92b15942b9d",
        "fit_sha256": "e96a8934ae42cc6dbc079e69afebb743c05decf0a61f19ac24eb620be48c32ed",
        "label_anchors": [
          {
            "box_index": 0,
            "source_pixel_xy": [
              2953.5,
              4762.5
            ],
            "covering_crop_ids": [
              "F22-R04C02"
            ],
            "inside_control_hull": true,
            "status": "derived-lettering-location",
            "projected_xy_m": [
              -6849278.83927333,
              5720038.32509676
            ],
            "lonlat": [
              -61.52811866515648,
              45.62236645254645
            ]
          }
        ],
        "geographic_role": "printed-lettering-only"
      }
    },
    {
      "type": "Feature",
      "id": "F22-HAW-188",
      "geometry": {
        "type": "MultiPoint",
        "coordinates": [
          [
            -61.57449285761354,
            45.59789682162174
          ],
          [
            -61.56980463563829,
            45.59619379406914
          ],
          [
            -61.56312909992218,
            45.59772492896333
          ],
          [
            -61.555635814717725,
            45.59880450815617
          ],
          [
            -61.54656295773901,
            45.5999119086509
          ],
          [
            -61.538333384178884,
            45.60194245921722
          ],
          [
            -61.53207465237553,
            45.60548679653865
          ],
          [
            -61.52316944238844,
            45.607405544539006
          ]
        ]
      },
      "properties": {
        "id": "F22-HAW-188",
        "source_text": "Old Post Road from New Glasgow to Mulgrave",
        "kind": "road",
        "reading_status": "clear",
        "crop_id": "F22-R04C01",
        "raw_candidate_ids": [
          "F22-R04C01-08",
          "F22-R04C02-03",
          "F22-R04C02-04",
          "F22-R04C02-05"
        ],
        "source_label_boxes_xywh": [
          [
            1922,
            5476,
            100,
            80
          ],
          [
            2026,
            5549,
            108,
            60
          ],
          [
            2165,
            5509,
            130,
            55
          ],
          [
            2341,
            5482,
            115,
            57
          ],
          [
            2538,
            5456,
            124,
            58
          ],
          [
            2672,
            5375,
            208,
            101
          ],
          [
            2870,
            5278,
            67,
            70
          ],
          [
            2981,
            5204,
            228,
            114
          ]
        ],
        "review_status": "source-reviewed",
        "geometry": null,
        "placement_status": "deferred",
        "review_note": "One continuous printed road annotation across C01/C02; includes final destination.",
        "fit_revision": "a6619d96ba8fa8279ea6a8027654a92b15942b9d",
        "fit_sha256": "e96a8934ae42cc6dbc079e69afebb743c05decf0a61f19ac24eb620be48c32ed",
        "label_anchors": [
          {
            "box_index": 0,
            "source_pixel_xy": [
              1972.0,
              5516.0
            ],
            "covering_crop_ids": [
              "F22-R04C01"
            ],
            "inside_control_hull": true,
            "status": "derived-lettering-location",
            "projected_xy_m": [
              -6854441.1907636,
              5716144.39673998
            ],
            "lonlat": [
              -61.57449285761354,
              45.59789682162174
            ]
          },
          {
            "box_index": 1,
            "source_pixel_xy": [
              2080.0,
              5579.0
            ],
            "covering_crop_ids": [
              "F22-R04C01"
            ],
            "inside_control_hull": true,
            "status": "derived-lettering-location",
            "projected_xy_m": [
              -6853919.30028059,
              5715873.45189212
            ],
            "lonlat": [
              -61.56980463563829,
              45.59619379406914
            ]
          },
          {
            "box_index": 2,
            "source_pixel_xy": [
              2230.0,
              5536.5
            ],
            "covering_crop_ids": [
              "F22-R04C01"
            ],
            "inside_control_hull": true,
            "status": "derived-lettering-location",
            "projected_xy_m": [
              -6853176.1830439,
              5716117.04893488
            ],
            "lonlat": [
              -61.56312909992218,
              45.59772492896333
            ]
          },
          {
            "box_index": 3,
            "source_pixel_xy": [
              2398.5,
              5510.5
            ],
            "covering_crop_ids": [
              "F22-R04C01"
            ],
            "inside_control_hull": true,
            "status": "derived-lettering-location",
            "projected_xy_m": [
              -6852342.03435057,
              5716288.8093837
            ],
            "lonlat": [
              -61.555635814717725,
              45.59880450815617
            ]
          },
          {
            "box_index": 4,
            "source_pixel_xy": [
              2600.0,
              5485.0
            ],
            "covering_crop_ids": [
              "F22-R04C01"
            ],
            "inside_control_hull": true,
            "status": "derived-lettering-location",
            "projected_xy_m": [
              -6851332.04853166,
              5716464.99961976
            ],
            "lonlat": [
              -61.54656295773901,
              45.5999119086509
            ]
          },
          {
            "box_index": 5,
            "source_pixel_xy": [
              2776.0,
              5425.5
            ],
            "covering_crop_ids": [
              "F22-R04C01",
              "F22-R04C02"
            ],
            "inside_control_hull": true,
            "status": "derived-lettering-location",
            "projected_xy_m": [
              -6850415.9365935,
              5716788.07441503
            ],
            "lonlat": [
              -61.538333384178884,
              45.60194245921722
            ]
          },
          {
            "box_index": 6,
            "source_pixel_xy": [
              2903.5,
              5313.0
            ],
            "covering_crop_ids": [
              "F22-R04C02"
            ],
            "inside_control_hull": true,
            "status": "derived-lettering-location",
            "projected_xy_m": [
              -6849719.21775614,
              5717352.03128838
            ],
            "lonlat": [
              -61.53207465237553,
              45.60548679653865
            ]
          },
          {
            "box_index": 7,
            "source_pixel_xy": [
              3095.0,
              5261.0
            ],
            "covering_crop_ids": [
              "F22-R04C02"
            ],
            "inside_control_hull": true,
            "status": "derived-lettering-location",
            "projected_xy_m": [
              -6848727.89431497,
              5717657.34754785
            ],
            "lonlat": [
              -61.52316944238844,
              45.607405544539006
            ]
          }
        ],
        "geographic_role": "printed-lettering-only"
      }
    },
    {
      "type": "Feature",
      "id": "F22-HAW-189",
      "geometry": {
        "type": "MultiPoint",
        "coordinates": [
          [
            -61.54383830721457,
            45.601920659356665
          ]
        ]
      },
      "properties": {
        "id": "F22-HAW-189",
        "source_text": "School",
        "kind": "school",
        "reading_status": "clear",
        "crop_id": "F22-R04C01",
        "raw_candidate_ids": [
          "F22-R04C01-09"
        ],
        "source_label_boxes_xywh": [
          [
            2600,
            5398,
            109,
            43
          ]
        ],
        "review_status": "source-reviewed",
        "geometry": null,
        "placement_status": "deferred",
        "review_note": "",
        "fit_revision": "a6619d96ba8fa8279ea6a8027654a92b15942b9d",
        "fit_sha256": "e96a8934ae42cc6dbc079e69afebb743c05decf0a61f19ac24eb620be48c32ed",
        "label_anchors": [
          {
            "box_index": 0,
            "source_pixel_xy": [
              2654.5,
              5419.5
            ],
            "covering_crop_ids": [
              "F22-R04C01"
            ],
            "inside_control_hull": true,
            "status": "derived-lettering-location",
            "projected_xy_m": [
              -6851028.74182269,
              5716784.60584267
            ],
            "lonlat": [
              -61.54383830721457,
              45.601920659356665
            ]
          }
        ],
        "geographic_role": "printed-lettering-only"
      }
    },
    {
      "type": "Feature",
      "id": "F22-HAW-190",
      "geometry": {
        "type": "MultiPoint",
        "coordinates": [
          [
            -61.55570368778016,
            45.59215226133844
          ]
        ]
      },
      "properties": {
        "id": "F22-HAW-190",
        "source_text": "Mathy Settlement",
        "kind": "settlement",
        "reading_status": "clear",
        "crop_id": "F22-R04C01",
        "raw_candidate_ids": [
          "F22-R04C01-10",
          "F22-DETAIL-MATHY-BRANCH-02"
        ],
        "source_label_boxes_xywh": [
          [
            2224,
            5706,
            371,
            59
          ]
        ],
        "review_status": "source-reviewed",
        "geometry": null,
        "placement_status": "deferred",
        "review_note": "Complete in independent MATHY-BRANCH native context.",
        "fit_revision": "a6619d96ba8fa8279ea6a8027654a92b15942b9d",
        "fit_sha256": "e96a8934ae42cc6dbc079e69afebb743c05decf0a61f19ac24eb620be48c32ed",
        "label_anchors": [
          {
            "box_index": 0,
            "source_pixel_xy": [
              2409.5,
              5735.5
            ],
            "covering_crop_ids": [
              "F22-R04C01",
              "F22-R05C01"
            ],
            "inside_control_hull": true,
            "status": "derived-lettering-location",
            "projected_xy_m": [
              -6852349.58994532,
              5715230.49316661
            ],
            "lonlat": [
              -61.55570368778016,
              45.59215226133844
            ]
          }
        ],
        "geographic_role": "printed-lettering-only"
      }
    },
    {
      "type": "Feature",
      "id": "F22-HAW-191",
      "geometry": {
        "type": "MultiPoint",
        "coordinates": [
          [
            -61.547147955837865,
            45.59533624020164
          ]
        ]
      },
      "properties": {
        "id": "F22-HAW-191",
        "source_text": "S. Mill",
        "kind": "mill",
        "reading_status": "clear",
        "crop_id": "F22-R04C01",
        "raw_candidate_ids": [
          "F22-R04C01-11",
          "F22-DETAIL-MATHY-BRANCH-03"
        ],
        "source_label_boxes_xywh": [
          [
            2549,
            5619,
            100,
            43
          ]
        ],
        "review_status": "source-reviewed",
        "geometry": null,
        "placement_status": "deferred",
        "review_note": "",
        "fit_revision": "a6619d96ba8fa8279ea6a8027654a92b15942b9d",
        "fit_sha256": "e96a8934ae42cc6dbc079e69afebb743c05decf0a61f19ac24eb620be48c32ed",
        "label_anchors": [
          {
            "box_index": 0,
            "source_pixel_xy": [
              2599.0,
              5640.5
            ],
            "covering_crop_ids": [
              "F22-R04C01"
            ],
            "inside_control_hull": true,
            "status": "derived-lettering-location",
            "projected_xy_m": [
              -6851397.17022214,
              5715737.02162668
            ],
            "lonlat": [
              -61.547147955837865,
              45.59533624020164
            ]
          }
        ],
        "geographic_role": "printed-lettering-only"
      }
    },
    {
      "type": "Feature",
      "id": "F22-HAW-192",
      "geometry": {
        "type": "MultiPoint",
        "coordinates": [
          [
            -61.54468891657593,
            45.59461706884647
          ],
          [
            -61.538976206018695,
            45.59529574576238
          ],
          [
            -61.53437895169348,
            45.59347549723452
          ],
          [
            -61.52723375546251,
            45.593687778041776
          ],
          [
            -61.51715465660558,
            45.59400314942375
          ]
        ]
      },
      "properties": {
        "id": "F22-HAW-192",
        "source_text": "North Branch of Tracadie River",
        "kind": "stream",
        "reading_status": "clear",
        "crop_id": "F22-R04C01",
        "raw_candidate_ids": [
          "F22-R04C01-12",
          "F22-R04C02-12",
          "F22-DETAIL-MATHY-BRANCH-04"
        ],
        "source_label_boxes_xywh": [
          [
            2598,
            5644,
            114,
            47
          ],
          [
            2707,
            5605,
            143,
            90
          ],
          [
            2850,
            5690,
            62,
            49
          ],
          [
            2930,
            5690,
            209,
            46
          ],
          [
            3187,
            5668,
            127,
            85
          ]
        ],
        "review_status": "source-reviewed",
        "geometry": null,
        "placement_status": "deferred",
        "review_note": "Multipart complete stream name across C01/C02; retained as one annotation.",
        "fit_revision": "a6619d96ba8fa8279ea6a8027654a92b15942b9d",
        "fit_sha256": "e96a8934ae42cc6dbc079e69afebb743c05decf0a61f19ac24eb620be48c32ed",
        "label_anchors": [
          {
            "box_index": 0,
            "source_pixel_xy": [
              2655.0,
              5667.5
            ],
            "covering_crop_ids": [
              "F22-R04C01"
            ],
            "inside_control_hull": true,
            "status": "derived-lettering-location",
            "projected_xy_m": [
              -6851123.43122366,
              5715622.60856854
            ],
            "lonlat": [
              -61.54468891657593,
              45.59461706884647
            ]
          },
          {
            "box_index": 1,
            "source_pixel_xy": [
              2778.5,
              5650.0
            ],
            "covering_crop_ids": [
              "F22-R04C01",
              "F22-R04C02"
            ],
            "inside_control_hull": true,
            "status": "derived-lettering-location",
            "projected_xy_m": [
              -6850487.49519338,
              5715730.57932247
            ],
            "lonlat": [
              -61.538976206018695,
              45.59529574576238
            ]
          },
          {
            "box_index": 2,
            "source_pixel_xy": [
              2881.0,
              5714.5
            ],
            "covering_crop_ids": [
              "F22-R04C01",
              "F22-R04C02",
              "F22-R05C01",
              "F22-R05C02"
            ],
            "inside_control_hull": true,
            "status": "derived-lettering-location",
            "projected_xy_m": [
              -6849975.73118285,
              5715440.99881316
            ],
            "lonlat": [
              -61.53437895169348,
              45.59347549723452
            ]
          },
          {
            "box_index": 3,
            "source_pixel_xy": [
              3034.5,
              5713.0
            ],
            "covering_crop_ids": [
              "F22-R04C02",
              "F22-R05C02"
            ],
            "inside_control_hull": true,
            "status": "derived-lettering-location",
            "projected_xy_m": [
              -6849180.3315768,
              5715474.76975305
            ],
            "lonlat": [
              -61.52723375546251,
              45.593687778041776
            ]
          },
          {
            "box_index": 4,
            "source_pixel_xy": [
              3250.5,
              5710.5
            ],
            "covering_crop_ids": [
              "F22-R04C02",
              "F22-R05C02"
            ],
            "inside_control_hull": true,
            "status": "derived-lettering-location",
            "projected_xy_m": [
              -6848058.33142439,
              5715524.94121315
            ],
            "lonlat": [
              -61.51715465660558,
              45.59400314942375
            ]
          }
        ],
        "geographic_role": "printed-lettering-only"
      }
    },
    {
      "type": "Feature",
      "id": "F22-HAW-193",
      "geometry": {
        "type": "MultiPoint",
        "coordinates": [
          [
            -61.549379194239336,
            45.58970119149135
          ]
        ]
      },
      "properties": {
        "id": "F22-HAW-193",
        "source_text": "Cascades\nand 9 ft. fall",
        "kind": "falls",
        "reading_status": "clear",
        "crop_id": "F22-R04C01",
        "raw_candidate_ids": [
          "F22-R04C01-13",
          "F22-DETAIL-MATHY-BRANCH-05"
        ],
        "source_label_boxes_xywh": [
          [
            2464,
            5792,
            184,
            67
          ]
        ],
        "review_status": "source-reviewed",
        "geometry": null,
        "placement_status": "deferred",
        "review_note": "",
        "fit_revision": "a6619d96ba8fa8279ea6a8027654a92b15942b9d",
        "fit_sha256": "e96a8934ae42cc6dbc079e69afebb743c05decf0a61f19ac24eb620be48c32ed",
        "label_anchors": [
          {
            "box_index": 0,
            "source_pixel_xy": [
              2556.0,
              5825.5
            ],
            "covering_crop_ids": [
              "F22-R04C01",
              "F22-R05C01"
            ],
            "inside_control_hull": true,
            "status": "derived-lettering-location",
            "projected_xy_m": [
              -6851645.55054483,
              5714840.58030549
            ],
            "lonlat": [
              -61.549379194239336,
              45.58970119149135
            ]
          }
        ],
        "geographic_role": "printed-lettering-only"
      }
    },
    {
      "type": "Feature",
      "id": "F22-HAW-194",
      "geometry": {
        "type": "MultiPoint",
        "coordinates": [
          [
            -61.58960491832261,
            45.59045543690194
          ]
        ]
      },
      "properties": {
        "id": "F22-HAW-194",
        "source_text": "Salmon\nHole",
        "kind": "landscape-annotation",
        "reading_status": "clear",
        "crop_id": "F22-R04C01",
        "raw_candidate_ids": [
          "F22-R04C01-14"
        ],
        "source_label_boxes_xywh": [
          [
            1563,
            5708,
            142,
            75
          ]
        ],
        "review_status": "source-reviewed",
        "geometry": null,
        "placement_status": "deferred",
        "review_note": "",
        "fit_revision": "a6619d96ba8fa8279ea6a8027654a92b15942b9d",
        "fit_sha256": "e96a8934ae42cc6dbc079e69afebb743c05decf0a61f19ac24eb620be48c32ed",
        "label_anchors": [
          {
            "box_index": 0,
            "source_pixel_xy": [
              1634.0,
              5745.5
            ],
            "covering_crop_ids": [
              "F22-R04C01",
              "F22-R05C01"
            ],
            "inside_control_hull": true,
            "status": "derived-lettering-location",
            "projected_xy_m": [
              -6856123.45766657,
              5714960.56282695
            ],
            "lonlat": [
              -61.58960491832261,
              45.59045543690194
            ]
          }
        ],
        "geographic_role": "printed-lettering-only"
      }
    },
    {
      "type": "Feature",
      "id": "F22-HAW-195",
      "geometry": {
        "type": "MultiPoint",
        "coordinates": [
          [
            -61.5048281233744,
            45.6180048482686
          ]
        ]
      },
      "properties": {
        "id": "F22-HAW-195",
        "source_text": "McIsaac",
        "kind": "personal-name",
        "reading_status": "clear",
        "crop_id": "F22-R04C02",
        "raw_candidate_ids": [
          "F22-R04C02-08"
        ],
        "source_label_boxes_xywh": [
          [
            3406,
            4923,
            160,
            46
          ]
        ],
        "review_status": "source-reviewed",
        "geometry": null,
        "placement_status": "deferred",
        "review_note": "Printed superscript c represented as ASCII; no unsupported initial.",
        "fit_revision": "a6619d96ba8fa8279ea6a8027654a92b15942b9d",
        "fit_sha256": "e96a8934ae42cc6dbc079e69afebb743c05decf0a61f19ac24eb620be48c32ed",
        "label_anchors": [
          {
            "box_index": 0,
            "source_pixel_xy": [
              3486.0,
              4946.0
            ],
            "covering_crop_ids": [
              "F22-R04C02"
            ],
            "inside_control_hull": true,
            "status": "derived-lettering-location",
            "projected_xy_m": [
              -6846686.14802185,
              5719344.12503103
            ],
            "lonlat": [
              -61.5048281233744,
              45.6180048482686
            ]
          }
        ],
        "geographic_role": "printed-lettering-only"
      }
    },
    {
      "type": "Feature",
      "id": "F22-HAW-196",
      "geometry": {
        "type": "MultiPoint",
        "coordinates": [
          [
            -61.51964574032724,
            45.610133251944056
          ]
        ]
      },
      "properties": {
        "id": "F22-HAW-196",
        "source_text": "Grosvenor",
        "kind": "settlement",
        "reading_status": "clear",
        "crop_id": "F22-R04C02",
        "raw_candidate_ids": [
          "F22-R04C02-06"
        ],
        "source_label_boxes_xywh": [
          [
            3010,
            5143,
            314,
            66
          ]
        ],
        "review_status": "source-reviewed",
        "geometry": null,
        "placement_status": "deferred",
        "review_note": "",
        "fit_revision": "a6619d96ba8fa8279ea6a8027654a92b15942b9d",
        "fit_sha256": "e96a8934ae42cc6dbc079e69afebb743c05decf0a61f19ac24eb620be48c32ed",
        "label_anchors": [
          {
            "box_index": 0,
            "source_pixel_xy": [
              3167.0,
              5176.0
            ],
            "covering_crop_ids": [
              "F22-R04C02"
            ],
            "inside_control_hull": true,
            "status": "derived-lettering-location",
            "projected_xy_m": [
              -6848335.63759581,
              5718091.40554574
            ],
            "lonlat": [
              -61.51964574032724,
              45.610133251944056
            ]
          }
        ],
        "geographic_role": "printed-lettering-only"
      }
    },
    {
      "type": "Feature",
      "id": "F22-HAW-197",
      "geometry": {
        "type": "MultiPoint",
        "coordinates": [
          [
            -61.51404225667129,
            45.612037878031
          ]
        ]
      },
      "properties": {
        "id": "F22-HAW-197",
        "source_text": "P.O.",
        "kind": "post-office",
        "reading_status": "clear",
        "crop_id": "F22-R04C02",
        "raw_candidate_ids": [
          "F22-R04C02-07"
        ],
        "source_label_boxes_xywh": [
          [
            3252,
            5100,
            72,
            45
          ]
        ],
        "review_status": "source-reviewed",
        "geometry": null,
        "placement_status": "deferred",
        "review_note": "",
        "fit_revision": "a6619d96ba8fa8279ea6a8027654a92b15942b9d",
        "fit_sha256": "e96a8934ae42cc6dbc079e69afebb743c05decf0a61f19ac24eb620be48c32ed",
        "label_anchors": [
          {
            "box_index": 0,
            "source_pixel_xy": [
              3288.0,
              5122.5
            ],
            "covering_crop_ids": [
              "F22-R04C02"
            ],
            "inside_control_hull": true,
            "status": "derived-lettering-location",
            "projected_xy_m": [
              -6847711.86064856,
              5718394.49975744
            ],
            "lonlat": [
              -61.51404225667129,
              45.612037878031
            ]
          }
        ],
        "geographic_role": "printed-lettering-only"
      }
    },
    {
      "type": "Feature",
      "id": "F22-HAW-198",
      "geometry": {
        "type": "MultiPoint",
        "coordinates": [
          [
            -61.494522089648726,
            45.61929432192531
          ],
          [
            -61.490415325712846,
            45.618948401136926
          ],
          [
            -61.48582873167553,
            45.619153654286734
          ],
          [
            -61.48172429239132,
            45.61977788495491
          ],
          [
            -61.47495862068116,
            45.62053801088126
          ]
        ]
      },
      "properties": {
        "id": "F22-HAW-198",
        "source_text": "Old Post Road to New Glasgow",
        "kind": "road",
        "reading_status": "clear",
        "crop_id": "F22-R04C02",
        "raw_candidate_ids": [
          "F22-R04C02-09",
          "F22-R04C03-02",
          "F22-R04C03-03"
        ],
        "source_label_boxes_xywh": [
          [
            3665,
            4885,
            99,
            72
          ],
          [
            3753,
            4908,
            105,
            59
          ],
          [
            3840,
            4902,
            133,
            70
          ],
          [
            3964,
            4896,
            65,
            53
          ],
          [
            4048,
            4866,
            193,
            81
          ]
        ],
        "review_status": "source-reviewed",
        "geometry": null,
        "placement_status": "deferred",
        "review_note": "Separate printed occurrence from the from-New-Glasgow-to-Mulgrave annotation.",
        "fit_revision": "a6619d96ba8fa8279ea6a8027654a92b15942b9d",
        "fit_sha256": "e96a8934ae42cc6dbc079e69afebb743c05decf0a61f19ac24eb620be48c32ed",
        "label_anchors": [
          {
            "box_index": 0,
            "source_pixel_xy": [
              3714.5,
              4921.0
            ],
            "covering_crop_ids": [
              "F22-R04C02"
            ],
            "inside_control_hull": true,
            "status": "derived-lettering-location",
            "projected_xy_m": [
              -6845538.88559541,
              5719549.35414327
            ],
            "lonlat": [
              -61.494522089648726,
              45.61929432192531
            ]
          },
          {
            "box_index": 1,
            "source_pixel_xy": [
              3805.5,
              4937.5
            ],
            "covering_crop_ids": [
              "F22-R04C02"
            ],
            "inside_control_hull": true,
            "status": "derived-lettering-location",
            "projected_xy_m": [
              -6845081.72272526,
              5719494.2978703
            ],
            "lonlat": [
              -61.490415325712846,
              45.618948401136926
            ]
          },
          {
            "box_index": 2,
            "source_pixel_xy": [
              3906.5,
              4937.0
            ],
            "covering_crop_ids": [
              "F22-R04C02",
              "F22-R04C03"
            ],
            "inside_control_hull": true,
            "status": "derived-lettering-location",
            "projected_xy_m": [
              -6844571.14541255,
              5719526.96563601
            ],
            "lonlat": [
              -61.48582873167553,
              45.619153654286734
            ]
          },
          {
            "box_index": 3,
            "source_pixel_xy": [
              3996.5,
              4922.5
            ],
            "covering_crop_ids": [
              "F22-R04C02",
              "F22-R04C03"
            ],
            "inside_control_hull": true,
            "status": "derived-lettering-location",
            "projected_xy_m": [
              -6844114.24132144,
              5719626.31793376
            ],
            "lonlat": [
              -61.48172429239132,
              45.61977788495491
            ]
          },
          {
            "box_index": 4,
            "source_pixel_xy": [
              4144.5,
              4906.5
            ],
            "covering_crop_ids": [
              "F22-R04C03"
            ],
            "inside_control_hull": true,
            "status": "derived-lettering-location",
            "projected_xy_m": [
              -6843361.09019179,
              5719747.30075873
            ],
            "lonlat": [
              -61.47495862068116,
              45.62053801088126
            ]
          }
        ],
        "geographic_role": "printed-lettering-only"
      }
    },
    {
      "type": "Feature",
      "id": "F22-HAW-199",
      "geometry": {
        "type": "MultiPoint",
        "coordinates": [
          [
            -61.498871625365695,
            45.60406617929009
          ],
          [
            -61.493731365631554,
            45.59984097419455
          ]
        ]
      },
      "properties": {
        "id": "F22-HAW-199",
        "source_text": "Summers Lake",
        "kind": "waterbody",
        "reading_status": "clear",
        "crop_id": "F22-R04C02",
        "raw_candidate_ids": [
          "F22-R04C02-11"
        ],
        "source_label_boxes_xywh": [
          [
            3580,
            5291,
            105,
            219
          ],
          [
            3692,
            5508,
            112,
            67
          ]
        ],
        "review_status": "source-reviewed",
        "geometry": null,
        "placement_status": "deferred",
        "review_note": "",
        "fit_revision": "a6619d96ba8fa8279ea6a8027654a92b15942b9d",
        "fit_sha256": "e96a8934ae42cc6dbc079e69afebb743c05decf0a61f19ac24eb620be48c32ed",
        "label_anchors": [
          {
            "box_index": 0,
            "source_pixel_xy": [
              3632.5,
              5400.5
            ],
            "covering_crop_ids": [
              "F22-R04C02"
            ],
            "inside_control_hull": true,
            "status": "derived-lettering-location",
            "projected_xy_m": [
              -6846023.07369661,
              5717125.98564052
            ],
            "lonlat": [
              -61.498871625365695,
              45.60406617929009
            ]
          },
          {
            "box_index": 1,
            "source_pixel_xy": [
              3748.0,
              5541.5
            ],
            "covering_crop_ids": [
              "F22-R04C02"
            ],
            "inside_control_hull": true,
            "status": "derived-lettering-location",
            "projected_xy_m": [
              -6845450.86260046,
              5716453.71366305
            ],
            "lonlat": [
              -61.493731365631554,
              45.59984097419455
            ]
          }
        ],
        "geographic_role": "printed-lettering-only"
      }
    },
    {
      "type": "Feature",
      "id": "F22-HAW-200",
      "geometry": {
        "type": "MultiPoint",
        "coordinates": [
          [
            -61.431108406307246,
            45.627412896587586
          ]
        ]
      },
      "properties": {
        "id": "F22-HAW-200",
        "source_text": "Auld\nLake",
        "kind": "waterbody",
        "reading_status": "clear",
        "crop_id": "F22-R04C03",
        "raw_candidate_ids": [
          "F22-R04C03-05"
        ],
        "source_label_boxes_xywh": [
          [
            5025,
            4655,
            138,
            152
          ]
        ],
        "review_status": "source-reviewed",
        "geometry": null,
        "placement_status": "deferred",
        "review_note": "Reject partial and Lake reading.",
        "fit_revision": "a6619d96ba8fa8279ea6a8027654a92b15942b9d",
        "fit_sha256": "e96a8934ae42cc6dbc079e69afebb743c05decf0a61f19ac24eb620be48c32ed",
        "label_anchors": [
          {
            "box_index": 0,
            "source_pixel_xy": [
              5094.0,
              4731.0
            ],
            "covering_crop_ids": [
              "F22-R04C03"
            ],
            "inside_control_hull": true,
            "status": "derived-lettering-location",
            "projected_xy_m": [
              -6838479.70665651,
              5720841.59277369
            ],
            "lonlat": [
              -61.431108406307246,
              45.627412896587586
            ]
          }
        ],
        "geographic_role": "printed-lettering-only"
      }
    },
    {
      "type": "Feature",
      "id": "F22-HAW-201",
      "geometry": {
        "type": "MultiPoint",
        "coordinates": [
          [
            -61.44408260358184,
            45.62388912109236
          ]
        ]
      },
      "properties": {
        "id": "F22-HAW-201",
        "source_text": "Mill",
        "kind": "mill",
        "reading_status": "clear",
        "crop_id": "F22-R04C03",
        "raw_candidate_ids": [
          "F22-R04C03-04"
        ],
        "source_label_boxes_xywh": [
          [
            4773,
            4809,
            82,
            43
          ]
        ],
        "review_status": "source-reviewed",
        "geometry": null,
        "placement_status": "deferred",
        "review_note": "",
        "fit_revision": "a6619d96ba8fa8279ea6a8027654a92b15942b9d",
        "fit_sha256": "e96a8934ae42cc6dbc079e69afebb743c05decf0a61f19ac24eb620be48c32ed",
        "label_anchors": [
          {
            "box_index": 0,
            "source_pixel_xy": [
              4814.0,
              4830.5
            ],
            "covering_crop_ids": [
              "F22-R04C03"
            ],
            "inside_control_hull": true,
            "status": "derived-lettering-location",
            "projected_xy_m": [
              -6839923.98769057,
              5720280.68822915
            ],
            "lonlat": [
              -61.44408260358184,
              45.62388912109236
            ]
          }
        ],
        "geographic_role": "printed-lettering-only"
      }
    },
    {
      "type": "Feature",
      "id": "F22-HAW-202",
      "geometry": {
        "type": "MultiPoint",
        "coordinates": [
          [
            -61.45613520975763,
            45.61234761489074
          ]
        ]
      },
      "properties": {
        "id": "F22-HAW-202",
        "source_text": "Grant Lake",
        "kind": "waterbody",
        "reading_status": "clear",
        "crop_id": "F22-R04C03",
        "raw_candidate_ids": [
          "F22-R04C03-06"
        ],
        "source_label_boxes_xywh": [
          [
            4426,
            5154,
            254,
            51
          ]
        ],
        "review_status": "source-reviewed",
        "geometry": null,
        "placement_status": "deferred",
        "review_note": "",
        "fit_revision": "a6619d96ba8fa8279ea6a8027654a92b15942b9d",
        "fit_sha256": "e96a8934ae42cc6dbc079e69afebb743c05decf0a61f19ac24eb620be48c32ed",
        "label_anchors": [
          {
            "box_index": 0,
            "source_pixel_xy": [
              4553.0,
              5179.5
            ],
            "covering_crop_ids": [
              "F22-R04C03"
            ],
            "inside_control_hull": true,
            "status": "derived-lettering-location",
            "projected_xy_m": [
              -6841265.67767279,
              5718443.79095599
            ],
            "lonlat": [
              -61.45613520975763,
              45.61234761489074
            ]
          }
        ],
        "geographic_role": "printed-lettering-only"
      }
    },
    {
      "type": "Feature",
      "id": "F22-HAW-203",
      "geometry": {
        "type": "MultiPoint",
        "coordinates": [
          [
            -61.41685305739932,
            45.62781688449272
          ]
        ]
      },
      "properties": {
        "id": "F22-HAW-203",
        "source_text": "640 FT",
        "kind": "spot-height-label",
        "reading_status": "clear",
        "crop_id": "F22-R04C04",
        "raw_candidate_ids": [
          "F22-R04C04-21"
        ],
        "source_label_boxes_xywh": [
          [
            5330,
            4708,
            137,
            40
          ]
        ],
        "review_status": "source-reviewed",
        "geometry": null,
        "placement_status": "deferred",
        "review_note": "",
        "fit_revision": "a6619d96ba8fa8279ea6a8027654a92b15942b9d",
        "fit_sha256": "e96a8934ae42cc6dbc079e69afebb743c05decf0a61f19ac24eb620be48c32ed",
        "label_anchors": [
          {
            "box_index": 0,
            "source_pixel_xy": [
              5398.5,
              4728.0
            ],
            "covering_crop_ids": [
              "F22-R04C04"
            ],
            "inside_control_hull": true,
            "status": "derived-lettering-location",
            "projected_xy_m": [
              -6836892.808475,
              5720905.90067043
            ],
            "lonlat": [
              -61.41685305739932,
              45.62781688449272
            ]
          }
        ],
        "geographic_role": "printed-lettering-only"
      }
    },
    {
      "type": "Feature",
      "id": "F22-HAW-204",
      "geometry": {
        "type": "MultiPoint",
        "coordinates": [
          [
            -61.3963769604326,
            45.62098200726352
          ]
        ]
      },
      "properties": {
        "id": "F22-HAW-204",
        "source_text": "250 FT",
        "kind": "spot-height-label",
        "reading_status": "clear",
        "crop_id": "F22-R04C04",
        "raw_candidate_ids": [
          "F22-R04C04-20"
        ],
        "source_label_boxes_xywh": [
          [
            5764,
            4930,
            127,
            40
          ]
        ],
        "review_status": "source-reviewed",
        "geometry": null,
        "placement_status": "deferred",
        "review_note": "",
        "fit_revision": "a6619d96ba8fa8279ea6a8027654a92b15942b9d",
        "fit_sha256": "e96a8934ae42cc6dbc079e69afebb743c05decf0a61f19ac24eb620be48c32ed",
        "label_anchors": [
          {
            "box_index": 0,
            "source_pixel_xy": [
              5827.5,
              4950.0
            ],
            "covering_crop_ids": [
              "F22-R04C04"
            ],
            "inside_control_hull": true,
            "status": "derived-lettering-location",
            "projected_xy_m": [
              -6834613.41978723,
              5719817.96867249
            ],
            "lonlat": [
              -61.3963769604326,
              45.62098200726352
            ]
          }
        ],
        "geographic_role": "printed-lettering-only"
      }
    },
    {
      "type": "Feature",
      "id": "F22-HAW-205",
      "geometry": {
        "type": "MultiPoint",
        "coordinates": [
          [
            -61.37186830581626,
            45.63007636045868
          ]
        ]
      },
      "properties": {
        "id": "F22-HAW-205",
        "source_text": "Church",
        "kind": "church",
        "reading_status": "clear",
        "crop_id": "F22-R04C04",
        "raw_candidate_ids": [
          "F22-R04C04-03",
          "F22-R04C05-01"
        ],
        "source_label_boxes_xywh": [
          [
            6304,
            4668,
            105,
            37
          ]
        ],
        "review_status": "source-reviewed",
        "geometry": null,
        "placement_status": "deferred",
        "review_note": "",
        "fit_revision": "a6619d96ba8fa8279ea6a8027654a92b15942b9d",
        "fit_sha256": "e96a8934ae42cc6dbc079e69afebb743c05decf0a61f19ac24eb620be48c32ed",
        "label_anchors": [
          {
            "box_index": 0,
            "source_pixel_xy": [
              6356.5,
              4686.5
            ],
            "covering_crop_ids": [
              "F22-R04C04",
              "F22-R04C05"
            ],
            "inside_control_hull": true,
            "status": "derived-lettering-location",
            "projected_xy_m": [
              -6831885.12883531,
              5721265.57876349
            ],
            "lonlat": [
              -61.37186830581626,
              45.63007636045868
            ]
          }
        ],
        "geographic_role": "printed-lettering-only"
      }
    },
    {
      "type": "Feature",
      "id": "F22-HAW-206",
      "geometry": {
        "type": "MultiPoint",
        "coordinates": [
          [
            -61.37664626672067,
            45.62712347324489
          ]
        ]
      },
      "properties": {
        "id": "F22-HAW-206",
        "source_text": "Tannery",
        "kind": "tannery",
        "reading_status": "clear",
        "crop_id": "F22-R04C04",
        "raw_candidate_ids": [
          "F22-R04C04-04"
        ],
        "source_label_boxes_xywh": [
          [
            6174,
            4752,
            155,
            43
          ]
        ],
        "review_status": "source-reviewed",
        "geometry": null,
        "placement_status": "deferred",
        "review_note": "",
        "fit_revision": "a6619d96ba8fa8279ea6a8027654a92b15942b9d",
        "fit_sha256": "e96a8934ae42cc6dbc079e69afebb743c05decf0a61f19ac24eb620be48c32ed",
        "label_anchors": [
          {
            "box_index": 0,
            "source_pixel_xy": [
              6251.5,
              4773.5
            ],
            "covering_crop_ids": [
              "F22-R04C04"
            ],
            "inside_control_hull": true,
            "status": "derived-lettering-location",
            "projected_xy_m": [
              -6832417.00901022,
              5720795.52186147
            ],
            "lonlat": [
              -61.37664626672067,
              45.62712347324489
            ]
          }
        ],
        "geographic_role": "printed-lettering-only"
      }
    },
    {
      "type": "Feature",
      "id": "F22-HAW-207",
      "geometry": {
        "type": "MultiPoint",
        "coordinates": [
          [
            -61.39438477637562,
            45.61620623154244
          ]
        ]
      },
      "properties": {
        "id": "F22-HAW-207",
        "source_text": "P.O.",
        "kind": "post-office",
        "reading_status": "clear",
        "crop_id": "F22-R04C04",
        "raw_candidate_ids": [
          "F22-R04C04-05"
        ],
        "source_label_boxes_xywh": [
          [
            5840,
            5081,
            53,
            33
          ]
        ],
        "review_status": "source-reviewed",
        "geometry": null,
        "placement_status": "deferred",
        "review_note": "Separate from adjacent Hotel.",
        "fit_revision": "a6619d96ba8fa8279ea6a8027654a92b15942b9d",
        "fit_sha256": "e96a8934ae42cc6dbc079e69afebb743c05decf0a61f19ac24eb620be48c32ed",
        "label_anchors": [
          {
            "box_index": 0,
            "source_pixel_xy": [
              5866.5,
              5097.5
            ],
            "covering_crop_ids": [
              "F22-R04C04"
            ],
            "inside_control_hull": true,
            "status": "derived-lettering-location",
            "projected_xy_m": [
              -6834391.65087244,
              5719057.86997821
            ],
            "lonlat": [
              -61.39438477637562,
              45.61620623154244
            ]
          }
        ],
        "geographic_role": "printed-lettering-only"
      }
    },
    {
      "type": "Feature",
      "id": "F22-HAW-208",
      "geometry": {
        "type": "MultiPoint",
        "coordinates": [
          [
            -61.39102427020572,
            45.616276280306984
          ]
        ]
      },
      "properties": {
        "id": "F22-HAW-208",
        "source_text": "Hotel",
        "kind": "hotel",
        "reading_status": "clear",
        "crop_id": "F22-R04C04",
        "raw_candidate_ids": [
          "F22-R04C04-05"
        ],
        "source_label_boxes_xywh": [
          [
            5897,
            5080,
            81,
            34
          ]
        ],
        "review_status": "source-reviewed",
        "geometry": null,
        "placement_status": "deferred",
        "review_note": "Separate from adjacent P.O.",
        "fit_revision": "a6619d96ba8fa8279ea6a8027654a92b15942b9d",
        "fit_sha256": "e96a8934ae42cc6dbc079e69afebb743c05decf0a61f19ac24eb620be48c32ed",
        "label_anchors": [
          {
            "box_index": 0,
            "source_pixel_xy": [
              5937.5,
              5097.0
            ],
            "covering_crop_ids": [
              "F22-R04C04"
            ],
            "inside_control_hull": true,
            "status": "derived-lettering-location",
            "projected_xy_m": [
              -6834017.5610368,
              5719069.01826981
            ],
            "lonlat": [
              -61.39102427020572,
              45.616276280306984
            ]
          }
        ],
        "geographic_role": "printed-lettering-only"
      }
    },
    {
      "type": "Feature",
      "id": "F22-HAW-209",
      "geometry": {
        "type": "MultiPoint",
        "coordinates": [
          [
            -61.38432343748187,
            45.6142766082365
          ]
        ]
      },
      "properties": {
        "id": "F22-HAW-209",
        "source_text": "Port Mulgrave",
        "kind": "settlement",
        "reading_status": "clear",
        "crop_id": "F22-R04C04",
        "raw_candidate_ids": [
          "F22-R04C04-06"
        ],
        "source_label_boxes_xywh": [
          [
            5938,
            5133,
            280,
            57
          ]
        ],
        "review_status": "source-reviewed",
        "geometry": null,
        "placement_status": "deferred",
        "review_note": "",
        "fit_revision": "a6619d96ba8fa8279ea6a8027654a92b15942b9d",
        "fit_sha256": "e96a8934ae42cc6dbc079e69afebb743c05decf0a61f19ac24eb620be48c32ed",
        "label_anchors": [
          {
            "box_index": 0,
            "source_pixel_xy": [
              6078.0,
              5161.5
            ],
            "covering_crop_ids": [
              "F22-R04C04"
            ],
            "inside_control_hull": true,
            "status": "derived-lettering-location",
            "projected_xy_m": [
              -6833271.62775009,
              5718750.77505815
            ],
            "lonlat": [
              -61.38432343748187,
              45.6142766082365
            ]
          }
        ],
        "geographic_role": "printed-lettering-only"
      }
    },
    {
      "type": "Feature",
      "id": "F22-HAW-210",
      "geometry": {
        "type": "MultiPoint",
        "coordinates": [
          [
            -61.39475746521513,
            45.61015191200189
          ]
        ]
      },
      "properties": {
        "id": "F22-HAW-210",
        "source_text": "Mill",
        "kind": "mill",
        "reading_status": "clear",
        "crop_id": "F22-R04C04",
        "raw_candidate_ids": [
          "F22-R04C04-17"
        ],
        "source_label_boxes_xywh": [
          [
            5817,
            5263,
            78,
            41
          ]
        ],
        "review_status": "source-reviewed",
        "geometry": null,
        "placement_status": "deferred",
        "review_note": "Reject model Mt.",
        "fit_revision": "a6619d96ba8fa8279ea6a8027654a92b15942b9d",
        "fit_sha256": "e96a8934ae42cc6dbc079e69afebb743c05decf0a61f19ac24eb620be48c32ed",
        "label_anchors": [
          {
            "box_index": 0,
            "source_pixel_xy": [
              5856.0,
              5283.5
            ],
            "covering_crop_ids": [
              "F22-R04C04"
            ],
            "inside_control_hull": true,
            "status": "derived-lettering-location",
            "projected_xy_m": [
              -6834433.13840428,
              5718094.3749792
            ],
            "lonlat": [
              -61.39475746521513,
              45.61015191200189
            ]
          }
        ],
        "geographic_role": "printed-lettering-only"
      }
    },
    {
      "type": "Feature",
      "id": "F22-HAW-211",
      "geometry": {
        "type": "MultiPoint",
        "coordinates": [
          [
            -61.37290117272115,
            45.61927640185606
          ]
        ]
      },
      "properties": {
        "id": "F22-HAW-211",
        "source_text": "Grant Point",
        "kind": "point",
        "reading_status": "clear",
        "crop_id": "F22-R04C04",
        "raw_candidate_ids": [
          "F22-R04C04-07"
        ],
        "source_label_boxes_xywh": [
          [
            6218,
            4992,
            213,
            45
          ]
        ],
        "review_status": "source-reviewed",
        "geometry": null,
        "placement_status": "deferred",
        "review_note": "Separate occurrence from F22-HAW-180.",
        "fit_revision": "a6619d96ba8fa8279ea6a8027654a92b15942b9d",
        "fit_sha256": "e96a8934ae42cc6dbc079e69afebb743c05decf0a61f19ac24eb620be48c32ed",
        "label_anchors": [
          {
            "box_index": 0,
            "source_pixel_xy": [
              6324.5,
              5014.5
            ],
            "covering_crop_ids": [
              "F22-R04C04",
              "F22-R04C05"
            ],
            "inside_control_hull": true,
            "status": "derived-lettering-location",
            "projected_xy_m": [
              -6832000.10705322,
              5719546.50200156
            ],
            "lonlat": [
              -61.37290117272115,
              45.61927640185606
            ]
          }
        ],
        "geographic_role": "printed-lettering-only"
      }
    },
    {
      "type": "Feature",
      "id": "F22-HAW-212",
      "geometry": {
        "type": "MultiPoint",
        "coordinates": [
          [
            -61.36868080529409,
            45.61439926218307
          ]
        ]
      },
      "properties": {
        "id": "F22-HAW-212",
        "source_text": "Emery's\nWharf",
        "kind": "wharf",
        "reading_status": "clear",
        "crop_id": "F22-R04C04",
        "raw_candidate_ids": [
          "F22-R04C04-08",
          "F22-R04C05-12"
        ],
        "source_label_boxes_xywh": [
          [
            6335,
            5131,
            153,
            69
          ]
        ],
        "review_status": "source-reviewed",
        "geometry": null,
        "placement_status": "deferred",
        "review_note": "",
        "fit_revision": "a6619d96ba8fa8279ea6a8027654a92b15942b9d",
        "fit_sha256": "e96a8934ae42cc6dbc079e69afebb743c05decf0a61f19ac24eb620be48c32ed",
        "label_anchors": [
          {
            "box_index": 0,
            "source_pixel_xy": [
              6411.5,
              5165.5
            ],
            "covering_crop_ids": [
              "F22-R04C04",
              "F22-R04C05"
            ],
            "inside_control_hull": true,
            "status": "derived-lettering-location",
            "projected_xy_m": [
              -6831530.29790028,
              5718770.29482502
            ],
            "lonlat": [
              -61.36868080529409,
              45.61439926218307
            ]
          }
        ],
        "geographic_role": "printed-lettering-only"
      }
    },
    {
      "type": "Feature",
      "id": "F22-HAW-213",
      "geometry": {
        "type": "MultiPoint",
        "coordinates": [
          [
            -61.3775401083432,
            45.609030717350336
          ]
        ]
      },
      "properties": {
        "id": "F22-HAW-213",
        "source_text": "Point Tupper",
        "kind": "point",
        "reading_status": "clear",
        "crop_id": "F22-R04C04",
        "raw_candidate_ids": [
          "F22-R04C04-09"
        ],
        "source_label_boxes_xywh": [
          [
            6090,
            5301,
            259,
            49
          ]
        ],
        "review_status": "source-reviewed",
        "geometry": null,
        "placement_status": "deferred",
        "review_note": "",
        "fit_revision": "a6619d96ba8fa8279ea6a8027654a92b15942b9d",
        "fit_sha256": "e96a8934ae42cc6dbc079e69afebb743c05decf0a61f19ac24eb620be48c32ed",
        "label_anchors": [
          {
            "box_index": 0,
            "source_pixel_xy": [
              6219.5,
              5325.5
            ],
            "covering_crop_ids": [
              "F22-R04C04"
            ],
            "inside_control_hull": true,
            "status": "derived-lettering-location",
            "projected_xy_m": [
              -6832516.51100449,
              5717915.95751549
            ],
            "lonlat": [
              -61.3775401083432,
              45.609030717350336
            ]
          }
        ],
        "geographic_role": "printed-lettering-only"
      }
    },
    {
      "type": "Feature",
      "id": "F22-HAW-214",
      "geometry": {
        "type": "MultiPoint",
        "coordinates": [
          [
            -61.37870415945884,
            45.60763218197771
          ]
        ]
      },
      "properties": {
        "id": "F22-HAW-214",
        "source_text": "Lt F. Red, 44 ft. vis. 7 m.",
        "kind": "lighthouse-label",
        "reading_status": "clear",
        "crop_id": "F22-R04C04",
        "raw_candidate_ids": [
          "F22-R04C04-10"
        ],
        "source_label_boxes_xywh": [
          [
            6042,
            5348,
            305,
            40
          ]
        ],
        "review_status": "source-reviewed",
        "geometry": null,
        "placement_status": "deferred",
        "review_note": "Literal source light characteristic, height and visibility abbreviations; not present-day navigation guidance.",
        "fit_revision": "a6619d96ba8fa8279ea6a8027654a92b15942b9d",
        "fit_sha256": "e96a8934ae42cc6dbc079e69afebb743c05decf0a61f19ac24eb620be48c32ed",
        "label_anchors": [
          {
            "box_index": 0,
            "source_pixel_xy": [
              6194.5,
              5368.0
            ],
            "covering_crop_ids": [
              "F22-R04C04"
            ],
            "inside_control_hull": true,
            "status": "derived-lettering-location",
            "projected_xy_m": [
              -6832646.09258194,
              5717693.41138649
            ],
            "lonlat": [
              -61.37870415945884,
              45.60763218197771
            ]
          }
        ],
        "geographic_role": "printed-lettering-only"
      }
    },
    {
      "type": "Feature",
      "id": "F22-HAW-215",
      "geometry": {
        "type": "MultiPoint",
        "coordinates": [
          [
            -61.39808904309622,
            45.606507222779044
          ]
        ]
      },
      "properties": {
        "id": "F22-HAW-215",
        "source_text": "Wylde's Cove",
        "kind": "cove",
        "reading_status": "clear",
        "crop_id": "F22-R04C04",
        "raw_candidate_ids": [
          "F22-R04C04-11"
        ],
        "source_label_boxes_xywh": [
          [
            5627,
            5367,
            316,
            55
          ]
        ],
        "review_status": "source-reviewed",
        "geometry": null,
        "placement_status": "deferred",
        "review_note": "",
        "fit_revision": "a6619d96ba8fa8279ea6a8027654a92b15942b9d",
        "fit_sha256": "e96a8934ae42cc6dbc079e69afebb743c05decf0a61f19ac24eb620be48c32ed",
        "label_anchors": [
          {
            "box_index": 0,
            "source_pixel_xy": [
              5785.0,
              5394.5
            ],
            "covering_crop_ids": [
              "F22-R04C04"
            ],
            "inside_control_hull": true,
            "status": "derived-lettering-location",
            "projected_xy_m": [
              -6834804.00795754,
              5717514.40291201
            ],
            "lonlat": [
              -61.39808904309622,
              45.606507222779044
            ]
          }
        ],
        "geographic_role": "printed-lettering-only"
      }
    },
    {
      "type": "Feature",
      "id": "F22-HAW-216",
      "geometry": {
        "type": "MultiPoint",
        "coordinates": [
          [
            -61.39654200497187,
            45.60544481136501
          ]
        ]
      },
      "properties": {
        "id": "F22-HAW-216",
        "source_text": "Railway Terminus",
        "kind": "railway-annotation",
        "reading_status": "clear",
        "crop_id": "F22-R04C04",
        "raw_candidate_ids": [
          "F22-R04C04-12"
        ],
        "source_label_boxes_xywh": [
          [
            5684,
            5405,
            267,
            46
          ]
        ],
        "review_status": "source-reviewed",
        "geometry": null,
        "placement_status": "deferred",
        "review_note": "Separate printed description below Wylde’s Cove.",
        "fit_revision": "a6619d96ba8fa8279ea6a8027654a92b15942b9d",
        "fit_sha256": "e96a8934ae42cc6dbc079e69afebb743c05decf0a61f19ac24eb620be48c32ed",
        "label_anchors": [
          {
            "box_index": 0,
            "source_pixel_xy": [
              5817.5,
              5428.0
            ],
            "covering_crop_ids": [
              "F22-R04C04"
            ],
            "inside_control_hull": true,
            "status": "derived-lettering-location",
            "projected_xy_m": [
              -6834631.7924613,
              5717345.3506132
            ],
            "lonlat": [
              -61.39654200497187,
              45.60544481136501
            ]
          }
        ],
        "geographic_role": "printed-lettering-only"
      }
    },
    {
      "type": "Feature",
      "id": "F22-HAW-217",
      "geometry": {
        "type": "MultiPoint",
        "coordinates": [
          [
            -61.36773023850793,
            45.60659695194741
          ]
        ]
      },
      "properties": {
        "id": "F22-HAW-217",
        "source_text": "Marine\nSlip",
        "kind": "marine-slip",
        "reading_status": "clear",
        "crop_id": "F22-R04C04",
        "raw_candidate_ids": [
          "F22-R04C04-15",
          "F22-R04C05-19"
        ],
        "source_label_boxes_xywh": [
          [
            6379,
            5379,
            100,
            52
          ]
        ],
        "review_status": "source-reviewed",
        "geometry": null,
        "placement_status": "deferred",
        "review_note": "",
        "fit_revision": "a6619d96ba8fa8279ea6a8027654a92b15942b9d",
        "fit_sha256": "e96a8934ae42cc6dbc079e69afebb743c05decf0a61f19ac24eb620be48c32ed",
        "label_anchors": [
          {
            "box_index": 0,
            "source_pixel_xy": [
              6429.0,
              5405.0
            ],
            "covering_crop_ids": [
              "F22-R04C04",
              "F22-R04C05"
            ],
            "inside_control_hull": true,
            "status": "derived-lettering-location",
            "projected_xy_m": [
              -6831424.48128968,
              5717528.68088169
            ],
            "lonlat": [
              -61.36773023850793,
              45.60659695194741
            ]
          }
        ],
        "geographic_role": "printed-lettering-only"
      }
    },
    {
      "type": "Feature",
      "id": "F22-HAW-218",
      "geometry": {
        "type": "MultiPoint",
        "coordinates": [
          [
            -61.3973395740968,
            45.59905881857417
          ]
        ]
      },
      "properties": {
        "id": "F22-HAW-218",
        "source_text": "140 FT",
        "kind": "spot-height-label",
        "reading_status": "clear",
        "crop_id": "F22-R04C04",
        "raw_candidate_ids": [
          "F22-R04C04-22"
        ],
        "source_label_boxes_xywh": [
          [
            5735,
            5605,
            132,
            41
          ]
        ],
        "review_status": "source-reviewed",
        "geometry": null,
        "placement_status": "deferred",
        "review_note": "",
        "fit_revision": "a6619d96ba8fa8279ea6a8027654a92b15942b9d",
        "fit_sha256": "e96a8934ae42cc6dbc079e69afebb743c05decf0a61f19ac24eb620be48c32ed",
        "label_anchors": [
          {
            "box_index": 0,
            "source_pixel_xy": [
              5801.0,
              5625.5
            ],
            "covering_crop_ids": [
              "F22-R04C04"
            ],
            "inside_control_hull": true,
            "status": "derived-lettering-location",
            "projected_xy_m": [
              -6834720.57745016,
              5716329.27051061
            ],
            "lonlat": [
              -61.3973395740968,
              45.59905881857417
            ]
          }
        ],
        "geographic_role": "printed-lettering-only"
      }
    },
    {
      "type": "Feature",
      "id": "F22-HAW-219",
      "geometry": {
        "type": "MultiPoint",
        "coordinates": [
          [
            -61.39140647955556,
            45.596638276041716
          ]
        ]
      },
      "properties": {
        "id": "F22-HAW-219",
        "source_text": "Quarry",
        "kind": "quarry",
        "reading_status": "clear",
        "crop_id": "F22-R04C04",
        "raw_candidate_ids": [
          "F22-R04C04-13"
        ],
        "source_label_boxes_xywh": [
          [
            5875,
            5683,
            104,
            40
          ]
        ],
        "review_status": "source-reviewed",
        "geometry": null,
        "placement_status": "deferred",
        "review_note": "",
        "fit_revision": "a6619d96ba8fa8279ea6a8027654a92b15942b9d",
        "fit_sha256": "e96a8934ae42cc6dbc079e69afebb743c05decf0a61f19ac24eb620be48c32ed",
        "label_anchors": [
          {
            "box_index": 0,
            "source_pixel_xy": [
              5927.0,
              5703.0
            ],
            "covering_crop_ids": [
              "F22-R04C04",
              "F22-R05C04"
            ],
            "inside_control_hull": true,
            "status": "derived-lettering-location",
            "projected_xy_m": [
              -6834060.108387,
              5715944.16639685
            ],
            "lonlat": [
              -61.39140647955556,
              45.596638276041716
            ]
          }
        ],
        "geographic_role": "printed-lettering-only"
      }
    },
    {
      "type": "Feature",
      "id": "F22-HAW-220",
      "geometry": {
        "type": "MultiPoint",
        "coordinates": [
          [
            -61.383228113801785,
            45.5962421028576
          ]
        ]
      },
      "properties": {
        "id": "F22-HAW-220",
        "source_text": "School",
        "kind": "school",
        "reading_status": "clear",
        "crop_id": "F22-R04C04",
        "raw_candidate_ids": [
          "F22-R04C04-14"
        ],
        "source_label_boxes_xywh": [
          [
            6048,
            5699,
            105,
            39
          ]
        ],
        "review_status": "source-reviewed",
        "geometry": null,
        "placement_status": "deferred",
        "review_note": "",
        "fit_revision": "a6619d96ba8fa8279ea6a8027654a92b15942b9d",
        "fit_sha256": "e96a8934ae42cc6dbc079e69afebb743c05decf0a61f19ac24eb620be48c32ed",
        "label_anchors": [
          {
            "box_index": 0,
            "source_pixel_xy": [
              6100.5,
              5718.5
            ],
            "covering_crop_ids": [
              "F22-R04C04",
              "F22-R05C04"
            ],
            "inside_control_hull": true,
            "status": "derived-lettering-location",
            "projected_xy_m": [
              -6833149.69687577,
              5715881.13751314
            ],
            "lonlat": [
              -61.383228113801785,
              45.5962421028576
            ]
          }
        ],
        "geographic_role": "printed-lettering-only"
      }
    },
    {
      "type": "Feature",
      "id": "F22-HAW-221",
      "geometry": {
        "type": "MultiPoint",
        "coordinates": [
          [
            -61.38660865607376,
            45.59214710899919
          ]
        ]
      },
      "properties": {
        "id": "F22-HAW-221",
        "source_text": "STA.",
        "kind": "station-label",
        "reading_status": "clear",
        "crop_id": "F22-R04C04",
        "raw_candidate_ids": [
          "F22-R04C04-23"
        ],
        "source_label_boxes_xywh": [
          [
            5991,
            5823,
            79,
            43
          ]
        ],
        "review_status": "source-reviewed",
        "geometry": null,
        "placement_status": "deferred",
        "review_note": "",
        "fit_revision": "a6619d96ba8fa8279ea6a8027654a92b15942b9d",
        "fit_sha256": "e96a8934ae42cc6dbc079e69afebb743c05decf0a61f19ac24eb620be48c32ed",
        "label_anchors": [
          {
            "box_index": 0,
            "source_pixel_xy": [
              6030.5,
              5844.5
            ],
            "covering_crop_ids": [
              "F22-R04C04",
              "F22-R05C04"
            ],
            "inside_control_hull": true,
            "status": "derived-lettering-location",
            "projected_xy_m": [
              -6833526.01712009,
              5715229.67352162
            ],
            "lonlat": [
              -61.38660865607376,
              45.59214710899919
            ]
          }
        ],
        "geographic_role": "printed-lettering-only"
      }
    },
    {
      "type": "Feature",
      "id": "F22-HAW-222",
      "geometry": {
        "type": "MultiPoint",
        "coordinates": [
          [
            -61.366230289243525,
            45.594266584224044
          ]
        ]
      },
      "properties": {
        "id": "F22-HAW-222",
        "source_text": "Madden\nPoint",
        "kind": "point",
        "reading_status": "clear",
        "crop_id": "F22-R04C05",
        "raw_candidate_ids": [
          "F22-R04C05-18",
          "F22-R04C04-16"
        ],
        "source_label_boxes_xywh": [
          [
            6383,
            5751,
            164,
            72
          ]
        ],
        "review_status": "source-reviewed",
        "geometry": null,
        "placement_status": "deferred",
        "review_note": "",
        "fit_revision": "a6619d96ba8fa8279ea6a8027654a92b15942b9d",
        "fit_sha256": "e96a8934ae42cc6dbc079e69afebb743c05decf0a61f19ac24eb620be48c32ed",
        "label_anchors": [
          {
            "box_index": 0,
            "source_pixel_xy": [
              6465.0,
              5787.0
            ],
            "covering_crop_ids": [
              "F22-R04C04",
              "F22-R04C05",
              "F22-R05C04",
              "F22-R05C05"
            ],
            "inside_control_hull": true,
            "status": "derived-lettering-location",
            "projected_xy_m": [
              -6831257.50770135,
              5715566.85045884
            ],
            "lonlat": [
              -61.366230289243525,
              45.594266584224044
            ]
          }
        ],
        "geographic_role": "printed-lettering-only"
      }
    },
    {
      "type": "Feature",
      "id": "F22-HAW-223",
      "geometry": {
        "type": "MultiPoint",
        "coordinates": [
          [
            -61.35263311644095,
            45.62453925180639
          ]
        ]
      },
      "properties": {
        "id": "F22-HAW-223",
        "source_text": "Emery Pond",
        "kind": "waterbody",
        "reading_status": "clear",
        "crop_id": "F22-R04C05",
        "raw_candidate_ids": [
          "F22-R04C05-07"
        ],
        "source_label_boxes_xywh": [
          [
            6664,
            4841,
            206,
            50
          ]
        ],
        "review_status": "source-reviewed",
        "geometry": null,
        "placement_status": "deferred",
        "review_note": "",
        "fit_revision": "a6619d96ba8fa8279ea6a8027654a92b15942b9d",
        "fit_sha256": "e96a8934ae42cc6dbc079e69afebb743c05decf0a61f19ac24eb620be48c32ed",
        "label_anchors": [
          {
            "box_index": 0,
            "source_pixel_xy": [
              6767.0,
              4866.0
            ],
            "covering_crop_ids": [
              "F22-R04C05"
            ],
            "inside_control_hull": true,
            "status": "derived-lettering-location",
            "projected_xy_m": [
              -6829743.87734874,
              5720384.17153167
            ],
            "lonlat": [
              -61.35263311644095,
              45.62453925180639
            ]
          }
        ],
        "geographic_role": "printed-lettering-only"
      }
    },
    {
      "type": "Feature",
      "id": "F22-HAW-224",
      "geometry": {
        "type": "MultiPoint",
        "coordinates": [
          [
            -61.33353228972932,
            45.62341709769673
          ]
        ]
      },
      "properties": {
        "id": "F22-HAW-224",
        "source_text": "Black shale",
        "kind": "geology-annotation",
        "reading_status": "clear",
        "crop_id": "F22-R04C05",
        "raw_candidate_ids": [
          "F22-R04C05-08"
        ],
        "source_label_boxes_xywh": [
          [
            7141,
            4809,
            89,
            204
          ]
        ],
        "review_status": "source-reviewed",
        "geometry": null,
        "placement_status": "deferred",
        "review_note": "Literal descriptive rock label; reject model Back Shore. Source-only annotation, not a modern geology claim.",
        "fit_revision": "a6619d96ba8fa8279ea6a8027654a92b15942b9d",
        "fit_sha256": "e96a8934ae42cc6dbc079e69afebb743c05decf0a61f19ac24eb620be48c32ed",
        "label_anchors": [
          {
            "box_index": 0,
            "source_pixel_xy": [
              7185.5,
              4911.0
            ],
            "covering_crop_ids": [
              "F22-R04C05"
            ],
            "inside_control_hull": true,
            "status": "derived-lettering-location",
            "projected_xy_m": [
              -6827617.58304547,
              5720205.55556748
            ],
            "lonlat": [
              -61.33353228972932,
              45.62341709769673
            ]
          }
        ],
        "geographic_role": "printed-lettering-only"
      }
    },
    {
      "type": "Feature",
      "id": "F22-HAW-225",
      "geometry": {
        "type": "MultiPoint",
        "coordinates": [
          [
            -61.35224429978143,
            45.61721881127729
          ]
        ]
      },
      "properties": {
        "id": "F22-HAW-225",
        "source_text": "100 FT",
        "kind": "spot-height-label",
        "reading_status": "clear",
        "crop_id": "F22-R04C05",
        "raw_candidate_ids": [
          "F22-R04C05-09"
        ],
        "source_label_boxes_xywh": [
          [
            6707,
            5069,
            127,
            40
          ]
        ],
        "review_status": "source-reviewed",
        "geometry": null,
        "placement_status": "deferred",
        "review_note": "",
        "fit_revision": "a6619d96ba8fa8279ea6a8027654a92b15942b9d",
        "fit_sha256": "e96a8934ae42cc6dbc079e69afebb743c05decf0a61f19ac24eb620be48c32ed",
        "label_anchors": [
          {
            "box_index": 0,
            "source_pixel_xy": [
              6770.5,
              5089.0
            ],
            "covering_crop_ids": [
              "F22-R04C05"
            ],
            "inside_control_hull": true,
            "status": "derived-lettering-location",
            "projected_xy_m": [
              -6829700.59447619,
              5719219.02384146
            ],
            "lonlat": [
              -61.35224429978143,
              45.61721881127729
            ]
          }
        ],
        "geographic_role": "printed-lettering-only"
      }
    },
    {
      "type": "Feature",
      "id": "F22-HAW-226",
      "geometry": {
        "type": "MultiPoint",
        "coordinates": [
          [
            -61.35777986485174,
            45.61542244723349
          ]
        ]
      },
      "properties": {
        "id": "F22-HAW-226",
        "source_text": "Hawkesbury",
        "kind": "settlement",
        "reading_status": "clear",
        "crop_id": "F22-R04C05",
        "raw_candidate_ids": [
          "F22-R04C05-14"
        ],
        "source_label_boxes_xywh": [
          [
            6502,
            4979,
            293,
            323
          ]
        ],
        "review_status": "source-reviewed",
        "geometry": null,
        "placement_status": "deferred",
        "review_note": "",
        "fit_revision": "a6619d96ba8fa8279ea6a8027654a92b15942b9d",
        "fit_sha256": "e96a8934ae42cc6dbc079e69afebb743c05decf0a61f19ac24eb620be48c32ed",
        "label_anchors": [
          {
            "box_index": 0,
            "source_pixel_xy": [
              6648.5,
              5140.5
            ],
            "covering_crop_ids": [
              "F22-R04C05"
            ],
            "inside_control_hull": true,
            "status": "derived-lettering-location",
            "projected_xy_m": [
              -6830316.81076107,
              5718933.13131133
            ],
            "lonlat": [
              -61.35777986485174,
              45.61542244723349
            ]
          }
        ],
        "geographic_role": "printed-lettering-only"
      }
    },
    {
      "type": "Feature",
      "id": "F22-HAW-227",
      "geometry": {
        "type": "MultiPoint",
        "coordinates": [
          [
            -61.35289035465508,
            45.612454428204586
          ]
        ]
      },
      "properties": {
        "id": "F22-HAW-227",
        "source_text": "R.C.Ch.",
        "kind": "church",
        "reading_status": "clear",
        "crop_id": "F22-R04C05",
        "raw_candidate_ids": [],
        "source_label_boxes_xywh": [
          [
            6708,
            5215,
            92,
            38
          ]
        ],
        "review_status": "source-reviewed",
        "geometry": null,
        "placement_status": "deferred",
        "review_note": "Omitted from first-pass candidates; small text beside Hawkesbury.",
        "fit_revision": "a6619d96ba8fa8279ea6a8027654a92b15942b9d",
        "fit_sha256": "e96a8934ae42cc6dbc079e69afebb743c05decf0a61f19ac24eb620be48c32ed",
        "label_anchors": [
          {
            "box_index": 0,
            "source_pixel_xy": [
              6754.0,
              5234.0
            ],
            "covering_crop_ids": [
              "F22-R04C05"
            ],
            "inside_control_hull": true,
            "status": "derived-lettering-location",
            "projected_xy_m": [
              -6829772.51297575,
              5718460.7891777
            ],
            "lonlat": [
              -61.35289035465508,
              45.612454428204586
            ]
          }
        ],
        "geographic_role": "printed-lettering-only"
      }
    },
    {
      "type": "Feature",
      "id": "F22-HAW-228",
      "geometry": {
        "type": "MultiPoint",
        "coordinates": [
          [
            -61.364845026511624,
            45.61083670198181
          ],
          [
            -61.357518993554606,
            45.6088363573851
          ]
        ]
      },
      "properties": {
        "id": "F22-HAW-228",
        "source_text": "Ship Harbour",
        "kind": "harbour",
        "reading_status": "clear",
        "crop_id": "F22-R04C05",
        "raw_candidate_ids": [
          "F22-R04C05-13",
          "F22-R04C05-15",
          "F22-R04C05-16"
        ],
        "source_label_boxes_xywh": [
          [
            6438,
            5240,
            109,
            73
          ],
          [
            6544,
            5293,
            215,
            98
          ]
        ],
        "review_status": "source-reviewed",
        "geometry": null,
        "placement_status": "deferred",
        "review_note": "One multipart harbour name, not separate Ship and Harbour annotations.",
        "fit_revision": "a6619d96ba8fa8279ea6a8027654a92b15942b9d",
        "fit_sha256": "e96a8934ae42cc6dbc079e69afebb743c05decf0a61f19ac24eb620be48c32ed",
        "label_anchors": [
          {
            "box_index": 0,
            "source_pixel_xy": [
              6492.5,
              5276.5
            ],
            "covering_crop_ids": [
              "F22-R04C04",
              "F22-R04C05"
            ],
            "inside_control_hull": true,
            "status": "derived-lettering-location",
            "projected_xy_m": [
              -6831103.30095942,
              5718203.34843732
            ],
            "lonlat": [
              -61.364845026511624,
              45.61083670198181
            ]
          },
          {
            "box_index": 1,
            "source_pixel_xy": [
              6651.5,
              5342.0
            ],
            "covering_crop_ids": [
              "F22-R04C05"
            ],
            "inside_control_hull": true,
            "status": "derived-lettering-location",
            "projected_xy_m": [
              -6830287.77070111,
              5717885.02907204
            ],
            "lonlat": [
              -61.357518993554606,
              45.6088363573851
            ]
          }
        ],
        "geographic_role": "printed-lettering-only"
      }
    },
    {
      "type": "Feature",
      "id": "F22-HAW-229",
      "geometry": {
        "type": "MultiPoint",
        "coordinates": [
          [
            -61.36082288964998,
            45.60441292541801
          ]
        ]
      },
      "properties": {
        "id": "F22-HAW-229",
        "source_text": "60 FT",
        "kind": "spot-height-label",
        "reading_status": "clear",
        "crop_id": "F22-R04C05",
        "raw_candidate_ids": [
          "F22-R04C05-10"
        ],
        "source_label_boxes_xywh": [
          [
            6521,
            5455,
            116,
            42
          ]
        ],
        "review_status": "source-reviewed",
        "geometry": null,
        "placement_status": "deferred",
        "review_note": "",
        "fit_revision": "a6619d96ba8fa8279ea6a8027654a92b15942b9d",
        "fit_sha256": "e96a8934ae42cc6dbc079e69afebb743c05decf0a61f19ac24eb620be48c32ed",
        "label_anchors": [
          {
            "box_index": 0,
            "source_pixel_xy": [
              6579.0,
              5476.0
            ],
            "covering_crop_ids": [
              "F22-R04C05"
            ],
            "inside_control_hull": true,
            "status": "derived-lettering-location",
            "projected_xy_m": [
              -6830655.55873208,
              5717181.15863171
            ],
            "lonlat": [
              -61.36082288964998,
              45.60441292541801
            ]
          }
        ],
        "geographic_role": "printed-lettering-only"
      }
    },
    {
      "type": "Feature",
      "id": "F22-HAW-230",
      "geometry": {
        "type": "MultiPoint",
        "coordinates": [
          [
            -61.347811207381056,
            45.60461881982349
          ]
        ]
      },
      "properties": {
        "id": "F22-HAW-230",
        "source_text": "163 FT",
        "kind": "spot-height-label",
        "reading_status": "clear",
        "crop_id": "F22-R04C05",
        "raw_candidate_ids": [
          "F22-R04C05-11"
        ],
        "source_label_boxes_xywh": [
          [
            6802,
            5456,
            124,
            42
          ]
        ],
        "review_status": "source-reviewed",
        "geometry": null,
        "placement_status": "deferred",
        "review_note": "",
        "fit_revision": "a6619d96ba8fa8279ea6a8027654a92b15942b9d",
        "fit_sha256": "e96a8934ae42cc6dbc079e69afebb743c05decf0a61f19ac24eb620be48c32ed",
        "label_anchors": [
          {
            "box_index": 0,
            "source_pixel_xy": [
              6864.0,
              5477.0
            ],
            "covering_crop_ids": [
              "F22-R04C05"
            ],
            "inside_control_hull": true,
            "status": "derived-lettering-location",
            "projected_xy_m": [
              -6829207.10488754,
              5717213.91996704
            ],
            "lonlat": [
              -61.347811207381056,
              45.60461881982349
            ]
          }
        ],
        "geographic_role": "printed-lettering-only"
      }
    },
    {
      "type": "Feature",
      "id": "F22-HAW-231",
      "geometry": {
        "type": "MultiPoint",
        "coordinates": [
          [
            -61.31816450203321,
            45.61410141309438
          ],
          [
            -61.31004311008946,
            45.61418223130824
          ]
        ]
      },
      "properties": {
        "id": "F22-HAW-231",
        "source_text": "Mines Road",
        "kind": "road",
        "reading_status": "clear",
        "crop_id": "F22-R04C05",
        "raw_candidate_ids": [
          "F22-R04C05-20",
          "F22-R04C06-04"
        ],
        "source_label_boxes_xywh": [
          [
            7456,
            5181,
            133,
            44
          ],
          [
            7647,
            5180,
            113,
            49
          ]
        ],
        "review_status": "source-reviewed",
        "geometry": null,
        "placement_status": "deferred",
        "review_note": "Western occurrence of the road label, continued in C06 overlap; distinct from the label beside Richmond Mine.",
        "fit_revision": "a6619d96ba8fa8279ea6a8027654a92b15942b9d",
        "fit_sha256": "e96a8934ae42cc6dbc079e69afebb743c05decf0a61f19ac24eb620be48c32ed",
        "label_anchors": [
          {
            "box_index": 0,
            "source_pixel_xy": [
              7522.5,
              5203.0
            ],
            "covering_crop_ids": [
              "F22-R04C05",
              "F22-R04C06"
            ],
            "inside_control_hull": true,
            "status": "derived-lettering-location",
            "projected_xy_m": [
              -6825906.84874452,
              5718722.89369481
            ],
            "lonlat": [
              -61.31816450203321,
              45.61410141309438
            ]
          },
          {
            "box_index": 1,
            "source_pixel_xy": [
              7703.5,
              5204.5
            ],
            "covering_crop_ids": [
              "F22-R04C06"
            ],
            "inside_control_hull": true,
            "status": "derived-lettering-location",
            "projected_xy_m": [
              -6825002.77952881,
              5718735.75546747
            ],
            "lonlat": [
              -61.31004311008946,
              45.61418223130824
            ]
          }
        ],
        "geographic_role": "printed-lettering-only"
      }
    },
    {
      "type": "Feature",
      "id": "F22-HAW-232",
      "geometry": {
        "type": "MultiPoint",
        "coordinates": [
          [
            -61.31759198254775,
            45.60937815084322
          ],
          [
            -61.30530581138083,
            45.609519958851585
          ]
        ]
      },
      "properties": {
        "id": "F22-HAW-232",
        "source_text": "Rocky Barrens",
        "kind": "landscape-annotation",
        "reading_status": "clear",
        "crop_id": "F22-R04C05",
        "raw_candidate_ids": [
          "F22-R04C05-21",
          "F22-R04C05-22",
          "F22-R04C06-05"
        ],
        "source_label_boxes_xywh": [
          [
            7444,
            5324,
            180,
            47
          ],
          [
            7693,
            5323,
            230,
            52
          ]
        ],
        "review_status": "source-reviewed",
        "geometry": null,
        "placement_status": "deferred",
        "review_note": "Complete across C05/C06; reject duplicate model Rocky fragments.",
        "fit_revision": "a6619d96ba8fa8279ea6a8027654a92b15942b9d",
        "fit_sha256": "e96a8934ae42cc6dbc079e69afebb743c05decf0a61f19ac24eb620be48c32ed",
        "label_anchors": [
          {
            "box_index": 0,
            "source_pixel_xy": [
              7534.0,
              5347.5
            ],
            "covering_crop_ids": [
              "F22-R04C05",
              "F22-R04C06"
            ],
            "inside_control_hull": true,
            "status": "derived-lettering-location",
            "projected_xy_m": [
              -6825843.11616693,
              5717971.24477088
            ],
            "lonlat": [
              -61.31759198254775,
              45.60937815084322
            ]
          },
          {
            "box_index": 1,
            "source_pixel_xy": [
              7808.0,
              5349.0
            ],
            "covering_crop_ids": [
              "F22-R04C06"
            ],
            "inside_control_hull": true,
            "status": "derived-lettering-location",
            "projected_xy_m": [
              -6824475.42584883,
              5717993.81084447
            ],
            "lonlat": [
              -61.30530581138083,
              45.609519958851585
            ]
          }
        ],
        "geographic_role": "printed-lettering-only"
      }
    },
    {
      "type": "Feature",
      "id": "F22-HAW-233",
      "geometry": {
        "type": "MultiPoint",
        "coordinates": [
          [
            -61.31291628995663,
            45.594584058319995
          ]
        ]
      },
      "properties": {
        "id": "F22-HAW-233",
        "source_text": "Spring",
        "kind": "spring",
        "reading_status": "clear",
        "crop_id": "F22-R04C05",
        "raw_candidate_ids": [
          "F22-R04C05-24",
          "F22-R04C06-08"
        ],
        "source_label_boxes_xywh": [
          [
            7570,
            5777,
            133,
            52
          ]
        ],
        "review_status": "source-reviewed",
        "geometry": null,
        "placement_status": "deferred",
        "review_note": "",
        "fit_revision": "a6619d96ba8fa8279ea6a8027654a92b15942b9d",
        "fit_sha256": "e96a8934ae42cc6dbc079e69afebb743c05decf0a61f19ac24eb620be48c32ed",
        "label_anchors": [
          {
            "box_index": 0,
            "source_pixel_xy": [
              7636.5,
              5803.0
            ],
            "covering_crop_ids": [
              "F22-R04C05",
              "F22-R04C06",
              "F22-R05C05",
              "F22-R05C06"
            ],
            "inside_control_hull": true,
            "status": "derived-lettering-location",
            "projected_xy_m": [
              -6825322.62044858,
              5715617.35695508
            ],
            "lonlat": [
              -61.31291628995663,
              45.594584058319995
            ]
          }
        ],
        "geographic_role": "printed-lettering-only"
      }
    },
    {
      "type": "Feature",
      "id": "F22-HAW-234",
      "geometry": {
        "type": "MultiPoint",
        "coordinates": [
          [
            -61.31534858700012,
            45.59254783872116
          ]
        ]
      },
      "properties": {
        "id": "F22-HAW-234",
        "source_text": "Landrie Lake",
        "kind": "waterbody",
        "reading_status": "clear",
        "crop_id": "F22-R04C05",
        "raw_candidate_ids": [
          "F22-R04C05-23",
          "F22-R04C06-07"
        ],
        "source_label_boxes_xywh": [
          [
            7472,
            5800,
            221,
            129
          ]
        ],
        "review_status": "source-reviewed",
        "geometry": null,
        "placement_status": "deferred",
        "review_note": "Completed in row-five native overlap; reject partial Landriel reading.",
        "fit_revision": "a6619d96ba8fa8279ea6a8027654a92b15942b9d",
        "fit_sha256": "e96a8934ae42cc6dbc079e69afebb743c05decf0a61f19ac24eb620be48c32ed",
        "label_anchors": [
          {
            "box_index": 0,
            "source_pixel_xy": [
              7582.5,
              5864.5
            ],
            "covering_crop_ids": [
              "F22-R04C05",
              "F22-R04C06",
              "F22-R05C05",
              "F22-R05C06"
            ],
            "inside_control_hull": true,
            "status": "derived-lettering-location",
            "projected_xy_m": [
              -6825593.38251692,
              5715293.42267506
            ],
            "lonlat": [
              -61.31534858700012,
              45.59254783872116
            ]
          }
        ],
        "geographic_role": "printed-lettering-only"
      }
    },
    {
      "type": "Feature",
      "id": "F22-HAW-235",
      "geometry": {
        "type": "MultiPoint",
        "coordinates": [
          [
            -61.27465564504468,
            45.61621529453446
          ]
        ]
      },
      "properties": {
        "id": "F22-HAW-235",
        "source_text": "Richmond Mine",
        "kind": "mine",
        "reading_status": "clear",
        "crop_id": "F22-R04C06",
        "raw_candidate_ids": [
          "F22-R04C06-11",
          "F22-DETAIL-MINE-SHALES-01"
        ],
        "source_label_boxes_xywh": [
          [
            8334,
            5134,
            324,
            46
          ]
        ],
        "review_status": "source-reviewed",
        "geometry": null,
        "placement_status": "deferred",
        "review_note": "",
        "fit_revision": "a6619d96ba8fa8279ea6a8027654a92b15942b9d",
        "fit_sha256": "e96a8934ae42cc6dbc079e69afebb743c05decf0a61f19ac24eb620be48c32ed",
        "label_anchors": [
          {
            "box_index": 0,
            "source_pixel_xy": [
              8496.0,
              5157.0
            ],
            "covering_crop_ids": [
              "F22-R04C06"
            ],
            "inside_control_hull": true,
            "status": "derived-lettering-location",
            "projected_xy_m": [
              -6821063.46493956,
              5719059.31235658
            ],
            "lonlat": [
              -61.27465564504468,
              45.61621529453446
            ]
          }
        ],
        "geographic_role": "printed-lettering-only"
      }
    },
    {
      "type": "Feature",
      "id": "F22-HAW-236",
      "geometry": {
        "type": "MultiPoint",
        "coordinates": [
          [
            -61.26834414292315,
            45.6131239342216
          ],
          [
            -61.260863077901334,
            45.61413835841568
          ]
        ]
      },
      "properties": {
        "id": "F22-HAW-236",
        "source_text": "Mines Road",
        "kind": "road",
        "reading_status": "clear",
        "crop_id": "F22-R04C06",
        "raw_candidate_ids": [
          "F22-R04C06-12",
          "F22-R04C06-13",
          "F22-R04C07-17",
          "F22-DETAIL-MINE-SHALES-02"
        ],
        "source_label_boxes_xywh": [
          [
            8570,
            5234,
            133,
            39
          ],
          [
            8746,
            5179,
            117,
            92
          ]
        ],
        "review_status": "source-reviewed",
        "geometry": null,
        "placement_status": "deferred",
        "review_note": "Separate eastern printed occurrence from F22-HAW-231.",
        "fit_revision": "a6619d96ba8fa8279ea6a8027654a92b15942b9d",
        "fit_sha256": "e96a8934ae42cc6dbc079e69afebb743c05decf0a61f19ac24eb620be48c32ed",
        "label_anchors": [
          {
            "box_index": 0,
            "source_pixel_xy": [
              8636.5,
              5253.5
            ],
            "covering_crop_ids": [
              "F22-R04C06"
            ],
            "inside_control_hull": true,
            "status": "derived-lettering-location",
            "projected_xy_m": [
              -6820360.87173725,
              5718567.33479516
            ],
            "lonlat": [
              -61.26834414292315,
              45.6131239342216
            ]
          },
          {
            "box_index": 1,
            "source_pixel_xy": [
              8804.5,
              5225.0
            ],
            "covering_crop_ids": [
              "F22-R04C06",
              "F22-R04C07"
            ],
            "inside_control_hull": true,
            "status": "derived-lettering-location",
            "projected_xy_m": [
              -6819528.08338843,
              5718728.77333647
            ],
            "lonlat": [
              -61.260863077901334,
              45.61413835841568
            ]
          }
        ],
        "geographic_role": "printed-lettering-only"
      }
    },
    {
      "type": "Feature",
      "id": "F22-HAW-237",
      "geometry": {
        "type": "MultiPoint",
        "coordinates": [
          [
            -61.26370620603312,
            45.61029534037373
          ]
        ]
      },
      "properties": {
        "id": "F22-HAW-237",
        "source_text": "Pit",
        "kind": "pit",
        "reading_status": "clear",
        "crop_id": "F22-R04C06",
        "raw_candidate_ids": [
          "F22-R04C06-14",
          "F22-R04C07-20",
          "F22-DETAIL-MINE-SHALES-12"
        ],
        "source_label_boxes_xywh": [
          [
            8712,
            5323,
            55,
            37
          ]
        ],
        "review_status": "source-reviewed",
        "geometry": null,
        "placement_status": "deferred",
        "review_note": "",
        "fit_revision": "a6619d96ba8fa8279ea6a8027654a92b15942b9d",
        "fit_sha256": "e96a8934ae42cc6dbc079e69afebb743c05decf0a61f19ac24eb620be48c32ed",
        "label_anchors": [
          {
            "box_index": 0,
            "source_pixel_xy": [
              8739.5,
              5341.5
            ],
            "covering_crop_ids": [
              "F22-R04C06",
              "F22-R04C07"
            ],
            "inside_control_hull": true,
            "status": "derived-lettering-location",
            "projected_xy_m": [
              -6819844.57896432,
              5718117.19921831
            ],
            "lonlat": [
              -61.26370620603312,
              45.61029534037373
            ]
          }
        ],
        "geographic_role": "printed-lettering-only"
      }
    },
    {
      "type": "Feature",
      "id": "F22-HAW-238",
      "geometry": {
        "type": "MultiPoint",
        "coordinates": [
          [
            -61.267147913581084,
            45.60909527916102
          ]
        ]
      },
      "properties": {
        "id": "F22-HAW-238",
        "source_text": "Shales with small\npieces of coal.",
        "kind": "geology-annotation",
        "reading_status": "clear",
        "crop_id": "F22-R04C06",
        "raw_candidate_ids": [
          "F22-R04C06-15",
          "F22-DETAIL-MINE-SHALES-11",
          "F22-R04C07-20"
        ],
        "source_label_boxes_xywh": [
          [
            8538,
            5344,
            248,
            66
          ]
        ],
        "review_status": "source-reviewed",
        "geometry": null,
        "placement_status": "deferred",
        "review_note": "Literal historical descriptive observation, not a modern site assessment.",
        "fit_revision": "a6619d96ba8fa8279ea6a8027654a92b15942b9d",
        "fit_sha256": "e96a8934ae42cc6dbc079e69afebb743c05decf0a61f19ac24eb620be48c32ed",
        "label_anchors": [
          {
            "box_index": 0,
            "source_pixel_xy": [
              8662.0,
              5377.0
            ],
            "covering_crop_ids": [
              "F22-R04C06"
            ],
            "inside_control_hull": true,
            "status": "derived-lettering-location",
            "projected_xy_m": [
              -6820227.70809602,
              5717926.23124093
            ],
            "lonlat": [
              -61.267147913581084,
              45.60909527916102
            ]
          }
        ],
        "geographic_role": "printed-lettering-only"
      }
    },
    {
      "type": "Feature",
      "id": "F22-HAW-239",
      "geometry": {
        "type": "MultiPoint",
        "coordinates": [
          [
            -61.26537256866645,
            45.60671244326779
          ],
          [
            -61.25749861364389,
            45.604403467479194
          ]
        ]
      },
      "properties": {
        "id": "F22-HAW-239",
        "source_text": "Little River",
        "kind": "stream",
        "reading_status": "clear",
        "crop_id": "F22-R04C06",
        "raw_candidate_ids": [
          "F22-R04C06-16",
          "F22-R04C07-18",
          "F22-DETAIL-MINE-SHALES-10"
        ],
        "source_label_boxes_xywh": [
          [
            8626,
            5404,
            150,
            93
          ],
          [
            8803,
            5485,
            147,
            78
          ]
        ],
        "review_status": "source-reviewed",
        "geometry": null,
        "placement_status": "deferred",
        "review_note": "Separate southern printed stream-name occurrence from F22-HAW-168.",
        "fit_revision": "a6619d96ba8fa8279ea6a8027654a92b15942b9d",
        "fit_sha256": "e96a8934ae42cc6dbc079e69afebb743c05decf0a61f19ac24eb620be48c32ed",
        "label_anchors": [
          {
            "box_index": 0,
            "source_pixel_xy": [
              8701.0,
              5450.5
            ],
            "covering_crop_ids": [
              "F22-R04C06",
              "F22-R04C07"
            ],
            "inside_control_hull": true,
            "status": "derived-lettering-location",
            "projected_xy_m": [
              -6820030.07760414,
              5717547.05823453
            ],
            "lonlat": [
              -61.26537256866645,
              45.60671244326779
            ]
          },
          {
            "box_index": 1,
            "source_pixel_xy": [
              8876.5,
              5524.0
            ],
            "covering_crop_ids": [
              "F22-R04C06",
              "F22-R04C07"
            ],
            "inside_control_hull": true,
            "status": "derived-lettering-location",
            "projected_xy_m": [
              -6819153.5529405,
              5717179.65371413
            ],
            "lonlat": [
              -61.25749861364389,
              45.604403467479194
            ]
          }
        ],
        "geographic_role": "printed-lettering-only"
      }
    },
    {
      "type": "Feature",
      "id": "F22-HAW-240",
      "geometry": {
        "type": "MultiPoint",
        "coordinates": [
          [
            -61.2644512606442,
            45.601530374010544
          ]
        ]
      },
      "properties": {
        "id": "F22-HAW-240",
        "source_text": "RAILWAY",
        "kind": "railway-annotation",
        "reading_status": "clear",
        "crop_id": "F22-R04C06",
        "raw_candidate_ids": [
          "F22-R04C06-17",
          "F22-DETAIL-MINE-SHALES-15"
        ],
        "source_label_boxes_xywh": [
          [
            8642,
            5528,
            156,
            163
          ]
        ],
        "review_status": "source-reviewed",
        "geometry": null,
        "placement_status": "deferred",
        "review_note": "Standalone printed word along this lower track. No unprinted proposed status or destination added.",
        "fit_revision": "a6619d96ba8fa8279ea6a8027654a92b15942b9d",
        "fit_sha256": "e96a8934ae42cc6dbc079e69afebb743c05decf0a61f19ac24eb620be48c32ed",
        "label_anchors": [
          {
            "box_index": 0,
            "source_pixel_xy": [
              8720.0,
              5609.5
            ],
            "covering_crop_ids": [
              "F22-R04C06",
              "F22-R04C07"
            ],
            "inside_control_hull": true,
            "status": "derived-lettering-location",
            "projected_xy_m": [
              -6819927.51806424,
              5716722.50783115
            ],
            "lonlat": [
              -61.2644512606442,
              45.601530374010544
            ]
          }
        ],
        "geographic_role": "printed-lettering-only"
      }
    },
    {
      "type": "Feature",
      "id": "F22-HAW-241",
      "geometry": {
        "type": "MultiPoint",
        "coordinates": [
          [
            -61.258636542303805,
            45.60124138820032
          ]
        ]
      },
      "properties": {
        "id": "F22-HAW-241",
        "source_text": "Ferrug.\nSpr.",
        "kind": "spring",
        "reading_status": "clear",
        "crop_id": "F22-R04C06",
        "raw_candidate_ids": [
          "F22-R04C06-18",
          "F22-DETAIL-MINE-SHALES-13"
        ],
        "source_label_boxes_xywh": [
          [
            8798,
            5585,
            104,
            71
          ]
        ],
        "review_status": "source-reviewed",
        "geometry": null,
        "placement_status": "deferred",
        "review_note": "Printed abbreviation retained, not expanded.",
        "fit_revision": "a6619d96ba8fa8279ea6a8027654a92b15942b9d",
        "fit_sha256": "e96a8934ae42cc6dbc079e69afebb743c05decf0a61f19ac24eb620be48c32ed",
        "label_anchors": [
          {
            "box_index": 0,
            "source_pixel_xy": [
              8850.0,
              5620.5
            ],
            "covering_crop_ids": [
              "F22-R04C06",
              "F22-R04C07"
            ],
            "inside_control_hull": true,
            "status": "derived-lettering-location",
            "projected_xy_m": [
              -6819280.22657948,
              5716676.52779189
            ],
            "lonlat": [
              -61.258636542303805,
              45.60124138820032
            ]
          }
        ],
        "geographic_role": "printed-lettering-only"
      }
    },
    {
      "type": "Feature",
      "id": "F22-HAW-242",
      "geometry": {
        "type": "MultiPoint",
        "coordinates": [
          [
            -61.28640185812823,
            45.59752231013251
          ]
        ]
      },
      "properties": {
        "id": "F22-HAW-242",
        "source_text": "Barren",
        "kind": "landscape-annotation",
        "reading_status": "clear",
        "crop_id": "F22-R04C06",
        "raw_candidate_ids": [
          "F22-R04C06-19",
          "F22-R04C06-20",
          "F22-DETAIL-MINE-SHALES-16"
        ],
        "source_label_boxes_xywh": [
          [
            8130,
            5697,
            196,
            54
          ]
        ],
        "review_status": "source-reviewed",
        "geometry": null,
        "placement_status": "deferred",
        "review_note": "Source is singular Barren; reject duplicate Barrens.",
        "fit_revision": "a6619d96ba8fa8279ea6a8027654a92b15942b9d",
        "fit_sha256": "e96a8934ae42cc6dbc079e69afebb743c05decf0a61f19ac24eb620be48c32ed",
        "label_anchors": [
          {
            "box_index": 0,
            "source_pixel_xy": [
              8228.0,
              5724.0
            ],
            "covering_crop_ids": [
              "F22-R04C06",
              "F22-R05C06"
            ],
            "inside_control_hull": true,
            "status": "derived-lettering-location",
            "projected_xy_m": [
              -6822371.04739877,
              5716084.81275996
            ],
            "lonlat": [
              -61.28640185812823,
              45.59752231013251
            ]
          }
        ],
        "geographic_role": "printed-lettering-only"
      }
    },
    {
      "type": "Feature",
      "id": "F22-HAW-243",
      "geometry": {
        "type": "MultiPoint",
        "coordinates": [
          [
            -61.30775385335442,
            45.597525676230454
          ],
          [
            -61.30356787586809,
            45.59365909081603
          ]
        ]
      },
      "properties": {
        "id": "F22-HAW-243",
        "source_text": "New Road",
        "kind": "road",
        "reading_status": "clear",
        "crop_id": "F22-R04C06",
        "raw_candidate_ids": [
          "F22-R04C06-06"
        ],
        "source_label_boxes_xywh": [
          [
            7709,
            5678,
            85,
            74
          ],
          [
            7797,
            5780,
            95,
            111
          ]
        ],
        "review_status": "source-reviewed",
        "geometry": null,
        "placement_status": "deferred",
        "review_note": "",
        "fit_revision": "a6619d96ba8fa8279ea6a8027654a92b15942b9d",
        "fit_sha256": "e96a8934ae42cc6dbc079e69afebb743c05decf0a61f19ac24eb620be48c32ed",
        "label_anchors": [
          {
            "box_index": 0,
            "source_pixel_xy": [
              7751.5,
              5715.0
            ],
            "covering_crop_ids": [
              "F22-R04C06",
              "F22-R05C06"
            ],
            "inside_control_hull": true,
            "status": "derived-lettering-location",
            "projected_xy_m": [
              -6824747.94063477,
              5716085.3482972
            ],
            "lonlat": [
              -61.30775385335442,
              45.597525676230454
            ]
          },
          {
            "box_index": 1,
            "source_pixel_xy": [
              7844.5,
              5835.5
            ],
            "covering_crop_ids": [
              "F22-R04C06",
              "F22-R05C06"
            ],
            "inside_control_hull": true,
            "status": "derived-lettering-location",
            "projected_xy_m": [
              -6824281.95975252,
              5715470.20600481
            ],
            "lonlat": [
              -61.30356787586809,
              45.59365909081603
            ]
          }
        ],
        "geographic_role": "printed-lettering-only"
      }
    },
    {
      "type": "Feature",
      "id": "F22-HAW-244",
      "geometry": {
        "type": "MultiPoint",
        "coordinates": [
          [
            -61.22966601812346,
            45.62923180259946
          ]
        ]
      },
      "properties": {
        "id": "F22-HAW-244",
        "source_text": "Brule Point",
        "kind": "point",
        "reading_status": "clear",
        "crop_id": "F22-R04C07",
        "raw_candidate_ids": [
          "F22-R04C07-04",
          "F22-DETAIL-CREEK-FERRY-01"
        ],
        "source_label_boxes_xywh": [
          [
            9401,
            4752,
            210,
            43
          ]
        ],
        "review_status": "source-reviewed",
        "geometry": null,
        "placement_status": "deferred",
        "review_note": "Native close-up supports Brule; no accent supplied from modern spelling.",
        "fit_revision": "a6619d96ba8fa8279ea6a8027654a92b15942b9d",
        "fit_sha256": "e96a8934ae42cc6dbc079e69afebb743c05decf0a61f19ac24eb620be48c32ed",
        "label_anchors": [
          {
            "box_index": 0,
            "source_pixel_xy": [
              9506.0,
              4773.5
            ],
            "covering_crop_ids": [
              "F22-R04C07"
            ],
            "inside_control_hull": false,
            "status": "derived-lettering-location",
            "projected_xy_m": [
              -6816055.24257971,
              5721131.13484865
            ],
            "lonlat": [
              -61.22966601812346,
              45.62923180259946
            ]
          }
        ],
        "geographic_role": "printed-lettering-only"
      }
    },
    {
      "type": "Feature",
      "id": "F22-HAW-245",
      "geometry": {
        "type": "MultiPoint",
        "coordinates": [
          [
            -61.238725194838274,
            45.628130300676354
          ]
        ]
      },
      "properties": {
        "id": "F22-HAW-245",
        "source_text": "J. Mack",
        "kind": "personal-name",
        "reading_status": "clear",
        "crop_id": "F22-R04C07",
        "raw_candidate_ids": [
          "F22-R04C07-05",
          "F22-DETAIL-CREEK-FERRY-02"
        ],
        "source_label_boxes_xywh": [
          [
            9248,
            4785,
            112,
            39
          ]
        ],
        "review_status": "source-reviewed",
        "geometry": null,
        "placement_status": "deferred",
        "review_note": "",
        "fit_revision": "a6619d96ba8fa8279ea6a8027654a92b15942b9d",
        "fit_sha256": "e96a8934ae42cc6dbc079e69afebb743c05decf0a61f19ac24eb620be48c32ed",
        "label_anchors": [
          {
            "box_index": 0,
            "source_pixel_xy": [
              9304.0,
              4804.5
            ],
            "covering_crop_ids": [
              "F22-R04C07"
            ],
            "inside_control_hull": false,
            "status": "derived-lettering-location",
            "projected_xy_m": [
              -6817063.70551861,
              5720955.79143274
            ],
            "lonlat": [
              -61.238725194838274,
              45.628130300676354
            ]
          }
        ],
        "geographic_role": "printed-lettering-only"
      }
    },
    {
      "type": "Feature",
      "id": "F22-HAW-246",
      "geometry": {
        "type": "MultiPoint",
        "coordinates": [
          [
            -61.24283778787673,
            45.62515609820552
          ]
        ]
      },
      "properties": {
        "id": "F22-HAW-246",
        "source_text": "Macmillan\nCreek",
        "kind": "stream",
        "reading_status": "clear",
        "crop_id": "F22-R04C07",
        "raw_candidate_ids": [
          "F22-R04C07-06",
          "F22-DETAIL-CREEK-FERRY-03"
        ],
        "source_label_boxes_xywh": [
          [
            9120,
            4856,
            183,
            76
          ]
        ],
        "review_status": "source-reviewed",
        "geometry": null,
        "placement_status": "deferred",
        "review_note": "Printed lowercase second m retained; model MacMillan capitalization not adopted.",
        "fit_revision": "a6619d96ba8fa8279ea6a8027654a92b15942b9d",
        "fit_sha256": "e96a8934ae42cc6dbc079e69afebb743c05decf0a61f19ac24eb620be48c32ed",
        "label_anchors": [
          {
            "box_index": 0,
            "source_pixel_xy": [
              9211.5,
              4894.0
            ],
            "covering_crop_ids": [
              "F22-R04C07"
            ],
            "inside_control_hull": false,
            "status": "derived-lettering-location",
            "projected_xy_m": [
              -6817521.51728149,
              5720482.35797708
            ],
            "lonlat": [
              -61.24283778787673,
              45.62515609820552
            ]
          }
        ],
        "geographic_role": "printed-lettering-only"
      }
    },
    {
      "type": "Feature",
      "id": "F22-HAW-247",
      "geometry": {
        "type": "MultiPoint",
        "coordinates": [
          [
            -61.24066925604336,
            45.62067746986817
          ]
        ]
      },
      "properties": {
        "id": "F22-HAW-247",
        "source_text": "70 FT",
        "kind": "spot-height-label",
        "reading_status": "clear",
        "crop_id": "F22-R04C07",
        "raw_candidate_ids": [
          "F22-R04C07-07",
          "F22-DETAIL-CREEK-FERRY-06"
        ],
        "source_label_boxes_xywh": [
          [
            9203,
            5010,
            111,
            43
          ]
        ],
        "review_status": "source-reviewed",
        "geometry": null,
        "placement_status": "deferred",
        "review_note": "",
        "fit_revision": "a6619d96ba8fa8279ea6a8027654a92b15942b9d",
        "fit_sha256": "e96a8934ae42cc6dbc079e69afebb743c05decf0a61f19ac24eb620be48c32ed",
        "label_anchors": [
          {
            "box_index": 0,
            "source_pixel_xy": [
              9258.5,
              5031.5
            ],
            "covering_crop_ids": [
              "F22-R04C07"
            ],
            "inside_control_hull": false,
            "status": "derived-lettering-location",
            "projected_xy_m": [
              -6817280.11742203,
              5719769.49744611
            ],
            "lonlat": [
              -61.24066925604336,
              45.62067746986817
            ]
          }
        ],
        "geographic_role": "printed-lettering-only"
      }
    },
    {
      "type": "Feature",
      "id": "F22-HAW-248",
      "geometry": {
        "type": "MultiPoint",
        "coordinates": [
          [
            -61.222608947308444,
            45.62381223719762
          ]
        ]
      },
      "properties": {
        "id": "F22-HAW-248",
        "source_text": "30 FT",
        "kind": "spot-height-label",
        "reading_status": "clear",
        "crop_id": "F22-R04C07",
        "raw_candidate_ids": [
          "F22-R04C07-08",
          "F22-DETAIL-CREEK-FERRY-07"
        ],
        "source_label_boxes_xywh": [
          [
            9606,
            4920,
            111,
            43
          ]
        ],
        "review_status": "source-reviewed",
        "geometry": null,
        "placement_status": "deferred",
        "review_note": "",
        "fit_revision": "a6619d96ba8fa8279ea6a8027654a92b15942b9d",
        "fit_sha256": "e96a8934ae42cc6dbc079e69afebb743c05decf0a61f19ac24eb620be48c32ed",
        "label_anchors": [
          {
            "box_index": 0,
            "source_pixel_xy": [
              9661.5,
              4941.5
            ],
            "covering_crop_ids": [
              "F22-R04C07"
            ],
            "inside_control_hull": false,
            "status": "derived-lettering-location",
            "projected_xy_m": [
              -6815269.65305009,
              5720268.45046284
            ],
            "lonlat": [
              -61.222608947308444,
              45.62381223719762
            ]
          }
        ],
        "geographic_role": "printed-lettering-only"
      }
    },
    {
      "type": "Feature",
      "id": "F22-HAW-249",
      "geometry": {
        "type": "MultiPoint",
        "coordinates": [
          [
            -61.225137551013454,
            45.616443757233526
          ]
        ]
      },
      "properties": {
        "id": "F22-HAW-249",
        "source_text": "50 FT",
        "kind": "spot-height-label",
        "reading_status": "clear",
        "crop_id": "F22-R04C07",
        "raw_candidate_ids": [
          "F22-R04C07-09",
          "F22-DETAIL-CREEK-FERRY-08"
        ],
        "source_label_boxes_xywh": [
          [
            9548,
            5145,
            110,
            43
          ]
        ],
        "review_status": "source-reviewed",
        "geometry": null,
        "placement_status": "deferred",
        "review_note": "",
        "fit_revision": "a6619d96ba8fa8279ea6a8027654a92b15942b9d",
        "fit_sha256": "e96a8934ae42cc6dbc079e69afebb743c05decf0a61f19ac24eb620be48c32ed",
        "label_anchors": [
          {
            "box_index": 0,
            "source_pixel_xy": [
              9603.0,
              5166.5
            ],
            "covering_crop_ids": [
              "F22-R04C07"
            ],
            "inside_control_hull": false,
            "status": "derived-lettering-location",
            "projected_xy_m": [
              -6815551.13592695,
              5719095.67235257
            ],
            "lonlat": [
              -61.225137551013454,
              45.616443757233526
            ]
          }
        ],
        "geographic_role": "printed-lettering-only"
      }
    },
    {
      "type": "Feature",
      "id": "F22-HAW-250",
      "geometry": {
        "type": "MultiPoint",
        "coordinates": [
          [
            -61.23793068285722,
            45.614729665720894
          ]
        ]
      },
      "properties": {
        "id": "F22-HAW-250",
        "source_text": "McCarthy's\nFerry",
        "kind": "ferry",
        "reading_status": "clear",
        "crop_id": "F22-R04C07",
        "raw_candidate_ids": [
          "F22-R04C07-11",
          "F22-R04C07-12",
          "F22-DETAIL-CREEK-FERRY-09",
          "F22-DETAIL-MINE-SHALES-03"
        ],
        "source_label_boxes_xywh": [
          [
            9240,
            5184,
            155,
            61
          ]
        ],
        "review_status": "source-reviewed",
        "geometry": null,
        "placement_status": "deferred",
        "review_note": "Native source and dedicated ferry context support McCarthy’s; reject Bartlett’s, McGarity and M. Carthy’s readings. Printed superscript c represented as ASCII.",
        "fit_revision": "a6619d96ba8fa8279ea6a8027654a92b15942b9d",
        "fit_sha256": "e96a8934ae42cc6dbc079e69afebb743c05decf0a61f19ac24eb620be48c32ed",
        "label_anchors": [
          {
            "box_index": 0,
            "source_pixel_xy": [
              9317.5,
              5214.5
            ],
            "covering_crop_ids": [
              "F22-R04C07"
            ],
            "inside_control_hull": false,
            "status": "derived-lettering-location",
            "projected_xy_m": [
              -6816975.26084945,
              5718822.87712068
            ],
            "lonlat": [
              -61.23793068285722,
              45.614729665720894
            ]
          }
        ],
        "geographic_role": "printed-lettering-only"
      }
    },
    {
      "type": "Feature",
      "id": "F22-HAW-251",
      "geometry": {
        "type": "MultiPoint",
        "coordinates": [
          [
            -61.2349897695047,
            45.61316496146331
          ]
        ]
      },
      "properties": {
        "id": "F22-HAW-251",
        "source_text": "P.O.",
        "kind": "post-office",
        "reading_status": "clear",
        "crop_id": "F22-R04C07",
        "raw_candidate_ids": [
          "F22-DETAIL-CREEK-FERRY-10",
          "F22-DETAIL-MINE-SHALES-04"
        ],
        "source_label_boxes_xywh": [
          [
            9350,
            5244,
            65,
            39
          ]
        ],
        "review_status": "source-reviewed",
        "geometry": null,
        "placement_status": "deferred",
        "review_note": "Separate post-office label below the ferry; preserve source punctuation over model Po.",
        "fit_revision": "a6619d96ba8fa8279ea6a8027654a92b15942b9d",
        "fit_sha256": "e96a8934ae42cc6dbc079e69afebb743c05decf0a61f19ac24eb620be48c32ed",
        "label_anchors": [
          {
            "box_index": 0,
            "source_pixel_xy": [
              9382.5,
              5263.5
            ],
            "covering_crop_ids": [
              "F22-R04C07"
            ],
            "inside_control_hull": false,
            "status": "derived-lettering-location",
            "projected_xy_m": [
              -6816647.87987258,
              5718573.86393811
            ],
            "lonlat": [
              -61.2349897695047,
              45.61316496146331
            ]
          }
        ],
        "geographic_role": "printed-lettering-only"
      }
    },
    {
      "type": "Feature",
      "id": "F22-HAW-252",
      "geometry": {
        "type": "MultiPoint",
        "coordinates": [
          [
            -61.24658376643267,
            45.61113893832878
          ],
          [
            -61.24639838270605,
            45.60939491587704
          ]
        ]
      },
      "properties": {
        "id": "F22-HAW-252",
        "source_text": "Lower River\nInhabitants",
        "kind": "settlement",
        "reading_status": "clear",
        "crop_id": "F22-R04C07",
        "raw_candidate_ids": [
          "F22-R04C07-13",
          "F22-DETAIL-CREEK-FERRY-12",
          "F22-DETAIL-CREEK-FERRY-13",
          "F22-DETAIL-MINE-SHALES-05"
        ],
        "source_label_boxes_xywh": [
          [
            8968,
            5293,
            310,
            57
          ],
          [
            8980,
            5348,
            293,
            54
          ]
        ],
        "review_status": "source-reviewed",
        "geometry": null,
        "placement_status": "deferred",
        "review_note": "Settlement name distinct from the large regional river title F22-HAW-185.",
        "fit_revision": "a6619d96ba8fa8279ea6a8027654a92b15942b9d",
        "fit_sha256": "e96a8934ae42cc6dbc079e69afebb743c05decf0a61f19ac24eb620be48c32ed",
        "label_anchors": [
          {
            "box_index": 0,
            "source_pixel_xy": [
              9123.0,
              5321.5
            ],
            "covering_crop_ids": [
              "F22-R04C07"
            ],
            "inside_control_hull": false,
            "status": "derived-lettering-location",
            "projected_xy_m": [
              -6817938.51770686,
              5718251.44497884
            ],
            "lonlat": [
              -61.24658376643267,
              45.61113893832878
            ]
          },
          {
            "box_index": 1,
            "source_pixel_xy": [
              9126.5,
              5375.0
            ],
            "covering_crop_ids": [
              "F22-R04C07"
            ],
            "inside_control_hull": false,
            "status": "derived-lettering-location",
            "projected_xy_m": [
              -6817917.88088481,
              5717973.91260727
            ],
            "lonlat": [
              -61.24639838270605,
              45.60939491587704
            ]
          }
        ],
        "geographic_role": "printed-lettering-only"
      }
    },
    {
      "type": "Feature",
      "id": "F22-HAW-253",
      "geometry": {
        "type": "MultiPoint",
        "coordinates": [
          [
            -61.239030178101665,
            45.60799772507701
          ]
        ]
      },
      "properties": {
        "id": "F22-HAW-253",
        "source_text": "School",
        "kind": "school",
        "reading_status": "clear",
        "crop_id": "F22-R04C07",
        "raw_candidate_ids": [
          "F22-R04C07-14",
          "F22-DETAIL-CREEK-FERRY-14",
          "F22-DETAIL-MINE-SHALES-07"
        ],
        "source_label_boxes_xywh": [
          [
            9241,
            5401,
            99,
            39
          ]
        ],
        "review_status": "source-reviewed",
        "geometry": null,
        "placement_status": "deferred",
        "review_note": "",
        "fit_revision": "a6619d96ba8fa8279ea6a8027654a92b15942b9d",
        "fit_sha256": "e96a8934ae42cc6dbc079e69afebb743c05decf0a61f19ac24eb620be48c32ed",
        "label_anchors": [
          {
            "box_index": 0,
            "source_pixel_xy": [
              9290.5,
              5420.5
            ],
            "covering_crop_ids": [
              "F22-R04C07"
            ],
            "inside_control_hull": false,
            "status": "derived-lettering-location",
            "projected_xy_m": [
              -6817097.65610019,
              5717751.57899115
            ],
            "lonlat": [
              -61.239030178101665,
              45.60799772507701
            ]
          }
        ],
        "geographic_role": "printed-lettering-only"
      }
    },
    {
      "type": "Feature",
      "id": "F22-HAW-254",
      "geometry": {
        "type": "MultiPoint",
        "coordinates": [
          [
            -61.233389153747744,
            45.609939877241864
          ]
        ]
      },
      "properties": {
        "id": "F22-HAW-254",
        "source_text": "Mussel Point",
        "kind": "point",
        "reading_status": "clear",
        "crop_id": "F22-R04C07",
        "raw_candidate_ids": [
          "F22-R04C07-15",
          "F22-DETAIL-CREEK-FERRY-11",
          "F22-DETAIL-MINE-SHALES-06"
        ],
        "source_label_boxes_xywh": [
          [
            9301,
            5340,
            232,
            46
          ]
        ],
        "review_status": "source-reviewed",
        "geometry": null,
        "placement_status": "deferred",
        "review_note": "",
        "fit_revision": "a6619d96ba8fa8279ea6a8027654a92b15942b9d",
        "fit_sha256": "e96a8934ae42cc6dbc079e69afebb743c05decf0a61f19ac24eb620be48c32ed",
        "label_anchors": [
          {
            "box_index": 0,
            "source_pixel_xy": [
              9417.0,
              5363.0
            ],
            "covering_crop_ids": [
              "F22-R04C07"
            ],
            "inside_control_hull": false,
            "status": "derived-lettering-location",
            "projected_xy_m": [
              -6816469.70014156,
              5718060.63328176
            ],
            "lonlat": [
              -61.233389153747744,
              45.609939877241864
            ]
          }
        ],
        "geographic_role": "printed-lettering-only"
      }
    },
    {
      "type": "Feature",
      "id": "F22-HAW-255",
      "geometry": {
        "type": "MultiPoint",
        "coordinates": [
          [
            -61.22383119901144,
            45.60340169252838
          ]
        ]
      },
      "properties": {
        "id": "F22-HAW-255",
        "source_text": "Whale\nPoint",
        "kind": "point",
        "reading_status": "clear",
        "crop_id": "F22-R04C07",
        "raw_candidate_ids": [
          "F22-R04C07-24",
          "F22-DETAIL-CREEK-FERRY-16"
        ],
        "source_label_boxes_xywh": [
          [
            9569,
            5535,
            117,
            65
          ]
        ],
        "review_status": "source-reviewed",
        "geometry": null,
        "placement_status": "deferred",
        "review_note": "",
        "fit_revision": "a6619d96ba8fa8279ea6a8027654a92b15942b9d",
        "fit_sha256": "e96a8934ae42cc6dbc079e69afebb743c05decf0a61f19ac24eb620be48c32ed",
        "label_anchors": [
          {
            "box_index": 0,
            "source_pixel_xy": [
              9627.5,
              5567.5
            ],
            "covering_crop_ids": [
              "F22-R04C07"
            ],
            "inside_control_hull": false,
            "status": "derived-lettering-location",
            "projected_xy_m": [
              -6815405.71348729,
              5717020.2558605
            ],
            "lonlat": [
              -61.22383119901144,
              45.60340169252838
            ]
          }
        ],
        "geographic_role": "printed-lettering-only"
      }
    },
    {
      "type": "Feature",
      "id": "F22-HAW-256",
      "geometry": {
        "type": "MultiPoint",
        "coordinates": [
          [
            -61.22402260577156,
            45.59850680903745
          ]
        ]
      },
      "properties": {
        "id": "F22-HAW-256",
        "source_text": "River Point",
        "kind": "point",
        "reading_status": "clear",
        "crop_id": "F22-R04C07",
        "raw_candidate_ids": [
          "F22-R04C07-25"
        ],
        "source_label_boxes_xywh": [
          [
            9529,
            5695,
            185,
            46
          ]
        ],
        "review_status": "source-reviewed",
        "geometry": null,
        "placement_status": "deferred",
        "review_note": "",
        "fit_revision": "a6619d96ba8fa8279ea6a8027654a92b15942b9d",
        "fit_sha256": "e96a8934ae42cc6dbc079e69afebb743c05decf0a61f19ac24eb620be48c32ed",
        "label_anchors": [
          {
            "box_index": 0,
            "source_pixel_xy": [
              9621.5,
              5718.0
            ],
            "covering_crop_ids": [
              "F22-R04C07",
              "F22-R05C07"
            ],
            "inside_control_hull": false,
            "status": "derived-lettering-location",
            "projected_xy_m": [
              -6815427.02079036,
              5716241.44528958
            ],
            "lonlat": [
              -61.22402260577156,
              45.59850680903745
            ]
          }
        ],
        "geographic_role": "printed-lettering-only"
      }
    },
    {
      "type": "Feature",
      "id": "F22-HAW-257",
      "geometry": {
        "type": "MultiPoint",
        "coordinates": [
          [
            -61.24167200010286,
            45.60100992256877
          ]
        ]
      },
      "properties": {
        "id": "F22-HAW-257",
        "source_text": "Barren",
        "kind": "landscape-annotation",
        "reading_status": "clear",
        "crop_id": "F22-R04C07",
        "raw_candidate_ids": [
          "F22-R04C07-23",
          "F22-DETAIL-MINE-SHALES-14"
        ],
        "source_label_boxes_xywh": [
          [
            9150,
            5612,
            158,
            44
          ]
        ],
        "review_status": "source-reviewed",
        "geometry": null,
        "placement_status": "deferred",
        "review_note": "Separate eastern singular Barren from F22-HAW-242.",
        "fit_revision": "a6619d96ba8fa8279ea6a8027654a92b15942b9d",
        "fit_sha256": "e96a8934ae42cc6dbc079e69afebb743c05decf0a61f19ac24eb620be48c32ed",
        "label_anchors": [
          {
            "box_index": 0,
            "source_pixel_xy": [
              9229.0,
              5634.0
            ],
            "covering_crop_ids": [
              "F22-R04C07"
            ],
            "inside_control_hull": false,
            "status": "derived-lettering-location",
            "projected_xy_m": [
              -6817391.74238013,
              5716639.69986094
            ],
            "lonlat": [
              -61.24167200010286,
              45.60100992256877
            ]
          }
        ],
        "geographic_role": "printed-lettering-only"
      }
    },
    {
      "type": "Feature",
      "id": "F22-HAW-258",
      "geometry": {
        "type": "MultiPoint",
        "coordinates": [
          [
            -61.30083054440199,
            45.605118485468054
          ],
          [
            -61.24535385840188,
            45.61526728138866
          ]
        ]
      },
      "properties": {
        "id": "F22-HAW-258",
        "source_text": "R I",
        "kind": "administrative-region-label",
        "reading_status": "partial",
        "crop_id": "F22-R04C06",
        "raw_candidate_ids": [],
        "source_label_boxes_xywh": [
          [
            7815,
            5397,
            184,
            177
          ],
          [
            9108,
            5107,
            88,
            177
          ]
        ],
        "review_status": "source-reviewed",
        "geometry": null,
        "placement_status": "deferred",
        "review_note": "Only the large hatched R and I are visible inside the sheet boundary. Retain the printed fragment without supplying unprinted continuation or expanding from a nearby modern county name.",
        "fit_revision": "a6619d96ba8fa8279ea6a8027654a92b15942b9d",
        "fit_sha256": "e96a8934ae42cc6dbc079e69afebb743c05decf0a61f19ac24eb620be48c32ed",
        "label_anchors": [
          {
            "box_index": 0,
            "source_pixel_xy": [
              7907.0,
              5485.5
            ],
            "covering_crop_ids": [
              "F22-R04C06"
            ],
            "inside_control_hull": true,
            "status": "derived-lettering-location",
            "projected_xy_m": [
              -6823977.24140758,
              5717293.42585084
            ],
            "lonlat": [
              -61.30083054440199,
              45.605118485468054
            ]
          },
          {
            "box_index": 1,
            "source_pixel_xy": [
              9152.0,
              5195.5
            ],
            "covering_crop_ids": [
              "F22-R04C07"
            ],
            "inside_control_hull": false,
            "status": "derived-lettering-location",
            "projected_xy_m": [
              -6817801.60497115,
              5718908.43699381
            ],
            "lonlat": [
              -61.24535385840188,
              45.61526728138866
            ]
          }
        ],
        "geographic_role": "printed-lettering-only"
      }
    },
    {
      "type": "Feature",
      "id": "F22-HAW-259",
      "geometry": {
        "type": "MultiPoint",
        "coordinates": [
          [
            -61.578978184991726,
            45.584877307241214
          ],
          [
            -61.56198823563386,
            45.5855248741781
          ],
          [
            -61.54595486605805,
            45.58618607783634
          ],
          [
            -61.526708420613666,
            45.58647391475296
          ],
          [
            -61.50860474798627,
            45.586660308546186
          ],
          [
            -61.49063255465325,
            45.58690416510296
          ],
          [
            -61.4716278265683,
            45.58691717327495
          ],
          [
            -61.454557234806266,
            45.587022045504035
          ],
          [
            -61.434855400022606,
            45.58726089930842
          ],
          [
            -61.41637768750487,
            45.58727137755898
          ],
          [
            -61.39869117851107,
            45.587330032538105
          ]
        ]
      },
      "properties": {
        "id": "F22-HAW-259",
        "source_text": "GUYSBOROUGH",
        "kind": "administrative-region-label",
        "reading_status": "clear",
        "crop_id": "F22-R05C01",
        "raw_candidate_ids": [
          "F22-R05C02-03",
          "F22-R05C02-04",
          "F22-R05C02-05",
          "F22-R05C03-01"
        ],
        "source_label_boxes_xywh": [
          [
            1820,
            5884,
            109,
            116
          ],
          [
            2216,
            5887,
            104,
            116
          ],
          [
            2570,
            5885,
            127,
            118
          ],
          [
            2999,
            5893,
            107,
            113
          ],
          [
            3394,
            5900,
            92,
            110
          ],
          [
            3765,
            5902,
            117,
            113
          ],
          [
            4177,
            5914,
            103,
            111
          ],
          [
            4538,
            5918,
            107,
            115
          ],
          [
            4957,
            5919,
            105,
            117
          ],
          [
            5350,
            5925,
            102,
            120
          ],
          [
            5730,
            5930,
            92,
            120
          ]
        ],
        "review_status": "source-reviewed",
        "geometry": null,
        "placement_status": "deferred",
        "review_note": "All eleven large hatched letters checked across C01–C04; one county title.",
        "fit_revision": "a6619d96ba8fa8279ea6a8027654a92b15942b9d",
        "fit_sha256": "e96a8934ae42cc6dbc079e69afebb743c05decf0a61f19ac24eb620be48c32ed",
        "label_anchors": [
          {
            "box_index": 0,
            "source_pixel_xy": [
              1874.5,
              5942.0
            ],
            "covering_crop_ids": [
              "F22-R05C01"
            ],
            "inside_control_hull": true,
            "status": "derived-lettering-location",
            "projected_xy_m": [
              -6854940.49512338,
              5714073.25308075
            ],
            "lonlat": [
              -61.578978184991726,
              45.584877307241214
            ]
          },
          {
            "box_index": 1,
            "source_pixel_xy": [
              2268.0,
              5945.0
            ],
            "covering_crop_ids": [
              "F22-R05C01"
            ],
            "inside_control_hull": true,
            "status": "derived-lettering-location",
            "projected_xy_m": [
              -6853049.18261226,
              5714176.25664193
            ],
            "lonlat": [
              -61.56198823563386,
              45.5855248741781
            ]
          },
          {
            "box_index": 2,
            "source_pixel_xy": [
              2633.5,
              5944.0
            ],
            "covering_crop_ids": [
              "F22-R05C01"
            ],
            "inside_control_hull": true,
            "status": "derived-lettering-location",
            "projected_xy_m": [
              -6851264.35607538,
              5714281.43051896
            ],
            "lonlat": [
              -61.54595486605805,
              45.58618607783634
            ]
          },
          {
            "box_index": 3,
            "source_pixel_xy": [
              3052.5,
              5949.5
            ],
            "covering_crop_ids": [
              "F22-R05C02"
            ],
            "inside_control_hull": true,
            "status": "derived-lettering-location",
            "projected_xy_m": [
              -6849121.85156893,
              5714327.21547492
            ],
            "lonlat": [
              -61.526708420613666,
              45.58647391475296
            ]
          },
          {
            "box_index": 4,
            "source_pixel_xy": [
              3440.0,
              5955.0
            ],
            "covering_crop_ids": [
              "F22-R05C02"
            ],
            "inside_control_hull": true,
            "status": "derived-lettering-location",
            "projected_xy_m": [
              -6847106.55995056,
              5714356.86444338
            ],
            "lonlat": [
              -61.50860474798627,
              45.586660308546186
            ]
          },
          {
            "box_index": 5,
            "source_pixel_xy": [
              3823.5,
              5958.5
            ],
            "covering_crop_ids": [
              "F22-R05C02"
            ],
            "inside_control_hull": true,
            "status": "derived-lettering-location",
            "projected_xy_m": [
              -6845105.90454029,
              5714395.65394889
            ],
            "lonlat": [
              -61.49063255465325,
              45.58690416510296
            ]
          },
          {
            "box_index": 6,
            "source_pixel_xy": [
              4228.5,
              5969.5
            ],
            "covering_crop_ids": [
              "F22-R05C03"
            ],
            "inside_control_hull": true,
            "status": "derived-lettering-location",
            "projected_xy_m": [
              -6842990.30788721,
              5714397.72312316
            ],
            "lonlat": [
              -61.4716278265683,
              45.58691717327495
            ]
          },
          {
            "box_index": 7,
            "source_pixel_xy": [
              4591.5,
              5975.5
            ],
            "covering_crop_ids": [
              "F22-R05C03"
            ],
            "inside_control_hull": true,
            "status": "derived-lettering-location",
            "projected_xy_m": [
              -6841090.01830472,
              5714414.40487878
            ],
            "lonlat": [
              -61.454557234806266,
              45.587022045504035
            ]
          },
          {
            "box_index": 8,
            "source_pixel_xy": [
              5009.5,
              5977.5
            ],
            "covering_crop_ids": [
              "F22-R05C03"
            ],
            "inside_control_hull": true,
            "status": "derived-lettering-location",
            "projected_xy_m": [
              -6838896.82008891,
              5714452.39885514
            ],
            "lonlat": [
              -61.434855400022606,
              45.58726089930842
            ]
          },
          {
            "box_index": 9,
            "source_pixel_xy": [
              5401.0,
              5985.0
            ],
            "covering_crop_ids": [
              "F22-R05C04"
            ],
            "inside_control_hull": true,
            "status": "derived-lettering-location",
            "projected_xy_m": [
              -6836839.89054041,
              5714454.0656123
            ],
            "lonlat": [
              -61.41637768750487,
              45.58727137755898
            ]
          },
          {
            "box_index": 10,
            "source_pixel_xy": [
              5776.0,
              5990.0
            ],
            "covering_crop_ids": [
              "F22-R05C04"
            ],
            "inside_control_hull": true,
            "status": "derived-lettering-location",
            "projected_xy_m": [
              -6834871.03736531,
              5714463.39576393
            ],
            "lonlat": [
              -61.39869117851107,
              45.587330032538105
            ]
          }
        ],
        "geographic_role": "printed-lettering-only"
      }
    },
    {
      "type": "Feature",
      "id": "F22-HAW-260",
      "geometry": {
        "type": "MultiPoint",
        "coordinates": [
          [
            -61.58952960169817,
            45.57673156118235
          ]
        ]
      },
      "properties": {
        "id": "F22-HAW-260",
        "source_text": "P.O.",
        "kind": "post-office",
        "reading_status": "clear",
        "crop_id": "F22-R05C01",
        "raw_candidate_ids": [
          "F22-R05C01-05",
          "F22-DETAIL-SOUTHWEST-MINERALS-01"
        ],
        "source_label_boxes_xywh": [
          [
            1602,
            6177,
            59,
            34
          ]
        ],
        "review_status": "source-reviewed",
        "geometry": null,
        "placement_status": "deferred",
        "review_note": "",
        "fit_revision": "a6619d96ba8fa8279ea6a8027654a92b15942b9d",
        "fit_sha256": "e96a8934ae42cc6dbc079e69afebb743c05decf0a61f19ac24eb620be48c32ed",
        "label_anchors": [
          {
            "box_index": 0,
            "source_pixel_xy": [
              1631.5,
              6194.0
            ],
            "covering_crop_ids": [
              "F22-R05C01"
            ],
            "inside_control_hull": false,
            "status": "derived-lettering-location",
            "projected_xy_m": [
              -6856115.07345829,
              5712777.6724991
            ],
            "lonlat": [
              -61.58952960169817,
              45.57673156118235
            ]
          }
        ],
        "geographic_role": "printed-lettering-only"
      }
    },
    {
      "type": "Feature",
      "id": "F22-HAW-261",
      "geometry": {
        "type": "MultiPoint",
        "coordinates": [
          [
            -61.5795328351555,
            45.57620394627292
          ]
        ]
      },
      "properties": {
        "id": "F22-HAW-261",
        "source_text": "Old Mill",
        "kind": "mill",
        "reading_status": "clear",
        "crop_id": "F22-R05C01",
        "raw_candidate_ids": [
          "F22-R05C01-04",
          "F22-DETAIL-SOUTHWEST-MINERALS-02"
        ],
        "source_label_boxes_xywh": [
          [
            1792,
            6206,
            137,
            36
          ]
        ],
        "review_status": "source-reviewed",
        "geometry": null,
        "placement_status": "deferred",
        "review_note": "",
        "fit_revision": "a6619d96ba8fa8279ea6a8027654a92b15942b9d",
        "fit_sha256": "e96a8934ae42cc6dbc079e69afebb743c05decf0a61f19ac24eb620be48c32ed",
        "label_anchors": [
          {
            "box_index": 0,
            "source_pixel_xy": [
              1860.5,
              6224.0
            ],
            "covering_crop_ids": [
              "F22-R05C01"
            ],
            "inside_control_hull": false,
            "status": "derived-lettering-location",
            "projected_xy_m": [
              -6855002.23849718,
              5712693.76185027
            ],
            "lonlat": [
              -61.5795328351555,
              45.57620394627292
            ]
          }
        ],
        "geographic_role": "printed-lettering-only"
      }
    },
    {
      "type": "Feature",
      "id": "F22-HAW-262",
      "geometry": {
        "type": "MultiPoint",
        "coordinates": [
          [
            -61.578741583160614,
            45.57362417349172
          ]
        ]
      },
      "properties": {
        "id": "F22-HAW-262",
        "source_text": "Upper Big Tracadie",
        "kind": "settlement",
        "reading_status": "clear",
        "crop_id": "F22-R05C01",
        "raw_candidate_ids": [
          "F22-R05C01-06",
          "F22-DETAIL-SOUTHWEST-MINERALS-03"
        ],
        "source_label_boxes_xywh": [
          [
            1634,
            6279,
            489,
            59
          ]
        ],
        "review_status": "source-reviewed",
        "geometry": null,
        "placement_status": "deferred",
        "review_note": "",
        "fit_revision": "a6619d96ba8fa8279ea6a8027654a92b15942b9d",
        "fit_sha256": "e96a8934ae42cc6dbc079e69afebb743c05decf0a61f19ac24eb620be48c32ed",
        "label_anchors": [
          {
            "box_index": 0,
            "source_pixel_xy": [
              1878.5,
              6308.5
            ],
            "covering_crop_ids": [
              "F22-R05C01"
            ],
            "inside_control_hull": false,
            "status": "derived-lettering-location",
            "projected_xy_m": [
              -6854914.15672802,
              5712283.49213468
            ],
            "lonlat": [
              -61.578741583160614,
              45.57362417349172
            ]
          }
        ],
        "geographic_role": "printed-lettering-only"
      }
    },
    {
      "type": "Feature",
      "id": "F22-HAW-263",
      "geometry": {
        "type": "MultiPoint",
        "coordinates": [
          [
            -61.59092326186079,
            45.57366956493946
          ]
        ]
      },
      "properties": {
        "id": "F22-HAW-263",
        "source_text": "Pit",
        "kind": "pit",
        "reading_status": "clear",
        "crop_id": "F22-R05C01",
        "raw_candidate_ids": [
          "F22-R05C01-07",
          "F22-DETAIL-SOUTHWEST-MINERALS-04"
        ],
        "source_label_boxes_xywh": [
          [
            1571,
            6273,
            58,
            37
          ]
        ],
        "review_status": "source-reviewed",
        "geometry": null,
        "placement_status": "deferred",
        "review_note": "Printed Pit is not proof of a specific mineral or quarry type.",
        "fit_revision": "a6619d96ba8fa8279ea6a8027654a92b15942b9d",
        "fit_sha256": "e96a8934ae42cc6dbc079e69afebb743c05decf0a61f19ac24eb620be48c32ed",
        "label_anchors": [
          {
            "box_index": 0,
            "source_pixel_xy": [
              1600.0,
              6291.5
            ],
            "covering_crop_ids": [
              "F22-R05C01"
            ],
            "inside_control_hull": false,
            "status": "derived-lettering-location",
            "projected_xy_m": [
              -6856270.21499793,
              5712290.71072241
            ],
            "lonlat": [
              -61.59092326186079,
              45.57366956493946
            ]
          }
        ],
        "geographic_role": "printed-lettering-only"
      }
    },
    {
      "type": "Feature",
      "id": "F22-HAW-264",
      "geometry": {
        "type": "MultiPoint",
        "coordinates": [
          [
            -61.58867816712276,
            45.57109423190255
          ]
        ]
      },
      "properties": {
        "id": "F22-HAW-264",
        "source_text": "Q. veins\nin slate",
        "kind": "geology-annotation",
        "reading_status": "clear",
        "crop_id": "F22-R05C01",
        "raw_candidate_ids": [
          "F22-R05C01-08",
          "F22-DETAIL-SOUTHWEST-MINERALS-05",
          "F22-DETAIL-SOUTHWEST-MINERALS-06"
        ],
        "source_label_boxes_xywh": [
          [
            1574,
            6350,
            154,
            55
          ]
        ],
        "review_status": "source-reviewed",
        "geometry": null,
        "placement_status": "deferred",
        "review_note": "Literal abbreviation retained; reject first-pass Quoins. Descriptive source lettering, not current mineral evidence.",
        "fit_revision": "a6619d96ba8fa8279ea6a8027654a92b15942b9d",
        "fit_sha256": "e96a8934ae42cc6dbc079e69afebb743c05decf0a61f19ac24eb620be48c32ed",
        "label_anchors": [
          {
            "box_index": 0,
            "source_pixel_xy": [
              1651.0,
              6377.5
            ],
            "covering_crop_ids": [
              "F22-R05C01"
            ],
            "inside_control_hull": false,
            "status": "derived-lettering-location",
            "projected_xy_m": [
              -6856020.29219491,
              5711881.16554009
            ],
            "lonlat": [
              -61.58867816712276,
              45.57109423190255
            ]
          }
        ],
        "geographic_role": "printed-lettering-only"
      }
    },
    {
      "type": "Feature",
      "id": "F22-HAW-265",
      "geometry": {
        "type": "MultiPoint",
        "coordinates": [
          [
            -61.546773672341935,
            45.57597120287225
          ]
        ]
      },
      "properties": {
        "id": "F22-HAW-265",
        "source_text": "Wood Road",
        "kind": "road",
        "reading_status": "clear",
        "crop_id": "F22-R05C01",
        "raw_candidate_ids": [
          "F22-R05C01-09"
        ],
        "source_label_boxes_xywh": [
          [
            2553,
            6189,
            118,
            166
          ]
        ],
        "review_status": "source-reviewed",
        "geometry": null,
        "placement_status": "deferred",
        "review_note": "",
        "fit_revision": "a6619d96ba8fa8279ea6a8027654a92b15942b9d",
        "fit_sha256": "e96a8934ae42cc6dbc079e69afebb743c05decf0a61f19ac24eb620be48c32ed",
        "label_anchors": [
          {
            "box_index": 0,
            "source_pixel_xy": [
              2612.0,
              6272.0
            ],
            "covering_crop_ids": [
              "F22-R05C01"
            ],
            "inside_control_hull": false,
            "status": "derived-lettering-location",
            "projected_xy_m": [
              -6851355.50517396,
              5712656.74713141
            ],
            "lonlat": [
              -61.546773672341935,
              45.57597120287225
            ]
          }
        ],
        "geographic_role": "printed-lettering-only"
      }
    },
    {
      "type": "Feature",
      "id": "F22-HAW-266",
      "geometry": {
        "type": "MultiPoint",
        "coordinates": [
          [
            -61.531487685829475,
            45.58037027466385
          ]
        ]
      },
      "properties": {
        "id": "F22-HAW-266",
        "source_text": "Fall 10'",
        "kind": "falls",
        "reading_status": "clear",
        "crop_id": "F22-R05C02",
        "raw_candidate_ids": [
          "F22-R05C02-06"
        ],
        "source_label_boxes_xywh": [
          [
            2882,
            6123,
            137,
            41
          ]
        ],
        "review_status": "source-reviewed",
        "geometry": null,
        "placement_status": "deferred",
        "review_note": "",
        "fit_revision": "a6619d96ba8fa8279ea6a8027654a92b15942b9d",
        "fit_sha256": "e96a8934ae42cc6dbc079e69afebb743c05decf0a61f19ac24eb620be48c32ed",
        "label_anchors": [
          {
            "box_index": 0,
            "source_pixel_xy": [
              2950.5,
              6143.5
            ],
            "covering_crop_ids": [
              "F22-R05C02"
            ],
            "inside_control_hull": true,
            "status": "derived-lettering-location",
            "projected_xy_m": [
              -6849653.87693912,
              5713356.38650284
            ],
            "lonlat": [
              -61.531487685829475,
              45.58037027466385
            ]
          }
        ],
        "geographic_role": "printed-lettering-only"
      }
    },
    {
      "type": "Feature",
      "id": "F22-HAW-267",
      "geometry": {
        "type": "MultiPoint",
        "coordinates": [
          [
            -61.388805112751,
            45.58762544148131
          ]
        ]
      },
      "properties": {
        "id": "F22-HAW-267",
        "source_text": "Quarry",
        "kind": "quarry",
        "reading_status": "clear",
        "crop_id": "F22-R05C04",
        "raw_candidate_ids": [
          "F22-R05C04-05",
          "F22-DETAIL-PIRATE-WATERFALL-01"
        ],
        "source_label_boxes_xywh": [
          [
            5929,
            5965,
            114,
            39
          ]
        ],
        "review_status": "source-reviewed",
        "geometry": null,
        "placement_status": "deferred",
        "review_note": "Distinct from the northern Quarry F22-HAW-219.",
        "fit_revision": "a6619d96ba8fa8279ea6a8027654a92b15942b9d",
        "fit_sha256": "e96a8934ae42cc6dbc079e69afebb743c05decf0a61f19ac24eb620be48c32ed",
        "label_anchors": [
          {
            "box_index": 0,
            "source_pixel_xy": [
              5986.0,
              5984.5
            ],
            "covering_crop_ids": [
              "F22-R05C04"
            ],
            "inside_control_hull": true,
            "status": "derived-lettering-location",
            "projected_xy_m": [
              -6833770.52555895,
              5714510.38612973
            ],
            "lonlat": [
              -61.388805112751,
              45.58762544148131
            ]
          }
        ],
        "geographic_role": "printed-lettering-only"
      }
    },
    {
      "type": "Feature",
      "id": "F22-HAW-268",
      "geometry": {
        "type": "MultiPoint",
        "coordinates": [
          [
            -61.381143167279696,
            45.58795875428532
          ]
        ]
      },
      "properties": {
        "id": "F22-HAW-268",
        "source_text": "P.O.",
        "kind": "post-office",
        "reading_status": "clear",
        "crop_id": "F22-R05C04",
        "raw_candidate_ids": [
          "F22-R05C04-06",
          "F22-DETAIL-PIRATE-WATERFALL-02"
        ],
        "source_label_boxes_xywh": [
          [
            6121,
            5962,
            56,
            30
          ]
        ],
        "review_status": "source-reviewed",
        "geometry": null,
        "placement_status": "deferred",
        "review_note": "",
        "fit_revision": "a6619d96ba8fa8279ea6a8027654a92b15942b9d",
        "fit_sha256": "e96a8934ae42cc6dbc079e69afebb743c05decf0a61f19ac24eb620be48c32ed",
        "label_anchors": [
          {
            "box_index": 0,
            "source_pixel_xy": [
              6149.0,
              5977.0
            ],
            "covering_crop_ids": [
              "F22-R05C04"
            ],
            "inside_control_hull": true,
            "status": "derived-lettering-location",
            "projected_xy_m": [
              -6832917.6016906,
              5714563.40611664
            ],
            "lonlat": [
              -61.381143167279696,
              45.58795875428532
            ]
          }
        ],
        "geographic_role": "printed-lettering-only"
      }
    },
    {
      "type": "Feature",
      "id": "F22-HAW-269",
      "geometry": {
        "type": "MultiPoint",
        "coordinates": [
          [
            -61.381754627913196,
            45.586988390700135
          ]
        ]
      },
      "properties": {
        "id": "F22-HAW-269",
        "source_text": "Forge",
        "kind": "forge",
        "reading_status": "clear",
        "crop_id": "F22-R05C04",
        "raw_candidate_ids": [
          "F22-R05C04-07",
          "F22-DETAIL-PIRATE-WATERFALL-03"
        ],
        "source_label_boxes_xywh": [
          [
            6106,
            5993,
            61,
            28
          ]
        ],
        "review_status": "source-reviewed",
        "geometry": null,
        "placement_status": "deferred",
        "review_note": "Separate from nearby Pirate Harbour; reject combined Forge Harbour.",
        "fit_revision": "a6619d96ba8fa8279ea6a8027654a92b15942b9d",
        "fit_sha256": "e96a8934ae42cc6dbc079e69afebb743c05decf0a61f19ac24eb620be48c32ed",
        "label_anchors": [
          {
            "box_index": 0,
            "source_pixel_xy": [
              6136.5,
              6007.0
            ],
            "covering_crop_ids": [
              "F22-R05C04"
            ],
            "inside_control_hull": true,
            "status": "derived-lettering-location",
            "projected_xy_m": [
              -6832985.66917696,
              5714409.05149233
            ],
            "lonlat": [
              -61.381754627913196,
              45.586988390700135
            ]
          }
        ],
        "geographic_role": "printed-lettering-only"
      }
    },
    {
      "type": "Feature",
      "id": "F22-HAW-270",
      "geometry": {
        "type": "MultiPoint",
        "coordinates": [
          [
            -61.38201023960965,
            45.585252583818516
          ],
          [
            -61.3765094418466,
            45.58864212327315
          ]
        ]
      },
      "properties": {
        "id": "F22-HAW-270",
        "source_text": "Pirate Harbour",
        "kind": "harbour",
        "reading_status": "clear",
        "crop_id": "F22-R05C04",
        "raw_candidate_ids": [
          "F22-R05C04-07",
          "F22-DETAIL-PIRATE-WATERFALL-03"
        ],
        "source_label_boxes_xywh": [
          [
            6078,
            6010,
            108,
            102
          ],
          [
            6173,
            5900,
            149,
            115
          ]
        ],
        "review_status": "source-reviewed",
        "geometry": null,
        "placement_status": "deferred",
        "review_note": "Complete the two words along the coast; not Forge Harbour.",
        "fit_revision": "a6619d96ba8fa8279ea6a8027654a92b15942b9d",
        "fit_sha256": "e96a8934ae42cc6dbc079e69afebb743c05decf0a61f19ac24eb620be48c32ed",
        "label_anchors": [
          {
            "box_index": 0,
            "source_pixel_xy": [
              6132.0,
              6061.0
            ],
            "covering_crop_ids": [
              "F22-R05C04"
            ],
            "inside_control_hull": true,
            "status": "derived-lettering-location",
            "projected_xy_m": [
              -6833014.12374085,
              5714132.94533485
            ],
            "lonlat": [
              -61.38201023960965,
              45.585252583818516
            ]
          },
          {
            "box_index": 1,
            "source_pixel_xy": [
              6247.5,
              5957.5
            ],
            "covering_crop_ids": [
              "F22-R05C04"
            ],
            "inside_control_hull": true,
            "status": "derived-lettering-location",
            "projected_xy_m": [
              -6832401.77773491,
              5714672.11044028
            ],
            "lonlat": [
              -61.3765094418466,
              45.58864212327315
            ]
          }
        ],
        "geographic_role": "printed-lettering-only"
      }
    },
    {
      "type": "Feature",
      "id": "F22-HAW-271",
      "geometry": {
        "type": "MultiPoint",
        "coordinates": [
          [
            -61.38967499853703,
            45.58343010202661
          ]
        ]
      },
      "properties": {
        "id": "F22-HAW-271",
        "source_text": "Hartley's\nWaterfall",
        "kind": "falls",
        "reading_status": "clear",
        "crop_id": "F22-R05C04",
        "raw_candidate_ids": [
          "F22-R05C04-09",
          "F22-DETAIL-PIRATE-WATERFALL-04",
          "F22-DETAIL-WATERFALL-NAME-01",
          "F22-DETAIL-WATERFALL-NAME-02"
        ],
        "source_label_boxes_xywh": [
          [
            5902,
            6088,
            135,
            54
          ]
        ],
        "review_status": "source-reviewed",
        "geometry": null,
        "placement_status": "deferred",
        "review_note": "Surname checked in native excerpt and two independent detail passes.",
        "fit_revision": "a6619d96ba8fa8279ea6a8027654a92b15942b9d",
        "fit_sha256": "e96a8934ae42cc6dbc079e69afebb743c05decf0a61f19ac24eb620be48c32ed",
        "label_anchors": [
          {
            "box_index": 0,
            "source_pixel_xy": [
              5969.5,
              6115.0
            ],
            "covering_crop_ids": [
              "F22-R05C04"
            ],
            "inside_control_hull": true,
            "status": "derived-lettering-location",
            "projected_xy_m": [
              -6833867.3608017,
              5713843.06141836
            ],
            "lonlat": [
              -61.38967499853703,
              45.58343010202661
            ]
          }
        ],
        "geographic_role": "printed-lettering-only"
      }
    },
    {
      "type": "Feature",
      "id": "F22-HAW-272",
      "geometry": {
        "type": "MultiPoint",
        "coordinates": [
          [
            -61.402800954289326,
            45.58108217046885
          ]
        ]
      },
      "properties": {
        "id": "F22-HAW-272",
        "source_text": "West Brook",
        "kind": "stream",
        "reading_status": "clear",
        "crop_id": "F22-R05C04",
        "raw_candidate_ids": [
          "F22-R05C04-08"
        ],
        "source_label_boxes_xywh": [
          [
            5588,
            6099,
            206,
            169
          ]
        ],
        "review_status": "source-reviewed",
        "geometry": null,
        "placement_status": "deferred",
        "review_note": "",
        "fit_revision": "a6619d96ba8fa8279ea6a8027654a92b15942b9d",
        "fit_sha256": "e96a8934ae42cc6dbc079e69afebb743c05decf0a61f19ac24eb620be48c32ed",
        "label_anchors": [
          {
            "box_index": 0,
            "source_pixel_xy": [
              5691.0,
              6183.5
            ],
            "covering_crop_ids": [
              "F22-R05C04"
            ],
            "inside_control_hull": true,
            "status": "derived-lettering-location",
            "projected_xy_m": [
              -6835328.53551222,
              5713469.61334385
            ],
            "lonlat": [
              -61.402800954289326,
              45.58108217046885
            ]
          }
        ],
        "geographic_role": "printed-lettering-only"
      }
    },
    {
      "type": "Feature",
      "id": "F22-HAW-273",
      "geometry": {
        "type": "MultiPoint",
        "coordinates": [
          [
            -61.3842286027942,
            45.578171449096466
          ]
        ]
      },
      "properties": {
        "id": "F22-HAW-273",
        "source_text": "East Brook",
        "kind": "stream",
        "reading_status": "clear",
        "crop_id": "F22-R05C04",
        "raw_candidate_ids": [
          "F22-R05C04-10",
          "F22-DETAIL-PIRATE-WATERFALL-05"
        ],
        "source_label_boxes_xywh": [
          [
            6040,
            6155,
            96,
            252
          ]
        ],
        "review_status": "source-reviewed",
        "geometry": null,
        "placement_status": "deferred",
        "review_note": "Lettering crosses the red report reference; the report is excluded.",
        "fit_revision": "a6619d96ba8fa8279ea6a8027654a92b15942b9d",
        "fit_sha256": "e96a8934ae42cc6dbc079e69afebb743c05decf0a61f19ac24eb620be48c32ed",
        "label_anchors": [
          {
            "box_index": 0,
            "source_pixel_xy": [
              6088.0,
              6281.0
            ],
            "covering_crop_ids": [
              "F22-R05C04"
            ],
            "inside_control_hull": false,
            "status": "derived-lettering-location",
            "projected_xy_m": [
              -6833261.07080095,
              5713006.67293799
            ],
            "lonlat": [
              -61.3842286027942,
              45.578171449096466
            ]
          }
        ],
        "geographic_role": "printed-lettering-only"
      }
    },
    {
      "type": "Feature",
      "id": "F22-HAW-274",
      "geometry": {
        "type": "MultiPoint",
        "coordinates": [
          [
            -61.35639341256554,
            45.58996244220602
          ]
        ]
      },
      "properties": {
        "id": "F22-HAW-274",
        "source_text": "Madden Cove",
        "kind": "cove",
        "reading_status": "clear",
        "crop_id": "F22-R05C05",
        "raw_candidate_ids": [
          "F22-R05C05-02"
        ],
        "source_label_boxes_xywh": [
          [
            6574,
            5881,
            212,
            88
          ]
        ],
        "review_status": "source-reviewed",
        "geometry": null,
        "placement_status": "deferred",
        "review_note": "",
        "fit_revision": "a6619d96ba8fa8279ea6a8027654a92b15942b9d",
        "fit_sha256": "e96a8934ae42cc6dbc079e69afebb743c05decf0a61f19ac24eb620be48c32ed",
        "label_anchors": [
          {
            "box_index": 0,
            "source_pixel_xy": [
              6680.0,
              5925.0
            ],
            "covering_crop_ids": [
              "F22-R05C05"
            ],
            "inside_control_hull": true,
            "status": "derived-lettering-location",
            "projected_xy_m": [
              -6830162.47159856,
              5714882.1389035
            ],
            "lonlat": [
              -61.35639341256554,
              45.58996244220602
            ]
          }
        ],
        "geographic_role": "printed-lettering-only"
      }
    },
    {
      "type": "Feature",
      "id": "F22-HAW-275",
      "geometry": {
        "type": "MultiPoint",
        "coordinates": [
          [
            -61.3470454007142,
            45.58676042353042
          ]
        ]
      },
      "properties": {
        "id": "F22-HAW-275",
        "source_text": "83 FT",
        "kind": "spot-height-label",
        "reading_status": "clear",
        "crop_id": "F22-R05C05",
        "raw_candidate_ids": [
          "F22-R05C05-07"
        ],
        "source_label_boxes_xywh": [
          [
            6830,
            6011,
            110,
            35
          ]
        ],
        "review_status": "source-reviewed",
        "geometry": null,
        "placement_status": "deferred",
        "review_note": "",
        "fit_revision": "a6619d96ba8fa8279ea6a8027654a92b15942b9d",
        "fit_sha256": "e96a8934ae42cc6dbc079e69afebb743c05decf0a61f19ac24eb620be48c32ed",
        "label_anchors": [
          {
            "box_index": 0,
            "source_pixel_xy": [
              6885.0,
              6028.5
            ],
            "covering_crop_ids": [
              "F22-R05C05"
            ],
            "inside_control_hull": true,
            "status": "derived-lettering-location",
            "projected_xy_m": [
              -6829121.85567934,
              5714372.78940276
            ],
            "lonlat": [
              -61.3470454007142,
              45.58676042353042
            ]
          }
        ],
        "geographic_role": "printed-lettering-only"
      }
    },
    {
      "type": "Feature",
      "id": "F22-HAW-276",
      "geometry": {
        "type": "MultiPoint",
        "coordinates": [
          [
            -61.35593741197365,
            45.58445837337525
          ]
        ]
      },
      "properties": {
        "id": "F22-HAW-276",
        "source_text": "Peebles Point",
        "kind": "point",
        "reading_status": "clear",
        "crop_id": "F22-R05C05",
        "raw_candidate_ids": [
          "F22-R05C05-03"
        ],
        "source_label_boxes_xywh": [
          [
            6575,
            6075,
            235,
            42
          ]
        ],
        "review_status": "source-reviewed",
        "geometry": null,
        "placement_status": "deferred",
        "review_note": "",
        "fit_revision": "a6619d96ba8fa8279ea6a8027654a92b15942b9d",
        "fit_sha256": "e96a8934ae42cc6dbc079e69afebb743c05decf0a61f19ac24eb620be48c32ed",
        "label_anchors": [
          {
            "box_index": 0,
            "source_pixel_xy": [
              6692.5,
              6096.0
            ],
            "covering_crop_ids": [
              "F22-R05C05"
            ],
            "inside_control_hull": true,
            "status": "derived-lettering-location",
            "projected_xy_m": [
              -6830111.70984487,
              5714006.61708107
            ],
            "lonlat": [
              -61.35593741197365,
              45.58445837337525
            ]
          }
        ],
        "geographic_role": "printed-lettering-only"
      }
    },
    {
      "type": "Feature",
      "id": "F22-HAW-277",
      "geometry": {
        "type": "MultiPoint",
        "coordinates": [
          [
            -61.36491318393101,
            45.58260307298371
          ]
        ]
      },
      "properties": {
        "id": "F22-HAW-277",
        "source_text": "Roger Point",
        "kind": "point",
        "reading_status": "clear",
        "crop_id": "F22-R05C05",
        "raw_candidate_ids": [
          "F22-R05C05-04",
          "F22-R05C04-11"
        ],
        "source_label_boxes_xywh": [
          [
            6403,
            6128,
            193,
            44
          ]
        ],
        "review_status": "source-reviewed",
        "geometry": null,
        "placement_status": "deferred",
        "review_note": "",
        "fit_revision": "a6619d96ba8fa8279ea6a8027654a92b15942b9d",
        "fit_sha256": "e96a8934ae42cc6dbc079e69afebb743c05decf0a61f19ac24eb620be48c32ed",
        "label_anchors": [
          {
            "box_index": 0,
            "source_pixel_xy": [
              6499.5,
              6150.0
            ],
            "covering_crop_ids": [
              "F22-R05C04",
              "F22-R05C05"
            ],
            "inside_control_hull": true,
            "status": "derived-lettering-location",
            "projected_xy_m": [
              -6831110.88820864,
              5713711.51729987
            ],
            "lonlat": [
              -61.36491318393101,
              45.58260307298371
            ]
          }
        ],
        "geographic_role": "printed-lettering-only"
      }
    },
    {
      "type": "Feature",
      "id": "F22-HAW-278",
      "geometry": {
        "type": "MultiPoint",
        "coordinates": [
          [
            -61.30116438307952,
            45.58074679809726
          ]
        ]
      },
      "properties": {
        "id": "F22-HAW-278",
        "source_text": "Seacoal Brook",
        "kind": "stream",
        "reading_status": "clear",
        "crop_id": "F22-R05C06",
        "raw_candidate_ids": [
          "F22-R05C06-05"
        ],
        "source_label_boxes_xywh": [
          [
            7754,
            6183,
            288,
            102
          ]
        ],
        "review_status": "source-reviewed",
        "geometry": null,
        "placement_status": "deferred",
        "review_note": "",
        "fit_revision": "a6619d96ba8fa8279ea6a8027654a92b15942b9d",
        "fit_sha256": "e96a8934ae42cc6dbc079e69afebb743c05decf0a61f19ac24eb620be48c32ed",
        "label_anchors": [
          {
            "box_index": 0,
            "source_pixel_xy": [
              7898.0,
              6234.0
            ],
            "covering_crop_ids": [
              "F22-R05C06"
            ],
            "inside_control_hull": true,
            "status": "derived-lettering-location",
            "projected_xy_m": [
              -6824014.40415917,
              5713416.27227728
            ],
            "lonlat": [
              -61.30116438307952,
              45.58074679809726
            ]
          }
        ],
        "geographic_role": "printed-lettering-only"
      }
    },
    {
      "type": "Feature",
      "id": "F22-HAW-279",
      "geometry": {
        "type": "MultiPoint",
        "coordinates": [
          [
            -61.277156246490804,
            45.58221466954912
          ]
        ]
      },
      "properties": {
        "id": "F22-HAW-279",
        "source_text": "Caribacou",
        "kind": "settlement",
        "reading_status": "clear",
        "crop_id": "F22-R05C06",
        "raw_candidate_ids": [
          "F22-R05C06-06",
          "F22-DETAIL-CARIBACOU-01"
        ],
        "source_label_boxes_xywh": [
          [
            8295,
            6170,
            274,
            56
          ]
        ],
        "review_status": "source-reviewed",
        "geometry": null,
        "placement_status": "deferred",
        "review_note": "Native spelling checked; reject first-pass Carbacou.",
        "fit_revision": "a6619d96ba8fa8279ea6a8027654a92b15942b9d",
        "fit_sha256": "e96a8934ae42cc6dbc079e69afebb743c05decf0a61f19ac24eb620be48c32ed",
        "label_anchors": [
          {
            "box_index": 0,
            "source_pixel_xy": [
              8432.0,
              6198.0
            ],
            "covering_crop_ids": [
              "F22-R05C06"
            ],
            "inside_control_hull": true,
            "status": "derived-lettering-location",
            "projected_xy_m": [
              -6821341.83061922,
              5713649.73998406
            ],
            "lonlat": [
              -61.277156246490804,
              45.58221466954912
            ]
          }
        ],
        "geographic_role": "printed-lettering-only"
      }
    },
    {
      "type": "Feature",
      "id": "F22-HAW-280",
      "geometry": {
        "type": "MultiPoint",
        "coordinates": [
          [
            -61.28249436512309,
            45.580834698405994
          ]
        ]
      },
      "properties": {
        "id": "F22-HAW-280",
        "source_text": "P.O.",
        "kind": "post-office",
        "reading_status": "clear",
        "crop_id": "F22-R05C06",
        "raw_candidate_ids": [
          "F22-R05C06-07",
          "F22-DETAIL-CARIBACOU-02"
        ],
        "source_label_boxes_xywh": [
          [
            8280,
            6219,
            66,
            39
          ]
        ],
        "review_status": "source-reviewed",
        "geometry": null,
        "placement_status": "deferred",
        "review_note": "",
        "fit_revision": "a6619d96ba8fa8279ea6a8027654a92b15942b9d",
        "fit_sha256": "e96a8934ae42cc6dbc079e69afebb743c05decf0a61f19ac24eb620be48c32ed",
        "label_anchors": [
          {
            "box_index": 0,
            "source_pixel_xy": [
              8313.0,
              6238.5
            ],
            "covering_crop_ids": [
              "F22-R05C06"
            ],
            "inside_control_hull": true,
            "status": "derived-lettering-location",
            "projected_xy_m": [
              -6821936.06726716,
              5713430.25281439
            ],
            "lonlat": [
              -61.28249436512309,
              45.580834698405994
            ]
          }
        ],
        "geographic_role": "printed-lettering-only"
      }
    },
    {
      "type": "Feature",
      "id": "F22-HAW-281",
      "geometry": {
        "type": "MultiPoint",
        "coordinates": [
          [
            -61.27043445660022,
            45.58033579285166
          ]
        ]
      },
      "properties": {
        "id": "F22-HAW-281",
        "source_text": "School",
        "kind": "school",
        "reading_status": "clear",
        "crop_id": "F22-R05C06",
        "raw_candidate_ids": [
          "F22-R05C06-09",
          "F22-DETAIL-CARIBACOU-03"
        ],
        "source_label_boxes_xywh": [
          [
            8541,
            6239,
            81,
            39
          ]
        ],
        "review_status": "source-reviewed",
        "geometry": null,
        "placement_status": "deferred",
        "review_note": "",
        "fit_revision": "a6619d96ba8fa8279ea6a8027654a92b15942b9d",
        "fit_sha256": "e96a8934ae42cc6dbc079e69afebb743c05decf0a61f19ac24eb620be48c32ed",
        "label_anchors": [
          {
            "box_index": 0,
            "source_pixel_xy": [
              8581.5,
              6258.5
            ],
            "covering_crop_ids": [
              "F22-R05C06"
            ],
            "inside_control_hull": true,
            "status": "derived-lettering-location",
            "projected_xy_m": [
              -6820593.56439138,
              5713350.90221611
            ],
            "lonlat": [
              -61.27043445660022,
              45.58033579285166
            ]
          }
        ],
        "geographic_role": "printed-lettering-only"
      }
    },
    {
      "type": "Feature",
      "id": "F22-HAW-282",
      "geometry": {
        "type": "MultiPoint",
        "coordinates": [
          [
            -61.28752339352756,
            45.577499276445415
          ]
        ]
      },
      "properties": {
        "id": "F22-HAW-282",
        "source_text": "Shop",
        "kind": "shop",
        "reading_status": "clear",
        "crop_id": "F22-R05C06",
        "raw_candidate_ids": [
          "F22-R05C06-11",
          "F22-DETAIL-CARIBACOU-04"
        ],
        "source_label_boxes_xywh": [
          [
            8164,
            6320,
            74,
            39
          ]
        ],
        "review_status": "source-reviewed",
        "geometry": null,
        "placement_status": "deferred",
        "review_note": "Complete lettering in whole crop; reject Slop.",
        "fit_revision": "a6619d96ba8fa8279ea6a8027654a92b15942b9d",
        "fit_sha256": "e96a8934ae42cc6dbc079e69afebb743c05decf0a61f19ac24eb620be48c32ed",
        "label_anchors": [
          {
            "box_index": 0,
            "source_pixel_xy": [
              8201.0,
              6339.5
            ],
            "covering_crop_ids": [
              "F22-R05C06"
            ],
            "inside_control_hull": false,
            "status": "derived-lettering-location",
            "projected_xy_m": [
              -6822495.89614833,
              5712899.76955833
            ],
            "lonlat": [
              -61.28752339352756,
              45.577499276445415
            ]
          }
        ],
        "geographic_role": "printed-lettering-only"
      }
    },
    {
      "type": "Feature",
      "id": "F22-HAW-283",
      "geometry": {
        "type": "MultiPoint",
        "coordinates": [
          [
            -61.282211469394994,
            45.57565406576703
          ]
        ]
      },
      "properties": {
        "id": "F22-HAW-283",
        "source_text": "Malcolm's\nWharf",
        "kind": "wharf",
        "reading_status": "clear",
        "crop_id": "F22-R05C06",
        "raw_candidate_ids": [
          "F22-R05C06-10",
          "F22-DETAIL-CARIBACOU-05"
        ],
        "source_label_boxes_xywh": [
          [
            8229,
            6367,
            180,
            63
          ]
        ],
        "review_status": "source-reviewed",
        "geometry": null,
        "placement_status": "deferred",
        "review_note": "",
        "fit_revision": "a6619d96ba8fa8279ea6a8027654a92b15942b9d",
        "fit_sha256": "e96a8934ae42cc6dbc079e69afebb743c05decf0a61f19ac24eb620be48c32ed",
        "label_anchors": [
          {
            "box_index": 0,
            "source_pixel_xy": [
              8319.0,
              6398.5
            ],
            "covering_crop_ids": [
              "F22-R05C06"
            ],
            "inside_control_hull": false,
            "status": "derived-lettering-location",
            "projected_xy_m": [
              -6821904.57545876,
              5712606.31097174
            ],
            "lonlat": [
              -61.282211469394994,
              45.57565406576703
            ]
          }
        ],
        "geographic_role": "printed-lettering-only"
      }
    },
    {
      "type": "Feature",
      "id": "F22-HAW-284",
      "geometry": {
        "type": "MultiPoint",
        "coordinates": [
          [
            -61.26039668257937,
            45.59234102444257
          ]
        ]
      },
      "properties": {
        "id": "F22-HAW-284",
        "source_text": "School",
        "kind": "school",
        "reading_status": "clear",
        "crop_id": "F22-R05C07",
        "raw_candidate_ids": [
          "F22-R05C07-02",
          "F22-R05C06-08"
        ],
        "source_label_boxes_xywh": [
          [
            8760,
            5873,
            96,
            40
          ]
        ],
        "review_status": "source-reviewed",
        "geometry": null,
        "placement_status": "deferred",
        "review_note": "Distinct from school beside Caribacou.",
        "fit_revision": "a6619d96ba8fa8279ea6a8027654a92b15942b9d",
        "fit_sha256": "e96a8934ae42cc6dbc079e69afebb743c05decf0a61f19ac24eb620be48c32ed",
        "label_anchors": [
          {
            "box_index": 0,
            "source_pixel_xy": [
              8808.0,
              5893.0
            ],
            "covering_crop_ids": [
              "F22-R05C06",
              "F22-R05C07"
            ],
            "inside_control_hull": true,
            "status": "derived-lettering-location",
            "projected_xy_m": [
              -6819476.16449868,
              5715260.52205094
            ],
            "lonlat": [
              -61.26039668257937,
              45.59234102444257
            ]
          }
        ],
        "geographic_role": "printed-lettering-only"
      }
    },
    {
      "type": "Feature",
      "id": "F22-HAW-285",
      "geometry": {
        "type": "MultiPoint",
        "coordinates": [
          [
            -61.24355012485567,
            45.59342140369776
          ]
        ]
      },
      "properties": {
        "id": "F22-HAW-285",
        "source_text": "Port Richmond",
        "kind": "settlement",
        "reading_status": "clear",
        "crop_id": "F22-R05C07",
        "raw_candidate_ids": [
          "F22-R05C07-03",
          "F22-R04C07-27"
        ],
        "source_label_boxes_xywh": [
          [
            8972,
            5842,
            425,
            49
          ]
        ],
        "review_status": "source-reviewed",
        "geometry": null,
        "placement_status": "deferred",
        "review_note": "Complete name beyond row-four bottom edge.",
        "fit_revision": "a6619d96ba8fa8279ea6a8027654a92b15942b9d",
        "fit_sha256": "e96a8934ae42cc6dbc079e69afebb743c05decf0a61f19ac24eb620be48c32ed",
        "label_anchors": [
          {
            "box_index": 0,
            "source_pixel_xy": [
              9184.5,
              5866.5
            ],
            "covering_crop_ids": [
              "F22-R04C07",
              "F22-R05C07"
            ],
            "inside_control_hull": false,
            "status": "derived-lettering-location",
            "projected_xy_m": [
              -6817600.81427126,
              5715432.39330018
            ],
            "lonlat": [
              -61.24355012485567,
              45.59342140369776
            ]
          }
        ],
        "geographic_role": "printed-lettering-only"
      }
    },
    {
      "type": "Feature",
      "id": "F22-HAW-286",
      "geometry": {
        "type": "MultiPoint",
        "coordinates": [
          [
            -61.22410616627605,
            45.590826783914615
          ]
        ]
      },
      "properties": {
        "id": "F22-HAW-286",
        "source_text": "Indian Point",
        "kind": "point",
        "reading_status": "clear",
        "crop_id": "F22-R05C07",
        "raw_candidate_ids": [
          "F22-R05C07-04"
        ],
        "source_label_boxes_xywh": [
          [
            9517,
            5930,
            200,
            49
          ]
        ],
        "review_status": "source-reviewed",
        "geometry": null,
        "placement_status": "deferred",
        "review_note": "",
        "fit_revision": "a6619d96ba8fa8279ea6a8027654a92b15942b9d",
        "fit_sha256": "e96a8934ae42cc6dbc079e69afebb743c05decf0a61f19ac24eb620be48c32ed",
        "label_anchors": [
          {
            "box_index": 0,
            "source_pixel_xy": [
              9617.0,
              5954.5
            ],
            "covering_crop_ids": [
              "F22-R05C07"
            ],
            "inside_control_hull": false,
            "status": "derived-lettering-location",
            "projected_xy_m": [
              -6815436.32270317,
              5715019.63590457
            ],
            "lonlat": [
              -61.22410616627605,
              45.590826783914615
            ]
          }
        ],
        "geographic_role": "printed-lettering-only"
      }
    },
    {
      "type": "Feature",
      "id": "F22-HAW-287",
      "geometry": {
        "type": "MultiPoint",
        "coordinates": [
          [
            -61.253555754259324,
            45.57937652308877
          ]
        ]
      },
      "properties": {
        "id": "F22-HAW-287",
        "source_text": "Carleton Head",
        "kind": "headland",
        "reading_status": "clear",
        "crop_id": "F22-R05C07",
        "raw_candidate_ids": [
          "F22-R05C07-05",
          "F22-R05C06-12",
          "F22-DETAIL-CARIBACOU-06"
        ],
        "source_label_boxes_xywh": [
          [
            8791,
            6264,
            333,
            62
          ]
        ],
        "review_status": "source-reviewed",
        "geometry": null,
        "placement_status": "deferred",
        "review_note": "",
        "fit_revision": "a6619d96ba8fa8279ea6a8027654a92b15942b9d",
        "fit_sha256": "e96a8934ae42cc6dbc079e69afebb743c05decf0a61f19ac24eb620be48c32ed",
        "label_anchors": [
          {
            "box_index": 0,
            "source_pixel_xy": [
              8957.5,
              6295.0
            ],
            "covering_crop_ids": [
              "F22-R05C07"
            ],
            "inside_control_hull": false,
            "status": "derived-lettering-location",
            "projected_xy_m": [
              -6818714.63584154,
              5713198.33297626
            ],
            "lonlat": [
              -61.253555754259324,
              45.57937652308877
            ]
          }
        ],
        "geographic_role": "printed-lettering-only"
      }
    },
    {
      "type": "Feature",
      "id": "F22-HAW-288",
      "geometry": {
        "type": "MultiPoint",
        "coordinates": [
          [
            -61.2271211381938,
            45.57821130746314
          ],
          [
            -61.225999515542625,
            45.576561156761656
          ],
          [
            -61.227894104134414,
            45.57527230502158
          ]
        ]
      },
      "properties": {
        "id": "F22-HAW-288",
        "source_text": "Evans\nor\nMacnamara Id.",
        "kind": "island",
        "reading_status": "clear",
        "crop_id": "F22-R05C07",
        "raw_candidate_ids": [
          "F22-R05C07-06",
          "F22-R05C07-07",
          "F22-R05C07-08",
          "F22-DETAIL-SOUTHEAST-ISLAND-01",
          "F22-DETAIL-SOUTHEAST-ISLAND-02",
          "F22-DETAIL-SOUTHEAST-ISLAND-03"
        ],
        "source_label_boxes_xywh": [
          [
            9429,
            6313,
            234,
            59
          ],
          [
            9548,
            6375,
            45,
            38
          ],
          [
            9370,
            6411,
            316,
            44
          ]
        ],
        "review_status": "source-reviewed",
        "geometry": null,
        "placement_status": "deferred",
        "review_note": "One alternative-name annotation; or belongs to the name, not the nearby height or red fault word. Do not expand Id.",
        "fit_revision": "a6619d96ba8fa8279ea6a8027654a92b15942b9d",
        "fit_sha256": "e96a8934ae42cc6dbc079e69afebb743c05decf0a61f19ac24eb620be48c32ed",
        "label_anchors": [
          {
            "box_index": 0,
            "source_pixel_xy": [
              9546.0,
              6342.5
            ],
            "covering_crop_ids": [
              "F22-R05C07"
            ],
            "inside_control_hull": false,
            "status": "derived-lettering-location",
            "projected_xy_m": [
              -6815771.94784181,
              5713013.01211456
            ],
            "lonlat": [
              -61.2271211381938,
              45.57821130746314
            ]
          },
          {
            "box_index": 1,
            "source_pixel_xy": [
              9570.5,
              6394.0
            ],
            "covering_crop_ids": [
              "F22-R05C07"
            ],
            "inside_control_hull": false,
            "status": "derived-lettering-location",
            "projected_xy_m": [
              -6815647.08937942,
              5712750.57168992
            ],
            "lonlat": [
              -61.225999515542625,
              45.576561156761656
            ]
          },
          {
            "box_index": 2,
            "source_pixel_xy": [
              9528.0,
              6433.0
            ],
            "covering_crop_ids": [
              "F22-R05C07"
            ],
            "inside_control_hull": false,
            "status": "derived-lettering-location",
            "projected_xy_m": [
              -6815857.99401672,
              5712545.59771625
            ],
            "lonlat": [
              -61.227894104134414,
              45.57527230502158
            ]
          }
        ],
        "geographic_role": "printed-lettering-only"
      }
    },
    {
      "type": "Feature",
      "id": "F22-HAW-289",
      "geometry": {
        "type": "MultiPoint",
        "coordinates": [
          [
            -61.22953048153636,
            45.57681759582616
          ]
        ]
      },
      "properties": {
        "id": "F22-HAW-289",
        "source_text": "50 FT",
        "kind": "spot-height-label",
        "reading_status": "clear",
        "crop_id": "F22-R05C07",
        "raw_candidate_ids": [
          "F22-R05C07-07",
          "F22-DETAIL-SOUTHEAST-ISLAND-02"
        ],
        "source_label_boxes_xywh": [
          [
            9437,
            6365,
            110,
            39
          ]
        ],
        "review_status": "source-reviewed",
        "geometry": null,
        "placement_status": "deferred",
        "review_note": "Separate from island names and geological FAULT.",
        "fit_revision": "a6619d96ba8fa8279ea6a8027654a92b15942b9d",
        "fit_sha256": "e96a8934ae42cc6dbc079e69afebb743c05decf0a61f19ac24eb620be48c32ed",
        "label_anchors": [
          {
            "box_index": 0,
            "source_pixel_xy": [
              9492.0,
              6384.5
            ],
            "covering_crop_ids": [
              "F22-R05C07"
            ],
            "inside_control_hull": false,
            "status": "derived-lettering-location",
            "projected_xy_m": [
              -6816040.15471585,
              5712791.35532364
            ],
            "lonlat": [
              -61.22953048153636,
              45.57681759582616
            ]
          }
        ],
        "geographic_role": "printed-lettering-only"
      }
    },
    {
      "type": "Feature",
      "id": "F22-HAW-290",
      "geometry": {
        "type": "MultiPoint",
        "coordinates": [
          [
            -61.2739461714236,
            45.585420796569636
          ]
        ]
      },
      "properties": {
        "id": "F22-HAW-290",
        "source_text": "140 FT",
        "kind": "spot-height-label",
        "reading_status": "tentative",
        "crop_id": "F22-R05C06",
        "raw_candidate_ids": [],
        "source_label_boxes_xywh": [
          [
            8446,
            6081,
            116,
            39
          ]
        ],
        "review_status": "source-reviewed",
        "geometry": null,
        "placement_status": "deferred",
        "review_note": "Black height lettering overprinted by a red report reference; reviewed in native detail.",
        "fit_revision": "a6619d96ba8fa8279ea6a8027654a92b15942b9d",
        "fit_sha256": "e96a8934ae42cc6dbc079e69afebb743c05decf0a61f19ac24eb620be48c32ed",
        "label_anchors": [
          {
            "box_index": 0,
            "source_pixel_xy": [
              8504.0,
              6100.5
            ],
            "covering_crop_ids": [
              "F22-R05C06"
            ],
            "inside_control_hull": true,
            "status": "derived-lettering-location",
            "projected_xy_m": [
              -6820984.48669733,
              5714159.70172599
            ],
            "lonlat": [
              -61.2739461714236,
              45.585420796569636
            ]
          }
        ],
        "geographic_role": "printed-lettering-only"
      }
    },
    {
      "type": "Feature",
      "id": "F22-HAW-291",
      "geometry": {
        "type": "MultiPoint",
        "coordinates": [
          [
            -61.327580799615326,
            45.74449793104927
          ]
        ]
      },
      "properties": {
        "id": "F22-HAW-291",
        "source_text": "FAULT ?",
        "kind": "geology-annotation",
        "reading_status": "clear",
        "crop_id": "F22-R01C05",
        "raw_candidate_ids": [
          "F22-R01C05-04"
        ],
        "source_label_boxes_xywh": [
          [
            7195,
            1053,
            391,
            125
          ]
        ],
        "review_status": "source-reviewed",
        "geometry": null,
        "placement_status": "deferred",
        "review_note": "Northern western occurrence; printed question mark retained. Printed geological annotation only; no fault or intrusion geometry inferred.",
        "fit_revision": "a6619d96ba8fa8279ea6a8027654a92b15942b9d",
        "fit_sha256": "e96a8934ae42cc6dbc079e69afebb743c05decf0a61f19ac24eb620be48c32ed",
        "label_anchors": [
          {
            "box_index": 0,
            "source_pixel_xy": [
              7390.5,
              1115.5
            ],
            "covering_crop_ids": [
              "F22-R01C05"
            ],
            "inside_control_hull": true,
            "status": "derived-lettering-location",
            "projected_xy_m": [
              -6826955.06619652,
              5739498.94603829
            ],
            "lonlat": [
              -61.327580799615326,
              45.74449793104927
            ]
          }
        ],
        "geographic_role": "printed-lettering-only"
      }
    },
    {
      "type": "Feature",
      "id": "F22-HAW-292",
      "geometry": {
        "type": "MultiPoint",
        "coordinates": [
          [
            -61.26224392711223,
            45.735393543549854
          ]
        ]
      },
      "properties": {
        "id": "F22-HAW-292",
        "source_text": "FAULT",
        "kind": "geology-annotation",
        "reading_status": "clear",
        "crop_id": "F22-R01C06",
        "raw_candidate_ids": [
          "F22-R01C06-03"
        ],
        "source_label_boxes_xywh": [
          [
            8618,
            1377,
            328,
            104
          ]
        ],
        "review_status": "source-reviewed",
        "geometry": null,
        "placement_status": "deferred",
        "review_note": "Northern eastern occurrence completed in C07, distinct from western FAULT ? on the same line. Printed geological annotation only; no fault or intrusion geometry inferred.",
        "fit_revision": "a6619d96ba8fa8279ea6a8027654a92b15942b9d",
        "fit_sha256": "e96a8934ae42cc6dbc079e69afebb743c05decf0a61f19ac24eb620be48c32ed",
        "label_anchors": [
          {
            "box_index": 0,
            "source_pixel_xy": [
              8782.0,
              1429.0
            ],
            "covering_crop_ids": [
              "F22-R01C06",
              "F22-R01C07"
            ],
            "inside_control_hull": true,
            "status": "derived-lettering-location",
            "projected_xy_m": [
              -6819681.79881945,
              5738046.77189116
            ],
            "lonlat": [
              -61.26224392711223,
              45.735393543549854
            ]
          }
        ],
        "geographic_role": "printed-lettering-only"
      }
    },
    {
      "type": "Feature",
      "id": "F22-HAW-293",
      "geometry": {
        "type": "MultiPoint",
        "coordinates": [
          [
            -61.29532601670748,
            45.72089418427371
          ]
        ]
      },
      "properties": {
        "id": "F22-HAW-293",
        "source_text": "FAULT",
        "kind": "geology-annotation",
        "reading_status": "clear",
        "crop_id": "F22-R01C06",
        "raw_candidate_ids": [
          "F22-R01C06-05"
        ],
        "source_label_boxes_xywh": [
          [
            8010,
            1717,
            79,
            325
          ]
        ],
        "review_status": "source-reviewed",
        "geometry": null,
        "placement_status": "deferred",
        "review_note": "Northern vertical occurrence. Printed geological annotation only; no fault or intrusion geometry inferred.",
        "fit_revision": "a6619d96ba8fa8279ea6a8027654a92b15942b9d",
        "fit_sha256": "e96a8934ae42cc6dbc079e69afebb743c05decf0a61f19ac24eb620be48c32ed",
        "label_anchors": [
          {
            "box_index": 0,
            "source_pixel_xy": [
              8049.5,
              1879.5
            ],
            "covering_crop_ids": [
              "F22-R01C06"
            ],
            "inside_control_hull": true,
            "status": "derived-lettering-location",
            "projected_xy_m": [
              -6823364.48018757,
              5735734.57399461
            ],
            "lonlat": [
              -61.29532601670748,
              45.72089418427371
            ]
          }
        ],
        "geographic_role": "printed-lettering-only"
      }
    },
    {
      "type": "Feature",
      "id": "F22-HAW-294",
      "geometry": {
        "type": "MultiPoint",
        "coordinates": [
          [
            -61.30287359315849,
            45.680841069151086
          ]
        ]
      },
      "properties": {
        "id": "F22-HAW-294",
        "source_text": "FAULT",
        "kind": "geology-annotation",
        "reading_status": "clear",
        "crop_id": "F22-R02C06",
        "raw_candidate_ids": [
          "F22-R02C06-10"
        ],
        "source_label_boxes_xywh": [
          [
            7833,
            2993,
            94,
            327
          ]
        ],
        "review_status": "source-reviewed",
        "geometry": null,
        "placement_status": "deferred",
        "review_note": "Second-row vertical occurrence; clipped F at top of R03C06 is the same lettering. Printed geological annotation only; no fault or intrusion geometry inferred.",
        "fit_revision": "a6619d96ba8fa8279ea6a8027654a92b15942b9d",
        "fit_sha256": "e96a8934ae42cc6dbc079e69afebb743c05decf0a61f19ac24eb620be48c32ed",
        "label_anchors": [
          {
            "box_index": 0,
            "source_pixel_xy": [
              7880.0,
              3156.5
            ],
            "covering_crop_ids": [
              "F22-R02C06"
            ],
            "inside_control_hull": true,
            "status": "derived-lettering-location",
            "projected_xy_m": [
              -6824204.67255482,
              5729350.46135535
            ],
            "lonlat": [
              -61.30287359315849,
              45.680841069151086
            ]
          }
        ],
        "geographic_role": "printed-lettering-only"
      }
    },
    {
      "type": "Feature",
      "id": "F22-HAW-295",
      "geometry": {
        "type": "MultiPoint",
        "coordinates": [
          [
            -61.31041926450135,
            45.64062967561168
          ]
        ]
      },
      "properties": {
        "id": "F22-HAW-295",
        "source_text": "FAULT",
        "kind": "geology-annotation",
        "reading_status": "clear",
        "crop_id": "F22-R03C06",
        "raw_candidate_ids": [
          "F22-R03C06-15"
        ],
        "source_label_boxes_xywh": [
          [
            7662,
            4224,
            87,
            349
          ]
        ],
        "review_status": "source-reviewed",
        "geometry": null,
        "placement_status": "deferred",
        "review_note": "Third-row vertical occurrence; clipped letters at top of R04C06 are duplicates. Printed geological annotation only; no fault or intrusion geometry inferred.",
        "fit_revision": "a6619d96ba8fa8279ea6a8027654a92b15942b9d",
        "fit_sha256": "e96a8934ae42cc6dbc079e69afebb743c05decf0a61f19ac24eb620be48c32ed",
        "label_anchors": [
          {
            "box_index": 0,
            "source_pixel_xy": [
              7705.5,
              4398.5
            ],
            "covering_crop_ids": [
              "F22-R03C06"
            ],
            "inside_control_hull": true,
            "status": "derived-lettering-location",
            "projected_xy_m": [
              -6825044.6528464,
              5722945.7162183
            ],
            "lonlat": [
              -61.31041926450135,
              45.64062967561168
            ]
          }
        ],
        "geographic_role": "printed-lettering-only"
      }
    },
    {
      "type": "Feature",
      "id": "F22-HAW-296",
      "geometry": {
        "type": "MultiPoint",
        "coordinates": [
          [
            -61.27232243677738,
            45.61524185393234
          ]
        ]
      },
      "properties": {
        "id": "F22-HAW-296",
        "source_text": "FAULT",
        "kind": "geology-annotation",
        "reading_status": "clear",
        "crop_id": "F22-R04C06",
        "raw_candidate_ids": [],
        "source_label_boxes_xywh": [
          [
            8384,
            5117,
            328,
            141
          ]
        ],
        "review_status": "source-reviewed",
        "geometry": null,
        "placement_status": "deferred",
        "review_note": "Distinct occurrence over Richmond Mine, completed as one word. Printed geological annotation only; no fault or intrusion geometry inferred.",
        "fit_revision": "a6619d96ba8fa8279ea6a8027654a92b15942b9d",
        "fit_sha256": "e96a8934ae42cc6dbc079e69afebb743c05decf0a61f19ac24eb620be48c32ed",
        "label_anchors": [
          {
            "box_index": 0,
            "source_pixel_xy": [
              8548.0,
              5187.5
            ],
            "covering_crop_ids": [
              "F22-R04C06"
            ],
            "inside_control_hull": true,
            "status": "derived-lettering-location",
            "projected_xy_m": [
              -6820803.73338333,
              5718904.39027419
            ],
            "lonlat": [
              -61.27232243677738,
              45.61524185393234
            ]
          }
        ],
        "geographic_role": "printed-lettering-only"
      }
    },
    {
      "type": "Feature",
      "id": "F22-HAW-297",
      "geometry": {
        "type": "MultiPoint",
        "coordinates": [
          [
            -61.234121691226214,
            45.6067379040694
          ]
        ]
      },
      "properties": {
        "id": "F22-HAW-297",
        "source_text": "FAULT ?",
        "kind": "geology-annotation",
        "reading_status": "clear",
        "crop_id": "F22-R04C07",
        "raw_candidate_ids": [
          "F22-R04C07-16"
        ],
        "source_label_boxes_xywh": [
          [
            9301,
            5413,
            197,
            96
          ]
        ],
        "review_status": "source-reviewed",
        "geometry": null,
        "placement_status": "deferred",
        "review_note": "Printed question mark retained near the school below Lower River Inhabitants. Printed geological annotation only; no fault or intrusion geometry inferred.",
        "fit_revision": "a6619d96ba8fa8279ea6a8027654a92b15942b9d",
        "fit_sha256": "e96a8934ae42cc6dbc079e69afebb743c05decf0a61f19ac24eb620be48c32ed",
        "label_anchors": [
          {
            "box_index": 0,
            "source_pixel_xy": [
              9399.5,
              5461.0
            ],
            "covering_crop_ids": [
              "F22-R04C07"
            ],
            "inside_control_hull": false,
            "status": "derived-lettering-location",
            "projected_xy_m": [
              -6816551.24584065,
              5717551.10964481
            ],
            "lonlat": [
              -61.234121691226214,
              45.6067379040694
            ]
          }
        ],
        "geographic_role": "printed-lettering-only"
      }
    },
    {
      "type": "Feature",
      "id": "F22-HAW-298",
      "geometry": {
        "type": "MultiPoint",
        "coordinates": [
          [
            -61.267840597338896,
            45.59153073318018
          ]
        ]
      },
      "properties": {
        "id": "F22-HAW-298",
        "source_text": "FAULT",
        "kind": "geology-annotation",
        "reading_status": "clear",
        "crop_id": "F22-R05C06",
        "raw_candidate_ids": [
          "F22-R05C06-13"
        ],
        "source_label_boxes_xywh": [
          [
            8533,
            5771,
            217,
            288
          ]
        ],
        "review_status": "source-reviewed",
        "geometry": null,
        "placement_status": "deferred",
        "review_note": "Lower diagonal occurrence completed below row four; raw Pault corrected. Printed geological annotation only; no fault or intrusion geometry inferred.",
        "fit_revision": "a6619d96ba8fa8279ea6a8027654a92b15942b9d",
        "fit_sha256": "e96a8934ae42cc6dbc079e69afebb743c05decf0a61f19ac24eb620be48c32ed",
        "label_anchors": [
          {
            "box_index": 0,
            "source_pixel_xy": [
              8641.5,
              5915.0
            ],
            "covering_crop_ids": [
              "F22-R05C06"
            ],
            "inside_control_hull": true,
            "status": "derived-lettering-location",
            "projected_xy_m": [
              -6820304.81729922,
              5715131.61970015
            ],
            "lonlat": [
              -61.267840597338896,
              45.59153073318018
            ]
          }
        ],
        "geographic_role": "printed-lettering-only"
      }
    },
    {
      "type": "Feature",
      "id": "F22-HAW-299",
      "geometry": {
        "type": "MultiPoint",
        "coordinates": [
          [
            -61.223357709531086,
            45.57737576309671
          ]
        ]
      },
      "properties": {
        "id": "F22-HAW-299",
        "source_text": "FAULT",
        "kind": "geology-annotation",
        "reading_status": "clear",
        "crop_id": "F22-R05C07",
        "raw_candidate_ids": [
          "F22-R05C07-07",
          "F22-DETAIL-SOUTHEAST-ISLAND-02"
        ],
        "source_label_boxes_xywh": [
          [
            9567,
            6327,
            125,
            86
          ]
        ],
        "review_status": "source-reviewed",
        "geometry": null,
        "placement_status": "deferred",
        "review_note": "Island occurrence; independent of black 50 FT and alternative-name connector or. Printed geological annotation only; no fault or intrusion geometry inferred.",
        "fit_revision": "a6619d96ba8fa8279ea6a8027654a92b15942b9d",
        "fit_sha256": "e96a8934ae42cc6dbc079e69afebb743c05decf0a61f19ac24eb620be48c32ed",
        "label_anchors": [
          {
            "box_index": 0,
            "source_pixel_xy": [
              9629.5,
              6370.0
            ],
            "covering_crop_ids": [
              "F22-R05C07"
            ],
            "inside_control_hull": false,
            "status": "derived-lettering-location",
            "projected_xy_m": [
              -6815353.00487944,
              5712880.1259432
            ],
            "lonlat": [
              -61.223357709531086,
              45.57737576309671
            ]
          }
        ],
        "geographic_role": "printed-lettering-only"
      }
    },
    {
      "type": "Feature",
      "id": "F22-HAW-300",
      "geometry": {
        "type": "MultiPoint",
        "coordinates": [
          [
            -61.45552849557507,
            45.6713649045638
          ]
        ]
      },
      "properties": {
        "id": "F22-HAW-300",
        "source_text": "Dyke",
        "kind": "geology-annotation",
        "reading_status": "clear",
        "crop_id": "F22-R02C03",
        "raw_candidate_ids": [
          "F22-R02C03-09",
          "F22-R03C03-07"
        ],
        "source_label_boxes_xywh": [
          [
            4539,
            3343,
            78,
            41
          ]
        ],
        "review_status": "source-reviewed",
        "geometry": null,
        "placement_status": "deferred",
        "review_note": "Upper occurrence; C03 overlap reconciled. Printed geological annotation only; no fault or intrusion geometry inferred.",
        "fit_revision": "a6619d96ba8fa8279ea6a8027654a92b15942b9d",
        "fit_sha256": "e96a8934ae42cc6dbc079e69afebb743c05decf0a61f19ac24eb620be48c32ed",
        "label_anchors": [
          {
            "box_index": 0,
            "source_pixel_xy": [
              4578.0,
              3363.5
            ],
            "covering_crop_ids": [
              "F22-R02C03",
              "F22-R03C03"
            ],
            "inside_control_hull": true,
            "status": "derived-lettering-location",
            "projected_xy_m": [
              -6841198.13855893,
              5727840.71311424
            ],
            "lonlat": [
              -61.45552849557507,
              45.6713649045638
            ]
          }
        ],
        "geographic_role": "printed-lettering-only"
      }
    },
    {
      "type": "Feature",
      "id": "F22-HAW-301",
      "geometry": {
        "type": "MultiPoint",
        "coordinates": [
          [
            -61.46780746658894,
            45.63554864242753
          ]
        ]
      },
      "properties": {
        "id": "F22-HAW-301",
        "source_text": "Dyke",
        "kind": "geology-annotation",
        "reading_status": "clear",
        "crop_id": "F22-R03C03",
        "raw_candidate_ids": [
          "F22-R03C03-22"
        ],
        "source_label_boxes_xywh": [
          [
            4260,
            4435,
            87,
            31
          ]
        ],
        "review_status": "source-reviewed",
        "geometry": null,
        "placement_status": "deferred",
        "review_note": "Distinct lower occurrence. Printed geological annotation only; no fault or intrusion geometry inferred.",
        "fit_revision": "a6619d96ba8fa8279ea6a8027654a92b15942b9d",
        "fit_sha256": "e96a8934ae42cc6dbc079e69afebb743c05decf0a61f19ac24eb620be48c32ed",
        "label_anchors": [
          {
            "box_index": 0,
            "source_pixel_xy": [
              4303.5,
              4450.5
            ],
            "covering_crop_ids": [
              "F22-R03C03"
            ],
            "inside_control_hull": true,
            "status": "derived-lettering-location",
            "projected_xy_m": [
              -6842565.02735966,
              5722136.75231868
            ],
            "lonlat": [
              -61.46780746658894,
              45.63554864242753
            ]
          }
        ],
        "geographic_role": "printed-lettering-only"
      }
    }
  ]
}
