{ "type": "FeatureCollection", "features": [{"type":"Feature","geometry":{"type":"Point","coordinates":[-59.75799151283687,45.99689496220081]},"properties":{"gaz_map":"011G13","admin_loc":"Cape Breton","concise_ds":"Cape","orig_narr":"Formerly approved as Fluke Head 12 Dec. 1939 on C. 4377. Changed to Flukes Head 12 Feb. 1976 on 11G/13.","objectid":"84","generic_cd":"1601","locn_narr":"Scatarie Island","county":"Cape Breton","generic_tm":"Head (1)","cgndb_key":"CAMKZ","tmod_date":"20130624","concise_cd":"CAPE","status_cd":"1348","ordec_date":"19760212","jurr_narr":null,"fmod_date":"20151125","nad83_lon":"-59.757985","nts_map":"011G13,C.4377","status_ds":"Official - Official","decis_date":"19760212","nad83_lat":"45.996896","geoname":"Flukes Head"}},{"type":"Feature","geometry":{"type":"Point","coordinates":[-60.22785703577335,45.7448368507935]},"properties":{"gaz_map":"011F09","admin_loc":"Cape Breton","concise_ds":"Cape","orig_narr":null,"objectid":"64","generic_cd":"1604","locn_narr":"N. of Fourchu Head","county":"Cape Breton","generic_tm":"Point (1)","cgndb_key":"CBASR","tmod_date":"20130205","concise_cd":"CAPE","status_cd":"1348","ordec_date":"19760213","jurr_narr":null,"fmod_date":"20151125","nad83_lon":"-60.227858","nts_map":"011F09","status_ds":"Official - Official","decis_date":"19760213","nad83_lat":"45.74484","geoname":"Munros Point"}},{"type":"Feature","geometry":{"type":"Point","coordinates":[-60.02137152982514,46.035526262722705]},"properties":{"gaz_map":"011K01","admin_loc":"Cape Breton","concise_ds":"Cape","orig_narr":null,"objectid":"68","generic_cd":"1604","locn_narr":"S. shore of Mira River","county":"Cape Breton","generic_tm":"Point (1)","cgndb_key":"CALTO","tmod_date":"20130205","concise_cd":"CAPE","status_cd":"1348","ordec_date":"19760205","jurr_narr":null,"fmod_date":"20151125","nad83_lon":"-60.021364","nts_map":"011K01","status_ds":"Official - Official","decis_date":"19760205","nad83_lat":"46.035528","geoname":"Fergusons Point"}},{"type":"Feature","geometry":{"type":"Point","coordinates":[-60.344014575493034,46.20991508110693]},"properties":{"gaz_map":"011K01","admin_loc":"Cape Breton","concise_ds":"Cape","orig_narr":"Moore Point was adopted 3 December 1953 on 11K/1. Changed to Almons Point 5 February 1976 on 11K/1.","objectid":"219","generic_cd":"1604","locn_narr":"E. shore of St. Andrews Channel","county":"Cape Breton","generic_tm":"Point (1)","cgndb_key":"CAANL","tmod_date":"20130205","concise_cd":"CAPE","status_cd":"1348","ordec_date":"19760205","jurr_narr":null,"fmod_date":"20151125","nad83_lon":"-60.34401","nts_map":"011K01","status_ds":"Official - Official","decis_date":"19760205","nad83_lat":"46.209915","geoname":"Almons Point"}},{"type":"Feature","geometry":{"type":"Point","coordinates":[-59.96355652542097,45.90657137713844]},"properties":{"gaz_map":"011G13","admin_loc":"Cape Breton","concise_ds":"Cape","orig_narr":"Formerly approved as Nag Head 28 Jan. 1953. Changed to Nags Head 12 Feb. 1976 on 11G/13.","objectid":"193","generic_cd":"1601","locn_narr":"E. shore of Louisbourg Harbour","county":"Cape Breton","generic_tm":"Head (1)","cgndb_key":"CBBAG","tmod_date":"20130205","concise_cd":"CAPE","status_cd":"1348","ordec_date":"19760212","jurr_narr":null,"fmod_date":"20151125","nad83_lon":"-59.963551","nts_map":"011G13","status_ds":"Official - Official","decis_date":"19760212","nad83_lat":"45.906574","geoname":"Nags Head"}},{"type":"Feature","geometry":{"type":"Point","coordinates":[-60.03008945658924,46.03048521156689]},"properties":{"gaz_map":"011K01","admin_loc":"Cape Breton","concise_ds":"Cape","orig_narr":null,"objectid":"325","generic_cd":"1604","locn_narr":"S. shore of Mira River","county":"Cape Breton","generic_tm":"Point (1)","cgndb_key":"CAXVG","tmod_date":"20130205","concise_cd":"CAPE","status_cd":"1348","ordec_date":"19760205","jurr_narr":null,"fmod_date":"20151125","nad83_lon":"-60.030082","nts_map":"011K01","status_ds":"Official - Official","decis_date":"19760205","nad83_lat":"46.030487","geoname":"Masons Point"}},{"type":"Feature","geometry":{"type":"Point","coordinates":[-59.782994736125225,46.005498904554415]},"properties":{"gaz_map":"011J04","admin_loc":"Cape Breton","concise_ds":"Cape","orig_narr":null,"objectid":"388","generic_cd":"1619","locn_narr":"Scatarie Island","county":"Cape Breton","generic_tm":"Hummock (1)","cgndb_key":"CBKLW","tmod_date":"20130205","concise_cd":"CAPE","status_cd":"1348","ordec_date":"19531105","jurr_narr":null,"fmod_date":"20151125","nad83_lon":"-59.782988","nts_map":"011J04","status_ds":"Official - Official","decis_date":"19531105","nad83_lat":"46.0055","geoname":"Steering Hummock"}},{"type":"Feature","geometry":{"type":"Point","coordinates":[-59.83182727254555,45.94536924436025]},"properties":{"gaz_map":"011G13","admin_loc":"Cape Breton","concise_ds":"Cape","orig_narr":null,"objectid":"490","generic_cd":"1601","locn_narr":"SW. of Cape Breton","county":"Cape Breton","generic_tm":"Head (1)","cgndb_key":"CABKN","tmod_date":"20130205","concise_cd":"CAPE","status_cd":"1348","ordec_date":"19760212","jurr_narr":null,"fmod_date":"20151125","nad83_lon":"-59.831821","nts_map":"011G13","status_ds":"Official - Official","decis_date":"19760212","nad83_lat":"45.945371","geoname":"Baleine Head"}},{"type":"Feature","geometry":{"type":"Point","coordinates":[-59.8286750461142,46.1829941476057]},"properties":{"gaz_map":"011J04","admin_loc":"Cape Breton","concise_ds":"Cape","orig_narr":null,"objectid":"919","generic_cd":"1601","locn_narr":"E. of Big Glace Bay","county":"Cape Breton","generic_tm":"Head (1)","cgndb_key":"CBHOQ","tmod_date":"20130205","concise_cd":"CAPE","status_cd":"1348","ordec_date":"19740905","jurr_narr":null,"fmod_date":"20151125","nad83_lon":"-59.828668","nts_map":"011J04","status_ds":"Official - Official","decis_date":"19740905","nad83_lat":"46.182993","geoname":"Schooner Pond Head"}},{"type":"Feature","geometry":{"type":"Point","coordinates":[-60.05497131054828,46.02672624065601]},"properties":{"gaz_map":"011K01","admin_loc":"Cape Breton","concise_ds":"Cape","orig_narr":null,"objectid":"1118","generic_cd":"1604","locn_narr":"S. shore of Mira River","county":"Cape Breton","generic_tm":"Point (1)","cgndb_key":"CASBZ","tmod_date":"19880720","concise_cd":"CAPE","status_cd":"1348","ordec_date":"19760205","jurr_narr":null,"fmod_date":"20151125","nad83_lon":"-60.054964","nts_map":"011K01","status_ds":"Official - Official","decis_date":"19760205","nad83_lat":"46.026728","geoname":"Joes Point"}},{"type":"Feature","geometry":{"type":"Point","coordinates":[-60.2025535713114,46.150044155272866]},"properties":{"gaz_map":"011K01","admin_loc":"Cape Breton","concise_ds":"Cape","orig_narr":null,"objectid":"1344","generic_cd":"1604","locn_narr":"E. shore of South Arm","county":"Cape Breton","generic_tm":"Point (1)","cgndb_key":"CBQMS","tmod_date":"20130205","concise_cd":"CAPE","status_cd":"1348","ordec_date":"19531203","jurr_narr":null,"fmod_date":"20151125","nad83_lon":"-60.202548","nts_map":"011K01","status_ds":"Official - Official","decis_date":"19531203","nad83_lat":"46.150044","geoname":"Battery Point"}},{"type":"Feature","geometry":{"type":"Point","coordinates":[-60.13924544214224,45.99648614173648]},"properties":{"gaz_map":"011F16","admin_loc":"Cape Breton","concise_ds":"Cape","orig_narr":null,"objectid":"1235","generic_cd":"1604","locn_narr":"S. shore of Mira River","county":"Cape Breton","generic_tm":"Point (1)","cgndb_key":"CANQA","tmod_date":"20130205","concise_cd":"CAPE","status_cd":"1348","ordec_date":"19760220","jurr_narr":null,"fmod_date":"20151125","nad83_lon":"-60.139239","nts_map":"011F16,011K01","status_ds":"Official - Official","decis_date":"19760220","nad83_lat":"45.996488","geoname":"Germans Point"}},{"type":"Feature","geometry":{"type":"Point","coordinates":[-60.19833645587914,45.77732289632053]},"properties":{"gaz_map":"011F16","admin_loc":"Cape Breton","concise_ds":"Cape","orig_narr":null,"objectid":"1459","generic_cd":"1600","locn_narr":"S. shore of Belfry Lake","county":"Cape Breton","generic_tm":"Cape","cgndb_key":"CAWXL","tmod_date":"19880720","concise_cd":"CAPE","status_cd":"1348","ordec_date":"19760220","jurr_narr":null,"fmod_date":"20151125","nad83_lon":"-60.198336","nts_map":"011F16","status_ds":"Official - Official","decis_date":"19760220","nad83_lat":"45.777326","geoname":"MacLeods Cape"}},{"type":"Feature","geometry":{"type":"Point","coordinates":[-60.059784308458276,46.030045283991505]},"properties":{"gaz_map":"011K01","admin_loc":"Cape Breton","concise_ds":"Cape","orig_narr":null,"objectid":"1493","generic_cd":"1604","locn_narr":"N. shore of Mira River","county":"Cape Breton","generic_tm":"Point (1)","cgndb_key":"CAFLZ","tmod_date":"20130205","concise_cd":"CAPE","status_cd":"1348","ordec_date":"19760205","jurr_narr":null,"fmod_date":"20151125","nad83_lon":"-60.059777","nts_map":"011K01","status_ds":"Official - Official","decis_date":"19760205","nad83_lat":"46.030047","geoname":"Burkes Point"}},{"type":"Feature","geometry":{"type":"Point","coordinates":[-59.74567948557163,46.016184278804865]},"properties":{"gaz_map":"011J04","admin_loc":"Cape Breton","concise_ds":"Cape","orig_narr":null,"objectid":"1676","generic_cd":"1601","locn_narr":"Scatarie Island","county":"Cape Breton","generic_tm":"Head (1)","cgndb_key":"CBHLS","tmod_date":"20130205","concise_cd":"CAPE","status_cd":"1348","ordec_date":"19740905","jurr_narr":null,"fmod_date":"20151125","nad83_lon":"-59.745673","nts_map":"011J04","status_ds":"Official - Official","decis_date":"19740905","nad83_lat":"46.016185","geoname":"Savage Cove Head"}},{"type":"Feature","geometry":{"type":"Point","coordinates":[-60.49163757088981,45.94938269963394]},"properties":{"gaz_map":"011F16","admin_loc":"Cape Breton","concise_ds":"Cape","orig_narr":null,"objectid":"1874","generic_cd":"1604","locn_narr":"S. shore of East Bay","county":"Cape Breton","generic_tm":"Point (1)","cgndb_key":"CAWJY","tmod_date":"20130205","concise_cd":"CAPE","status_cd":"1348","ordec_date":"19241202","jurr_narr":null,"fmod_date":"20151125","nad83_lon":"-60.491633","nts_map":"011F16,011F15","status_ds":"Official - Official","decis_date":"19241202","nad83_lat":"45.949383","geoname":"MacDougall Point"}},{"type":"Feature","geometry":{"type":"Point","coordinates":[-60.185702645133,45.779646866442434]},"properties":{"gaz_map":"011F16","admin_loc":"Cape Breton","concise_ds":"Cape","orig_narr":null,"objectid":"1952","generic_cd":"1600","locn_narr":"S. shore of Belfry Lake","county":"Cape Breton","generic_tm":"Cape","cgndb_key":"CAWNH","tmod_date":"20130205","concise_cd":"CAPE","status_cd":"1348","ordec_date":"19760220","jurr_narr":null,"fmod_date":"20151125","nad83_lon":"-60.185702","nts_map":"011F16","status_ds":"Official - Official","decis_date":"19760220","nad83_lat":"45.77965","geoname":"MacIsaacs Cape"}},{"type":"Feature","geometry":{"type":"Point","coordinates":[-60.00382130792214,46.220034771950765]},"properties":{"gaz_map":"011K01","admin_loc":"Cape Breton","concise_ds":"Cape","orig_narr":"Formerly approved as Brian Point 3 Dec. 1953. Changed to Timmons Point 5 Feb. 1976 on 11K/1.","objectid":"2274","generic_cd":"1604","locn_narr":"E. shore of Indian Bay","county":"Cape Breton","generic_tm":"Point (1)","cgndb_key":"CBLZG","tmod_date":"20130205","concise_cd":"CAPE","status_cd":"1348","ordec_date":"19760205","jurr_narr":null,"fmod_date":"20151125","nad83_lon":"-60.003815","nts_map":"011K01","status_ds":"Official - Official","decis_date":"19760205","nad83_lat":"46.220033","geoname":"Timmons Point"}},{"type":"Feature","geometry":{"type":"Point","coordinates":[-60.270075960159275,46.170212957030714]},"properties":{"gaz_map":"011K01","admin_loc":"Cape Breton","concise_ds":"Cape","orig_narr":null,"objectid":"2196","generic_cd":"1604","locn_narr":"S. shore of Sydney Harbour","county":"Cape Breton","generic_tm":"Point (1)","cgndb_key":"CBGSL","tmod_date":"20130205","concise_cd":"CAPE","status_cd":"1348","ordec_date":"19531203","jurr_narr":null,"fmod_date":"20151125","nad83_lon":"-60.270071","nts_map":"011K01","status_ds":"Official - Official","decis_date":"19531203","nad83_lat":"46.170213","geoname":"Rudderham Point"}},{"type":"Feature","geometry":{"type":"Point","coordinates":[-60.1741930546416,46.23665960634902]},"properties":{"gaz_map":"011K01","admin_loc":"Cape Breton","concise_ds":"Cape","orig_narr":null,"objectid":"4939","generic_cd":"1604","locn_narr":"E. shore of Sydney Harbour","county":"Cape Breton","generic_tm":"Point (1)","cgndb_key":"CAYFD","tmod_date":"20130205","concise_cd":"CAPE","status_cd":"1348","ordec_date":"19380405","jurr_narr":null,"fmod_date":"20151125","nad83_lon":"-60.174188","nts_map":"011K01","status_ds":"Official - Official","decis_date":"19380405","nad83_lat":"46.236658","geoname":"McGillivray Point"}},{"type":"Feature","geometry":{"type":"Point","coordinates":[-60.05451334602899,46.03191628489977]},"properties":{"gaz_map":"011K01","admin_loc":"Cape Breton","concise_ds":"Cape","orig_narr":null,"objectid":"3976","generic_cd":"1604","locn_narr":"N. shore of Mira River","county":"Cape Breton","generic_tm":"Point (1)","cgndb_key":"CAQTD","tmod_date":"20130205","concise_cd":"CAPE","status_cd":"1348","ordec_date":"19760205","jurr_narr":null,"fmod_date":"20151125","nad83_lon":"-60.054506","nts_map":"011K01","status_ds":"Official - Official","decis_date":"19760205","nad83_lat":"46.031918","geoname":"Hornes Point"}},{"type":"Feature","geometry":{"type":"Point","coordinates":[-59.6768579507055,46.0345429263153]},"properties":{"gaz_map":"011J04","admin_loc":"Cape Breton","concise_ds":"Cape","orig_narr":null,"objectid":"3992","generic_cd":"1601","locn_narr":"Scatarie Island","county":"Cape Breton","generic_tm":"Head (1)","cgndb_key":"CAKQC","tmod_date":"20130205","concise_cd":"CAPE","status_cd":"1348","ordec_date":"19740905","jurr_narr":null,"fmod_date":"20151125","nad83_lon":"-59.676852","nts_map":"011J04","status_ds":"Official - Official","decis_date":"19740905","nad83_lat":"46.034543","geoname":"Eastern Head"}},{"type":"Feature","geometry":{"type":"Point","coordinates":[-60.27175297284421,46.16693987226568]},"properties":{"gaz_map":"011K01","admin_loc":"Cape Breton","concise_ds":"Cape","orig_narr":null,"objectid":"4397","generic_cd":"1604","locn_narr":"S. shore of North West Arm","county":"Cape Breton","generic_tm":"Point (1)","cgndb_key":"CATWA","tmod_date":"20130205","concise_cd":"CAPE","status_cd":"1348","ordec_date":"19531203","jurr_narr":null,"fmod_date":"20151125","nad83_lon":"-60.271748","nts_map":"011K01","status_ds":"Official - Official","decis_date":"19531203","nad83_lat":"46.16694","geoname":"Limestone Point"}},{"type":"Feature","geometry":{"type":"Point","coordinates":[-60.69278648617729,46.01260808772233]},"properties":{"gaz_map":"011K02","admin_loc":"Cape Breton","concise_ds":"Cape","orig_narr":"Shown on 11K/2-1953 ed.","objectid":"4457","generic_cd":"1604","locn_narr":"E. shore of Great Bras d'Or","county":"Cape Breton","generic_tm":"Point (1)","cgndb_key":"CAVCP","tmod_date":"20130205","concise_cd":"CAPE","status_cd":"1348","ordec_date":"19501005","jurr_narr":null,"fmod_date":"20151125","nad83_lon":"-60.692782","nts_map":"011K02","status_ds":"Official - Official","decis_date":"19501005","nad83_lat":"46.012608","geoname":"Longbeach Point"}},{"type":"Feature","geometry":{"type":"Point","coordinates":[-60.218721756139445,46.23192734306736]},"properties":{"gaz_map":"011K01","admin_loc":"Cape Breton","concise_ds":"Cape","orig_narr":null,"objectid":"4477","generic_cd":"1604","locn_narr":"W. shore of Sydney Harbour","county":"Cape Breton","generic_tm":"Point (1)","cgndb_key":"CAZTE","tmod_date":"20130205","concise_cd":"CAPE","status_cd":"1348","ordec_date":"19380405","jurr_narr":null,"fmod_date":"20151125","nad83_lon":"-60.218717","nts_map":"011K01","status_ds":"Official - Official","decis_date":"19380405","nad83_lat":"46.231926","geoname":"Mines Point"}},{"type":"Feature","geometry":{"type":"Point","coordinates":[-60.32634150742172,46.231548456858995]},"properties":{"gaz_map":"011K01","admin_loc":"Cape Breton","concise_ds":"Cape","orig_narr":null,"objectid":"4195","generic_cd":"1604","locn_narr":"E. shore of Boularderie Island","county":"Cape Breton","generic_tm":"Point (1)","cgndb_key":"CAHLA","tmod_date":"20130205","concise_cd":"CAPE","status_cd":"1348","ordec_date":"19531203","jurr_narr":null,"fmod_date":"20151125","nad83_lon":"-60.326337","nts_map":"011K01","status_ds":"Official - Official","decis_date":"19531203","nad83_lat":"46.231548","geoname":"Codnor Point"}},{"type":"Feature","geometry":{"type":"Point","coordinates":[-60.21135710826824,45.77015491168009]},"properties":{"gaz_map":"011F16","admin_loc":"Cape Breton","concise_ds":"Cape","orig_narr":null,"objectid":"4207","generic_cd":"1604","locn_narr":"W. shore of Belfry Lake","county":"Cape Breton","generic_tm":"Point (1)","cgndb_key":"CAWFB","tmod_date":"20130205","concise_cd":"CAPE","status_cd":"1348","ordec_date":"19760220","jurr_narr":null,"fmod_date":"20151125","nad83_lon":"-60.211357","nts_map":"011F16","status_ds":"Official - Official","decis_date":"19760220","nad83_lat":"45.770158","geoname":"MacCormicks Point"}},{"type":"Feature","geometry":{"type":"Point","coordinates":[-60.16178503620314,46.24648481875532]},"properties":{"gaz_map":"011K01","admin_loc":"Cape Breton","concise_ds":"Cape","orig_narr":"Formerly approved as Petrie Point 5 April 1938 on C. 4367. Changed to Petries Point 5 Feb. 1976 on 11K/1.","objectid":"4549","generic_cd":"1604","locn_narr":"E. shore of Sydney Harbour","county":"Cape Breton","generic_tm":"Point (1)","cgndb_key":"CBDNB","tmod_date":"20130205","concise_cd":"CAPE","status_cd":"1348","ordec_date":"19760205","jurr_narr":null,"fmod_date":"20151125","nad83_lon":"-60.16178","nts_map":"011K01,C.4367","status_ds":"Official - Official","decis_date":"19760205","nad83_lat":"46.246483","geoname":"Petries Point"}},{"type":"Feature","geometry":{"type":"Point","coordinates":[-59.95845144945,46.01772525646728]},"properties":{"gaz_map":"011J04","admin_loc":"Cape Breton","concise_ds":"Cape","orig_narr":null,"objectid":"3630","generic_cd":"1604","locn_narr":"W. shore of Mira Bay","county":"Cape Breton","generic_tm":"Point (1)","cgndb_key":"CAWPW","tmod_date":"20130205","concise_cd":"CAPE","status_cd":"1348","ordec_date":"19740905","jurr_narr":null,"fmod_date":"20151125","nad83_lon":"-59.958444","nts_map":"011J04","status_ds":"Official - Official","decis_date":"19740905","nad83_lat":"46.017727","geoname":"MacKeigans Point"}},{"type":"Feature","geometry":{"type":"Point","coordinates":[-60.210377678752735,46.244828576441975]},"properties":{"gaz_map":"011K01","admin_loc":"Cape Breton","concise_ds":"Cape","orig_narr":"Approval on C.4367.","objectid":"3254","generic_cd":"1604","locn_narr":"W. shore of Sydney Harbour","county":"Cape Breton","generic_tm":"Point (1)","cgndb_key":"CAGTU","tmod_date":"20130205","concise_cd":"CAPE","status_cd":"1348","ordec_date":"19391212","jurr_narr":null,"fmod_date":"20151125","nad83_lon":"-60.210373","nts_map":"011K01,C.4367","status_ds":"Official - Official","decis_date":"19391212","nad83_lat":"46.244827","geoname":"Chapel Point"}},{"type":"Feature","geometry":{"type":"Point","coordinates":[-59.83013514044568,46.01315668021246]},"properties":{"gaz_map":"011J04","admin_loc":"Cape Breton","concise_ds":"Cape","orig_narr":null,"objectid":"3385","generic_cd":"1601","locn_narr":"E. of Mira Bay","county":"Cape Breton","generic_tm":"Head (1)","cgndb_key":"CASRY","tmod_date":"20130205","concise_cd":"CAPE","status_cd":"1348","ordec_date":"19740905","jurr_narr":null,"fmod_date":"20151125","nad83_lon":"-59.830128","nts_map":"011J04","status_ds":"Official - Official","decis_date":"19740905","nad83_lat":"46.013158","geoname":"Kellys Head"}},{"type":"Feature","geometry":{"type":"Point","coordinates":[-60.653280550628516,46.024101085904846]},"properties":{"gaz_map":"011K02","admin_loc":"Cape Breton","concise_ds":"Cape","orig_narr":null,"objectid":"2959","generic_cd":"1601","locn_narr":"S. side St. Andrews Channel","county":"Cape Breton","generic_tm":"Head (1)","cgndb_key":"CAKHL","tmod_date":"20130205","concise_cd":"CAPE","status_cd":"1348","ordec_date":"19760123","jurr_narr":null,"fmod_date":"20151125","nad83_lon":"-60.653276","nts_map":"011K02","status_ds":"Official - Official","decis_date":"19760123","nad83_lat":"46.024101","geoname":"Eagle Hill"}},{"type":"Feature","geometry":{"type":"Point","coordinates":[-60.197974131936355,46.21106209657407]},"properties":{"gaz_map":"011K01","admin_loc":"Cape Breton","concise_ds":"Cape","orig_narr":null,"objectid":"3297","generic_cd":"1604","locn_narr":"E. shore of Sydney Harbour","county":"Cape Breton","generic_tm":"Point (1)","cgndb_key":"CAIVI","tmod_date":"20130205","concise_cd":"CAPE","status_cd":"1348","ordec_date":"19380405","jurr_narr":null,"fmod_date":"20151125","nad83_lon":"-60.197969","nts_map":"011K01","status_ds":"Official - Official","decis_date":"19380405","nad83_lat":"46.211061","geoname":"Daly Point"}},{"type":"Feature","geometry":{"type":"Point","coordinates":[-60.10162330925138,45.87678207472134]},"properties":{"gaz_map":"011F16","admin_loc":"Cape Breton","concise_ds":"Cape","orig_narr":null,"objectid":"3019","generic_cd":"1604","locn_narr":"N. shore of Gabarus Bay","county":"Cape Breton","generic_tm":"Point (1)","cgndb_key":"CAIVX","tmod_date":"20130205","concise_cd":"CAPE","status_cd":"1348","ordec_date":"19760220","jurr_narr":null,"fmod_date":"20151125","nad83_lon":"-60.101619","nts_map":"011F16","status_ds":"Official - Official","decis_date":"19760220","nad83_lat":"45.876785","geoname":"Dancers Point"}},{"type":"Feature","geometry":{"type":"Point","coordinates":[-59.82605309401955,46.010603676730895]},"properties":{"gaz_map":"011J04","admin_loc":"Cape Breton","concise_ds":"Cape","orig_narr":null,"objectid":"3044","generic_cd":"1604","locn_narr":"E. of Mira Bay","county":"Cape Breton","generic_tm":"Point (1)","cgndb_key":"CAFYB","tmod_date":"20130205","concise_cd":"CAPE","status_cd":"1348","ordec_date":"19740905","jurr_narr":null,"fmod_date":"20151125","nad83_lon":"-59.826046","nts_map":"011J04","status_ds":"Official - Official","decis_date":"19740905","nad83_lat":"46.010605","geoname":"Campbells Point"}},{"type":"Feature","geometry":{"type":"Point","coordinates":[-60.26498284309151,46.192210496293455]},"properties":{"gaz_map":"011K01","admin_loc":"Cape Breton","concise_ds":"Cape","orig_narr":null,"objectid":"3051","generic_cd":"1604","locn_narr":"W. shore of Sydney Harbour","county":"Cape Breton","generic_tm":"Point (1)","cgndb_key":"CAAMP","tmod_date":"20130205","concise_cd":"CAPE","status_cd":"1348","ordec_date":"19531203","jurr_narr":null,"fmod_date":"20151125","nad83_lon":"-60.264978","nts_map":"011K01","status_ds":"Official - Official","decis_date":"19531203","nad83_lat":"46.19221","geoname":"Allen Point"}},{"type":"Feature","geometry":{"type":"Point","coordinates":[-59.72002325200498,46.03110967595495]},"properties":{"gaz_map":"011J04","admin_loc":"Cape Breton","concise_ds":"Cape","orig_narr":null,"objectid":"3060","generic_cd":"1604","locn_narr":"N. shore of Scatarie Island","county":"Cape Breton","generic_tm":"Point (1)","cgndb_key":"CBPAY","tmod_date":"20130205","concise_cd":"CAPE","status_cd":"1348","ordec_date":"19531105","jurr_narr":null,"fmod_date":"20151125","nad83_lon":"-59.720017","nts_map":"011J04","status_ds":"Official - Official","decis_date":"19531105","nad83_lat":"46.03111","geoname":"Winging Point"}},{"type":"Feature","geometry":{"type":"Point","coordinates":[-60.20624663857335,46.252007701698126]},"properties":{"gaz_map":"011K08","admin_loc":"Cape Breton","concise_ds":"Cape","orig_narr":null,"objectid":"3498","generic_cd":"1604","locn_narr":"W. shore of Sydney Harbour","county":"Cape Breton","generic_tm":"Point (1)","cgndb_key":"CBLGV","tmod_date":"20130205","concise_cd":"CAPE","status_cd":"1348","ordec_date":"19531001","jurr_narr":null,"fmod_date":"20151125","nad83_lon":"-60.206242","nts_map":"011K08","status_ds":"Official - Official","decis_date":"19531001","nad83_lat":"46.252006","geoname":"Swivel Point"}},{"type":"Feature","geometry":{"type":"Point","coordinates":[-60.125108501129134,45.83109710933721]},"properties":{"gaz_map":"011F16","admin_loc":"Cape Breton","concise_ds":"Cape","orig_narr":null,"objectid":"3500","generic_cd":"1601","locn_narr":"S. shore of Gabarus Bay","county":"Cape Breton","generic_tm":"Head (1)","cgndb_key":"CBFFN","tmod_date":"20130205","concise_cd":"CAPE","status_cd":"1348","ordec_date":"19241202","jurr_narr":null,"fmod_date":"20151125","nad83_lon":"-60.125105","nts_map":"011F16","status_ds":"Official - Official","decis_date":"19241202","nad83_lat":"45.8311","geoname":"Rams Head"}},{"type":"Feature","geometry":{"type":"Point","coordinates":[-59.83466443612097,45.95449227821529]},"properties":{"gaz_map":"011G13","admin_loc":"Cape Breton","concise_ds":"Cape","orig_narr":null,"objectid":"3095","generic_cd":"1604","locn_narr":"Baleine Harbour","county":"Cape Breton","generic_tm":"Point (1)","cgndb_key":"CBMPD","tmod_date":"19880720","concise_cd":"CAPE","status_cd":"1348","ordec_date":"19760212","jurr_narr":null,"fmod_date":"20151125","nad83_lon":"-59.834658","nts_map":"011G13","status_ds":"Official - Official","decis_date":"19760212","nad83_lat":"45.954494","geoname":"Tweedies Point"}},{"type":"Feature","geometry":{"type":"Point","coordinates":[-60.301153495920694,46.241878916704046]},"properties":{"gaz_map":"011K01","admin_loc":"Cape Breton","concise_ds":"Cape","orig_narr":"Formerly approved as Chapel Point 13 March 1947 on C. 4388. Changed to Burchells Point 5 Feb. 1976 on 11K/1.","objectid":"2531","generic_cd":"1604","locn_narr":"E. shore of St. Andrews Channel","county":"Cape Breton","generic_tm":"Point (1)","cgndb_key":"CAFLF","tmod_date":"20130205","concise_cd":"CAPE","status_cd":"1348","ordec_date":"19760205","jurr_narr":null,"fmod_date":"20151125","nad83_lon":"-60.301149","nts_map":"011K01,C.4388","status_ds":"Official - Official","decis_date":"19760205","nad83_lat":"46.241878","geoname":"Burchells Point"}},{"type":"Feature","geometry":{"type":"Point","coordinates":[-59.82263604866377,46.007070654405936]},"properties":{"gaz_map":"011J04","admin_loc":"Cape Breton","concise_ds":"Cape","orig_narr":null,"objectid":"2538","generic_cd":"1601","locn_narr":"W. shore of Main-à-Dieu Passage","county":"Cape Breton","generic_tm":"Head (1)","cgndb_key":"CBADW","tmod_date":"20130205","concise_cd":"CAPE","status_cd":"1348","ordec_date":"19531105","jurr_narr":null,"fmod_date":"20151125","nad83_lon":"-59.822629","nts_map":"011J04","status_ds":"Official - Official","decis_date":"19531105","nad83_lat":"46.007072","geoname":"Moque Head"}},{"type":"Feature","geometry":{"type":"Point","coordinates":[-60.408031827383255,46.00388710091801]},"properties":{"gaz_map":"011K01","admin_loc":"Cape Breton","concise_ds":"Cape","orig_narr":"Unknown.","objectid":"2593","generic_cd":"1604","locn_narr":"NE. shore of Bras d'Or Lake","county":"Cape Breton","generic_tm":"Point (1)","cgndb_key":"CAFWO","tmod_date":"20130205","concise_cd":"CAPE","status_cd":"1348","ordec_date":"19790216","jurr_narr":null,"fmod_date":"20151125","nad83_lon":"-60.408027","nts_map":"011K01,C.4354","status_ds":"Official - Official","decis_date":"19790216","nad83_lat":"46.003888","geoname":"Campbell Point"}},{"type":"Feature","geometry":{"type":"Point","coordinates":[-59.89702787063736,46.05365489718934]},"properties":{"gaz_map":"011J04","admin_loc":"Cape Breton","concise_ds":"Cape","orig_narr":"Now applies South of former location. Previously adopted November 5, 1953.","objectid":"2865","generic_cd":"1601","locn_narr":"N. shore of Mira Bay","county":"Cape Breton","generic_tm":"Head (1)","cgndb_key":"CALOF","tmod_date":"20130205","concise_cd":"CAPE","status_cd":"1348","ordec_date":"19740905","jurr_narr":null,"fmod_date":"20151125","nad83_lon":"-59.89702","nts_map":"011J04","status_ds":"Official - Official","decis_date":"19740905","nad83_lat":"46.053656","geoname":"False Bay Head"}},{"type":"Feature","geometry":{"type":"Point","coordinates":[-60.300290476814574,46.2804600777833]},"properties":{"gaz_map":"011K08","admin_loc":"Cape Breton","concise_ds":"Cape","orig_narr":"Previously adopted on April 5, 1938.","objectid":"3185","generic_cd":"1604","locn_narr":"E. shore of Little Bras d'Or","county":"Cape Breton","generic_tm":"Point (1)","cgndb_key":"CADQZ","tmod_date":"20130205","concise_cd":"CAPE","status_cd":"1348","ordec_date":"19651202","jurr_narr":null,"fmod_date":"20151125","nad83_lon":"-60.300286","nts_map":"011K08","status_ds":"Official - Official","decis_date":"19651202","nad83_lat":"46.280459","geoname":"Birch Point"}},{"type":"Feature","geometry":{"type":"Point","coordinates":[-60.2790934789459,46.313611305355515]},"properties":{"gaz_map":"011K08","admin_loc":"Cape Breton","concise_ds":"Cape","orig_narr":null,"objectid":"3190","generic_cd":"1604","locn_narr":"NW. of Sydney","county":"Cape Breton","generic_tm":"Point (1)","cgndb_key":"CAALA","tmod_date":"20130205","concise_cd":"CAPE","status_cd":"1348","ordec_date":"19380405","jurr_narr":null,"fmod_date":"20151125","nad83_lon":"-60.279089","nts_map":"011K08","status_ds":"Official - Official","decis_date":"19380405","nad83_lat":"46.31361","geoname":"Alder Point"}},{"type":"Feature","geometry":{"type":"Point","coordinates":[-60.02858666809043,46.24257926709639]},"properties":{"gaz_map":"011K01","admin_loc":"Cape Breton","concise_ds":"Cape","orig_narr":null,"objectid":"6922","generic_cd":"1601","locn_narr":"W. shore of Indian Bay","county":"Cape Breton","generic_tm":"Head (1)","cgndb_key":"CBBYR","tmod_date":"20130205","concise_cd":"CAPE","status_cd":"1348","ordec_date":"19531203","jurr_narr":null,"fmod_date":"20151125","nad83_lon":"-60.028581","nts_map":"011K01,C.4000,C.4001,C.4002,C.4003,C.4006,C.4013,C.4015,C.4022,C.4045,C.4367","status_ds":"Official - Official","decis_date":"19531203","nad83_lat":"46.242577","geoname":"North Head"}},{"type":"Feature","geometry":{"type":"Point","coordinates":[-60.28937282485389,46.17932102701162]},"properties":{"gaz_map":"011K01","admin_loc":"Cape Breton","concise_ds":"Cape","orig_narr":"Jackson Point was adopted 3 December 1953 on 11K/1. Changed to Jacksons Point 5 February 1976 on 11K/1.","objectid":"6677","generic_cd":"1604","locn_narr":"W. shore of North West Arm","county":"Cape Breton","generic_tm":"Point (1)","cgndb_key":"CARTS","tmod_date":"20130205","concise_cd":"CAPE","status_cd":"1348","ordec_date":"19760205","jurr_narr":null,"fmod_date":"20151125","nad83_lon":"-60.289368","nts_map":"011K01","status_ds":"Official - Official","decis_date":"19760205","nad83_lat":"46.179321","geoname":"Jacksons Point"}},{"type":"Feature","geometry":{"type":"Point","coordinates":[-59.767177652592565,46.01468012877277]},"properties":{"gaz_map":"011J04","admin_loc":"Cape Breton","concise_ds":"Cape","orig_narr":null,"objectid":"6711","generic_cd":"1600","locn_narr":"Scatarie Island","county":"Cape Breton","generic_tm":"Cape","cgndb_key":"CAOVU","tmod_date":"20130205","concise_cd":"CAPE","status_cd":"1348","ordec_date":"19740905","jurr_narr":null,"fmod_date":"20151125","nad83_lon":"-59.767171","nts_map":"011J04,C.4377","status_ds":"Official - Official","decis_date":"19740905","nad83_lat":"46.014681","geoname":"Gull Cape"}},{"type":"Feature","geometry":{"type":"Point","coordinates":[-60.06086815921602,46.210369558298495]},"properties":{"gaz_map":"011K01","admin_loc":"Cape Breton","concise_ds":"Cape","orig_narr":null,"objectid":"6739","generic_cd":"1604","locn_narr":"S. shore of Lingan Bay","county":"Cape Breton","generic_tm":"Point (1)","cgndb_key":"CBDMZ","tmod_date":"20130205","concise_cd":"CAPE","status_cd":"1348","ordec_date":"19760205","jurr_narr":null,"fmod_date":"20151125","nad83_lon":"-60.060862","nts_map":"011K01","status_ds":"Official - Official","decis_date":"19760205","nad83_lat":"46.210368","geoname":"Petries Point"}},{"type":"Feature","geometry":{"type":"Point","coordinates":[-60.29085945582332,46.28833019545644]},"properties":{"gaz_map":"011K08","admin_loc":"Cape Breton","concise_ds":"Cape","orig_narr":null,"objectid":"7100","generic_cd":"1604","locn_narr":"E. shore of Little Bras d'Or","county":"Cape Breton","generic_tm":"Point (1)","cgndb_key":"CAJLL","tmod_date":"20130205","concise_cd":"CAPE","status_cd":"1348","ordec_date":"19651202","jurr_narr":null,"fmod_date":"20151125","nad83_lon":"-60.290855","nts_map":"011K08","status_ds":"Official - Official","decis_date":"19651202","nad83_lat":"46.288329","geoname":"Devoe Point"}},{"type":"Feature","geometry":{"type":"Point","coordinates":[-59.87838803352412,45.93849590735672]},"properties":{"gaz_map":"011G13","admin_loc":"Cape Breton","concise_ds":"Cape","orig_narr":null,"objectid":"6825","generic_cd":"1604","locn_narr":"SW. of Cape Breton","county":"Cape Breton","generic_tm":"Point (1)","cgndb_key":"CBBNB","tmod_date":"20130205","concise_cd":"CAPE","status_cd":"1348","ordec_date":"19760212","jurr_narr":null,"fmod_date":"20151125","nad83_lon":"-59.878382","nts_map":"011G13","status_ds":"Official - Official","decis_date":"19760212","nad83_lat":"45.938498","geoname":"Nichols Point"}},{"type":"Feature","geometry":{"type":"Point","coordinates":[-59.8577689956871,46.110569837086295]},"properties":{"gaz_map":"011J04","admin_loc":"Cape Breton","concise_ds":"Cape","orig_narr":null,"objectid":"6846","generic_cd":"1604","locn_narr":"S. shore of Morien Bay","county":"Cape Breton","generic_tm":"Point (1)","cgndb_key":"CAFWP","tmod_date":"20130205","concise_cd":"CAPE","status_cd":"1348","ordec_date":"19531103","jurr_narr":null,"fmod_date":"20151125","nad83_lon":"-59.857761","nts_map":"011J04","status_ds":"Official - Official","decis_date":"19531103","nad83_lat":"46.11057","geoname":"Campbell Point"}},{"type":"Feature","geometry":{"type":"Point","coordinates":[-59.79000622746516,45.95216158162851]},"properties":{"gaz_map":"011G13","admin_loc":"Cape Breton","concise_ds":"Cape","orig_narr":null,"objectid":"7150","generic_cd":"1604","locn_narr":"W. shore of Main-à-Dieu Passage","county":"Cape Breton","generic_tm":"Point (1)","cgndb_key":"CBRJN","tmod_date":"20130205","concise_cd":"CAPE","status_cd":"1348","ordec_date":"19240704","jurr_narr":null,"fmod_date":"20151125","nad83_lon":"-59.79","nts_map":"011G13","status_ds":"Official - Official","decis_date":"19240704","nad83_lat":"45.952163","geoname":"Cape Breton"}},{"type":"Feature","geometry":{"type":"Point","coordinates":[-60.40649701952805,46.224263905335235]},"properties":{"gaz_map":"011K01","admin_loc":"Cape Breton","concise_ds":"Cape","orig_narr":null,"objectid":"6871","generic_cd":"1604","locn_narr":"E. shore of Boularderie Island","county":"Cape Breton","generic_tm":"Point (1)","cgndb_key":"CBIGQ","tmod_date":"20130205","concise_cd":"CAPE","status_cd":"1348","ordec_date":"19531203","jurr_narr":null,"fmod_date":"20151125","nad83_lon":"-60.406492","nts_map":"011K01","status_ds":"Official - Official","decis_date":"19531203","nad83_lat":"46.224264","geoname":"Shawfield Point"}},{"type":"Feature","geometry":{"type":"Point","coordinates":[-60.48113371135646,45.97612965492631]},"properties":{"gaz_map":"011F16","admin_loc":"Cape Breton","concise_ds":"Cape","orig_narr":"Cossit Point was adopted 2 December 1924 on 11F/16. Changed to Cossitt Point 20 February 1976 on 11F/16.","objectid":"7180","generic_cd":"1604","locn_narr":"W. shore of East Bay","county":"Cape Breton","generic_tm":"Point (1)","cgndb_key":"CAHYP","tmod_date":"20130205","concise_cd":"CAPE","status_cd":"1348","ordec_date":"19760220","jurr_narr":null,"fmod_date":"20151125","nad83_lon":"-60.481129","nts_map":"011F16","status_ds":"Official - Official","decis_date":"19760220","nad83_lat":"45.97613","geoname":"Cossitt Point"}},{"type":"Feature","geometry":{"type":"Point","coordinates":[-59.85911804821837,46.18867815880539]},"properties":{"gaz_map":"011J04","admin_loc":"Cape Breton","concise_ds":"Cape","orig_narr":"Bordens Head was adopted 5 September 1974.","objectid":"7181","generic_cd":"1601","locn_narr":"E. of Big Glace Bay","county":"Cape Breton","generic_tm":"Head (1)","cgndb_key":"CAERK","tmod_date":"20130205","concise_cd":"CAPE","status_cd":"1348","ordec_date":"19740905","jurr_narr":null,"fmod_date":"20151125","nad83_lon":"-59.859111","nts_map":"011J04","status_ds":"Official - Official","decis_date":"19740905","nad83_lat":"46.188677","geoname":"Bordens Head"}},{"type":"Feature","geometry":{"type":"Point","coordinates":[-60.243703343190326,46.268430633907705]},"properties":{"gaz_map":"011K08","admin_loc":"Cape Breton","concise_ds":"Cape","orig_narr":null,"objectid":"7185","generic_cd":"1604","locn_narr":"N. of Big Pond","county":"Cape Breton","generic_tm":"Point (1)","cgndb_key":"CBCTT","tmod_date":"20130205","concise_cd":"CAPE","status_cd":"1348","ordec_date":"19531001","jurr_narr":null,"fmod_date":"20151125","nad83_lon":"-60.243699","nts_map":"011K08","status_ds":"Official - Official","decis_date":"19531001","nad83_lat":"46.268429","geoname":"Oxford Point"}},{"type":"Feature","geometry":{"type":"Point","coordinates":[-59.889579991369395,46.061413026629126]},"properties":{"gaz_map":"011J04","admin_loc":"Cape Breton","concise_ds":"Cape","orig_narr":null,"objectid":"6554","generic_cd":"1604","locn_narr":"NW. shore of Mira Bay","county":"Cape Breton","generic_tm":"Point (1)","cgndb_key":"CAWEI","tmod_date":"19880720","concise_cd":"CAPE","status_cd":"1348","ordec_date":"19740905","jurr_narr":null,"fmod_date":"20151125","nad83_lon":"-59.889572","nts_map":"011J04","status_ds":"Official - Official","decis_date":"19740905","nad83_lat":"46.061414","geoname":"MacAuleys Point"}},{"type":"Feature","geometry":{"type":"Point","coordinates":[-60.10008129247495,45.795803300682486]},"properties":{"gaz_map":"011F16","admin_loc":"Cape Breton","concise_ds":"Cape","orig_narr":null,"objectid":"5789","generic_cd":"1604","locn_narr":"S. of Gabarus Bay","county":"Cape Breton","generic_tm":"Point (1)","cgndb_key":"CBLZL","tmod_date":"20130205","concise_cd":"CAPE","status_cd":"1348","ordec_date":"19760220","jurr_narr":null,"fmod_date":"20151125","nad83_lon":"-60.100078","nts_map":"011F16","status_ds":"Official - Official","decis_date":"19760220","nad83_lat":"45.795806","geoname":"Tims Winging Point"}},{"type":"Feature","geometry":{"type":"Point","coordinates":[-60.225238170261335,46.18233651407021]},"properties":{"gaz_map":"011K01","admin_loc":"Cape Breton","concise_ds":"Cape","orig_narr":null,"objectid":"5790","generic_cd":"1604","locn_narr":"S. shore of Sydney Harbour","county":"Cape Breton","generic_tm":"Point (1)","cgndb_key":"CASON","tmod_date":"20130205","concise_cd":"CAPE","status_cd":"1348","ordec_date":"19531203","jurr_narr":null,"fmod_date":"20151125","nad83_lon":"-60.225233","nts_map":"011K01","status_ds":"Official - Official","decis_date":"19531203","nad83_lat":"46.182336","geoname":"Keating Point"}},{"type":"Feature","geometry":{"type":"Point","coordinates":[-60.2923626109738,46.33586700844604]},"properties":{"gaz_map":"011K08","admin_loc":"Cape Breton","concise_ds":"Cape","orig_narr":"Decision on C.4367.","objectid":"5953","generic_cd":"1604","locn_narr":"N. shore of Boularderie Island","county":"Cape Breton","generic_tm":"Point (1)","cgndb_key":"CAAID","tmod_date":"20130205","concise_cd":"CAPE","status_cd":"1348","ordec_date":"19380405","jurr_narr":null,"fmod_date":"20151125","nad83_lon":"-60.292358","nts_map":"011K08,C.4367","status_ds":"Official - Official","decis_date":"19380405","nad83_lat":"46.335866","geoname":"Point Aconi"}},{"type":"Feature","geometry":{"type":"Point","coordinates":[-59.933094738099015,45.91509249523666]},"properties":{"gaz_map":"011G13","admin_loc":"Cape Breton","concise_ds":"Cape","orig_narr":null,"objectid":"5539","generic_cd":"1601","locn_narr":"E. of Louisbourg Harbour","county":"Cape Breton","generic_tm":"Head (1)","cgndb_key":"CAPJA","tmod_date":"20130205","concise_cd":"CAPE","status_cd":"1348","ordec_date":"19530128","jurr_narr":null,"fmod_date":"20151125","nad83_lon":"-59.933089","nts_map":"011G13","status_ds":"Official - Official","decis_date":"19530128","nad83_lat":"45.915095","geoname":"Hammer Head"}},{"type":"Feature","geometry":{"type":"Point","coordinates":[-60.48370771775685,46.11816651587589]},"properties":{"gaz_map":"011K01","admin_loc":"Cape Breton","concise_ds":"Cape","orig_narr":"Dougall Point was approved 13 March 1947 on C. 4388. Changed to MacDougalls Point 5 Feb. 1976 on 11K/11.","objectid":"5541","generic_cd":"1604","locn_narr":"E. shore of St. Andrews Channel","county":"Cape Breton","generic_tm":"Point (1)","cgndb_key":"CAWKI","tmod_date":"20130205","concise_cd":"CAPE","status_cd":"1348","ordec_date":"19760205","jurr_narr":null,"fmod_date":"20151125","nad83_lon":"-60.483703","nts_map":"011K01,C.4388","status_ds":"Official - Official","decis_date":"19760205","nad83_lat":"46.118167","geoname":"MacDougalls Point"}},{"type":"Feature","geometry":{"type":"Point","coordinates":[-60.79847159238299,45.93619853816796]},"properties":{"gaz_map":"011F15","admin_loc":"Cape Breton","concise_ds":"Cape","orig_narr":null,"objectid":"5877","generic_cd":"1604","locn_narr":"N. shore of Bras d'Or Lake","county":"Cape Breton","generic_tm":"Point (1)","cgndb_key":"CAJJI","tmod_date":"20130205","concise_cd":"CAPE","status_cd":"1348","ordec_date":"19501102","jurr_narr":null,"fmod_date":"20151125","nad83_lon":"-60.798468","nts_map":"011F15","status_ds":"Official - Official","decis_date":"19501102","nad83_lat":"45.936198","geoname":"Derby Point"}},{"type":"Feature","geometry":{"type":"Point","coordinates":[-60.52160132842234,45.93118674046676]},"properties":{"gaz_map":"011F15","admin_loc":"Cape Breton","concise_ds":"Cape","orig_narr":null,"objectid":"5580","generic_cd":"1604","locn_narr":"S. shore of East Bay","county":"Cape Breton","generic_tm":"Point (1)","cgndb_key":"CAXLN","tmod_date":"20130205","concise_cd":"CAPE","status_cd":"1348","ordec_date":"19501102","jurr_narr":null,"fmod_date":"20151125","nad83_lon":"-60.521597","nts_map":"011F15","status_ds":"Official - Official","decis_date":"19501102","nad83_lat":"45.931187","geoname":"Marble Point"}},{"type":"Feature","geometry":{"type":"Point","coordinates":[-60.28089194962216,46.16235978725132]},"properties":{"gaz_map":"011K01","admin_loc":"Cape Breton","concise_ds":"Cape","orig_narr":null,"objectid":"5348","generic_cd":"1604","locn_narr":"E. shore of North West Arm","county":"Cape Breton","generic_tm":"Point (1)","cgndb_key":"CBNOZ","tmod_date":"20130205","concise_cd":"CAPE","status_cd":"1348","ordec_date":"19760205","jurr_narr":null,"fmod_date":"20151125","nad83_lon":"-60.280887","nts_map":"011K01","status_ds":"Official - Official","decis_date":"19760205","nad83_lat":"46.16236","geoname":"Watsons Point"}},{"type":"Feature","geometry":{"type":"Point","coordinates":[-59.82565606381673,46.00562361378955]},"properties":{"gaz_map":"011J04","admin_loc":"Cape Breton","concise_ds":"Cape","orig_narr":null,"objectid":"5133","generic_cd":"1601","locn_narr":"E. of Mira Bay","county":"Cape Breton","generic_tm":"Head (1)","cgndb_key":"CAODK","tmod_date":"20130205","concise_cd":"CAPE","status_cd":"1348","ordec_date":"19740905","jurr_narr":null,"fmod_date":"20151125","nad83_lon":"-59.825649","nts_map":"011J04","status_ds":"Official - Official","decis_date":"19740905","nad83_lat":"46.005625","geoname":"Grandfathers Head"}},{"type":"Feature","geometry":{"type":"Point","coordinates":[-60.13408856363582,45.84289910772841]},"properties":{"gaz_map":"011F16","admin_loc":"Cape Breton","concise_ds":"Cape","orig_narr":"Rouse Point was adopted 2 December 1924 on 11F/16. Changed to Rouses Point 20 February 1976 on 11F/16.","objectid":"5375","generic_cd":"1604","locn_narr":"S. shore of Gabarus Bay","county":"Cape Breton","generic_tm":"Point (1)","cgndb_key":"CBGRS","tmod_date":"20130205","concise_cd":"CAPE","status_cd":"1348","ordec_date":"19760220","jurr_narr":null,"fmod_date":"20151125","nad83_lon":"-60.134085","nts_map":"011F16","status_ds":"Official - Official","decis_date":"19760220","nad83_lat":"45.842902","geoname":"Rouses Point"}},{"type":"Feature","geometry":{"type":"Point","coordinates":[-59.81930585834728,46.11240103845752]},"properties":{"gaz_map":"011J04","admin_loc":"Cape Breton","concise_ds":"Cape","orig_narr":null,"objectid":"5179","generic_cd":"1604","locn_narr":"N. shore of Mira Bay","county":"Cape Breton","generic_tm":"Point (1)","cgndb_key":"CBBQN","tmod_date":"20130205","concise_cd":"CAPE","status_cd":"1348","ordec_date":"19531105","jurr_narr":null,"fmod_date":"20151125","nad83_lon":"-59.819298","nts_map":"011J04","status_ds":"Official - Official","decis_date":"19531105","nad83_lat":"46.112401","geoname":"Noneck Point"}},{"type":"Feature","geometry":{"type":"Point","coordinates":[-60.35121860042055,46.21127507154341]},"properties":{"gaz_map":"011K01","admin_loc":"Cape Breton","concise_ds":"Cape","orig_narr":null,"objectid":"5736","generic_cd":"1604","locn_narr":"E. shore of St. Andrews Channel","county":"Cape Breton","generic_tm":"Point (1)","cgndb_key":"CAGJV","tmod_date":"20130205","concise_cd":"CAPE","status_cd":"1348","ordec_date":"19760205","jurr_narr":null,"fmod_date":"20151125","nad83_lon":"-60.351214","nts_map":"011K01","status_ds":"Official - Official","decis_date":"19760205","nad83_lat":"46.211275","geoname":"Carmichaels Point"}},{"type":"Feature","geometry":{"type":"Point","coordinates":[-60.00843525733358,46.220739793233875]},"properties":{"gaz_map":"011K01","admin_loc":"Cape Breton","concise_ds":"Cape","orig_narr":null,"objectid":"5449","generic_cd":"1604","locn_narr":"E. shore of Indian Bay","county":"Cape Breton","generic_tm":"Point (1)","cgndb_key":"CAFHP","tmod_date":"20130205","concise_cd":"CAPE","status_cd":"1348","ordec_date":"19760205","jurr_narr":null,"fmod_date":"20151125","nad83_lon":"-60.008429","nts_map":"011K01","status_ds":"Official - Official","decis_date":"19760205","nad83_lat":"46.220738","geoname":"Browners Point"}},{"type":"Feature","geometry":{"type":"Point","coordinates":[-60.08212537000111,45.8034081736581]},"properties":{"gaz_map":"011F16","admin_loc":"Cape Breton","concise_ds":"Cape","orig_narr":null,"objectid":"5777","generic_cd":"1604","locn_narr":"S. of Gabarus Bay","county":"Cape Breton","generic_tm":"Point (1)","cgndb_key":"CAQLE","tmod_date":"20130205","concise_cd":"CAPE","status_cd":"1348","ordec_date":"19760220","jurr_narr":null,"fmod_date":"20151125","nad83_lon":"-60.082122","nts_map":"011F16","status_ds":"Official - Official","decis_date":"19760220","nad83_lat":"45.803411","geoname":"Hilliards Point"}},{"type":"Feature","geometry":{"type":"Point","coordinates":[-60.72744880164826,45.902405376197734]},"properties":{"gaz_map":"011F15","admin_loc":"Cape Breton","concise_ds":"Cape","orig_narr":null,"objectid":"5230","generic_cd":"1604","locn_narr":"N. shore of Bras d'Or Bay","county":"Cape Breton","generic_tm":"Point (1)","cgndb_key":"CACQV","tmod_date":"20130205","concise_cd":"CAPE","status_cd":"1348","ordec_date":"19501102","jurr_narr":null,"fmod_date":"20151125","nad83_lon":"-60.727445","nts_map":"011F15","status_ds":"Official - Official","decis_date":"19501102","nad83_lat":"45.902405","geoname":"Benacadie Point"}},{"type":"Feature","geometry":{"type":"Point","coordinates":[-60.66981755673562,46.02132209789258]},"properties":{"gaz_map":"011K02","admin_loc":"Cape Breton","concise_ds":"Cape","orig_narr":"Previously adopted on March 13, 1947 on C.4388. Shown on 11K/2 - 1953 ed., C.4388 - 1961 and 11K - 1955-56.","objectid":"10095","generic_cd":"1604","locn_narr":"E. shore of Great Bras d'Or","county":"Cape Breton","generic_tm":"Point (1)","cgndb_key":"CAEBA","tmod_date":"20130205","concise_cd":"CAPE","status_cd":"1348","ordec_date":"19501005","jurr_narr":null,"fmod_date":"20151125","nad83_lon":"-60.669813","nts_map":"011K02,C.4388","status_ds":"Official - Official","decis_date":"19501005","nad83_lat":"46.021322","geoname":"Black Point"}},{"type":"Feature","geometry":{"type":"Point","coordinates":[-59.96680067458808,45.912438385692134]},"properties":{"gaz_map":"011G13","admin_loc":"Cape Breton","concise_ds":"Cape","orig_narr":null,"objectid":"10112","generic_cd":"1604","locn_narr":"E. shore of Louisbourg Harbour","county":"Cape Breton","generic_tm":"Point (1)","cgndb_key":"CBCKD","tmod_date":"20130205","concise_cd":"CAPE","status_cd":"1348","ordec_date":"19530128","jurr_narr":null,"fmod_date":"20151125","nad83_lon":"-59.966795","nts_map":"011G13","status_ds":"Official - Official","decis_date":"19530128","nad83_lat":"45.912441","geoname":"Old Railway Point"}},{"type":"Feature","geometry":{"type":"Point","coordinates":[-59.83953733363521,45.94976622041398]},"properties":{"gaz_map":"011G13","admin_loc":"Cape Breton","concise_ds":"Cape","orig_narr":null,"objectid":"9814","generic_cd":"1601","locn_narr":"W. of Cape Breton","county":"Cape Breton","generic_tm":"Head (1)","cgndb_key":"CAFED","tmod_date":"20130205","concise_cd":"CAPE","status_cd":"1348","ordec_date":"19760212","jurr_narr":null,"fmod_date":"20151125","nad83_lon":"-59.839531","nts_map":"011G13","status_ds":"Official - Official","decis_date":"19760212","nad83_lat":"45.949768","geoname":"Broad Cove Head"}},{"type":"Feature","geometry":{"type":"Point","coordinates":[-60.024177558481504,45.87374308145057]},"properties":{"gaz_map":"011F16","admin_loc":"Cape Breton","concise_ds":"Cape","orig_narr":"Simon Point was adopted 2 December 1924 on 11F/16. Changed to Simons Point 20 February 1976 on 11F/16.","objectid":"9291","generic_cd":"1604","locn_narr":"E. of Gabarus Bay","county":"Cape Breton","generic_tm":"Point (1)","cgndb_key":"CBITX","tmod_date":"20130205","concise_cd":"CAPE","status_cd":"1348","ordec_date":"19760220","jurr_narr":null,"fmod_date":"20151125","nad83_lon":"-60.024173","nts_map":"011F16","status_ds":"Official - Official","decis_date":"19760220","nad83_lat":"45.873746","geoname":"Simons Point"}},{"type":"Feature","geometry":{"type":"Point","coordinates":[-59.88023204725829,46.19168215125033]},"properties":{"gaz_map":"011J04","admin_loc":"Cape Breton","concise_ds":"Cape","orig_narr":"Formerly approved as Macrae Point 5 Nov. 1953. Changed to MacRae Point 5 Sept. 1974 on 11J/4.","objectid":"9909","generic_cd":"1604","locn_narr":"NE. of Big Glace Bay","county":"Cape Breton","generic_tm":"Point (1)","cgndb_key":"CAXDF","tmod_date":"20130205","concise_cd":"CAPE","status_cd":"1348","ordec_date":"19740905","jurr_narr":null,"fmod_date":"20151125","nad83_lon":"-59.880225","nts_map":"011J04","status_ds":"Official - Official","decis_date":"19740905","nad83_lat":"46.191681","geoname":"MacRae Point"}},{"type":"Feature","geometry":{"type":"Point","coordinates":[-59.68986302296743,46.030050818774036]},"properties":{"gaz_map":"011J04","admin_loc":"Cape Breton","concise_ds":"Cape","orig_narr":null,"objectid":"9922","generic_cd":"1604","locn_narr":"E. shore of Scatarie Island","county":"Cape Breton","generic_tm":"Point (1)","cgndb_key":"CBGAN","tmod_date":"20130205","concise_cd":"CAPE","status_cd":"1348","ordec_date":"19531105","jurr_narr":null,"fmod_date":"20151125","nad83_lon":"-59.689857","nts_map":"011J04","status_ds":"Official - Official","decis_date":"19531105","nad83_lat":"46.030051","geoname":"Rock Point"}},{"type":"Feature","geometry":{"type":"Point","coordinates":[-60.0367254558614,46.03569527377692]},"properties":{"gaz_map":"011K01","admin_loc":"Cape Breton","concise_ds":"Cape","orig_narr":null,"objectid":"10009","generic_cd":"1604","locn_narr":"S. shore of Mira River","county":"Cape Breton","generic_tm":"Point (1)","cgndb_key":"CAFAX","tmod_date":"20130205","concise_cd":"CAPE","status_cd":"1348","ordec_date":"19760205","jurr_narr":null,"fmod_date":"20151125","nad83_lon":"-60.036718","nts_map":"011K01","status_ds":"Official - Official","decis_date":"19760205","nad83_lat":"46.035697","geoname":"Brickyard Point"}},{"type":"Feature","geometry":{"type":"Point","coordinates":[-59.976123016456214,45.886569265223365]},"properties":{"gaz_map":"011G13","admin_loc":"Cape Breton","concise_ds":"Cape","orig_narr":null,"objectid":"9078","generic_cd":"1604","locn_narr":"S. of Louisbourg Harbour","county":"Cape Breton","generic_tm":"Point (1)","cgndb_key":"CAEFK","tmod_date":"20130205","concise_cd":"CAPE","status_cd":"1348","ordec_date":"19530128","jurr_narr":null,"fmod_date":"20151125","nad83_lon":"-59.976118","nts_map":"011G13","status_ds":"Official - Official","decis_date":"19530128","nad83_lat":"45.886572","geoname":"Blackrock Point"}},{"type":"Feature","geometry":{"type":"Point","coordinates":[-60.803023667256994,45.96226050774168]},"properties":{"gaz_map":"011F15","admin_loc":"Cape Breton","concise_ds":"Cape","orig_narr":null,"objectid":"9406","generic_cd":"1604","locn_narr":"W. shore of Barra Strait","county":"Cape Breton","generic_tm":"Point (1)","cgndb_key":"CBMTA","tmod_date":"20130205","concise_cd":"CAPE","status_cd":"1348","ordec_date":"19501102","jurr_narr":null,"fmod_date":"20151125","nad83_lon":"-60.80302","nts_map":"011F15","status_ds":"Official - Official","decis_date":"19501102","nad83_lat":"45.96226","geoname":"Uniacke Point"}},{"type":"Feature","geometry":{"type":"Point","coordinates":[-59.87701591196985,46.12605801744541]},"properties":{"gaz_map":"011J04","admin_loc":"Cape Breton","concise_ds":"Cape","orig_narr":null,"objectid":"9708","generic_cd":"1604","locn_narr":"W. shore of Morien Bay","county":"Cape Breton","generic_tm":"Point (1)","cgndb_key":"CAAXL","tmod_date":"20130205","concise_cd":"CAPE","status_cd":"1348","ordec_date":"19531105","jurr_narr":null,"fmod_date":"20151125","nad83_lon":"-59.877008","nts_map":"011J04","status_ds":"Official - Official","decis_date":"19531105","nad83_lat":"46.126058","geoname":"Arnold Point"}},{"type":"Feature","geometry":{"type":"Point","coordinates":[-60.52016650149608,46.09326658076411]},"properties":{"gaz_map":"011K02","admin_loc":"Cape Breton","concise_ds":"Cape","orig_narr":"Formerly approved as Lockman Point 13 March 1947 on C. 4388 and 5 Oct. 1950 on 11K/2. Changed to MacMillans Point 23 Jan. 1976 on 11K/2.","objectid":"9734","generic_cd":"1604","locn_narr":"SE. shore of St. Andrews Channel","county":"Cape Breton","generic_tm":"Point (1)","cgndb_key":"CAWZF","tmod_date":"20130205","concise_cd":"CAPE","status_cd":"1348","ordec_date":"19760123","jurr_narr":null,"fmod_date":"20151125","nad83_lon":"-60.520162","nts_map":"011K02,C.4388","status_ds":"Official - Official","decis_date":"19760123","nad83_lat":"46.093267","geoname":"MacMillans Point"}},{"type":"Feature","geometry":{"type":"Point","coordinates":[-60.38785686278001,46.20210186514517]},"properties":{"gaz_map":"011K01","admin_loc":"Cape Breton","concise_ds":"Cape","orig_narr":"Formerly approved as Young Point 3 Dec. 1953. Changed to Youngs Point 5 Feb. 1976 on 11K/1.","objectid":"9765","generic_cd":"1604","locn_narr":"E. shore of St. Andrews Channel","county":"Cape Breton","generic_tm":"Point (1)","cgndb_key":"CBPKI","tmod_date":"20130205","concise_cd":"CAPE","status_cd":"1348","ordec_date":"19760205","jurr_narr":null,"fmod_date":"20151125","nad83_lon":"-60.387852","nts_map":"011K01","status_ds":"Official - Official","decis_date":"19760205","nad83_lat":"46.202102","geoname":"Youngs Point"}},{"type":"Feature","geometry":{"type":"Point","coordinates":[-60.035951874827695,46.23009600870804]},"properties":{"gaz_map":"011K01","admin_loc":"Cape Breton","concise_ds":"Cape","orig_narr":null,"objectid":"9158","generic_cd":"1601","locn_narr":"W. shore of Indian Bay","county":"Cape Breton","generic_tm":"Head (1)","cgndb_key":"CAUHI","tmod_date":"20130205","concise_cd":"CAPE","status_cd":"1348","ordec_date":"19531203","jurr_narr":null,"fmod_date":"20151125","nad83_lon":"-60.035946","nts_map":"011K01","status_ds":"Official - Official","decis_date":"19531203","nad83_lat":"46.230094","geoname":"Little Head"}},{"type":"Feature","geometry":{"type":"Point","coordinates":[-59.979941602172225,45.909421331428376]},"properties":{"gaz_map":"011G13","admin_loc":"Cape Breton","concise_ds":"Cape","orig_narr":null,"objectid":"8609","generic_cd":"1604","locn_narr":"W. shore of Louisbourg Harbour","county":"Cape Breton","generic_tm":"Point (1)","cgndb_key":"CABYZ","tmod_date":"20130205","concise_cd":"CAPE","status_cd":"1348","ordec_date":"19530126","jurr_narr":null,"fmod_date":"20151125","nad83_lon":"-59.979936","nts_map":"011G13","status_ds":"Official - Official","decis_date":"19530126","nad83_lat":"45.909424","geoname":"Battery Point"}},{"type":"Feature","geometry":{"type":"Point","coordinates":[-60.22765076831118,46.223785179157524]},"properties":{"gaz_map":"011K01","admin_loc":"Cape Breton","concise_ds":"Cape","orig_narr":null,"objectid":"8948","generic_cd":"1604","locn_narr":"W. shore of Sydney Harbour","county":"Cape Breton","generic_tm":"Point (1)","cgndb_key":"CBKXY","tmod_date":"20130205","concise_cd":"CAPE","status_cd":"1348","ordec_date":"19531205","jurr_narr":null,"fmod_date":"20151125","nad83_lon":"-60.227646","nts_map":"011K01","status_ds":"Official - Official","decis_date":"19531205","nad83_lat":"46.223784","geoname":"Stubbert Point"}},{"type":"Feature","geometry":{"type":"Point","coordinates":[-60.01534161449882,46.04915345244293]},"properties":{"gaz_map":"011K01","admin_loc":"Cape Breton","concise_ds":"Cape","orig_narr":null,"objectid":"8506","generic_cd":"1604","locn_narr":"N. shore of Mira River","county":"Cape Breton","generic_tm":"Point (1)","cgndb_key":"CAHFF","tmod_date":"20130205","concise_cd":"CAPE","status_cd":"1348","ordec_date":"19760205","jurr_narr":null,"fmod_date":"20151125","nad83_lon":"-60.015334","nts_map":"011K01","status_ds":"Official - Official","decis_date":"19760205","nad83_lat":"46.049155","geoname":"The Clay Bank"}},{"type":"Feature","geometry":{"type":"Point","coordinates":[-59.73306436801968,46.02432749329723]},"properties":{"gaz_map":"011J04","admin_loc":"Cape Breton","concise_ds":"Cape","orig_narr":null,"objectid":"8752","generic_cd":"1604","locn_narr":"Scatarie Island","county":"Cape Breton","generic_tm":"Point (1)","cgndb_key":"CANDG","tmod_date":"20130205","concise_cd":"CAPE","status_cd":"1348","ordec_date":"19400423","jurr_narr":null,"fmod_date":"20151125","nad83_lon":"-59.733058","nts_map":"011J04","status_ds":"Official - Official","decis_date":"19400423","nad83_lat":"46.024328","geoname":"Friar Point"}},{"type":"Feature","geometry":{"type":"Point","coordinates":[-59.92199779681465,46.04715971453772]},"properties":{"gaz_map":"011J04","admin_loc":"Cape Breton","concise_ds":"Cape","orig_narr":null,"objectid":"8760","generic_cd":"1604","locn_narr":"N. shore of Mira Bay","county":"Cape Breton","generic_tm":"Point (1)","cgndb_key":"CBGOD","tmod_date":"19890814","concise_cd":"CAPE","status_cd":"1348","ordec_date":"19531105","jurr_narr":null,"fmod_date":"20151125","nad83_lon":"-59.92199","nts_map":"011J04","status_ds":"Official - Official","decis_date":"19531105","nad83_lat":"46.047161","geoname":"Round Island Point"}},{"type":"Feature","geometry":{"type":"Point","coordinates":[-59.817135001404125,46.18075917068305]},"properties":{"gaz_map":"011J04","admin_loc":"Cape Breton","concise_ds":"Cape","orig_narr":"Formerly approved as Northern Head 5 Nov. 1953. Changed to Wreck Point 5 Sept. 1974 on 11J/4.","objectid":"8333","generic_cd":"1604","locn_narr":"E. of Big Glace Bay","county":"Cape Breton","generic_tm":"Point (1)","cgndb_key":"CBPGI","tmod_date":"20130205","concise_cd":"CAPE","status_cd":"1348","ordec_date":"19740905","jurr_narr":null,"fmod_date":"20151125","nad83_lon":"-59.817128","nts_map":"011J04","status_ds":"Official - Official","decis_date":"19740905","nad83_lat":"46.180758","geoname":"Wreck Point"}},{"type":"Feature","geometry":{"type":"Point","coordinates":[-60.30890209382538,45.88223902347084]},"properties":{"gaz_map":"011F16","admin_loc":"Cape Breton","concise_ds":"Cape","orig_narr":null,"objectid":"8380","generic_cd":"1604","locn_narr":"W. shore of Mira River","county":"Cape Breton","generic_tm":"Point (1)","cgndb_key":"CARIQ","tmod_date":"20130205","concise_cd":"CAPE","status_cd":"1348","ordec_date":"19241202","jurr_narr":null,"fmod_date":"20151125","nad83_lon":"-60.308899","nts_map":"011F16","status_ds":"Official - Official","decis_date":"19241202","nad83_lat":"45.882241","geoname":"Indian Point"}},{"type":"Feature","geometry":{"type":"Point","coordinates":[-60.06353734671973,45.87258001465317]},"properties":{"gaz_map":"011F16","admin_loc":"Cape Breton","concise_ds":"Cape","orig_narr":null,"objectid":"11736","generic_cd":"1604","locn_narr":"N. shore of Gabarus Bay","county":"Cape Breton","generic_tm":"Point (1)","cgndb_key":"CAWVO","tmod_date":"20130205","concise_cd":"CAPE","status_cd":"1348","ordec_date":"19760220","jurr_narr":null,"fmod_date":"20151125","nad83_lon":"-60.063533","nts_map":"011F16","status_ds":"Official - Official","decis_date":"19760220","nad83_lat":"45.872583","geoname":"MacLeans Point"}},{"type":"Feature","geometry":{"type":"Point","coordinates":[-60.2860154359626,46.2923472660639]},"properties":{"gaz_map":"011K08","admin_loc":"Cape Breton","concise_ds":"Cape","orig_narr":null,"objectid":"12078","generic_cd":"1604","locn_narr":"W. shore of Little Bras d'Or","county":"Cape Breton","generic_tm":"Point (1)","cgndb_key":"CBLBC","tmod_date":"20130205","concise_cd":"CAPE","status_cd":"1348","ordec_date":"19531001","jurr_narr":null,"fmod_date":"20151125","nad83_lon":"-60.286011","nts_map":"011K08","status_ds":"Official - Official","decis_date":"19531001","nad83_lat":"46.292346","geoname":"Sullivan Point"}},{"type":"Feature","geometry":{"type":"Point","coordinates":[-60.257982957123545,46.178531228108476]},"properties":{"gaz_map":"011K01","admin_loc":"Cape Breton","concise_ds":"Cape","orig_narr":null,"objectid":"12445","generic_cd":"1604","locn_narr":"E. shore of North West Arm","county":"Cape Breton","generic_tm":"Point (1)","cgndb_key":"CAJPP","tmod_date":"20130205","concise_cd":"CAPE","status_cd":"1348","ordec_date":"19531203","jurr_narr":null,"fmod_date":"20151125","nad83_lon":"-60.257978","nts_map":"011K01","status_ds":"Official - Official","decis_date":"19531203","nad83_lat":"46.178531","geoname":"Dixon Point"}},{"type":"Feature","geometry":{"type":"Point","coordinates":[-60.10848451916152,45.82246512784963]},"properties":{"gaz_map":"011F16","admin_loc":"Cape Breton","concise_ds":"Cape","orig_narr":null,"objectid":"11883","generic_cd":"1604","locn_narr":"S. shore of Gabarus Bay","county":"Cape Breton","generic_tm":"Point (1)","cgndb_key":"CAVRP","tmod_date":"20130205","concise_cd":"CAPE","status_cd":"1348","ordec_date":"19760220","jurr_narr":null,"fmod_date":"20151125","nad83_lon":"-60.108481","nts_map":"011F16","status_ds":"Official - Official","decis_date":"19760220","nad83_lat":"45.822468","geoname":"Lowell Point"}},{"type":"Feature","geometry":{"type":"Point","coordinates":[-60.79091272406915,45.960356467510394]},"properties":{"gaz_map":"011F15","admin_loc":"Cape Breton","concise_ds":"Cape","orig_narr":null,"objectid":"11600","generic_cd":"1604","locn_narr":"E. shore of Barra Strait","county":"Cape Breton","generic_tm":"Point (1)","cgndb_key":"CASRS","tmod_date":"20130205","concise_cd":"CAPE","status_cd":"1348","ordec_date":"19501102","jurr_narr":null,"fmod_date":"20151125","nad83_lon":"-60.790909","nts_map":"011F15","status_ds":"Official - Official","decis_date":"19501102","nad83_lat":"45.960356","geoname":"Kelly Point"}},{"type":"Feature","geometry":{"type":"Point","coordinates":[-59.977568735539656,45.914680357416536]},"properties":{"gaz_map":"011G13","admin_loc":"Cape Breton","concise_ds":"Cape","orig_narr":"Formerly approved as Gerratt Head 28 Jan. 1953 on C. 4376. Changed to Gerards Head 12 Feb. 1976 on 11G/13.","objectid":"11603","generic_cd":"1601","locn_narr":"W. shore of Louisbourg Harbour","county":"Cape Breton","generic_tm":"Head (1)","cgndb_key":"CANPU","tmod_date":"20130205","concise_cd":"CAPE","status_cd":"1348","ordec_date":"19760212","jurr_narr":null,"fmod_date":"20151125","nad83_lon":"-59.977563","nts_map":"011G13,C.4376","status_ds":"Official - Official","decis_date":"19760212","nad83_lat":"45.914683","geoname":"Gerards Head"}},{"type":"Feature","geometry":{"type":"Point","coordinates":[-59.9621927873362,45.917024415297526]},"properties":{"gaz_map":"011G13","admin_loc":"Cape Breton","concise_ds":"Cape","orig_narr":null,"objectid":"11933","generic_cd":"1601","locn_narr":"E. shore of Louisbourg Harbour","county":"Cape Breton","generic_tm":"Head (1)","cgndb_key":"CBOXU","tmod_date":"20130205","concise_cd":"CAPE","status_cd":"1348","ordec_date":"19530128","jurr_narr":null,"fmod_date":"20151125","nad83_lon":"-59.962187","nts_map":"011G13","status_ds":"Official - Official","decis_date":"19530128","nad83_lat":"45.917027","geoname":"Williams Head"}},{"type":"Feature","geometry":{"type":"Point","coordinates":[-59.97786246512824,46.221146710845524]},"properties":{"gaz_map":"011J04","admin_loc":"Cape Breton","concise_ds":"Cape","orig_narr":"Formerly approved as South Head 5 Nov. 1953. Changed to O'Neils Point 24 Aug. 1966 on 11J/4e.","objectid":"11627","generic_cd":"1604","locn_narr":"W. of Big Glace Bay","county":"Cape Breton","generic_tm":"Point (1)","cgndb_key":"CBCLC","tmod_date":"20130205","concise_cd":"CAPE","status_cd":"1348","ordec_date":"19660824","jurr_narr":null,"fmod_date":"20151125","nad83_lon":"-59.977856","nts_map":"011J04","status_ds":"Official - Official","decis_date":"19660824","nad83_lat":"46.221145","geoname":"O'Neils Point"}},{"type":"Feature","geometry":{"type":"Point","coordinates":[-60.15462133593753,45.99975821342855]},"properties":{"gaz_map":"011F16","admin_loc":"Cape Breton","concise_ds":"Cape","orig_narr":null,"objectid":"12242","generic_cd":"1604","locn_narr":"N. shore of Mira River","county":"Cape Breton","generic_tm":"Point (1)","cgndb_key":"CBKEE","tmod_date":"20130205","concise_cd":"CAPE","status_cd":"1348","ordec_date":"19760220","jurr_narr":null,"fmod_date":"20151125","nad83_lon":"-60.154615","nts_map":"011F16","status_ds":"Official - Official","decis_date":"19760220","nad83_lat":"45.99976","geoname":"Spruce Point"}},{"type":"Feature","geometry":{"type":"Point","coordinates":[-60.22487167965203,45.760522913958035]},"properties":{"gaz_map":"011F16","admin_loc":"Cape Breton","concise_ds":"Cape","orig_narr":null,"objectid":"11646","generic_cd":"1604","locn_narr":"W. shore of Marcoche Lake","county":"Cape Breton","generic_tm":"Point (1)","cgndb_key":"CALTP","tmod_date":"20130205","concise_cd":"CAPE","status_cd":"1348","ordec_date":"19760220","jurr_narr":null,"fmod_date":"20151125","nad83_lon":"-60.224872","nts_map":"011F16","status_ds":"Official - Official","decis_date":"19760220","nad83_lat":"45.760526","geoname":"Fergusons Point"}},{"type":"Feature","geometry":{"type":"Point","coordinates":[-60.63160306054086,45.922604973780764]},"properties":{"gaz_map":"011F15","admin_loc":"Cape Breton","concise_ds":"Cape","orig_narr":null,"objectid":"11650","generic_cd":"1604","locn_narr":"N. shore of East Bay","county":"Cape Breton","generic_tm":"Point (1)","cgndb_key":"CAJMQ","tmod_date":"20130205","concise_cd":"CAPE","status_cd":"1348","ordec_date":"19501102","jurr_narr":null,"fmod_date":"20151125","nad83_lon":"-60.631599","nts_map":"011F15","status_ds":"Official - Official","decis_date":"19501102","nad83_lat":"45.922605","geoname":"Dhu Point"}},{"type":"Feature","geometry":{"type":"Point","coordinates":[-60.34510056105334,46.22500722886557]},"properties":{"gaz_map":"011K01","admin_loc":"Cape Breton","concise_ds":"Cape","orig_narr":null,"objectid":"12661","generic_cd":"1604","locn_narr":"E. shore of Boularderie Island","county":"Cape Breton","generic_tm":"Point (1)","cgndb_key":"CAOUP","tmod_date":"20130205","concise_cd":"CAPE","status_cd":"1348","ordec_date":"19531203","jurr_narr":null,"fmod_date":"20151125","nad83_lon":"-60.345096","nts_map":"011K01","status_ds":"Official - Official","decis_date":"19531203","nad83_lat":"46.225007","geoname":"Groves Point"}},{"type":"Feature","geometry":{"type":"Point","coordinates":[-60.294695250442125,45.886324942281696]},"properties":{"gaz_map":"011F16","admin_loc":"Cape Breton","concise_ds":"Cape","orig_narr":null,"objectid":"11439","generic_cd":"1604","locn_narr":"E. shore of Mira River","county":"Cape Breton","generic_tm":"Point (1)","cgndb_key":"CBHKG","tmod_date":"20130205","concise_cd":"CAPE","status_cd":"1348","ordec_date":"19760220","jurr_narr":null,"fmod_date":"20151125","nad83_lon":"-60.294692","nts_map":"011F16","status_ds":"Official - Official","decis_date":"19760220","nad83_lat":"45.886327","geoname":"Sandys Point"}},{"type":"Feature","geometry":{"type":"Point","coordinates":[-59.92420975956166,45.915918521791355]},"properties":{"gaz_map":"011G13","admin_loc":"Cape Breton","concise_ds":"Cape","orig_narr":null,"objectid":"11215","generic_cd":"1601","locn_narr":"E. of Louisbourg Harbour","county":"Cape Breton","generic_tm":"Head (1)","cgndb_key":"CAVPH","tmod_date":"20130205","concise_cd":"CAPE","status_cd":"1348","ordec_date":"19530128","jurr_narr":null,"fmod_date":"20151125","nad83_lon":"-59.924204","nts_map":"011G13","status_ds":"Official - Official","decis_date":"19530128","nad83_lat":"45.915921","geoname":"Lorraine Head"}},{"type":"Feature","geometry":{"type":"Point","coordinates":[-60.28882444807332,46.29009422438251]},"properties":{"gaz_map":"011K08","admin_loc":"Cape Breton","concise_ds":"Cape","orig_narr":"Jessom Point was adopted 2 December 1965 on 11K/8c. Changed to Jessome Point 20 January 1976 on 11K/8.","objectid":"11219","generic_cd":"1604","locn_narr":"W. shore of Little Bras d'Or","county":"Cape Breton","generic_tm":"Point (1)","cgndb_key":"CARZB","tmod_date":"20130205","concise_cd":"CAPE","status_cd":"1348","ordec_date":"19760120","jurr_narr":null,"fmod_date":"20151125","nad83_lon":"-60.28882","nts_map":"011K08","status_ds":"Official - Official","decis_date":"19760120","nad83_lat":"46.290093","geoname":"Jessome Point"}},{"type":"Feature","geometry":{"type":"Point","coordinates":[-60.22948433962681,45.75201988418207]},"properties":{"gaz_map":"011F16","admin_loc":"Cape Breton","concise_ds":"Cape","orig_narr":null,"objectid":"11280","generic_cd":"1604","locn_narr":"S. shore of Marcoche Lake","county":"Cape Breton","generic_tm":"Point (1)","cgndb_key":"CAWPI","tmod_date":"20130205","concise_cd":"CAPE","status_cd":"1348","ordec_date":"19760220","jurr_narr":null,"fmod_date":"20151125","nad83_lon":"-60.229485","nts_map":"011F16,011F09","status_ds":"Official - Official","decis_date":"19760220","nad83_lat":"45.752023","geoname":"MacKays Point"}},{"type":"Feature","geometry":{"type":"Point","coordinates":[-60.63550186727629,45.855661182554414]},"properties":{"gaz_map":"011F15","admin_loc":"Cape Breton","concise_ds":"Cape","orig_narr":"Cape Rhumore was adopted 2 November 1950 on 11F/15. Changed to Middle Cape 23 February 1976 on 11F/15 and co-ordinates corrected from 45 51 - 60 39 to 45 51 - 60 38.","objectid":"10548","generic_cd":"1600","locn_narr":"S. shore of East Bay","county":"Cape Breton","generic_tm":"Cape","cgndb_key":"CAZCA","tmod_date":"20130205","concise_cd":"CAPE","status_cd":"1348","ordec_date":"19760223","jurr_narr":null,"fmod_date":"20151125","nad83_lon":"-60.635498","nts_map":"011F15","status_ds":"Official - Official","decis_date":"19760223","nad83_lat":"45.855661","geoname":"Middle Cape"}},{"type":"Feature","geometry":{"type":"Point","coordinates":[-60.177453825103775,45.78242885426176]},"properties":{"gaz_map":"011F16","admin_loc":"Cape Breton","concise_ds":"Cape","orig_narr":null,"objectid":"11294","generic_cd":"1604","locn_narr":"E. shore of Belfry Lake","county":"Cape Breton","generic_tm":"Point (1)","cgndb_key":"CARIR","tmod_date":"20130205","concise_cd":"CAPE","status_cd":"1348","ordec_date":"19241202","jurr_narr":null,"fmod_date":"20151125","nad83_lon":"-60.177453","nts_map":"011F16","status_ds":"Official - Official","decis_date":"19241202","nad83_lat":"45.782432","geoname":"Indian Point"}},{"type":"Feature","geometry":{"type":"Point","coordinates":[-60.52891320167666,45.92260371981876]},"properties":{"gaz_map":"011F15","admin_loc":"Cape Breton","concise_ds":"Cape","orig_narr":"Formerly approved as Porphyry Point 2 Nov. 1950. Changed to MacKinnons Point 23 Feb. 1976 on 11F/15.","objectid":"10625","generic_cd":"1604","locn_narr":"S. shore of East Bay","county":"Cape Breton","generic_tm":"Point (1)","cgndb_key":"CAWTQ","tmod_date":"20130205","concise_cd":"CAPE","status_cd":"1348","ordec_date":"19760223","jurr_narr":null,"fmod_date":"20151125","nad83_lon":"-60.528909","nts_map":"011F15","status_ds":"Official - Official","decis_date":"19760223","nad83_lat":"45.922604","geoname":"MacKinnons Point"}},{"type":"Feature","geometry":{"type":"Point","coordinates":[-60.22846943718595,46.26313469710963]},"properties":{"gaz_map":"011K08","admin_loc":"Cape Breton","concise_ds":"Cape","orig_narr":null,"objectid":"10421","generic_cd":"1604","locn_narr":"S. shore of Spanish Bay","county":"Cape Breton","generic_tm":"Point (1)","cgndb_key":"CAEBF","tmod_date":"20130205","concise_cd":"CAPE","status_cd":"1348","ordec_date":"19380405","jurr_narr":null,"fmod_date":"20151125","nad83_lon":"-60.228465","nts_map":"011K08","status_ds":"Official - Official","decis_date":"19380405","nad83_lat":"46.263133","geoname":"Black Point"}},{"type":"Feature","geometry":{"type":"Point","coordinates":[-59.96706356590019,45.908170371170186]},"properties":{"gaz_map":"011G13","admin_loc":"Cape Breton","concise_ds":"Cape","orig_narr":null,"objectid":"14351","generic_cd":"1604","locn_narr":"E. shore of Louisbourg Harbour","county":"Cape Breton","generic_tm":"Point (1)","cgndb_key":"CBGUR","tmod_date":"20130205","concise_cd":"CAPE","status_cd":"1348","ordec_date":"19530128","jurr_narr":null,"fmod_date":"20151125","nad83_lon":"-59.967058","nts_map":"011G13","status_ds":"Official - Official","decis_date":"19530128","nad83_lat":"45.908173","geoname":"Russell Point"}},{"type":"Feature","geometry":{"type":"Point","coordinates":[-60.01737256629821,46.03974532182457]},"properties":{"gaz_map":"011K01","admin_loc":"Cape Breton","concise_ds":"Cape","orig_narr":null,"objectid":"15396","generic_cd":"1604","locn_narr":"S. shore of Mira River","county":"Cape Breton","generic_tm":"Point (1)","cgndb_key":"CARIO","tmod_date":"20130205","concise_cd":"CAPE","status_cd":"1348","ordec_date":"19760205","jurr_narr":null,"fmod_date":"20151125","nad83_lon":"-60.017365","nts_map":"011K01","status_ds":"Official - Official","decis_date":"19760205","nad83_lat":"46.039747","geoname":"Indian Point"}},{"type":"Feature","geometry":{"type":"Point","coordinates":[-59.814019034667176,46.12474905881325]},"properties":{"gaz_map":"011J04","admin_loc":"Cape Breton","concise_ds":"Cape","orig_narr":null,"objectid":"14139","generic_cd":"1604","locn_narr":"E. shore of Morien Bay","county":"Cape Breton","generic_tm":"Point (1)","cgndb_key":"CAHJD","tmod_date":"20130205","concise_cd":"CAPE","status_cd":"1348","ordec_date":"19531105","jurr_narr":"Coordinates adjusted to reflect current NSHN data following the 2016-2017 NSGN review 16 January 2017 from 46°7'27.700\"-59°48'52.455\" to 46°7'29.096\"-59°48'50.441\"on 11J04. (C.Roche)","fmod_date":"20170222","nad83_lon":"-59.8140113","nts_map":"011J04","status_ds":"Official - Official","decis_date":"19531105","nad83_lat":"46.1247488","geoname":"Coalhole Point"}},{"type":"Feature","geometry":{"type":"Point","coordinates":[-59.76753158733389,45.99897692427138]},"properties":{"gaz_map":"011G13","admin_loc":"Cape Breton","concise_ds":"Cape","orig_narr":"Formerly approved as Pigeon Point 12 Dec. 1939 on C. 4377. Changed to Pigeon Head 12 Feb. 1976 on 11G/13.","objectid":"14151","generic_cd":"1601","locn_narr":"Scatarie Island","county":"Cape Breton","generic_tm":"Head (1)","cgndb_key":"CBDQI","tmod_date":"20130624","concise_cd":"CAPE","status_cd":"1348","ordec_date":"19760212","jurr_narr":null,"fmod_date":"20151125","nad83_lon":"-59.767525","nts_map":"011G13,C.4377","status_ds":"Official - Official","decis_date":"19760212","nad83_lat":"45.998978","geoname":"Pigeon Head"}},{"type":"Feature","geometry":{"type":"Point","coordinates":[-60.30258559019501,45.86771682424064]},"properties":{"gaz_map":"011F16","admin_loc":"Cape Breton","concise_ds":"Cape","orig_narr":null,"objectid":"14152","generic_cd":"1604","locn_narr":"W. shore of Mira River","county":"Cape Breton","generic_tm":"Point (1)","cgndb_key":"CAWKH","tmod_date":"20130205","concise_cd":"CAPE","status_cd":"1348","ordec_date":"19760220","jurr_narr":null,"fmod_date":"20151125","nad83_lon":"-60.302583","nts_map":"011F16","status_ds":"Official - Official","decis_date":"19760220","nad83_lat":"45.867719","geoname":"MacDougalls Point"}},{"type":"Feature","geometry":{"type":"Point","coordinates":[-60.11645406459528,45.78330905642742]},"properties":{"gaz_map":"011F16","admin_loc":"Cape Breton","concise_ds":"Cape","orig_narr":"Adopted in the 18th Report, 1924. This is a point of land on the coast where fishermen shoot birds particularly in March and April. The birds fly in large numbers close to this point and the fishermen call them \"winging points\". (A.N. Mackay 1910).","objectid":"14476","generic_cd":"1604","locn_narr":"N. shore of Fourchu Bay","county":"Cape Breton","generic_tm":"Point (1)","cgndb_key":"CBPAZ","tmod_date":"20130205","concise_cd":"CAPE","status_cd":"1348","ordec_date":"19240331","jurr_narr":null,"fmod_date":"20151125","nad83_lon":"-60.116452","nts_map":"011F16","status_ds":"Official - Official","decis_date":"19240331","nad83_lat":"45.783312","geoname":"Winging Point"}},{"type":"Feature","geometry":{"type":"Point","coordinates":[-60.2297470851446,46.18736558654488]},"properties":{"gaz_map":"011K01","admin_loc":"Cape Breton","concise_ds":"Cape","orig_narr":"Named after a man named Edwards who hung himself here man y years ago. (PM. 1922).","objectid":"14165","generic_cd":"1604","locn_narr":"S. shore of Sydney Harbour","county":"Cape Breton","generic_tm":"Point (1)","cgndb_key":"CALAH","tmod_date":"20130205","concise_cd":"CAPE","status_cd":"1348","ordec_date":"19531203","jurr_narr":null,"fmod_date":"20151125","nad83_lon":"-60.229742","nts_map":"011K01","status_ds":"Official - Official","decis_date":"19531203","nad83_lat":"46.187365","geoname":"Point Edward"}},{"type":"Feature","geometry":{"type":"Point","coordinates":[-60.004128648977954,46.04356437939181]},"properties":{"gaz_map":"011K01","admin_loc":"Cape Breton","concise_ds":"Cape","orig_narr":null,"objectid":"14218","generic_cd":"1604","locn_narr":"S. shore of Mira River","county":"Cape Breton","generic_tm":"Point (1)","cgndb_key":"CBAAB","tmod_date":"20130205","concise_cd":"CAPE","status_cd":"1348","ordec_date":"19760205","jurr_narr":null,"fmod_date":"20151125","nad83_lon":"-60.004121","nts_map":"011K01","status_ds":"Official - Official","decis_date":"19760205","nad83_lat":"46.043566","geoname":"Money Point"}},{"type":"Feature","geometry":{"type":"Point","coordinates":[-60.10039560486706,45.81961915072705]},"properties":{"gaz_map":"011F16","admin_loc":"Cape Breton","concise_ds":"Cape","orig_narr":null,"objectid":"15180","generic_cd":"1604","locn_narr":"S. shore of Gabarus Bay","county":"Cape Breton","generic_tm":"Point (1)","cgndb_key":"CAPOU","tmod_date":"20130205","concise_cd":"CAPE","status_cd":"1348","ordec_date":"19760220","jurr_narr":null,"fmod_date":"20151125","nad83_lon":"-60.100392","nts_map":"011F16","status_ds":"Official - Official","decis_date":"19760220","nad83_lat":"45.819622","geoname":"Hardys Point"}},{"type":"Feature","geometry":{"type":"Point","coordinates":[-59.99452666325019,45.8732761381929]},"properties":{"gaz_map":"011G13","admin_loc":"Cape Breton","concise_ds":"Cape","orig_narr":null,"objectid":"14259","generic_cd":"1604","locn_narr":"S. of Louisbourg Harbour","county":"Cape Breton","generic_tm":"Point (1)","cgndb_key":"CBORN","tmod_date":"20130205","concise_cd":"CAPE","status_cd":"1348","ordec_date":"19530128","jurr_narr":null,"fmod_date":"20151125","nad83_lon":"-59.994522","nts_map":"011G13,C.4000,C.4001,C.4002,C.4003,C.4006,C.4013,C.4015,C.4045,C.4375","status_ds":"Official - Official","decis_date":"19530128","nad83_lat":"45.873279","geoname":"White Point"}},{"type":"Feature","geometry":{"type":"Point","coordinates":[-59.84363915102012,46.003980496387086]},"properties":{"gaz_map":"011J04","admin_loc":"Cape Breton","concise_ds":"Cape","orig_narr":null,"objectid":"14292","generic_cd":"1604","locn_narr":"W. entrance to Main-à-Dieu Harbour","county":"Cape Breton","generic_tm":"Point (1)","cgndb_key":"CBQMR","tmod_date":"20130205","concise_cd":"CAPE","status_cd":"1348","ordec_date":"19740905","jurr_narr":null,"fmod_date":"20151125","nad83_lon":"-59.843632","nts_map":"011J04,C.4377","status_ds":"Official - Official","decis_date":"19740905","nad83_lat":"46.003982","geoname":"Battery Point"}},{"type":"Feature","geometry":{"type":"Point","coordinates":[-59.83771313257343,46.00449352677387]},"properties":{"gaz_map":"011J04","admin_loc":"Cape Breton","concise_ds":"Cape","orig_narr":"Burke Point was adopted 12 December 1939 on C.4377 and confirmed 5 November 1953 on 11J/4. Changed to Burkes Point 5 September 1974 on 11J/4.","objectid":"14059","generic_cd":"1604","locn_narr":"N. shore of Main-à-Dieu Bay","county":"Cape Breton","generic_tm":"Point (1)","cgndb_key":"CAFLY","tmod_date":"20130205","concise_cd":"CAPE","status_cd":"1348","ordec_date":"19740905","jurr_narr":null,"fmod_date":"20151125","nad83_lon":"-59.837706","nts_map":"011J04,C.4377","status_ds":"Official - Official","decis_date":"19740905","nad83_lat":"46.004495","geoname":"Burkes Point"}},{"type":"Feature","geometry":{"type":"Point","coordinates":[-60.22902819869147,45.72604580383939]},"properties":{"gaz_map":"011F09","admin_loc":"Cape Breton","concise_ds":"Cape","orig_narr":null,"objectid":"13852","generic_cd":"1604","locn_narr":"N. of Fourchu Head","county":"Cape Breton","generic_tm":"Point (1)","cgndb_key":"CABTJ","tmod_date":"20130205","concise_cd":"CAPE","status_cd":"1348","ordec_date":"19760213","jurr_narr":null,"fmod_date":"20151125","nad83_lon":"-60.22903","nts_map":"011F09","status_ds":"Official - Official","decis_date":"19760213","nad83_lat":"45.726049","geoname":"Barren Point"}},{"type":"Feature","geometry":{"type":"Point","coordinates":[-60.294630410710816,46.26602716513114]},"properties":{"gaz_map":"011K08","admin_loc":"Cape Breton","concise_ds":"Cape","orig_narr":null,"objectid":"17283","generic_cd":"1604","locn_narr":"W. shore of Little Bras d'Or","county":"Cape Breton","generic_tm":"Point (1)","cgndb_key":"CAGGK","tmod_date":"20130205","concise_cd":"CAPE","status_cd":"1348","ordec_date":"19651202","jurr_narr":null,"fmod_date":"20151125","nad83_lon":"-60.294626","nts_map":"011K08","status_ds":"Official - Official","decis_date":"19651202","nad83_lat":"46.266026","geoname":"Careys Point"}},{"type":"Feature","geometry":{"type":"Point","coordinates":[-60.32429455968899,46.212359250711536]},"properties":{"gaz_map":"011K01","admin_loc":"Cape Breton","concise_ds":"Cape","orig_narr":"Almon Point was adopted 13 March 1947 on 11K/1. Changed to Jessomes Point 5 February 1976 on 11K/1.","objectid":"17290","generic_cd":"1604","locn_narr":"E. shore of St. Andrews Channel","county":"Cape Breton","generic_tm":"Point (1)","cgndb_key":"CARZC","tmod_date":"20130205","concise_cd":"CAPE","status_cd":"1348","ordec_date":"19760205","jurr_narr":null,"fmod_date":"20151125","nad83_lon":"-60.32429","nts_map":"011K01","status_ds":"Official - Official","decis_date":"19760205","nad83_lat":"46.212359","geoname":"Jessomes Point"}},{"type":"Feature","geometry":{"type":"Point","coordinates":[-60.600632451277214,46.052186954538605]},"properties":{"gaz_map":"011K02","admin_loc":"Cape Breton","concise_ds":"Cape","orig_narr":"Formerly approved as Maclean Beach 13 March 1947 on C. 4388. Changed to MacLean Beach Point 23 Jan. 1976 on 11K/2. (Shown incorrectly as Maclean Beach Point on edition 2 of 11K/2.)","objectid":"17610","generic_cd":"1604","locn_narr":"S. shore of St. Andrews Channel","county":"Cape Breton","generic_tm":"Point (1)","cgndb_key":"CAWUF","tmod_date":"20130205","concise_cd":"CAPE","status_cd":"1348","ordec_date":"19760123","jurr_narr":null,"fmod_date":"20151125","nad83_lon":"-60.600628","nts_map":"011K02,C.4388","status_ds":"Official - Official","decis_date":"19760123","nad83_lat":"46.052187","geoname":"MacLean Beach Point"}},{"type":"Feature","geometry":{"type":"Point","coordinates":[-60.29572075942435,45.90130509525828]},"properties":{"gaz_map":"011F16","admin_loc":"Cape Breton","concise_ds":"Cape","orig_narr":null,"objectid":"17732","generic_cd":"1604","locn_narr":"E. shore of Mira River","county":"Cape Breton","generic_tm":"Point (1)","cgndb_key":"CAWKT","tmod_date":"20130205","concise_cd":"CAPE","status_cd":"1348","ordec_date":"19760220","jurr_narr":null,"fmod_date":"20151125","nad83_lon":"-60.295717","nts_map":"011F16","status_ds":"Official - Official","decis_date":"19760220","nad83_lat":"45.901307","geoname":"MacEacherns Point"}},{"type":"Feature","geometry":{"type":"Point","coordinates":[-59.92814102972123,45.93072161231234]},"properties":{"gaz_map":"011G13","admin_loc":"Cape Breton","concise_ds":"Cape","orig_narr":null,"objectid":"17088","generic_cd":"1620","locn_narr":"Big Lorraine Harbour","county":"Cape Breton","generic_tm":"Neck","cgndb_key":"CAZEZ","tmod_date":"20130205","concise_cd":"CAPE","status_cd":"1348","ordec_date":"19760212","jurr_narr":null,"fmod_date":"20151125","nad83_lon":"-59.928135","nts_map":"011G13","status_ds":"Official - Official","decis_date":"19760212","nad83_lat":"45.930724","geoname":"Middle Neck"}},{"type":"Feature","geometry":{"type":"Point","coordinates":[-59.80494418450894,45.94458845284682]},"properties":{"gaz_map":"011G13","admin_loc":"Cape Breton","concise_ds":"Cape","orig_narr":null,"objectid":"17744","generic_cd":"1604","locn_narr":"SW. of Cape Breton","county":"Cape Breton","generic_tm":"Point (1)","cgndb_key":"CARAV","tmod_date":"20130205","concise_cd":"CAPE","status_cd":"1348","ordec_date":"19760212","jurr_narr":null,"fmod_date":"20151125","nad83_lon":"-59.804938","nts_map":"011G13","status_ds":"Official - Official","decis_date":"19760212","nad83_lat":"45.94459","geoname":"Hummocky Point"}},{"type":"Feature","geometry":{"type":"Point","coordinates":[-59.83255265356986,45.966733362201175]},"properties":{"gaz_map":"011G13","admin_loc":"Cape Breton","concise_ds":"Cape","orig_narr":"Decision above on C.4375.","objectid":"17110","generic_cd":"1604","locn_narr":"S. of Mira Bay","county":"Cape Breton","generic_tm":"Point (1)","cgndb_key":"CBPQQ","tmod_date":"20130205","concise_cd":"CAPE","status_cd":"1348","ordec_date":"19400423","jurr_narr":null,"fmod_date":"20151125","nad83_lon":"-59.832546","nts_map":"011G13,C.4375","status_ds":"Official - Official","decis_date":"19400423","nad83_lat":"45.966735","geoname":"Point Roche"}},{"type":"Feature","geometry":{"type":"Point","coordinates":[-59.97289921671049,45.894391304407314]},"properties":{"gaz_map":"011G13","admin_loc":"Cape Breton","concise_ds":"Cape","orig_narr":null,"objectid":"17116","generic_cd":"1604","locn_narr":"S. shore of Louisbourg Harbour","county":"Cape Breton","generic_tm":"Point (1)","cgndb_key":"CBFZD","tmod_date":"20130205","concise_cd":"CAPE","status_cd":"1348","ordec_date":"19530128","jurr_narr":null,"fmod_date":"20151125","nad83_lon":"-59.972894","nts_map":"011G13","status_ds":"Official - Official","decis_date":"19530128","nad83_lat":"45.894394","geoname":"Rochefort Point"}},{"type":"Feature","geometry":{"type":"Point","coordinates":[-60.20724657222322,46.26202181543525]},"properties":{"gaz_map":"011K08","admin_loc":"Cape Breton","concise_ds":"Cape","orig_narr":null,"objectid":"17131","generic_cd":"1604","locn_narr":"S. shore of Spanish Bay","county":"Cape Breton","generic_tm":"Point (1)","cgndb_key":"CAIGU","tmod_date":"20130205","concise_cd":"CAPE","status_cd":"1348","ordec_date":"19380405","jurr_narr":null,"fmod_date":"20151125","nad83_lon":"-60.207242","nts_map":"011K08","status_ds":"Official - Official","decis_date":"19380405","nad83_lat":"46.26202","geoname":"Cranberry Point"}},{"type":"Feature","geometry":{"type":"Point","coordinates":[-59.9679695522531,46.22024465162766]},"properties":{"gaz_map":"011J04","admin_loc":"Cape Breton","concise_ds":"Cape","orig_narr":"Formerly approved as Burnt Head 5 Nov. 1953. Changed to Hub Head 5 Sept. 1974 on 11J/4.","objectid":"17804","generic_cd":"1601","locn_narr":"NW. of Big Glace Bay","county":"Cape Breton","generic_tm":"Head (1)","cgndb_key":"CAQYP","tmod_date":"20130205","concise_cd":"CAPE","status_cd":"1348","ordec_date":"19740905","jurr_narr":null,"fmod_date":"20151125","nad83_lon":"-59.967963","nts_map":"011J04","status_ds":"Official - Official","decis_date":"19740905","nad83_lat":"46.220243","geoname":"Hub Head"}},{"type":"Feature","geometry":{"type":"Point","coordinates":[-59.81206613254899,46.1717930232169]},"properties":{"gaz_map":"011J04","admin_loc":"Cape Breton","concise_ds":"Cape","orig_narr":"Originally approved as Cap Percé 12 Dec. 1939 on C. 4375. Changed to Cape Percé 5 Nov. 1953 on 11J/4. Reinstated as Cap Percé 2 Dec. 1965 on 11J/4f. Changed to Northern Head 5 Sept. 1974 on 11J/4.","objectid":"17173","generic_cd":"1601","locn_narr":"N. of Mira Bay","county":"Cape Breton","generic_tm":"Head (1)","cgndb_key":"CBBXM","tmod_date":"20130205","concise_cd":"CAPE","status_cd":"1348","ordec_date":"19740905","jurr_narr":null,"fmod_date":"20151125","nad83_lon":"-59.812059","nts_map":"011J04,C.4375","status_ds":"Official - Official","decis_date":"19740905","nad83_lat":"46.171792","geoname":"Northern Head"}},{"type":"Feature","geometry":{"type":"Point","coordinates":[-60.45471277261113,45.98681246116496]},"properties":{"gaz_map":"011F16","admin_loc":"Cape Breton","concise_ds":"Cape","orig_narr":null,"objectid":"16840","generic_cd":"1604","locn_narr":"NE. of Cossitt Point","county":"Cape Breton","generic_tm":"Point (1)","cgndb_key":"CAXXV","tmod_date":"20130205","concise_cd":"CAPE","status_cd":"1348","ordec_date":"19790216","jurr_narr":null,"fmod_date":"20151125","nad83_lon":"-60.454708","nts_map":"011F16,C.4354","status_ds":"Official - Official","decis_date":"19790216","nad83_lat":"45.986813","geoname":"McAdam Point"}},{"type":"Feature","geometry":{"type":"Point","coordinates":[-59.82045375707255,45.98069650065635]},"properties":{"gaz_map":"011G13","admin_loc":"Cape Breton","concise_ds":"Cape","orig_narr":"Approval on C.4375.","objectid":"17224","generic_cd":"1604","locn_narr":"W. side Main-à-Dieu Passage","county":"Cape Breton","generic_tm":"Point (1)","cgndb_key":"CBRID","tmod_date":"20130205","concise_cd":"CAPE","status_cd":"1348","ordec_date":"19380428","jurr_narr":null,"fmod_date":"20151125","nad83_lon":"-59.820447","nts_map":"011G13,C.4375,C.4377","status_ds":"Official - Official","decis_date":"19380428","nad83_lat":"45.980698","geoname":"Bar Point"}},{"type":"Feature","geometry":{"type":"Point","coordinates":[-60.804634859308614,45.99569043517107]},"properties":{"gaz_map":"011F15","admin_loc":"Cape Breton","concise_ds":"Cape","orig_narr":null,"objectid":"17551","generic_cd":"1604","locn_narr":"W. shore of Great Bras d'Or","county":"Cape Breton","generic_tm":"Point (1)","cgndb_key":"CAEGD","tmod_date":"20130205","concise_cd":"CAPE","status_cd":"1348","ordec_date":"19501102","jurr_narr":null,"fmod_date":"20151125","nad83_lon":"-60.804631","nts_map":"011F15","status_ds":"Official - Official","decis_date":"19501102","nad83_lat":"45.99569","geoname":"Blacksmith Point"}},{"type":"Feature","geometry":{"type":"Point","coordinates":[-59.86740406545179,45.94158799041903]},"properties":{"gaz_map":"011G13","admin_loc":"Cape Breton","concise_ds":"Cape","orig_narr":"Little Lorraine Head was approved 12 Feb. 1976 on 11G/13.","objectid":"17268","generic_cd":"1601","locn_narr":"SW. of Cape Breton","county":"Cape Breton","generic_tm":"Head (1)","cgndb_key":"CAUMG","tmod_date":"20130205","concise_cd":"CAPE","status_cd":"1348","ordec_date":"19760212","jurr_narr":null,"fmod_date":"20151125","nad83_lon":"-59.867398","nts_map":"011G13","status_ds":"Official - Official","decis_date":"19760212","nad83_lat":"45.94159","geoname":"Little Lorraine Head"}},{"type":"Feature","geometry":{"type":"Point","coordinates":[-60.25644629861736,46.28343662144707]},"properties":{"gaz_map":"011K08","admin_loc":"Cape Breton","concise_ds":"Cape","orig_narr":null,"objectid":"16922","generic_cd":"1601","locn_narr":"W. shore of Spanish Bay","county":"Cape Breton","generic_tm":"Head (1)","cgndb_key":"CAEPU","tmod_date":"20130205","concise_cd":"CAPE","status_cd":"1348","ordec_date":"19380405","jurr_narr":null,"fmod_date":"20151125","nad83_lon":"-60.256442","nts_map":"011K08","status_ds":"Official - Official","decis_date":"19380405","nad83_lat":"46.283435","geoname":"Bonar Head"}},{"type":"Feature","geometry":{"type":"Point","coordinates":[-60.07768639210149,45.81829100841525]},"properties":{"gaz_map":"011F16","admin_loc":"Cape Breton","concise_ds":"Cape","orig_narr":null,"objectid":"15634","generic_cd":"1600","locn_narr":"S. coast of Gabarus Bay","county":"Cape Breton","generic_tm":"Cape","cgndb_key":"CANGQ","tmod_date":"20130205","concise_cd":"CAPE","status_cd":"1348","ordec_date":"19241202","jurr_narr":null,"fmod_date":"20151125","nad83_lon":"-60.077683","nts_map":"011F16","status_ds":"Official - Official","decis_date":"19241202","nad83_lat":"45.818294","geoname":"Cape Gabarus"}},{"type":"Feature","geometry":{"type":"Point","coordinates":[-60.230988521314,45.733716828137176]},"properties":{"gaz_map":"011F09","admin_loc":"Cape Breton","concise_ds":"Cape","orig_narr":null,"objectid":"16648","generic_cd":"1601","locn_narr":"N. of Fourchu Head","county":"Cape Breton","generic_tm":"Head (1)","cgndb_key":"CBJPN","tmod_date":"20130205","concise_cd":"CAPE","status_cd":"1348","ordec_date":"19760213","jurr_narr":null,"fmod_date":"20151125","nad83_lon":"-60.23099","nts_map":"011F09","status_ds":"Official - Official","decis_date":"19760213","nad83_lat":"45.73372","geoname":"Southern Head"}},{"type":"Feature","geometry":{"type":"Point","coordinates":[-60.20760396212252,45.765954870604496]},"properties":{"gaz_map":"011F16","admin_loc":"Cape Breton","concise_ds":"Cape","orig_narr":null,"objectid":"16211","generic_cd":"1601","locn_narr":"W. shore of Fourchu Bay","county":"Cape Breton","generic_tm":"Head (1)","cgndb_key":"CACOH","tmod_date":"20130205","concise_cd":"CAPE","status_cd":"1348","ordec_date":"19760220","jurr_narr":null,"fmod_date":"20151125","nad83_lon":"-60.207604","nts_map":"011F16","status_ds":"Official - Official","decis_date":"19760220","nad83_lat":"45.765958","geoname":"Belfry Head"}},{"type":"Feature","geometry":{"type":"Point","coordinates":[-60.433083800960546,46.149497500975315]},"properties":{"gaz_map":"011K01","admin_loc":"Cape Breton","concise_ds":"Cape","orig_narr":null,"objectid":"16231","generic_cd":"1604","locn_narr":"E. shore of St. Andrews Channel","county":"Cape Breton","generic_tm":"Point (1)","cgndb_key":"CAWJB","tmod_date":"20130205","concise_cd":"CAPE","status_cd":"1348","ordec_date":"19760205","jurr_narr":null,"fmod_date":"20151125","nad83_lon":"-60.433079","nts_map":"011K01","status_ds":"Official - Official","decis_date":"19760205","nad83_lat":"46.149498","geoname":"MacDonalds Point"}},{"type":"Feature","geometry":{"type":"Point","coordinates":[-59.96813761749994,45.91018437423959]},"properties":{"gaz_map":"011G13","admin_loc":"Cape Breton","concise_ds":"Cape","orig_narr":null,"objectid":"16277","generic_cd":"1604","locn_narr":"E. shore of Louisbourg Harbour","county":"Cape Breton","generic_tm":"Point (1)","cgndb_key":"CAGGC","tmod_date":"20130205","concise_cd":"CAPE","status_cd":"1348","ordec_date":"19530128","jurr_narr":null,"fmod_date":"20151125","nad83_lon":"-59.968132","nts_map":"011G13","status_ds":"Official - Official","decis_date":"19530128","nad83_lat":"45.910187","geoname":"Careening Point"}},{"type":"Feature","geometry":{"type":"Point","coordinates":[-59.94408272081508,45.91434945984416]},"properties":{"gaz_map":"011G13","admin_loc":"Cape Breton","concise_ds":"Cape","orig_narr":null,"objectid":"15446","generic_cd":"1601","locn_narr":"SW. of Lorraine Head","county":"Cape Breton","generic_tm":"Head (1)","cgndb_key":"CAKPW","tmod_date":"20130205","concise_cd":"CAPE","status_cd":"1348","ordec_date":"19760212","jurr_narr":null,"fmod_date":"20151125","nad83_lon":"-59.944077","nts_map":"011G13","status_ds":"Official - Official","decis_date":"19760212","nad83_lat":"45.914352","geoname":"Eastern Gun Landing Cove Head"}},{"type":"Feature","geometry":{"type":"Point","coordinates":[-60.307827911044846,45.87683696349502]},"properties":{"gaz_map":"011F16","admin_loc":"Cape Breton","concise_ds":"Cape","orig_narr":null,"objectid":"16529","generic_cd":"1604","locn_narr":"W. shore of Mira River","county":"Cape Breton","generic_tm":"Point (1)","cgndb_key":"CAXSG","tmod_date":"20130205","concise_cd":"CAPE","status_cd":"1348","ordec_date":"19760220","jurr_narr":null,"fmod_date":"20151125","nad83_lon":"-60.307825","nts_map":"011F16","status_ds":"Official - Official","decis_date":"19760220","nad83_lat":"45.876839","geoname":"Martins Point"}},{"type":"Feature","geometry":{"type":"Point","coordinates":[-60.28724955007307,46.323189134986485]},"properties":{"gaz_map":"011K08","admin_loc":"Cape Breton","concise_ds":"Cape","orig_narr":null,"objectid":"15754","generic_cd":"1600","locn_narr":"SE. of Point Aconi","county":"Cape Breton","generic_tm":"Cape","cgndb_key":"CBRLF","tmod_date":"20130205","concise_cd":"CAPE","status_cd":"1348","ordec_date":"19531001","jurr_narr":null,"fmod_date":"20151125","nad83_lon":"-60.287245","nts_map":"011K08","status_ds":"Official - Official","decis_date":"19531001","nad83_lat":"46.323188","geoname":"High Cape"}},{"type":"Feature","geometry":{"type":"Point","coordinates":[-59.854451297359645,45.950461133967934]},"properties":{"gaz_map":"011G13","admin_loc":"Cape Breton","concise_ds":"Cape","orig_narr":"Above decision on C. 4375.","objectid":"16572","generic_cd":"1601","locn_narr":"W. of Cape Breton.","county":"Cape Breton","generic_tm":"Head (1)","cgndb_key":"CAKST","tmod_date":"20130205","concise_cd":"CAPE","status_cd":"1348","ordec_date":"19400423","jurr_narr":null,"fmod_date":"20151125","nad83_lon":"-59.854445","nts_map":"011G13,C.4375","status_ds":"Official - Official","decis_date":"19400423","nad83_lat":"45.950463","geoname":"East Head"}},{"type":"Feature","geometry":{"type":"Point","coordinates":[-59.89563615386049,46.099497531659075]},"properties":{"gaz_map":"011J04","admin_loc":"Cape Breton","concise_ds":"Cape","orig_narr":null,"objectid":"15817","generic_cd":"1604","locn_narr":"W. shore of Morien Bay","county":"Cape Breton","generic_tm":"Point (1)","cgndb_key":"CBKAA","tmod_date":"20130205","concise_cd":"CAPE","status_cd":"1348","ordec_date":"19740905","jurr_narr":null,"fmod_date":"20151125","nad83_lon":"-59.895628","nts_map":"011J04","status_ds":"Official - Official","decis_date":"19740905","nad83_lat":"46.099498","geoname":"Spencers Point"}},{"type":"Feature","geometry":{"type":"Point","coordinates":[-60.26701231773072,46.29749557695018]},"properties":{"gaz_map":"011K08","admin_loc":"Cape Breton","concise_ds":"Cape","orig_narr":"Merritt Point was adopted 5 April 1938.","objectid":"20538","generic_cd":"1604","locn_narr":"W. shore of Spanish Bay","county":"Cape Breton","generic_tm":"Point (1)","cgndb_key":"CAYZC","tmod_date":"20130205","concise_cd":"CAPE","status_cd":"1348","ordec_date":"19380405","jurr_narr":null,"fmod_date":"20151125","nad83_lon":"-60.267008","nts_map":"011K08","status_ds":"Official - Official","decis_date":"19380405","nad83_lat":"46.297494","geoname":"Merritt Point"}},{"type":"Feature","geometry":{"type":"Point","coordinates":[-59.7951068230046,46.00465781615652]},"properties":{"gaz_map":"011J04","admin_loc":"Cape Breton","concise_ds":"Cape","orig_narr":"West Point was adopted 5 November 1953 on 11J/4. Changed to Western Point 5 September 1974 on 11J/4.","objectid":"19931","generic_cd":"1604","locn_narr":"Scatarie Island","county":"Cape Breton","generic_tm":"Point (1)","cgndb_key":"CBODQ","tmod_date":"20130205","concise_cd":"CAPE","status_cd":"1348","ordec_date":"19740905","jurr_narr":null,"fmod_date":"20151125","nad83_lon":"-59.7951","nts_map":"011J04","status_ds":"Official - Official","decis_date":"19740905","nad83_lat":"46.004659","geoname":"Western Point"}},{"type":"Feature","geometry":{"type":"Point","coordinates":[-60.007995632200135,46.04411838542487]},"properties":{"gaz_map":"011K01","admin_loc":"Cape Breton","concise_ds":"Cape","orig_narr":null,"objectid":"20287","generic_cd":"1604","locn_narr":"S. shore of Mira River","county":"Cape Breton","generic_tm":"Point (1)","cgndb_key":"CBBNA","tmod_date":"20130205","concise_cd":"CAPE","status_cd":"1348","ordec_date":"19760205","jurr_narr":null,"fmod_date":"20151125","nad83_lon":"-60.007988","nts_map":"011K01","status_ds":"Official - Official","decis_date":"19760205","nad83_lat":"46.04412","geoname":"Nichols Point"}},{"type":"Feature","geometry":{"type":"Point","coordinates":[-59.95718551869544,45.90632239670817]},"properties":{"gaz_map":"011G13","admin_loc":"Cape Breton","concise_ds":"Cape","orig_narr":null,"objectid":"19987","generic_cd":"1604","locn_narr":"E. of Louisbourg Harbour","county":"Cape Breton","generic_tm":"Point (1)","cgndb_key":"CBQQT","tmod_date":"20130205","concise_cd":"CAPE","status_cd":"1348","ordec_date":"19530128","jurr_narr":null,"fmod_date":"20151125","nad83_lon":"-59.95718","nts_map":"011G13","status_ds":"Official - Official","decis_date":"19530128","nad83_lat":"45.906325","geoname":"Lighthouse Point"}},{"type":"Feature","geometry":{"type":"Point","coordinates":[-60.294585989280264,45.87883986798937]},"properties":{"gaz_map":"011F16","admin_loc":"Cape Breton","concise_ds":"Cape","orig_narr":null,"objectid":"20325","generic_cd":"1604","locn_narr":"E. shore of Mira River","county":"Cape Breton","generic_tm":"Point (1)","cgndb_key":"CBBFL","tmod_date":"20130205","concise_cd":"CAPE","status_cd":"1348","ordec_date":"19760220","jurr_narr":null,"fmod_date":"20151125","nad83_lon":"-60.294583","nts_map":"011F16","status_ds":"Official - Official","decis_date":"19760220","nad83_lat":"45.878842","geoname":"Neils Point"}},{"type":"Feature","geometry":{"type":"Point","coordinates":[-59.804208497609125,45.96671755401524]},"properties":{"gaz_map":"011G13","admin_loc":"Cape Breton","concise_ds":"Cape","orig_narr":"Approval on C.4375.","objectid":"20357","generic_cd":"1604","locn_narr":"S. of Mira Bay","county":"Cape Breton","generic_tm":"Point (1)","cgndb_key":"CAHSK","tmod_date":"20130205","concise_cd":"CAPE","status_cd":"1348","ordec_date":"19380428","jurr_narr":null,"fmod_date":"20151125","nad83_lon":"-59.804202","nts_map":"011G13,C.4375","status_ds":"Official - Official","decis_date":"19380428","nad83_lat":"45.966719","geoname":"Convict Point"}},{"type":"Feature","geometry":{"type":"Point","coordinates":[-60.46118608771896,46.18241158121998]},"properties":{"gaz_map":"011K01","admin_loc":"Cape Breton","concise_ds":"Cape","orig_narr":null,"objectid":"20363","generic_cd":"1601","locn_narr":"Boularderie Island","county":"Cape Breton","generic_tm":"Head (1)","cgndb_key":"CBGGR","tmod_date":"20130205","concise_cd":"CAPE","status_cd":"1348","ordec_date":"19470313","jurr_narr":null,"fmod_date":"20151125","nad83_lon":"-60.461181","nts_map":"011K01","status_ds":"Official - Official","decis_date":"19470313","nad83_lat":"46.182412","geoname":"Roderick Head"}},{"type":"Feature","geometry":{"type":"Point","coordinates":[-60.1468433218824,45.842354072152915]},"properties":{"gaz_map":"011F16","admin_loc":"Cape Breton","concise_ds":"Cape","orig_narr":"Approval on C.4375.","objectid":"20405","generic_cd":"1604","locn_narr":"S. shore of Gabarus Bay","county":"Cape Breton","generic_tm":"Point (1)","cgndb_key":"CBRNK","tmod_date":"20130205","concise_cd":"CAPE","status_cd":"1348","ordec_date":"19400423","jurr_narr":null,"fmod_date":"20151125","nad83_lon":"-60.14684","nts_map":"011F16,C.4375","status_ds":"Official - Official","decis_date":"19400423","nad83_lat":"45.842357","geoname":"Harbour Point"}},{"type":"Feature","geometry":{"type":"Point","coordinates":[-59.953971658887625,46.216997542532624]},"properties":{"gaz_map":"011J04","admin_loc":"Cape Breton","concise_ds":"Cape","orig_narr":null,"objectid":"19477","generic_cd":"1601","locn_narr":"NW. of Glace Bay","county":"Cape Breton","generic_tm":"Head (1)","cgndb_key":"CBLHQ","tmod_date":"20130205","concise_cd":"CAPE","status_cd":"1348","ordec_date":"19531105","jurr_narr":null,"fmod_date":"20151125","nad83_lon":"-59.953965","nts_map":"011J04","status_ds":"Official - Official","decis_date":"19531105","nad83_lat":"46.216996","geoname":"Table Head"}},{"type":"Feature","geometry":{"type":"Point","coordinates":[-59.69996920569882,45.99244621612249]},"properties":{"gaz_map":"011G13","admin_loc":"Cape Breton","concise_ds":"Cape","orig_narr":"Approved on C.4375.","objectid":"19481","generic_cd":"1604","locn_narr":"SE. end of Scatarie Island","county":"Cape Breton","generic_tm":"Point (1)","cgndb_key":"CBRLP","tmod_date":"20130624","concise_cd":"CAPE","status_cd":"1348","ordec_date":"19400127","jurr_narr":null,"fmod_date":"20151125","nad83_lon":"-59.699963","nts_map":"011G13,C.4375","status_ds":"Official - Official","decis_date":"19400127","nad83_lat":"45.992447","geoname":"Howe Point"}},{"type":"Feature","geometry":{"type":"Point","coordinates":[-60.2206373960308,46.14991011820135]},"properties":{"gaz_map":"011K01","admin_loc":"Cape Breton","concise_ds":"Cape","orig_narr":null,"objectid":"19872","generic_cd":"1604","locn_narr":"S. shore of South Arm","county":"Cape Breton","generic_tm":"Point (1)","cgndb_key":"CAAOD","tmod_date":"20130205","concise_cd":"CAPE","status_cd":"1348","ordec_date":"19531203","jurr_narr":null,"fmod_date":"20151125","nad83_lon":"-60.220632","nts_map":"011K01","status_ds":"Official - Official","decis_date":"19531203","nad83_lat":"46.14991","geoname":"Amelia Point"}},{"type":"Feature","geometry":{"type":"Point","coordinates":[-60.12639709021193,46.266921254988624]},"properties":{"gaz_map":"011K08","admin_loc":"Cape Breton","concise_ds":"Cape","orig_narr":"Formerly approved as Flat Point 1 June 1909. Changed to Low Point 1 Oct. 1953 on 11K/8.","objectid":"18496","generic_cd":"1604","locn_narr":"N. of Sydney","county":"Cape Breton","generic_tm":"Point (1)","cgndb_key":"CBRLG","tmod_date":"20130205","concise_cd":"CAPE","status_cd":"1348","ordec_date":"19531001","jurr_narr":null,"fmod_date":"20151125","nad83_lon":"-60.126392","nts_map":"011K08","status_ds":"Official - Official","decis_date":"19531001","nad83_lat":"46.266919","geoname":"Low Point"}},{"type":"Feature","geometry":{"type":"Point","coordinates":[-60.109855324382735,45.88020210486531]},"properties":{"gaz_map":"011F16","admin_loc":"Cape Breton","concise_ds":"Cape","orig_narr":"Eagle Head was adopted 2 December 1924 on 11F/16. Changed to Eagles Head 20 February 1976 on 11F/16.","objectid":"18503","generic_cd":"1601","locn_narr":"N. shore of Gabarus Bay","county":"Cape Breton","generic_tm":"Head (1)","cgndb_key":"CAKIE","tmod_date":"20130205","concise_cd":"CAPE","status_cd":"1348","ordec_date":"19760220","jurr_narr":null,"fmod_date":"20151125","nad83_lon":"-60.109851","nts_map":"011F16","status_ds":"Official - Official","decis_date":"19760220","nad83_lat":"45.880205","geoname":"Eagles Head"}},{"type":"Feature","geometry":{"type":"Point","coordinates":[-59.94670763375153,45.91090344271988]},"properties":{"gaz_map":"011G13","admin_loc":"Cape Breton","concise_ds":"Cape","orig_narr":null,"objectid":"18852","generic_cd":"1601","locn_narr":"SW. of Lorraine Head","county":"Cape Breton","generic_tm":"Head (1)","cgndb_key":"CBOCF","tmod_date":"20130205","concise_cd":"CAPE","status_cd":"1348","ordec_date":"19760212","jurr_narr":null,"fmod_date":"20151125","nad83_lon":"-59.946702","nts_map":"011G13","status_ds":"Official - Official","decis_date":"19760212","nad83_lat":"45.910906","geoname":"Western Gun Landing Cove Head"}},{"type":"Feature","geometry":{"type":"Point","coordinates":[-59.902657191831274,46.18634196220285]},"properties":{"gaz_map":"011J04","admin_loc":"Cape Breton","concise_ds":"Cape","orig_narr":null,"objectid":"18891","generic_cd":"1604","locn_narr":"S. shore of Big Glace Bay","county":"Cape Breton","generic_tm":"Point (1)","cgndb_key":"CBOOL","tmod_date":"20130205","concise_cd":"CAPE","status_cd":"1348","ordec_date":"19531105","jurr_narr":null,"fmod_date":"20151125","nad83_lon":"-59.90265","nts_map":"011J04","status_ds":"Official - Official","decis_date":"19531105","nad83_lat":"46.186341","geoname":"Whelan Point"}},{"type":"Feature","geometry":{"type":"Point","coordinates":[-60.04283949278128,46.24857936381946]},"properties":{"gaz_map":"011K01","admin_loc":"Cape Breton","concise_ds":"Cape","orig_narr":"David Head was adopted 6 May 1924 on 11K/1 and confirmed 5 April 1938 on C.4367. Changed to Davys Head 5 February 1976 on 11K/1.","objectid":"19013","generic_cd":"1601","locn_narr":"NE. of Sydney","county":"Cape Breton","generic_tm":"Head (1)","cgndb_key":"CAJBE","tmod_date":"20130205","concise_cd":"CAPE","status_cd":"1348","ordec_date":"19760205","jurr_narr":null,"fmod_date":"20151125","nad83_lon":"-60.042834","nts_map":"011K01,C.4367","status_ds":"Official - Official","decis_date":"19760205","nad83_lat":"46.248577","geoname":"Davys Head"}},{"type":"Feature","geometry":{"type":"Point","coordinates":[-59.82392906714448,46.00862166581963]},"properties":{"gaz_map":"011J04","admin_loc":"Cape Breton","concise_ds":"Cape","orig_narr":null,"objectid":"19355","generic_cd":"1604","locn_narr":"E. of Mira Bay","county":"Cape Breton","generic_tm":"Point (1)","cgndb_key":"CAZFJ","tmod_date":"20130205","concise_cd":"CAPE","status_cd":"1348","ordec_date":"19740905","jurr_narr":null,"fmod_date":"20151125","nad83_lon":"-59.823922","nts_map":"011J04","status_ds":"Official - Official","decis_date":"19740905","nad83_lat":"46.008623","geoname":"Middle Point"}},{"type":"Feature","geometry":{"type":"Point","coordinates":[-60.02717752969857,46.04311736532528]},"properties":{"gaz_map":"011K01","admin_loc":"Cape Breton","concise_ds":"Cape","orig_narr":null,"objectid":"18963","generic_cd":"1604","locn_narr":"N. shore of Mira River","county":"Cape Breton","generic_tm":"Point (1)","cgndb_key":"CBAHM","tmod_date":"20130205","concise_cd":"CAPE","status_cd":"1348","ordec_date":"19760205","jurr_narr":null,"fmod_date":"20151125","nad83_lon":"-60.02717","nts_map":"011K01","status_ds":"Official - Official","decis_date":"19760205","nad83_lat":"46.043119","geoname":"Morrisons Point"}},{"type":"Feature","geometry":{"type":"Point","coordinates":[-59.94251700875882,46.19732709014231]},"properties":{"gaz_map":"011J04","admin_loc":"Cape Breton","concise_ds":"Cape","orig_narr":"Formerly approved as Macpherson Point 5 Nov. 1953. Changed to Quarry Point 24 Aug. 1966 on 11J/4e.","objectid":"19098","generic_cd":"1604","locn_narr":"NW. of Big Glace Bay","county":"Cape Breton","generic_tm":"Point (1)","cgndb_key":"CBEZP","tmod_date":"20130205","concise_cd":"CAPE","status_cd":"1348","ordec_date":"19660824","jurr_narr":null,"fmod_date":"20151125","nad83_lon":"-59.94251","nts_map":"011J04","status_ds":"Official - Official","decis_date":"19660824","nad83_lat":"46.197326","geoname":"Quarry Point"}},{"type":"Feature","geometry":{"type":"Point","coordinates":[-60.204601585756336,46.136807011265624]},"properties":{"gaz_map":"011K01","admin_loc":"Cape Breton","concise_ds":"Cape","orig_narr":"Shingle Point was adopted 3 December 1953 on 11K/1. Changed to Dobsons Point 5 February 1976 on 11K/1.","objectid":"18104","generic_cd":"1604","locn_narr":"W. shore of Sydney River","county":"Cape Breton","generic_tm":"Point (1)","cgndb_key":"CAJQG","tmod_date":"20130205","concise_cd":"CAPE","status_cd":"1348","ordec_date":"19760205","jurr_narr":null,"fmod_date":"20151125","nad83_lon":"-60.204596","nts_map":"011K01","status_ds":"Official - Official","decis_date":"19760205","nad83_lat":"46.136807","geoname":"Dobsons Point"}},{"type":"Feature","geometry":{"type":"Point","coordinates":[-59.91847684431183,45.920336564383426]},"properties":{"gaz_map":"011G13","admin_loc":"Cape Breton","concise_ds":"Cape","orig_narr":null,"objectid":"19151","generic_cd":"1604","locn_narr":"SW. of Cape Breton","county":"Cape Breton","generic_tm":"Point (1)","cgndb_key":"CAKRG","tmod_date":"20130205","concise_cd":"CAPE","status_cd":"1348","ordec_date":"19760212","jurr_narr":null,"fmod_date":"20151125","nad83_lon":"-59.918471","nts_map":"011G13","status_ds":"Official - Official","decis_date":"19760212","nad83_lat":"45.920339","geoname":"Eastern Point of Lorraine Head"}},{"type":"Feature","geometry":{"type":"Point","coordinates":[-60.446089826960566,46.14552851186666]},"properties":{"gaz_map":"011K01","admin_loc":"Cape Breton","concise_ds":"Cape","orig_narr":"Formerly approved as McLean Point 13 March 1947 on C. 4388. Changed to MacLeans Point 5 Feb. 1976 on 11K/1.","objectid":"18383","generic_cd":"1604","locn_narr":"E. shore of St. Andrews Channel","county":"Cape Breton","generic_tm":"Point (1)","cgndb_key":"CAWVL","tmod_date":"20130205","concise_cd":"CAPE","status_cd":"1348","ordec_date":"19760205","jurr_narr":null,"fmod_date":"20151125","nad83_lon":"-60.446085","nts_map":"011K01,C.4388","status_ds":"Official - Official","decis_date":"19760205","nad83_lat":"46.145529","geoname":"MacLeans Point"}},{"type":"Feature","geometry":{"type":"Point","coordinates":[-59.93942040494833,46.011696237827906]},"properties":{"gaz_map":"011J04","admin_loc":"Cape Breton","concise_ds":"Cape","orig_narr":"Catalogne Point was adopted in the 18th Report, 1924 and confirmed 23 April 1940 on C.4375. Changed to Catalone Point 5 November 1953 on 11J/4. Named after Joseph de Catalogne, lieutenant de la Marine who held land here; died at Louisbourg 1735. (18th Re","objectid":"18384","generic_cd":"1604","locn_narr":"S. shore of Mira Bay","county":"Cape Breton","generic_tm":"Point (1)","cgndb_key":"CAGNO","tmod_date":"20130205","concise_cd":"CAPE","status_cd":"1348","ordec_date":"19531105","jurr_narr":null,"fmod_date":"20151125","nad83_lon":"-59.939413","nts_map":"011J04,C.4375","status_ds":"Official - Official","decis_date":"19531105","nad83_lat":"46.011698","geoname":"Catalone Point"}},{"type":"Feature","geometry":{"type":"Point","coordinates":[-59.852785352868,46.15611165575744]},"properties":{"gaz_map":"011J04","admin_loc":"Cape Breton","concise_ds":"Cape","orig_narr":"Coordinate changed from 46 09 00 - 59 50 57 to 46 09 20 - 59 52 49 on 11 J/04 June 15, 2007.\r\n\r\nCoordinates improved to ddmmss, ddmmss on 20130509.","objectid":"21559","generic_cd":"1604","locn_narr":"W. shore of Morien Bay","county":"Cape Breton","generic_tm":"Point (1)","cgndb_key":"CAUYR","tmod_date":"20190412","concise_cd":"CAPE","status_cd":"1348","ordec_date":"19740905","jurr_narr":"Coordinates updated 15 June 2007 from 46 09 00 - 59 50 57 to 46 09 20 - 59 52 49 on 11J04. Coordinates updated 5 February 2013 for Decision appproved 9 May 2013 to 46 9 22 -59 51 10 on 11J4.","fmod_date":"20180907","nad83_lon":"-59.8527778","nts_map":"011J04","status_ds":"Official - Official","decis_date":"20070615","nad83_lat":"46.1561111","geoname":"Lobster Point"}},{"type":"Feature","geometry":{"type":"Point","coordinates":[-59.73582233876395,45.99645310568805]},"properties":{"gaz_map":"011G13","admin_loc":"Cape Breton","concise_ds":"Cape","orig_narr":"Approval on C.4377. \r\n\r\nAltered application on May 21, 2013.","objectid":"22736","generic_cd":"1601","locn_narr":"Scatarie Island","county":"Cape Breton","generic_tm":"Head (1)","cgndb_key":"CBPVA","tmod_date":"20191018","concise_cd":"CAPE","status_cd":"1348","ordec_date":"19391212","jurr_narr":"Approval on C.4377. \r\nAltered application 21-May-2013 from 45 58 -59 44  to 45 59 47 -59 44 09  on 11G13.","fmod_date":"20151125","nad83_lon":"-59.735816","nts_map":"011G13,C.4377","status_ds":"Official - Official","decis_date":"20130521","nad83_lat":"45.996454","geoname":"Tin Cove Head"}},{"type":"Feature","geometry":{"type":"Point","coordinates":[-59.86278552472717,46.14250031774077]},"properties":{"gaz_map":"011J04","admin_loc":"Cape Breton","concise_ds":"Cape","orig_narr":"Coordinate changed from 46 09 00 - 59 50 57 to 46 08 25 - 59 52 08 on 11 J/04 June 15, 2007.  Coordinates updated to reflect accurate location of point in relation to the historic mine site.  Near the location of the first commercial coal mine in North A","objectid":"22655","generic_cd":"1604","locn_narr":"W. shore of Morien Bay","county":"Cape Breton","generic_tm":"Point (1)","cgndb_key":"CAEIO","tmod_date":"20190412","concise_cd":"CAPE","status_cd":"1348","ordec_date":"19740905","jurr_narr":"Coordinates updated 15 June 2007 from 46 09 00 -59 50 57 to 46 08 25 -59 52 08 on 11J04 to reflect location of the historic mine site. Near the location of the first commercial coal mine in North America and named for its blockhouse that protected it. Co","fmod_date":"20180907","nad83_lon":"-59.8627778","nts_map":"011J04","status_ds":"Official - Official","decis_date":"20070615","nad83_lat":"46.1425","geoname":"Blockhouse Point"}},{"type":"Feature","geometry":{"type":"Point","coordinates":[-59.81071773206614,46.12279524950668]},"properties":{"gaz_map":"011J04","admin_loc":"Cape Breton","concise_ds":"Cape","orig_narr":"Altered application on May 21, 2013.","objectid":"22301","generic_cd":"1601","locn_narr":"S. of Morien Bay","county":"Cape Breton","generic_tm":"Head (1)","cgndb_key":"CBJQJ","tmod_date":"20191018","concise_cd":"CAPE","status_cd":"1348","ordec_date":"19660824","jurr_narr":"Altered application 21 May 2013 from 46 06 -59 51 to 46 07 22 -59 48 39 on 11J4.","fmod_date":"20151125","nad83_lon":"-59.81071","nts_map":"011J04","status_ds":"Official - Official","decis_date":"20130521","nad83_lat":"46.122795","geoname":"South Head"}},{"type":"Feature","geometry":{"type":"Point","coordinates":[-60.20371831638504,46.18769968890644]},"properties":{"gaz_map":"011K01","admin_loc":"Cape Breton","concise_ds":"Cape","orig_narr":"Liscomb Point was adopted 6 May 1924 on 11 K/1.  Confirmed 3 December 1953 on 11 K/1.","objectid":"21842","generic_cd":"1604","locn_narr":"E. shore of Sydney Harbour","county":"Cape Breton","generic_tm":"Point (1)","cgndb_key":"CATXQ","tmod_date":"20130205","concise_cd":"CAPE","status_cd":"1348","ordec_date":"19240506","jurr_narr":null,"fmod_date":"20151125","nad83_lon":"-60.203713","nts_map":"011K01","status_ds":"Official - Official","decis_date":"19531203","nad83_lat":"46.187699","geoname":"Liscomb Point"}}], "crs" : { "type": "name", "properties": { "name": "urn:ogc:def:crs:OGC:1.3:CRS84" } } }