{"type":"FeatureCollection","features":[{"type":"Feature","geometry":{"type":"Polygon","coordinates":[[[-61.52378887464125,45.927034496412375],[-61.52477939532802,45.92660239280971],[-61.52489483270544,45.926431972695056],[-61.52472683883949,45.92532543565995],[-61.52421056203823,45.9244160124511],[-61.524172566291625,45.923660374946294],[-61.52388763843212,45.92321926702241],[-61.52241788000073,45.92198699338314],[-61.5217721586306,45.92095257678001],[-61.52133439428501,45.9206831955766],[-61.52083131247005,45.92049397212921],[-61.52010937506439,45.920484623293774],[-61.51982589187249,45.92023343556232],[-61.51964522195586,45.91980176791848],[-61.51977431669415,45.91848755797285],[-61.51950333592083,45.91815462617673],[-61.51888366333029,45.91769566630261],[-61.51862661206013,45.91761492883151],[-61.51801964956717,45.91769616305373],[-61.5175563616593,45.91766045086477],[-61.517259142806935,45.91773219876396],[-61.517002333554395,45.917642460209414],[-61.51649884406804,45.91722819806739],[-61.51585454340543,45.916436780885896],[-61.51545465355356,45.91532991580599],[-61.51513143483569,45.915168205566765],[-61.51425555573904,45.91527652645437],[-61.51390647201597,45.91506947353203],[-61.51339177400792,45.91444893858688],[-61.51306854583324,45.913612179374155],[-61.51286210799069,45.91221710359315],[-61.512630742247545,45.911803665544156],[-61.512539948486065,45.911389357049075],[-61.51292540847776,45.90883371014006],[-61.512848989507155,45.90826747896177],[-61.51250048113049,45.907799412076166],[-61.511985137881794,45.9075919883416],[-61.51164939364524,45.907322097869375],[-61.51134040775868,45.90648551827052],[-61.511004330075856,45.90603560980317],[-61.51088889013743,45.90567588194841],[-61.51067002789884,45.90556772228296],[-61.51027051887082,45.90565791991141],[-61.5101933356045,45.90574781939174],[-61.51024427573862,45.905819588258574],[-61.510451197238226,45.90574758134994],[-61.510785621237176,45.90587344885473],[-61.51070864156793,45.90634137589808],[-61.51043833065197,45.90671047617205],[-61.51046358681691,45.90711583172185],[-61.51059221031118,45.90722371546045],[-61.510296357546345,45.90758348179066],[-61.50797682466558,45.90825885965205],[-61.507550557311596,45.90852870993482],[-61.5063003146707,45.90889759609981],[-61.504999035323024,45.90871766534182],[-61.503826302136694,45.908312588528084],[-61.50264051533701,45.90781822277658],[-61.50122205981747,45.90696346944155],[-61.498791944704095,45.904741091512165],[-61.49785717262024,45.903543877432995],[-61.49722403330276,45.90225404700653],[-61.49711816607571,45.901452411718104],[-61.49583350570418,45.900177852420455],[-61.49543600956605,45.899459231162],[-61.49477925649373,45.89623736648133],[-61.49450856621289,45.89418616262941],[-61.49448239307766,45.89219758386928],[-61.49479277509555,45.890298944856184],[-61.49535955295059,45.88835507814864],[-61.49588772692371,45.88602547343974],[-61.49673802108992,45.88412673371986],[-61.49733083569304,45.88302835628805],[-61.49770477756655,45.88254274024412],[-61.4998042036306,45.87660381299416],[-61.50110523511076,45.87384149477701],[-61.50153114833064,45.871754434266975],[-61.50180055213867,45.87093530927153],[-61.50209731279301,45.87029655500323],[-61.50232963301537,45.87008988590633],[-61.50261237448728,45.86954095283558],[-61.50329483647649,45.86643657361937],[-61.50352625034429,45.86587886494761],[-61.50390058357836,45.865420234440684],[-61.5040045950973,45.864458257294935],[-61.504489308210246,45.86361107201983],[-61.50444571157835,45.862911690929614],[-61.50477251741729,45.86223542949949],[-61.50479974305974,45.86119117025429],[-61.50467039868609,45.86084061206863],[-61.50445488433006,45.86065777795863],[-61.50411658960569,45.8575841255261],[-61.50186959953412,45.85306335188495],[-61.501786350423025,45.852474966789266],[-61.50211088167799,45.85124901130903],[-61.50182378356977,45.85065426284192],[-61.50182681747078,45.8493853883498],[-61.50165849493994,45.84889084418913],[-61.498672155623325,45.84241255450656],[-61.49838813734925,45.842151402193196],[-61.49742362950976,45.84157527774995],[-61.49702445519752,45.84114339450459],[-61.496264477571906,45.83981209322898],[-61.49565976869451,45.83749905618336],[-61.495595754559645,45.83648203546372],[-61.495247299845815,45.835555775538644],[-61.495209005184435,45.83358501958112],[-61.49463081751591,45.83105630725295],[-61.49450214977039,45.82971620781492],[-61.49421928362805,45.828221963698134],[-61.49424469825819,45.827709258663546],[-61.49495254692413,45.82523529214124],[-61.49501688549844,45.82428116476965],[-61.494926550843324,45.82338170399062],[-61.49420627622047,45.820492884767084],[-61.493885206172365,45.81970108977843],[-61.49358929403023,45.81854959689611],[-61.49307405989232,45.81770303466564],[-61.492932634215535,45.81702881538583],[-61.49290784452309,45.81603930931712],[-61.493654497906626,45.81450913384826],[-61.493242184806284,45.81361802518456],[-61.49299799355249,45.811171107213816],[-61.49315216042284,45.80989323735262],[-61.49368024473324,45.80825576849153],[-61.494207805613634,45.807257341921826],[-61.49612532892385,45.80444016944442],[-61.49630541994181,45.80348666183401],[-61.49612546923582,45.80285694152264],[-61.495675609038365,45.80211925827005],[-61.49454331204864,45.80082353644432],[-61.4938606880833,45.800463509476316],[-61.49245915729679,45.80003998894613],[-61.491366158345095,45.799580922894435],[-61.49112160752861,45.799392277670684],[-61.490285880654625,45.798222839958946],[-61.489539870148505,45.797448814940736],[-61.48845907546074,45.79601780128062],[-61.487995881868585,45.79520790440413],[-61.48710878917585,45.793183591153976],[-61.485836138336346,45.791905723594965],[-61.48523126183507,45.790771709702064],[-61.484562745186025,45.79008778618162],[-61.48383738179478,45.789593470251056],[-61.482453778094886,45.78815252778785],[-61.48097605523065,45.786901582895446],[-61.48076921256664,45.786559503393455],[-61.48055191320626,45.78575014468137],[-61.48015306883013,45.78518319103163],[-61.479047654161946,45.78439081208536],[-61.47867449236443,45.78377919123065],[-61.47852023903543,45.78330189620204],[-61.47753027962788,45.78148405193789],[-61.47670913846991,45.779090600032156],[-61.47667054314671,45.7787129528288],[-61.476838504720625,45.77755229209168],[-61.476787487187444,45.77654442464442],[-61.476683849806065,45.775626763208074],[-61.47632495659285,45.774069341748906],[-61.4761714950246,45.77186480259268],[-61.47600502231921,45.771460246572836],[-61.47540109415058,45.770731224676695],[-61.47466780521051,45.76922820440605],[-61.473987495782076,45.76691581537067],[-61.47302479798625,45.76477426236819],[-61.472626289799656,45.76429729280846],[-61.47086636118704,45.76149790038607],[-61.469890238150946,45.760184213276354],[-61.46939012774376,45.758816591386164],[-61.469210386923066,45.75716073441964],[-61.469351930289974,45.7564047629862],[-61.469507888526614,45.7538047179178],[-61.46938068601858,45.752202668593505],[-61.46903438434491,45.75080830156129],[-61.46835376600386,45.74955706437006],[-61.46764694329251,45.74893552884753],[-61.467287745807624,45.74853107323227],[-61.4671711632594,45.748234281903976],[-61.466452048075325,45.74806261503059],[-61.46584846930614,45.74775658297056],[-61.46550050884278,45.74769340377624],[-61.46519223321683,45.747495744391905],[-61.46501244501473,45.74720710235461],[-61.46469174685217,45.74605608728132],[-61.46407655632928,45.74500282102709],[-61.463845364103726,45.744292247066426],[-61.463578187952166,45.739999999999995],[-61.523126534814644,45.739999999999995],[-61.599999999999994,45.80000000459914],[-61.599999999999994,45.93],[-61.52442190142061,45.92999999999999],[-61.52378887464125,45.927034496412375]]]},"properties":{"shape_area":"315565110.038616","feat_desc":"Coast Water Area polygon","zvalue":"9999.0","feat_code":"WACO40","source_row_id":"row-tda7~sp3y-b3ej","shape_len":"102437.17031234375"}},{"type":"Feature","geometry":{"type":"Polygon","coordinates":[[[-61.59999999527963,45.79999999751858],[-61.523126534814644,45.739999999999995],[-61.599999999999994,45.74],[-61.59999999527963,45.79999999751858]]]},"properties":{"shape_area":"553213799.7727299","feat_desc":"Coast Water Area polygon","zvalue":"9999.0","feat_code":"WACO40","source_row_id":"row-9j9c-5svf.pku8","shape_len":"115715.99174684483"}},{"type":"Feature","geometry":{"type":"Polygon","coordinates":[[[-61.50398140021735,45.85751917068316],[-61.50394952270935,45.85752577555491],[-61.503981271446506,45.85751916899691],[-61.50398140021735,45.85751917068316]]]},"properties":{"shape_area":"1066486.9217909118","feat_desc":"Coast Water Area polygon","zvalue":"9999.0","feat_code":"WACO40","source_row_id":"row-vq87.svw3_h2w2","shape_len":"14806.780201000292"}},{"type":"Feature","geometry":{"type":"Polygon","coordinates":[[[-61.35653245524221,45.929971037589105],[-61.35652074438074,45.92979985828612],[-61.35614876540309,45.929205869330865],[-61.35609718172163,45.92890000772391],[-61.35652413999718,45.928549727740176],[-61.35677151918304,45.92737961131331],[-61.357250873468814,45.92665205799875],[-61.35771635997444,45.92617541932058],[-61.35775530600996,45.925860958995806],[-61.35771773531552,45.92547339414104],[-61.357512530676345,45.92504111665089],[-61.356586943892815,45.923978338663794],[-61.35667782141341,45.923870738868466],[-61.35732143873554,45.924393027798224],[-61.35761618897576,45.92476268889427],[-61.35792503544887,45.92526666040965],[-61.3580780421905,45.925807093955214],[-61.357067578581656,45.92744327295735],[-61.35700269829492,45.92789326867286],[-61.35686040520822,45.928082034417194],[-61.35675608678166,45.928513461587016],[-61.356264294824705,45.92896271601338],[-61.356252040244314,45.929115549421184],[-61.35677872133598,45.929755866022624],[-61.35686619940451,45.92999999999999],[-61.35653245524221,45.929971037589105]]]},"properties":{"shape_area":"517076.4449316325","feat_desc":"River Water Area polygon","zvalue":"9999.0","feat_code":"WARV40","source_row_id":"row-wzgr.bdqs~3crn","shape_len":"51598.719919761155"}},{"type":"Feature","geometry":{"type":"Polygon","coordinates":[[[-61.32173622301617,45.80778430942186],[-61.3241182674189,45.80693360741838],[-61.3247881656599,45.806997438118266],[-61.325379212420444,45.8069439992335],[-61.32644973975499,45.80613611927355],[-61.32920849059828,45.80447536089897],[-61.32975031570417,45.804044047742444],[-61.331283289770575,45.8033895954018],[-61.333047313134514,45.80275379565165],[-61.336080662756196,45.80182035853191],[-61.33774954521948,45.80200873978325],[-61.338536440040336,45.80183675233481],[-61.33906212807944,45.80125664763349],[-61.33909889852742,45.80101965223308],[-61.338952123205836,45.800801319772546],[-61.33897409501763,45.800633595073684],[-61.339816359198814,45.7997925672624],[-61.33994929442347,45.79971007208414],[-61.3406223495376,45.79958727009012],[-61.34148986233935,45.79967187494949],[-61.341366502794585,45.79981769630562],[-61.3417543347534,45.79973160926231],[-61.34238712426576,45.79926987370139],[-61.34297017079373,45.798966456513305],[-61.34311373842122,45.79834280600107],[-61.3423832618107,45.79822869942633],[-61.342149620341,45.798105868622756],[-61.34194493813447,45.797770319595195],[-61.34188236466117,45.797437553131914],[-61.34196809383785,45.7971632841017],[-61.34224478115755,45.79701905725582],[-61.34264059868758,45.79707520515206],[-61.34337010808076,45.797403784308706],[-61.34366662690937,45.797363170410065],[-61.34386334402705,45.79724262216106],[-61.343922284679465,45.79692538965162],[-61.3438093638674,45.7962894685357],[-61.343390712527395,45.79569276752202],[-61.34308035239946,45.7950416509692],[-61.34302659055652,45.79383854841885],[-61.34288040994037,45.793600247670234],[-61.34246071181471,45.79336526875793],[-61.341751167530774,45.79374920434212],[-61.34188943331204,45.79384643959031],[-61.34186091389099,45.793966365901376],[-61.341340355512216,45.79393468627836],[-61.34077559940684,45.793731797706684],[-61.340687422344054,45.793464364083455],[-61.34078491081894,45.79332707830114],[-61.340644503150166,45.793241421585016],[-61.34032875696308,45.792738551739056],[-61.34079444378077,45.792429389818416],[-61.340558674213874,45.792067104164296],[-61.3407356309861,45.79152818823279],[-61.340572226555935,45.79131150611752],[-61.34037751129862,45.79125242244198],[-61.34000039352786,45.79132191914554],[-61.33939431621879,45.79169681285605],[-61.33848387723942,45.791632179265335],[-61.33823642468767,45.79145576481711],[-61.33781407521975,45.79059283610356],[-61.33774603429174,45.78976998516113],[-61.33784201694455,45.78889578628027],[-61.33769584254814,45.78832958041885],[-61.33733305119117,45.78792655591855],[-61.33681012756707,45.78772119610463],[-61.33655659341897,45.787719664492435],[-61.336342615422524,45.787521591359656],[-61.33670730316926,45.78712537741717],[-61.3371896969212,45.786919712165165],[-61.337218663674875,45.786711405724745],[-61.33771046075216,45.78610273014686],[-61.33757193787713,45.78584194174746],[-61.337032874388434,45.78576460912459],[-61.33699408382256,45.785676016741874],[-61.337219680182024,45.78521072015461],[-61.33708246496589,45.785057509516236],[-61.33682904419767,45.784957421572486],[-61.33641059897144,45.78495141820221],[-61.33556428290415,45.7850961531742],[-61.33510968590826,45.7849691877731],[-61.334768148707646,45.78475665122286],[-61.33469051739776,45.78410629289324],[-61.333792898102814,45.78381867914732],[-61.33362138541625,45.78369871695823],[-61.332779007647105,45.78374628027178],[-61.33151215200933,45.78396009298792],[-61.330376760505416,45.7838552053054],[-61.33033208512932,45.783705589285766],[-61.33044173580761,45.783531766680774],[-61.33088443700809,45.78322041861401],[-61.33063252901712,45.78272988483227],[-61.32960377017494,45.78258325395878],[-61.32930357794722,45.782258255652124],[-61.328754262993044,45.782284423002956],[-61.32834715268868,45.78241203758849],[-61.32781023692762,45.78222569322525],[-61.32766720609055,45.78207877659642],[-61.327698895782284,45.78198698245768],[-61.32820558700379,45.781807272961935],[-61.32826032561829,45.78168458326065],[-61.32800190298516,45.78155055947358],[-61.327279601023506,45.7815929991504],[-61.32702454687382,45.78147981429844],[-61.326881469459565,45.78133028575338],[-61.32693617008928,45.78120894623789],[-61.326764558798715,45.780856571828366],[-61.3264105669832,45.78060215399032],[-61.32653034436561,45.78031795370421],[-61.32643059801641,45.78022081392373],[-61.32623985677707,45.78020694818838],[-61.32556456207833,45.78061324772623],[-61.32465064513164,45.780675543745296],[-61.3243578553067,45.780581331158764],[-61.32412793609785,45.78026077025198],[-61.323938819348356,45.78017554822634],[-61.3236158094177,45.78019700051593],[-61.32311128582061,45.7800341513682],[-61.322984119795386,45.78007944860612],[-61.32315944318683,45.78019561247138],[-61.322891948659766,45.780214637376744],[-61.32286644076194,45.78011723432201],[-61.322621912488785,45.78003533688249],[-61.321671307674436,45.779862959687065],[-61.32082477861718,45.77905214815685],[-61.320479669383836,45.77825050407884],[-61.320070468481276,45.777655834657544],[-61.31983898253349,45.77744001116301],[-61.318978951275035,45.77695211560292],[-61.31865839702812,45.776960898880134],[-61.318143113693026,45.777366899671115],[-61.317530553139036,45.77769243834354],[-61.31729313135538,45.77768705087864],[-61.31717116798344,45.77750388807982],[-61.31694618804075,45.77744413836288],[-61.3162891346657,45.77781167856684],[-61.3161853354088,45.77805497015591],[-61.31573494977504,45.77818874252394],[-61.31534932915363,45.77817945557968],[-61.31510493255457,45.778008436060865],[-61.315248267025865,45.77747770307946],[-61.31515973158186,45.77734228533763],[-61.314966045087715,45.77732412693317],[-61.314399821261524,45.77750298841733],[-61.314116838686104,45.77767342853501],[-61.314115543147444,45.77784442454842],[-61.314372994659394,45.77805164202825],[-61.31425605780724,45.778303738784864],[-61.31395968090392,45.77832096549465],[-61.31362572949918,45.778176524265014],[-61.31347289366612,45.777870040861906],[-61.31348687150625,45.77732119863263],[-61.31326982713531,45.77709657421349],[-61.31329558123551,45.77692503927457],[-61.313502264501885,45.776853384429565],[-61.31373220968363,45.77703409495694],[-61.31402796712114,45.77707986437889],[-61.31460740499006,45.77701730819128],[-61.314748758488015,45.776936587321394],[-61.3147747519767,45.77675695396149],[-61.31458330638375,45.776621818490696],[-61.31376128222372,45.77636846507716],[-61.31318140572692,45.7764031071193],[-61.31310457771813,45.77634886783192],[-61.31305470466225,45.77599800021239],[-61.31362131857663,45.7758911566186],[-61.313775598146265,45.7757656228768],[-61.31303179956798,45.7751794892324],[-61.31286507682033,45.77520582939004],[-61.31252853207368,45.775574391273814],[-61.31236207938889,45.77559173388603],[-61.312207857206424,45.77550214745373],[-61.31249236345821,45.774854692990615],[-61.31235308529097,45.77444039858839],[-61.312249947856515,45.77427776036902],[-61.311852329375355,45.77407026666582],[-61.311634073351954,45.77397163233193],[-61.31135104628454,45.77401605289487],[-61.31128735155301,45.77395300571218],[-61.311429063438894,45.77364727324711],[-61.31200806881848,45.77351271832601],[-61.312073679958324,45.77334177255152],[-61.31114991463863,45.7728816783406],[-61.31091787487283,45.77289894918963],[-61.31040261844007,45.773222558367735],[-61.310158264194854,45.773221643912144],[-61.309695315187795,45.77317609068507],[-61.30932283312446,45.77286095043816],[-61.30923481323507,45.772581522743444],[-61.30969829542529,45.77214104227427],[-61.30969960383596,45.7719700463349],[-61.309545939599616,45.771862462889125],[-61.30953256297393,45.771709251226014],[-61.30972819892115,45.7711513961309],[-61.30956093902131,45.77102560989021],[-61.30905949038312,45.77110549558101],[-61.30890573350099,45.77091600254063],[-61.309485997846146,45.770611363749126],[-61.30963980160315,45.77045882602917],[-61.309808458868744,45.770027482838394],[-61.31037609976605,45.76958674048763],[-61.31015953651621,45.76909209268062],[-61.30958091783205,45.7688747123553],[-61.30959542715821,45.768649906826184],[-61.30995644648522,45.76823671126482],[-61.30980340679881,45.76776820480348],[-61.3094955846236,45.76757013205604],[-61.3087743601624,45.76790148663147],[-61.30824769718271,45.767837882544406],[-61.30813236760547,45.76773896560309],[-61.30814629053164,45.76740614178165],[-61.30850748364398,45.767199971982585],[-61.30853371640541,45.767055447364235],[-61.30830251571289,45.76687560752031],[-61.30768545700773,45.766739555575334],[-61.307750828887244,45.76640659390577],[-61.308446058088165,45.76608386157926],[-61.30867755341235,45.766083689241086],[-61.308869468138994,45.76637185656123],[-61.30938543414112,45.76619317759371],[-61.309988915797305,45.7661400023969],[-61.310438925000554,45.76618626320978],[-61.31054270591728,45.76611399157303],[-61.31055469257898,45.766015159910424],[-61.31036220666643,45.765916004062596],[-61.30989917105725,45.76596045842485],[-61.309655884622764,45.76579754401241],[-61.30955437404314,45.76558182238283],[-61.309566634121985,45.765473994045855],[-61.30972213239636,45.76539258761583],[-61.31053168583699,45.765456769135064],[-61.31063516644927,45.7653943938615],[-61.31068616087812,45.76519623004],[-61.31059681306461,45.76508869898273],[-61.310031735727144,45.76510554225493],[-61.309736338721784,45.76487975136493],[-61.30981460200546,45.76467299061293],[-61.31025203691813,45.764539049799],[-61.310240853546844,45.7641428484381],[-61.30994481673387,45.763980954385424],[-61.309674522440204,45.76398865586991],[-61.3094821467877,45.76414152300649],[-61.308955122512735,45.76400591023599],[-61.30872519617891,45.76369917849242],[-61.30889272648015,45.76347483832302],[-61.30885539715419,45.76317815873663],[-61.30852132548884,45.76316871174276],[-61.30790358544871,45.76331167614629],[-61.30781427315901,45.76320324331698],[-61.307865847041285,45.76281607207015],[-61.30771201398465,45.76267248019924],[-61.30742946415257,45.76261788914013],[-61.30730253187409,45.76239278786651],[-61.30645461730305,45.76223800642652],[-61.30631304982118,45.76215670016724],[-61.3062234754032,45.761887147499245],[-61.305736124738644,45.761886220320406],[-61.3054404895699,45.76166941546083],[-61.30517134588137,45.76159701604188],[-61.30517180815041,45.76132699826582],[-61.30532633770577,45.76119247855241],[-61.305480908582204,45.76118397074321],[-61.305829293333005,45.76093261511119],[-61.30622694927497,45.76105012265541],[-61.306201198305416,45.76092372929865],[-61.305701707197215,45.76064449653548],[-61.305367056932965,45.76069713738712],[-61.30506989068035,45.760913248357525],[-61.30465950235892,45.7608765552001],[-61.304661016987936,45.76044453730594],[-61.30454640887672,45.760237618341726],[-61.30419926833437,45.76006594987892],[-61.30404583001374,45.75986745382851],[-61.30416327770667,45.75947136117803],[-61.30431799931512,45.75937284894007],[-61.30462530075976,45.75937381017872],[-61.304293276966916,45.75908535562518],[-61.30404851754087,45.759057419554864],[-61.3037153296808,45.758849953445065],[-61.303624512494096,45.75887650727824],[-61.303725336137276,45.75945315729979],[-61.30389227615312,45.75958794843336],[-61.30387888880703,45.75973266290871],[-61.303569598097425,45.7598396800034],[-61.30303024275053,45.75973085907833],[-61.303132184988854,45.759973595621396],[-61.30290047874275,45.76010876591469],[-61.30254115125485,45.75999991709669],[-61.30220796359908,45.75979244662187],[-61.302221689996,45.75929760531135],[-61.30258418756786,45.75862343048413],[-61.301852189303254,45.758549544497484],[-61.30110636534631,45.75871937055884],[-61.3008491629858,45.75859313355438],[-61.30087636376988,45.75833251422756],[-61.30144235318661,45.75819871912542],[-61.30146891900789,45.75787418433099],[-61.30161114074143,45.75772148489714],[-61.301958815541404,45.75757814031079],[-61.30194628089617,45.75739793742437],[-61.30176630598369,45.75722694628083],[-61.301305022169394,45.757046371148164],[-61.301717029890696,45.756732068188725],[-61.3010612736284,45.756731317267814],[-61.30098488552548,45.75645205544885],[-61.30116560953766,45.75634403329668],[-61.30114093690904,45.75618255149711],[-61.300781333044,45.75595668215554],[-61.300472684795345,45.75600069466414],[-61.3004331811641,45.75637004096757],[-61.300278815401995,45.75641454830804],[-61.300150589641596,45.75636043533458],[-61.299318638878674,45.75526075106686],[-61.29934589762975,45.754829117029544],[-61.299024921915084,45.754855840505],[-61.29839489327555,45.754728545651815],[-61.29821594939837,45.75456656501516],[-61.29852431833637,45.75440464354185],[-61.29892314235157,45.754397082530865],[-61.29950279542876,45.75423559789335],[-61.29964391971623,45.75411888781552],[-61.29961919828794,45.754001508978945],[-61.29940096026144,45.75394785529747],[-61.29853938668552,45.75403583387218],[-61.29821934833548,45.75369353489542],[-61.298271907085635,45.75336038702562],[-61.29868445068303,45.75302810114812],[-61.29916228440119,45.75240875927946],[-61.299175299292195,45.752318944727726],[-61.298765114722016,45.75206621326698],[-61.29879114527912,45.751759672466875],[-61.29906241734836,45.751337072789326],[-61.298432427478154,45.7513366904171],[-61.29775325308535,45.75096653727115],[-61.2977793138866,45.75078600882043],[-61.29834695872231,45.7501302050222],[-61.29832328142231,45.74985172637048],[-61.29810497949605,45.74971616157707],[-61.29756438951777,45.749778312118316],[-61.29741102677061,45.749705819659276],[-61.29738766166042,45.749121316895334],[-61.29723284959484,45.74913881098362],[-61.29693702766055,45.74935402111852],[-61.29661469088571,45.749299709967886],[-61.29653799939381,45.749200457092854],[-61.29673258420486,45.74867860990288],[-61.2976587400691,45.74866271412736],[-61.29777524652652,45.74850963599801],[-61.29766030565227,45.74823069709997],[-61.29735200263276,45.74809558960065],[-61.29699169200038,45.74814872353229],[-61.296645744098015,45.74794104611081],[-61.29671206092479,45.74753609708038],[-61.29655824153072,45.74743659410754],[-61.29594007846664,45.747471477612486],[-61.29557143090443,45.747021515592216],[-61.29529969055826,45.74686399595135],[-61.29449121682834,45.74679063128342],[-61.294279868635236,45.74663428096561],[-61.29426678132326,45.74637180093096],[-61.29471218749816,45.74594308070898],[-61.29522190784534,45.74574943062767],[-61.295871382220206,45.74576227260497],[-61.296183096356835,45.74565801257486],[-61.29642217572736,45.745431156980615],[-61.29649258958226,45.74508585462118],[-61.29639937501118,45.74481155872258],[-61.29603835352893,45.74439024443493],[-61.29558217565295,45.74413888521816],[-61.29525781496153,45.7440718487722],[-61.294657610559476,45.74413453594804],[-61.29445558526651,45.74399317647274],[-61.29438276056321,45.743729353387444],[-61.29423668614301,45.7436081817147],[-61.29378431153226,45.74369233368872],[-61.29352188595222,45.743647459462586],[-61.29326185500281,45.74292935692153],[-61.29326733776848,45.74267777509515],[-61.293569773629564,45.74245151201119],[-61.29406213081129,45.742354276748365],[-61.29420426354756,45.74190842714726],[-61.29451976531053,45.74159477837137],[-61.29456153336337,45.741350308839465],[-61.294433893752775,45.741185397553444],[-61.294201953099176,45.74110650680398],[-61.29357272081836,45.741274874813826],[-61.29334728988417,45.74123127291195],[-61.293239297029174,45.74109248628344],[-61.29318962820899,45.74065547277931],[-61.292702088728824,45.74058248017573],[-61.29259925612004,45.74045583120009],[-61.29262620969989,45.740204210217776],[-61.29279679711937,45.739999999999995],[-61.293074354534,45.739999999999995],[-61.29287059127623,45.740115154186],[-61.292767067174715,45.74034852915102],[-61.29338189514202,45.740673647125384],[-61.29348415853929,45.741114326616724],[-61.29371787045915,45.741118178180976],[-61.29414517502373,45.74098702762646],[-61.29437696526638,45.74102019191946],[-61.29454088540364,45.74109968685825],[-61.29474407681668,45.74140082877857],[-61.29472183470119,45.74160355591724],[-61.294354311620474,45.74198762516393],[-61.29418597745192,45.74240743122564],[-61.294065069839675,45.74249410384363],[-61.29363227446026,45.74256459632816],[-61.293454556169614,45.742701544406096],[-61.2934388111735,45.74295243286293],[-61.29363918023161,45.74355713311431],[-61.29436137774118,45.743511304467205],[-61.29449646248104,45.743659855384884],[-61.294521733017454,45.743885343918386],[-61.294712589777106,45.7440683904782],[-61.29532301882822,45.74399919498254],[-61.29592811057086,45.744215153448444],[-61.29659518954041,45.74491645869366],[-61.29659823058796,45.745298229915115],[-61.2963165009771,45.74567620398429],[-61.29593507101093,45.74584504047198],[-61.29536386245675,45.745803484114546],[-61.29511079156968,45.74586478312629],[-61.29444014409169,45.746335956115736],[-61.2943928038918,45.7465521695638],[-61.29455756592768,45.746705843920736],[-61.29524053331793,45.74675906329352],[-61.29573541986151,45.746981118522235],[-61.29597980921645,45.74739106276104],[-61.29642984977619,45.747346471013564],[-61.29677678124914,45.74743715282873],[-61.296878624419755,45.74755478228801],[-61.29679954164448,45.74791453684813],[-61.29748127636727,45.74798770628011],[-61.2979687478494,45.74827669751077],[-61.29794208683068,45.748519322933234],[-61.29769605989443,45.74878838201053],[-61.29737539186558,45.748806104594465],[-61.29700247578935,45.748724038050085],[-61.29679669830995,45.7487686742702],[-61.29666730027647,45.74921858687419],[-61.29689861442027,45.74926434005344],[-61.29724586666335,45.74904899663554],[-61.29768290339107,45.749094214496544],[-61.29772120769633,45.74922979795853],[-61.297553295937554,45.74938210984659],[-61.29751328984913,45.749598433788805],[-61.297603956295,45.74966099084774],[-61.29825913710479,45.7496356506832],[-61.298476263169626,45.74985220521615],[-61.29848919561005,45.75010352126026],[-61.2979710686175,45.75094908122882],[-61.298216281264004,45.751003139573974],[-61.298561433383504,45.75123780277238],[-61.299076525562896,45.751211271168025],[-61.299255242404776,45.75133814390621],[-61.299242419689925,45.75146396468771],[-61.29894596419143,45.751742176369774],[-61.29888072345928,45.751985127404446],[-61.299251888164854,45.75221027495668],[-61.299367253594866,45.75239110928341],[-61.29898009427106,45.75277688060894],[-61.298876269779115,45.753020157082986],[-61.29834751315666,45.75349562582699],[-61.298347266141874,45.75363063464773],[-61.29869402060052,45.75398233203196],[-61.2993751460397,45.7538664634658],[-61.299567187225946,45.75389362479322],[-61.299696145432655,45.75396575101635],[-61.299708591117046,45.75419095709241],[-61.29950235924811,45.75433460055388],[-61.29896156214059,45.754486762933496],[-61.29848557031354,45.75449497474377],[-61.2984465760129,45.75459340301128],[-61.29897291126011,45.754747956069124],[-61.29937231174586,45.7547215003262],[-61.29964152537726,45.75487492205043],[-61.29969197891852,45.754991783830626],[-61.299474148057975,45.75500924292805],[-61.29947292068326,45.7552612479225],[-61.300215314598844,45.75626148933945],[-61.300344186571074,45.7559555786797],[-61.30079434633153,45.75586686744781],[-61.30107704820643,45.75595748059803],[-61.30126877724347,45.75616465099343],[-61.301319894416864,45.756344527699625],[-61.30113958383985,45.756523662792674],[-61.30113934333635,45.75665867164579],[-61.3018329172453,45.756641982707265],[-61.30180713920092,45.75681351528182],[-61.30149734828592,45.75706453261557],[-61.30197195202553,45.7572723074661],[-61.302139320576465,45.75743501015352],[-61.302125490199,45.75755181532661],[-61.30199639609255,45.75769570972874],[-61.301674726694785,45.7578295401815],[-61.301596590654505,45.758243316494244],[-61.30141613427229,45.75834234245338],[-61.30101670865388,45.75836880497595],[-61.301003341575914,45.75851261936653],[-61.30114508497595,45.7586299381898],[-61.30129967654281,45.7586205362684],[-61.301749742899915,45.758450812470585],[-61.30221244878495,45.758415387075054],[-61.30271394304395,45.75854255104587],[-61.30279022730963,45.75874080263498],[-61.302351095401335,45.75927072603765],[-61.302324050290174,45.75973836694097],[-61.30274669315058,45.759964267898475],[-61.30294039394616,45.75993744322695],[-61.302786766549175,45.759702939371586],[-61.30289032360166,45.759595568077536],[-61.30351858686452,45.759740813401706],[-61.30372513986348,45.75971417828258],[-61.303751186326885,45.75953364852004],[-61.30355861862815,45.75935347243853],[-61.303574592850495,45.75874165359627],[-61.304331006343745,45.75898600657622],[-61.30481899869436,45.75934698227682],[-61.30475400554472,45.759454927673545],[-61.304316753544974,45.75949884198497],[-61.30417465146085,45.75973255393491],[-61.30426364031945,45.76002100134948],[-61.30448242469779,45.76005755220765],[-61.304713312827516,45.76024639529868],[-61.30473653334031,45.76079579100855],[-61.30494219497702,45.7608411470373],[-61.30528976255304,45.76061678337822],[-61.30574017580262,45.76056315965661],[-61.306342838643765,45.76096003268681],[-61.306330225203574,45.76112186044941],[-61.305892346242985,45.761058661719275],[-61.30568649565314,45.761274328427675],[-61.30532618387593,45.76128248448489],[-61.305402599629176,45.761561743571995],[-61.305800029426756,45.76181426154405],[-61.306456422455454,45.76162597740759],[-61.306352504504524,45.76208527862514],[-61.30723873327319,45.76224872937726],[-61.30793111038076,45.762699128145],[-61.30794212767901,45.7631853355603],[-61.30850862015442,45.76307851541237],[-61.30890698907544,45.7630880143039],[-61.30900923454264,45.763321749116116],[-61.30886548566265,45.763780462813614],[-61.30903215181486,45.763925143162986],[-61.30932798755355,45.764051033342156],[-61.30963689465702,45.76387198849598],[-61.30989436125752,45.76386319721641],[-61.31044640623026,45.764107185552454],[-61.3104064177352,45.7644945292429],[-61.30990345029265,45.76475441253411],[-61.30986493846595,45.76487985411627],[-61.31005704785404,45.76503391022606],[-61.310751964529395,45.76506129090952],[-61.31077622409549,45.76532267331643],[-61.31058256124016,45.76547552323982],[-61.30985011640265,45.76545568697559],[-61.3096957053107,45.76550110640827],[-61.309669848896014,45.76559073192701],[-61.310002753747845,45.76585218108622],[-61.31037594948086,45.76584420083557],[-61.31063300793124,45.76593441080439],[-61.310722873224755,45.76602484792431],[-61.31067007647552,45.766240086626695],[-61.30937141810625,45.766273977468266],[-61.30916563493493,45.76644464720439],[-61.30895980094773,45.76648930442638],[-61.30877982499699,45.76644433600203],[-61.30863990093385,45.766138036680054],[-61.3083955777691,45.76613711888776],[-61.307918023913565,45.76640637055349],[-61.307801553172716,45.766685470518404],[-61.308354112098876,45.766785463453886],[-61.3086234080676,45.76693886485848],[-61.30877735111165,45.767164364415365],[-61.308724966330075,45.76728059934977],[-61.30830117752479,45.767387733938754],[-61.308299097230744,45.76771173236116],[-61.30872407429839,45.767820634858964],[-61.30917414381671,45.767524870684674],[-61.30943170105423,45.76747107772317],[-61.30985606162859,45.76764297256875],[-61.31012315562586,45.76838049046098],[-61.30974947455801,45.768659387106474],[-61.309697261353506,45.768812528318776],[-61.31018556749376,45.768911561504744],[-61.31047948272415,45.76927234129222],[-61.31046616905978,45.769713184004736],[-61.31001430532303,45.76998282428697],[-61.30983272045532,45.77045898053523],[-61.30957505296629,45.77072879213187],[-61.309253523170064,45.7708986489957],[-61.30980619984677,45.77095363251099],[-61.30993296235894,45.771142724931494],[-61.30970048863911,45.771727937756886],[-61.3098528961092,45.77213252897971],[-61.309479090759815,45.77262744206514],[-61.30947805350067,45.77278944119316],[-61.30976031558659,45.77306814281548],[-61.31023557663666,45.77313187952361],[-61.310685734916916,45.772962122185355],[-61.310879967350495,45.77279127906623],[-61.311187886373446,45.77277423010725],[-61.312073895301076,45.77320676368445],[-61.31231680590931,45.77346867600167],[-61.31226575229963,45.773540828176245],[-61.311609735014,45.7737552533251],[-61.31212220106661,45.774035551350586],[-61.312609914757196,45.77453960136786],[-61.312672440769575,45.77485465297191],[-61.31238815133183,45.775367099083745],[-61.31256847457197,45.7753589621411],[-61.31287801826914,45.774990001323715],[-61.31304548336139,45.774981673711544],[-61.31317253699523,45.77516176589669],[-61.31396880671997,45.77575677385714],[-61.313928869273994,45.775972203536824],[-61.31333712712627,45.776016572100325],[-61.31319576151465,45.776268307135155],[-61.31390189199524,45.77626973177112],[-61.314480832107,45.77652219772492],[-61.314865600797205,45.77655937662007],[-61.31496837396598,45.776649101470696],[-61.314980751616275,45.776793296829034],[-61.31480000593101,45.777071455280634],[-61.314169583244045,45.77716116155795],[-61.31348871149902,45.777132209054216],[-61.31371624296241,45.778032947704965],[-61.313896320072935,45.77820392087029],[-61.31420474045319,45.77821387355581],[-61.31426872377285,45.77809690740222],[-61.31406367404957,45.777943567830526],[-61.3140003939068,45.777610504428544],[-61.314245888818725,45.77740350907103],[-61.31494155361467,45.777197754478166],[-61.31522371186991,45.77722531858997],[-61.315351590471835,45.777378418053104],[-61.315390427943,45.77754100517874],[-61.31520920907277,45.77779215487748],[-61.31526031969559,45.77801702855315],[-61.31598027637681,45.7780726490162],[-61.31608224524269,45.77801834734766],[-61.31609700276497,45.77778454420266],[-61.31652493935998,45.77753747955095],[-61.317111387896254,45.777370245607734],[-61.317364468905375,45.777586212740566],[-61.31794778950969,45.77733045059578],[-61.31865805581712,45.77684388349354],[-61.31913477813796,45.776817596620425],[-61.31999463103339,45.77726858512867],[-61.320199899776924,45.77745792046002],[-61.32085261242584,45.77829649059029],[-61.32094148237515,45.77876403811986],[-61.32131222855794,45.7792690313164],[-61.321992327290225,45.779882077235335],[-61.32291734370468,45.77996406814644],[-61.32362422038036,45.779800549051316],[-61.32369971406642,45.779663764819624],[-61.32332688930212,45.77933885478986],[-61.32334749872112,45.77925211963242],[-61.32380094487972,45.779702603646996],[-61.32375510853876,45.77983703291599],[-61.32334622762781,45.77994669215391],[-61.32351482006976,45.78003422416558],[-61.324102936043225,45.78011630078496],[-61.32454881151677,45.78056658067411],[-61.32558478281655,45.7805265064873],[-61.32579815809323,45.78036014918812],[-61.32581183767497,45.78025126009381],[-61.326137175270375,45.780143428101375],[-61.32649851237673,45.78015655319673],[-61.32669645768317,45.780419755945466],[-61.32661276822976,45.78042654065691],[-61.326617012472006,45.78056413492151],[-61.32704645426125,45.78108293029463],[-61.327101458540746,45.7814287361449],[-61.32729418750831,45.78151391579595],[-61.32798483669371,45.78148028352269],[-61.328332312955254,45.781608860056735],[-61.32838862070063,45.78173920544013],[-61.32829044045506,45.781895012401854],[-61.32784639395024,45.78201461398811],[-61.32779700492738,45.782065915537906],[-61.32789320867537,45.78215265132666],[-61.32829036616927,45.78229338621714],[-61.32877298848372,45.782187308442396],[-61.32936247484792,45.782190081021604],[-61.329840142732216,45.782534055686476],[-61.330561633998926,45.78259671715981],[-61.330768620140425,45.782700190873655],[-61.33105112834313,45.78314823770044],[-61.33103682910691,45.78328682090661],[-61.33053435724643,45.78354050105098],[-61.330507925729215,45.78371914037926],[-61.331074774542124,45.78380852083387],[-61.33281914091444,45.78361698469613],[-61.33391541335716,45.78364882119839],[-61.33488712017858,45.78401888109587],[-61.33500205103598,45.78425484683004],[-61.33492435959288,45.784651909063314],[-61.33524790468139,45.784919987793714],[-61.335519158888395,45.78496975470967],[-61.336578021637536,45.7848416166161],[-61.33712587188046,45.78494761180229],[-61.33731838811091,45.785114408468814],[-61.3371874355677,45.78573246628188],[-61.3376522648673,45.78573645149779],[-61.337830697093196,45.7861129495437],[-61.33737182933863,45.786899501325614],[-61.33668555281103,45.78727267349976],[-61.336513079764984,45.787448197358984],[-61.33665760795485,45.78760655554474],[-61.33704388912881,45.78763045223664],[-61.337247172559806,45.78780757927568],[-61.33746739583559,45.78780880095165],[-61.33783563860835,45.78813665784828],[-61.33803078302933,45.78898584043545],[-61.337911926356405,45.78988949920189],[-61.33800796796936,45.79070105642528],[-61.33831951940492,45.79131800167366],[-61.3386118121465,45.79147922676659],[-61.3393185634659,45.79163081599605],[-61.339607580612345,45.79137399498693],[-61.3404056661586,45.791170834448344],[-61.340645215599885,45.79121490802696],[-61.34096600031253,45.79141776452125],[-61.34156009590445,45.79139857909797],[-61.34186701375921,45.79164398539595],[-61.34225907896371,45.79229395119674],[-61.342520920067074,45.792324123111385],[-61.34268038898007,45.792465587950666],[-61.342589848819486,45.79278533181356],[-61.342386444167055,45.79286716849188],[-61.342461598656776,45.79313576197359],[-61.343050620181245,45.79357049402195],[-61.34333956334896,45.794110410731946],[-61.343366656514135,45.7943033301128],[-61.3432275251913,45.79432633438552],[-61.343184527742515,45.79506935424084],[-61.34352343064018,45.79536526410348],[-61.344013467611816,45.79639719652835],[-61.3440235817208,45.79716762865459],[-61.343761780279195,45.79746967902648],[-61.343514905196436,45.79751983383345],[-61.343081934197144,45.79747107073764],[-61.34288674094437,45.797284083618436],[-61.34237718130211,45.79711044624055],[-61.34206076818461,45.79729685046147],[-61.342018905735756,45.79751082108947],[-61.34229330500494,45.79802946721191],[-61.342517088422234,45.79817663675912],[-61.343010024006055,45.79818216809486],[-61.34317352474712,45.79830541993363],[-61.34319257343587,45.798682918198374],[-61.343068594796875,45.799014778191335],[-61.341841401204036,45.79979407832739],[-61.341294073467814,45.79990809233322],[-61.34115531741222,45.7997618852078],[-61.340643700601404,45.799691629052546],[-61.34024382145576,45.79974135421863],[-61.33984307746286,45.799911135572756],[-61.33950140453995,45.80020625474311],[-61.339145651652544,45.800754179538856],[-61.33931372371776,45.80120423090034],[-61.33921166210549,45.801468809520294],[-61.33871336555543,45.80183743540132],[-61.33783500633415,45.80209486051567],[-61.33707347345092,45.801980898213465],[-61.336170305798575,45.802042542896565],[-61.33298307072232,45.80287976883426],[-61.32968540976034,45.80427801842437],[-61.32923398325923,45.80465574888439],[-61.32668134116443,45.806180915628495],[-61.32537869521766,45.8071330074604],[-61.32499227079865,45.80718674676847],[-61.324659073780815,45.807096353314776],[-61.324131716744745,45.80708591745996],[-61.32176169270741,45.80796469865969],[-61.3212713188566,45.808350826015946],[-61.32111482761694,45.80906138558435],[-61.321266470713326,45.80958295751576],[-61.321882652159815,45.81032197202715],[-61.32190697746103,45.81058335107947],[-61.321610246042084,45.81090661881049],[-61.320734496611365,45.811309582592244],[-61.32093901311371,45.81106560843179],[-61.321617317344995,45.81080834453602],[-61.32177156496094,45.810588022286936],[-61.32166178180073,45.81024942132415],[-61.32131682164469,45.81005749690689],[-61.32092079417373,45.80922234729246],[-61.3209622636602,45.80848489528759],[-61.32122045707927,45.80811605899728],[-61.32173622301617,45.80778430942186]],[[-61.34121191137072,45.791455628761035],[-61.340892275438684,45.79154783500304],[-61.3406523368421,45.79201094985689],[-61.34090092051209,45.79222328855607],[-61.340898290094145,45.79241595688472],[-61.34076465251117,45.79260078182547],[-61.340469264754255,45.79273843295274],[-61.34072123301904,45.79312291593392],[-61.3409250361605,45.79326619819453],[-61.34108204188551,45.793672703060196],[-61.34144174821331,45.79370915908259],[-61.34167007804893,45.79366774027871],[-61.34233173355982,45.79327158836564],[-61.34240894245225,45.793050029707864],[-61.34234689677224,45.79285138329692],[-61.342543886549485,45.79272552984505],[-61.342601780419486,45.79246102801883],[-61.342449019403446,45.7923493620541],[-61.342276643268576,45.792365492211026],[-61.34213225030824,45.79229274058734],[-61.34212327966251,45.7921179954092],[-61.341593794634974,45.79149870691233],[-61.34121191137072,45.791455628761035]]]},"properties":{"shape_area":"673015.6443317602","feat_desc":"River Water Area polygon","zvalue":"9999.0","feat_code":"WARV40","source_row_id":"row-kgf5_e7d9_iah6","shape_len":"71506.70533360903"}},{"type":"Feature","geometry":{"type":"Polygon","coordinates":[[[-61.485073255468706,45.903371659516],[-61.48467390339939,45.90340776617927],[-61.483423706643585,45.903300271515484],[-61.483758341172035,45.9030841985561],[-61.484376839784,45.90285928987171],[-61.484480774548366,45.90268785723413],[-61.48437771759163,45.90221125878539],[-61.48406804369085,45.90203163864745],[-61.48292092026702,45.901832797208975],[-61.48277923486193,45.90173371199124],[-61.48272839019652,45.9015179198412],[-61.48285718415253,45.901427826838805],[-61.483256443796755,45.901536634882966],[-61.483681390577246,45.901364963886294],[-61.484931800758496,45.90113133606729],[-61.48609221630927,45.90055627954611],[-61.48643975718434,45.900196360129584],[-61.48691743698612,45.89874729077389],[-61.486375433341664,45.89853130009806],[-61.48627352370315,45.89796470954381],[-61.48579634413343,45.897640664984486],[-61.48566790473095,45.89743374892627],[-61.48559010515294,45.89711859670629],[-61.485449156880975,45.89699251998553],[-61.48574449018777,45.89656080562076],[-61.485925588090716,45.896632510405595],[-61.48632519403622,45.89715443732468],[-61.486724409184916,45.89740634770293],[-61.487098408749894,45.89787482912784],[-61.487548312025254,45.89787448554851],[-61.48793493838434,45.89797320670764],[-61.488090397891,45.89780245527755],[-61.487871830127354,45.89764123938349],[-61.487910489736784,45.89749675678363],[-61.4882449627285,45.89737967228171],[-61.48850205192917,45.897406475411245],[-61.48879937287833,45.897280799918754],[-61.489327368400126,45.89677744860654],[-61.48950813658422,45.89629110604252],[-61.489391977154234,45.896201364319914],[-61.4890445594391,45.896273277990026],[-61.488476812439686,45.896578986246695],[-61.48814236082049,45.89636304675277],[-61.48778143169993,45.89636277026444],[-61.487458561392984,45.89648000433385],[-61.486982031078874,45.896416990709874],[-61.48696985653658,45.89620081502236],[-61.486866342923086,45.896120238801515],[-61.48697000870245,45.895957800765494],[-61.486904802581044,45.89579582910339],[-61.48749813733985,45.89450039551378],[-61.48816814354968,45.89465327329738],[-61.48841353097082,45.894635818836086],[-61.48860588371252,45.89448265318856],[-61.48845215810899,45.89425740443073],[-61.48863257603955,45.89406897846533],[-61.488800091891406,45.89402349117835],[-61.489290007379815,45.89425768574764],[-61.490036520347736,45.894203647531626],[-61.490951915737774,45.894339053235434],[-61.491299909827944,45.89415013619904],[-61.4913639075143,45.89402407007154],[-61.491158430981535,45.89318700312285],[-61.4911973937695,45.89289049766993],[-61.490900517236064,45.89228713615877],[-61.49189323587198,45.891612598236634],[-61.49208585365853,45.89049636494422],[-61.492713119179285,45.88938847653101],[-61.49309305165219,45.88926585975061],[-61.493785715607196,45.88936553995997],[-61.49384848204839,45.889274726815025],[-61.493769800120624,45.889110252790715],[-61.494021962203234,45.88906568834989],[-61.494179135992745,45.88890593446002],[-61.49419467241922,45.88863630087102],[-61.49400305387691,45.88852522774006],[-61.49388492668753,45.888255902294425],[-61.49440774888647,45.887719696415125],[-61.49416069044615,45.88719926500673],[-61.49435929063925,45.88593576587751],[-61.49461665607665,45.88542099184392],[-61.49463001575901,45.88506483342426],[-61.49502400505186,45.88483087771814],[-61.49542521403932,45.88498809258935],[-61.495221981956135,45.88515948788765],[-61.49542843240176,45.88530801692756],[-61.495441959479834,45.885432313585405],[-61.49535720250673,45.885559456153175],[-61.49502205238905,45.88568573065637],[-61.49491688207991,45.885805133473546],[-61.49493753514948,45.88673912947162],[-61.49479134826292,45.88682621963197],[-61.49503271135526,45.88729995149684],[-61.49474849535302,45.8876348102999],[-61.49469402789311,45.88793822340037],[-61.49488369856329,45.888025958132324],[-61.49492314134012,45.88813079486346],[-61.49438329751352,45.88948772457192],[-61.49443730277437,45.8899646586051],[-61.49419480067044,45.89056288341385],[-61.494000504841196,45.89201437074855],[-61.49387175192196,45.892328504788544],[-61.4939553091277,45.89274210411354],[-61.4939165324646,45.894095284043395],[-61.49381354635905,45.894338202780794],[-61.494048558494086,45.8945518249516],[-61.4940618746267,45.89506053458344],[-61.49430573090811,45.896000981412094],[-61.49432920725139,45.896286519874614],[-61.49420259634818,45.89668798813268],[-61.49430195857875,45.89818618743375],[-61.494579494592365,45.89912599697623],[-61.49510347718643,45.89984331723217],[-61.49517643970151,45.90018693096297],[-61.49573199253044,45.90082905902431],[-61.49625019180602,45.90100734208816],[-61.496451005281095,45.9009562514804],[-61.496504432530635,45.900844357150326],[-61.49704644630725,45.901415735905886],[-61.49652774376387,45.90138478956926],[-61.49564031981942,45.901068167841586],[-61.49506863538102,45.90055543543984],[-61.494804631244556,45.90011605872958],[-61.494455569925094,45.89981894004025],[-61.494108754845726,45.899152825397735],[-61.49310253040296,45.89903605122036],[-61.4924457845801,45.89881947327963],[-61.4910925910989,45.898567593779475],[-61.49046087577077,45.898379236834636],[-61.490216968400986,45.898531724236854],[-61.490035885692286,45.898982061196584],[-61.489996934221146,45.899800600752634],[-61.48967457430046,45.89975583703653],[-61.48963769243705,45.900635687886265],[-61.489341442634405,45.900873356975445],[-61.48891539396087,45.901442326113255],[-61.48875885068326,45.90155338759425],[-61.48858069525838,45.901519798816786],[-61.48878818921845,45.901056582816224],[-61.48890425627624,45.90033762034165],[-61.48836322294574,45.90027971328212],[-61.48863822206237,45.900454516735586],[-61.48861805000417,45.900637424610544],[-61.48837308316061,45.90078089341852],[-61.48829600308038,45.900960785512126],[-61.48830798458919,45.90104194940455],[-61.48852702892784,45.901141153868245],[-61.488501634374565,45.901221823258375],[-61.48761237917447,45.901923802185145],[-61.48690395785456,45.90199543018397],[-61.486593960173145,45.90230184197769],[-61.486078898225756,45.902184310701244],[-61.48595028654693,45.90222040887676],[-61.48596306047616,45.90231958468949],[-61.48587184615478,45.90235527830457],[-61.48549808079113,45.902256718040405],[-61.48552414094876,45.90243617530876],[-61.48584675733775,45.90247195351731],[-61.48600067311502,45.902643204431925],[-61.48638763985732,45.902777943011706],[-61.48656795442499,45.90302154492967],[-61.48604005259362,45.90347088072506],[-61.48538219714334,45.90376818143333],[-61.484969634637814,45.90357909920383],[-61.4851499359376,45.90344378364229],[-61.485073255468706,45.903371659516]],[[-61.49382518634534,45.897578482947836],[-61.493091051077904,45.89764980763135],[-61.492962038752374,45.89774891263092],[-61.493232032758186,45.89810889750088],[-61.49367067605393,45.89833429632371],[-61.49392862838864,45.8980910806479],[-61.49396639471645,45.897695552131864],[-61.49382518634534,45.897578482947836]],[[-61.492922921888855,45.89342990748614],[-61.492189103229975,45.89368214272941],[-61.492047079674315,45.894024091376046],[-61.492073138075874,45.89468057939072],[-61.49238155224885,45.89490606450433],[-61.49262640592795,45.8948606920764],[-61.49282046446469,45.894977559962754],[-61.493078308683316,45.894690241697624],[-61.49287186860159,45.89407817766175],[-61.492922921888855,45.89342990748614]],[[-61.49341302283701,45.89055977452708],[-61.49315513231255,45.890658983071994],[-61.49293660704317,45.89054179291706],[-61.49279538545229,45.8905687318953],[-61.49251154408204,45.891531652422955],[-61.491686881385334,45.89252163568823],[-61.49167379075004,45.89271947622095],[-61.491892589670044,45.89282677169084],[-61.49212443140829,45.893214157743614],[-61.493426576853594,45.89306122497022],[-61.49355526204041,45.892926112639316],[-61.49355432676993,45.892341060856836],[-61.49372279129132,45.891783444269194],[-61.49341302283701,45.89055977452708]]]},"properties":{"shape_area":"491676.1185419256","feat_desc":"Coast Water Area polygon","zvalue":"0.4","feat_code":"WACO40","source_row_id":"row-gtcc-qvnw.cps5","shape_len":"9499.001019669024"}},{"type":"Feature","geometry":{"type":"Polygon","coordinates":[[[-61.52378887464125,45.927034496412375],[-61.52442190142061,45.92999999999999],[-61.52026291241718,45.93],[-61.52066124260109,45.929612933363124],[-61.52185232629619,45.92793111537465],[-61.521921053656584,45.927669638432874],[-61.52182502935771,45.927492435354054],[-61.521898789563195,45.927391053339],[-61.52227852382509,45.927229905153176],[-61.523185428129175,45.92716431644269],[-61.52378887464125,45.927034496412375]]]},"properties":{"shape_area":"417385.39187164645","feat_desc":"Coast Water Area polygon","zvalue":"0.4","feat_code":"WACO40","source_row_id":"row-t4m8-ws3q_pn7k","shape_len":"3216.3900285341256"}},{"type":"Feature","geometry":{"type":"Polygon","coordinates":[[[-61.51959223087486,45.927131135903906],[-61.51931174465501,45.92716359075144],[-61.51885875662264,45.92689301570584],[-61.51879270843561,45.927106645340814],[-61.51851757916162,45.927039621570835],[-61.51816050096369,45.92665966783127],[-61.5183296850227,45.926331541657596],[-61.51827792342275,45.926057073523076],[-61.51761543059802,45.925387119103036],[-61.51706037866917,45.92500783321137],[-61.516536614294246,45.924805001725076],[-61.516443307570526,45.924671665617794],[-61.51550087440713,45.92434258946811],[-61.51492133470203,45.92422166175467],[-61.51443590423579,45.92399402819263],[-61.513942381790976,45.92345144686211],[-61.51375134973967,45.92305176731398],[-61.513470849607764,45.92280537300299],[-61.51242528108171,45.9224061795203],[-61.51139264820834,45.9216299332288],[-61.511314693269135,45.921526131099654],[-61.511439129798305,45.92107826432808],[-61.51236227564539,45.9204355870461],[-61.51316975976876,45.92029353860456],[-61.51403182956148,45.920304573952635],[-61.514555020443915,45.9206623093508],[-61.51516222556225,45.92134191425021],[-61.51714251381374,45.92233222324492],[-61.51758867110179,45.92262999110431],[-61.51808657304746,45.92311573000102],[-61.51837379261237,45.92370152112922],[-61.52007405729799,45.924833866131486],[-61.520627454182915,45.92541193821001],[-61.52072610979635,45.9256304835772],[-61.51981182059953,45.92596975935749],[-61.519606141821974,45.9262350410383],[-61.519759094431336,45.92648273788321],[-61.52032457414326,45.92673793705592],[-61.520677036924035,45.92706886214663],[-61.52019904964416,45.92723368279592],[-61.51959223087486,45.927131135903906]]]},"properties":{"shape_area":"198444.00156900726","feat_desc":"Lake Water polygon","zvalue":"0.79","feat_code":"WALK40","source_row_id":"row-ffmt_xhqt-ryya","shape_len":"2447.025003387632"}},{"type":"Feature","geometry":{"type":"Polygon","coordinates":[[[-61.51450182126787,45.92999999999999],[-61.51432355827209,45.92924988108349],[-61.51455537944176,45.92868316043546],[-61.514361350823755,45.928269312442524],[-61.51402588858451,45.928080438614046],[-61.513949201780875,45.92790933076601],[-61.51397463748447,45.92772965054636],[-61.51416850287553,45.92766646784047],[-61.51476066318993,45.927999087120796],[-61.515212864571694,45.928646703955366],[-61.51561300470122,45.92892552004232],[-61.51621832880885,45.92900718735015],[-61.51758460693052,45.92879990891996],[-61.51788242130562,45.9288532756362],[-61.51875876240963,45.92912295611235],[-61.51974197634044,45.92976339706434],[-61.51920052118592,45.92999999999999],[-61.51450182126787,45.92999999999999]]]},"properties":{"shape_area":"195862.60559839322","feat_desc":"Lake Water polygon","zvalue":"2.0","feat_code":"WALK40","source_row_id":"row-ztq8~iqwz_ifsa","shape_len":"3049.1422066012246"}},{"type":"Feature","geometry":{"type":"Polygon","coordinates":[[[-61.50243380738255,45.91344177559865],[-61.50159615125505,45.91342359232125],[-61.50092549403454,45.91304577105719],[-61.50035911412745,45.91300953638737],[-61.500449136214925,45.91287480927081],[-61.500668016893144,45.91283897941142],[-61.500797293688784,45.91273086882869],[-61.50097790153064,45.912775541338334],[-61.501055351825364,45.91267665109767],[-61.50026844304278,45.911876073640514],[-61.499675149857566,45.910877320427595],[-61.499108198555426,45.910337039552246],[-61.4985279382244,45.90909543289843],[-61.49825717267151,45.90909547711703],[-61.497677402795055,45.90950908218182],[-61.497471426422315,45.90954507602823],[-61.49717543591764,45.909428675738795],[-61.49761319177361,45.909213018744346],[-61.49797398981788,45.908313204109895],[-61.498102599837495,45.907656052122604],[-61.49873436153853,45.90765625481184],[-61.49963711158863,45.90779142154854],[-61.49995937293662,45.90774614990924],[-61.50153128591991,45.908025094202685],[-61.501892793276966,45.908150442862556],[-61.50253705010264,45.90806978310558],[-61.503490989366036,45.90841170361659],[-61.50391597931551,45.90871788901034],[-61.50372290751154,45.90947320956494],[-61.50394208937802,45.90990540755399],[-61.5039166253927,45.910517113533274],[-61.5034521125409,45.91076934652492],[-61.50333640185572,45.91094874242701],[-61.50343920112108,45.91177724216061],[-61.50325877380123,45.91196569085468],[-61.50289772263299,45.91182235144165],[-61.50278177080489,45.9118667349341],[-61.50310484231987,45.91241550313266],[-61.502692061535235,45.91246949800427],[-61.50238227105885,45.91228992639309],[-61.50229281116532,45.91259567336612],[-61.502537313486066,45.91304530684471],[-61.50254962936141,45.91330648495607],[-61.50243380738255,45.91344177559865]]]},"properties":{"shape_area":"188274.4588255505","feat_desc":"Lake Water polygon","zvalue":"3.2","feat_code":"WALK40","source_row_id":"row-cg9w_ktue~b455","shape_len":"2262.247279946582"}},{"type":"Feature","geometry":{"type":"Polygon","coordinates":[[[-61.22064880994302,45.817480118594446],[-61.22036564237389,45.817479316561176],[-61.22024951112309,45.81740730134291],[-61.22031750508874,45.816687400490764],[-61.21945977480971,45.815893668354576],[-61.21948537480658,45.815777057598254],[-61.219911267025594,45.815661285150505],[-61.221146027570825,45.815610314832135],[-61.22130049534356,45.81569102680735],[-61.22128659013511,45.81584472316752],[-61.221504983511295,45.81597953472147],[-61.22156818465773,45.8161776352287],[-61.22183919343775,45.81619625551758],[-61.221930727869065,45.81590875621033],[-61.22204572142432,45.81585474148112],[-61.22202168853985,45.815639249394046],[-61.22230570962029,45.815532060565886],[-61.22240854509622,45.81533384419],[-61.22319453266068,45.81522816307454],[-61.22368591978398,45.8148334709364],[-61.22403357347709,45.81478937342533],[-61.22433102681066,45.81442136649544],[-61.224756643063216,45.81407064295455],[-61.22493824330468,45.81402667019703],[-61.22472787836353,45.81477316388414],[-61.224734905696586,45.815888466498365],[-61.22436330742311,45.816325986764795],[-61.2243540265923,45.81650939483804],[-61.224145873358296,45.81677365228719],[-61.224154646214586,45.81705033676954],[-61.22438721029071,45.81722281520483],[-61.22426511442266,45.81742569330147],[-61.22389082187726,45.81765929405181],[-61.223543010412406,45.81758637981063],[-61.223157721078636,45.81739676284582],[-61.222616571128015,45.817493661594604],[-61.2221664779526,45.817438953253145],[-61.22132954723719,45.817769743887524],[-61.22113546942994,45.81776043014975],[-61.22064880994302,45.817480118594446]]]},"properties":{"shape_area":"85346.00685697154","feat_desc":"Lake Water polygon","zvalue":"43.2","feat_code":"WALK40","source_row_id":"row-nx6g~yh3i.5yzi","shape_len":"1588.4610288372057"}},{"type":"Feature","geometry":{"type":"Polygon","coordinates":[[[-61.29820320913013,45.74745751407501],[-61.297780434189484,45.747070478708245],[-61.29682879423937,45.74712199883476],[-61.296662371739565,45.747014207309434],[-61.29653404155016,45.74675306922141],[-61.29622563115595,45.74683307719841],[-61.296251225702534,45.746752451383024],[-61.29661234909921,45.74667232937284],[-61.29682978209593,45.747005002606585],[-61.296982946381796,45.74704148955312],[-61.29788373047816,45.746971208620884],[-61.29820370292845,45.747187496160024],[-61.298305848944665,45.74742213981135],[-61.29852430667602,45.74746769817663],[-61.298834684186176,45.74702677951064],[-61.29995399343073,45.746533996769216],[-61.302152263177376,45.74653789134881],[-61.302936587269684,45.74644963785746],[-61.303965911155515,45.74608239066047],[-61.304699673095236,45.745498327852154],[-61.30417664434445,45.74464268417678],[-61.304164996193194,45.74409345963418],[-61.304436552467884,45.74374375780196],[-61.30495129400583,45.743429167399555],[-61.30553059292843,45.74323254340484],[-61.30790903517686,45.7428852666231],[-61.30852635041503,45.742706292202605],[-61.3096315657591,45.74271725313474],[-61.31200768285116,45.742999915879366],[-61.31322742308767,45.74360479010371],[-61.31480331524482,45.744849465863695],[-61.31566101334984,45.74620954302945],[-61.31648071394074,45.746696871937026],[-61.31697016462711,45.746580773351965],[-61.317574376208896,45.746581573850236],[-61.31812715409045,45.746411497924704],[-61.31889753104292,45.74652994877528],[-61.31955311539414,45.74674661498069],[-61.32062018564666,45.74653188724377],[-61.32138132938966,45.74571499815355],[-61.32193611370072,45.74483386668448],[-61.322594767222235,45.74413247453614],[-61.323431945025646,45.74352190733984],[-61.32374083762921,45.74342383124679],[-61.324535532256064,45.74380272540759],[-61.324893837755646,45.74424452156434],[-61.3252280092933,45.74428992559386],[-61.32688715497388,45.74383359546979],[-61.32728735753942,45.743519026810816],[-61.32777612841332,45.743294861779866],[-61.328623783448165,45.74327846564526],[-61.329998306041524,45.74361359980127],[-61.33130952156888,45.743614761319066],[-61.331488658934276,45.743858600826584],[-61.33240013250674,45.7442463466373],[-61.33286152064861,45.74455280981703],[-61.33361808925498,45.74526501537567],[-61.33370763850638,45.74540943513612],[-61.33364164541901,45.745769406123216],[-61.33376998737162,45.745949495025634],[-61.33389763412051,45.74606656775694],[-61.33432126873885,45.746130351646556],[-61.33484989468118,45.745689817360955],[-61.33523702223186,45.74507890266585],[-61.3347505010937,45.74449305661045],[-61.3341218923832,45.74405995073896],[-61.33413597195104,45.74367311982006],[-61.33427790731998,45.74343936765998],[-61.33451059381896,45.743305227817295],[-61.334277855695724,45.74370039137416],[-61.33428979780349,45.744033596726936],[-61.335379869598015,45.744944171739526],[-61.33527437738863,45.745465583182444],[-61.3347208620014,45.74609477422316],[-61.334373340443804,45.74623822097427],[-61.333897848267675,45.74610257424094],[-61.33357677772864,45.74583236574144],[-61.33338598322307,45.745202223426425],[-61.33236085564467,45.74439968761878],[-61.33200146536843,45.744164918505035],[-61.331334295873994,45.74394815446413],[-61.33110271599037,45.7436954477374],[-61.33001053273026,45.74372088860595],[-61.32827766551326,45.74333190599608],[-61.32795631522668,45.74333080270806],[-61.32751771744471,45.7435106989475],[-61.327041826129644,45.7439060675461],[-61.32539448002988,45.744397676196265],[-61.32470148592956,45.74427140329175],[-61.324369089455935,45.74386598999543],[-61.32408661660899,45.74381144107115],[-61.323675300897094,45.74359478558932],[-61.323238206979745,45.74380979075529],[-61.32273475960739,45.744222738571004],[-61.32193606751568,45.745049886240515],[-61.32136776394054,45.74603882909991],[-61.32060690985647,45.746631601387],[-61.320234394281265,45.74679263930897],[-61.31860073735398,45.7471232360718],[-61.31690456473182,45.747137858877174],[-61.31666049917464,45.74700284998091],[-61.31659608470864,45.747092809153735],[-61.3168390685966,45.74726380560775],[-61.316839407591054,45.74738082152631],[-61.31662070475034,45.74747120729348],[-61.31636401781506,45.74737111503719],[-61.316004583627006,45.7470111833081],[-61.315646468508696,45.74647935380228],[-61.31567264457247,45.74633572633107],[-61.31495593148104,45.745416970391304],[-61.31471401279377,45.74491205428233],[-61.31359719349495,45.744217807161895],[-61.31356014717089,45.74391123145343],[-61.31330332408352,45.74373102270456],[-61.311944008286815,45.743107885115386],[-61.309515720197595,45.742807347322966],[-61.30873234530029,45.74282365329768],[-61.3062114672934,45.74333265056719],[-61.30590215221062,45.74335866620822],[-61.305620245695025,45.74328607827667],[-61.30511812073851,45.74343884366354],[-61.30470685351104,45.7436901645461],[-61.30435806909864,45.74408552498442],[-61.304304652479544,45.744660786133565],[-61.304829660686,45.745111420591535],[-61.30480319946438,45.745390954144476],[-61.30427378920935,45.74601945547318],[-61.303939432734595,45.74623501182834],[-61.30249818719014,45.746619539966595],[-61.299953558501585,45.74663299957178],[-61.29887206009964,45.74710834374779],[-61.298703037873615,45.74759367199471],[-61.29856181912849,45.7476293720372],[-61.29820320913013,45.74745751407501]],[[-61.318327132810296,45.74653766385982],[-61.31636523607038,45.74673207330499],[-61.31633937276904,45.74682260057306],[-61.316442365657196,45.7469033260613],[-61.31716104604328,45.74703092756132],[-61.31851142903463,45.74701481138416],[-61.31933376669362,45.74677309047882],[-61.318922857446374,45.74662843068874],[-61.318327132810296,45.74653766385982]]]},"properties":{"shape_area":"59338.02762824428","feat_desc":"River Water Area polygon","zvalue":"9999.0","feat_code":"WARV40","source_row_id":"row-m5mn~2ve2_x78x","shape_len":"9505.33734571304"}},{"type":"Feature","geometry":{"type":"Polygon","coordinates":[[[-61.40393800997488,45.75536097784679],[-61.403501364325614,45.75525226654019],[-61.40333521558684,45.75499162072006],[-61.402911676739755,45.75469407314151],[-61.40226803288636,45.75463016706452],[-61.402281904423454,45.75427932909986],[-61.402912913588516,45.75343397552785],[-61.40295375638802,45.75272348162062],[-61.40372616967867,45.75201331249282],[-61.40367496313619,45.751464445801844],[-61.403571859733,45.751382898436454],[-61.40335352895969,45.75137444634092],[-61.40330237321079,45.751274722206674],[-61.40353377736456,45.75109523987894],[-61.403842322407264,45.75100594321266],[-61.403752604419864,45.751266612596304],[-61.40400848620339,45.75167162577959],[-61.40545989356634,45.752806197777254],[-61.405471495000334,45.75321139671733],[-61.40562605187734,45.75342777367758],[-61.405625314440236,45.75381479869227],[-61.405534046767485,45.75394943713633],[-61.405187922561524,45.75391310226718],[-61.40463554833383,45.753624563169524],[-61.40442882519742,45.75397540801622],[-61.40423570768161,45.75407441957201],[-61.4039667278239,45.754083262714666],[-61.403786218753915,45.75396552990237],[-61.403657384468445,45.753974530472746],[-61.40345194563597,45.754460403787576],[-61.404067582738705,45.754739931571514],[-61.40433684508121,45.75508212409182],[-61.40420828127748,45.75535215281139],[-61.40393800997488,45.75536097784679]]]},"properties":{"shape_area":"54254.178981942154","feat_desc":"Lake Water polygon","zvalue":"228.2","feat_code":"WALK40","source_row_id":"row-e7uv_fgzr.9di4","shape_len":"1446.1526954385447"}},{"type":"Feature","geometry":{"type":"Polygon","coordinates":[[[-61.502896883193046,45.85831160263501],[-61.50289772358875,45.858030793162285],[-61.502681739062346,45.85802913267281],[-61.502706673611115,45.85795439579394],[-61.50289496672332,45.857946240866944],[-61.502897784061304,45.85766851570766],[-61.50348550349966,45.857665597895874],[-61.503528408042925,45.85756517163466],[-61.502050037813405,45.85749125292178],[-61.501850182471145,45.857023568253744],[-61.50182420130343,45.85657130446609],[-61.502020528352254,45.85522296984989],[-61.50176401538622,45.854860389710296],[-61.50172137568357,45.854385765639066],[-61.50190094538166,45.853171950920334],[-61.50407671671604,45.85754346049818],[-61.50389044728759,45.85754831183161],[-61.50382181128497,45.85803245837447],[-61.50368901723653,45.858219102913395],[-61.503231994752745,45.85843426223904],[-61.502896883193046,45.85831160263501]]]},"properties":{"shape_area":"47807.7506816215","feat_desc":"Coast Water Area polygon","zvalue":"0.4","feat_code":"WACO40","source_row_id":"row-t2df-fmpi~79ss","shape_len":"1455.9821905058661"}},{"type":"Feature","geometry":{"type":"Polygon","coordinates":[[[-61.38845780514207,45.75774036368978],[-61.388240966706135,45.7568309219209],[-61.387983902414504,45.756380853791924],[-61.38824247901141,45.75570674094528],[-61.38818170266268,45.75379860930945],[-61.38832422814881,45.75349279221941],[-61.38860764233774,45.7532951722665],[-61.388723339745276,45.75329590427478],[-61.38886400730865,45.75336719479011],[-61.38886445834593,45.75366422831473],[-61.389106577383124,45.75414198644459],[-61.389568834998585,45.754655250838915],[-61.38943827816373,45.75566240208987],[-61.389154299263296,45.75605803410107],[-61.38917970894768,45.75624740963523],[-61.38988602185712,45.75685952263501],[-61.38989806340141,45.75706671118302],[-61.38963971484758,45.757822738269304],[-61.38889470789458,45.75779513121952],[-61.38864961454387,45.75791138490814],[-61.38845780514207,45.75774036368978]]]},"properties":{"shape_area":"46339.19827206558","feat_desc":"Lake Water polygon","zvalue":"177.6","feat_code":"WALK40","source_row_id":"row-7str_93x6_v5y8","shape_len":"1187.1754232362716"}},{"type":"Feature","geometry":{"type":"Polygon","coordinates":[[[-61.50056396801764,45.86507766921029],[-61.50071937341107,45.8649518950905],[-61.50092518616155,45.864915893102406],[-61.50128574385707,45.86511414205817],[-61.501569174666365,45.865114259638965],[-61.501440754575334,45.86490736046036],[-61.501555832154686,45.864556044527966],[-61.502908933129774,45.864537781408266],[-61.50299939218012,45.865204114566914],[-61.50266371196368,45.865806359013234],[-61.502793027813055,45.86622028335284],[-61.502715485455965,45.866373178134054],[-61.50258672567214,45.86641829389042],[-61.502458048064625,45.86636440348921],[-61.50178858927569,45.865914594503515],[-61.50044846282408,45.865635993364386],[-61.50028123856718,45.865482587430336],[-61.500539224513524,45.86523125550963],[-61.50056396801764,45.86507766921029]]]},"properties":{"shape_area":"25157.086037102465","feat_desc":"Lake Water polygon","zvalue":"2.6","feat_code":"WALK40","source_row_id":"row-rdhk.hscp-53j7","shape_len":"764.8416880677223"}},{"type":"Feature","geometry":{"type":"Polygon","coordinates":[[[-61.21275572349253,45.8032707083517],[-61.212615785184354,45.80309930416732],[-61.21269301175951,45.802937598583924],[-61.21311573537784,45.803280841161246],[-61.21352763755564,45.80331788664727],[-61.21391372018008,45.803237516878845],[-61.21432344174843,45.80354454856374],[-61.214682248075526,45.80391468845389],[-61.21519255809351,45.80477953673205],[-61.21519092918616,45.80511253976761],[-61.21481642495416,45.80535420856991],[-61.214494126333534,45.80537167296474],[-61.213649783631766,45.80465011096664],[-61.21282830523527,45.8041800218863],[-61.21274060746786,45.80378351585569],[-61.212599939756146,45.803675105659025],[-61.21275572349253,45.8032707083517]]]},"properties":{"shape_area":"28196.747720464813","feat_desc":"Lake Water polygon","zvalue":"19.7","feat_code":"WALK40","source_row_id":"row-5t7t.n436.4agq","shape_len":"763.5429295447315"}},{"type":"Feature","geometry":{"type":"Polygon","coordinates":[[[-61.36945678884,45.830073595028175],[-61.36974019237601,45.82980401816108],[-61.37103881940222,45.83012947070021],[-61.37121856017955,45.830588367081276],[-61.371191590693506,45.830894906846446],[-61.37086960360651,45.83111893346454],[-61.370277496798685,45.8312896019348],[-61.36992931784882,45.83135213678198],[-61.36953099839707,45.83127984971681],[-61.369324578790504,45.83111759070713],[-61.3692608897896,45.83082955881165],[-61.36945678884,45.830073595028175]]]},"properties":{"shape_area":"19996.087224246843","feat_desc":"Lake Water polygon","zvalue":"205.2","feat_code":"WALK40","source_row_id":"row-u3d6_kke4-bch3","shape_len":"524.1353313471027"}},{"type":"Feature","geometry":{"type":"Polygon","coordinates":[[[-61.496313361282745,45.8753626409833],[-61.495888791753444,45.875290442874224],[-61.4954376986648,45.87476876681343],[-61.49543820580644,45.874606762095794],[-61.496520465653354,45.873751548649956],[-61.49655851012113,45.87339202392722],[-61.49720320710482,45.87304138534051],[-61.49694440388873,45.875614857579755],[-61.496841947121254,45.87583042479246],[-61.496313361282745,45.8753626409833]]]},"properties":{"shape_area":"22019.45033119325","feat_desc":"Lake Water polygon","zvalue":"3.3","feat_code":"WALK40","source_row_id":"row-zy7e.ixt9~d39a","shape_len":"735.5870250567775"}},{"type":"Feature","geometry":{"type":"Polygon","coordinates":[[[-61.24458552939397,45.763709856808426],[-61.245022713130474,45.76362926682338],[-61.245485679872736,45.76371108606398],[-61.245512032043465,45.76356747764278],[-61.245834844046236,45.7632799088738],[-61.24673617972764,45.762750997826124],[-61.24745543489534,45.76314907140751],[-61.24780234453685,45.76315889405427],[-61.247543571410034,45.76345555166718],[-61.24735046126863,45.76354438811083],[-61.246849500730136,45.76352590814442],[-61.24659140363565,45.763677660681445],[-61.246360328188885,45.76362370860504],[-61.24589635856922,45.76381999400515],[-61.24554925981883,45.763775068448616],[-61.24552333388051,45.763945685895116],[-61.24508443907494,45.764367382753356],[-61.244711786488054,45.764358056337876],[-61.244403682089484,45.76417690500501],[-61.24445600767939,45.763861780290846],[-61.24458552939397,45.763709856808426]]]},"properties":{"shape_area":"16549.285625484095","feat_desc":"Lake Water polygon","zvalue":"84.9","feat_code":"WALK40","source_row_id":"row-7pch.gwhv.xcmn","shape_len":"738.8555786070145"}},{"type":"Feature","geometry":{"type":"Polygon","coordinates":[[[-61.22169968644914,45.80541657288173],[-61.22124076018692,45.80438964010985],[-61.22269618110817,45.80406936579066],[-61.22224017966263,45.805255771711515],[-61.22180377490724,45.80521927632918],[-61.22184109850654,45.805380971111006],[-61.222136342784324,45.805606985711364],[-61.22208128212322,45.806326190114156],[-61.222324360783176,45.806614397589904],[-61.22228358922253,45.80680367923579],[-61.222013621802375,45.806875083809445],[-61.22203663990754,45.807324580316994],[-61.22222751755169,45.807756887731344],[-61.222187882265516,45.80807219769905],[-61.22196824332928,45.80826049531657],[-61.22187959460127,45.808052997879464],[-61.2219205185804,45.80741458960351],[-61.2217571116057,45.80676668191725],[-61.22179903880355,45.8061363808617],[-61.22169968644914,45.80541657288173]]]},"properties":{"shape_area":"17202.61321907621","feat_desc":"Lake Water polygon","zvalue":"29.5","feat_code":"WALK40","source_row_id":"row-k34v~vzdg.wwwy","shape_len":"1121.6770405597913"}},{"type":"Feature","geometry":{"type":"Polygon","coordinates":[[[-61.255394784936314,45.89347518693471],[-61.25467276845614,45.8933570507371],[-61.253526210524925,45.89333682779492],[-61.25295876917052,45.89355136719681],[-61.252662046512306,45.89355942995249],[-61.252740997014406,45.893343722138],[-61.25254851558069,45.89302845585574],[-61.25306499199507,45.8928770436698],[-61.25383802929018,45.89280605645369],[-61.255588257006316,45.89322432340988],[-61.25620600120033,45.89366667627992],[-61.2563209825206,45.89386465423711],[-61.25628112620243,45.894026066347315],[-61.25598501517018,45.89389102795094],[-61.25576733759737,45.89363838694495],[-61.255394784936314,45.89347518693471]]]},"properties":{"shape_area":"13977.618314925807","feat_desc":"Lake Water polygon","zvalue":"57.3","feat_code":"WALK40","source_row_id":"row-92pz.sk4g-cpxg","shape_len":"745.5010345565354"}},{"type":"Feature","geometry":{"type":"Polygon","coordinates":[[[-61.498672155623325,45.84241255450656],[-61.50149164127863,45.848629436384144],[-61.50120860033892,45.84837820494214],[-61.500925271112436,45.847946055500955],[-61.50003685605214,45.846019951083],[-61.49961186627495,45.84544462753812],[-61.499212028475675,45.84465271646408],[-61.498672155623325,45.84241255450656]]]},"properties":{"shape_area":"14550.959178752193","feat_desc":"Coast Water Area polygon","zvalue":"0.4","feat_code":"WACO40","source_row_id":"row-xb92-rk9i-km64","shape_len":"1457.3275317841546"}},{"type":"Feature","geometry":{"type":"Polygon","coordinates":[[[-61.2299976716548,45.80810887468722],[-61.23006103370142,45.808261969400135],[-61.229580089497766,45.80922389829189],[-61.22965566291854,45.80976331513304],[-61.22899604489266,45.81023013045049],[-61.22890822378112,45.809833635411074],[-61.22902615513037,45.80956454096825],[-61.228924329687054,45.80920383182217],[-61.22906659650143,45.8090602252253],[-61.22923741038624,45.808422019042666],[-61.2299976716548,45.80810887468722]]]},"properties":{"shape_area":"9976.399990519058","feat_desc":"Lake Water polygon","zvalue":"87.8","feat_code":"WALK40","source_row_id":"row-vej2-4577~i4v8","shape_len":"553.6786127032582"}},{"type":"Feature","geometry":{"type":"Polygon","coordinates":[[[-61.48347661051971,45.896623430562855],[-61.48293618291927,45.896587453733574],[-61.4828069581236,45.89636252277736],[-61.48285888219149,45.89606529235033],[-61.48321924630935,45.89584956241766],[-61.48361927970246,45.895786468070625],[-61.48360651115431,45.89568729195676],[-61.48373532952157,45.89564309859259],[-61.483812576375556,45.89574132578445],[-61.48373432123034,45.895822197222145],[-61.48403063580541,45.89625456265277],[-61.484559426417924,45.89662339773734],[-61.484250413471784,45.89670480413949],[-61.484056612247464,45.89657892452557],[-61.48383723202781,45.89658771416426],[-61.483992257969604,45.896812090752924],[-61.483786444749974,45.89693806364462],[-61.48348976138002,45.89699262980958],[-61.48332193893821,45.89681219011767],[-61.48347661051971,45.896623430562855]]]},"properties":{"shape_area":"9935.703805776082","feat_desc":"Lake Water polygon","zvalue":"0.6","feat_code":"WALK40","source_row_id":"row-w7tf.u49b.vh8u","shape_len":"538.7373914192984"}},{"type":"Feature","geometry":{"type":"Polygon","coordinates":[[[-61.49958520329605,45.874112262371376],[-61.49914834261541,45.873778901057804],[-61.4991349476575,45.87317568257633],[-61.499727023664875,45.87296024352891],[-61.50008748525997,45.873355604108745],[-61.500410637466196,45.873509261309266],[-61.50038372863297,45.873742920085895],[-61.50056445256561,45.87377859452125],[-61.500320155808396,45.87423802050355],[-61.49976631444556,45.87437295898373],[-61.499778808775936,45.8741481072235],[-61.49958520329605,45.874112262371376]]]},"properties":{"shape_area":"10900.04404537999","feat_desc":"Lake Water polygon","zvalue":"2.3","feat_code":"WALK40","source_row_id":"row-5b9b-9kem~axd9","shape_len":"456.9743038987243"}},{"type":"Feature","geometry":{"type":"Polygon","coordinates":[[[-61.48396015872814,45.90402923876646],[-61.48549809810815,45.90389662533291],[-61.48637186849047,45.903543141736115],[-61.48687202702927,45.90313735987159],[-61.4873001486306,45.902431172289546],[-61.48771793681758,45.90210998256544],[-61.48836036144374,45.901800493389814],[-61.48858069525838,45.901519798816786],[-61.488446288263304,45.90181702038178],[-61.48765105402446,45.90225185295022],[-61.488265027426216,45.90220173762784],[-61.488773368544486,45.902010903414116],[-61.48975851498119,45.90081523676467],[-61.4898293574069,45.89980018591539],[-61.489996934221146,45.899800600752634],[-61.48987591275579,45.90088825330001],[-61.48895095653237,45.90198507686358],[-61.488794716089,45.902284071181164],[-61.48857926650426,45.90243693772173],[-61.48801326051091,45.90277579402972],[-61.487996816271824,45.90263597720894],[-61.48870221674304,45.90214847776666],[-61.48833610064471,45.902276302897526],[-61.48761669821135,45.90235813800332],[-61.48723189140832,45.9027893021719],[-61.48711291567426,45.903097077119035],[-61.486695622208885,45.90345193425294],[-61.48565668225247,45.903972167763456],[-61.48408133000728,45.90412931306753],[-61.48396015872814,45.90402923876646]]]},"properties":{"shape_area":"10034.049006875723","feat_desc":"Coast River Water polygon","zvalue":"0.4","feat_code":"WACORV40","source_row_id":"row-dbkd_62i6-atu7","shape_len":"1938.3746618069995"}},{"type":"Feature","geometry":{"type":"Polygon","coordinates":[[[-61.480882662464865,45.90930140711333],[-61.480275990687694,45.90899541955952],[-61.48017365549557,45.90882394452117],[-61.480238186988494,45.90867989622999],[-61.48076710557057,45.908527620399035],[-61.48133363284003,45.908509053399264],[-61.48137229947537,45.90813154008575],[-61.48154050704783,45.907825955777824],[-61.48199170892223,45.90740262373012],[-61.48191459513027,45.907204486257626],[-61.48197893330512,45.906925422872284],[-61.48218515830672,45.90688046236934],[-61.48268736645587,45.90699783768269],[-61.48282912482567,45.90695291719465],[-61.48293255020318,45.906611370902354],[-61.48286793007376,45.9057653548786],[-61.48304895979081,45.905036010736005],[-61.483527531569585,45.904236178419225],[-61.48392664876277,45.90403833472381],[-61.48408133000728,45.90412931306753],[-61.48379634761139,45.90421202708722],[-61.483511417495556,45.90444545868398],[-61.4831265017728,45.905171149068934],[-61.48299784071991,45.90572927743523],[-61.48306092891372,45.90658427093625],[-61.482984079610326,45.9069441741037],[-61.48276539665776,45.90711498152604],[-61.482095323282856,45.907007074504364],[-61.48210701846325,45.9074293574097],[-61.48163065474811,45.90792436290143],[-61.481436400202945,45.90861752365447],[-61.48106336293599,45.90868006915213],[-61.48061153182441,45.9086533598574],[-61.48036693918092,45.90873381222952],[-61.4804701336888,45.9089682999176],[-61.48101105214434,45.909274312303936],[-61.480882662464865,45.90930140711333]]]},"properties":{"shape_area":"8605.041777231783","feat_desc":"River Water Area polygon","zvalue":"9999.0","feat_code":"WARV40","source_row_id":"row-rsdr-9ktk_72xn","shape_len":"1628.7735145261283"}},{"type":"Feature","geometry":{"type":"Polygon","coordinates":[[[-61.5041378995034,45.8578462336681],[-61.50445395696046,45.860649125191955],[-61.50445488433006,45.86065777795863],[-61.50391263734366,45.8600442141912],[-61.50378543982814,45.85962833829543],[-61.503778370188414,45.85853295598127],[-61.503806989769764,45.85841209196537],[-61.5040810214292,45.85821865613749],[-61.5041378995034,45.8578462336681]]]},"properties":{"shape_area":"8967.166075938721","feat_desc":"Coast Water Area polygon","zvalue":"0.4","feat_code":"WACO40","source_row_id":"row-aikt.dh5x-jpmj","shape_len":"649.7409987975443"}},{"type":"Feature","geometry":{"type":"Polygon","coordinates":[[[-61.48102549455502,45.90534214790811],[-61.48123134556878,45.90521617613858],[-61.481347326504896,45.90535992719125],[-61.48150252239943,45.905342188726856],[-61.481772791327124,45.906116231012575],[-61.48123088969064,45.90655635777389],[-61.480947163287944,45.90651208306374],[-61.48057450915655,45.90627761265747],[-61.480639160124554,45.90584554412751],[-61.48081896768171,45.90572912741127],[-61.48102549455502,45.90534214790811]]]},"properties":{"shape_area":"8820.710250481394","feat_desc":"Lake Water polygon","zvalue":"3.1","feat_code":"WALK40","source_row_id":"row-2gp8_i48z-m55x","shape_len":"390.74331861226915"}},{"type":"Feature","geometry":{"type":"Polygon","coordinates":[[[-61.502536694164895,45.91445838895223],[-61.50239517993736,45.914350327298266],[-61.50217584309599,45.913684109686585],[-61.50234371046098,45.9135315004082],[-61.5026269880068,45.91345060799144],[-61.502897914262704,45.91411660072123],[-61.50270514485599,45.91447589764965],[-61.502885330814934,45.91458446566696],[-61.50292410021283,45.91477308566524],[-61.5028213243486,45.91499855334621],[-61.502666428423694,45.9150523269927],[-61.502576013853975,45.914962040845694],[-61.502536694164895,45.91445838895223]]]},"properties":{"shape_area":"5737.2270723663205","feat_desc":"Lake Water polygon","zvalue":"3.6","feat_code":"WALK40","source_row_id":"row-a5ca.hcgc_9phs","shape_len":"416.1077460134952"}},{"type":"Feature","geometry":{"type":"Polygon","coordinates":[[[-61.22430414826585,45.750467836786505],[-61.226217337674605,45.750043642232455],[-61.22805890876684,45.749094734259685],[-61.228302894804465,45.74910391958868],[-61.22834162825457,45.74922063133134],[-61.22754415152576,45.74943508022399],[-61.22704109884215,45.74981160892621],[-61.226370036174515,45.750134221782346],[-61.22480133418439,45.75046358502128],[-61.224323661974736,45.75076848489822],[-61.223822149418496,45.750893004116755],[-61.22386115553091,45.750676690282916],[-61.22430414826585,45.750467836786505]]]},"properties":{"shape_area":"5850.482362911952","feat_desc":"River Water Area polygon","zvalue":"9999.0","feat_code":"WARV40","source_row_id":"row-fhj5.mdet_w84m","shape_len":"854.3901167320415"}},{"type":"Feature","geometry":{"type":"Polygon","coordinates":[[[-61.23004075554607,45.9134931977637],[-61.230339034417725,45.913196298163314],[-61.230764512469264,45.91311648242427],[-61.23098284399574,45.91322517067343],[-61.231148067231295,45.913666058866866],[-61.23077427496045,45.913863684449026],[-61.230335195489204,45.913844282794344],[-61.23010408742894,45.91369129237605],[-61.23004075554607,45.9134931977637]]]},"properties":{"shape_area":"5513.151089513096","feat_desc":"Lake Water polygon","zvalue":"60.5","feat_code":"WALK40","source_row_id":"row-pxz2-cn6j.jn8v","shape_len":"268.01534898823957"}},{"type":"Feature","geometry":{"type":"Polygon","coordinates":[[[-61.33526103667652,45.755862611323984],[-61.3347984926127,45.75593291619998],[-61.33449473463939,45.756124615495985],[-61.33398928088233,45.756202212144416],[-61.333819330971956,45.756153468981736],[-61.333328305186605,45.755604005605655],[-61.333502037989035,45.755318333983304],[-61.333937941124674,45.75536105619354],[-61.33404554319362,45.755448133467844],[-61.33383065922845,45.7554964839207],[-61.33371856469159,45.755681255874684],[-61.33400308853069,45.755759932940975],[-61.33426741870298,45.75606351547425],[-61.33466049352792,45.7557048935794],[-61.33484236414784,45.75579809333776],[-61.335009447151826,45.75572708220644],[-61.33538716508011,45.755793793004884],[-61.33550391991021,45.75588883299927],[-61.33585455943235,45.755914913963586],[-61.3359895159767,45.756033530777806],[-61.33545145652588,45.75623045988213],[-61.33529009687308,45.7561349497925],[-61.33526103667652,45.755862611323984]]]},"properties":{"shape_area":"6645.374150063318","feat_desc":"Lake Water polygon","zvalue":"21.43","feat_code":"WALK40","source_row_id":"row-xads~qcvn~vyaw","shape_len":"671.0727221535205"}},{"type":"Feature","geometry":{"type":"Polygon","coordinates":[[[-61.25211841114918,45.89137205866359],[-61.252298015246126,45.89139910825076],[-61.25175513875992,45.89177602906333],[-61.250180746334465,45.892204656737015],[-61.25016867746574,45.892096464191866],[-61.250337033150466,45.89198923502223],[-61.250595933559445,45.891584579935696],[-61.25211841114918,45.89137205866359]]]},"properties":{"shape_area":"6518.953795504776","feat_desc":"Lake Water polygon","zvalue":"48.0","feat_code":"WALK40","source_row_id":"row-vwsn.ifut_bdws","shape_len":"409.60812412651757"}},{"type":"Feature","geometry":{"type":"Polygon","coordinates":[[[-61.42086371293239,45.77579942131712],[-61.419938854552875,45.77570922538194],[-61.42058148732258,45.775727113445484],[-61.42096680705789,45.77565593379116],[-61.42153267823691,45.77538563026188],[-61.42184177257833,45.77509827549174],[-61.42211289906359,45.77506241748757],[-61.42428570601544,45.7752796267418],[-61.42438785079734,45.77535214462446],[-61.42459439129647,45.77528028408432],[-61.42497898750756,45.775280187131706],[-61.4251590646777,45.77532587370037],[-61.42522316344924,45.77542486866507],[-61.42521011015155,45.775568697702525],[-61.42495287946555,45.77556785233427],[-61.424721535906464,45.77542424996958],[-61.424322832321806,45.77551415663168],[-61.42395084584126,45.7754775248274],[-61.423783044159,45.77531589558319],[-61.42346198661016,45.77525205978045],[-61.4219573211511,45.77519708031883],[-61.42131409272031,45.77565623350001],[-61.42086371293239,45.77579942131712]]]},"properties":{"shape_area":"5903.8235205677665","feat_desc":"River Water Area polygon","zvalue":"253.1","feat_code":"WARV40","source_row_id":"row-d264.wmaw-8pkm","shape_len":"938.0678102654446"}},{"type":"Feature","geometry":{"type":"Polygon","coordinates":[[[-61.32219332107819,45.74882051693003],[-61.3217176478137,45.74881982941988],[-61.3215249088894,45.74894480922784],[-61.321370680186426,45.74890023883883],[-61.321371474550915,45.74870223208598],[-61.32157823324455,45.748495550918356],[-61.32250464444873,45.748127524556466],[-61.322889638601225,45.74823668763302],[-61.322902094961265,45.74833587974611],[-61.322542469383556,45.748281094304545],[-61.32272221117654,45.74846105032923],[-61.322554548621,45.74865030605283],[-61.322694535294026,45.74895568999264],[-61.322950702120984,45.74907376201371],[-61.32295057722387,45.74916376854937],[-61.32219332107819,45.74882051693003]]]},"properties":{"shape_area":"6184.290499989063","feat_desc":"Lake Water polygon","zvalue":"13.6","feat_code":"WALK40","source_row_id":"row-r7q7-j95p-zbs7","shape_len":"479.18609838942075"}},{"type":"Feature","geometry":{"type":"Polygon","coordinates":[[[-61.23810939856539,45.865860983839234],[-61.23788698122651,45.86504880605048],[-61.23820945199541,45.86491427829717],[-61.238325135850765,45.865004260058896],[-61.23810573852116,45.8651385868043],[-61.23877413349099,45.865472918346626],[-61.23872162807693,45.86562602045141],[-61.23886280222689,45.865806410463065],[-61.23845107468996,45.86554444285766],[-61.23861731810913,45.865869230628185],[-61.238564973662136,45.86597643166916],[-61.2383330850375,45.866057462215714],[-61.23810939856539,45.865860983839234]],[[-61.23829692594668,45.86557086787992],[-61.23820602619179,45.86563427089776],[-61.23838544122541,45.86586835527943],[-61.238437512799635,45.86568824460469],[-61.23829692594668,45.86557086787992]]]},"properties":{"shape_area":"4257.626877986867","feat_desc":"Lake Water polygon","zvalue":"9.6","feat_code":"WALK40","source_row_id":"row-tdrv~bz5g_cvna","shape_len":"506.46403696120336"}},{"type":"Feature","geometry":{"type":"Polygon","coordinates":[[[-61.25472120260127,45.88576225585202],[-61.25455315049701,45.885828588259336],[-61.25426366750445,45.88569782275078],[-61.25442348523727,45.88562816071447],[-61.25448625289754,45.88573998079307],[-61.25460324584101,45.88575498129906],[-61.25488172567238,45.8855260469429],[-61.25503300036807,45.885682205838386],[-61.255437039759975,45.88556586894642],[-61.25579930314303,45.885820178549864],[-61.25527100861004,45.88620357643429],[-61.254999014119285,45.88610399712476],[-61.25472120260127,45.88576225585202]]]},"properties":{"shape_area":"4215.810874010431","feat_desc":"Lake Water polygon","zvalue":"8.821","feat_code":"WALK40","source_row_id":"row-ddxz~m56y-md3d","shape_len":"355.2660548676508"}},{"type":"Feature","geometry":{"type":"Polygon","coordinates":[[[-61.32324213821941,45.750675688932695],[-61.32300998667916,45.75065697937198],[-61.32298465143856,45.75055849830573],[-61.32356492329742,45.750243886357424],[-61.32369322047969,45.75025296995058],[-61.32419337040394,45.75059604005469],[-61.323896233678916,45.75090130898361],[-61.32369106892434,45.75088299680834],[-61.32324213821941,45.750675688932695]]]},"properties":{"shape_area":"4191.232919995934","feat_desc":"Lake Water polygon","zvalue":"14.4","feat_code":"WALK40","source_row_id":"row-hpf8~zc8x_dd9n","shape_len":"256.6838720009528"}},{"type":"Feature","geometry":{"type":"Polygon","coordinates":[[[-61.338931155866184,45.79902165434301],[-61.33919626802635,45.798721913424636],[-61.33917061742076,45.79863243292738],[-61.33891328740136,45.79863139144472],[-61.33906910071552,45.79806480885295],[-61.339223603551645,45.79797524746961],[-61.33962244633576,45.798020648885256],[-61.339737916900674,45.79807543085061],[-61.33940126086464,45.799055226163915],[-61.339143418136985,45.799028071035835],[-61.33895029124084,45.79911797073602],[-61.338931155866184,45.79902165434301]]]},"properties":{"shape_area":"4866.860348432137","feat_desc":"Lake Water polygon","zvalue":"25.2","feat_code":"WALK40","source_row_id":"row-7wig~wtf2-ph6r","shape_len":"364.20179650518656"}},{"type":"Feature","geometry":{"type":"Polygon","coordinates":[[[-61.36712679276359,45.78672782518368],[-61.36725465631297,45.78675485956021],[-61.3674993994247,45.787096782265316],[-61.36734395454241,45.78717736777402],[-61.36744759416629,45.78724095438474],[-61.367407611258564,45.78742039847322],[-61.36720169412266,45.7875551671465],[-61.36702233400991,45.78757330501074],[-61.36675145193437,45.787465018762404],[-61.36656020003156,45.78718596925031],[-61.36670164714239,45.78688016524011],[-61.36712679276359,45.78672782518368]]]},"properties":{"shape_area":"5040.6029147914205","feat_desc":"Lake Water polygon","zvalue":"269.8","feat_code":"WALK40","source_row_id":"row-afxb~dxyf-9c5i","shape_len":"275.4847588360653"}},{"type":"Feature","geometry":{"type":"Polygon","coordinates":[[[-61.224474938069456,45.79477870465628],[-61.22414888203207,45.79477470701631],[-61.224092190061555,45.794622009397074],[-61.224492017793445,45.79458169097433],[-61.22474151500558,45.79425425004034],[-61.224859899938224,45.79423050066911],[-61.22533088427682,45.79480153824194],[-61.22527085316142,45.79520087035608],[-61.225097107805446,45.79525592873233],[-61.224846814260445,45.794974329070406],[-61.224474938069456,45.79477870465628]]]},"properties":{"shape_area":"5178.363710667177","feat_desc":"Lake Water polygon","zvalue":"28.406","feat_code":"WALK40","source_row_id":"row-kq7x~gfhy.2hvg","shape_len":"337.4179606942755"}},{"type":"Feature","geometry":{"type":"Polygon","coordinates":[[[-61.24062567285541,45.766498591884606],[-61.240407022617354,45.766417816706934],[-61.240228794333525,45.76623685467454],[-61.24051259664611,45.76584158124176],[-61.24093694489615,45.765842725681466],[-61.24139982080102,45.76605057156889],[-61.24139748181312,45.766329561041246],[-61.2412173322267,45.766455498998845],[-61.24062567285541,45.766498591884606]]]},"properties":{"shape_area":"5475.661372002921","feat_desc":"Lake Water polygon","zvalue":"70.3","feat_code":"WALK40","source_row_id":"row-d5r7-imtg_y7hy","shape_len":"269.9717824152721"}},{"type":"Feature","geometry":{"type":"Polygon","coordinates":[[[-61.50015200573912,45.872681403545066],[-61.50068013857118,45.87273513912787],[-61.50074512017158,45.87290610391461],[-61.50062881827553,45.873014385358374],[-61.50071926548788,45.873148781760925],[-61.5006549081203,45.87333785054931],[-61.500396883540425,45.87330206168157],[-61.49990831608375,45.87287891821749],[-61.49997170696614,45.87272583968634],[-61.50015200573912,45.872681403545066]]]},"properties":{"shape_area":"3138.9846242057715","feat_desc":"Lake Water polygon","zvalue":"2.3","feat_code":"WALK40","source_row_id":"row-g6bi-a2hx-revv","shape_len":"235.78396915869405"}},{"type":"Feature","geometry":{"type":"Polygon","coordinates":[[[-61.251360154786724,45.897398801828864],[-61.25198002614743,45.89751460388486],[-61.25212803097426,45.89763481275425],[-61.25211092463544,45.89772723053169],[-61.251516369714224,45.89777644723626],[-61.25094451278666,45.89765866861297],[-61.25101338205189,45.89741506782466],[-61.251360154786724,45.897398801828864]]]},"properties":{"shape_area":"3016.599314477844","feat_desc":"Lake Water polygon","zvalue":"55.996","feat_code":"WALK40","source_row_id":"row-r99h_6vpu-psmw","shape_len":"228.25335873098132"}},{"type":"Feature","geometry":{"type":"Polygon","coordinates":[[[-61.480676372798456,45.90722222891699],[-61.48103804653762,45.90715053300945],[-61.48120484580196,45.90694393688633],[-61.48111478648983,45.90688963616313],[-61.48102528050795,45.907051356823196],[-61.48087057067072,45.9070510999263],[-61.48027753994827,45.9069073042066],[-61.480431889429134,45.90663753948175],[-61.480458527220165,45.906322873187655],[-61.4805356902954,45.90637700292096],[-61.480484081584905,45.906520325947135],[-61.48074167491044,45.90671906441148],[-61.48062583916661,45.906853432870975],[-61.480857780409444,45.90695282345598],[-61.480960506548925,45.906826380990026],[-61.48115390534228,45.90682625205021],[-61.48138596724035,45.90663762436244],[-61.48170830394723,45.906637408152264],[-61.48201795614502,45.906439909624204],[-61.48193986996808,45.90665578626672],[-61.48143699444521,45.90679941313074],[-61.48125710131895,45.90724975144878],[-61.48072774231444,45.90727691555608],[-61.480676372798456,45.90722222891699]]]},"properties":{"shape_area":"3589.7517949663174","feat_desc":"Lake Water polygon","zvalue":"3.1","feat_code":"WALK40","source_row_id":"row-kk4j.x4kk-z42q","shape_len":"616.7627657411633"}},{"type":"Feature","geometry":{"type":"Polygon","coordinates":[[[-61.50135025096548,45.856242144472446],[-61.50109214082758,45.856116349297395],[-61.50051353980305,45.85612495757282],[-61.50061570245444,45.85591838320756],[-61.500861018593355,45.85594500431763],[-61.50071893433564,45.855719923371026],[-61.50113089045473,45.855728929248386],[-61.50132451736635,45.855665764650944],[-61.50144002686669,45.85572938443987],[-61.50149218554992,45.85623320550268],[-61.50135025096548,45.856242144472446]]]},"properties":{"shape_area":"3359.639216526214","feat_desc":"Lake Water polygon","zvalue":"3.5","feat_code":"WALK40","source_row_id":"row-2c9q~huh7_97pw","shape_len":"283.1268194045593"}},{"type":"Feature","geometry":{"type":"Polygon","coordinates":[[[-61.22333745658116,45.812232234248526],[-61.22306761113158,45.81217763255222],[-61.22312254879079,45.81158353699176],[-61.22320148772018,45.81136783761079],[-61.22340755383797,45.8112423409265],[-61.22345789225191,45.811440240477765],[-61.223573689926226,45.811441141319584],[-61.22366094270276,45.811935739824314],[-61.22333745658116,45.812232234248526]]]},"properties":{"shape_area":"3265.380645996774","feat_desc":"Lake Water polygon","zvalue":"78.4","feat_code":"WALK40","source_row_id":"row-83r5.4crs.zb96","shape_len":"271.4652158729111"}},{"type":"Feature","geometry":{"type":"Polygon","coordinates":[[[-61.33314475944947,45.75476839076999],[-61.332727254797426,45.75448372180034],[-61.33285124869852,45.75443044654402],[-61.333002034020524,45.754505103886736],[-61.33328711180871,45.754241389440246],[-61.333385312984,45.75401331108608],[-61.333514235447474,45.75398873595403],[-61.333596112605235,45.75407174171349],[-61.333262258282716,45.75451448274448],[-61.33343475720831,45.75469745818529],[-61.333883141668494,45.75484571380352],[-61.33406398499054,45.75498837017963],[-61.33387972889411,45.75507479088154],[-61.33314475944947,45.75476839076999]]]},"properties":{"shape_area":"3332.8758314121483","feat_desc":"Lake Water polygon","zvalue":"19.77","feat_code":"WALK40","source_row_id":"row-75wu_dbs3.97ce","shape_len":"399.8601437880194"}},{"type":"Feature","geometry":{"type":"Polygon","coordinates":[[[-61.49042303966993,45.89292617169082],[-61.49079710086651,45.89358275752506],[-61.49064201004689,45.89364551304469],[-61.49078473804054,45.89375360572163],[-61.49061649315748,45.89382608810507],[-61.49014014983257,45.893709086453526],[-61.49002452554323,45.89345734149671],[-61.49042303966993,45.89292617169082]]]},"properties":{"shape_area":"3373.8734763017424","feat_desc":"Lake Water polygon","zvalue":"0.6","feat_code":"WALK40","source_row_id":"row-izey_ydjp_pbwx","shape_len":"271.78337100274626"}},{"type":"Feature","geometry":{"type":"Polygon","coordinates":[[[-61.315121733638875,45.77326616262835],[-61.31391507501316,45.772589498677746],[-61.314479502837585,45.77272474015059],[-61.31522417312638,45.77306785578253],[-61.31557244766703,45.773077492545845],[-61.31527484355304,45.773392632043915],[-61.31522211364619,45.77390490004766],[-61.31529893461621,45.77413015306231],[-61.31510634961684,45.77390499268137],[-61.315121733638875,45.77326616262835]]]},"properties":{"shape_area":"3314.7514999847094","feat_desc":"River Water Area polygon","zvalue":"11.3","feat_code":"WARV40","source_row_id":"row-uqzt_ysxm.wcev","shape_len":"497.44487965095936"}},{"type":"Feature","geometry":{"type":"Polygon","coordinates":[[[-61.34754489753832,45.85990754922117],[-61.34786646839687,45.86020652231361],[-61.347807507592385,45.86071825789463],[-61.34771660064575,45.86076464665855],[-61.34704748661836,45.8604518243064],[-61.34729065539876,45.85997533666209],[-61.34754489753832,45.85990754922117]]]},"properties":{"shape_area":"4029.275099999409","feat_desc":"Lake Water polygon","zvalue":"262.73","feat_code":"WALK40","source_row_id":"row-nkqx_xp8y.5aii","shape_len":"259.882071890428"}},{"type":"Feature","geometry":{"type":"Polygon","coordinates":[[[-61.21425814503481,45.75616058511735],[-61.21366661237659,45.75604152513502],[-61.21362977232963,45.75582582888897],[-61.214182916732405,45.755818277112624],[-61.214388044919616,45.755917793091335],[-61.21439944887252,45.75604398313113],[-61.21425814503481,45.75616058511735]]]},"properties":{"shape_area":"1894.7100331061815","feat_desc":"Lake Water polygon","zvalue":"211.2","feat_code":"WALK40","source_row_id":"row-qnkv~9zbm.jf7u","shape_len":"169.02305060111684"}},{"type":"Feature","geometry":{"type":"Polygon","coordinates":[[[-61.39459859783216,45.82111034874086],[-61.39468764622713,45.82128171383101],[-61.39471278294017,45.82206422990188],[-61.39446770488219,45.82181236572464],[-61.39430196576811,45.82144280668802],[-61.39434085533345,45.82125433812368],[-61.39459859783216,45.82111034874086]]]},"properties":{"shape_area":"2045.5201448762134","feat_desc":"Lake Water polygon","zvalue":"248.8","feat_code":"WALK40","source_row_id":"row-p3jn-8gnv-qqtp","shape_len":"234.21934288054032"}},{"type":"Feature","geometry":{"type":"Polygon","coordinates":[[[-61.33538032265361,45.888489740977136],[-61.335715040289614,45.88858912433846],[-61.33621672265261,45.88896725790353],[-61.33607311943517,45.88920098298454],[-61.3359573841876,45.889192096734824],[-61.335636843215845,45.88887690544852],[-61.33538032265361,45.888489740977136]]]},"properties":{"shape_area":"2057.185000016251","feat_desc":"Lake Water polygon","zvalue":"159.4","feat_code":"WALK40","source_row_id":"row-2b9b-fem6_agph","shape_len":"217.53841066513905"}},{"type":"Feature","geometry":{"type":"Polygon","coordinates":[[[-61.460298987723334,45.87186502518084],[-61.46059447253322,45.871756499128445],[-61.46110944653484,45.87186514436641],[-61.46126473522856,45.87174752750507],[-61.4614194390729,45.871837817376125],[-61.461341729423566,45.871945678553644],[-61.46109749606806,45.87201799429332],[-61.460568824599946,45.87189206321415],[-61.460105013855284,45.87217023269896],[-61.45989885601998,45.87217015389611],[-61.460298987723334,45.87186502518084]]]},"properties":{"shape_area":"2054.3244500245414","feat_desc":"River Water Area polygon","zvalue":"44.0","feat_code":"WARV40","source_row_id":"row-gt8n~ki7e~2uxc","shape_len":"293.03380926037164"}},{"type":"Feature","geometry":{"type":"Polygon","coordinates":[[[-61.3644882909784,45.82980725299023],[-61.36488753630226,45.82962755361239],[-61.3650811892447,45.829609623682074],[-61.36531233720568,45.829718239990754],[-61.365182613886944,45.830015207316535],[-61.364989188404486,45.83011324703315],[-61.364487934694345,45.829951259326286],[-61.3644882909784,45.82980725299023]]]},"properties":{"shape_area":"2469.9019807496816","feat_desc":"Lake Water polygon","zvalue":"208.0","feat_code":"WALK40","source_row_id":"row-326c.bpwb-hn2j","shape_len":"191.53630988447284"}},{"type":"Feature","geometry":{"type":"Polygon","coordinates":[[[-61.221842671373224,45.80906464900936],[-61.221733397323256,45.809869776250814],[-61.22132699725983,45.80990320508961],[-61.22136777319403,45.809507806482074],[-61.22166950835343,45.80914683945042],[-61.221842671373224,45.80906464900936]]]},"properties":{"shape_area":"2440.5718385112673","feat_desc":"Lake Water polygon","zvalue":"28.729","feat_code":"WALK40","source_row_id":"row-948u_qac2~3xhj","shape_len":"235.7172111583983"}},{"type":"Feature","geometry":{"type":"Polygon","coordinates":[[[-61.29858876451927,45.74868872237138],[-61.29809856505806,45.74847656034608],[-61.298093789153704,45.74839260134889],[-61.298613856228606,45.748578025754696],[-61.29882119558633,45.74852845905889],[-61.29892435590449,45.74839561289146],[-61.29872711108519,45.74819762698666],[-61.29824059730344,45.748147715608596],[-61.29823874123717,45.74807343101516],[-61.29853257170929,45.7480544961583],[-61.29893358776611,45.748163708699224],[-61.29912902389074,45.74843394406596],[-61.29893939556128,45.748649570567906],[-61.29858876451927,45.74868872237138]]]},"properties":{"shape_area":"2122.4507999878756","feat_desc":"Lake Water polygon","zvalue":"5.53","feat_code":"WALK40","source_row_id":"row-3z66_38se_tqwi","shape_len":"360.98138925053365"}},{"type":"Feature","geometry":{"type":"Polygon","coordinates":[[[-61.21027902797452,45.80449743798124],[-61.2110408050963,45.80397740763787],[-61.211272268581865,45.804023354142004],[-61.21125892503209,45.8042391637047],[-61.21112893232368,45.80431993507109],[-61.21078219926719,45.80433700631648],[-61.21039393351972,45.80468645434287],[-61.21027902797452,45.80449743798124]]]},"properties":{"shape_area":"2137.288214504127","feat_desc":"Lake Water polygon","zvalue":"17.4","feat_code":"WALK40","source_row_id":"row-nvzh~9dbm_iycf","shape_len":"245.21453211879435"}},{"type":"Feature","geometry":{"type":"Polygon","coordinates":[[[-61.26087840717903,45.8977611945977],[-61.26088975212478,45.89805838810927],[-61.260579923415875,45.89823728391027],[-61.260309404183175,45.89827277641869],[-61.26020729771292,45.89807499871436],[-61.26025864027849,45.897957881359176],[-61.260530259692445,45.89780539752595],[-61.26087840717903,45.8977611945977]]]},"properties":{"shape_area":"2197.7042215119855","feat_desc":"Lake Water polygon","zvalue":"92.2","feat_code":"WALK40","source_row_id":"row-7rwk~y2er-g537","shape_len":"179.865716087651"}},{"type":"Feature","geometry":{"type":"Polygon","coordinates":[[[-61.498967251290054,45.874570377771654],[-61.498786525889436,45.8745347007951],[-61.498889533870916,45.8743461409417],[-61.49932831159867,45.87427359984631],[-61.49941808846634,45.87433688344557],[-61.49947002180345,45.874561681325716],[-61.49935402181198,45.87484997806268],[-61.499018444105,45.87467905795933],[-61.498967251290054,45.874570377771654]]]},"properties":{"shape_area":"2088.664989298684","feat_desc":"Lake Water polygon","zvalue":"2.3","feat_code":"WALK40","source_row_id":"row-d3x3.u99r_2aq6","shape_len":"198.3682048341944"}},{"type":"Feature","geometry":{"type":"Polygon","coordinates":[[[-61.48173486779757,45.904244504403586],[-61.48159268689032,45.904352422071284],[-61.48150293865582,45.90433412812745],[-61.481799451955595,45.90414545608675],[-61.4821863413593,45.9036681649096],[-61.48258542070451,45.90345295153657],[-61.48262398849176,45.90355157293077],[-61.481941020739136,45.90415453771473],[-61.481915003937054,45.90435220502667],[-61.48160619521404,45.904802631142516],[-61.481540625857505,45.90474865620808],[-61.48178626022453,45.90429829083981],[-61.48173486779757,45.904244504403586]]]},"properties":{"shape_area":"2261.2001501312043","feat_desc":"River Water Area polygon","zvalue":"9999.0","feat_code":"WARV40","source_row_id":"row-ugw4-r47r~b5k5","shape_len":"409.1269161204452"}},{"type":"Feature","geometry":{"type":"Polygon","coordinates":[[[-61.3107068119186,45.768516125194466],[-61.31083477218927,45.768452491652475],[-61.311011506168185,45.76853269205554],[-61.31131555936242,45.767939893745506],[-61.31058914763648,45.76750197374501],[-61.3107093843662,45.76745127727875],[-61.311387875240726,45.767870486479985],[-61.311487800575975,45.76805387004702],[-61.31141978274447,45.768253582642735],[-61.31121286470943,45.76835529303102],[-61.31097880878583,45.76865722982358],[-61.31081088705552,45.7686812990635],[-61.3107068119186,45.768516125194466]]]},"properties":{"shape_area":"2290.3202999640835","feat_desc":"Lake Water polygon","zvalue":"5.0","feat_code":"WALK40","source_row_id":"row-r9c5~cdxv_gups","shape_len":"399.2946148660583"}},{"type":"Feature","geometry":{"type":"Polygon","coordinates":[[[-61.31815353109859,45.773444324630006],[-61.31802769514011,45.77308216963895],[-61.31773229127866,45.772811395665876],[-61.31746246899218,45.77280202103447],[-61.316948563921905,45.77295376430071],[-61.31595862020487,45.77285366610282],[-61.316871033448734,45.772837411624025],[-61.3172575648017,45.77272969643631],[-61.317809861683216,45.772712629147165],[-61.318220082476856,45.77310030374371],[-61.318308853164915,45.77344184104331],[-61.31845053325674,45.77347812989251],[-61.31815353109859,45.773444324630006]]]},"properties":{"shape_area":"2709.1634494863238","feat_desc":"River Water Area polygon","zvalue":"11.3","feat_code":"WARV40","source_row_id":"row-eh7p~wnmw.w3zn","shape_len":"505.08205054296513"}},{"type":"Feature","geometry":{"type":"Polygon","coordinates":[[[-61.32505834656539,45.749445819194975],[-61.32542969014847,45.74979689598718],[-61.325776565788836,45.74997749712658],[-61.3256979053728,45.75015726092549],[-61.325441250241845,45.75018410138554],[-61.32523557581667,45.750354802046054],[-61.325056028323154,45.75021085623329],[-61.32506834205623,45.750057122516004],[-61.325197271830376,45.749959103754186],[-61.3251603067554,45.7497335408552],[-61.32499361253501,45.749589783393496],[-61.32505834656539,45.749445819194975]]]},"properties":{"shape_area":"2875.8334999941026","feat_desc":"Lake Water polygon","zvalue":"14.0","feat_code":"WALK40","source_row_id":"row-r9b7.aiaj_qh9e","shape_len":"273.45505328215444"}},{"type":"Feature","geometry":{"type":"Polygon","coordinates":[[[-61.49332237983185,45.899296367827844],[-61.493528296487135,45.899404390197375],[-61.49361805086572,45.89975569686615],[-61.49321837188775,45.89956681418149],[-61.49332237983185,45.899296367827844]]]},"properties":{"shape_area":"1059.4326622451124","feat_desc":"Lake Water polygon","zvalue":"1.8","feat_code":"WALK40","source_row_id":"row-7899-bgs7-539z","shape_len":"134.61840554793966"}},{"type":"Feature","geometry":{"type":"Polygon","coordinates":[[[-61.26341005434226,45.88415417869249],[-61.2636423464409,45.88415286730292],[-61.26373260668448,45.88402733001504],[-61.26387525567653,45.88408170177605],[-61.26380924398972,45.88429761420447],[-61.26361575958886,45.88446838599196],[-61.26342270438166,45.88437724507806],[-61.26341005434226,45.88415417869249]]]},"properties":{"shape_area":"1153.899278005416","feat_desc":"Lake Water polygon","zvalue":"23.1","feat_code":"WALK40","source_row_id":"row-qety.ebhm_ig9w","shape_len":"145.29764823519415"}},{"type":"Feature","geometry":{"type":"Polygon","coordinates":[[[-61.49260382725488,45.87816866168867],[-61.49262680895817,45.87836238841493],[-61.492007568901684,45.87843081174318],[-61.49196438715698,45.87828362152247],[-61.49260382725488,45.87816866168867]]]},"properties":{"shape_area":"1127.3560499866119","feat_desc":"Lake Water polygon","zvalue":"6.12","feat_code":"WALK40","source_row_id":"row-hn4u~zukk-9gqb","shape_len":"141.39323587553642"}},{"type":"Feature","geometry":{"type":"Polygon","coordinates":[[[-61.483165937356844,45.90315554020542],[-61.48323076274708,45.90304749367433],[-61.483913636221814,45.90277843915454],[-61.48382334642904,45.90292215051769],[-61.48334622991304,45.90321013717106],[-61.483165937356844,45.90315554020542]]]},"properties":{"shape_area":"1042.4312001240128","feat_desc":"River Water Area polygon","zvalue":"9999.0","feat_code":"WARV40","source_row_id":"row-2mxz_znza.bkek","shape_len":"159.94801427305723"}},{"type":"Feature","geometry":{"type":"Polygon","coordinates":[[[-61.30630370969477,45.92026026016935],[-61.30647153289781,45.92029695030384],[-61.30656106743599,45.92057549571672],[-61.306469992414414,45.92072895584846],[-61.306366841364216,45.92072832677883],[-61.306186613348736,45.92054834317938],[-61.30630370969477,45.92026026016935]]]},"properties":{"shape_area":"1053.8105000022313","feat_desc":"Lake Water polygon","zvalue":"237.1","feat_code":"WALK40","source_row_id":"row-uhf5~cezi.es9u","shape_len":"131.6479554332486"}},{"type":"Feature","geometry":{"type":"Polygon","coordinates":[[[-61.469798879572394,45.81208500899882],[-61.4696950757152,45.812021513466775],[-61.469926718816964,45.811787897156584],[-61.4702875649126,45.81195924321842],[-61.47014639577364,45.812085163107696],[-61.469798879572394,45.81208500899882]]]},"properties":{"shape_area":"1039.5929999880102","feat_desc":"Lake Water polygon","zvalue":"26.2","feat_code":"WALK40","source_row_id":"row-xfxg-snbx_dqhn","shape_len":"139.53915092013884"}},{"type":"Feature","geometry":{"type":"Polygon","coordinates":[[[-61.29993461882905,45.83804461108956],[-61.30002477048975,45.838171053612946],[-61.299803825879074,45.83857550658265],[-61.299675975299245,45.838503398097274],[-61.29962506997159,45.838314525521774],[-61.29968971715696,45.838179577049296],[-61.29993461882905,45.83804461108956]]]},"properties":{"shape_area":"1108.152103502146","feat_desc":"Lake Water polygon","zvalue":"81.5","feat_code":"WALK40","source_row_id":"row-cgxw.w58m-r3u3","shape_len":"145.59919551635568"}},{"type":"Feature","geometry":{"type":"Polygon","coordinates":[[[-61.222832946093035,45.81279773435587],[-61.223040725733874,45.81253724464667],[-61.223259504605124,45.8124569408034],[-61.2235164954231,45.81267335576687],[-61.223386641960246,45.812790146181186],[-61.223013556527796,45.81282484623874],[-61.222832946093035,45.81279773435587]]]},"properties":{"shape_area":"1388.3516080211941","feat_desc":"Lake Water polygon","zvalue":"77.2","feat_code":"WALK40","source_row_id":"row-e7n5-7can.udpy","shape_len":"148.34590919153197"}},{"type":"Feature","geometry":{"type":"Polygon","coordinates":[[[-61.33443946900717,45.80207204368485],[-61.33419515077744,45.80193616991616],[-61.33429841080228,45.80166675284715],[-61.334479111761766,45.80164868594214],[-61.334722438064546,45.80177464381407],[-61.33474773368569,45.80191902472537],[-61.33443946900717,45.80207204368485]]]},"properties":{"shape_area":"1415.5329999772162","feat_desc":"Lake Water polygon","zvalue":"28.1","feat_code":"WALK40","source_row_id":"row-wiqe~rmbe.eg6m","shape_len":"145.23414065744754"}},{"type":"Feature","geometry":{"type":"Polygon","coordinates":[[[-61.33838044089866,45.800322985635695],[-61.338110723919556,45.800348764448195],[-61.338021268469205,45.80024125397722],[-61.33844647774019,45.79996302018369],[-61.3386505028908,45.80024230656187],[-61.338624789362115,45.80045795084447],[-61.33838044089866,45.800322985635695]]]},"properties":{"shape_area":"1415.2598078335454","feat_desc":"Lake Water polygon","zvalue":"25.2","feat_code":"WALK40","source_row_id":"row-2ws5_z3dp.krt2","shape_len":"168.02645741086172"}},{"type":"Feature","geometry":{"type":"Polygon","coordinates":[[[-61.33240551185345,45.755287749373],[-61.33208469211025,45.75500763986035],[-61.332137016457,45.754891393138806],[-61.332291325596564,45.754890945958806],[-61.332379600849784,45.755035347927894],[-61.33252210327204,45.7549996248358],[-61.33244372491561,45.755170396417604],[-61.332765602505916,45.75502658140295],[-61.33276573979654,45.75489247107924],[-61.33295930094043,45.754955601710314],[-61.33297153517526,45.75506289010631],[-61.332791569932695,45.755233979448455],[-61.33240551185345,45.755287749373]]]},"properties":{"shape_area":"1572.5290000183923","feat_desc":"Lake Water polygon","zvalue":"21.7","feat_code":"WALK40","source_row_id":"row-tf5c_vc7h-2aeh","shape_len":"254.9232569536165"}},{"type":"Feature","geometry":{"type":"Polygon","coordinates":[[[-61.46705638021714,45.83484047282696],[-61.4671691247377,45.83442975380964],[-61.46730411996678,45.834338767889726],[-61.467447066662075,45.834492797413674],[-61.467254224175775,45.83478660310668],[-61.46762157041258,45.83491853101087],[-61.467267978694515,45.834960951100136],[-61.46705638021714,45.83484047282696]]]},"properties":{"shape_area":"1412.4005499990205","feat_desc":"Lake Water polygon","zvalue":"51.0","feat_code":"WALK40","source_row_id":"row-uzvt.sj6p~gmbz","shape_len":"208.1612619017648"}},{"type":"Feature","geometry":{"type":"Polygon","coordinates":[[[-61.482495565902184,45.903911688332656],[-61.48258615623709,45.90342595952851],[-61.48279126116667,45.90332697678429],[-61.48290809660149,45.903344729350295],[-61.48288269285282,45.903425397346865],[-61.48311364374606,45.90356077263156],[-61.48303698010437,45.90367765799517],[-61.48281818159825,45.903758462647495],[-61.48257235704993,45.90369579401775],[-61.482495565902184,45.903911688332656]]]},"properties":{"shape_area":"1469.1048771010067","feat_desc":"Lake Water polygon","zvalue":"2.4","feat_code":"WALK40","source_row_id":"row-b9ki-xqxw_6cyr","shape_len":"211.38680029293891"}},{"type":"Feature","geometry":{"type":"Polygon","coordinates":[[[-61.214823941547884,45.80648842288627],[-61.21491285016942,45.8066059312646],[-61.21474451065222,45.806920118388426],[-61.214628956063706,45.80691110269016],[-61.214294705615394,45.806658365693124],[-61.214823941547884,45.80648842288627]]]},"properties":{"shape_area":"1394.9174994956493","feat_desc":"Lake Water polygon","zvalue":"40.4","feat_code":"WALK40","source_row_id":"row-599f-smeu-3acz","shape_len":"149.33947390278482"}},{"type":"Feature","geometry":{"type":"Polygon","coordinates":[[[-61.322870507062184,45.750866631119],[-61.32325514338111,45.75098838881473],[-61.32330011553296,45.751294087239934],[-61.32301576439261,45.75134823825752],[-61.322816185271726,45.751280771957454],[-61.322870507062184,45.750866631119]]]},"properties":{"shape_area":"1479.519249988797","feat_desc":"Lake Water polygon","zvalue":"13.17","feat_code":"WALK40","source_row_id":"row-xxd6_vefq.ch2q","shape_len":"156.56368215523875"}},{"type":"Feature","geometry":{"type":"Polygon","coordinates":[[[-61.283120777047245,45.8516101227452],[-61.28331386429134,45.85178133755287],[-61.283016797879796,45.85193348498894],[-61.28273118939846,45.85238281776617],[-61.282525378140534,45.85237343216391],[-61.282707671505484,45.85205934834146],[-61.28295304923536,45.85187042202028],[-61.28295371491524,45.85168141745854],[-61.283120777047245,45.8516101227452]]]},"properties":{"shape_area":"1578.203492990784","feat_desc":"Lake Water polygon","zvalue":"96.5","feat_code":"WALK40","source_row_id":"row-76x9-zh8r~tu8n","shape_len":"232.5994175279"}},{"type":"Feature","geometry":{"type":"Polygon","coordinates":[[[-61.28533319865961,45.84906735378857],[-61.28557704498382,45.8492213253349],[-61.28560204936533,45.849329717961616],[-61.285395700169204,45.84946432259428],[-61.285176208753164,45.849481729513],[-61.28503445544792,45.84940039536409],[-61.285035571487285,45.84923839957376],[-61.28533319865961,45.84906735378857]]]},"properties":{"shape_area":"1519.6185964955057","feat_desc":"Lake Water polygon","zvalue":"84.5","feat_code":"WALK40","source_row_id":"row-s5p9-34uh-8s7f","shape_len":"141.79490134774449"}},{"type":"Feature","geometry":{"type":"Polygon","coordinates":[[[-61.33365682973291,45.753768669506826],[-61.33393898088332,45.753922199045846],[-61.33445242599017,45.75399449292086],[-61.33452967389893,45.7541207307938],[-61.333848024009626,45.75408378731893],[-61.33352840803645,45.753849603595896],[-61.33365682973291,45.753768669506826]]]},"properties":{"shape_area":"1434.1879192850174","feat_desc":"Lake Water polygon","zvalue":"21.7","feat_code":"WALK40","source_row_id":"row-efh8-qedm_hap5","shape_len":"194.28639730926977"}},{"type":"Feature","geometry":{"type":"Polygon","coordinates":[[[-61.33903317041464,45.77017085567502],[-61.33877652919124,45.77010771824584],[-61.338648652106876,45.76990964087494],[-61.33884230546833,45.76971173933046],[-61.338893388165964,45.76981059097687],[-61.33918934721216,45.76989230143236],[-61.33921398521535,45.770188786134575],[-61.33943229977886,45.77024326468595],[-61.33918761262145,45.77029731242234],[-61.33903317041464,45.77017085567502]]]},"properties":{"shape_area":"1593.1440085955676","feat_desc":"Lake Water polygon","zvalue":"25.9","feat_code":"WALK40","source_row_id":"row-3zn5~h5pi.fkcc","shape_len":"208.38040369812663"}},{"type":"Feature","geometry":{"type":"Polygon","coordinates":[[[-61.22766879914257,45.80598952762836],[-61.22831831483237,45.80600278093108],[-61.228393260016674,45.806046471951326],[-61.22828020523787,45.80613190888184],[-61.22786456382232,45.806214226823045],[-61.22750414902558,45.80608670939616],[-61.22766879914257,45.80598952762836]]]},"properties":{"shape_area":"1374.977025368289","feat_desc":"Lake Water polygon","zvalue":"65.095","feat_code":"WALK40","source_row_id":"row-xzwp_arv6-2aqg","shape_len":"156.9593115845791"}},{"type":"Feature","geometry":{"type":"Polygon","coordinates":[[[-61.33756558930546,45.80698942075728],[-61.33799301749582,45.80700185097311],[-61.338327594082756,45.807120127893825],[-61.33766171281967,45.80727974374487],[-61.33756558930546,45.80698942075728]]]},"properties":{"shape_area":"1173.8156999954845","feat_desc":"Lake Water polygon","zvalue":"31.85","feat_code":"WALK40","source_row_id":"row-9ukx_r28h_jdre","shape_len":"157.10423247911774"}},{"type":"Feature","geometry":{"type":"Polygon","coordinates":[[[-61.25313299114367,45.89498244147485],[-61.25332538246623,45.89505467913017],[-61.25342744404647,45.89525335348781],[-61.253066018231785,45.895351334465374],[-61.25287376200247,45.89523408626572],[-61.25288748397414,45.895125388434394],[-61.25313299114367,45.89498244147485]]]},"properties":{"shape_area":"1250.444048014129","feat_desc":"Lake Water polygon","zvalue":"58.0","feat_code":"WALK40","source_row_id":"row-w4iz~qdph~gygz","shape_len":"130.0787951902229"}},{"type":"Feature","geometry":{"type":"Polygon","coordinates":[[[-61.22684820870631,45.81281603043702],[-61.22718284147989,45.81281672409364],[-61.22702567355642,45.81318601597659],[-61.22726950610562,45.813411218970806],[-61.22725680157389,45.813528031633815],[-61.227089324457125,45.81349212955698],[-61.22685894426922,45.813248233413105],[-61.2267694233379,45.81298672187886],[-61.22684820870631,45.81281603043702]]]},"properties":{"shape_area":"1367.2933684957684","feat_desc":"Lake Water polygon","zvalue":"84.3","feat_code":"WALK40","source_row_id":"row-epus.fvwq.m3gc","shape_len":"219.204593934711"}},{"type":"Feature","geometry":{"type":"Polygon","coordinates":[[[-61.22669587357636,45.79932781670942],[-61.22687531380534,45.79939090751299],[-61.226796131873705,45.799858618771154],[-61.226524773345155,45.799894009362326],[-61.226256267521315,45.79975842886678],[-61.22626884147856,45.79968661791279],[-61.226579208868166,45.79951682193216],[-61.22669587357636,45.79932781670942]]]},"properties":{"shape_area":"1815.5568144759968","feat_desc":"Lake Water polygon","zvalue":"57.9","feat_code":"WALK40","source_row_id":"row-zndv_ywv3.ff2s","shape_len":"180.84784306574608"}},{"type":"Feature","geometry":{"type":"Polygon","coordinates":[[[-61.29856180506432,45.752625737175144],[-61.29815409116941,45.75256241790171],[-61.29801789635741,45.75236057006223],[-61.298088984626425,45.752119956869414],[-61.29834557043514,45.75198192653542],[-61.29859857541267,45.75205050147155],[-61.2982131328759,45.752155559740984],[-61.29824393568118,45.75248301900673],[-61.298351514519844,45.75250541366035],[-61.29871520991981,45.752312182867286],[-61.29885518833738,45.752347300753236],[-61.29856180506432,45.752625737175144]]]},"properties":{"shape_area":"1827.7307000082435","feat_desc":"Lake Water polygon","zvalue":"5.84","feat_code":"WALK40","source_row_id":"row-3m8b_pvw2_fduy","shape_len":"308.9761358394436"}},{"type":"Feature","geometry":{"type":"Polygon","coordinates":[[[-61.49719547908127,45.880993965383674],[-61.49762687656099,45.88098640829209],[-61.49743369798843,45.88150770404272],[-61.49722815659796,45.88143569578234],[-61.497086075509216,45.881256514513],[-61.49719547908127,45.880993965383674]]]},"properties":{"shape_area":"1826.8543439416471","feat_desc":"Lake Water polygon","zvalue":"1.6","feat_code":"WALK40","source_row_id":"row-twt8-q6sz-ceiq","shape_len":"168.19908640080538"}},{"type":"Feature","geometry":{"type":"Polygon","coordinates":[[[-61.29255905773416,45.92092962347417],[-61.292121732310676,45.92064046794859],[-61.29254635748754,45.920587411130505],[-61.29277913995975,45.920650293897324],[-61.29290644611015,45.920830407981406],[-61.2928420606804,45.920911351276935],[-61.29255905773416,45.92092962347417]]]},"properties":{"shape_area":"1651.5229545318116","feat_desc":"Lake Water polygon","zvalue":"237.4","feat_code":"WALK40","source_row_id":"row-p9fp.hz5c.78n6","shape_len":"161.05767294898385"}},{"type":"Feature","geometry":{"type":"Polygon","coordinates":[[[-61.32923352472433,45.762606769106505],[-61.32954224661317,45.76251767586886],[-61.33040311514193,45.76267157503598],[-61.329709174633976,45.76269833312029],[-61.32943796703365,45.76282307865135],[-61.32916911159291,45.76269673516576],[-61.32923352472433,45.762606769106505]]]},"properties":{"shape_area":"1663.3760000334316","feat_desc":"Lake Water polygon","zvalue":"15.6","feat_code":"WALK40","source_row_id":"row-nh9e.aevk_647q","shape_len":"217.81512613111633"}},{"type":"Feature","geometry":{"type":"Polygon","coordinates":[[[-61.25365518103624,45.893499010769744],[-61.25373182610226,45.893562286802506],[-61.253602161625814,45.893751118176304],[-61.25343582763016,45.89358836391453],[-61.25365518103624,45.893499010769744]]]},"properties":{"shape_area":"389.1409690056992","feat_desc":"Lake Water polygon","zvalue":"57.3","feat_code":"WALK40","source_row_id":"row-p8wp-9u63_kzcm","shape_len":"77.8005802731382"}},{"type":"Feature","geometry":{"type":"Polygon","coordinates":[[[-61.4842759126162,45.80697658188074],[-61.48462304295573,45.80708469564149],[-61.48459717658658,45.807184260659376],[-61.48423644807788,45.80710296859501],[-61.4842759126162,45.80697658188074]]]},"properties":{"shape_area":"420.8439999982146","feat_desc":"Reservoir Water polygon","zvalue":"15.8","feat_code":"WARS40","source_row_id":"row-e2zz~ebyz~wfzy","shape_len":"87.17334008435468"}},{"type":"Feature","geometry":{"type":"Polygon","coordinates":[[[-61.2153272866533,45.803069650107325],[-61.21546322356275,45.80295962429851],[-61.21575788169561,45.80304723247784],[-61.21557004207216,45.803171020072426],[-61.2153272866533,45.803069650107325]]]},"properties":{"shape_area":"455.27354499297445","feat_desc":"Lake Water polygon","zvalue":"23.486","feat_code":"WALK40","source_row_id":"row-pg7k~nccz.ye8w","shape_len":"91.22340391357415"}},{"type":"Feature","geometry":{"type":"Polygon","coordinates":[[[-61.33831555725876,45.86690751412946],[-61.338483348648936,45.866854150539204],[-61.33863751487437,45.86699860316972],[-61.338585360366686,45.867105852648386],[-61.33846940231166,45.8671059662992],[-61.33847004405971,45.86699796766269],[-61.33831555725876,45.86690751412946]]]},"properties":{"shape_area":"387.3242496453148","feat_desc":"Lake Water polygon","zvalue":"223.8","feat_code":"WALK40","source_row_id":"row-3dzc.5uwy~whj5","shape_len":"88.54447654694346"}},{"type":"Feature","geometry":{"type":"Polygon","coordinates":[[[-61.457922274851455,45.86238858782996],[-61.45805114781248,45.86243353047159],[-61.45807674269909,45.86253288313935],[-61.45787070804051,45.86262280886533],[-61.45779362040959,45.86256866438481],[-61.457922274851455,45.86238858782996]]]},"properties":{"shape_area":"398.8440000013951","feat_desc":"Lake Water polygon","zvalue":"61.5","feat_code":"WALK40","source_row_id":"row-dvej_xnft-tahz","shape_len":"76.2565334610599"}},{"type":"Feature","geometry":{"type":"Polygon","coordinates":[[[-61.22347546076409,45.81303275688029],[-61.22374612781481,45.81306125918091],[-61.22368080954433,45.81329426313098],[-61.22351419604865,45.81315036015098],[-61.22347546076409,45.81303275688029]]]},"properties":{"shape_area":"417.9400465007896","feat_desc":"Lake Water polygon","zvalue":"83.4","feat_code":"WALK40","source_row_id":"row-8wr7-hewn_qhu3","shape_len":"84.39546242940604"}},{"type":"Feature","geometry":{"type":"Polygon","coordinates":[[[-61.4913286711663,45.807747697707875],[-61.49163069310467,45.807825402879224],[-61.49161915994615,45.807914176927994],[-61.49134097232177,45.80790699310713],[-61.4913286711663,45.807747697707875]]]},"properties":{"shape_area":"398.05265287641936","feat_desc":"Lake Water polygon","zvalue":"9.4","feat_code":"WALK40","source_row_id":"row-g6rz.c6ri~xzmy","shape_len":"80.26167751629518"}},{"type":"Feature","geometry":{"type":"Polygon","coordinates":[[[-61.433188513447014,45.77121852011517],[-61.43321377404546,45.771280969361165],[-61.43284133061508,45.771353269800706],[-61.43287959781925,45.771226883624344],[-61.433188513447014,45.77121852011517]]]},"properties":{"shape_area":"385.46307463732524","feat_desc":"Lake Water polygon","zvalue":"230.4","feat_code":"WALK40","source_row_id":"row-yhru-vc6h.6i2v","shape_len":"80.54479518185263"}},{"type":"Feature","geometry":{"type":"Polygon","coordinates":[[[-61.43827442605171,45.76387871060412],[-61.438377407425435,45.76401333038143],[-61.438364647390316,45.76419406756251],[-61.43820999367367,45.76406775110606],[-61.43817260072754,45.76388721929901],[-61.43827442605171,45.76387871060412]]]},"properties":{"shape_area":"377.48752512146376","feat_desc":"Lake Water polygon","zvalue":"225.3","feat_code":"WALK40","source_row_id":"row-wpmp_5788-cr7g","shape_len":"85.58683288899753"}},{"type":"Feature","geometry":{"type":"Polygon","coordinates":[[[-61.48908865475709,45.87002624619546],[-61.48920360995016,45.87020597913322],[-61.48904873384421,45.87021563174179],[-61.48880422423774,45.87006208699564],[-61.48908865475709,45.87002624619546]]]},"properties":{"shape_area":"456.9084999987912","feat_desc":"Lake Water polygon","zvalue":"11.4","feat_code":"WALK40","source_row_id":"row-x9fh_w6t3~ezi3","shape_len":"85.63857327030406"}},{"type":"Feature","geometry":{"type":"Polygon","coordinates":[[[-61.21652894074821,45.80307763568827],[-61.21671963353329,45.80320107027138],[-61.21661053161054,45.803265504598876],[-61.21657442151211,45.803473128666035],[-61.21643593738722,45.80340535977175],[-61.21639510870774,45.8032076503419],[-61.21652894074821,45.80307763568827]]]},"properties":{"shape_area":"668.1050774910391","feat_desc":"Lake Water polygon","zvalue":"30.408","feat_code":"WALK40","source_row_id":"row-qb9g-ukgs~w77t","shape_len":"112.72146241430366"}},{"type":"Feature","geometry":{"type":"Polygon","coordinates":[[[-61.485384049325084,45.89654252682333],[-61.48542259322774,45.89664204442708],[-61.48530710012179,45.89681242478089],[-61.484920421839774,45.896668688297495],[-61.485384049325084,45.89654252682333]]]},"properties":{"shape_area":"649.2929999972442","feat_desc":"Lake Water polygon","zvalue":"0.5","feat_code":"WALK40","source_row_id":"row-5qn5_v58s_pmyk","shape_len":"109.3182466067384"}},{"type":"Feature","geometry":{"type":"Polygon","coordinates":[[[-61.258437519327096,45.86912443944112],[-61.25875879475201,45.86943986012665],[-61.258771602550866,45.869566064750366],[-61.25846301600993,45.869421850316336],[-61.25833520926289,45.869223687168244],[-61.258437519327096,45.86912443944112]]]},"properties":{"shape_area":"686.5176589852348","feat_desc":"Lake Water polygon","zvalue":"34.0","feat_code":"WALK40","source_row_id":"row-i63k_btqc~svp8","shape_len":"127.79617986510718"}},{"type":"Feature","geometry":{"type":"Polygon","coordinates":[[[-61.33170363940628,45.75329731809406],[-61.33153593624342,45.753531590404556],[-61.33127959195724,45.75350444804812],[-61.331344583068734,45.753351478809506],[-61.33170363940628,45.75329731809406]]]},"properties":{"shape_area":"647.5456697790661","feat_desc":"Lake Water polygon","zvalue":"19.3","feat_code":"WALK40","source_row_id":"row-e4i8_cfts~kmkb","shape_len":"101.86353725106903"}},{"type":"Feature","geometry":{"type":"Polygon","coordinates":[[[-61.253642407466906,45.88161256199678],[-61.2538226228276,45.88178362907398],[-61.253679945765334,45.8819362593437],[-61.2535261335462,45.881909606176265],[-61.25350045454143,45.88178320442564],[-61.2535400268394,45.881630798284874],[-61.253642407466906,45.88161256199678]]]},"properties":{"shape_area":"704.0936344985754","feat_desc":"Lake Water polygon","zvalue":"25.6","feat_code":"WALK40","source_row_id":"row-zznm-pvjf_9igi","shape_len":"99.21636657058268"}},{"type":"Feature","geometry":{"type":"Polygon","coordinates":[[[-61.49927717101533,45.87076448021455],[-61.499019076050466,45.870683684091574],[-61.49900661561556,45.870476505690746],[-61.49923852912844,45.870476852233864],[-61.49927717101533,45.87076448021455]]]},"properties":{"shape_area":"763.8141702498184","feat_desc":"Lake Water polygon","zvalue":"2.3","feat_code":"WALK40","source_row_id":"row-6jji~prf2-vdip","shape_len":"105.01582488543525"}},{"type":"Feature","geometry":{"type":"Polygon","coordinates":[[[-61.37560173729479,45.827344816529504],[-61.37534439717851,45.82756077440015],[-61.37529263163977,45.82756993896301],[-61.37527982869647,45.82743474611792],[-61.37544729274054,45.827210309705436],[-61.37560173729479,45.827344816529504]]]},"properties":{"shape_area":"556.329039876606","feat_desc":"Lake Water polygon","zvalue":"209.5","feat_code":"WALK40","source_row_id":"row-2f54-czgt_4fi9","shape_len":"102.38227617326731"}},{"type":"Feature","geometry":{"type":"Polygon","coordinates":[[[-61.21245454628723,45.87422858787711],[-61.21237698808617,45.87415627791276],[-61.21250729981787,45.87403049851621],[-61.21276470678773,45.87403993542963],[-61.21269922986423,45.874192813482956],[-61.21245454628723,45.87422858787711]]]},"properties":{"shape_area":"573.609736505156","feat_desc":"Lake Water polygon","zvalue":"21.0","feat_code":"WALK40","source_row_id":"row-ke9b_hfxy_eqgc","shape_len":"89.31322219002642"}},{"type":"Feature","geometry":{"type":"Polygon","coordinates":[[[-61.24930752223007,45.87729340052597],[-61.249577728573236,45.87742895082657],[-61.24987321909659,45.87766298605115],[-61.2494864553432,45.87754546089079],[-61.24926863208486,45.87738281113658],[-61.24930752223007,45.87729340052597]]]},"properties":{"shape_area":"608.2757690070688","feat_desc":"Lake Water polygon","zvalue":"14.0","feat_code":"WALK40","source_row_id":"row-rr4p~fump.xfs3","shape_len":"132.6697921687289"}},{"type":"Feature","geometry":{"type":"Polygon","coordinates":[[[-61.22804045544689,45.81365630058847],[-61.22816847089794,45.813800498309135],[-61.22814188914862,45.81390808604878],[-61.2278850446031,45.813970716252],[-61.22804045544689,45.81365630058847]]]},"properties":{"shape_area":"520.5141504999497","feat_desc":"Lake Water polygon","zvalue":"83.8","feat_code":"WALK40","source_row_id":"row-5t35_w4r7.jrrz","shape_len":"94.12772975004994"}},{"type":"Feature","geometry":{"type":"Polygon","coordinates":[[[-61.24169023150959,45.861655647715494],[-61.2417924197925,45.86168332255814],[-61.24179159086564,45.86179132702082],[-61.24165022202837,45.86194395386183],[-61.241544678977185,45.86234823310534],[-61.24148189872524,45.86188915884331],[-61.24169023150959,45.861655647715494]]]},"properties":{"shape_area":"853.914504019764","feat_desc":"Lake Water polygon","zvalue":"8.7","feat_code":"WALK40","source_row_id":"row-4f8n-bp3n~82v4","shape_len":"170.9590729398917"}},{"type":"Feature","geometry":{"type":"Polygon","coordinates":[[[-61.48767053455545,45.81170105211871],[-61.488057396881935,45.81233982409211],[-61.48804433148641,45.81239455559624],[-61.48769699244524,45.812007427083984],[-61.48760624678816,45.811746104730354],[-61.48767053455545,45.81170105211871]]]},"properties":{"shape_area":"794.3479999930394","feat_desc":"Lake Water polygon","zvalue":"12.4","feat_code":"WALK40","source_row_id":"row-mcbs_2bw9-8vyx","shape_len":"174.80511252151655"}},{"type":"Feature","geometry":{"type":"Polygon","coordinates":[[[-61.43258494986156,45.770129244590166],[-61.4329965138413,45.77058853116771],[-61.43297004449939,45.77061517043804],[-61.43243074672315,45.77035394857573],[-61.43258494986156,45.770129244590166]]]},"properties":{"shape_area":"883.7044999909604","feat_desc":"Lake Water polygon","zvalue":"229.7","feat_code":"WALK40","source_row_id":"row-6kfy~5gae-9mzc","shape_len":"148.95334751257525"}},{"type":"Feature","geometry":{"type":"Polygon","coordinates":[[[-61.307159633945545,45.740914497573094],[-61.307256012129216,45.74110269357089],[-61.306923775869215,45.74121973091996],[-61.30683050061121,45.741188285446135],[-61.30673027995523,45.74105493731643],[-61.307159633945545,45.740914497573094]]]},"properties":{"shape_area":"919.7476499920306","feat_desc":"Lake Water polygon","zvalue":"17.72","feat_code":"WALK40","source_row_id":"row-byn4_7qrk~brit","shape_len":"115.68680479791738"}},{"type":"Feature","geometry":{"type":"Polygon","coordinates":[[[-61.31681673525267,45.8675774463194],[-61.316661588946054,45.867765974405074],[-61.31650842410532,45.867675510828704],[-61.316664194141836,45.86725297480633],[-61.3167927455841,45.86726206952255],[-61.31681673525267,45.8675774463194]]]},"properties":{"shape_area":"893.0009420049089","feat_desc":"Lake Water polygon","zvalue":"200.2","feat_code":"WALK40","source_row_id":"row-av6e.39e3~z3mp","shape_len":"136.0969821951252"}},{"type":"Feature","geometry":{"type":"Polygon","coordinates":[[[-61.338211178421155,45.806637884257235],[-61.33832504526367,45.806894261967926],[-61.33802367505134,45.806940371854004],[-61.33780552223335,45.80674161134223],[-61.338211178421155,45.806637884257235]]]},"properties":{"shape_area":"965.1862999996019","feat_desc":"Lake Water polygon","zvalue":"31.85","feat_code":"WALK40","source_row_id":"row-jvs9~fnw7~uxkt","shape_len":"118.45955857017044"}},{"type":"Feature","geometry":{"type":"Polygon","coordinates":[[[-61.22698502949436,45.79532425836316],[-61.22688278920072,45.79509945192503],[-61.227167539495014,45.79472224757962],[-61.22715226637866,45.79532505396233],[-61.22698502949436,45.79532425836316]]]},"properties":{"shape_area":"942.1399154983322","feat_desc":"Lake Water polygon","zvalue":"55.4","feat_code":"WALK40","source_row_id":"row-7ve3_5jgd.kf7i","shape_len":"158.768507588602"}},{"type":"Feature","geometry":{"type":"Polygon","coordinates":[[[-61.49957261516746,45.87232997135704],[-61.499714987771206,45.87240204606651],[-61.499675430726455,45.87248343237734],[-61.49977843596301,45.8725819874136],[-61.499495511426744,45.8727528886431],[-61.49928936735971,45.8726088709662],[-61.49953425816335,45.87251038037585],[-61.49957261516746,45.87232997135704]]]},"properties":{"shape_area":"855.4511453575417","feat_desc":"Lake Water polygon","zvalue":"2.3","feat_code":"WALK40","source_row_id":"row-qwh9.gdhw~fcwz","shape_len":"133.5824437369606"}},{"type":"Feature","geometry":{"type":"Polygon","coordinates":[[[-61.244171123177516,45.921326660545],[-61.24432560659803,45.92133533517052],[-61.24432563006751,45.92141634092339],[-61.244171123177516,45.921326660545]]]},"properties":{"shape_area":"101.23999950082218","feat_desc":"Lake Water polygon","zvalue":"226.4","feat_code":"WALK40","source_row_id":"row-659i~vhft_s56e","shape_len":"40.69897187582572"}},{"type":"Feature","geometry":{"type":"Polygon","coordinates":[[[-61.48232767991736,45.904253280866484],[-61.482378890397754,45.90436106816508],[-61.482366593883015,45.90443380961125],[-61.4822891173519,45.90434367456888],[-61.48232767991736,45.904253280866484]]]},"properties":{"shape_area":"91.68602909900036","feat_desc":"Lake Water polygon","zvalue":"2.9","feat_code":"WALK40","source_row_id":"row-fycd.wrnk.hmp3","shape_len":"45.002874426553845"}},{"type":"Feature","geometry":{"type":"Polygon","coordinates":[[[-61.40203873633836,45.92958691768018],[-61.40181893284567,45.92960544452299],[-61.40183263017118,45.929532731553216],[-61.40203873633836,45.92958691768018]]]},"properties":{"shape_area":"121.30650000043586","feat_desc":"Lake Water polygon","zvalue":"177.9","feat_code":"WALK40","source_row_id":"row-pma3_xwxi.nn4w","shape_len":"48.07311249301885"}},{"type":"Feature","geometry":{"type":"Polygon","coordinates":[[[-61.43820678917232,45.89567242350318],[-61.43820723940431,45.895564422343746],[-61.43828435375396,45.89561858010007],[-61.43820678917232,45.89567242350318]]]},"properties":{"shape_area":"71.35707650211171","feat_desc":"Lake Water polygon","zvalue":"162.7","feat_code":"WALK40","source_row_id":"row-jx9b~ifwj~92h2","shape_len":"35.83167239610227"}},{"type":"Feature","geometry":{"type":"Polygon","coordinates":[[[-61.47874925195246,45.89135013057888],[-61.47890473979837,45.89136750190292],[-61.47891743902802,45.89142167464439],[-61.47874906626446,45.89140413177003],[-61.47874925195246,45.89135013057888]]]},"properties":{"shape_area":"90.51999999993947","feat_desc":"Lake Water polygon","zvalue":"38.1","feat_code":"WALK40","source_row_id":"row-rdrf-a4ve~2urt","shape_len":"39.02634114483804"}},{"type":"Feature","geometry":{"type":"Polygon","coordinates":[[[-61.473972566449056,45.85637385601383],[-61.474062235254024,45.856392155019236],[-61.47402402211638,45.856517653873645],[-61.473972566449056,45.85637385601383]]]},"properties":{"shape_area":"65.86400000492951","feat_desc":"Lake Water polygon","zvalue":"31.8","feat_code":"WALK40","source_row_id":"row-xhzy-j8ge-i5qi","shape_len":"38.45856241216718"}},{"type":"Feature","geometry":{"type":"Polygon","coordinates":[[[-61.47802252526028,45.87411865870639],[-61.478060736024126,45.87418217219973],[-61.477996121637716,45.874236215283446],[-61.477893422816294,45.87412773948161],[-61.47802252526028,45.87411865870639]]]},"properties":{"shape_area":"107.07199999415037","feat_desc":"Lake Water polygon","zvalue":"18.7","feat_code":"WALK40","source_row_id":"row-bshe~xztj~mc5j","shape_len":"41.619118817802516"}},{"type":"Feature","geometry":{"type":"Polygon","coordinates":[[[-61.452847270938406,45.86440272264797],[-61.45292336408814,45.86449285959926],[-61.4528208509203,45.864519373339775],[-61.452847270938406,45.86440272264797]]]},"properties":{"shape_area":"69.50730736974008","feat_desc":"Lake Water polygon","zvalue":"76.1","feat_code":"WALK40","source_row_id":"row-ei8u_9k8y-y8ud","shape_len":"34.92796188850931"}},{"type":"Feature","geometry":{"type":"Polygon","coordinates":[[[-61.41462640766371,45.91921361394033],[-61.41475563096212,45.91924960923522],[-61.414638801096324,45.91932179285375],[-61.41462640766371,45.91921361394033]]]},"properties":{"shape_area":"111.00099999832548","feat_desc":"Lake Water polygon","zvalue":"156.3","feat_code":"WALK40","source_row_id":"row-z2nb_hbyd.bwa6","shape_len":"39.82145811098451"}},{"type":"Feature","geometry":{"type":"Polygon","coordinates":[[[-61.49284993531387,45.8609114693585],[-61.493043247422726,45.8609563225282],[-61.493030246427914,45.861056058289236],[-61.492759642727236,45.86101108546329],[-61.49284993531387,45.8609114693585]]]},"properties":{"shape_area":"257.02999999638644","feat_desc":"Lake Water polygon","zvalue":"7.9","feat_code":"WALK40","source_row_id":"row-2hfc-h24b.kpf6","shape_len":"64.46338668053005"}},{"type":"Feature","geometry":{"type":"Polygon","coordinates":[[[-61.50012690981113,45.87069283336262],[-61.499894675757574,45.87065648186142],[-61.49986922064408,45.87054904001776],[-61.50008787202379,45.87061131959895],[-61.50012690981113,45.87069283336262]]]},"properties":{"shape_area":"266.96172994146406","feat_desc":"Lake Water polygon","zvalue":"2.3","feat_code":"WALK40","source_row_id":"row-p2xp.axa4~fpux","shape_len":"62.85576610962478"}},{"type":"Feature","geometry":{"type":"Polygon","coordinates":[[[-61.45922483594698,45.85995978409017],[-61.45930221494294,45.86004993419496],[-61.45918710403301,45.860113186466286],[-61.459044771383546,45.859996058263064],[-61.45922483594698,45.85995978409017]]]},"properties":{"shape_area":"211.40700000329596","feat_desc":"Lake Water polygon","zvalue":"42.4","feat_code":"WALK40","source_row_id":"row-9jmb-7yyw.mz7x","shape_len":"57.10482807883613"}},{"type":"Feature","geometry":{"type":"Polygon","coordinates":[[[-61.4702778774101,45.9271232505871],[-61.47043214794454,45.927141517026094],[-61.47038026668113,45.927339734796035],[-61.47030283130363,45.92729459531455],[-61.4702778774101,45.9271232505871]]]},"properties":{"shape_area":"230.59800000112318","feat_desc":"Lake Water polygon","zvalue":"38.2","feat_code":"WALK40","source_row_id":"row-86es.cmyb.gug2","shape_len":"64.44455135679779"}},{"type":"Feature","geometry":{"type":"Polygon","coordinates":[[[-61.445902256873175,45.90597864550025],[-61.44591549545822,45.90610483388771],[-61.44577371068563,45.90614970822158],[-61.44578700173745,45.905996878947334],[-61.445902256873175,45.90597864550025]]]},"properties":{"shape_area":"219.7925000013458","feat_desc":"Lake Water polygon","zvalue":"128.9","feat_code":"WALK40","source_row_id":"row-83bp.22mi~drhb","shape_len":"56.38186368232608"}},{"type":"Feature","geometry":{"type":"Polygon","coordinates":[[[-61.36503136657732,45.829024764171734],[-61.36509544734571,45.829078785526825],[-61.365120862467634,45.829178157134976],[-61.3649017962535,45.82909671550793],[-61.36503136657732,45.829024764171734]]]},"properties":{"shape_area":"205.17225801317952","feat_desc":"Lake Water polygon","zvalue":"208.2","feat_code":"WALK40","source_row_id":"row-i2dx_kz8j~2w33","shape_len":"54.70405502106706"}},{"type":"Feature","geometry":{"type":"Polygon","coordinates":[[[-61.43912360662643,45.76377150673848],[-61.438930864231594,45.7636275602574],[-61.43913687170614,45.76361867435139],[-61.43912360662643,45.76377150673848]]]},"properties":{"shape_area":"259.21264349786543","feat_desc":"Lake Water polygon","zvalue":"225.3","feat_code":"WALK40","source_row_id":"row-vvk3~xhac.i8qr","shape_len":"61.86896912305324"}},{"type":"Feature","geometry":{"type":"Polygon","coordinates":[[[-61.48221141062168,45.90482957422613],[-61.48199224282336,45.90482936706599],[-61.481953240688924,45.90479374204114],[-61.4821336885485,45.90474843641289],[-61.48221141062168,45.90482957422613]]]},"properties":{"shape_area":"143.47978899068488","feat_desc":"Lake Water polygon","zvalue":"2.9","feat_code":"WALK40","source_row_id":"row-eubj_na82.85t2","shape_len":"50.78141065632977"}},{"type":"Feature","geometry":{"type":"Polygon","coordinates":[[[-61.50066212962906,45.872173983159485],[-61.50065422839546,45.872069647595914],[-61.500706258140646,45.8720514335831],[-61.50079675802544,45.87223173388212],[-61.50066212962906,45.872173983159485]]]},"properties":{"shape_area":"151.44159116765306","feat_desc":"Lake Water polygon","zvalue":"2.3","feat_code":"WALK40","source_row_id":"row-chiu~ys8i-39z4","shape_len":"53.14955242136084"}},{"type":"Feature","geometry":{"type":"Polygon","coordinates":[[[-61.4930658741106,45.891909794991214],[-61.49310462505823,45.8919544045916],[-61.493078096276534,45.892125066230214],[-61.492936388601215,45.892026890518956],[-61.4930658741106,45.891909794991214]]]},"properties":{"shape_area":"182.46852432531784","feat_desc":"Lake Water polygon","zvalue":"0.6","feat_code":"WALK40","source_row_id":"row-fgbf_7hep~fgnr","shape_len":"58.28325243806053"}},{"type":"Feature","geometry":{"type":"Polygon","coordinates":[[[-61.50070667924673,45.87170041428026],[-61.50077069936874,45.87176335882363],[-61.50077085583315,45.871853362743984],[-61.50061632872881,45.87175413241591],[-61.50070667924673,45.87170041428026]]]},"properties":{"shape_area":"158.5762600012573","feat_desc":"Lake Water polygon","zvalue":"2.3","feat_code":"WALK40","source_row_id":"row-akqs.6sw9_6rqs","shape_len":"48.64272463074759"}},{"type":"Feature","geometry":{"type":"Polygon","coordinates":[[[-61.36783389187862,45.83185949016411],[-61.36806159164316,45.83186281527115],[-61.36809993788689,45.83191646726913],[-61.36803579480585,45.8319524538539],[-61.36783389187862,45.83185949016411]]]},"properties":{"shape_area":"148.46698999524764","feat_desc":"Lake Water polygon","zvalue":"206.0","feat_code":"WALK40","source_row_id":"row-qpgj-xshx.6asq","shape_len":"52.18025102126324"}},{"type":"Feature","geometry":{"type":"Polygon","coordinates":[[[-61.49957343734726,45.87057575792456],[-61.49964961500943,45.87066586469516],[-61.49953398931179,45.870701248770516],[-61.49949492829525,45.870620630062085],[-61.49957343734726,45.87057575792456]]]},"properties":{"shape_area":"131.43096935420135","feat_desc":"Lake Water polygon","zvalue":"2.3","feat_code":"WALK40","source_row_id":"row-i962-he2c-uitf","shape_len":"41.867140814978214"}},{"type":"Feature","geometry":{"type":"Polygon","coordinates":[[[-61.4517730735617,45.86912611226806],[-61.45179897350592,45.86926057289614],[-61.451516211209615,45.869189235752216],[-61.45152882729994,45.86915250410268],[-61.4517730735617,45.86912611226806]]]},"properties":{"shape_area":"302.6115000149738","feat_desc":"Lake Water polygon","zvalue":"79.5","feat_code":"WALK40","source_row_id":"row-ek7v-7sbn~u63t","shape_len":"67.76122597990118"}},{"type":"Feature","geometry":{"type":"Polygon","coordinates":[[[-61.228180225473196,45.7930299897721],[-61.22824447317578,45.79323242391841],[-61.22811743219874,45.79327160488314],[-61.22804745757095,45.79304081035868],[-61.228180225473196,45.7930299897721]]]},"properties":{"shape_area":"342.37104950926573","feat_desc":"Lake Water polygon","zvalue":"51.7","feat_code":"WALK40","source_row_id":"row-unx9.yrra_exbp","shape_len":"73.51965029034744"}},{"type":"Feature","geometry":{"type":"Polygon","coordinates":[[[-61.44106695144342,45.895772691465375],[-61.441248209593205,45.895790465692706],[-61.44122146532982,45.89591700938039],[-61.440989982446865,45.895943552796695],[-61.44106695144342,45.895772691465375]]]},"properties":{"shape_area":"291.8660000063489","feat_desc":"Lake Water polygon","zvalue":"143.3","feat_code":"WALK40","source_row_id":"row-nwq8~3kk4.i86i","shape_len":"69.0482419707438"}},{"type":"Feature","geometry":{"type":"Polygon","coordinates":[[[-61.298242796340524,45.78636592309514],[-61.298461214493386,45.78637547745011],[-61.29849929720239,45.786519157226344],[-61.298319373603626,45.78655518034985],[-61.298242796340524,45.78636592309514]]]},"properties":{"shape_area":"372.9595000081807","feat_desc":"Lake Water polygon","zvalue":"107.2","feat_code":"WALK40","source_row_id":"row-8erd~4qe9_e6nn","shape_len":"73.1886164599975"}},{"type":"Feature","geometry":{"type":"Polygon","coordinates":[[[-61.253379612682316,45.87996502451851],[-61.25354722656558,45.879920783705],[-61.25370148632242,45.880056351650055],[-61.25357193749139,45.880119175939875],[-61.253379612682316,45.87996502451851]]]},"properties":{"shape_area":"329.22196649998017","feat_desc":"Lake Water polygon","zvalue":"18.2","feat_code":"WALK40","source_row_id":"row-wfbd_rhsn-duqa","shape_len":"72.28328933806422"}},{"type":"Feature","geometry":{"type":"Polygon","coordinates":[[[-61.36572391659123,45.82995274707034],[-61.36582710215584,45.83007843308779],[-61.365556111858844,45.83023116856897],[-61.36563374116505,45.830042364173586],[-61.36572391659123,45.82995274707034]]]},"properties":{"shape_area":"364.56850001068426","feat_desc":"Lake Water polygon","zvalue":"207.4","feat_code":"WALK40","source_row_id":"row-cp88~v893_f8p6","shape_len":"80.79416439262855"}},{"type":"Feature","geometry":{"type":"Polygon","coordinates":[[[-61.210326954666414,45.87210801927907],[-61.21049385604547,45.87212683517013],[-61.21049367623564,45.87225284179638],[-61.21032604045415,45.872297019120985],[-61.210326954666414,45.87210801927907]]]},"properties":{"shape_area":"299.3483159986089","feat_desc":"Lake Water polygon","zvalue":"31.2","feat_code":"WALK40","source_row_id":"row-v69v.3f2k~f9me","shape_len":"65.68436854206078"}}]}
